{"data":[{"union_rowno":2,"row":1,"routeno":"600-C","responsecode":200,"routeparentid":3540},{"union_rowno":2,"row":4,"routeno":"600-CA","responsecode":200,"routeparentid":2704},{"union_rowno":2,"row":6,"routeno":"600-CA ANK-CSB","responsecode":200,"routeparentid":7018},{"union_rowno":2,"row":8,"routeno":"600CA CSB-ELC A","responsecode":200,"routeparentid":7012},{"union_rowno":2,"row":9,"routeno":"600CA ELC A-ANK","responsecode":200,"routeparentid":7013},{"union_rowno":2,"row":12,"routeno":"600-CB","responsecode":200,"routeparentid":4445},{"union_rowno":2,"row":13,"routeno":"600-CF","responsecode":200,"routeparentid":3463},{"union_rowno":2,"row":15,"routeno":"600-CF UFLY","responsecode":200,"routeparentid":3479},{"union_rowno":2,"row":18,"routeno":"600-CH","responsecode":200,"routeparentid":1791},{"union_rowno":2,"row":20,"routeno":"600-CK","responsecode":200,"routeparentid":1790},{"union_rowno":2,"row":21,"routeno":"600-D","responsecode":200,"routeparentid":4837},{"union_rowno":2,"row":24,"routeno":"600-F","responsecode":200,"routeparentid":1508},{"union_rowno":2,"row":25,"routeno":"600-F ATB-BSK-VLS","responsecode":200,"routeparentid":5194},{"union_rowno":2,"row":27,"routeno":"600-F ATB-KRM","responsecode":200,"routeparentid":2739},{"union_rowno":2,"row":30,"routeno":"600-F BEML5-ATB","responsecode":200,"routeparentid":2689},{"union_rowno":2,"row":32,"routeno":"600-F BSK-BOMC","responsecode":200,"routeparentid":6321},{"union_rowno":2,"row":34,"routeno":"600-F BSK-D32","responsecode":200,"routeparentid":6117},{"union_rowno":2,"row":36,"routeno":"600-F BSK-OMC","responsecode":200,"routeparentid":2695},{"union_rowno":2,"row":37,"routeno":"600-F CPR-NDH-BEML5","responsecode":200,"routeparentid":2793},{"union_rowno":2,"row":39,"routeno":"600-F D38G-BSK","responsecode":200,"routeparentid":5342},{"union_rowno":2,"row":42,"routeno":"600-F FLYOVER","responsecode":200,"routeparentid":1509},{"union_rowno":2,"row":43,"routeno":"600-F JBS-ELCW","responsecode":200,"routeparentid":6131},{"union_rowno":2,"row":46,"routeno":"600-F SGH-ATB","responsecode":200,"routeparentid":7303},{"union_rowno":2,"row":48,"routeno":"600-FA","responsecode":200,"routeparentid":5569},{"union_rowno":2,"row":50,"routeno":"600-FC","responsecode":200,"routeparentid":2710},{"union_rowno":2,"row":51,"routeno":"600-FC BEML5-JGNAPC","responsecode":200,"routeparentid":2714},{"union_rowno":2,"row":53,"routeno":"600-FC D27-JAPC","responsecode":200,"routeparentid":5132},{"union_rowno":2,"row":56,"routeno":"600-FD","responsecode":200,"routeparentid":1254},{"union_rowno":2,"row":57,"routeno":"600-G","responsecode":200,"routeparentid":3611},{"union_rowno":2,"row":60,"routeno":"600-G ATB-ISRLO","responsecode":200,"routeparentid":3621},{"union_rowno":2,"row":61,"routeno":"600-KB","responsecode":200,"routeparentid":2562},{"union_rowno":2,"row":64,"routeno":"600-KB CLO-ELCW","responsecode":200,"routeparentid":7728},{"union_rowno":2,"row":66,"routeno":"600-KD","responsecode":200,"routeparentid":3644},{"union_rowno":2,"row":68,"routeno":"600-QA","responsecode":200,"routeparentid":2143},{"union_rowno":2,"row":70,"routeno":"606","responsecode":200,"routeparentid":3743},{"union_rowno":2,"row":72,"routeno":"60-A","responsecode":200,"routeparentid":7473},{"union_rowno":2,"row":73,"routeno":"60-A CLO-MRNH","responsecode":200,"routeparentid":2923},{"union_rowno":2,"row":76,"routeno":"60-A MRNB-VTN","responsecode":200,"routeparentid":7361},{"union_rowno":2,"row":78,"routeno":"60-A VPS-MRH","responsecode":200,"routeparentid":4210},{"union_rowno":2,"row":79,"routeno":"60-A VTTMC-MRB","responsecode":200,"routeparentid":2827},{"union_rowno":2,"row":81,"routeno":"60A-MDP-NBC","responsecode":200,"routeparentid":7608},{"union_rowno":2,"row":83,"routeno":"60-E","responsecode":200,"routeparentid":2870},{"union_rowno":2,"row":86,"routeno":"60-E BRVN-KVN","responsecode":200,"routeparentid":6816},{"union_rowno":2,"row":88,"routeno":"60-E CLO-BTM","responsecode":200,"routeparentid":2936},{"union_rowno":2,"row":89,"routeno":"60-J","responsecode":200,"routeparentid":6071},{"union_rowno":2,"row":91,"routeno":"60-J CLO-1BKRM","responsecode":200,"routeparentid":4158},{"union_rowno":2,"row":93,"routeno":"60-J VJN-KRM1","responsecode":200,"routeparentid":4166},{"union_rowno":2,"row":96,"routeno":"60-L","responsecode":200,"routeparentid":2894},{"union_rowno":2,"row":97,"routeno":"61-A","responsecode":200,"routeparentid":1303},{"union_rowno":2,"row":99,"routeno":"61-C","responsecode":200,"routeparentid":3758},{"union_rowno":2,"row":101,"routeno":"61-C DPJN-BCCLO","responsecode":200,"routeparentid":3759},{"union_rowno":2,"row":104,"routeno":"61-F","responsecode":200,"routeparentid":4168},{"union_rowno":2,"row":106,"routeno":"61-J","responsecode":200,"routeparentid":3670},{"union_rowno":2,"row":107,"routeno":"61-M","responsecode":200,"routeparentid":3671},{"union_rowno":2,"row":109,"routeno":"63","responsecode":200,"routeparentid":3820},{"union_rowno":2,"row":112,"routeno":"63-B","responsecode":200,"routeparentid":4274},{"union_rowno":2,"row":114,"routeno":"63-C","responsecode":200,"routeparentid":3765},{"union_rowno":2,"row":115,"routeno":"63-C DPJN-SBS","responsecode":200,"routeparentid":3766},{"union_rowno":2,"row":117,"routeno":"63 SBS-CLO-AIT","responsecode":200,"routeparentid":5405},{"union_rowno":2,"row":120,"routeno":"63 SBS-MRBS","responsecode":200,"routeparentid":7101},{"union_rowno":2,"row":122,"routeno":"66 D31G-SBS","responsecode":200,"routeparentid":4233},{"union_rowno":2,"row":123,"routeno":"68","responsecode":200,"routeparentid":4254},{"union_rowno":3,"row":1,"routeno":"126","responsecode":200,"routeparentid":1758},{"union_rowno":3,"row":2,"routeno":"138 D6G-JBN","responsecode":200,"routeparentid":1742},{"union_rowno":3,"row":3,"routeno":"139 D6G-HLS-JBN","responsecode":200,"routeparentid":6759},{"union_rowno":3,"row":4,"routeno":"139 SBS-KFC-D6G","responsecode":200,"routeparentid":6319},{"union_rowno":3,"row":5,"routeno":"143 D6G-NSR","responsecode":200,"routeparentid":5396},{"union_rowno":3,"row":6,"routeno":"144-E D6G-KFC-NRG","responsecode":200,"routeparentid":6124},{"union_rowno":3,"row":7,"routeno":"146","responsecode":200,"routeparentid":3348},{"union_rowno":3,"row":8,"routeno":"146-B","responsecode":200,"routeparentid":6675},{"union_rowno":3,"row":9,"routeno":"146-B KBS-SNL-KRM","responsecode":200,"routeparentid":6757},{"union_rowno":3,"row":10,"routeno":"146-F","responsecode":200,"routeparentid":1670},{"union_rowno":3,"row":11,"routeno":"161-D SBS-BTMS","responsecode":200,"routeparentid":5637},{"union_rowno":3,"row":12,"routeno":"163-A","responsecode":200,"routeparentid":3275},{"union_rowno":3,"row":13,"routeno":"163-C","responsecode":200,"routeparentid":6476},{"union_rowno":3,"row":14,"routeno":"164","responsecode":200,"routeparentid":1664},{"union_rowno":3,"row":15,"routeno":"166","responsecode":200,"routeparentid":5641},{"union_rowno":3,"row":16,"routeno":"168-A","responsecode":200,"routeparentid":2129},{"union_rowno":3,"row":17,"routeno":"168-D","responsecode":200,"routeparentid":1762},{"union_rowno":3,"row":18,"routeno":"168-D KBS-SJWA","responsecode":200,"routeparentid":7504},{"union_rowno":3,"row":19,"routeno":"168-D VSD","responsecode":200,"routeparentid":2111},{"union_rowno":3,"row":20,"routeno":"168-E KBS-VSD-JBN","responsecode":200,"routeparentid":1763},{"union_rowno":3,"row":21,"routeno":"169","responsecode":200,"routeparentid":1764},{"union_rowno":3,"row":22,"routeno":"176","responsecode":200,"routeparentid":1567},{"union_rowno":3,"row":23,"routeno":"176-A","responsecode":200,"routeparentid":1573},{"union_rowno":3,"row":24,"routeno":"176-CA","responsecode":200,"routeparentid":1767},{"union_rowno":3,"row":25,"routeno":"176 CLO-KVB","responsecode":200,"routeparentid":1571},{"union_rowno":3,"row":26,"routeno":"176-E","responsecode":200,"routeparentid":1768},{"union_rowno":3,"row":27,"routeno":"176-E KBR-DPN","responsecode":200,"routeparentid":5768},{"union_rowno":3,"row":28,"routeno":"176 HPN-RGH","responsecode":200,"routeparentid":6932},{"union_rowno":3,"row":29,"routeno":"201 D06G-DMR","responsecode":200,"routeparentid":3503},{"union_rowno":3,"row":30,"routeno":"201 D6-BSK","responsecode":200,"routeparentid":6480},{"union_rowno":3,"row":31,"routeno":"201 D6-TMS-KRM","responsecode":200,"routeparentid":6481},{"union_rowno":3,"row":32,"routeno":"201-G D6G-BSK","responsecode":200,"routeparentid":1800},{"union_rowno":3,"row":33,"routeno":"201-Q D6G-CSB","responsecode":200,"routeparentid":6758},{"union_rowno":3,"row":34,"routeno":"215-H D-34-JPN6","responsecode":200,"routeparentid":2868},{"union_rowno":3,"row":35,"routeno":"216","responsecode":200,"routeparentid":2274},{"union_rowno":3,"row":36,"routeno":"216-A","responsecode":200,"routeparentid":2285},{"union_rowno":3,"row":37,"routeno":"216-B","responsecode":200,"routeparentid":2289},{"union_rowno":3,"row":38,"routeno":"226","responsecode":200,"routeparentid":1232},{"union_rowno":3,"row":39,"routeno":"226-A","responsecode":200,"routeparentid":1233},{"union_rowno":3,"row":40,"routeno":"226-B","responsecode":200,"routeparentid":1234},{"union_rowno":3,"row":41,"routeno":"226-C","responsecode":200,"routeparentid":1235},{"union_rowno":3,"row":42,"routeno":"226-C BNKP-KMT","responsecode":200,"routeparentid":1471},{"union_rowno":3,"row":43,"routeno":"226-D","responsecode":200,"routeparentid":1237},{"union_rowno":3,"row":44,"routeno":"226-E","responsecode":200,"routeparentid":1236},{"union_rowno":3,"row":45,"routeno":"226-E KMT-CGD-BDD","responsecode":200,"routeparentid":7802},{"union_rowno":3,"row":46,"routeno":"226-F","responsecode":200,"routeparentid":1239},{"union_rowno":3,"row":47,"routeno":"226-G","responsecode":200,"routeparentid":1238},{"union_rowno":3,"row":48,"routeno":"226-H","responsecode":200,"routeparentid":1240},{"union_rowno":3,"row":49,"routeno":"226-J","responsecode":200,"routeparentid":1241},{"union_rowno":3,"row":50,"routeno":"226-K","responsecode":200,"routeparentid":1242},{"union_rowno":3,"row":51,"routeno":"226-K KMT-KRNHL","responsecode":200,"routeparentid":1832},{"union_rowno":3,"row":52,"routeno":"226-K KMT-PRSP","responsecode":200,"routeparentid":6869},{"union_rowno":3,"row":53,"routeno":"226-L","responsecode":200,"routeparentid":1243},{"union_rowno":3,"row":54,"routeno":"226-M","responsecode":200,"routeparentid":1134},{"union_rowno":3,"row":55,"routeno":"226-M BDD-MRBS","responsecode":200,"routeparentid":7755},{"union_rowno":3,"row":56,"routeno":"226-M BDD-SNBS","responsecode":200,"routeparentid":1301},{"union_rowno":3,"row":57,"routeno":"226-MA","responsecode":200,"routeparentid":1244},{"union_rowno":3,"row":58,"routeno":"226-MA KMT-IFC","responsecode":200,"routeparentid":5321},{"union_rowno":3,"row":59,"routeno":"226-MB","responsecode":200,"routeparentid":1245},{"union_rowno":3,"row":60,"routeno":"226-N","responsecode":200,"routeparentid":1133},{"union_rowno":3,"row":61,"routeno":"226-N KBS-AVG","responsecode":200,"routeparentid":1314},{"union_rowno":3,"row":62,"routeno":"226-N KRBL-BDD","responsecode":200,"routeparentid":1284},{"union_rowno":3,"row":63,"routeno":"226-N VSD","responsecode":200,"routeparentid":1311},{"union_rowno":3,"row":64,"routeno":"226-NA","responsecode":200,"routeparentid":1246},{"union_rowno":3,"row":65,"routeno":"226-P","responsecode":200,"routeparentid":1315},{"union_rowno":3,"row":66,"routeno":"226-Q","responsecode":200,"routeparentid":7157},{"union_rowno":3,"row":67,"routeno":"226-R","responsecode":200,"routeparentid":1316},{"union_rowno":3,"row":68,"routeno":"226-S","responsecode":200,"routeparentid":1318},{"union_rowno":3,"row":69,"routeno":"226-S BDD-ANCP","responsecode":200,"routeparentid":6868},{"union_rowno":3,"row":70,"routeno":"226-SB","responsecode":200,"routeparentid":1319},{"union_rowno":3,"row":71,"routeno":"226-T","responsecode":200,"routeparentid":1320},{"union_rowno":3,"row":72,"routeno":"226-U","responsecode":200,"routeparentid":1321},{"union_rowno":3,"row":73,"routeno":"226-V","responsecode":200,"routeparentid":1322},{"union_rowno":3,"row":74,"routeno":"226-V KBS-HGH","responsecode":200,"routeparentid":1473},{"union_rowno":3,"row":75,"routeno":"226-V KMT-KGH","responsecode":200,"routeparentid":6385},{"union_rowno":3,"row":76,"routeno":"226-V TRD-KBS","responsecode":200,"routeparentid":6888},{"union_rowno":3,"row":77,"routeno":"226-VA","responsecode":200,"routeparentid":1323},{"union_rowno":3,"row":78,"routeno":"226-VB","responsecode":200,"routeparentid":1335},{"union_rowno":3,"row":79,"routeno":"226-VC","responsecode":200,"routeparentid":7830},{"union_rowno":3,"row":80,"routeno":"226-Y","responsecode":200,"routeparentid":1337},{"union_rowno":3,"row":81,"routeno":"226-YA","responsecode":200,"routeparentid":1338},{"union_rowno":3,"row":82,"routeno":"231-A D36G-AVG","responsecode":200,"routeparentid":5635},{"union_rowno":3,"row":83,"routeno":"231-J D36G-GDH","responsecode":200,"routeparentid":1452},{"union_rowno":3,"row":84,"routeno":"246","responsecode":200,"routeparentid":4749},{"union_rowno":3,"row":85,"routeno":"256-B","responsecode":200,"routeparentid":3283},{"union_rowno":3,"row":86,"routeno":"256-C","responsecode":200,"routeparentid":2641},{"union_rowno":3,"row":87,"routeno":"256-C PSS-TAT","responsecode":200,"routeparentid":3292},{"union_rowno":3,"row":88,"routeno":"256 CNS SVN-VRP","responsecode":200,"routeparentid":6160},{"union_rowno":3,"row":89,"routeno":"256-F","responsecode":200,"routeparentid":2644},{"union_rowno":3,"row":90,"routeno":"256-F HGV-DSP-NMG","responsecode":200,"routeparentid":4920},{"union_rowno":3,"row":91,"routeno":"256 KMT-SVP","responsecode":200,"routeparentid":3400},{"union_rowno":3,"row":92,"routeno":"256-M","responsecode":200,"routeparentid":3297},{"union_rowno":3,"row":93,"routeno":"256-MA","responsecode":200,"routeparentid":2646},{"union_rowno":3,"row":94,"routeno":"256-MB","responsecode":200,"routeparentid":3305},{"union_rowno":3,"row":95,"routeno":"256-MB YTTMC-KDH","responsecode":200,"routeparentid":7708},{"union_rowno":3,"row":96,"routeno":"256MB KBS-KDH","responsecode":200,"routeparentid":7700},{"union_rowno":3,"row":97,"routeno":"261","responsecode":200,"routeparentid":2777},{"union_rowno":3,"row":98,"routeno":"263","responsecode":200,"routeparentid":2195},{"union_rowno":3,"row":99,"routeno":"263-A","responsecode":200,"routeparentid":3526},{"union_rowno":3,"row":100,"routeno":"263-B","responsecode":200,"routeparentid":7806},{"union_rowno":3,"row":101,"routeno":"263-B GNP-KBS","responsecode":200,"routeparentid":7807},{"union_rowno":3,"row":102,"routeno":"263-C","responsecode":200,"routeparentid":3564},{"union_rowno":3,"row":103,"routeno":"263-C ASK-KMSD","responsecode":200,"routeparentid":3667},{"union_rowno":3,"row":104,"routeno":"263-E","responsecode":200,"routeparentid":3571},{"union_rowno":3,"row":105,"routeno":"263-G","responsecode":200,"routeparentid":2213},{"union_rowno":3,"row":106,"routeno":"263 KBS-KMS","responsecode":200,"routeparentid":6986},{"union_rowno":3,"row":107,"routeno":"263 KMT-NLGH-GGNH","responsecode":200,"routeparentid":3579},{"union_rowno":3,"row":108,"routeno":"263-R","responsecode":200,"routeparentid":3525},{"union_rowno":3,"row":109,"routeno":"263-R KMT-KDRH-KMS","responsecode":200,"routeparentid":6987},{"union_rowno":3,"row":110,"routeno":"264-A","responsecode":200,"routeparentid":3604},{"union_rowno":3,"row":111,"routeno":"265","responsecode":200,"routeparentid":1607},{"union_rowno":3,"row":112,"routeno":"265-A","responsecode":200,"routeparentid":2191},{"union_rowno":3,"row":113,"routeno":"265-A PSS-TEPL","responsecode":200,"routeparentid":3951},{"union_rowno":3,"row":114,"routeno":"265-A TEPL-KBS","responsecode":200,"routeparentid":5713},{"union_rowno":3,"row":115,"routeno":"265-B","responsecode":200,"routeparentid":3619},{"union_rowno":3,"row":116,"routeno":"265-D PSS-VGN","responsecode":200,"routeparentid":3629},{"union_rowno":3,"row":117,"routeno":"265-D SBS-VSD-VGN","responsecode":200,"routeparentid":3638},{"union_rowno":3,"row":118,"routeno":"265-E","responsecode":200,"routeparentid":3640},{"union_rowno":3,"row":119,"routeno":"266","responsecode":200,"routeparentid":2210},{"union_rowno":3,"row":120,"routeno":"266-A","responsecode":200,"routeparentid":4146},{"union_rowno":3,"row":121,"routeno":"266-A D45G-MKTR","responsecode":200,"routeparentid":4149},{"union_rowno":3,"row":122,"routeno":"266-B","responsecode":200,"routeparentid":4152},{"union_rowno":3,"row":123,"routeno":"266-C","responsecode":200,"routeparentid":4157},{"union_rowno":3,"row":124,"routeno":"266-C D45-KKL","responsecode":200,"routeparentid":4160},{"union_rowno":3,"row":125,"routeno":"266-C KKL-KBS","responsecode":200,"routeparentid":4162},{"union_rowno":3,"row":126,"routeno":"266-D","responsecode":200,"routeparentid":2208},{"union_rowno":3,"row":127,"routeno":"266-D HGV-KBS","responsecode":200,"routeparentid":4302},{"union_rowno":3,"row":128,"routeno":"266 D45-KGH","responsecode":200,"routeparentid":4298},{"union_rowno":3,"row":129,"routeno":"266 D45-NGM-IDF","responsecode":200,"routeparentid":3650},{"union_rowno":3,"row":130,"routeno":"266 D45G-MSP-KMT","responsecode":200,"routeparentid":2610},{"union_rowno":3,"row":131,"routeno":"266 D45G-SVK-HSG","responsecode":200,"routeparentid":6626},{"union_rowno":3,"row":132,"routeno":"266-E","responsecode":200,"routeparentid":4169},{"union_rowno":3,"row":133,"routeno":"266-E KBS-MGH","responsecode":200,"routeparentid":4360},{"union_rowno":3,"row":134,"routeno":"266-F","responsecode":200,"routeparentid":4174},{"union_rowno":3,"row":135,"routeno":"266-F GNA-KBS","responsecode":200,"routeparentid":4176},{"union_rowno":3,"row":136,"routeno":"266-G","responsecode":200,"routeparentid":4196},{"union_rowno":3,"row":137,"routeno":"266-G D45-MTGHL","responsecode":200,"routeparentid":4207},{"union_rowno":3,"row":138,"routeno":"266-G YTTMC-MTGH","responsecode":200,"routeparentid":4211},{"union_rowno":3,"row":139,"routeno":"266 HGV-MTK-SBS","responsecode":200,"routeparentid":6839},{"union_rowno":3,"row":140,"routeno":"266-J","responsecode":200,"routeparentid":4212},{"union_rowno":3,"row":141,"routeno":"266-K","responsecode":200,"routeparentid":4155},{"union_rowno":3,"row":142,"routeno":"266-K D45-MDPH","responsecode":200,"routeparentid":4154},{"union_rowno":3,"row":143,"routeno":"266 KBS-HGV","responsecode":200,"routeparentid":4142},{"union_rowno":3,"row":144,"routeno":"266 KMT-VSD-HGV","responsecode":200,"routeparentid":3678},{"union_rowno":3,"row":145,"routeno":"266-M","responsecode":200,"routeparentid":4215},{"union_rowno":3,"row":146,"routeno":"266-M D45-KDSH","responsecode":200,"routeparentid":4217},{"union_rowno":3,"row":147,"routeno":"266-N","responsecode":200,"routeparentid":4221},{"union_rowno":3,"row":148,"routeno":"266-N KMT-MLPH","responsecode":200,"routeparentid":4365},{"union_rowno":3,"row":149,"routeno":"266-Q","responsecode":200,"routeparentid":2204},{"union_rowno":3,"row":150,"routeno":"266-Q KMT-LXP","responsecode":200,"routeparentid":5136},{"union_rowno":3,"row":151,"routeno":"266-R","responsecode":200,"routeparentid":6599},{"union_rowno":3,"row":152,"routeno":"266-R D45-JKBN","responsecode":200,"routeparentid":6601},{"union_rowno":3,"row":153,"routeno":"266-R JKBN-KBS","responsecode":200,"routeparentid":6602},{"union_rowno":3,"row":154,"routeno":"266-T","responsecode":200,"routeparentid":2194},{"union_rowno":3,"row":155,"routeno":"266-T D45-LXP","responsecode":200,"routeparentid":4232},{"union_rowno":3,"row":156,"routeno":"267","responsecode":200,"routeparentid":6999},{"union_rowno":3,"row":157,"routeno":"267-A","responsecode":200,"routeparentid":7074},{"union_rowno":3,"row":158,"routeno":"267-A D45G-HSG","responsecode":200,"routeparentid":7076},{"union_rowno":3,"row":159,"routeno":"267-A SBS-D45G","responsecode":200,"routeparentid":7075},{"union_rowno":3,"row":160,"routeno":"268","responsecode":200,"routeparentid":2207},{"union_rowno":3,"row":161,"routeno":"269","responsecode":200,"routeparentid":4248},{"union_rowno":3,"row":162,"routeno":"269-A","responsecode":200,"routeparentid":4262},{"union_rowno":3,"row":163,"routeno":"269-A KMT-RCP-VRP","responsecode":200,"routeparentid":4260},{"union_rowno":3,"row":164,"routeno":"269-B","responsecode":200,"routeparentid":4253},{"union_rowno":3,"row":165,"routeno":"269-B KBS-RCP-D45","responsecode":200,"routeparentid":4264},{"union_rowno":3,"row":166,"routeno":"276","responsecode":200,"routeparentid":2105},{"union_rowno":3,"row":167,"routeno":"276-A","responsecode":200,"routeparentid":2527},{"union_rowno":3,"row":168,"routeno":"276-A SBS-BELF","responsecode":200,"routeparentid":6896},{"union_rowno":3,"row":169,"routeno":"276-A SBS-VRP-D45","responsecode":200,"routeparentid":2556},{"union_rowno":3,"row":170,"routeno":"276-AB","responsecode":200,"routeparentid":2528},{"union_rowno":3,"row":171,"routeno":"276-B","responsecode":200,"routeparentid":2530},{"union_rowno":3,"row":172,"routeno":"276-B D45G-VPP","responsecode":200,"routeparentid":2565},{"union_rowno":3,"row":173,"routeno":"276 BELF-KBS","responsecode":200,"routeparentid":6915},{"union_rowno":3,"row":174,"routeno":"276-C","responsecode":200,"routeparentid":2533},{"union_rowno":3,"row":175,"routeno":"276 D45-VRP-KBS","responsecode":200,"routeparentid":2107},{"union_rowno":3,"row":176,"routeno":"276 D45-VRP-KMT","responsecode":200,"routeparentid":3673},{"union_rowno":3,"row":177,"routeno":"276-E","responsecode":200,"routeparentid":6275},{"union_rowno":3,"row":178,"routeno":"276-E KMT-MTK-VRP-D45","responsecode":200,"routeparentid":6308},{"union_rowno":3,"row":179,"routeno":"276-E SBS-D45G","responsecode":200,"routeparentid":2601},{"union_rowno":3,"row":180,"routeno":"276-F","responsecode":200,"routeparentid":2534},{"union_rowno":3,"row":181,"routeno":"276-F KBS-YSTF","responsecode":200,"routeparentid":6656},{"union_rowno":3,"row":182,"routeno":"276-F KMT-YHKOT","responsecode":200,"routeparentid":6288},{"union_rowno":3,"row":183,"routeno":"276 KBS-BELF","responsecode":200,"routeparentid":4995},{"union_rowno":3,"row":184,"routeno":"276 KBS-MSP-D45G","responsecode":200,"routeparentid":2568},{"union_rowno":3,"row":185,"routeno":"276 KBS-PTH","responsecode":200,"routeparentid":2106},{"union_rowno":3,"row":186,"routeno":"276 KBS-VRP-D45G","responsecode":200,"routeparentid":4204},{"union_rowno":3,"row":187,"routeno":"276 KBS-VRP-MSP","responsecode":200,"routeparentid":5090},{"union_rowno":3,"row":188,"routeno":"276-N","responsecode":200,"routeparentid":2542},{"union_rowno":3,"row":189,"routeno":"276 PTH-VRP-KBS","responsecode":200,"routeparentid":2835},{"union_rowno":3,"row":190,"routeno":"276 SNBS-VRP","responsecode":200,"routeparentid":3260},{"union_rowno":3,"row":191,"routeno":"276 VSD","responsecode":200,"routeparentid":2109},{"union_rowno":3,"row":192,"routeno":"276 VSD-MKC-VRP-MSP","responsecode":200,"routeparentid":7692},{"union_rowno":3,"row":193,"routeno":"285-MJ  D46G-JKR","responsecode":200,"routeparentid":6354},{"union_rowno":3,"row":194,"routeno":"286","responsecode":200,"routeparentid":1268},{"union_rowno":3,"row":195,"routeno":"286-A","responsecode":200,"routeparentid":1534},{"union_rowno":3,"row":196,"routeno":"286-AA","responsecode":200,"routeparentid":1535},{"union_rowno":3,"row":197,"routeno":"286-AB CVB-SVN","responsecode":200,"routeparentid":2455},{"union_rowno":3,"row":198,"routeno":"286-AB PTML-SVN","responsecode":200,"routeparentid":2453},{"union_rowno":3,"row":199,"routeno":"286-B","responsecode":200,"routeparentid":1540},{"union_rowno":3,"row":200,"routeno":"286-C","responsecode":200,"routeparentid":7125},{"union_rowno":3,"row":201,"routeno":"286-D","responsecode":200,"routeparentid":1513},{"union_rowno":3,"row":202,"routeno":"286-D PTH-SRP","responsecode":200,"routeparentid":1514},{"union_rowno":3,"row":203,"routeno":"286-D SRP-KBS","responsecode":200,"routeparentid":1543},{"union_rowno":3,"row":204,"routeno":"286-E","responsecode":200,"routeparentid":1515},{"union_rowno":3,"row":205,"routeno":"286-E PTH-SVKTN","responsecode":200,"routeparentid":1516},{"union_rowno":3,"row":206,"routeno":"286-E SVKTN-KBS","responsecode":200,"routeparentid":1517},{"union_rowno":3,"row":207,"routeno":"286-F","responsecode":200,"routeparentid":3918},{"union_rowno":3,"row":208,"routeno":"286-F D48G-KNP","responsecode":200,"routeparentid":4729},{"union_rowno":3,"row":209,"routeno":"286-F KBS-VSD-KNP","responsecode":200,"routeparentid":6267},{"union_rowno":3,"row":210,"routeno":"286-F VSD-KNP","responsecode":200,"routeparentid":4313},{"union_rowno":3,"row":211,"routeno":"286-G","responsecode":200,"routeparentid":1518},{"union_rowno":3,"row":212,"routeno":"286-G KMT-KBS-JKR","responsecode":200,"routeparentid":1519},{"union_rowno":3,"row":213,"routeno":"286-H","responsecode":200,"routeparentid":1520},{"union_rowno":3,"row":214,"routeno":"286-K","responsecode":200,"routeparentid":3923},{"union_rowno":3,"row":215,"routeno":"286-K SNBS-SBS-HBLB","responsecode":200,"routeparentid":1045},{"union_rowno":3,"row":216,"routeno":"286 KMT-DSKN","responsecode":200,"routeparentid":1269},{"union_rowno":3,"row":217,"routeno":"296","responsecode":200,"routeparentid":2712},{"union_rowno":3,"row":218,"routeno":"296-A","responsecode":200,"routeparentid":5602},{"union_rowno":3,"row":219,"routeno":"296-A HPPCR-KBS","responsecode":200,"routeparentid":4596},{"union_rowno":3,"row":220,"routeno":"296-B","responsecode":200,"routeparentid":4821},{"union_rowno":3,"row":221,"routeno":"296-B D48G-HBRLO","responsecode":200,"routeparentid":4822},{"union_rowno":3,"row":222,"routeno":"296 BNW-KMH-KNP-YHKOT","responsecode":200,"routeparentid":2803},{"union_rowno":3,"row":223,"routeno":"296-D","responsecode":200,"routeparentid":2809},{"union_rowno":3,"row":224,"routeno":"296-F","responsecode":200,"routeparentid":4819},{"union_rowno":3,"row":225,"routeno":"296-F SBS-MRS","responsecode":200,"routeparentid":5040},{"union_rowno":3,"row":226,"routeno":"296-K","responsecode":200,"routeparentid":2805},{"union_rowno":3,"row":227,"routeno":"296-M","responsecode":200,"routeparentid":5061},{"union_rowno":3,"row":228,"routeno":"296-M DVH-IIBSC","responsecode":200,"routeparentid":5215},{"union_rowno":3,"row":229,"routeno":"296-MA","responsecode":200,"routeparentid":5087},{"union_rowno":3,"row":230,"routeno":"296-MB","responsecode":200,"routeparentid":4520},{"union_rowno":3,"row":231,"routeno":"296-N","responsecode":200,"routeparentid":4816},{"union_rowno":3,"row":232,"routeno":"296-N D48G-BBD-KDA","responsecode":200,"routeparentid":4849},{"union_rowno":3,"row":233,"routeno":"296-Q","responsecode":200,"routeparentid":4813},{"union_rowno":3,"row":234,"routeno":"296-Q ARMY-KNR","responsecode":200,"routeparentid":6122},{"union_rowno":3,"row":235,"routeno":"2-E  JPN6-VSD","responsecode":200,"routeparentid":3508},{"union_rowno":3,"row":236,"routeno":"306","responsecode":200,"routeparentid":3010},{"union_rowno":3,"row":237,"routeno":"306-A","responsecode":200,"routeparentid":3013},{"union_rowno":3,"row":238,"routeno":"306-A D24G-LDMS","responsecode":200,"routeparentid":3014},{"union_rowno":3,"row":239,"routeno":"306-A KMT-HLG","responsecode":200,"routeparentid":5846},{"union_rowno":3,"row":240,"routeno":"306-B","responsecode":200,"routeparentid":2439},{"union_rowno":3,"row":241,"routeno":"306-B TDL-MYH","responsecode":200,"routeparentid":6881},{"union_rowno":3,"row":242,"routeno":"306-C","responsecode":200,"routeparentid":2438},{"union_rowno":3,"row":243,"routeno":"306-C D24G-KNL","responsecode":200,"routeparentid":3019},{"union_rowno":3,"row":244,"routeno":"306-D","responsecode":200,"routeparentid":2436},{"union_rowno":3,"row":245,"routeno":"306 D24G-DVG","responsecode":200,"routeparentid":3069},{"union_rowno":3,"row":246,"routeno":"306 D47G-DVG","responsecode":200,"routeparentid":3011},{"union_rowno":3,"row":247,"routeno":"306 DVG-HSK","responsecode":200,"routeparentid":3746},{"union_rowno":3,"row":248,"routeno":"306-E","responsecode":200,"routeparentid":3022},{"union_rowno":3,"row":249,"routeno":"306-E KBS-NYK","responsecode":200,"routeparentid":3026},{"union_rowno":3,"row":250,"routeno":"306-F","responsecode":200,"routeparentid":3029},{"union_rowno":3,"row":251,"routeno":"306-F D41G-BRH","responsecode":200,"routeparentid":3033},{"union_rowno":3,"row":252,"routeno":"306-F KBS-BRH","responsecode":200,"routeparentid":3032},{"union_rowno":3,"row":253,"routeno":"306-G","responsecode":200,"routeparentid":3034},{"union_rowno":3,"row":254,"routeno":"306-J","responsecode":200,"routeparentid":3036},{"union_rowno":3,"row":255,"routeno":"306-K","responsecode":200,"routeparentid":2440},{"union_rowno":3,"row":256,"routeno":"306-L","responsecode":200,"routeparentid":3037},{"union_rowno":3,"row":257,"routeno":"306-L D41G-MSD","responsecode":200,"routeparentid":3043},{"union_rowno":3,"row":258,"routeno":"306-L KBS-MSD","responsecode":200,"routeparentid":3040},{"union_rowno":3,"row":259,"routeno":"306-M","responsecode":200,"routeparentid":3048},{"union_rowno":3,"row":260,"routeno":"306-M KMT-KDR","responsecode":200,"routeparentid":5516},{"union_rowno":3,"row":261,"routeno":"306-M MDR-PURA","responsecode":200,"routeparentid":5568},{"union_rowno":3,"row":262,"routeno":"306-M PURA-KBS","responsecode":200,"routeparentid":7573},{"union_rowno":3,"row":263,"routeno":"306-MA","responsecode":200,"routeparentid":3052},{"union_rowno":3,"row":264,"routeno":"306-MA D24G-JYM","responsecode":200,"routeparentid":3024},{"union_rowno":3,"row":265,"routeno":"306-MA SBS-JYM","responsecode":200,"routeparentid":7154},{"union_rowno":3,"row":266,"routeno":"306-MB","responsecode":200,"routeparentid":3054},{"union_rowno":3,"row":267,"routeno":"306-MH","responsecode":200,"routeparentid":2430},{"union_rowno":3,"row":268,"routeno":"306-P","responsecode":200,"routeparentid":3065},{"union_rowno":3,"row":269,"routeno":"306-Q","responsecode":200,"routeparentid":3067},{"union_rowno":3,"row":270,"routeno":"306-R","responsecode":200,"routeparentid":2435},{"union_rowno":3,"row":271,"routeno":"306-RA","responsecode":200,"routeparentid":3071},{"union_rowno":3,"row":272,"routeno":"306-S","responsecode":200,"routeparentid":2433},{"union_rowno":3,"row":273,"routeno":"306-T","responsecode":200,"routeparentid":2437},{"union_rowno":3,"row":274,"routeno":"314-A D06G-DRDO2S","responsecode":200,"routeparentid":3139},{"union_rowno":3,"row":275,"routeno":"314-D06G-NGVP","responsecode":200,"routeparentid":3135},{"union_rowno":3,"row":276,"routeno":"314 D6G-SHS","responsecode":200,"routeparentid":5025},{"union_rowno":3,"row":277,"routeno":"314-FA D06G-MLP","responsecode":200,"routeparentid":3148},{"union_rowno":3,"row":278,"routeno":"314-T D06G-VBP","responsecode":200,"routeparentid":3498},{"union_rowno":3,"row":279,"routeno":"314-X D06G-ABYL","responsecode":200,"routeparentid":3216},{"union_rowno":3,"row":280,"routeno":"316","responsecode":200,"routeparentid":2914},{"union_rowno":3,"row":281,"routeno":"316-A","responsecode":200,"routeparentid":3168},{"union_rowno":3,"row":282,"routeno":"316-B","responsecode":200,"routeparentid":2909},{"union_rowno":3,"row":283,"routeno":"316-C","responsecode":200,"routeparentid":3183},{"union_rowno":3,"row":284,"routeno":"316-D","responsecode":200,"routeparentid":7118},{"union_rowno":3,"row":285,"routeno":"316-E","responsecode":200,"routeparentid":3190},{"union_rowno":3,"row":286,"routeno":"316-F","responsecode":200,"routeparentid":3193},{"union_rowno":3,"row":287,"routeno":"316-F CMS-MND-D47G","responsecode":200,"routeparentid":3195},{"union_rowno":3,"row":288,"routeno":"316-G","responsecode":200,"routeparentid":3198},{"union_rowno":3,"row":289,"routeno":"316-J","responsecode":200,"routeparentid":3200},{"union_rowno":3,"row":290,"routeno":"316-J KBS-KTGH","responsecode":200,"routeparentid":3201},{"union_rowno":3,"row":291,"routeno":"316-K","responsecode":200,"routeparentid":3203},{"union_rowno":3,"row":292,"routeno":"316-M","responsecode":200,"routeparentid":3205},{"union_rowno":3,"row":293,"routeno":"316 MDR-HAL ARDC","responsecode":200,"routeparentid":6053},{"union_rowno":3,"row":294,"routeno":"316 MDR-HDH-BDG","responsecode":200,"routeparentid":6956},{"union_rowno":3,"row":295,"routeno":"316-N","responsecode":200,"routeparentid":7850},{"union_rowno":3,"row":296,"routeno":"316-N.","responsecode":200,"routeparentid":3207},{"union_rowno":3,"row":297,"routeno":"316-Q","responsecode":200,"routeparentid":3210},{"union_rowno":3,"row":298,"routeno":"316-R","responsecode":200,"routeparentid":3211},{"union_rowno":3,"row":299,"routeno":"316-S","responsecode":200,"routeparentid":3863},{"union_rowno":3,"row":300,"routeno":"316 SBS-BDG","responsecode":200,"routeparentid":3427},{"union_rowno":3,"row":301,"routeno":"316 SBS-D47 MDR","responsecode":200,"routeparentid":2979},{"union_rowno":3,"row":302,"routeno":"316-T","responsecode":200,"routeparentid":3213},{"union_rowno":3,"row":303,"routeno":"316-U","responsecode":200,"routeparentid":3214},{"union_rowno":3,"row":304,"routeno":"316-V","responsecode":200,"routeparentid":3215},{"union_rowno":3,"row":305,"routeno":"316-Y","responsecode":200,"routeparentid":7316},{"union_rowno":3,"row":306,"routeno":"316-Y D24G-DVH","responsecode":200,"routeparentid":7170},{"union_rowno":3,"row":307,"routeno":"316-Y KRP-DVH","responsecode":200,"routeparentid":3218},{"union_rowno":3,"row":308,"routeno":"316-YD","responsecode":200,"routeparentid":3170},{"union_rowno":3,"row":309,"routeno":"316-Z","responsecode":200,"routeparentid":7859},{"union_rowno":3,"row":310,"routeno":"326-C","responsecode":200,"routeparentid":3382},{"union_rowno":3,"row":311,"routeno":"326-C MDR-KDGB","responsecode":200,"routeparentid":3385},{"union_rowno":3,"row":312,"routeno":"326-D","responsecode":200,"routeparentid":5857},{"union_rowno":3,"row":313,"routeno":"326-D KBS-HSK","responsecode":200,"routeparentid":4893},{"union_rowno":3,"row":314,"routeno":"326-E","responsecode":200,"routeparentid":1721},{"union_rowno":3,"row":315,"routeno":"328-HB D6G-ATB","responsecode":200,"routeparentid":5497},{"union_rowno":3,"row":316,"routeno":"328-HB D6G-MRHB-ATB","responsecode":200,"routeparentid":6200},{"union_rowno":3,"row":317,"routeno":"330 D6G-BSN","responsecode":200,"routeparentid":5897},{"union_rowno":3,"row":318,"routeno":"330-H D06G-MKL","responsecode":200,"routeparentid":6461},{"union_rowno":3,"row":319,"routeno":"336","responsecode":200,"routeparentid":1266},{"union_rowno":3,"row":320,"routeno":"336-A","responsecode":200,"routeparentid":7650},{"union_rowno":3,"row":321,"routeno":"336 BGH-SNBS","responsecode":200,"routeparentid":2232},{"union_rowno":3,"row":322,"routeno":"336 DBS-BGH","responsecode":200,"routeparentid":6645},{"union_rowno":3,"row":323,"routeno":"336-KMT-BGH","responsecode":200,"routeparentid":2231},{"union_rowno":3,"row":324,"routeno":"346-A","responsecode":200,"routeparentid":5443},{"union_rowno":3,"row":325,"routeno":"346-B","responsecode":200,"routeparentid":3500},{"union_rowno":3,"row":326,"routeno":"346-C","responsecode":200,"routeparentid":3505},{"union_rowno":3,"row":327,"routeno":"346-C KMT-RYS","responsecode":200,"routeparentid":3509},{"union_rowno":3,"row":328,"routeno":"346-CK","responsecode":200,"routeparentid":5452},{"union_rowno":3,"row":329,"routeno":"346-D","responsecode":200,"routeparentid":3512},{"union_rowno":3,"row":330,"routeno":"346-G","responsecode":200,"routeparentid":5451},{"union_rowno":3,"row":331,"routeno":"346-H","responsecode":200,"routeparentid":3514},{"union_rowno":3,"row":332,"routeno":"346-J","responsecode":200,"routeparentid":3516},{"union_rowno":3,"row":333,"routeno":"346-K","responsecode":200,"routeparentid":3524},{"union_rowno":3,"row":334,"routeno":"346-M","responsecode":200,"routeparentid":3531},{"union_rowno":3,"row":335,"routeno":"346-M CSB-GLH","responsecode":200,"routeparentid":3533},{"union_rowno":3,"row":336,"routeno":"346-M KBS-GLH","responsecode":200,"routeparentid":3532},{"union_rowno":3,"row":337,"routeno":"346-N","responsecode":200,"routeparentid":5453},{"union_rowno":3,"row":338,"routeno":"356","responsecode":200,"routeparentid":5177},{"union_rowno":3,"row":339,"routeno":"356-A","responsecode":200,"routeparentid":4970},{"union_rowno":3,"row":340,"routeno":"356 ANK-D38G","responsecode":200,"routeparentid":5129},{"union_rowno":3,"row":341,"routeno":"356-B","responsecode":200,"routeparentid":4897},{"union_rowno":3,"row":342,"routeno":"356-CE","responsecode":200,"routeparentid":4831},{"union_rowno":3,"row":343,"routeno":"356-CK","responsecode":200,"routeparentid":4891},{"union_rowno":3,"row":344,"routeno":"356-CW","responsecode":200,"routeparentid":1069},{"union_rowno":3,"row":345,"routeno":"356-CW CSB-ELCW FLY","responsecode":200,"routeparentid":6973},{"union_rowno":3,"row":346,"routeno":"356-CW D38G-HSRBDA","responsecode":200,"routeparentid":6132},{"union_rowno":3,"row":347,"routeno":"356-CW INF-HSRBDA","responsecode":200,"routeparentid":5916},{"union_rowno":3,"row":348,"routeno":"356-CW SRN-HSRBDA UNFLY","responsecode":200,"routeparentid":5329},{"union_rowno":3,"row":349,"routeno":"356-CW UFLY","responsecode":200,"routeparentid":1062},{"union_rowno":3,"row":350,"routeno":"356-F","responsecode":200,"routeparentid":5330},{"union_rowno":3,"row":351,"routeno":"356-J","responsecode":200,"routeparentid":1078},{"union_rowno":3,"row":352,"routeno":"356-JE","responsecode":200,"routeparentid":4731},{"union_rowno":3,"row":353,"routeno":"356-JE NMG-ELCW","responsecode":200,"routeparentid":4917},{"union_rowno":3,"row":354,"routeno":"356-JE PSS -ELCW","responsecode":200,"routeparentid":4735},{"union_rowno":3,"row":355,"routeno":"356-M","responsecode":200,"routeparentid":1020},{"union_rowno":3,"row":356,"routeno":"356-M ANK-JGNAPC","responsecode":200,"routeparentid":4944},{"union_rowno":3,"row":357,"routeno":"356-M CPR-ANK-RMH","responsecode":200,"routeparentid":5346},{"union_rowno":3,"row":358,"routeno":"356-M KBS-D32","responsecode":200,"routeparentid":6118},{"union_rowno":3,"row":359,"routeno":"356-M KBS-ELCFLY-ANK","responsecode":200,"routeparentid":4884},{"union_rowno":3,"row":360,"routeno":"356-Z","responsecode":200,"routeparentid":5331},{"union_rowno":3,"row":361,"routeno":"356-Z ANK-DNMTB","responsecode":200,"routeparentid":6664},{"union_rowno":3,"row":362,"routeno":"356-Z ANK-MSH","responsecode":200,"routeparentid":6612},{"union_rowno":3,"row":363,"routeno":"356-Z D38-ANK","responsecode":200,"routeparentid":3000},{"union_rowno":3,"row":364,"routeno":"356-Z D38G-ANKL","responsecode":200,"routeparentid":5168},{"union_rowno":3,"row":365,"routeno":"356-ZA D38G-KDMS","responsecode":200,"routeparentid":6136},{"union_rowno":3,"row":366,"routeno":"36","responsecode":200,"routeparentid":6378},{"union_rowno":3,"row":367,"routeno":"360","responsecode":200,"routeparentid":2687},{"union_rowno":3,"row":368,"routeno":"360-B ATB-BOMC","responsecode":200,"routeparentid":6320},{"union_rowno":3,"row":369,"routeno":"360-B VTTMC-KBS-ATB","responsecode":200,"routeparentid":3568},{"union_rowno":3,"row":370,"routeno":"360 BGR-ATB","responsecode":200,"routeparentid":3359},{"union_rowno":3,"row":371,"routeno":"360-C","responsecode":200,"routeparentid":2693},{"union_rowno":3,"row":372,"routeno":"360-C D38G-BLR","responsecode":200,"routeparentid":7657},{"union_rowno":3,"row":373,"routeno":"360 CPR-KRM","responsecode":200,"routeparentid":2785},{"union_rowno":3,"row":374,"routeno":"360-D","responsecode":200,"routeparentid":2702},{"union_rowno":3,"row":375,"routeno":"360-D KMT-ATB-KMLP","responsecode":200,"routeparentid":2706},{"union_rowno":3,"row":376,"routeno":"360 D38G-ATB","responsecode":200,"routeparentid":1495},{"union_rowno":3,"row":377,"routeno":"360-E","responsecode":200,"routeparentid":2719},{"union_rowno":3,"row":378,"routeno":"360-G","responsecode":200,"routeparentid":1228},{"union_rowno":3,"row":379,"routeno":"360-H","responsecode":200,"routeparentid":2731},{"union_rowno":3,"row":380,"routeno":"360-J","responsecode":200,"routeparentid":2748},{"union_rowno":3,"row":381,"routeno":"360-J CSB-HNDL","responsecode":200,"routeparentid":3030},{"union_rowno":3,"row":382,"routeno":"360-K","responsecode":200,"routeparentid":2709},{"union_rowno":3,"row":383,"routeno":"360-K ARMYASC-ATB","responsecode":200,"routeparentid":7528},{"union_rowno":3,"row":384,"routeno":"360-K Fly KBS-ATB","responsecode":200,"routeparentid":6495},{"union_rowno":3,"row":385,"routeno":"360-K KRM-STJN-ATB","responsecode":200,"routeparentid":6659},{"union_rowno":3,"row":386,"routeno":"360-K KSR-ATB","responsecode":200,"routeparentid":3041},{"union_rowno":3,"row":387,"routeno":"360 KRMTTMC-ATB","responsecode":200,"routeparentid":5619},{"union_rowno":3,"row":388,"routeno":"360-N","responsecode":200,"routeparentid":2811},{"union_rowno":3,"row":389,"routeno":"360-Q","responsecode":200,"routeparentid":2833},{"union_rowno":3,"row":390,"routeno":"360-Q KBS-DSP","responsecode":200,"routeparentid":5318},{"union_rowno":3,"row":391,"routeno":"360-S","responsecode":200,"routeparentid":2842},{"union_rowno":3,"row":392,"routeno":"360-S D38G-ANK-RMH","responsecode":200,"routeparentid":5984},{"union_rowno":3,"row":393,"routeno":"360-S D38G-SMDR","responsecode":200,"routeparentid":6135},{"union_rowno":3,"row":394,"routeno":"360 SRN-ATB","responsecode":200,"routeparentid":1498},{"union_rowno":3,"row":395,"routeno":"360 VTTMC-KMT-ATB","responsecode":200,"routeparentid":3591},{"union_rowno":3,"row":396,"routeno":"361","responsecode":200,"routeparentid":2852},{"union_rowno":3,"row":397,"routeno":"361-B","responsecode":200,"routeparentid":2859},{"union_rowno":3,"row":398,"routeno":"361-B D38G-CHD","responsecode":200,"routeparentid":5979},{"union_rowno":3,"row":399,"routeno":"361-C","responsecode":200,"routeparentid":1004},{"union_rowno":3,"row":400,"routeno":"361-C FLYOVER","responsecode":200,"routeparentid":2866},{"union_rowno":3,"row":401,"routeno":"361-D","responsecode":200,"routeparentid":3015},{"union_rowno":3,"row":402,"routeno":"361-D KBS-CDH","responsecode":200,"routeparentid":3021},{"union_rowno":3,"row":403,"routeno":"361-K","responsecode":200,"routeparentid":5463},{"union_rowno":3,"row":404,"routeno":"362 BMH-BGR-JSD","responsecode":200,"routeparentid":7764},{"union_rowno":3,"row":405,"routeno":"362-C","responsecode":200,"routeparentid":1029},{"union_rowno":3,"row":406,"routeno":"362-C BGR-ELC","responsecode":200,"routeparentid":6027},{"union_rowno":3,"row":407,"routeno":"362-C SBS-CSB","responsecode":200,"routeparentid":7358},{"union_rowno":3,"row":408,"routeno":"362-C SBS-YLH","responsecode":200,"routeparentid":3053},{"union_rowno":3,"row":409,"routeno":"362-CA","responsecode":200,"routeparentid":3070},{"union_rowno":3,"row":410,"routeno":"362-F","responsecode":200,"routeparentid":5260},{"union_rowno":3,"row":411,"routeno":"362-F KBS-KRMTTMC","responsecode":200,"routeparentid":5054},{"union_rowno":3,"row":412,"routeno":"364","responsecode":200,"routeparentid":2279},{"union_rowno":3,"row":413,"routeno":"364-A","responsecode":200,"routeparentid":2293},{"union_rowno":3,"row":414,"routeno":"364-B","responsecode":200,"routeparentid":2298},{"union_rowno":3,"row":415,"routeno":"364-C","responsecode":200,"routeparentid":2277},{"union_rowno":3,"row":416,"routeno":"364-F","responsecode":200,"routeparentid":2344},{"union_rowno":3,"row":417,"routeno":"364-G","responsecode":200,"routeparentid":2348},{"union_rowno":3,"row":418,"routeno":"364-G KBS-D34G","responsecode":200,"routeparentid":2389},{"union_rowno":3,"row":419,"routeno":"364-G KBS-VSD-KCH","responsecode":200,"routeparentid":4453},{"union_rowno":3,"row":420,"routeno":"365","responsecode":200,"routeparentid":997},{"union_rowno":3,"row":421,"routeno":"365-AB","responsecode":200,"routeparentid":1987},{"union_rowno":3,"row":422,"routeno":"365-B","responsecode":200,"routeparentid":2005},{"union_rowno":3,"row":423,"routeno":"365-D","responsecode":200,"routeparentid":1167},{"union_rowno":3,"row":424,"routeno":"365-D BVH-D34","responsecode":200,"routeparentid":4386},{"union_rowno":3,"row":425,"routeno":"365 D27G-BNP","responsecode":200,"routeparentid":7225},{"union_rowno":3,"row":426,"routeno":"365 D34G-BNP","responsecode":200,"routeparentid":2356},{"union_rowno":3,"row":427,"routeno":"365-E","responsecode":200,"routeparentid":1168},{"union_rowno":3,"row":428,"routeno":"365-E KBS-BTD","responsecode":200,"routeparentid":4394},{"union_rowno":3,"row":429,"routeno":"365-E KBS-BTRD","responsecode":200,"routeparentid":5114},{"union_rowno":3,"row":430,"routeno":"365-EA","responsecode":200,"routeparentid":1071},{"union_rowno":3,"row":431,"routeno":"365-F","responsecode":200,"routeparentid":2006},{"union_rowno":3,"row":432,"routeno":"365-H","responsecode":200,"routeparentid":1994},{"union_rowno":3,"row":433,"routeno":"365-J","responsecode":200,"routeparentid":1070},{"union_rowno":3,"row":434,"routeno":"365-J JSD-D34G-KBS","responsecode":200,"routeparentid":7635},{"union_rowno":3,"row":435,"routeno":"365-J KBS-D27","responsecode":200,"routeparentid":3732},{"union_rowno":3,"row":436,"routeno":"365-J KBS-JGN-UAV","responsecode":200,"routeparentid":5487},{"union_rowno":3,"row":437,"routeno":"365-J KBS-VSD-D27","responsecode":200,"routeparentid":5898},{"union_rowno":3,"row":438,"routeno":"365-J VSD-D27","responsecode":200,"routeparentid":3762},{"union_rowno":3,"row":439,"routeno":"365-J VSD-JACP","responsecode":200,"routeparentid":7621},{"union_rowno":3,"row":440,"routeno":"365J-BNZ-JNN","responsecode":200,"routeparentid":7601},{"union_rowno":3,"row":441,"routeno":"365 JBS-BNP","responsecode":200,"routeparentid":7352},{"union_rowno":3,"row":442,"routeno":"365 JEST END-BNP","responsecode":200,"routeparentid":6666},{"union_rowno":3,"row":443,"routeno":"365J-JAPC-JNN","responsecode":200,"routeparentid":7602},{"union_rowno":3,"row":444,"routeno":"365-K","responsecode":200,"routeparentid":1993},{"union_rowno":3,"row":445,"routeno":"365 KBS-APSH","responsecode":200,"routeparentid":4373},{"union_rowno":3,"row":446,"routeno":"365 KBS-D34G","responsecode":200,"routeparentid":2359},{"union_rowno":3,"row":447,"routeno":"365 KBS-JRML","responsecode":200,"routeparentid":4454},{"union_rowno":3,"row":448,"routeno":"365-M","responsecode":200,"routeparentid":1046},{"union_rowno":3,"row":449,"routeno":"365-N","responsecode":200,"routeparentid":2007},{"union_rowno":3,"row":450,"routeno":"365-P","responsecode":200,"routeparentid":1068},{"union_rowno":3,"row":451,"routeno":"365-P D27-ANK","responsecode":200,"routeparentid":3749},{"union_rowno":3,"row":452,"routeno":"365-P D34-ANK","responsecode":200,"routeparentid":4390},{"union_rowno":3,"row":453,"routeno":"365-P KBS-D27G","responsecode":200,"routeparentid":6917},{"union_rowno":3,"row":454,"routeno":"365-P SNBS-ANK","responsecode":200,"routeparentid":6918},{"union_rowno":3,"row":455,"routeno":"365-Q","responsecode":200,"routeparentid":2002},{"union_rowno":3,"row":456,"routeno":"365-R","responsecode":200,"routeparentid":1996},{"union_rowno":3,"row":457,"routeno":"365-S","responsecode":200,"routeparentid":1997},{"union_rowno":3,"row":458,"routeno":"365-S MRD-D34G","responsecode":200,"routeparentid":7838},{"union_rowno":3,"row":459,"routeno":"365-W","responsecode":200,"routeparentid":2021},{"union_rowno":3,"row":460,"routeno":"365-Z","responsecode":200,"routeparentid":6328},{"union_rowno":3,"row":461,"routeno":"365-Z BGT-MMDH","responsecode":200,"routeparentid":6521},{"union_rowno":3,"row":462,"routeno":"366","responsecode":200,"routeparentid":3813},{"union_rowno":3,"row":463,"routeno":"366-A","responsecode":200,"routeparentid":2243},{"union_rowno":3,"row":464,"routeno":"366-BA","responsecode":200,"routeparentid":5106},{"union_rowno":3,"row":465,"routeno":"366-C","responsecode":200,"routeparentid":5108},{"union_rowno":3,"row":466,"routeno":"366 D34-NSR","responsecode":200,"routeparentid":7593},{"union_rowno":3,"row":467,"routeno":"366-E","responsecode":200,"routeparentid":2257},{"union_rowno":3,"row":468,"routeno":"366-E KMT-D27","responsecode":200,"routeparentid":3738},{"union_rowno":3,"row":469,"routeno":"366-F","responsecode":200,"routeparentid":5109},{"union_rowno":3,"row":470,"routeno":"366-G","responsecode":200,"routeparentid":5110},{"union_rowno":3,"row":471,"routeno":"366-KA","responsecode":200,"routeparentid":3769},{"union_rowno":3,"row":472,"routeno":"366-KA D34G-MRD","responsecode":200,"routeparentid":7589},{"union_rowno":3,"row":473,"routeno":"366 KMT-D34G","responsecode":200,"routeparentid":1958},{"union_rowno":3,"row":474,"routeno":"366 KMT-HPC","responsecode":200,"routeparentid":3815},{"union_rowno":3,"row":475,"routeno":"366-L","responsecode":200,"routeparentid":5112},{"union_rowno":3,"row":476,"routeno":"366-M","responsecode":200,"routeparentid":5113},{"union_rowno":3,"row":477,"routeno":"366-M D27G-BTRD","responsecode":200,"routeparentid":5115},{"union_rowno":3,"row":478,"routeno":"366-M D34G-BTRD","responsecode":200,"routeparentid":7694},{"union_rowno":3,"row":479,"routeno":"366-MA","responsecode":200,"routeparentid":2250},{"union_rowno":3,"row":480,"routeno":"366-N","responsecode":200,"routeparentid":5117},{"union_rowno":3,"row":481,"routeno":"366-N D34G-GDH","responsecode":200,"routeparentid":7591},{"union_rowno":3,"row":482,"routeno":"366-N D34G-KMT","responsecode":200,"routeparentid":7592},{"union_rowno":3,"row":483,"routeno":"366-Q","responsecode":200,"routeparentid":5096},{"union_rowno":3,"row":484,"routeno":"366-QA","responsecode":200,"routeparentid":5119},{"union_rowno":3,"row":485,"routeno":"366-R","responsecode":200,"routeparentid":5121},{"union_rowno":3,"row":486,"routeno":"366-R D27G-VDP","responsecode":200,"routeparentid":7803},{"union_rowno":3,"row":487,"routeno":"366-T","responsecode":200,"routeparentid":5123},{"union_rowno":3,"row":488,"routeno":"366-W","responsecode":200,"routeparentid":5124},{"union_rowno":3,"row":489,"routeno":"366-X","responsecode":200,"routeparentid":5125},{"union_rowno":3,"row":490,"routeno":"366-Z","responsecode":200,"routeparentid":2246},{"union_rowno":3,"row":491,"routeno":"366-Z ANK-CNP","responsecode":200,"routeparentid":5135},{"union_rowno":3,"row":492,"routeno":"367","responsecode":200,"routeparentid":4369},{"union_rowno":3,"row":493,"routeno":"367-B","responsecode":200,"routeparentid":2260},{"union_rowno":3,"row":494,"routeno":"367 BSK-RSD","responsecode":200,"routeparentid":4388},{"union_rowno":3,"row":495,"routeno":"367-D","responsecode":200,"routeparentid":2258},{"union_rowno":3,"row":496,"routeno":"367 D34G-RSD","responsecode":200,"routeparentid":4391},{"union_rowno":3,"row":497,"routeno":"368","responsecode":200,"routeparentid":2373},{"union_rowno":3,"row":498,"routeno":"368-E","responsecode":200,"routeparentid":4370},{"union_rowno":3,"row":499,"routeno":"368 SBS-D27G","responsecode":200,"routeparentid":7059},{"union_rowno":3,"row":500,"routeno":"368 SBS-D34G","responsecode":200,"routeparentid":2382},{"union_rowno":3,"row":501,"routeno":"369","responsecode":200,"routeparentid":3794},{"union_rowno":3,"row":502,"routeno":"369-A","responsecode":200,"routeparentid":7655},{"union_rowno":3,"row":503,"routeno":"369-A D34-HLM","responsecode":200,"routeparentid":7656},{"union_rowno":3,"row":504,"routeno":"369-B","responsecode":200,"routeparentid":4376},{"union_rowno":3,"row":505,"routeno":"369-C","responsecode":200,"routeparentid":3750},{"union_rowno":3,"row":506,"routeno":"369-D","responsecode":200,"routeparentid":4377},{"union_rowno":3,"row":507,"routeno":"369-E","responsecode":200,"routeparentid":4378},{"union_rowno":3,"row":508,"routeno":"369-G","responsecode":200,"routeparentid":1166},{"union_rowno":3,"row":509,"routeno":"369-J","responsecode":200,"routeparentid":4407},{"union_rowno":3,"row":510,"routeno":"369-J JBS-EAST END-HML","responsecode":200,"routeparentid":4448},{"union_rowno":3,"row":511,"routeno":"369-K KBS-DLF","responsecode":200,"routeparentid":5008},{"union_rowno":3,"row":512,"routeno":"369-K VSD-DLF","responsecode":200,"routeparentid":4423},{"union_rowno":3,"row":513,"routeno":"369 KMT-D34G","responsecode":200,"routeparentid":4415},{"union_rowno":3,"row":514,"routeno":"369 KMT-DLF","responsecode":200,"routeparentid":6637},{"union_rowno":3,"row":515,"routeno":"369-N","responsecode":200,"routeparentid":3797},{"union_rowno":3,"row":516,"routeno":"369-N KMT-STMSC","responsecode":200,"routeparentid":4929},{"union_rowno":3,"row":517,"routeno":"369-Q","responsecode":200,"routeparentid":4586},{"union_rowno":3,"row":518,"routeno":"36-A","responsecode":200,"routeparentid":2135},{"union_rowno":3,"row":519,"routeno":"36-B","responsecode":200,"routeparentid":1035},{"union_rowno":3,"row":520,"routeno":"36-B BSK-GNE","responsecode":200,"routeparentid":4348},{"union_rowno":3,"row":521,"routeno":"36-B VSD","responsecode":200,"routeparentid":4347},{"union_rowno":3,"row":522,"routeno":"36-D","responsecode":200,"routeparentid":2139},{"union_rowno":3,"row":523,"routeno":"36-F","responsecode":200,"routeparentid":4452},{"union_rowno":3,"row":524,"routeno":"36-G","responsecode":200,"routeparentid":1092},{"union_rowno":3,"row":525,"routeno":"36 KBS-VSD-SNR","responsecode":200,"routeparentid":6971},{"union_rowno":3,"row":526,"routeno":"36 VSD","responsecode":200,"routeparentid":3790},{"union_rowno":3,"row":527,"routeno":"36 VSD-KMTFLY-SRN","responsecode":200,"routeparentid":6170},{"union_rowno":3,"row":528,"routeno":"36 VSD-SNR","responsecode":200,"routeparentid":7839},{"union_rowno":3,"row":529,"routeno":"36 VSDH-SNR","responsecode":200,"routeparentid":7840},{"union_rowno":3,"row":530,"routeno":"378-E JPN6-ELC","responsecode":200,"routeparentid":4472},{"union_rowno":3,"row":531,"routeno":"378-E JPN6-JSD-ELC","responsecode":200,"routeparentid":1776},{"union_rowno":3,"row":532,"routeno":"406","responsecode":200,"routeparentid":7169},{"union_rowno":3,"row":533,"routeno":"406 HBLB-NMG","responsecode":200,"routeparentid":7218},{"union_rowno":3,"row":534,"routeno":"406 NES-BRPR-HGV","responsecode":200,"routeparentid":7174},{"union_rowno":3,"row":535,"routeno":"406 NES-BRPR-NMG","responsecode":200,"routeparentid":7173},{"union_rowno":3,"row":536,"routeno":"406 NES-CKNH-NMG","responsecode":200,"routeparentid":7186},{"union_rowno":3,"row":537,"routeno":"406 PTML-BRPR-HGV","responsecode":200,"routeparentid":7183},{"union_rowno":3,"row":538,"routeno":"406 PTML-NMG","responsecode":200,"routeparentid":7189},{"union_rowno":3,"row":539,"routeno":"406 YHKOT-NMG","responsecode":200,"routeparentid":7191},{"union_rowno":3,"row":540,"routeno":"500-CH D06G-SJP","responsecode":200,"routeparentid":6579},{"union_rowno":3,"row":541,"routeno":"500L D6G-TNF-BSK","responsecode":200,"routeparentid":5507},{"union_rowno":3,"row":542,"routeno":"506","responsecode":200,"routeparentid":3685},{"union_rowno":3,"row":543,"routeno":"506-A","responsecode":200,"routeparentid":3768},{"union_rowno":3,"row":544,"routeno":"506-A D41G-HBL","responsecode":200,"routeparentid":3770},{"union_rowno":3,"row":545,"routeno":"506 TNF-DVG","responsecode":200,"routeparentid":3688},{"union_rowno":3,"row":546,"routeno":"516","responsecode":200,"routeparentid":7723},{"union_rowno":3,"row":671,"routeno":"726-test","responsecode":200,"routeparentid":6467},{"union_rowno":3,"row":672,"routeno":"96","responsecode":200,"routeparentid":1963},{"union_rowno":3,"row":673,"routeno":"96-A","responsecode":200,"routeparentid":1313},{"union_rowno":3,"row":674,"routeno":"96-B","responsecode":200,"routeparentid":1034},{"union_rowno":3,"row":675,"routeno":"96-B BEMLK-YTTMC","responsecode":200,"routeparentid":3944},{"union_rowno":3,"row":676,"routeno":"96-B VSD","responsecode":200,"routeparentid":3506},{"union_rowno":3,"row":677,"routeno":"96-B VSD-KBS-SKRNBS","responsecode":200,"routeparentid":4872},{"union_rowno":3,"row":678,"routeno":"96-B YTTMC-BEMLKN","responsecode":200,"routeparentid":4850},{"union_rowno":3,"row":679,"routeno":"96-C","responsecode":200,"routeparentid":4892},{"union_rowno":3,"row":680,"routeno":"96-E","responsecode":200,"routeparentid":4857},{"union_rowno":3,"row":681,"routeno":"96-E BEMLK-VSD-KBS","responsecode":200,"routeparentid":4868},{"union_rowno":3,"row":682,"routeno":"96-E KMT-KNR","responsecode":200,"routeparentid":4852},{"union_rowno":3,"row":683,"routeno":"96-G","responsecode":200,"routeparentid":3486},{"union_rowno":3,"row":684,"routeno":"96-G D31G-SNB","responsecode":200,"routeparentid":3488},{"union_rowno":3,"row":685,"routeno":"96-G SNB-BSN","responsecode":200,"routeparentid":3683},{"union_rowno":3,"row":686,"routeno":"96-G YTTMC-SNB","responsecode":200,"routeparentid":3489},{"union_rowno":3,"row":687,"routeno":"ADITI-16","responsecode":200,"routeparentid":3051},{"union_rowno":3,"row":688,"routeno":"ADITI-6","responsecode":200,"routeparentid":4652},{"union_rowno":3,"row":689,"routeno":"APS-26","responsecode":200,"routeparentid":7258},{"union_rowno":3,"row":690,"routeno":"ARMY-16","responsecode":200,"routeparentid":7283},{"union_rowno":3,"row":691,"routeno":"ARMY-6A","responsecode":200,"routeparentid":7630},{"union_rowno":3,"row":692,"routeno":"BC-6","responsecode":200,"routeparentid":1459},{"union_rowno":3,"row":693,"routeno":"BCGHS-16","responsecode":200,"routeparentid":4466},{"union_rowno":3,"row":694,"routeno":"BEL GS-36","responsecode":200,"routeparentid":5704},{"union_rowno":3,"row":695,"routeno":"BELGS-16","responsecode":200,"routeparentid":6246},{"union_rowno":3,"row":696,"routeno":"BELGS-26","responsecode":200,"routeparentid":6906},{"union_rowno":3,"row":697,"routeno":"BELGS-56","responsecode":200,"routeparentid":4994},{"union_rowno":3,"row":698,"routeno":"BELGS-6","responsecode":200,"routeparentid":3895},{"union_rowno":3,"row":699,"routeno":"BEML A-6","responsecode":200,"routeparentid":6630},{"union_rowno":3,"row":700,"routeno":"BEMLA-26","responsecode":200,"routeparentid":4747},{"union_rowno":3,"row":701,"routeno":"BEML B-6","responsecode":200,"routeparentid":6631},{"union_rowno":3,"row":702,"routeno":"BEMLJVS A-6","responsecode":200,"routeparentid":3946},{"union_rowno":3,"row":703,"routeno":"BEMLJVS B-6","responsecode":200,"routeparentid":3943},{"union_rowno":3,"row":704,"routeno":"BMSIT-6","responsecode":200,"routeparentid":1093},{"union_rowno":3,"row":705,"routeno":"BSK-JPN6-JPN7TH","responsecode":200,"routeparentid":6598},{"union_rowno":3,"row":706,"routeno":"BTP-26","responsecode":200,"routeparentid":5243},{"union_rowno":3,"row":707,"routeno":"BTP-6C","responsecode":200,"routeparentid":4399},{"union_rowno":3,"row":708,"routeno":"BTP-6D","responsecode":200,"routeparentid":5489},{"union_rowno":3,"row":709,"routeno":"C-365","responsecode":200,"routeparentid":6185},{"union_rowno":3,"row":710,"routeno":"C-365J","responsecode":200,"routeparentid":6186},{"union_rowno":3,"row":711,"routeno":"CALLBUS-6","responsecode":200,"routeparentid":4914},{"union_rowno":3,"row":712,"routeno":"CHAKRA-16","responsecode":200,"routeparentid":3874},{"union_rowno":3,"row":713,"routeno":"CHAKRA-16A","responsecode":200,"routeparentid":3871},{"union_rowno":3,"row":714,"routeno":"Chakra-16A KVUL-DNK","responsecode":200,"routeparentid":7540},{"union_rowno":3,"row":715,"routeno":"CHAKRA-6","responsecode":200,"routeparentid":4405},{"union_rowno":3,"row":716,"routeno":"CHLS-6","responsecode":200,"routeparentid":5313},{"union_rowno":3,"row":717,"routeno":"CKS-JP6","responsecode":200,"routeparentid":4361},{"union_rowno":3,"row":718,"routeno":"D06G-ARPS","responsecode":200,"routeparentid":5014},{"union_rowno":3,"row":719,"routeno":"D06G-BEMLF","responsecode":200,"routeparentid":6046},{"union_rowno":3,"row":720,"routeno":"D06G-BRSQ","responsecode":200,"routeparentid":5010},{"union_rowno":3,"row":721,"routeno":"D06G-DSC HAL","responsecode":200,"routeparentid":6361},{"union_rowno":3,"row":722,"routeno":"D06G-HALM","responsecode":200,"routeparentid":6368},{"union_rowno":3,"row":723,"routeno":"D06G-MNK","responsecode":200,"routeparentid":6580},{"union_rowno":3,"row":724,"routeno":"D06G-MRS","responsecode":200,"routeparentid":6583},{"union_rowno":3,"row":725,"routeno":"D06G-TOC","responsecode":200,"routeparentid":7404},{"union_rowno":3,"row":726,"routeno":"D16-DPJN","responsecode":200,"routeparentid":1110},{"union_rowno":3,"row":727,"routeno":"D26-YBS","responsecode":200,"routeparentid":1552},{"union_rowno":3,"row":728,"routeno":"D36-D36G","responsecode":200,"routeparentid":1296},{"union_rowno":3,"row":729,"routeno":"D36G-GFGC","responsecode":200,"routeparentid":2538},{"union_rowno":3,"row":730,"routeno":"D36G-KGH","responsecode":200,"routeparentid":6169},{"union_rowno":3,"row":731,"routeno":"D36G-KNGP","responsecode":200,"routeparentid":1401},{"union_rowno":3,"row":732,"routeno":"D36G-PRSP","responsecode":200,"routeparentid":5643},{"union_rowno":3,"row":733,"routeno":"D46-PTML","responsecode":200,"routeparentid":2470},{"union_rowno":3,"row":734,"routeno":"D6-D6G","responsecode":200,"routeparentid":1788},{"union_rowno":3,"row":735,"routeno":"D6G-CVRN","responsecode":200,"routeparentid":1796},{"union_rowno":3,"row":736,"routeno":"D6G-DMLMDA","responsecode":200,"routeparentid":7255},{"union_rowno":3,"row":737,"routeno":"D6G-GBJCG","responsecode":200,"routeparentid":5144},{"union_rowno":3,"row":738,"routeno":"D6G-HAL-JGS","responsecode":200,"routeparentid":7194},{"union_rowno":3,"row":739,"routeno":"D6G-KVB","responsecode":200,"routeparentid":5551},{"union_rowno":3,"row":740,"routeno":"D6G-MEG","responsecode":200,"routeparentid":7264},{"union_rowno":3,"row":741,"routeno":"D6G-MNBS","responsecode":200,"routeparentid":5435},{"union_rowno":3,"row":742,"routeno":"D6G-NRG","responsecode":200,"routeparentid":1643},{"union_rowno":3,"row":743,"routeno":"D6G-RBIQ","responsecode":200,"routeparentid":7109},{"union_rowno":3,"row":744,"routeno":"D6G-SMVR","responsecode":200,"routeparentid":2728},{"union_rowno":3,"row":745,"routeno":"D6G-SOQ","responsecode":200,"routeparentid":6497},{"union_rowno":3,"row":746,"routeno":"D6-PRAMRH","responsecode":200,"routeparentid":5268},{"union_rowno":3,"row":747,"routeno":"DPS-E6J-9","responsecode":200,"routeparentid":5283},{"union_rowno":3,"row":748,"routeno":"G-3 D6G-BGR","responsecode":200,"routeparentid":2838},{"union_rowno":3,"row":749,"routeno":"G-6","responsecode":200,"routeparentid":1083},{"union_rowno":3,"row":750,"routeno":"G-6 BEML5-SNBS","responsecode":200,"routeparentid":5387},{"union_rowno":3,"row":751,"routeno":"G-6 D12G-SBT","responsecode":200,"routeparentid":3988},{"union_rowno":3,"row":752,"routeno":"G-6 FLYOVER","responsecode":200,"routeparentid":3984},{"union_rowno":3,"row":753,"routeno":"G-6A","responsecode":200,"routeparentid":1162},{"union_rowno":3,"row":754,"routeno":"G-6A SNBS-NBC-BSNK","responsecode":200,"routeparentid":5723},{"union_rowno":3,"row":755,"routeno":"HAL-D6G","responsecode":200,"routeparentid":5145},{"union_rowno":3,"row":756,"routeno":"HALPV-16","responsecode":200,"routeparentid":4237},{"union_rowno":3,"row":757,"routeno":"HALPV-6","responsecode":200,"routeparentid":4761},{"union_rowno":3,"row":758,"routeno":"HSS-06","responsecode":200,"routeparentid":5438},{"union_rowno":3,"row":759,"routeno":"HSS-16","responsecode":200,"routeparentid":5514},{"union_rowno":3,"row":760,"routeno":"IFC-D36G","responsecode":200,"routeparentid":1298},{"union_rowno":3,"row":761,"routeno":"INF-46","responsecode":200,"routeparentid":5879},{"union_rowno":3,"row":762,"routeno":"JNSVS-6","responsecode":200,"routeparentid":5440},{"union_rowno":3,"row":763,"routeno":"JPN6-BSK","responsecode":200,"routeparentid":7304},{"union_rowno":3,"row":764,"routeno":"K-6","responsecode":200,"routeparentid":4380},{"union_rowno":3,"row":765,"routeno":"KANGOVI-6","responsecode":200,"routeparentid":4690},{"union_rowno":3,"row":766,"routeno":"KBS-1I D06G-LIDO-KDG","responsecode":200,"routeparentid":7660},{"union_rowno":3,"row":767,"routeno":"KBS-1I D6G-KDG","responsecode":200,"routeparentid":2685},{"union_rowno":3,"row":768,"routeno":"KBS-1K D6G-KDG","responsecode":200,"routeparentid":6489},{"union_rowno":3,"row":769,"routeno":"KIA-6","responsecode":200,"routeparentid":1699},{"union_rowno":3,"row":770,"routeno":"KIA-6A","responsecode":200,"routeparentid":1701},{"union_rowno":3,"row":771,"routeno":"KIA-6W","responsecode":200,"routeparentid":1700},{"union_rowno":3,"row":772,"routeno":"KLN-SMVT-D06G","responsecode":200,"routeparentid":7560},{"union_rowno":3,"row":773,"routeno":"KVM-6","responsecode":200,"routeparentid":5140},{"union_rowno":3,"row":774,"routeno":"KWS-6","responsecode":200,"routeparentid":2269},{"union_rowno":3,"row":775,"routeno":"L & T-6","responsecode":200,"routeparentid":4815},{"union_rowno":3,"row":776,"routeno":"MBS-6","responsecode":200,"routeparentid":4261},{"union_rowno":3,"row":777,"routeno":"MBS-6 D45G-CVRN","responsecode":200,"routeparentid":4292},{"union_rowno":3,"row":778,"routeno":"MBS-6 YST-CVRN","responsecode":200,"routeparentid":4288},{"union_rowno":3,"row":779,"routeno":"MF-16","responsecode":200,"routeparentid":7119},{"union_rowno":3,"row":780,"routeno":"MF-16 CLO-SNBS","responsecode":200,"routeparentid":7115},{"union_rowno":3,"row":781,"routeno":"MF-16 DPJN-SNBS","responsecode":200,"routeparentid":7114},{"union_rowno":3,"row":782,"routeno":"MF-16A","responsecode":200,"routeparentid":7117},{"union_rowno":3,"row":783,"routeno":"MF-1F D06G-RMN","responsecode":200,"routeparentid":6756},{"union_rowno":3,"row":784,"routeno":"MF-1F D6G-RMN","responsecode":200,"routeparentid":7567},{"union_rowno":3,"row":785,"routeno":"MF-26","responsecode":200,"routeparentid":3914},{"union_rowno":3,"row":786,"routeno":"MF-26 D45-JHC-CDNB","responsecode":200,"routeparentid":6501},{"union_rowno":3,"row":787,"routeno":"MF-26 PSS-JHMS","responsecode":200,"routeparentid":3935},{"union_rowno":3,"row":788,"routeno":"MF-327SA D6G-ATB","responsecode":200,"routeparentid":5493},{"union_rowno":3,"row":789,"routeno":"MF-36","responsecode":200,"routeparentid":2543},{"union_rowno":3,"row":790,"routeno":"MF-36 SIMS-KTTMC","responsecode":200,"routeparentid":5423},{"union_rowno":3,"row":791,"routeno":"MF-369T","responsecode":200,"routeparentid":2546},{"union_rowno":3,"row":792,"routeno":"MF-46","responsecode":200,"routeparentid":6980},{"union_rowno":3,"row":793,"routeno":"MF-500EB D6G-ELCW","responsecode":200,"routeparentid":3042},{"union_rowno":3,"row":794,"routeno":"MF-6","responsecode":200,"routeparentid":2499},{"union_rowno":3,"row":795,"routeno":"MF-6 D06G-CSB","responsecode":200,"routeparentid":6370},{"union_rowno":3,"row":796,"routeno":"MF-6 JBN-SVMS","responsecode":200,"routeparentid":5831},{"union_rowno":3,"row":797,"routeno":"MKL-D6G","responsecode":200,"routeparentid":2585},{"union_rowno":3,"row":798,"routeno":"NICE-6","responsecode":200,"routeparentid":1593},{"union_rowno":3,"row":799,"routeno":"PESCE-6","responsecode":200,"routeparentid":4968},{"union_rowno":3,"row":800,"routeno":"SBS-1K KDG-D6G","responsecode":200,"routeparentid":2485},{"union_rowno":3,"row":801,"routeno":"SBS-D6G","responsecode":200,"routeparentid":7661},{"union_rowno":3,"row":802,"routeno":"SCS-6","responsecode":200,"routeparentid":4244},{"union_rowno":3,"row":803,"routeno":"SGH-JPN6","responsecode":200,"routeparentid":4474},{"union_rowno":3,"row":804,"routeno":"SJBHS-06","responsecode":200,"routeparentid":7306},{"union_rowno":3,"row":805,"routeno":"SPHS-06","responsecode":200,"routeparentid":5779},{"union_rowno":3,"row":806,"routeno":"SPHS-16","responsecode":200,"routeparentid":5672},{"union_rowno":3,"row":807,"routeno":"ST BENEDICT-16","responsecode":200,"routeparentid":6412},{"union_rowno":3,"row":808,"routeno":"STJBHS-6A","responsecode":200,"routeparentid":5022},{"union_rowno":3,"row":809,"routeno":"TATA ELEXI-06","responsecode":200,"routeparentid":2235},{"union_rowno":3,"row":810,"routeno":"Test-263","responsecode":200,"routeparentid":6113},{"union_rowno":3,"row":811,"routeno":"TPL-6H","responsecode":200,"routeparentid":5462},{"union_rowno":3,"row":812,"routeno":"V-226ELC","responsecode":200,"routeparentid":2222},{"union_rowno":3,"row":813,"routeno":"V-226HBL","responsecode":200,"routeparentid":2244},{"union_rowno":3,"row":814,"routeno":"V-226HSR","responsecode":200,"routeparentid":2209},{"union_rowno":3,"row":815,"routeno":"V-226KBS","responsecode":200,"routeparentid":2130},{"union_rowno":3,"row":816,"routeno":"V-226SBS","responsecode":200,"routeparentid":2159},{"union_rowno":3,"row":817,"routeno":"V-226WF","responsecode":200,"routeparentid":1704},{"union_rowno":3,"row":818,"routeno":"V-226YBS","responsecode":200,"routeparentid":2350},{"union_rowno":3,"row":819,"routeno":"V-276","responsecode":200,"routeparentid":2128},{"union_rowno":3,"row":820,"routeno":"V-356","responsecode":200,"routeparentid":2156},{"union_rowno":3,"row":821,"routeno":"V-356C KBS-ELCWG","responsecode":200,"routeparentid":6492},{"union_rowno":3,"row":822,"routeno":"V-356M","responsecode":200,"routeparentid":2154},{"union_rowno":3,"row":823,"routeno":"V-356M FLY","responsecode":200,"routeparentid":2155},{"union_rowno":3,"row":824,"routeno":"V-360B","responsecode":200,"routeparentid":1098},{"union_rowno":3,"row":825,"routeno":"V-360B D25G-ATB","responsecode":200,"routeparentid":2264},{"union_rowno":3,"row":826,"routeno":"V-360B Flyover","responsecode":200,"routeparentid":6552},{"union_rowno":3,"row":827,"routeno":"V-365","responsecode":200,"routeparentid":2027},{"union_rowno":3,"row":828,"routeno":"V-365 KBS-RMM","responsecode":200,"routeparentid":4834},{"union_rowno":3,"row":829,"routeno":"V-365 KMK-BNP","responsecode":200,"routeparentid":6189},{"union_rowno":3,"row":830,"routeno":"V-365J","responsecode":200,"routeparentid":1992},{"union_rowno":3,"row":831,"routeno":"V-365P","responsecode":200,"routeparentid":2034},{"union_rowno":3,"row":832,"routeno":"V-365Y","responsecode":200,"routeparentid":2029},{"union_rowno":3,"row":833,"routeno":"V-368","responsecode":200,"routeparentid":7061},{"union_rowno":3,"row":834,"routeno":"V-600K","responsecode":200,"routeparentid":2226},{"union_rowno":3,"row":835,"routeno":"V-600NL","responsecode":200,"routeparentid":7325},{"union_rowno":3,"row":836,"routeno":"V-61F","responsecode":200,"routeparentid":3780},{"union_rowno":3,"row":837,"routeno":"VLS-6","responsecode":200,"routeparentid":4432},{"union_rowno":3,"row":838,"routeno":"V-MF6","responsecode":200,"routeparentid":2252},{"union_rowno":3,"row":839,"routeno":"VNS-16","responsecode":200,"routeparentid":4659},{"union_rowno":3,"row":840,"routeno":"VNS-6","responsecode":200,"routeparentid":4796},{"union_rowno":3,"row":841,"routeno":"VPS-16","responsecode":200,"routeparentid":4214},{"union_rowno":3,"row":843,"routeno":"VPS-6","responsecode":200,"routeparentid":4107},{"union_rowno":3,"row":844,"routeno":"V-TATA ELEXI-006","responsecode":200,"routeparentid":6015}],"Message":"Success","Issuccess":true,"exception":null,"RowCount":781,"responsecode":200}