{"data":[{"union_rowno":2,"row":2,"routeno":"726-test","responsecode":200,"routeparentid":6467},{"union_rowno":2,"row":4,"routeno":"75-B","responsecode":200,"routeparentid":1569},{"union_rowno":2,"row":5,"routeno":"75-B CLO-MBS","responsecode":200,"routeparentid":1570},{"union_rowno":2,"row":7,"routeno":"75-B YTTMC-MBS-MCTC","responsecode":200,"routeparentid":3047},{"union_rowno":2,"row":9,"routeno":"75 DPJN-MBS","responsecode":200,"routeparentid":4042},{"union_rowno":2,"row":11,"routeno":"75-E","responsecode":200,"routeparentid":4034},{"union_rowno":2,"row":13,"routeno":"75-E YTTMC-MBS-GKWLO","responsecode":200,"routeparentid":4989},{"union_rowno":2,"row":16,"routeno":"75-F","responsecode":200,"routeparentid":4023},{"union_rowno":2,"row":18,"routeno":"75-H","responsecode":200,"routeparentid":2815},{"union_rowno":2,"row":20,"routeno":"77","responsecode":200,"routeparentid":4992},{"union_rowno":2,"row":22,"routeno":"77-A","responsecode":200,"routeparentid":4181},{"union_rowno":2,"row":24,"routeno":"77-B","responsecode":200,"routeparentid":5094},{"union_rowno":2,"row":25,"routeno":"77-C","responsecode":200,"routeparentid":5080},{"union_rowno":2,"row":28,"routeno":"77-E","responsecode":200,"routeparentid":4988},{"union_rowno":2,"row":29,"routeno":"77-E YTTMC-KMT","responsecode":200,"routeparentid":5860},{"union_rowno":2,"row":32,"routeno":"77 KMT-D31G","responsecode":200,"routeparentid":6655},{"union_rowno":2,"row":33,"routeno":"77 YTTMC-MLO","responsecode":200,"routeparentid":5044},{"union_rowno":2,"row":36,"routeno":"78","responsecode":200,"routeparentid":5056},{"union_rowno":2,"row":37,"routeno":"79-A","responsecode":200,"routeparentid":5086},{"union_rowno":2,"row":39,"routeno":"79-B","responsecode":200,"routeparentid":5073},{"union_rowno":2,"row":42,"routeno":"79-B YTTMC-BRC","responsecode":200,"routeparentid":5074},{"union_rowno":2,"row":44,"routeno":"79-D","responsecode":200,"routeparentid":4986},{"union_rowno":2,"row":46,"routeno":"79-E","responsecode":200,"routeparentid":4980},{"union_rowno":2,"row":48,"routeno":"79-E MYH-SBS-NLO","responsecode":200,"routeparentid":4984},{"union_rowno":2,"row":49,"routeno":"79-E NLO-VSD-SBS-MYH","responsecode":200,"routeparentid":4982},{"union_rowno":2,"row":51,"routeno":"79E VSD-NLO","responsecode":200,"routeparentid":4985},{"union_rowno":2,"row":53,"routeno":"79-F","responsecode":200,"routeparentid":4978},{"union_rowno":2,"row":55,"routeno":"79-G","responsecode":200,"routeparentid":4300},{"union_rowno":2,"row":58,"routeno":"79-G VSD-VSDLO","responsecode":200,"routeparentid":4317},{"union_rowno":2,"row":59,"routeno":"79-G VSDLO-VSD-SBS","responsecode":200,"routeparentid":4306},{"union_rowno":2,"row":62,"routeno":"79-J","responsecode":200,"routeparentid":5071},{"union_rowno":2,"row":64,"routeno":"79-K","responsecode":200,"routeparentid":4954},{"union_rowno":2,"row":66,"routeno":"79-K SBS-CVN","responsecode":200,"routeparentid":6286},{"union_rowno":3,"row":1,"routeno":"107-C","responsecode":200,"routeparentid":1248},{"union_rowno":3,"row":2,"routeno":"107-C D14G-CMS","responsecode":200,"routeparentid":4797},{"union_rowno":3,"row":3,"routeno":"107-C D14G-SBS","responsecode":200,"routeparentid":4589},{"union_rowno":3,"row":4,"routeno":"127","responsecode":200,"routeparentid":1249},{"union_rowno":3,"row":5,"routeno":"170","responsecode":200,"routeparentid":7472},{"union_rowno":3,"row":6,"routeno":"171","responsecode":200,"routeparentid":1037},{"union_rowno":3,"row":7,"routeno":"171-C","responsecode":200,"routeparentid":1275},{"union_rowno":3,"row":8,"routeno":"171-F","responsecode":200,"routeparentid":5041},{"union_rowno":3,"row":9,"routeno":"171-G","responsecode":200,"routeparentid":1008},{"union_rowno":3,"row":10,"routeno":"171-G KBS-HSR KEB","responsecode":200,"routeparentid":7519},{"union_rowno":3,"row":11,"routeno":"171-H","responsecode":200,"routeparentid":2112},{"union_rowno":3,"row":12,"routeno":"171 KBS-HSR KEB","responsecode":200,"routeparentid":7521},{"union_rowno":3,"row":13,"routeno":"171 KBS-SNBS TEST","responsecode":200,"routeparentid":7321},{"union_rowno":3,"row":14,"routeno":"171 KBS-SNCA","responsecode":200,"routeparentid":5523},{"union_rowno":3,"row":15,"routeno":"174","responsecode":200,"routeparentid":1690},{"union_rowno":3,"row":16,"routeno":"176","responsecode":200,"routeparentid":1567},{"union_rowno":3,"row":17,"routeno":"176-A","responsecode":200,"routeparentid":1573},{"union_rowno":3,"row":18,"routeno":"176-CA","responsecode":200,"routeparentid":1767},{"union_rowno":3,"row":19,"routeno":"176 CLO-KVB","responsecode":200,"routeparentid":1571},{"union_rowno":3,"row":20,"routeno":"176-E","responsecode":200,"routeparentid":1768},{"union_rowno":3,"row":21,"routeno":"176-E KBR-DPN","responsecode":200,"routeparentid":5768},{"union_rowno":3,"row":22,"routeno":"176 HPN-RGH","responsecode":200,"routeparentid":6932},{"union_rowno":3,"row":23,"routeno":"217","responsecode":200,"routeparentid":2349},{"union_rowno":3,"row":24,"routeno":"217-D","responsecode":200,"routeparentid":2229},{"union_rowno":3,"row":25,"routeno":"217-D KBS-SHV","responsecode":200,"routeparentid":3911},{"union_rowno":3,"row":26,"routeno":"217-D SMP-VSD-KBS","responsecode":200,"routeparentid":7096},{"union_rowno":3,"row":27,"routeno":"217-E","responsecode":200,"routeparentid":7150},{"union_rowno":3,"row":29,"routeno":"227.","responsecode":200,"routeparentid":1339},{"union_rowno":3,"row":30,"routeno":"227-A","responsecode":200,"routeparentid":1350},{"union_rowno":3,"row":31,"routeno":"227-A BEML5-MYS","responsecode":200,"routeparentid":1384},{"union_rowno":3,"row":32,"routeno":"227-A SBS-MYS","responsecode":200,"routeparentid":1383},{"union_rowno":3,"row":33,"routeno":"227-B","responsecode":200,"routeparentid":1353},{"union_rowno":3,"row":34,"routeno":"227-BA","responsecode":200,"routeparentid":1352},{"union_rowno":3,"row":35,"routeno":"227-C","responsecode":200,"routeparentid":1354},{"union_rowno":3,"row":36,"routeno":"227-D","responsecode":200,"routeparentid":1355},{"union_rowno":3,"row":37,"routeno":"227-E","responsecode":200,"routeparentid":1356},{"union_rowno":3,"row":38,"routeno":"227-F","responsecode":200,"routeparentid":1357},{"union_rowno":3,"row":39,"routeno":"227-G","responsecode":200,"routeparentid":1358},{"union_rowno":3,"row":40,"routeno":"227-G KMT-JMP","responsecode":200,"routeparentid":3966},{"union_rowno":3,"row":41,"routeno":"227-GA","responsecode":200,"routeparentid":1360},{"union_rowno":3,"row":42,"routeno":"227-GA STBEN-KMT-KBS","responsecode":200,"routeparentid":5218},{"union_rowno":3,"row":43,"routeno":"227-H","responsecode":200,"routeparentid":1361},{"union_rowno":3,"row":44,"routeno":"227-H KPL-KMT-KBS","responsecode":200,"routeparentid":7793},{"union_rowno":3,"row":45,"routeno":"227-HA","responsecode":200,"routeparentid":1362},{"union_rowno":3,"row":46,"routeno":"227-HA SBS-KBS-KRBP","responsecode":200,"routeparentid":7883},{"union_rowno":3,"row":47,"routeno":"227-J","responsecode":200,"routeparentid":1363},{"union_rowno":3,"row":48,"routeno":"227-K","responsecode":200,"routeparentid":1364},{"union_rowno":3,"row":49,"routeno":"227-K KMT-SLVR-BSM","responsecode":200,"routeparentid":7332},{"union_rowno":3,"row":50,"routeno":"227-L","responsecode":200,"routeparentid":1365},{"union_rowno":3,"row":51,"routeno":"227-M","responsecode":200,"routeparentid":6028},{"union_rowno":3,"row":52,"routeno":"227-N","responsecode":200,"routeparentid":1366},{"union_rowno":3,"row":53,"routeno":"227-NA","responsecode":200,"routeparentid":1368},{"union_rowno":3,"row":54,"routeno":"227-P","responsecode":200,"routeparentid":1369},{"union_rowno":3,"row":55,"routeno":"227-P KBS-HNG","responsecode":200,"routeparentid":1388},{"union_rowno":3,"row":56,"routeno":"227-P KBS-KSP","responsecode":200,"routeparentid":7587},{"union_rowno":3,"row":57,"routeno":"227-P KMT-KSP","responsecode":200,"routeparentid":7588},{"union_rowno":3,"row":58,"routeno":"227-Q","responsecode":200,"routeparentid":1370},{"union_rowno":3,"row":59,"routeno":"227-R","responsecode":200,"routeparentid":1371},{"union_rowno":3,"row":60,"routeno":"227-RA","responsecode":200,"routeparentid":1835},{"union_rowno":3,"row":61,"routeno":"227-RB","responsecode":200,"routeparentid":1372},{"union_rowno":3,"row":62,"routeno":"227-RC","responsecode":200,"routeparentid":1373},{"union_rowno":3,"row":63,"routeno":"227-RC CDPC-KBS-KMT","responsecode":200,"routeparentid":1420},{"union_rowno":3,"row":64,"routeno":"227 RMH-SBS","responsecode":200,"routeparentid":6380},{"union_rowno":3,"row":65,"routeno":"227-S","responsecode":200,"routeparentid":1374},{"union_rowno":3,"row":66,"routeno":"227-S SBS-MCB","responsecode":200,"routeparentid":1836},{"union_rowno":3,"row":67,"routeno":"227 SBS-KMT FLY-CDC","responsecode":200,"routeparentid":7882},{"union_rowno":3,"row":68,"routeno":"227 SBS-KMT FLY-RMH","responsecode":200,"routeparentid":1340},{"union_rowno":3,"row":69,"routeno":"227-T","responsecode":200,"routeparentid":1375},{"union_rowno":3,"row":70,"routeno":"227-T BEML5-CKT","responsecode":200,"routeparentid":1422},{"union_rowno":3,"row":71,"routeno":"227-U","responsecode":200,"routeparentid":7895},{"union_rowno":3,"row":72,"routeno":"227-UB","responsecode":200,"routeparentid":1377},{"union_rowno":3,"row":73,"routeno":"227-V","responsecode":200,"routeparentid":1380},{"union_rowno":3,"row":74,"routeno":"227-VA","responsecode":200,"routeparentid":6885},{"union_rowno":3,"row":75,"routeno":"227VA-KMT-MCBC","responsecode":200,"routeparentid":7434},{"union_rowno":3,"row":76,"routeno":"227-VB","responsecode":200,"routeparentid":1389},{"union_rowno":3,"row":77,"routeno":"227-VB SBS-GDGD","responsecode":200,"routeparentid":5411},{"union_rowno":3,"row":78,"routeno":"227-VC","responsecode":200,"routeparentid":6990},{"union_rowno":3,"row":79,"routeno":"227-W","responsecode":200,"routeparentid":1391},{"union_rowno":3,"row":80,"routeno":"227-W BEML5-AVH","responsecode":200,"routeparentid":1441},{"union_rowno":3,"row":81,"routeno":"227-Y","responsecode":200,"routeparentid":1392},{"union_rowno":3,"row":82,"routeno":"227-Z","responsecode":200,"routeparentid":1393},{"union_rowno":3,"row":83,"routeno":"227-ZA","responsecode":200,"routeparentid":1394},{"union_rowno":3,"row":84,"routeno":"227-ZA KMT-KGLHL","responsecode":200,"routeparentid":6975},{"union_rowno":3,"row":85,"routeno":"227-ZA KMT-KLR-TMP","responsecode":200,"routeparentid":7106},{"union_rowno":3,"row":86,"routeno":"237-C","responsecode":200,"routeparentid":1476},{"union_rowno":3,"row":87,"routeno":"237-C DPJN-BMBS","responsecode":200,"routeparentid":1477},{"union_rowno":3,"row":88,"routeno":"237-J","responsecode":200,"routeparentid":1102},{"union_rowno":3,"row":89,"routeno":"237-J CLO-PSN","responsecode":200,"routeparentid":7730},{"union_rowno":3,"row":90,"routeno":"237-J PSN-KBS","responsecode":200,"routeparentid":1103},{"union_rowno":3,"row":91,"routeno":"247","responsecode":200,"routeparentid":3892},{"union_rowno":3,"row":92,"routeno":"257","responsecode":200,"routeparentid":2655},{"union_rowno":3,"row":93,"routeno":"257-A","responsecode":200,"routeparentid":1611},{"union_rowno":3,"row":94,"routeno":"257-A DSP-HRH","responsecode":200,"routeparentid":3307},{"union_rowno":3,"row":95,"routeno":"257-A HKH-KBS","responsecode":200,"routeparentid":1743},{"union_rowno":3,"row":96,"routeno":"257-B","responsecode":200,"routeparentid":2657},{"union_rowno":3,"row":97,"routeno":"257-B DSP-MDVR","responsecode":200,"routeparentid":3309},{"union_rowno":3,"row":98,"routeno":"257-C","responsecode":200,"routeparentid":2661},{"union_rowno":3,"row":99,"routeno":"257-C ASK-RVT","responsecode":200,"routeparentid":3310},{"union_rowno":3,"row":100,"routeno":"257-C D43G-RVH","responsecode":200,"routeparentid":7911},{"union_rowno":3,"row":101,"routeno":"257-C KBS-YBS-KTN","responsecode":200,"routeparentid":7929},{"union_rowno":3,"row":102,"routeno":"257-D","responsecode":200,"routeparentid":2783},{"union_rowno":3,"row":103,"routeno":"257-E","responsecode":200,"routeparentid":3316},{"union_rowno":3,"row":104,"routeno":"257-E DSP-ALR","responsecode":200,"routeparentid":3320},{"union_rowno":3,"row":105,"routeno":"257-G","responsecode":200,"routeparentid":3424},{"union_rowno":3,"row":106,"routeno":"257-G ASK-AKMV","responsecode":200,"routeparentid":5869},{"union_rowno":3,"row":107,"routeno":"257-H","responsecode":200,"routeparentid":3327},{"union_rowno":3,"row":108,"routeno":"267","responsecode":200,"routeparentid":6999},{"union_rowno":3,"row":109,"routeno":"267-A","responsecode":200,"routeparentid":7074},{"union_rowno":3,"row":110,"routeno":"267-A D45G-HSG","responsecode":200,"routeparentid":7076},{"union_rowno":3,"row":111,"routeno":"267-A SBS-D45G","responsecode":200,"routeparentid":7075},{"union_rowno":3,"row":112,"routeno":"27","responsecode":200,"routeparentid":1165},{"union_rowno":3,"row":113,"routeno":"270","responsecode":200,"routeparentid":4700},{"union_rowno":3,"row":114,"routeno":"270-D","responsecode":200,"routeparentid":4756},{"union_rowno":3,"row":115,"routeno":"270-D PSS-ABG","responsecode":200,"routeparentid":4759},{"union_rowno":3,"row":116,"routeno":"271-A","responsecode":200,"routeparentid":3906},{"union_rowno":3,"row":117,"routeno":"271-A KBS-VSD-ABG","responsecode":200,"routeparentid":3908},{"union_rowno":3,"row":118,"routeno":"271-A KMT-ABG","responsecode":200,"routeparentid":6909},{"union_rowno":3,"row":119,"routeno":"271-B","responsecode":200,"routeparentid":4762},{"union_rowno":3,"row":120,"routeno":"271-B KMT-2KVP","responsecode":200,"routeparentid":4765},{"union_rowno":3,"row":121,"routeno":"271-C","responsecode":200,"routeparentid":4280},{"union_rowno":3,"row":122,"routeno":"271-C KBS-VSD-SGP","responsecode":200,"routeparentid":4282},{"union_rowno":3,"row":123,"routeno":"271-D","responsecode":200,"routeparentid":4770},{"union_rowno":3,"row":124,"routeno":"271-F","responsecode":200,"routeparentid":3884},{"union_rowno":3,"row":125,"routeno":"271-F KMT-HGV","responsecode":200,"routeparentid":4779},{"union_rowno":3,"row":126,"routeno":"271-F KMT-VSD-CKB","responsecode":200,"routeparentid":3904},{"union_rowno":3,"row":127,"routeno":"271-F-SNBS-HGV","responsecode":200,"routeparentid":4724},{"union_rowno":3,"row":128,"routeno":"271-J","responsecode":200,"routeparentid":4777},{"union_rowno":3,"row":129,"routeno":"271-K","responsecode":200,"routeparentid":3459},{"union_rowno":3,"row":130,"routeno":"271-K MTK-VSD-KBS","responsecode":200,"routeparentid":6618},{"union_rowno":3,"row":131,"routeno":"271-K MTNR-YTTMC","responsecode":200,"routeparentid":6619},{"union_rowno":3,"row":132,"routeno":"271-K VSD","responsecode":200,"routeparentid":3462},{"union_rowno":3,"row":133,"routeno":"271 KBS-BELF","responsecode":200,"routeparentid":4192},{"union_rowno":3,"row":134,"routeno":"271-N","responsecode":200,"routeparentid":4295},{"union_rowno":3,"row":135,"routeno":"271-PA","responsecode":200,"routeparentid":4898},{"union_rowno":3,"row":136,"routeno":"271-PA YTTMC-CKB","responsecode":200,"routeparentid":4902},{"union_rowno":3,"row":137,"routeno":"271-T","responsecode":200,"routeparentid":4304},{"union_rowno":3,"row":138,"routeno":"271-T D45-JGA","responsecode":200,"routeparentid":4308},{"union_rowno":3,"row":139,"routeno":"271-T SNBS-JGA","responsecode":200,"routeparentid":5765},{"union_rowno":3,"row":140,"routeno":"271-TA","responsecode":200,"routeparentid":4268},{"union_rowno":3,"row":141,"routeno":"272-B","responsecode":200,"routeparentid":4309},{"union_rowno":3,"row":142,"routeno":"272-E","responsecode":200,"routeparentid":4285},{"union_rowno":3,"row":143,"routeno":"272-E SBS-D45","responsecode":200,"routeparentid":4290},{"union_rowno":3,"row":144,"routeno":"273","responsecode":200,"routeparentid":2559},{"union_rowno":3,"row":145,"routeno":"273-B","responsecode":200,"routeparentid":4784},{"union_rowno":3,"row":146,"routeno":"273-B KMT-ABG","responsecode":200,"routeparentid":4801},{"union_rowno":3,"row":147,"routeno":"273-B PSS-ABG","responsecode":200,"routeparentid":4798},{"union_rowno":3,"row":148,"routeno":"273-C","responsecode":200,"routeparentid":2566},{"union_rowno":3,"row":149,"routeno":"273-E","responsecode":200,"routeparentid":4805},{"union_rowno":3,"row":150,"routeno":"273-H","responsecode":200,"routeparentid":4812},{"union_rowno":3,"row":151,"routeno":"273-H KBS-VSD-JHC","responsecode":200,"routeparentid":4818},{"union_rowno":3,"row":152,"routeno":"273-H SBS-SDN","responsecode":200,"routeparentid":4835},{"union_rowno":3,"row":153,"routeno":"273-HMTCLUB-MTK-RMCPF","responsecode":200,"routeparentid":7401},{"union_rowno":3,"row":154,"routeno":"273 KBS-HMTA-PSBS","responsecode":200,"routeparentid":6988},{"union_rowno":3,"row":155,"routeno":"273-PS","responsecode":200,"routeparentid":2577},{"union_rowno":3,"row":156,"routeno":"273 PSS-CJP","responsecode":200,"routeparentid":2883},{"union_rowno":3,"row":157,"routeno":"273 RMCPFO-BELC-JHC","responsecode":200,"routeparentid":4915},{"union_rowno":3,"row":158,"routeno":"275-A","responsecode":200,"routeparentid":3956},{"union_rowno":3,"row":159,"routeno":"276","responsecode":200,"routeparentid":2105},{"union_rowno":3,"row":160,"routeno":"276-A","responsecode":200,"routeparentid":2527},{"union_rowno":3,"row":161,"routeno":"276-A SBS-BELF","responsecode":200,"routeparentid":6896},{"union_rowno":3,"row":162,"routeno":"276-A SBS-VRP-D45","responsecode":200,"routeparentid":2556},{"union_rowno":3,"row":163,"routeno":"276-AB","responsecode":200,"routeparentid":2528},{"union_rowno":3,"row":164,"routeno":"276-B","responsecode":200,"routeparentid":2530},{"union_rowno":3,"row":165,"routeno":"276-B D45G-VPP","responsecode":200,"routeparentid":2565},{"union_rowno":3,"row":166,"routeno":"276 BELF-KBS","responsecode":200,"routeparentid":6915},{"union_rowno":3,"row":167,"routeno":"276-C","responsecode":200,"routeparentid":2533},{"union_rowno":3,"row":168,"routeno":"276 D45-VRP-KBS","responsecode":200,"routeparentid":2107},{"union_rowno":3,"row":169,"routeno":"276 D45-VRP-KMT","responsecode":200,"routeparentid":3673},{"union_rowno":3,"row":170,"routeno":"276-E","responsecode":200,"routeparentid":6275},{"union_rowno":3,"row":171,"routeno":"276-E KMT-MTK-VRP-D45","responsecode":200,"routeparentid":6308},{"union_rowno":3,"row":172,"routeno":"276-E SBS-D45G","responsecode":200,"routeparentid":2601},{"union_rowno":3,"row":173,"routeno":"276-F","responsecode":200,"routeparentid":2534},{"union_rowno":3,"row":174,"routeno":"276-F KBS-YSTF","responsecode":200,"routeparentid":6656},{"union_rowno":3,"row":175,"routeno":"276-F KMT-YHKOT","responsecode":200,"routeparentid":6288},{"union_rowno":3,"row":176,"routeno":"276 KBS-BELF","responsecode":200,"routeparentid":4995},{"union_rowno":3,"row":177,"routeno":"276 KBS-MSP-D45G","responsecode":200,"routeparentid":2568},{"union_rowno":3,"row":178,"routeno":"276 KBS-PTH","responsecode":200,"routeparentid":2106},{"union_rowno":3,"row":179,"routeno":"276 KBS-VRP-D45G","responsecode":200,"routeparentid":4204},{"union_rowno":3,"row":180,"routeno":"276 KBS-VRP-MSP","responsecode":200,"routeparentid":5090},{"union_rowno":3,"row":181,"routeno":"276-N","responsecode":200,"routeparentid":2542},{"union_rowno":3,"row":182,"routeno":"276 PTH-VRP-KBS","responsecode":200,"routeparentid":2835},{"union_rowno":3,"row":183,"routeno":"276 SNBS-VRP","responsecode":200,"routeparentid":3260},{"union_rowno":3,"row":184,"routeno":"276 VSD","responsecode":200,"routeparentid":2109},{"union_rowno":3,"row":185,"routeno":"276 VSD-MKC-VRP-MSP","responsecode":200,"routeparentid":7692},{"union_rowno":3,"row":186,"routeno":"278-A","responsecode":200,"routeparentid":2544},{"union_rowno":3,"row":187,"routeno":"278-E","responsecode":200,"routeparentid":2547},{"union_rowno":3,"row":188,"routeno":"278-E ARMY-SBS-BPS","responsecode":200,"routeparentid":7285},{"union_rowno":3,"row":189,"routeno":"278 HBL-RTN-SBS","responsecode":200,"routeparentid":4669},{"union_rowno":3,"row":190,"routeno":"279","responsecode":200,"routeparentid":2582},{"union_rowno":3,"row":191,"routeno":"279-A","responsecode":200,"routeparentid":2588},{"union_rowno":3,"row":192,"routeno":"279-A D14G-MKC-KMT","responsecode":200,"routeparentid":7702},{"union_rowno":3,"row":193,"routeno":"279-A HBL-VSD-KMT","responsecode":200,"routeparentid":7701},{"union_rowno":3,"row":194,"routeno":"279-E","responsecode":200,"routeparentid":2591},{"union_rowno":3,"row":195,"routeno":"279-E  KBS-D14G","responsecode":200,"routeparentid":4626},{"union_rowno":3,"row":196,"routeno":"279-E BPS-HBL-D45G","responsecode":200,"routeparentid":2580},{"union_rowno":3,"row":197,"routeno":"279-E D14G-RTNPS-BPS-HBL","responsecode":200,"routeparentid":5693},{"union_rowno":3,"row":198,"routeno":"279-E HBL-MSP-D45G","responsecode":200,"routeparentid":6657},{"union_rowno":3,"row":199,"routeno":"279-E KBS-VSD-HBL","responsecode":200,"routeparentid":4327},{"union_rowno":3,"row":200,"routeno":"279-E KBS-WMR","responsecode":200,"routeparentid":6373},{"union_rowno":3,"row":201,"routeno":"279-E RTNPS-HBL","responsecode":200,"routeparentid":2598},{"union_rowno":3,"row":202,"routeno":"279-F","responsecode":200,"routeparentid":2603},{"union_rowno":3,"row":203,"routeno":"279-H","responsecode":200,"routeparentid":6451},{"union_rowno":3,"row":204,"routeno":"279 RTNP-BPS","responsecode":200,"routeparentid":2572},{"union_rowno":3,"row":205,"routeno":"27 BTT-VSD-SBS","responsecode":200,"routeparentid":7620},{"union_rowno":3,"row":206,"routeno":"27-E","responsecode":200,"routeparentid":3810},{"union_rowno":3,"row":207,"routeno":"27-E JNN-VSD-SBS","responsecode":200,"routeparentid":1770},{"union_rowno":3,"row":208,"routeno":"287-A","responsecode":200,"routeparentid":6358},{"union_rowno":3,"row":209,"routeno":"287-A ARMY-KDHG","responsecode":200,"routeparentid":7289},{"union_rowno":3,"row":210,"routeno":"287-A RTNPS-HBLB","responsecode":200,"routeparentid":2662},{"union_rowno":3,"row":211,"routeno":"287-C","responsecode":200,"routeparentid":4338},{"union_rowno":3,"row":212,"routeno":"287-D","responsecode":200,"routeparentid":3346},{"union_rowno":3,"row":213,"routeno":"287-E","responsecode":200,"routeparentid":4650},{"union_rowno":3,"row":214,"routeno":"287-F","responsecode":200,"routeparentid":4661},{"union_rowno":3,"row":215,"routeno":"287-G","responsecode":200,"routeparentid":4517},{"union_rowno":3,"row":216,"routeno":"287-JA","responsecode":200,"routeparentid":4150},{"union_rowno":3,"row":217,"routeno":"287-JA D45G-CBL","responsecode":200,"routeparentid":4151},{"union_rowno":3,"row":218,"routeno":"287-K","responsecode":200,"routeparentid":4156},{"union_rowno":3,"row":219,"routeno":"287-N","responsecode":200,"routeparentid":6359},{"union_rowno":3,"row":220,"routeno":"287-P","responsecode":200,"routeparentid":4667},{"union_rowno":3,"row":221,"routeno":"297","responsecode":200,"routeparentid":3708},{"union_rowno":3,"row":222,"routeno":"297-A","responsecode":200,"routeparentid":3737},{"union_rowno":3,"row":223,"routeno":"297-A ISNH-KBS","responsecode":200,"routeparentid":3742},{"union_rowno":3,"row":224,"routeno":"297-B","responsecode":200,"routeparentid":4046},{"union_rowno":3,"row":225,"routeno":"297-B DVGH-KBS","responsecode":200,"routeparentid":4050},{"union_rowno":3,"row":226,"routeno":"297-C","responsecode":200,"routeparentid":7072},{"union_rowno":3,"row":227,"routeno":"297-F","responsecode":200,"routeparentid":4545},{"union_rowno":3,"row":228,"routeno":"297-F YHKOT-BVP","responsecode":200,"routeparentid":4549},{"union_rowno":3,"row":229,"routeno":"297-G","responsecode":200,"routeparentid":1527},{"union_rowno":3,"row":230,"routeno":"297-G KBS-DCH","responsecode":200,"routeparentid":1529},{"union_rowno":3,"row":231,"routeno":"297-G PTH-DCH","responsecode":200,"routeparentid":1528},{"union_rowno":3,"row":232,"routeno":"297-H","responsecode":200,"routeparentid":5064},{"union_rowno":3,"row":233,"routeno":"297-H PTH-HGNH","responsecode":200,"routeparentid":5700},{"union_rowno":3,"row":234,"routeno":"297-J DVH-DBP","responsecode":200,"routeparentid":6748},{"union_rowno":3,"row":235,"routeno":"297-K","responsecode":200,"routeparentid":4556},{"union_rowno":3,"row":236,"routeno":"297-K KMT-VNP","responsecode":200,"routeparentid":4566},{"union_rowno":3,"row":237,"routeno":"297-K PTH-VNP","responsecode":200,"routeparentid":6300},{"union_rowno":3,"row":238,"routeno":"297-K VNP-KBS","responsecode":200,"routeparentid":4561},{"union_rowno":3,"row":239,"routeno":"297-M","responsecode":200,"routeparentid":5068},{"union_rowno":3,"row":240,"routeno":"297 NGH-KBS","responsecode":200,"routeparentid":3709},{"union_rowno":3,"row":241,"routeno":"304-V D47G-SNP","responsecode":200,"routeparentid":2941},{"union_rowno":3,"row":242,"routeno":"306 D47G-DVG","responsecode":200,"routeparentid":3011},{"union_rowno":3,"row":243,"routeno":"307","responsecode":200,"routeparentid":3076},{"union_rowno":3,"row":244,"routeno":"307-A","responsecode":200,"routeparentid":6470},{"union_rowno":3,"row":245,"routeno":"307-A MDR-VRH","responsecode":200,"routeparentid":6770},{"union_rowno":3,"row":246,"routeno":"307-C","responsecode":200,"routeparentid":3084},{"union_rowno":3,"row":247,"routeno":"307-C KBS-VGBDAN","responsecode":200,"routeparentid":3289},{"union_rowno":3,"row":248,"routeno":"307 SBS-RMP","responsecode":200,"routeparentid":7111},{"union_rowno":3,"row":249,"routeno":"316-F CMS-MND-D47G","responsecode":200,"routeparentid":3195},{"union_rowno":3,"row":250,"routeno":"316 SBS-D47 MDR","responsecode":200,"routeparentid":2979},{"union_rowno":3,"row":251,"routeno":"317-A D24G-ITIG-KBS","responsecode":200,"routeparentid":6643},{"union_rowno":3,"row":252,"routeno":"317-A D24G-KBS","responsecode":200,"routeparentid":2918},{"union_rowno":3,"row":253,"routeno":"317-A KBS-VSD-HSK","responsecode":200,"routeparentid":2812},{"union_rowno":3,"row":254,"routeno":"317-B","responsecode":200,"routeparentid":3221},{"union_rowno":3,"row":255,"routeno":"317-B D47 MDR-KNM","responsecode":200,"routeparentid":3271},{"union_rowno":3,"row":256,"routeno":"317-C","responsecode":200,"routeparentid":3224},{"union_rowno":3,"row":257,"routeno":"317-D","responsecode":200,"routeparentid":3227},{"union_rowno":3,"row":258,"routeno":"317 D24G-HSK","responsecode":200,"routeparentid":2816},{"union_rowno":3,"row":259,"routeno":"317 D24G-ITIG-KMT","responsecode":200,"routeparentid":2921},{"union_rowno":3,"row":260,"routeno":"317-E","responsecode":200,"routeparentid":3231},{"union_rowno":3,"row":261,"routeno":"317-G","responsecode":200,"routeparentid":2220},{"union_rowno":3,"row":262,"routeno":"317-G VSD-HSK","responsecode":200,"routeparentid":5856},{"union_rowno":3,"row":263,"routeno":"317 HSK-BEML","responsecode":200,"routeparentid":4054},{"union_rowno":3,"row":264,"routeno":"317-J","responsecode":200,"routeparentid":4062},{"union_rowno":3,"row":265,"routeno":"317-J KCH-HSK-VRKD","responsecode":200,"routeparentid":7877},{"union_rowno":3,"row":266,"routeno":"317-K","responsecode":200,"routeparentid":3233},{"union_rowno":3,"row":267,"routeno":"317 KVUL-TNF-KRPGH","responsecode":200,"routeparentid":7381},{"union_rowno":3,"row":268,"routeno":"317-M","responsecode":200,"routeparentid":3234},{"union_rowno":3,"row":269,"routeno":"317-MA","responsecode":200,"routeparentid":3235},{"union_rowno":3,"row":270,"routeno":"317-MJ","responsecode":200,"routeparentid":7322},{"union_rowno":3,"row":271,"routeno":"317-N","responsecode":200,"routeparentid":3238},{"union_rowno":3,"row":272,"routeno":"317-P","responsecode":200,"routeparentid":3239},{"union_rowno":3,"row":273,"routeno":"317-Q","responsecode":200,"routeparentid":3240},{"union_rowno":3,"row":274,"routeno":"317-QK","responsecode":200,"routeparentid":3241},{"union_rowno":3,"row":275,"routeno":"317-R","responsecode":200,"routeparentid":6245},{"union_rowno":3,"row":276,"routeno":"317-S","responsecode":200,"routeparentid":3243},{"union_rowno":3,"row":277,"routeno":"317-S BGR-VRKD","responsecode":200,"routeparentid":7875},{"union_rowno":3,"row":278,"routeno":"317-SA","responsecode":200,"routeparentid":3244},{"union_rowno":3,"row":279,"routeno":"317-SB","responsecode":200,"routeparentid":7849},{"union_rowno":3,"row":280,"routeno":"317-T","responsecode":200,"routeparentid":3245},{"union_rowno":3,"row":281,"routeno":"317-TA","responsecode":200,"routeparentid":3247},{"union_rowno":3,"row":282,"routeno":"317-TA D24G-TBH","responsecode":200,"routeparentid":5475},{"union_rowno":3,"row":283,"routeno":"317-TD","responsecode":200,"routeparentid":3248},{"union_rowno":3,"row":284,"routeno":"317-V","responsecode":200,"routeparentid":3250},{"union_rowno":3,"row":285,"routeno":"317-V D39G-NDV","responsecode":200,"routeparentid":7733},{"union_rowno":3,"row":286,"routeno":"317-W","responsecode":200,"routeparentid":3253},{"union_rowno":3,"row":287,"routeno":"317-Y","responsecode":200,"routeparentid":3256},{"union_rowno":3,"row":288,"routeno":"317-YA","responsecode":200,"routeparentid":3259},{"union_rowno":3,"row":289,"routeno":"317-YB","responsecode":200,"routeparentid":3729},{"union_rowno":3,"row":290,"routeno":"317-YK","responsecode":200,"routeparentid":5386},{"union_rowno":3,"row":291,"routeno":"317-YK HSK-KGH","responsecode":200,"routeparentid":6381},{"union_rowno":3,"row":292,"routeno":"317-Z","responsecode":200,"routeparentid":6382},{"union_rowno":3,"row":293,"routeno":"327","responsecode":200,"routeparentid":3409},{"union_rowno":3,"row":294,"routeno":"327-A","responsecode":200,"routeparentid":3411},{"union_rowno":3,"row":295,"routeno":"327-B","responsecode":200,"routeparentid":3418},{"union_rowno":3,"row":296,"routeno":"327-B D41G-PND","responsecode":200,"routeparentid":3419},{"union_rowno":3,"row":297,"routeno":"327-B DMLA-KMT","responsecode":200,"routeparentid":7535},{"union_rowno":3,"row":298,"routeno":"327-C","responsecode":200,"routeparentid":1075},{"union_rowno":3,"row":299,"routeno":"327-E","responsecode":200,"routeparentid":3429},{"union_rowno":3,"row":300,"routeno":"327-E D41G-BGH","responsecode":200,"routeparentid":5799},{"union_rowno":3,"row":301,"routeno":"327-F","responsecode":200,"routeparentid":1263},{"union_rowno":3,"row":302,"routeno":"327-K","responsecode":200,"routeparentid":3209},{"union_rowno":3,"row":303,"routeno":"327 KMT-DMLA","responsecode":200,"routeparentid":7534},{"union_rowno":3,"row":304,"routeno":"327 KMT-HAL ARDC","responsecode":200,"routeparentid":6056},{"union_rowno":3,"row":305,"routeno":"344-A KMT-D27G","responsecode":200,"routeparentid":6967},{"union_rowno":3,"row":306,"routeno":"347","responsecode":200,"routeparentid":3538},{"union_rowno":3,"row":307,"routeno":"347-B","responsecode":200,"routeparentid":5950},{"union_rowno":3,"row":308,"routeno":"347-C","responsecode":200,"routeparentid":3550},{"union_rowno":3,"row":309,"routeno":"347-C KBS-LMG-CKBR","responsecode":200,"routeparentid":6978},{"union_rowno":3,"row":310,"routeno":"347-C KMT-CKBR","responsecode":200,"routeparentid":3552},{"union_rowno":3,"row":311,"routeno":"347-D","responsecode":200,"routeparentid":5606},{"union_rowno":3,"row":312,"routeno":"347-E","responsecode":200,"routeparentid":5605},{"union_rowno":3,"row":313,"routeno":"347-F","responsecode":200,"routeparentid":3517},{"union_rowno":3,"row":314,"routeno":"347-G","responsecode":200,"routeparentid":3565},{"union_rowno":3,"row":315,"routeno":"347-H","responsecode":200,"routeparentid":3567},{"union_rowno":3,"row":316,"routeno":"347-K","responsecode":200,"routeparentid":3569},{"union_rowno":3,"row":317,"routeno":"347-K CSB-AECSLS","responsecode":200,"routeparentid":3572},{"union_rowno":3,"row":318,"routeno":"347 KRMTTMC-KDL","responsecode":200,"routeparentid":3543},{"union_rowno":3,"row":319,"routeno":"347-L","responsecode":200,"routeparentid":3574},{"union_rowno":3,"row":320,"routeno":"347-L ELC-HSP","responsecode":200,"routeparentid":5832},{"union_rowno":3,"row":321,"routeno":"347-M","responsecode":200,"routeparentid":5492},{"union_rowno":3,"row":322,"routeno":"347-N","responsecode":200,"routeparentid":3582},{"union_rowno":3,"row":323,"routeno":"355-C KBS-D27G","responsecode":200,"routeparentid":3755},{"union_rowno":3,"row":324,"routeno":"357","responsecode":200,"routeparentid":4871},{"union_rowno":3,"row":325,"routeno":"357-A","responsecode":200,"routeparentid":5296},{"union_rowno":3,"row":326,"routeno":"357 KBS-BDP","responsecode":200,"routeparentid":4877},{"union_rowno":3,"row":327,"routeno":"365 D27G-BNP","responsecode":200,"routeparentid":7225},{"union_rowno":3,"row":328,"routeno":"365-J KBS-D27","responsecode":200,"routeparentid":3732},{"union_rowno":3,"row":329,"routeno":"365-J KBS-VSD-D27","responsecode":200,"routeparentid":5898},{"union_rowno":3,"row":330,"routeno":"365-J VSD-D27","responsecode":200,"routeparentid":3762},{"union_rowno":3,"row":331,"routeno":"365-P D27-ANK","responsecode":200,"routeparentid":3749},{"union_rowno":3,"row":332,"routeno":"365-P KBS-D27G","responsecode":200,"routeparentid":6917},{"union_rowno":3,"row":333,"routeno":"366-E KMT-D27","responsecode":200,"routeparentid":3738},{"union_rowno":3,"row":334,"routeno":"366-M D27G-BTRD","responsecode":200,"routeparentid":5115},{"union_rowno":3,"row":335,"routeno":"366-R D27G-VDP","responsecode":200,"routeparentid":7803},{"union_rowno":3,"row":336,"routeno":"367","responsecode":200,"routeparentid":4369},{"union_rowno":3,"row":337,"routeno":"367-B","responsecode":200,"routeparentid":2260},{"union_rowno":3,"row":338,"routeno":"367 BSK-RSD","responsecode":200,"routeparentid":4388},{"union_rowno":3,"row":339,"routeno":"367-D","responsecode":200,"routeparentid":2258},{"union_rowno":3,"row":340,"routeno":"367 D34G-RSD","responsecode":200,"routeparentid":4391},{"union_rowno":3,"row":341,"routeno":"368 SBS-D27G","responsecode":200,"routeparentid":7059},{"union_rowno":3,"row":342,"routeno":"37","responsecode":200,"routeparentid":1005},{"union_rowno":3,"row":343,"routeno":"370","responsecode":200,"routeparentid":2469},{"union_rowno":3,"row":344,"routeno":"370-A","responsecode":200,"routeparentid":2475},{"union_rowno":3,"row":345,"routeno":"370-A BGT-UJPD","responsecode":200,"routeparentid":7663},{"union_rowno":3,"row":346,"routeno":"370-A KBS-UJPD","responsecode":200,"routeparentid":3741},{"union_rowno":3,"row":347,"routeno":"370-A KMT-JBS-UJPD","responsecode":200,"routeparentid":3744},{"union_rowno":3,"row":348,"routeno":"370-B","responsecode":200,"routeparentid":2483},{"union_rowno":3,"row":349,"routeno":"370-B D27-KRTD","responsecode":200,"routeparentid":5099},{"union_rowno":3,"row":350,"routeno":"370-B D34G-KRTD","responsecode":200,"routeparentid":7594},{"union_rowno":3,"row":351,"routeno":"370-E","responsecode":200,"routeparentid":6322},{"union_rowno":3,"row":352,"routeno":"370-E D27G-RMND","responsecode":200,"routeparentid":6323},{"union_rowno":3,"row":353,"routeno":"370-E D34G-RND","responsecode":200,"routeparentid":7595},{"union_rowno":3,"row":354,"routeno":"371-A","responsecode":200,"routeparentid":2487},{"union_rowno":3,"row":355,"routeno":"371-C","responsecode":200,"routeparentid":7870},{"union_rowno":3,"row":356,"routeno":"371-D","responsecode":200,"routeparentid":2494},{"union_rowno":3,"row":357,"routeno":"371-D KMT-KGP","responsecode":200,"routeparentid":7590},{"union_rowno":3,"row":358,"routeno":"372","responsecode":200,"routeparentid":2495},{"union_rowno":3,"row":359,"routeno":"372-A","responsecode":200,"routeparentid":5998},{"union_rowno":3,"row":360,"routeno":"372-B","responsecode":200,"routeparentid":2502},{"union_rowno":3,"row":361,"routeno":"372-C","responsecode":200,"routeparentid":2505},{"union_rowno":3,"row":362,"routeno":"372-C D34G-NSB","responsecode":200,"routeparentid":4464},{"union_rowno":3,"row":363,"routeno":"372-E","responsecode":200,"routeparentid":2508},{"union_rowno":3,"row":364,"routeno":"372-E KBS-CNP","responsecode":200,"routeparentid":5105},{"union_rowno":3,"row":365,"routeno":"372-E KMT-HRG-CNP","responsecode":200,"routeparentid":5107},{"union_rowno":3,"row":366,"routeno":"372-F","responsecode":200,"routeparentid":2510},{"union_rowno":3,"row":367,"routeno":"372-J","responsecode":200,"routeparentid":2519},{"union_rowno":3,"row":368,"routeno":"372-M","responsecode":200,"routeparentid":2522},{"union_rowno":3,"row":369,"routeno":"372-MA","responsecode":200,"routeparentid":2529},{"union_rowno":3,"row":370,"routeno":"373-M","responsecode":200,"routeparentid":1793},{"union_rowno":3,"row":371,"routeno":"374-M","responsecode":200,"routeparentid":3977},{"union_rowno":3,"row":372,"routeno":"374-MA","responsecode":200,"routeparentid":2618},{"union_rowno":3,"row":373,"routeno":"374-N","responsecode":200,"routeparentid":3846},{"union_rowno":3,"row":374,"routeno":"374-N D31G-NMG","responsecode":200,"routeparentid":7704},{"union_rowno":3,"row":375,"routeno":"374-N D35G-TVK-NML","responsecode":200,"routeparentid":4314},{"union_rowno":3,"row":376,"routeno":"374-S","responsecode":200,"routeparentid":7726},{"union_rowno":3,"row":377,"routeno":"374-S NMG-KMT","responsecode":200,"routeparentid":7722},{"union_rowno":3,"row":378,"routeno":"375-B","responsecode":200,"routeparentid":3862},{"union_rowno":3,"row":379,"routeno":"375-D BEMLG-KGR","responsecode":200,"routeparentid":4833},{"union_rowno":3,"row":380,"routeno":"375-D BSK-JVS","responsecode":200,"routeparentid":5466},{"union_rowno":3,"row":381,"routeno":"375-D JGF-BSK","responsecode":200,"routeparentid":7305},{"union_rowno":3,"row":382,"routeno":"375-D KWS-BSK","responsecode":200,"routeparentid":4725},{"union_rowno":3,"row":383,"routeno":"375-D STBEN-BSK","responsecode":200,"routeparentid":5776},{"union_rowno":3,"row":384,"routeno":"375-G","responsecode":200,"routeparentid":3800},{"union_rowno":3,"row":385,"routeno":"375-H SGH-KGR","responsecode":200,"routeparentid":1676},{"union_rowno":3,"row":386,"routeno":"375-J","responsecode":200,"routeparentid":1172},{"union_rowno":3,"row":387,"routeno":"375 JBS-BEML5","responsecode":200,"routeparentid":5352},{"union_rowno":3,"row":388,"routeno":"377","responsecode":200,"routeparentid":3733},{"union_rowno":3,"row":389,"routeno":"377-A","responsecode":200,"routeparentid":3955},{"union_rowno":3,"row":390,"routeno":"377-B","responsecode":200,"routeparentid":3748},{"union_rowno":3,"row":391,"routeno":"377-H","responsecode":200,"routeparentid":6821},{"union_rowno":3,"row":392,"routeno":"377-HG","responsecode":200,"routeparentid":7831},{"union_rowno":3,"row":393,"routeno":"378-A","responsecode":200,"routeparentid":4079},{"union_rowno":3,"row":394,"routeno":"378-A D27-KGR","responsecode":200,"routeparentid":5122},{"union_rowno":3,"row":395,"routeno":"378-A KGR-ANK","responsecode":200,"routeparentid":5118},{"union_rowno":3,"row":396,"routeno":"378-A KGR-BNP","responsecode":200,"routeparentid":4083},{"union_rowno":3,"row":397,"routeno":"378 ATB-KGR","responsecode":200,"routeparentid":3652},{"union_rowno":3,"row":398,"routeno":"378-B","responsecode":200,"routeparentid":3877},{"union_rowno":3,"row":399,"routeno":"378 BEML5-ELC","responsecode":200,"routeparentid":5903},{"union_rowno":3,"row":400,"routeno":"378-C","responsecode":200,"routeparentid":7669},{"union_rowno":3,"row":401,"routeno":"378-C D34G-ELC","responsecode":200,"routeparentid":7670},{"union_rowno":3,"row":402,"routeno":"378-C UTH-ELC","responsecode":200,"routeparentid":7672},{"union_rowno":3,"row":403,"routeno":"378-D","responsecode":200,"routeparentid":3887},{"union_rowno":3,"row":404,"routeno":"378-D ELC-D12G","responsecode":200,"routeparentid":7822},{"union_rowno":3,"row":405,"routeno":"378 D12G-ELC","responsecode":200,"routeparentid":5821},{"union_rowno":3,"row":406,"routeno":"378 D34-KGR","responsecode":200,"routeparentid":1777},{"union_rowno":3,"row":407,"routeno":"378 D34G-CKLS","responsecode":200,"routeparentid":4359},{"union_rowno":3,"row":408,"routeno":"378 D34G-ELC","responsecode":200,"routeparentid":1804},{"union_rowno":3,"row":409,"routeno":"378 D34G-ELC-HSS","responsecode":200,"routeparentid":7454},{"union_rowno":3,"row":410,"routeno":"378-E","responsecode":200,"routeparentid":4400},{"union_rowno":3,"row":411,"routeno":"378-E D34-BSK","responsecode":200,"routeparentid":3527},{"union_rowno":3,"row":412,"routeno":"378-E D44G-ELC","responsecode":200,"routeparentid":4402},{"union_rowno":3,"row":413,"routeno":"378-E JPN6-ELC","responsecode":200,"routeparentid":4472},{"union_rowno":3,"row":414,"routeno":"378-E JPN6-JSD-ELC","responsecode":200,"routeparentid":1776},{"union_rowno":3,"row":415,"routeno":"378 ELC-SET","responsecode":200,"routeparentid":5956},{"union_rowno":3,"row":416,"routeno":"378-F","responsecode":200,"routeparentid":7767},{"union_rowno":3,"row":417,"routeno":"378-N","responsecode":200,"routeparentid":3397},{"union_rowno":3,"row":418,"routeno":"378-P","responsecode":200,"routeparentid":4395},{"union_rowno":3,"row":419,"routeno":"378-P D34G-JGN-CPR-HSS","responsecode":200,"routeparentid":7455},{"union_rowno":3,"row":420,"routeno":"378 PTPL-GTG-ELC","responsecode":200,"routeparentid":4444},{"union_rowno":3,"row":421,"routeno":"37-B","responsecode":200,"routeparentid":2147},{"union_rowno":3,"row":422,"routeno":"37-E","responsecode":200,"routeparentid":3804},{"union_rowno":3,"row":423,"routeno":"398-H D27-ATB","responsecode":200,"routeparentid":5143},{"union_rowno":3,"row":424,"routeno":"398-H D27G-HSK","responsecode":200,"routeparentid":6566},{"union_rowno":3,"row":425,"routeno":"399-E D27G-CTP","responsecode":200,"routeparentid":7015},{"union_rowno":3,"row":426,"routeno":"399-F ATB-D27G","responsecode":200,"routeparentid":5141},{"union_rowno":3,"row":427,"routeno":"399-F D27G-ANK-HSK","responsecode":200,"routeparentid":6010},{"union_rowno":3,"row":428,"routeno":"407","responsecode":200,"routeparentid":3523},{"union_rowno":3,"row":429,"routeno":"407-B","responsecode":200,"routeparentid":3535},{"union_rowno":3,"row":430,"routeno":"407-C","responsecode":200,"routeparentid":3539},{"union_rowno":3,"row":431,"routeno":"407-F","responsecode":200,"routeparentid":3541},{"union_rowno":3,"row":432,"routeno":"407 NMG-NES-PTH","responsecode":200,"routeparentid":6942},{"union_rowno":3,"row":433,"routeno":"507","responsecode":200,"routeparentid":2885},{"union_rowno":3,"row":434,"routeno":"507-A","responsecode":200,"routeparentid":3422},{"union_rowno":3,"row":435,"routeno":"507-AP","responsecode":200,"routeparentid":3974},{"union_rowno":3,"row":436,"routeno":"507-B","responsecode":200,"routeparentid":3430},{"union_rowno":3,"row":437,"routeno":"507-C","responsecode":200,"routeparentid":3433},{"union_rowno":3,"row":438,"routeno":"507-C D45G-KRP","responsecode":200,"routeparentid":3440},{"union_rowno":3,"row":439,"routeno":"507-C D48G-DWKN","responsecode":200,"routeparentid":3437},{"union_rowno":3,"row":440,"routeno":"507-C KRP-D48G","responsecode":200,"routeparentid":2888},{"union_rowno":3,"row":441,"routeno":"507-C VRP-KRPMS","responsecode":200,"routeparentid":6686},{"union_rowno":3,"row":442,"routeno":"507-D","responsecode":200,"routeparentid":2967},{"union_rowno":3,"row":443,"routeno":"507 D10G-KRPGH","responsecode":200,"routeparentid":2659},{"union_rowno":3,"row":444,"routeno":"507 D23G-KPRGH","responsecode":200,"routeparentid":4086},{"union_rowno":3,"row":445,"routeno":"507-DY","responsecode":200,"routeparentid":2590},{"union_rowno":3,"row":446,"routeno":"507-DY D10G-KRPGH","responsecode":200,"routeparentid":5852},{"union_rowno":3,"row":447,"routeno":"507-DY KRPGH-YSTF","responsecode":200,"routeparentid":6919},{"union_rowno":3,"row":448,"routeno":"507-E","responsecode":200,"routeparentid":4518},{"union_rowno":3,"row":449,"routeno":"507-G","responsecode":200,"routeparentid":6654},{"union_rowno":3,"row":450,"routeno":"507-GA","responsecode":200,"routeparentid":7901},{"union_rowno":3,"row":451,"routeno":"507-K","responsecode":200,"routeparentid":7073},{"union_rowno":3,"row":452,"routeno":"507-K D45-CKB","responsecode":200,"routeparentid":7668},{"union_rowno":3,"row":453,"routeno":"507 KRPGH-YTTMC-BEMLJVS","responsecode":200,"routeparentid":3953},{"union_rowno":3,"row":454,"routeno":"507-P","responsecode":200,"routeparentid":3445},{"union_rowno":3,"row":455,"routeno":"507-P PSS-JHC-SDN","responsecode":200,"routeparentid":4829},{"union_rowno":3,"row":456,"routeno":"507-PS","responsecode":200,"routeparentid":3420},{"union_rowno":3,"row":457,"routeno":"507 PSS-GGP-RMN-KRPGH","responsecode":200,"routeparentid":4660},{"union_rowno":3,"row":458,"routeno":"507-VK","responsecode":200,"routeparentid":5529},{"union_rowno":3,"row":459,"routeno":"507 VNS-HBLB","responsecode":200,"routeparentid":2984},{"union_rowno":3,"row":460,"routeno":"507-Y","responsecode":200,"routeparentid":3694},{"union_rowno":3,"row":461,"routeno":"507 YHKOT-BEMLG","responsecode":200,"routeparentid":3945},{"union_rowno":3,"row":462,"routeno":"507 YPRRS-BEL-HBL-KRPG","responsecode":200,"routeparentid":2889},{"union_rowno":3,"row":463,"routeno":"600-FC D27-JAPC","responsecode":200,"routeparentid":5132},{"union_rowno":3,"row":530,"routeno":"87","responsecode":200,"routeparentid":1710},{"union_rowno":3,"row":531,"routeno":"87-A","responsecode":200,"routeparentid":4049},{"union_rowno":3,"row":532,"routeno":"87-B","responsecode":200,"routeparentid":4065},{"union_rowno":3,"row":533,"routeno":"87-J","responsecode":200,"routeparentid":4055},{"union_rowno":3,"row":534,"routeno":"87 KBS-DPJN","responsecode":200,"routeparentid":3519},{"union_rowno":3,"row":535,"routeno":"87-S","responsecode":200,"routeparentid":4069},{"union_rowno":3,"row":536,"routeno":"ADITI-17","responsecode":200,"routeparentid":5961},{"union_rowno":3,"row":537,"routeno":"ADITI-7","responsecode":200,"routeparentid":4482},{"union_rowno":3,"row":538,"routeno":"APS-27","responsecode":200,"routeparentid":7257},{"union_rowno":3,"row":539,"routeno":"ARMY-17","responsecode":200,"routeparentid":7288},{"union_rowno":3,"row":540,"routeno":"BC-7","responsecode":200,"routeparentid":3888},{"union_rowno":3,"row":541,"routeno":"BC-7A","responsecode":200,"routeparentid":1708},{"union_rowno":3,"row":542,"routeno":"BC-7A D35G-MDNH","responsecode":200,"routeparentid":1707},{"union_rowno":3,"row":543,"routeno":"BC-7A DSP-KDC","responsecode":200,"routeparentid":4125},{"union_rowno":3,"row":544,"routeno":"BC-7A KDBGC-MNKH-NMG","responsecode":200,"routeparentid":7638},{"union_rowno":3,"row":545,"routeno":"BC-7B","responsecode":200,"routeparentid":3886},{"union_rowno":3,"row":546,"routeno":"BC-7B 8thM-D35G","responsecode":200,"routeparentid":6733},{"union_rowno":3,"row":547,"routeno":"BC-7B 8thM-KMT","responsecode":200,"routeparentid":6968},{"union_rowno":3,"row":548,"routeno":"BC-7B BDH-JHC-PSS","responsecode":200,"routeparentid":4670},{"union_rowno":3,"row":549,"routeno":"BC-7B BDH-PSBS","responsecode":200,"routeparentid":3889},{"union_rowno":3,"row":550,"routeno":"BC-7B PSS-ANDRH-HRHC","responsecode":200,"routeparentid":7888},{"union_rowno":3,"row":551,"routeno":"BC-7B PSS-NLGH-8thM","responsecode":200,"routeparentid":6080},{"union_rowno":3,"row":552,"routeno":"BC-7C","responsecode":200,"routeparentid":4673},{"union_rowno":3,"row":553,"routeno":"BC-7CA","responsecode":200,"routeparentid":4681},{"union_rowno":3,"row":554,"routeno":"BC-7E","responsecode":200,"routeparentid":3901},{"union_rowno":3,"row":555,"routeno":"BC-7E JHMS-GGH","responsecode":200,"routeparentid":6503},{"union_rowno":3,"row":556,"routeno":"BC-7H","responsecode":200,"routeparentid":5828},{"union_rowno":3,"row":557,"routeno":"BC-7H D31G-8MYL","responsecode":200,"routeparentid":5985},{"union_rowno":3,"row":558,"routeno":"BC-7H KBS-8thM","responsecode":200,"routeparentid":6126},{"union_rowno":3,"row":559,"routeno":"BC-7K","responsecode":200,"routeparentid":6553},{"union_rowno":3,"row":560,"routeno":"BCGHS-17","responsecode":200,"routeparentid":6210},{"union_rowno":3,"row":561,"routeno":"BCGHS-7","responsecode":200,"routeparentid":7443},{"union_rowno":3,"row":562,"routeno":"BEL GS-17","responsecode":200,"routeparentid":3860},{"union_rowno":3,"row":563,"routeno":"BEL GS-27","responsecode":200,"routeparentid":3959},{"union_rowno":3,"row":564,"routeno":"BEL GS-37","responsecode":200,"routeparentid":5211},{"union_rowno":3,"row":565,"routeno":"BELGS-27","responsecode":200,"routeparentid":2720},{"union_rowno":3,"row":566,"routeno":"BELGS-7","responsecode":200,"routeparentid":4966},{"union_rowno":3,"row":567,"routeno":"BEML A-17","responsecode":200,"routeparentid":7227},{"union_rowno":3,"row":568,"routeno":"BEML A-7","responsecode":200,"routeparentid":7363},{"union_rowno":3,"row":569,"routeno":"BEMLA-17","responsecode":200,"routeparentid":4119},{"union_rowno":3,"row":570,"routeno":"BEMLA-7","responsecode":200,"routeparentid":4611},{"union_rowno":3,"row":571,"routeno":"BMSIT-7","responsecode":200,"routeparentid":1084},{"union_rowno":3,"row":572,"routeno":"BSK-JPN6-JPN7TH","responsecode":200,"routeparentid":6598},{"union_rowno":3,"row":573,"routeno":"CALLBUS-7","responsecode":200,"routeparentid":4316},{"union_rowno":3,"row":574,"routeno":"CALLBUS KWS-7","responsecode":200,"routeparentid":4960},{"union_rowno":3,"row":575,"routeno":"CHAKRA-17","responsecode":200,"routeparentid":4584},{"union_rowno":3,"row":576,"routeno":"CHAKRA-17A","responsecode":200,"routeparentid":4585},{"union_rowno":3,"row":577,"routeno":"CRHS-7","responsecode":200,"routeparentid":5062},{"union_rowno":3,"row":578,"routeno":"D17-CLO","responsecode":200,"routeparentid":1378},{"union_rowno":3,"row":579,"routeno":"D17 CLO-BCCLO","responsecode":200,"routeparentid":7772},{"union_rowno":3,"row":580,"routeno":"D27-D27G","responsecode":200,"routeparentid":3736},{"union_rowno":3,"row":581,"routeno":"D27G-ANKL","responsecode":200,"routeparentid":7564},{"union_rowno":3,"row":582,"routeno":"D27G-MTRD","responsecode":200,"routeparentid":5111},{"union_rowno":3,"row":583,"routeno":"D27G-RKT-BMS","responsecode":200,"routeparentid":7604},{"union_rowno":3,"row":584,"routeno":"D27-JAPC","responsecode":200,"routeparentid":2795},{"union_rowno":3,"row":585,"routeno":"D37-KGR","responsecode":200,"routeparentid":1119},{"union_rowno":3,"row":586,"routeno":"D47-D47G","responsecode":200,"routeparentid":5803},{"union_rowno":3,"row":587,"routeno":"D47G-BDHD","responsecode":200,"routeparentid":7038},{"union_rowno":3,"row":588,"routeno":"D47G-GDC","responsecode":200,"routeparentid":3090},{"union_rowno":3,"row":589,"routeno":"D47G-KMSD","responsecode":200,"routeparentid":5419},{"union_rowno":3,"row":590,"routeno":"D47G-MRSD","responsecode":200,"routeparentid":6030},{"union_rowno":3,"row":591,"routeno":"D47-KMS","responsecode":200,"routeparentid":6845},{"union_rowno":3,"row":592,"routeno":"D47-KMSD","responsecode":200,"routeparentid":2895},{"union_rowno":3,"row":593,"routeno":"D47-MDR","responsecode":200,"routeparentid":2476},{"union_rowno":3,"row":594,"routeno":"D47-MRS","responsecode":200,"routeparentid":3096},{"union_rowno":3,"row":595,"routeno":"D7-KBS","responsecode":200,"routeparentid":1099},{"union_rowno":3,"row":596,"routeno":"G-4 D27G-BGRD","responsecode":200,"routeparentid":6568},{"union_rowno":3,"row":597,"routeno":"G-7","responsecode":200,"routeparentid":1706},{"union_rowno":3,"row":598,"routeno":"G-7 D31G-JPTS","responsecode":200,"routeparentid":7705},{"union_rowno":3,"row":599,"routeno":"G-7 D35G-KBS-SBS","responsecode":200,"routeparentid":4283},{"union_rowno":3,"row":600,"routeno":"HAL PV-17","responsecode":200,"routeparentid":5751},{"union_rowno":3,"row":601,"routeno":"HAV PV-07","responsecode":200,"routeparentid":5316},{"union_rowno":3,"row":602,"routeno":"HSS-07","responsecode":200,"routeparentid":6201},{"union_rowno":3,"row":603,"routeno":"HSS-17","responsecode":200,"routeparentid":5576},{"union_rowno":3,"row":604,"routeno":"HSS-7","responsecode":200,"routeparentid":4862},{"union_rowno":3,"row":605,"routeno":"INF-47","responsecode":200,"routeparentid":5882},{"union_rowno":3,"row":606,"routeno":"INFOSYS-17A","responsecode":200,"routeparentid":5919},{"union_rowno":3,"row":607,"routeno":"INFOSYS-27E","responsecode":200,"routeparentid":6110},{"union_rowno":3,"row":608,"routeno":"ITPB-7B","responsecode":200,"routeparentid":5446},{"union_rowno":3,"row":609,"routeno":"ITPL-7B","responsecode":200,"routeparentid":5450},{"union_rowno":3,"row":610,"routeno":"ITPL-7C","responsecode":200,"routeparentid":5381},{"union_rowno":3,"row":611,"routeno":"ITPL-7D","responsecode":200,"routeparentid":4727},{"union_rowno":3,"row":612,"routeno":"KANGOVI-7","responsecode":200,"routeparentid":4689},{"union_rowno":3,"row":613,"routeno":"KIA-17","responsecode":200,"routeparentid":4638},{"union_rowno":3,"row":614,"routeno":"KIA-7","responsecode":200,"routeparentid":6464},{"union_rowno":3,"row":615,"routeno":"KIA-7A","responsecode":200,"routeparentid":2193},{"union_rowno":3,"row":616,"routeno":"KVPTA-7","responsecode":200,"routeparentid":5531},{"union_rowno":3,"row":617,"routeno":"L & T-7","responsecode":200,"routeparentid":4792},{"union_rowno":3,"row":618,"routeno":"MBS-17","responsecode":200,"routeparentid":1073},{"union_rowno":3,"row":619,"routeno":"MBS-17 MRHB-HBL-PSS","responsecode":200,"routeparentid":7632},{"union_rowno":3,"row":620,"routeno":"MF-17","responsecode":200,"routeparentid":4471},{"union_rowno":3,"row":621,"routeno":"MF-27","responsecode":200,"routeparentid":6670},{"union_rowno":3,"row":622,"routeno":"MF-27 PSBS-MKL","responsecode":200,"routeparentid":7856},{"union_rowno":3,"row":623,"routeno":"MF-27 PSS-MKL","responsecode":200,"routeparentid":6673},{"union_rowno":3,"row":624,"routeno":"MF-271Q","responsecode":200,"routeparentid":4305},{"union_rowno":3,"row":625,"routeno":"MF-271R","responsecode":200,"routeparentid":4315},{"union_rowno":3,"row":626,"routeno":"MF-327SA","responsecode":200,"routeparentid":2518},{"union_rowno":3,"row":627,"routeno":"MF-327SA D6G-ATB","responsecode":200,"routeparentid":5493},{"union_rowno":3,"row":628,"routeno":"MF-375D","responsecode":200,"routeparentid":1576},{"union_rowno":3,"row":629,"routeno":"MF-375D KTTMC-BSK-KDG","responsecode":200,"routeparentid":4148},{"union_rowno":3,"row":630,"routeno":"MF-375E","responsecode":200,"routeparentid":5415},{"union_rowno":3,"row":631,"routeno":"MF-375H","responsecode":200,"routeparentid":1974},{"union_rowno":3,"row":632,"routeno":"MF-378","responsecode":200,"routeparentid":1100},{"union_rowno":3,"row":633,"routeno":"MF-378 ELC-NDG-KGR","responsecode":200,"routeparentid":6624},{"union_rowno":3,"row":634,"routeno":"MF-378 KGR-ATB","responsecode":200,"routeparentid":4848},{"union_rowno":3,"row":635,"routeno":"MF-47","responsecode":200,"routeparentid":7149},{"union_rowno":3,"row":636,"routeno":"MF-47A","responsecode":200,"routeparentid":7148},{"union_rowno":3,"row":637,"routeno":"MF-7","responsecode":200,"routeparentid":4138},{"union_rowno":3,"row":638,"routeno":"MF-7 HYN-BMS","responsecode":200,"routeparentid":4139},{"union_rowno":3,"row":639,"routeno":"MF-7 KLN-KNG","responsecode":200,"routeparentid":5851},{"union_rowno":3,"row":640,"routeno":"MF-7A","responsecode":200,"routeparentid":6029},{"union_rowno":3,"row":641,"routeno":"MF-7B","responsecode":200,"routeparentid":4564},{"union_rowno":3,"row":642,"routeno":"MF-7B D10G-SMVR","responsecode":200,"routeparentid":2733},{"union_rowno":3,"row":643,"routeno":"NICE-7","responsecode":200,"routeparentid":4860},{"union_rowno":3,"row":644,"routeno":"NICE-7A","responsecode":200,"routeparentid":1648},{"union_rowno":3,"row":645,"routeno":"NICE-7A ELCW-YBS","responsecode":200,"routeparentid":6677},{"union_rowno":3,"row":646,"routeno":"SCS-7","responsecode":200,"routeparentid":4057},{"union_rowno":3,"row":647,"routeno":"SEPB-7A","responsecode":200,"routeparentid":2819},{"union_rowno":3,"row":648,"routeno":"SHS-7","responsecode":200,"routeparentid":5680},{"union_rowno":3,"row":649,"routeno":"SJBHS-07","responsecode":200,"routeparentid":1617},{"union_rowno":3,"row":650,"routeno":"STJHS-07","responsecode":200,"routeparentid":6191},{"union_rowno":3,"row":651,"routeno":"TATA ELEXI-07","responsecode":200,"routeparentid":2236},{"union_rowno":3,"row":652,"routeno":"V-171","responsecode":200,"routeparentid":6515},{"union_rowno":3,"row":653,"routeno":"V-276","responsecode":200,"routeparentid":2128},{"union_rowno":3,"row":654,"routeno":"V-287A","responsecode":200,"routeparentid":6076},{"union_rowno":3,"row":655,"routeno":"V-317A","responsecode":200,"routeparentid":2242},{"union_rowno":3,"row":656,"routeno":"V-378","responsecode":200,"routeparentid":2219},{"union_rowno":3,"row":657,"routeno":"VDMH-D27G","responsecode":200,"routeparentid":6567},{"union_rowno":3,"row":658,"routeno":"V-G7","responsecode":200,"routeparentid":2157},{"union_rowno":3,"row":659,"routeno":"VNS-17","responsecode":200,"routeparentid":5437},{"union_rowno":3,"row":660,"routeno":"VNS-7","responsecode":200,"routeparentid":5436},{"union_rowno":3,"row":661,"routeno":"VPS-7","responsecode":200,"routeparentid":4112},{"union_rowno":3,"row":662,"routeno":"V-TATA ELEXI-007","responsecode":200,"routeparentid":3807}],"Message":"Success","Issuccess":true,"exception":null,"RowCount":628,"responsecode":200}