{"data":[{"union_rowno":2,"row":1,"routeno":"80","responsecode":200,"routeparentid":2145},{"union_rowno":2,"row":4,"routeno":"80-A","responsecode":200,"routeparentid":3598},{"union_rowno":2,"row":5,"routeno":"80-A D31G-KBS","responsecode":200,"routeparentid":4224},{"union_rowno":2,"row":8,"routeno":"80-A KBS-NLO-D31G","responsecode":200,"routeparentid":7563},{"union_rowno":2,"row":10,"routeno":"80-A NLO-JP3","responsecode":200,"routeparentid":3608},{"union_rowno":2,"row":11,"routeno":"80-A NLO-KDC-VSD-IXP","responsecode":200,"routeparentid":4946},{"union_rowno":2,"row":14,"routeno":"80-A YTTMC-NLO","responsecode":200,"routeparentid":3600},{"union_rowno":2,"row":16,"routeno":"80-B","responsecode":200,"routeparentid":4191},{"union_rowno":2,"row":17,"routeno":"80-D","responsecode":200,"routeparentid":5092},{"union_rowno":2,"row":20,"routeno":"80-D SBS-RBJM","responsecode":200,"routeparentid":5233},{"union_rowno":2,"row":22,"routeno":"80-D SBS-VSD-KBS-RBJN","responsecode":200,"routeparentid":5235},{"union_rowno":2,"row":24,"routeno":"80-D YTTMC-RBJN","responsecode":200,"routeparentid":5236},{"union_rowno":2,"row":26,"routeno":"80-E","responsecode":200,"routeparentid":4270},{"union_rowno":2,"row":27,"routeno":"80-E YTTMC-KNN-2","responsecode":200,"routeparentid":4943},{"union_rowno":2,"row":30,"routeno":"80-F","responsecode":200,"routeparentid":4934},{"union_rowno":2,"row":32,"routeno":"80-F JBN-YTTMC","responsecode":200,"routeparentid":4940},{"union_rowno":2,"row":33,"routeno":"80-G","responsecode":200,"routeparentid":1595},{"union_rowno":2,"row":36,"routeno":"80-K","responsecode":200,"routeparentid":4933},{"union_rowno":2,"row":37,"routeno":"80K YTTMC-SKB","responsecode":200,"routeparentid":5231},{"union_rowno":2,"row":39,"routeno":"80-R","responsecode":200,"routeparentid":4666},{"union_rowno":2,"row":42,"routeno":"82","responsecode":200,"routeparentid":5012},{"union_rowno":2,"row":43,"routeno":"82-A","responsecode":200,"routeparentid":5237},{"union_rowno":2,"row":45,"routeno":"82-A YTTMC-SRPS","responsecode":200,"routeparentid":5085},{"union_rowno":2,"row":47,"routeno":"82-A YTTMC-VSD-KBS","responsecode":200,"routeparentid":6093},{"union_rowno":2,"row":49,"routeno":"82-AR","responsecode":200,"routeparentid":4841},{"union_rowno":2,"row":52,"routeno":"82-B","responsecode":200,"routeparentid":6312},{"union_rowno":2,"row":54,"routeno":"87","responsecode":200,"routeparentid":1710},{"union_rowno":2,"row":56,"routeno":"87-A","responsecode":200,"routeparentid":4049},{"union_rowno":2,"row":58,"routeno":"87-B","responsecode":200,"routeparentid":4065},{"union_rowno":2,"row":60,"routeno":"87-J","responsecode":200,"routeparentid":4055},{"union_rowno":2,"row":62,"routeno":"87 KBS-DPJN","responsecode":200,"routeparentid":3519},{"union_rowno":2,"row":63,"routeno":"87-S","responsecode":200,"routeparentid":4069},{"union_rowno":2,"row":65,"routeno":"88","responsecode":200,"routeparentid":3553},{"union_rowno":2,"row":67,"routeno":"88-A BSN-CVN","responsecode":200,"routeparentid":5082},{"union_rowno":2,"row":69,"routeno":"88-A BSN-GPO","responsecode":200,"routeparentid":4953},{"union_rowno":2,"row":71,"routeno":"88-A D31G-KBS","responsecode":200,"routeparentid":5874},{"union_rowno":2,"row":74,"routeno":"88-B","responsecode":200,"routeparentid":4246},{"union_rowno":2,"row":75,"routeno":"88-B BSN-VSD-KBS","responsecode":200,"routeparentid":4265},{"union_rowno":2,"row":78,"routeno":"88-B SBS-KBS-BSN","responsecode":200,"routeparentid":4259},{"union_rowno":2,"row":79,"routeno":"88-E","responsecode":200,"routeparentid":3639},{"union_rowno":2,"row":82,"routeno":"89-A","responsecode":200,"routeparentid":5017},{"union_rowno":2,"row":84,"routeno":"89-A YTTMC-CVN","responsecode":200,"routeparentid":1765},{"union_rowno":2,"row":86,"routeno":"89-B","responsecode":200,"routeparentid":5058},{"union_rowno":2,"row":87,"routeno":"89-B YTTMC-GBE","responsecode":200,"routeparentid":5060},{"union_rowno":2,"row":90,"routeno":"89-C","responsecode":200,"routeparentid":991},{"union_rowno":2,"row":91,"routeno":"89-C SMH-CVN","responsecode":200,"routeparentid":3477},{"union_rowno":2,"row":94,"routeno":"89-CKBS-VSD-CVN","responsecode":200,"routeparentid":4908},{"union_rowno":2,"row":96,"routeno":"89-D","responsecode":200,"routeparentid":1104},{"union_rowno":2,"row":98,"routeno":"89-D SMH-JCN","responsecode":200,"routeparentid":1125},{"union_rowno":2,"row":100,"routeno":"89-D YTTMC-JCN","responsecode":200,"routeparentid":5020},{"union_rowno":2,"row":101,"routeno":"89-E","responsecode":200,"routeparentid":4900},{"union_rowno":2,"row":103,"routeno":"89-E SNBS-CVN","responsecode":200,"routeparentid":4913},{"union_rowno":2,"row":106,"routeno":"89-F","responsecode":200,"routeparentid":5024},{"union_rowno":2,"row":107,"routeno":"89-F YTTMC-GBER","responsecode":200,"routeparentid":5027},{"union_rowno":3,"row":1,"routeno":"108-B","responsecode":200,"routeparentid":4569},{"union_rowno":3,"row":2,"routeno":"138","responsecode":200,"routeparentid":1738},{"union_rowno":3,"row":3,"routeno":"138 D6G-JBN","responsecode":200,"routeparentid":1742},{"union_rowno":3,"row":4,"routeno":"138 KBS-SVMS","responsecode":200,"routeparentid":5843},{"union_rowno":3,"row":5,"routeno":"138 KBS-VSD-JBN","responsecode":200,"routeparentid":1740},{"union_rowno":3,"row":6,"routeno":"138 VTTMC-KBS-JBN","responsecode":200,"routeparentid":3672},{"union_rowno":3,"row":7,"routeno":"168-A","responsecode":200,"routeparentid":2129},{"union_rowno":3,"row":8,"routeno":"168-D","responsecode":200,"routeparentid":1762},{"union_rowno":3,"row":9,"routeno":"168-D KBS-SJWA","responsecode":200,"routeparentid":7504},{"union_rowno":3,"row":10,"routeno":"168-D VSD","responsecode":200,"routeparentid":2111},{"union_rowno":3,"row":11,"routeno":"168-E KBS-VSD-JBN","responsecode":200,"routeparentid":1763},{"union_rowno":3,"row":12,"routeno":"18","responsecode":200,"routeparentid":1115},{"union_rowno":3,"row":13,"routeno":"180","responsecode":200,"routeparentid":1574},{"union_rowno":3,"row":14,"routeno":"182","responsecode":200,"routeparentid":2151},{"union_rowno":3,"row":15,"routeno":"18 VSD-JNN","responsecode":200,"routeparentid":4537},{"union_rowno":3,"row":16,"routeno":"218","responsecode":200,"routeparentid":2270},{"union_rowno":3,"row":17,"routeno":"218-A","responsecode":200,"routeparentid":2266},{"union_rowno":3,"row":18,"routeno":"228","responsecode":200,"routeparentid":1396},{"union_rowno":3,"row":19,"routeno":"228-A","responsecode":200,"routeparentid":1397},{"union_rowno":3,"row":20,"routeno":"228-A GNP-SCS","responsecode":200,"routeparentid":4110},{"union_rowno":3,"row":21,"routeno":"228-B","responsecode":200,"routeparentid":1398},{"union_rowno":3,"row":22,"routeno":"228-C","responsecode":200,"routeparentid":1402},{"union_rowno":3,"row":23,"routeno":"228-C DKH-SBS","responsecode":200,"routeparentid":1409},{"union_rowno":3,"row":24,"routeno":"228-E","responsecode":200,"routeparentid":1403},{"union_rowno":3,"row":25,"routeno":"228-E SBS-TPR","responsecode":200,"routeparentid":1410},{"union_rowno":3,"row":26,"routeno":"228-F","responsecode":200,"routeparentid":1404},{"union_rowno":3,"row":27,"routeno":"228-G","responsecode":200,"routeparentid":1405},{"union_rowno":3,"row":28,"routeno":"228-G KCP-KBS","responsecode":200,"routeparentid":1437},{"union_rowno":3,"row":29,"routeno":"228-H","responsecode":200,"routeparentid":1406},{"union_rowno":3,"row":30,"routeno":"228-H TPR-KMT-KBS","responsecode":200,"routeparentid":1440},{"union_rowno":3,"row":31,"routeno":"228-J","responsecode":200,"routeparentid":1407},{"union_rowno":3,"row":32,"routeno":"228-J KBS-KMTFLY-ST BEN","responsecode":200,"routeparentid":6408},{"union_rowno":3,"row":33,"routeno":"228-K","responsecode":200,"routeparentid":1408},{"union_rowno":3,"row":34,"routeno":"228-K SBS-KMTFLY-BDD","responsecode":200,"routeparentid":6444},{"union_rowno":3,"row":35,"routeno":"238-C","responsecode":200,"routeparentid":1478},{"union_rowno":3,"row":36,"routeno":"238-C BMBS-SBS","responsecode":200,"routeparentid":4179},{"union_rowno":3,"row":37,"routeno":"238-D","responsecode":200,"routeparentid":1480},{"union_rowno":3,"row":38,"routeno":"238-D DPJN-NBV1S","responsecode":200,"routeparentid":1481},{"union_rowno":3,"row":39,"routeno":"238-L","responsecode":200,"routeparentid":1482},{"union_rowno":3,"row":40,"routeno":"238-L SBS-NTN","responsecode":200,"routeparentid":1620},{"union_rowno":3,"row":41,"routeno":"238-S","responsecode":200,"routeparentid":3994},{"union_rowno":3,"row":42,"routeno":"238-SA CLO-SGK","responsecode":200,"routeparentid":5887},{"union_rowno":3,"row":43,"routeno":"238-U","responsecode":200,"routeparentid":5664},{"union_rowno":3,"row":44,"routeno":"238-U BUADM-VJN-VSD","responsecode":200,"routeparentid":4183},{"union_rowno":3,"row":45,"routeno":"238-U CLO-MDPC","responsecode":200,"routeparentid":5685},{"union_rowno":3,"row":46,"routeno":"238-U D31G-KBS","responsecode":200,"routeparentid":1486},{"union_rowno":3,"row":47,"routeno":"238-U KBS-AIT","responsecode":200,"routeparentid":5712},{"union_rowno":3,"row":48,"routeno":"238-U KBS-BUCADM","responsecode":200,"routeparentid":1379},{"union_rowno":3,"row":49,"routeno":"238-U KBS-CLO","responsecode":200,"routeparentid":5990},{"union_rowno":3,"row":50,"routeno":"238-U KBS-D31G","responsecode":200,"routeparentid":7440},{"union_rowno":3,"row":51,"routeno":"238-U KBS-DPJN","responsecode":200,"routeparentid":5989},{"union_rowno":3,"row":52,"routeno":"238-U KBS-KHBQ","responsecode":200,"routeparentid":7393},{"union_rowno":3,"row":53,"routeno":"238-U KBS-SMH","responsecode":200,"routeparentid":5992},{"union_rowno":3,"row":54,"routeno":"238-U KMT-BUCADM","responsecode":200,"routeparentid":1504},{"union_rowno":3,"row":55,"routeno":"238-U SBS-MDPC","responsecode":200,"routeparentid":5686},{"union_rowno":3,"row":56,"routeno":"238-U SPHS-MDPC","responsecode":200,"routeparentid":5996},{"union_rowno":3,"row":57,"routeno":"238-U VTTMC-JNM","responsecode":200,"routeparentid":5987},{"union_rowno":3,"row":58,"routeno":"238-UA","responsecode":200,"routeparentid":1838},{"union_rowno":3,"row":59,"routeno":"238-UA SBS-AIT","responsecode":200,"routeparentid":6640},{"union_rowno":3,"row":60,"routeno":"238-UC","responsecode":200,"routeparentid":1839},{"union_rowno":3,"row":61,"routeno":"238-UC D31G-VSL","responsecode":200,"routeparentid":1849},{"union_rowno":3,"row":62,"routeno":"238-UM","responsecode":200,"routeparentid":7491},{"union_rowno":3,"row":63,"routeno":"238-UM DPN-UST","responsecode":200,"routeparentid":7493},{"union_rowno":3,"row":64,"routeno":"238-UM DPN-VJN-UST","responsecode":200,"routeparentid":7494},{"union_rowno":3,"row":65,"routeno":"238-US","responsecode":200,"routeparentid":5663},{"union_rowno":3,"row":66,"routeno":"238-V","responsecode":200,"routeparentid":6740},{"union_rowno":3,"row":67,"routeno":"238-V CLO-MDPC","responsecode":200,"routeparentid":6742},{"union_rowno":3,"row":68,"routeno":"238-V CVB-BRTN","responsecode":200,"routeparentid":6743},{"union_rowno":3,"row":69,"routeno":"238-V KBS-D31","responsecode":200,"routeparentid":5891},{"union_rowno":3,"row":70,"routeno":"238-VA","responsecode":200,"routeparentid":4017},{"union_rowno":3,"row":71,"routeno":"238-VM","responsecode":200,"routeparentid":7492},{"union_rowno":3,"row":72,"routeno":"238-W","responsecode":200,"routeparentid":1852},{"union_rowno":3,"row":73,"routeno":"238-W D31G-NRP","responsecode":200,"routeparentid":1854},{"union_rowno":3,"row":74,"routeno":"238-Y","responsecode":200,"routeparentid":1855},{"union_rowno":3,"row":75,"routeno":"238-Z","responsecode":200,"routeparentid":1505},{"union_rowno":3,"row":76,"routeno":"248","responsecode":200,"routeparentid":1387},{"union_rowno":3,"row":77,"routeno":"248-AA","responsecode":200,"routeparentid":3861},{"union_rowno":3,"row":78,"routeno":"248-AB","responsecode":200,"routeparentid":3864},{"union_rowno":3,"row":79,"routeno":"248-AB NGSMS-CKB","responsecode":200,"routeparentid":4737},{"union_rowno":3,"row":80,"routeno":"248-B","responsecode":200,"routeparentid":2265},{"union_rowno":3,"row":81,"routeno":"248-BA","responsecode":200,"routeparentid":2268},{"union_rowno":3,"row":82,"routeno":"248-BA HGT-D31G","responsecode":200,"routeparentid":7345},{"union_rowno":3,"row":83,"routeno":"248-BB","responsecode":200,"routeparentid":1503},{"union_rowno":3,"row":84,"routeno":"248-BB CLO-HGV","responsecode":200,"routeparentid":1605},{"union_rowno":3,"row":85,"routeno":"248 BEML5-CKB","responsecode":200,"routeparentid":1472},{"union_rowno":3,"row":86,"routeno":"248-C","responsecode":200,"routeparentid":2272},{"union_rowno":3,"row":87,"routeno":"248-D","responsecode":200,"routeparentid":2273},{"union_rowno":3,"row":88,"routeno":"248 D31G-JHC","responsecode":200,"routeparentid":1624},{"union_rowno":3,"row":89,"routeno":"248-E","responsecode":200,"routeparentid":3867},{"union_rowno":3,"row":90,"routeno":"248-F","responsecode":200,"routeparentid":2275},{"union_rowno":3,"row":91,"routeno":"248-G MRTG-JHC-NMG","responsecode":200,"routeparentid":4688},{"union_rowno":3,"row":92,"routeno":"248-HA","responsecode":200,"routeparentid":2278},{"union_rowno":3,"row":93,"routeno":"248-HA NMG-NMG","responsecode":200,"routeparentid":3308},{"union_rowno":3,"row":94,"routeno":"248-J","responsecode":200,"routeparentid":2282},{"union_rowno":3,"row":95,"routeno":"248 KMT-JHC-BELF","responsecode":200,"routeparentid":4665},{"union_rowno":3,"row":96,"routeno":"248 KMT-KDGR","responsecode":200,"routeparentid":1604},{"union_rowno":3,"row":97,"routeno":"248-L","responsecode":200,"routeparentid":2284},{"union_rowno":3,"row":98,"routeno":"248-N","responsecode":200,"routeparentid":2286},{"union_rowno":3,"row":99,"routeno":"248-N KMT-CKB","responsecode":200,"routeparentid":5699},{"union_rowno":3,"row":100,"routeno":"248-P","responsecode":200,"routeparentid":2292},{"union_rowno":3,"row":101,"routeno":"248-PS","responsecode":200,"routeparentid":1564},{"union_rowno":3,"row":102,"routeno":"248 PSBS-CLO","responsecode":200,"routeparentid":6096},{"union_rowno":3,"row":103,"routeno":"248-R","responsecode":200,"routeparentid":3628},{"union_rowno":3,"row":104,"routeno":"248-T","responsecode":200,"routeparentid":2294},{"union_rowno":3,"row":105,"routeno":"248-V","responsecode":200,"routeparentid":2295},{"union_rowno":3,"row":106,"routeno":"248-V D35G-STH","responsecode":200,"routeparentid":2571},{"union_rowno":3,"row":107,"routeno":"248-V KMT-D35G","responsecode":200,"routeparentid":6992},{"union_rowno":3,"row":108,"routeno":"248-Y","responsecode":200,"routeparentid":2313},{"union_rowno":3,"row":109,"routeno":"248-Z","responsecode":200,"routeparentid":2317},{"union_rowno":3,"row":110,"routeno":"248-Z KMT-KNW","responsecode":200,"routeparentid":2323},{"union_rowno":3,"row":111,"routeno":"258","responsecode":200,"routeparentid":1633},{"union_rowno":3,"row":112,"routeno":"258-A","responsecode":200,"routeparentid":1986},{"union_rowno":3,"row":113,"routeno":"258-AB","responsecode":200,"routeparentid":1988},{"union_rowno":3,"row":114,"routeno":"258-B","responsecode":200,"routeparentid":1990},{"union_rowno":3,"row":115,"routeno":"258-C","responsecode":200,"routeparentid":1164},{"union_rowno":3,"row":116,"routeno":"258-C KBS-GDP","responsecode":200,"routeparentid":3378},{"union_rowno":3,"row":117,"routeno":"258-C KBS-GPLY","responsecode":200,"routeparentid":6137},{"union_rowno":3,"row":118,"routeno":"258-C KBS-NMGRS","responsecode":200,"routeparentid":1975},{"union_rowno":3,"row":119,"routeno":"258-C KBS-RGW","responsecode":200,"routeparentid":7124},{"union_rowno":3,"row":120,"routeno":"258-C KBS-SLR","responsecode":200,"routeparentid":3851},{"union_rowno":3,"row":121,"routeno":"258-C NMG-GPLY","responsecode":200,"routeparentid":6138},{"union_rowno":3,"row":122,"routeno":"258-C PSB-NMG","responsecode":200,"routeparentid":4082},{"union_rowno":3,"row":123,"routeno":"258-C VSD FLY","responsecode":200,"routeparentid":1646},{"union_rowno":3,"row":124,"routeno":"258-CB NMG-BEL LT","responsecode":200,"routeparentid":5725},{"union_rowno":3,"row":125,"routeno":"258-CB NMG-GGP-BEL","responsecode":200,"routeparentid":7203},{"union_rowno":3,"row":126,"routeno":"258-CB NMG-YTTMC-BEL","responsecode":200,"routeparentid":4098},{"union_rowno":3,"row":127,"routeno":"258-CC","responsecode":200,"routeparentid":1967},{"union_rowno":3,"row":128,"routeno":"258-D KBS-TBS-HMP","responsecode":200,"routeparentid":6577},{"union_rowno":3,"row":129,"routeno":"258-D KMT-TBS","responsecode":200,"routeparentid":3343},{"union_rowno":3,"row":130,"routeno":"258-DN","responsecode":200,"routeparentid":1968},{"union_rowno":3,"row":131,"routeno":"258-DN KBS-DBSP","responsecode":200,"routeparentid":1970},{"union_rowno":3,"row":132,"routeno":"258-DN KBS-VRNF","responsecode":200,"routeparentid":1969},{"union_rowno":3,"row":133,"routeno":"258-DN YTTMC-KIADB","responsecode":200,"routeparentid":3930},{"union_rowno":3,"row":134,"routeno":"258 DSP-KBS-HAL","responsecode":200,"routeparentid":5372},{"union_rowno":3,"row":135,"routeno":"258-E","responsecode":200,"routeparentid":1971},{"union_rowno":3,"row":136,"routeno":"258-F","responsecode":200,"routeparentid":1991},{"union_rowno":3,"row":137,"routeno":"258-F KMT-SVP","responsecode":200,"routeparentid":3454},{"union_rowno":3,"row":138,"routeno":"258-G","responsecode":200,"routeparentid":2014},{"union_rowno":3,"row":139,"routeno":"258-G KBS-GVH","responsecode":200,"routeparentid":3421},{"union_rowno":3,"row":140,"routeno":"258-GA","responsecode":200,"routeparentid":2015},{"union_rowno":3,"row":141,"routeno":"258-H","responsecode":200,"routeparentid":3458},{"union_rowno":3,"row":142,"routeno":"258-H KBS-DBL","responsecode":200,"routeparentid":3662},{"union_rowno":3,"row":143,"routeno":"258-J","responsecode":200,"routeparentid":1644},{"union_rowno":3,"row":144,"routeno":"258-K","responsecode":200,"routeparentid":2016},{"union_rowno":3,"row":145,"routeno":"258 KBS-NMG-TVK","responsecode":200,"routeparentid":4102},{"union_rowno":3,"row":146,"routeno":"258 KBS-SMP","responsecode":200,"routeparentid":7146},{"union_rowno":3,"row":147,"routeno":"258 KMT-CMDR","responsecode":200,"routeparentid":1637},{"union_rowno":3,"row":148,"routeno":"258-M","responsecode":200,"routeparentid":2004},{"union_rowno":3,"row":149,"routeno":"258-M KBS-TMG","responsecode":200,"routeparentid":5754},{"union_rowno":3,"row":150,"routeno":"258-M KMT-GVS","responsecode":200,"routeparentid":3335},{"union_rowno":3,"row":151,"routeno":"258-M KMT-MCH","responsecode":200,"routeparentid":3371},{"union_rowno":3,"row":152,"routeno":"258-M TMG-KBS","responsecode":200,"routeparentid":2573},{"union_rowno":3,"row":153,"routeno":"258-MA","responsecode":200,"routeparentid":2009},{"union_rowno":3,"row":154,"routeno":"258-MA JKNH-KBS","responsecode":200,"routeparentid":3537},{"union_rowno":3,"row":155,"routeno":"258-MC","responsecode":200,"routeparentid":2017},{"union_rowno":3,"row":156,"routeno":"258-MD","responsecode":200,"routeparentid":2018},{"union_rowno":3,"row":157,"routeno":"258-N","responsecode":200,"routeparentid":2008},{"union_rowno":3,"row":158,"routeno":"258-N ASDW-VSD-KBS","responsecode":200,"routeparentid":3470},{"union_rowno":3,"row":159,"routeno":"258-N SBS-CNS SVN","responsecode":200,"routeparentid":6161},{"union_rowno":3,"row":160,"routeno":"258-N SBS-VSD-NMG","responsecode":200,"routeparentid":3869},{"union_rowno":3,"row":161,"routeno":"258 NMG-HGV","responsecode":200,"routeparentid":5193},{"union_rowno":3,"row":162,"routeno":"258-P","responsecode":200,"routeparentid":2003},{"union_rowno":3,"row":163,"routeno":"258-Q","responsecode":200,"routeparentid":2019},{"union_rowno":3,"row":164,"routeno":"258-QA","responsecode":200,"routeparentid":2020},{"union_rowno":3,"row":165,"routeno":"258-R","responsecode":200,"routeparentid":2022},{"union_rowno":3,"row":166,"routeno":"258-S","responsecode":200,"routeparentid":1640},{"union_rowno":3,"row":167,"routeno":"258-S KBS-RDH","responsecode":200,"routeparentid":1808},{"union_rowno":3,"row":168,"routeno":"258-SA","responsecode":200,"routeparentid":2024},{"union_rowno":3,"row":169,"routeno":"258-SA VKP-KBS","responsecode":200,"routeparentid":3536},{"union_rowno":3,"row":170,"routeno":"258-SB","responsecode":200,"routeparentid":6061},{"union_rowno":3,"row":171,"routeno":"258-SB BNH-MNTK","responsecode":200,"routeparentid":3497},{"union_rowno":3,"row":172,"routeno":"258-SD KBS-BNH","responsecode":200,"routeparentid":3485},{"union_rowno":3,"row":173,"routeno":"258 SNBS-NMG","responsecode":200,"routeparentid":6081},{"union_rowno":3,"row":174,"routeno":"258-T","responsecode":200,"routeparentid":2013},{"union_rowno":3,"row":175,"routeno":"258-TA","responsecode":200,"routeparentid":2026},{"union_rowno":3,"row":176,"routeno":"258-TC","responsecode":200,"routeparentid":2028},{"union_rowno":3,"row":177,"routeno":"258-U","responsecode":200,"routeparentid":2030},{"union_rowno":3,"row":178,"routeno":"258-V","responsecode":200,"routeparentid":2032},{"union_rowno":3,"row":179,"routeno":"258-V KBS-GRH","responsecode":200,"routeparentid":3515},{"union_rowno":3,"row":180,"routeno":"258-VA","responsecode":200,"routeparentid":2033},{"union_rowno":3,"row":181,"routeno":"258-VB","responsecode":200,"routeparentid":2035},{"union_rowno":3,"row":182,"routeno":"258-VC","responsecode":200,"routeparentid":2070},{"union_rowno":3,"row":183,"routeno":"258-VD","responsecode":200,"routeparentid":6067},{"union_rowno":3,"row":184,"routeno":"258-VF","responsecode":200,"routeparentid":2075},{"union_rowno":3,"row":185,"routeno":"258-VG","responsecode":200,"routeparentid":6058},{"union_rowno":3,"row":186,"routeno":"258-WA","responsecode":200,"routeparentid":2069},{"union_rowno":3,"row":187,"routeno":"258-WA KMT-JTS","responsecode":200,"routeparentid":6965},{"union_rowno":3,"row":188,"routeno":"258-X","responsecode":200,"routeparentid":2036},{"union_rowno":3,"row":189,"routeno":"258-Y","responsecode":200,"routeparentid":2039},{"union_rowno":3,"row":190,"routeno":"258-YA","responsecode":200,"routeparentid":2049},{"union_rowno":3,"row":191,"routeno":"258-YA KMT-HCP","responsecode":200,"routeparentid":3528},{"union_rowno":3,"row":192,"routeno":"258 YTTMC-NMG-KRC","responsecode":200,"routeparentid":4095},{"union_rowno":3,"row":193,"routeno":"268","responsecode":200,"routeparentid":2207},{"union_rowno":3,"row":194,"routeno":"278-A","responsecode":200,"routeparentid":2544},{"union_rowno":3,"row":195,"routeno":"278-E","responsecode":200,"routeparentid":2547},{"union_rowno":3,"row":196,"routeno":"278-E ARMY-SBS-BPS","responsecode":200,"routeparentid":7285},{"union_rowno":3,"row":197,"routeno":"278 HBL-RTN-SBS","responsecode":200,"routeparentid":4669},{"union_rowno":3,"row":198,"routeno":"280","responsecode":200,"routeparentid":3580},{"union_rowno":3,"row":199,"routeno":"280-A","responsecode":200,"routeparentid":1181},{"union_rowno":3,"row":200,"routeno":"280-A AGLO-KBS","responsecode":200,"routeparentid":1329},{"union_rowno":3,"row":201,"routeno":"280-A KMT-YHKOT","responsecode":200,"routeparentid":1182},{"union_rowno":3,"row":202,"routeno":"280-E","responsecode":200,"routeparentid":2607},{"union_rowno":3,"row":203,"routeno":"280-F","responsecode":200,"routeparentid":1418},{"union_rowno":3,"row":204,"routeno":"280-F D48G-RMP","responsecode":200,"routeparentid":4882},{"union_rowno":3,"row":205,"routeno":"280-F OASIS-YHKOT","responsecode":200,"routeparentid":5250},{"union_rowno":3,"row":206,"routeno":"280-F PTH-HSK","responsecode":200,"routeparentid":2625},{"union_rowno":3,"row":207,"routeno":"280-F YSTF-HSK","responsecode":200,"routeparentid":1421},{"union_rowno":3,"row":208,"routeno":"280-K","responsecode":200,"routeparentid":2637},{"union_rowno":3,"row":209,"routeno":"280-K YHK-MTH","responsecode":200,"routeparentid":2640},{"union_rowno":3,"row":210,"routeno":"280 KBS-YHK-CHLS","responsecode":200,"routeparentid":5063},{"union_rowno":3,"row":211,"routeno":"280-L","responsecode":200,"routeparentid":2642},{"union_rowno":3,"row":212,"routeno":"280-L YPH-PTH","responsecode":200,"routeparentid":2643},{"union_rowno":3,"row":213,"routeno":"281","responsecode":200,"routeparentid":2645},{"union_rowno":3,"row":214,"routeno":"281-A","responsecode":200,"routeparentid":2653},{"union_rowno":3,"row":215,"routeno":"281-AP","responsecode":200,"routeparentid":2656},{"union_rowno":3,"row":216,"routeno":"281-AP D10G-KIA","responsecode":200,"routeparentid":2667},{"union_rowno":3,"row":217,"routeno":"281-AP KBS-KIA","responsecode":200,"routeparentid":5890},{"union_rowno":3,"row":218,"routeno":"281-AP KLN-KIA","responsecode":200,"routeparentid":2658},{"union_rowno":3,"row":219,"routeno":"281-AP PTH-KIAS","responsecode":200,"routeparentid":2666},{"union_rowno":3,"row":220,"routeno":"281-C","responsecode":200,"routeparentid":3491},{"union_rowno":3,"row":221,"routeno":"281-C BGC-MGRMS","responsecode":200,"routeparentid":7414},{"union_rowno":3,"row":222,"routeno":"281-F","responsecode":200,"routeparentid":3812},{"union_rowno":3,"row":223,"routeno":"281-F KBS-MYH-HNS","responsecode":200,"routeparentid":2668},{"union_rowno":3,"row":224,"routeno":"281-F YHKOT-MLH","responsecode":200,"routeparentid":5503},{"union_rowno":3,"row":225,"routeno":"281-G","responsecode":200,"routeparentid":3593},{"union_rowno":3,"row":226,"routeno":"281-H","responsecode":200,"routeparentid":3754},{"union_rowno":3,"row":227,"routeno":"281-H MYLH-KBS","responsecode":200,"routeparentid":3756},{"union_rowno":3,"row":228,"routeno":"282","responsecode":200,"routeparentid":3605},{"union_rowno":3,"row":229,"routeno":"282-A","responsecode":200,"routeparentid":3613},{"union_rowno":3,"row":230,"routeno":"282-A HSHK-KBS","responsecode":200,"routeparentid":3617},{"union_rowno":3,"row":231,"routeno":"282-A MSGNH-KBS","responsecode":200,"routeparentid":3632},{"union_rowno":3,"row":232,"routeno":"282-A PTH-HSHK","responsecode":200,"routeparentid":3618},{"union_rowno":3,"row":233,"routeno":"282-B","responsecode":200,"routeparentid":3623},{"union_rowno":3,"row":234,"routeno":"282-B PTH-MGH","responsecode":200,"routeparentid":5601},{"union_rowno":3,"row":235,"routeno":"282B D52G-YHKOT","responsecode":200,"routeparentid":7481},{"union_rowno":3,"row":236,"routeno":"282B KBS-MSGH","responsecode":200,"routeparentid":7483},{"union_rowno":3,"row":237,"routeno":"282B YHKOT-MSGH","responsecode":200,"routeparentid":7482},{"union_rowno":3,"row":238,"routeno":"282-C","responsecode":200,"routeparentid":3635},{"union_rowno":3,"row":239,"routeno":"282-C YHK-BLR","responsecode":200,"routeparentid":3095},{"union_rowno":3,"row":240,"routeno":"282-D","responsecode":200,"routeparentid":1332},{"union_rowno":3,"row":241,"routeno":"282-D KBS-VVC","responsecode":200,"routeparentid":3643},{"union_rowno":3,"row":242,"routeno":"282-D PTH-VVC","responsecode":200,"routeparentid":3698},{"union_rowno":3,"row":243,"routeno":"282-F","responsecode":200,"routeparentid":3646},{"union_rowno":3,"row":244,"routeno":"282-F HBLB-MNH","responsecode":200,"routeparentid":7463},{"union_rowno":3,"row":245,"routeno":"282-F PTH-MRNH","responsecode":200,"routeparentid":3609},{"union_rowno":3,"row":246,"routeno":"282-G","responsecode":200,"routeparentid":3654},{"union_rowno":3,"row":247,"routeno":"282-G HBLB-KDLH","responsecode":200,"routeparentid":7466},{"union_rowno":3,"row":248,"routeno":"282-G KBS-KDLH-D52G","responsecode":200,"routeparentid":7460},{"union_rowno":3,"row":249,"routeno":"282-G PTML-KDLH","responsecode":200,"routeparentid":3655},{"union_rowno":3,"row":250,"routeno":"282 HBLB-D52G","responsecode":200,"routeparentid":7462},{"union_rowno":3,"row":251,"routeno":"282 KBS-D52G","responsecode":200,"routeparentid":7458},{"union_rowno":3,"row":252,"routeno":"282 PTH-UTNH","responsecode":200,"routeparentid":3686},{"union_rowno":3,"row":253,"routeno":"283","responsecode":200,"routeparentid":3659},{"union_rowno":3,"row":254,"routeno":"283-A","responsecode":200,"routeparentid":3668},{"union_rowno":3,"row":255,"routeno":"283-A SGT-KBS","responsecode":200,"routeparentid":3669},{"union_rowno":3,"row":256,"routeno":"283-B","responsecode":200,"routeparentid":4487},{"union_rowno":3,"row":257,"routeno":"283-D","responsecode":200,"routeparentid":4068},{"union_rowno":3,"row":258,"routeno":"283-D PTH-KDRGC","responsecode":200,"routeparentid":4489},{"union_rowno":3,"row":259,"routeno":"283-D PTML-KDGC","responsecode":200,"routeparentid":4071},{"union_rowno":3,"row":260,"routeno":"283-D YHKOT-KDGC","responsecode":200,"routeparentid":4074},{"union_rowno":3,"row":261,"routeno":"283-E","responsecode":200,"routeparentid":3726},{"union_rowno":3,"row":262,"routeno":"283 PTH-SGT","responsecode":200,"routeparentid":3700},{"union_rowno":3,"row":263,"routeno":"284","responsecode":200,"routeparentid":1176},{"union_rowno":3,"row":264,"routeno":"284-A","responsecode":200,"routeparentid":4331},{"union_rowno":3,"row":265,"routeno":"284-B","responsecode":200,"routeparentid":1414},{"union_rowno":3,"row":266,"routeno":"284-B CNPG-HBLB","responsecode":200,"routeparentid":2766},{"union_rowno":3,"row":267,"routeno":"284-B SBS-RTNP-BMSITY","responsecode":200,"routeparentid":1085},{"union_rowno":3,"row":268,"routeno":"284-C","responsecode":200,"routeparentid":2441},{"union_rowno":3,"row":269,"routeno":"284-C CVB-JDLO","responsecode":200,"routeparentid":2451},{"union_rowno":3,"row":270,"routeno":"284-C JLOW-VSD-KBS","responsecode":200,"routeparentid":4546},{"union_rowno":3,"row":271,"routeno":"284-C KBS-JLOW","responsecode":200,"routeparentid":4543},{"union_rowno":3,"row":272,"routeno":"284-C KBS-KRC-JLOW","responsecode":200,"routeparentid":6941},{"union_rowno":3,"row":273,"routeno":"284-C VSD-JLOW","responsecode":200,"routeparentid":4542},{"union_rowno":3,"row":274,"routeno":"284-D","responsecode":200,"routeparentid":1175},{"union_rowno":3,"row":275,"routeno":"284 D14G-RTNPS-KBS","responsecode":200,"routeparentid":4657},{"union_rowno":3,"row":276,"routeno":"284-E","responsecode":200,"routeparentid":3702},{"union_rowno":3,"row":277,"routeno":"284-E ALS-KBS","responsecode":200,"routeparentid":3704},{"union_rowno":3,"row":278,"routeno":"284-G","responsecode":200,"routeparentid":1193},{"union_rowno":3,"row":279,"routeno":"284-H","responsecode":200,"routeparentid":4607},{"union_rowno":3,"row":280,"routeno":"284-H PTH-GNR2","responsecode":200,"routeparentid":4610},{"union_rowno":3,"row":281,"routeno":"284-KA","responsecode":200,"routeparentid":1295},{"union_rowno":3,"row":282,"routeno":"284-KA KBS-VSD-JSNL","responsecode":200,"routeparentid":1297},{"union_rowno":3,"row":283,"routeno":"284 KBS-KVRY","responsecode":200,"routeparentid":4490},{"union_rowno":3,"row":284,"routeno":"284 KMT-KVRY","responsecode":200,"routeparentid":5976},{"union_rowno":3,"row":285,"routeno":"284 RTNP-YHK-OASIS","responsecode":200,"routeparentid":4745},{"union_rowno":3,"row":286,"routeno":"284 SBS-RTN-VNS","responsecode":200,"routeparentid":4113},{"union_rowno":3,"row":287,"routeno":"284 SNBS-SBS-RTNP-HBLB","responsecode":200,"routeparentid":1067},{"union_rowno":3,"row":288,"routeno":"284 VNS-YHKOT","responsecode":200,"routeparentid":3075},{"union_rowno":3,"row":289,"routeno":"284 YHKOT-VYKL-CLO","responsecode":200,"routeparentid":2881},{"union_rowno":3,"row":290,"routeno":"285","responsecode":200,"routeparentid":2038},{"union_rowno":3,"row":291,"routeno":"285-A","responsecode":200,"routeparentid":2044},{"union_rowno":3,"row":292,"routeno":"285-A KBS-NGDH","responsecode":200,"routeparentid":3993},{"union_rowno":3,"row":293,"routeno":"285-AA","responsecode":200,"routeparentid":2043},{"union_rowno":3,"row":294,"routeno":"285-B","responsecode":200,"routeparentid":1333},{"union_rowno":3,"row":295,"routeno":"285-B RMGH-KBS","responsecode":200,"routeparentid":1334},{"union_rowno":3,"row":296,"routeno":"285 BELF-HBLB-DBP","responsecode":200,"routeparentid":6062},{"union_rowno":3,"row":297,"routeno":"285 BMSITY-MKC-SBS","responsecode":200,"routeparentid":1087},{"union_rowno":3,"row":298,"routeno":"285 BMSITY-YHKOT","responsecode":200,"routeparentid":3086},{"union_rowno":3,"row":299,"routeno":"285 BTH-THS-KBS","responsecode":200,"routeparentid":5889},{"union_rowno":3,"row":300,"routeno":"285-C","responsecode":200,"routeparentid":2048},{"union_rowno":3,"row":301,"routeno":"285-C KBS-DTMR","responsecode":200,"routeparentid":4019},{"union_rowno":3,"row":302,"routeno":"285-CA","responsecode":200,"routeparentid":2045},{"union_rowno":3,"row":303,"routeno":"285-CB","responsecode":200,"routeparentid":2050},{"union_rowno":3,"row":304,"routeno":"285-CB KKH-KBS","responsecode":200,"routeparentid":4106},{"union_rowno":3,"row":305,"routeno":"285-CB PTML-KKH","responsecode":200,"routeparentid":4070},{"union_rowno":3,"row":306,"routeno":"285-CC","responsecode":200,"routeparentid":2047},{"union_rowno":3,"row":307,"routeno":"285-CC KBS-CKTR","responsecode":200,"routeparentid":3997},{"union_rowno":3,"row":308,"routeno":"285-D","responsecode":200,"routeparentid":2051},{"union_rowno":3,"row":309,"routeno":"285-D KBS-LNH","responsecode":200,"routeparentid":7190},{"union_rowno":3,"row":310,"routeno":"285-DA","responsecode":200,"routeparentid":2059},{"union_rowno":3,"row":311,"routeno":"285-E","responsecode":200,"routeparentid":2060},{"union_rowno":3,"row":312,"routeno":"285-E KBS-KKLV","responsecode":200,"routeparentid":7185},{"union_rowno":3,"row":313,"routeno":"285-F","responsecode":200,"routeparentid":2061},{"union_rowno":3,"row":314,"routeno":"285-F PTML-BRPR","responsecode":200,"routeparentid":4000},{"union_rowno":3,"row":315,"routeno":"285-G","responsecode":200,"routeparentid":2062},{"union_rowno":3,"row":316,"routeno":"285-H","responsecode":200,"routeparentid":2063},{"union_rowno":3,"row":317,"routeno":"285-H KBS-KLRH","responsecode":200,"routeparentid":4003},{"union_rowno":3,"row":318,"routeno":"285 HBLB-PTML","responsecode":200,"routeparentid":7181},{"union_rowno":3,"row":319,"routeno":"285-J","responsecode":200,"routeparentid":2064},{"union_rowno":3,"row":320,"routeno":"285-J PTML-JLG","responsecode":200,"routeparentid":4015},{"union_rowno":3,"row":321,"routeno":"285-JA","responsecode":200,"routeparentid":2065},{"union_rowno":3,"row":322,"routeno":"285-JB","responsecode":200,"routeparentid":2066},{"union_rowno":3,"row":323,"routeno":"285-JC","responsecode":200,"routeparentid":2067},{"union_rowno":3,"row":324,"routeno":"285-JE","responsecode":200,"routeparentid":2068},{"union_rowno":3,"row":325,"routeno":"285-JE DYVH-KBS","responsecode":200,"routeparentid":4066},{"union_rowno":3,"row":326,"routeno":"285-JE PTML-DYVH","responsecode":200,"routeparentid":4067},{"union_rowno":3,"row":327,"routeno":"285-K","responsecode":200,"routeparentid":1179},{"union_rowno":3,"row":328,"routeno":"285-K KBS-SDNH","responsecode":200,"routeparentid":2326},{"union_rowno":3,"row":329,"routeno":"285-K PTMT-CVB-KBS","responsecode":200,"routeparentid":7336},{"union_rowno":3,"row":330,"routeno":"285-KA","responsecode":200,"routeparentid":2071},{"union_rowno":3,"row":331,"routeno":"285-KA KBS-BTN","responsecode":200,"routeparentid":6735},{"union_rowno":3,"row":332,"routeno":"285 KBS-ARMYPR","responsecode":200,"routeparentid":7547},{"union_rowno":3,"row":333,"routeno":"285 KBS-BPD","responsecode":200,"routeparentid":4010},{"union_rowno":3,"row":334,"routeno":"285 KBS-SRKMS","responsecode":200,"routeparentid":4008},{"union_rowno":3,"row":335,"routeno":"285 KBS-VPSH","responsecode":200,"routeparentid":1192},{"union_rowno":3,"row":336,"routeno":"285 KBS-YST-PTH","responsecode":200,"routeparentid":1185},{"union_rowno":3,"row":337,"routeno":"285 KBS-YSTF-PTH","responsecode":200,"routeparentid":1187},{"union_rowno":3,"row":338,"routeno":"285 KMT-BMSIT","responsecode":200,"routeparentid":6862},{"union_rowno":3,"row":339,"routeno":"285 KMT-MADT","responsecode":200,"routeparentid":4494},{"union_rowno":3,"row":340,"routeno":"285 KMT-RKMS","responsecode":200,"routeparentid":3717},{"union_rowno":3,"row":341,"routeno":"285 KMT-THS-BTN","responsecode":200,"routeparentid":5888},{"union_rowno":3,"row":342,"routeno":"285-L","responsecode":200,"routeparentid":2076},{"union_rowno":3,"row":343,"routeno":"285-L KBS-BYT","responsecode":200,"routeparentid":4029},{"union_rowno":3,"row":344,"routeno":"285-M","responsecode":200,"routeparentid":1173},{"union_rowno":3,"row":345,"routeno":"285-M BMSIT-DBP","responsecode":200,"routeparentid":4624},{"union_rowno":3,"row":346,"routeno":"285-M KBS-BMSIT","responsecode":200,"routeparentid":1089},{"union_rowno":3,"row":347,"routeno":"285-M KBS-DBPH","responsecode":200,"routeparentid":7029},{"union_rowno":3,"row":348,"routeno":"285-M KBS-DVH","responsecode":200,"routeparentid":2446},{"union_rowno":3,"row":349,"routeno":"285-M MADT-DBP","responsecode":200,"routeparentid":7424},{"union_rowno":3,"row":350,"routeno":"285-M PTLM-DBP","responsecode":200,"routeparentid":2334},{"union_rowno":3,"row":351,"routeno":"285-M PTLM-DBPH","responsecode":200,"routeparentid":7032},{"union_rowno":3,"row":352,"routeno":"285-M PTML-DVH","responsecode":200,"routeparentid":2445},{"union_rowno":3,"row":353,"routeno":"285-M SBS-RTN-PTML","responsecode":200,"routeparentid":7182},{"union_rowno":3,"row":354,"routeno":"285-M YHK-DBP","responsecode":200,"routeparentid":1555},{"union_rowno":3,"row":355,"routeno":"285-MA","responsecode":200,"routeparentid":1261},{"union_rowno":3,"row":356,"routeno":"285-MA -DBP-KBS","responsecode":200,"routeparentid":4030},{"union_rowno":3,"row":357,"routeno":"285-MA KMT-CVB-PTML","responsecode":200,"routeparentid":7187},{"union_rowno":3,"row":358,"routeno":"285-MA PTML-CVB","responsecode":200,"routeparentid":1260},{"union_rowno":3,"row":359,"routeno":"285-MA SNBS-DBP","responsecode":200,"routeparentid":2456},{"union_rowno":3,"row":360,"routeno":"285-MC","responsecode":200,"routeparentid":1178},{"union_rowno":3,"row":361,"routeno":"285-MC PTH-SBS-HAL","responsecode":200,"routeparentid":7184},{"union_rowno":3,"row":362,"routeno":"285-MC PTML-DBP","responsecode":200,"routeparentid":3989},{"union_rowno":3,"row":363,"routeno":"285-MD","responsecode":200,"routeparentid":2079},{"union_rowno":3,"row":364,"routeno":"285-ME","responsecode":200,"routeparentid":2084},{"union_rowno":3,"row":365,"routeno":"285-MF","responsecode":200,"routeparentid":2087},{"union_rowno":3,"row":366,"routeno":"285-MG","responsecode":200,"routeparentid":2089},{"union_rowno":3,"row":367,"routeno":"285-MG KBS-BMG","responsecode":200,"routeparentid":2467},{"union_rowno":3,"row":368,"routeno":"285-MH","responsecode":200,"routeparentid":2092},{"union_rowno":3,"row":369,"routeno":"285-MJ","responsecode":200,"routeparentid":2094},{"union_rowno":3,"row":370,"routeno":"285-MJ  D46G-JKR","responsecode":200,"routeparentid":6354},{"union_rowno":3,"row":371,"routeno":"285-MJ GST-JKR","responsecode":200,"routeparentid":6353},{"union_rowno":3,"row":372,"routeno":"285-MJ HBLB-GST","responsecode":200,"routeparentid":6820},{"union_rowno":3,"row":373,"routeno":"285-MJ JKLO-PTML","responsecode":200,"routeparentid":4021},{"union_rowno":3,"row":374,"routeno":"285-MK","responsecode":200,"routeparentid":1257},{"union_rowno":3,"row":375,"routeno":"285-MK KMT-PTML","responsecode":200,"routeparentid":7192},{"union_rowno":3,"row":376,"routeno":"285-MN","responsecode":200,"routeparentid":6997},{"union_rowno":3,"row":377,"routeno":"285-MP","responsecode":200,"routeparentid":2096},{"union_rowno":3,"row":378,"routeno":"285-MP KBS-NAGH","responsecode":200,"routeparentid":2459},{"union_rowno":3,"row":379,"routeno":"285-MP PTML-NAGH","responsecode":200,"routeparentid":2458},{"union_rowno":3,"row":380,"routeno":"285-MP YHK-NAGH","responsecode":200,"routeparentid":2460},{"union_rowno":3,"row":381,"routeno":"285-MP YHKOT-HRTAD","responsecode":200,"routeparentid":3691},{"union_rowno":3,"row":382,"routeno":"285-MS","responsecode":200,"routeparentid":4088},{"union_rowno":3,"row":383,"routeno":"285M SNH-KBS","responsecode":200,"routeparentid":7423},{"union_rowno":3,"row":384,"routeno":"285-N","responsecode":200,"routeparentid":2099},{"union_rowno":3,"row":385,"routeno":"285-P","responsecode":200,"routeparentid":2086},{"union_rowno":3,"row":386,"routeno":"285-P KBS-BTNH","responsecode":200,"routeparentid":4056},{"union_rowno":3,"row":387,"routeno":"285 PTH-DSKN","responsecode":200,"routeparentid":1270},{"union_rowno":3,"row":388,"routeno":"285 PTH-JKLO","responsecode":200,"routeparentid":1521},{"union_rowno":3,"row":389,"routeno":"285 PTML-DBRC-KLRH","responsecode":200,"routeparentid":6746},{"union_rowno":3,"row":390,"routeno":"285 PTML-HNYR","responsecode":200,"routeparentid":7179},{"union_rowno":3,"row":391,"routeno":"285 PTML-YHKOT","responsecode":200,"routeparentid":3626},{"union_rowno":3,"row":392,"routeno":"285-R","responsecode":200,"routeparentid":2037},{"union_rowno":3,"row":393,"routeno":"285-R PTML-CLH","responsecode":200,"routeparentid":2465},{"union_rowno":3,"row":394,"routeno":"285-R SBS-HNYR","responsecode":200,"routeparentid":7178},{"union_rowno":3,"row":395,"routeno":"285-RA","responsecode":200,"routeparentid":2055},{"union_rowno":3,"row":396,"routeno":"285-RA HNYR-KBS","responsecode":200,"routeparentid":4024},{"union_rowno":3,"row":397,"routeno":"285-RB","responsecode":200,"routeparentid":2057},{"union_rowno":3,"row":398,"routeno":"285-RB KBS-KNW","responsecode":200,"routeparentid":7188},{"union_rowno":3,"row":399,"routeno":"285-RC","responsecode":200,"routeparentid":2100},{"union_rowno":3,"row":401,"routeno":"285 RKMS-KBS","responsecode":200,"routeparentid":3719},{"union_rowno":3,"row":402,"routeno":"285 SBS-MKC-DDP","responsecode":200,"routeparentid":7570},{"union_rowno":3,"row":403,"routeno":"285 SBS-MKC-MADT","responsecode":200,"routeparentid":4654},{"union_rowno":3,"row":404,"routeno":"285 SBS-MKC-PTLM","responsecode":200,"routeparentid":7569},{"union_rowno":3,"row":405,"routeno":"285 SBS-RTN-DBP","responsecode":200,"routeparentid":7180},{"union_rowno":3,"row":406,"routeno":"285 SRN-KBS-GKVK","responsecode":200,"routeparentid":1077},{"union_rowno":3,"row":407,"routeno":"285-T","responsecode":200,"routeparentid":2056},{"union_rowno":3,"row":408,"routeno":"285-TA","responsecode":200,"routeparentid":2058},{"union_rowno":3,"row":409,"routeno":"285-V","responsecode":200,"routeparentid":2046},{"union_rowno":3,"row":410,"routeno":"285-W","responsecode":200,"routeparentid":2052},{"union_rowno":3,"row":411,"routeno":"285-X","responsecode":200,"routeparentid":2080},{"union_rowno":3,"row":412,"routeno":"285-X DBR-KBS","responsecode":200,"routeparentid":4037},{"union_rowno":3,"row":413,"routeno":"285-X PTML-DBR","responsecode":200,"routeparentid":4033},{"union_rowno":3,"row":414,"routeno":"285-Y","responsecode":200,"routeparentid":2054},{"union_rowno":3,"row":415,"routeno":"285-YA","responsecode":200,"routeparentid":2053},{"union_rowno":3,"row":416,"routeno":"285-YA HHP-KBS","responsecode":200,"routeparentid":4038},{"union_rowno":3,"row":417,"routeno":"285-YA PTML-HHPL","responsecode":200,"routeparentid":4219},{"union_rowno":3,"row":418,"routeno":"286","responsecode":200,"routeparentid":1268},{"union_rowno":3,"row":419,"routeno":"286-A","responsecode":200,"routeparentid":1534},{"union_rowno":3,"row":420,"routeno":"286-AA","responsecode":200,"routeparentid":1535},{"union_rowno":3,"row":421,"routeno":"286-AB CVB-SVN","responsecode":200,"routeparentid":2455},{"union_rowno":3,"row":422,"routeno":"286-AB PTML-SVN","responsecode":200,"routeparentid":2453},{"union_rowno":3,"row":423,"routeno":"286-B","responsecode":200,"routeparentid":1540},{"union_rowno":3,"row":424,"routeno":"286-C","responsecode":200,"routeparentid":7125},{"union_rowno":3,"row":425,"routeno":"286-D","responsecode":200,"routeparentid":1513},{"union_rowno":3,"row":426,"routeno":"286-D PTH-SRP","responsecode":200,"routeparentid":1514},{"union_rowno":3,"row":427,"routeno":"286-D SRP-KBS","responsecode":200,"routeparentid":1543},{"union_rowno":3,"row":428,"routeno":"286-E","responsecode":200,"routeparentid":1515},{"union_rowno":3,"row":429,"routeno":"286-E PTH-SVKTN","responsecode":200,"routeparentid":1516},{"union_rowno":3,"row":430,"routeno":"286-E SVKTN-KBS","responsecode":200,"routeparentid":1517},{"union_rowno":3,"row":431,"routeno":"286-F","responsecode":200,"routeparentid":3918},{"union_rowno":3,"row":432,"routeno":"286-F D48G-KNP","responsecode":200,"routeparentid":4729},{"union_rowno":3,"row":433,"routeno":"286-F KBS-VSD-KNP","responsecode":200,"routeparentid":6267},{"union_rowno":3,"row":434,"routeno":"286-F VSD-KNP","responsecode":200,"routeparentid":4313},{"union_rowno":3,"row":435,"routeno":"286-G","responsecode":200,"routeparentid":1518},{"union_rowno":3,"row":436,"routeno":"286-G KMT-KBS-JKR","responsecode":200,"routeparentid":1519},{"union_rowno":3,"row":437,"routeno":"286-H","responsecode":200,"routeparentid":1520},{"union_rowno":3,"row":438,"routeno":"286-K","responsecode":200,"routeparentid":3923},{"union_rowno":3,"row":439,"routeno":"286-K SNBS-SBS-HBLB","responsecode":200,"routeparentid":1045},{"union_rowno":3,"row":440,"routeno":"286 KMT-DSKN","responsecode":200,"routeparentid":1269},{"union_rowno":3,"row":441,"routeno":"287-A","responsecode":200,"routeparentid":6358},{"union_rowno":3,"row":442,"routeno":"287-A ARMY-KDHG","responsecode":200,"routeparentid":7289},{"union_rowno":3,"row":443,"routeno":"287-A RTNPS-HBLB","responsecode":200,"routeparentid":2662},{"union_rowno":3,"row":444,"routeno":"287-C","responsecode":200,"routeparentid":4338},{"union_rowno":3,"row":445,"routeno":"287-D","responsecode":200,"routeparentid":3346},{"union_rowno":3,"row":446,"routeno":"287-E","responsecode":200,"routeparentid":4650},{"union_rowno":3,"row":447,"routeno":"287-F","responsecode":200,"routeparentid":4661},{"union_rowno":3,"row":448,"routeno":"287-G","responsecode":200,"routeparentid":4517},{"union_rowno":3,"row":449,"routeno":"287-JA","responsecode":200,"routeparentid":4150},{"union_rowno":3,"row":450,"routeno":"287-JA D45G-CBL","responsecode":200,"routeparentid":4151},{"union_rowno":3,"row":451,"routeno":"287-K","responsecode":200,"routeparentid":4156},{"union_rowno":3,"row":452,"routeno":"287-N","responsecode":200,"routeparentid":6359},{"union_rowno":3,"row":453,"routeno":"287-P","responsecode":200,"routeparentid":4667},{"union_rowno":3,"row":454,"routeno":"288","responsecode":200,"routeparentid":1274},{"union_rowno":3,"row":455,"routeno":"288-A","responsecode":200,"routeparentid":1272},{"union_rowno":3,"row":456,"routeno":"288-A GPO-KDH","responsecode":200,"routeparentid":6357},{"union_rowno":3,"row":457,"routeno":"288-A SBS-SLM","responsecode":200,"routeparentid":5660},{"union_rowno":3,"row":458,"routeno":"288-C","responsecode":200,"routeparentid":1411},{"union_rowno":3,"row":459,"routeno":"288-C PTH-KDGH","responsecode":200,"routeparentid":1537},{"union_rowno":3,"row":460,"routeno":"288-D","responsecode":200,"routeparentid":1271},{"union_rowno":3,"row":461,"routeno":"288 D45-TDL-KMT","responsecode":200,"routeparentid":6620},{"union_rowno":3,"row":462,"routeno":"288-DA","responsecode":200,"routeparentid":4163},{"union_rowno":3,"row":463,"routeno":"288-DA D45G-SKB","responsecode":200,"routeparentid":4167},{"union_rowno":3,"row":464,"routeno":"288-G","responsecode":200,"routeparentid":1273},{"union_rowno":3,"row":465,"routeno":"288-G D45G-KDCB","responsecode":200,"routeparentid":7394},{"union_rowno":3,"row":466,"routeno":"288-G KBS-VSD-KDHCBC","responsecode":200,"routeparentid":5973},{"union_rowno":3,"row":467,"routeno":"288-G VSD-KDHCB","responsecode":200,"routeparentid":4695},{"union_rowno":3,"row":468,"routeno":"288-H","responsecode":200,"routeparentid":1522},{"union_rowno":3,"row":469,"routeno":"288-H D45-TDL-KBS","responsecode":200,"routeparentid":6576},{"union_rowno":3,"row":470,"routeno":"288-H KBS-AGS-TDL","responsecode":200,"routeparentid":1523},{"union_rowno":3,"row":471,"routeno":"288-H SBS-TDL-D45","responsecode":200,"routeparentid":7126},{"union_rowno":3,"row":472,"routeno":"288-HV","responsecode":200,"routeparentid":4180},{"union_rowno":3,"row":473,"routeno":"288-HV D45G-HBL","responsecode":200,"routeparentid":4201},{"union_rowno":3,"row":474,"routeno":"288-J","responsecode":200,"routeparentid":4527},{"union_rowno":3,"row":475,"routeno":"288-J MGRMS-CBL","responsecode":200,"routeparentid":7479},{"union_rowno":3,"row":476,"routeno":"288-J MGRMS-NCBS","responsecode":200,"routeparentid":7477},{"union_rowno":3,"row":477,"routeno":"288-J SBS-TDL","responsecode":200,"routeparentid":5975},{"union_rowno":3,"row":478,"routeno":"288 KBS-TDL","responsecode":200,"routeparentid":4632},{"union_rowno":3,"row":479,"routeno":"288 KBS-VSD-TDL","responsecode":200,"routeparentid":6615},{"union_rowno":3,"row":480,"routeno":"288 KDH-KBS-VSD","responsecode":200,"routeparentid":6616},{"union_rowno":3,"row":481,"routeno":"288 VSD-TDL","responsecode":200,"routeparentid":4684},{"union_rowno":3,"row":482,"routeno":"289","responsecode":200,"routeparentid":3968},{"union_rowno":3,"row":483,"routeno":"289-A","responsecode":200,"routeparentid":1423},{"union_rowno":3,"row":484,"routeno":"289-A BGLR-NITTE","responsecode":200,"routeparentid":6961},{"union_rowno":3,"row":485,"routeno":"289-A PTH-BKHP","responsecode":200,"routeparentid":3689},{"union_rowno":3,"row":486,"routeno":"289-A YHKOT-BKHP","responsecode":200,"routeparentid":3687},{"union_rowno":3,"row":487,"routeno":"289-A YHKOT-RZKP","responsecode":200,"routeparentid":4733},{"union_rowno":3,"row":488,"routeno":"289-AA","responsecode":200,"routeparentid":6904},{"union_rowno":3,"row":489,"routeno":"289-AA MSP-BGR","responsecode":200,"routeparentid":6905},{"union_rowno":3,"row":490,"routeno":"289-AB","responsecode":200,"routeparentid":4486},{"union_rowno":3,"row":491,"routeno":"289-AB PTH-BYH","responsecode":200,"routeparentid":5981},{"union_rowno":3,"row":492,"routeno":"289-AV","responsecode":200,"routeparentid":3779},{"union_rowno":3,"row":493,"routeno":"289-B","responsecode":200,"routeparentid":4488},{"union_rowno":3,"row":494,"routeno":"289-B PTH-KYH","responsecode":200,"routeparentid":4491},{"union_rowno":3,"row":495,"routeno":"289-B YHK-KDYPH","responsecode":200,"routeparentid":4496},{"union_rowno":3,"row":496,"routeno":"289-C","responsecode":200,"routeparentid":4972},{"union_rowno":3,"row":497,"routeno":"289-C HNH-KBS","responsecode":200,"routeparentid":4974},{"union_rowno":3,"row":498,"routeno":"289-CA","responsecode":200,"routeparentid":4483},{"union_rowno":3,"row":499,"routeno":"289-CA PTH-HNH","responsecode":200,"routeparentid":4485},{"union_rowno":3,"row":500,"routeno":"289-CB","responsecode":200,"routeparentid":4976},{"union_rowno":3,"row":501,"routeno":"289-D HSK-BYRTH-YHKOT","responsecode":200,"routeparentid":4855},{"union_rowno":3,"row":502,"routeno":"289-E","responsecode":200,"routeparentid":3778},{"union_rowno":3,"row":503,"routeno":"289-E HBLB-CKH","responsecode":200,"routeparentid":7465},{"union_rowno":3,"row":504,"routeno":"289-E KMT-D52G","responsecode":200,"routeparentid":7459},{"union_rowno":3,"row":505,"routeno":"289-F","responsecode":200,"routeparentid":2627},{"union_rowno":3,"row":506,"routeno":"289-F PTH-HSK","responsecode":200,"routeparentid":2629},{"union_rowno":3,"row":507,"routeno":"289-F YHKOT-MRC","responsecode":200,"routeparentid":6269},{"union_rowno":3,"row":508,"routeno":"289-F YST-HSK","responsecode":200,"routeparentid":7312},{"union_rowno":3,"row":509,"routeno":"289-G","responsecode":200,"routeparentid":3727},{"union_rowno":3,"row":510,"routeno":"289-G YHK-MRS","responsecode":200,"routeparentid":3734},{"union_rowno":3,"row":511,"routeno":"289-GA","responsecode":200,"routeparentid":3735},{"union_rowno":3,"row":512,"routeno":"289 HBLB-D52G","responsecode":200,"routeparentid":7461},{"union_rowno":3,"row":513,"routeno":"289-J","responsecode":200,"routeparentid":4979},{"union_rowno":3,"row":514,"routeno":"289-K","responsecode":200,"routeparentid":4990},{"union_rowno":3,"row":515,"routeno":"289-L","responsecode":200,"routeparentid":3764},{"union_rowno":3,"row":516,"routeno":"289-L PTH-CHK","responsecode":200,"routeparentid":3774},{"union_rowno":3,"row":517,"routeno":"289-L PTH-MVJ","responsecode":200,"routeparentid":6727},{"union_rowno":3,"row":518,"routeno":"289-LA","responsecode":200,"routeparentid":4521},{"union_rowno":3,"row":519,"routeno":"289-LA YSTF-HSK","responsecode":200,"routeparentid":6009},{"union_rowno":3,"row":520,"routeno":"289-M","responsecode":200,"routeparentid":3724},{"union_rowno":3,"row":521,"routeno":"289-N","responsecode":200,"routeparentid":4996},{"union_rowno":3,"row":522,"routeno":"289-P","responsecode":200,"routeparentid":3684},{"union_rowno":3,"row":523,"routeno":"289-P D52G-HNS","responsecode":200,"routeparentid":7464},{"union_rowno":3,"row":524,"routeno":"289-P D52G-YHKOT","responsecode":200,"routeparentid":7487},{"union_rowno":3,"row":525,"routeno":"289-P HBL-HNS","responsecode":200,"routeparentid":7467},{"union_rowno":3,"row":526,"routeno":"289-P PTH-HNS","responsecode":200,"routeparentid":6617},{"union_rowno":3,"row":527,"routeno":"289-R","responsecode":200,"routeparentid":7579},{"union_rowno":3,"row":528,"routeno":"289-Y","responsecode":200,"routeparentid":3783},{"union_rowno":3,"row":529,"routeno":"289 YHK-D48G","responsecode":200,"routeparentid":2932},{"union_rowno":3,"row":530,"routeno":"289 YHKOT-ARS","responsecode":200,"routeparentid":3725},{"union_rowno":3,"row":531,"routeno":"289 YHKOT-CHR","responsecode":200,"routeparentid":6991},{"union_rowno":3,"row":532,"routeno":"289-Z","responsecode":200,"routeparentid":3676},{"union_rowno":3,"row":533,"routeno":"290-E YHKOT-BLH-D48","responsecode":200,"routeparentid":5632},{"union_rowno":3,"row":534,"routeno":"290-R SBS-THS-D48G","responsecode":200,"routeparentid":6937},{"union_rowno":3,"row":535,"routeno":"292-CA D48G-IAF","responsecode":200,"routeparentid":7024},{"union_rowno":3,"row":536,"routeno":"292-D D48G-NND","responsecode":200,"routeparentid":5011},{"union_rowno":3,"row":537,"routeno":"293 D48G-HNH","responsecode":200,"routeparentid":4975},{"union_rowno":3,"row":538,"routeno":"293 D48G-KBS","responsecode":200,"routeparentid":4879},{"union_rowno":3,"row":539,"routeno":"293 D48G-RZP","responsecode":200,"routeparentid":5004},{"union_rowno":3,"row":540,"routeno":"293-F D48G-BGLR-KDYH","responsecode":200,"routeparentid":4993},{"union_rowno":3,"row":541,"routeno":"293-F D48G-HNS","responsecode":200,"routeparentid":4774},{"union_rowno":3,"row":542,"routeno":"293-F D48G-KMT","responsecode":200,"routeparentid":4766},{"union_rowno":3,"row":543,"routeno":"293-H D48G-DNH","responsecode":200,"routeparentid":5267},{"union_rowno":3,"row":544,"routeno":"293-S D48G-BGLR","responsecode":200,"routeparentid":4760},{"union_rowno":3,"row":545,"routeno":"294-B D48G-JNTNR","responsecode":200,"routeparentid":4885},{"union_rowno":3,"row":546,"routeno":"294-D D48G-AGP","responsecode":200,"routeparentid":4838},{"union_rowno":3,"row":547,"routeno":"295-B BYB-D48G-AGP","responsecode":200,"routeparentid":5600},{"union_rowno":3,"row":548,"routeno":"295-E D48G-BBD","responsecode":200,"routeparentid":5599},{"union_rowno":3,"row":549,"routeno":"296-B D48G-HBRLO","responsecode":200,"routeparentid":4822},{"union_rowno":3,"row":550,"routeno":"296-N D48G-BBD-KDA","responsecode":200,"routeparentid":4849},{"union_rowno":3,"row":551,"routeno":"298","responsecode":200,"routeparentid":4570},{"union_rowno":3,"row":552,"routeno":"298-A","responsecode":200,"routeparentid":5070},{"union_rowno":3,"row":553,"routeno":"298-A KMT-AGO-UNV","responsecode":200,"routeparentid":6270},{"union_rowno":3,"row":554,"routeno":"298-AP","responsecode":200,"routeparentid":7087},{"union_rowno":3,"row":555,"routeno":"298-B","responsecode":200,"routeparentid":5076},{"union_rowno":3,"row":556,"routeno":"298-B KBS-ANSR-BCP","responsecode":200,"routeparentid":6962},{"union_rowno":3,"row":557,"routeno":"298-C","responsecode":200,"routeparentid":5079},{"union_rowno":3,"row":558,"routeno":"298-C KMT-AGO-KLP","responsecode":200,"routeparentid":6271},{"union_rowno":3,"row":559,"routeno":"298-E","responsecode":200,"routeparentid":5084},{"union_rowno":3,"row":560,"routeno":"298-HD","responsecode":200,"routeparentid":1385},{"union_rowno":3,"row":561,"routeno":"298-M","responsecode":200,"routeparentid":1174},{"union_rowno":3,"row":562,"routeno":"298-M DVH-HRH-VJP","responsecode":200,"routeparentid":6963},{"union_rowno":3,"row":563,"routeno":"298-M DVH-VSD-KBS","responsecode":200,"routeparentid":5942},{"union_rowno":3,"row":564,"routeno":"298-M HBLB-DVH","responsecode":200,"routeparentid":6650},{"union_rowno":3,"row":565,"routeno":"298-M KBS-EHSR-BRS","responsecode":200,"routeparentid":7350},{"union_rowno":3,"row":566,"routeno":"298-M KBS-IIBSC","responsecode":200,"routeparentid":5214},{"union_rowno":3,"row":567,"routeno":"298-M KBS-VTHM","responsecode":200,"routeparentid":6065},{"union_rowno":3,"row":568,"routeno":"298-M KMT-DVH","responsecode":200,"routeparentid":3696},{"union_rowno":3,"row":569,"routeno":"298-M PTH-DVH","responsecode":200,"routeparentid":1487},{"union_rowno":3,"row":570,"routeno":"298-M PTML-DVH","responsecode":200,"routeparentid":4061},{"union_rowno":3,"row":571,"routeno":"298-M VSD-DVH","responsecode":200,"routeparentid":5088},{"union_rowno":3,"row":572,"routeno":"298-M YHK-DVHOB","responsecode":200,"routeparentid":3822},{"union_rowno":3,"row":573,"routeno":"298-M YSTF-DVHOB","responsecode":200,"routeparentid":3534},{"union_rowno":3,"row":574,"routeno":"298-MA","responsecode":200,"routeparentid":5153},{"union_rowno":3,"row":575,"routeno":"298-MB","responsecode":200,"routeparentid":6964},{"union_rowno":3,"row":576,"routeno":"298-MC","responsecode":200,"routeparentid":5154},{"union_rowno":3,"row":577,"routeno":"298-MC YHK-VJP","responsecode":200,"routeparentid":5155},{"union_rowno":3,"row":578,"routeno":"298-ME","responsecode":200,"routeparentid":5932},{"union_rowno":3,"row":579,"routeno":"298-ME KMT-AGO-NLR","responsecode":200,"routeparentid":6272},{"union_rowno":3,"row":580,"routeno":"298-ME KMT-NLR","responsecode":200,"routeparentid":5933},{"union_rowno":3,"row":581,"routeno":"298-ME YHK-NLR","responsecode":200,"routeparentid":5934},{"union_rowno":3,"row":582,"routeno":"298-MF","responsecode":200,"routeparentid":5156},{"union_rowno":3,"row":583,"routeno":"298-MF YHKOT-BSR","responsecode":200,"routeparentid":5179},{"union_rowno":3,"row":584,"routeno":"298-MG","responsecode":200,"routeparentid":2663},{"union_rowno":3,"row":585,"routeno":"298-MG KBS-SNH","responsecode":200,"routeparentid":5183},{"union_rowno":3,"row":586,"routeno":"298-MG YHKOT-SNH","responsecode":200,"routeparentid":5181},{"union_rowno":3,"row":587,"routeno":"298-MH","responsecode":200,"routeparentid":5158},{"union_rowno":3,"row":588,"routeno":"298-MK","responsecode":200,"routeparentid":1347},{"union_rowno":3,"row":589,"routeno":"298-MP","responsecode":200,"routeparentid":1348},{"union_rowno":3,"row":590,"routeno":"298-MP HBLB-VJP","responsecode":200,"routeparentid":7294},{"union_rowno":3,"row":591,"routeno":"298-MP KBS-HRH-VJP","responsecode":200,"routeparentid":7425},{"union_rowno":3,"row":592,"routeno":"298-MS","responsecode":200,"routeparentid":5161},{"union_rowno":3,"row":593,"routeno":"298-MT","responsecode":200,"routeparentid":1349},{"union_rowno":3,"row":594,"routeno":"298-MV","responsecode":200,"routeparentid":2639},{"union_rowno":3,"row":595,"routeno":"298-MV VJP-DVH-DBP","responsecode":200,"routeparentid":1351},{"union_rowno":3,"row":596,"routeno":"298-MV YHKOT-VJP","responsecode":200,"routeparentid":6439},{"union_rowno":3,"row":597,"routeno":"298-MY","responsecode":200,"routeparentid":2596},{"union_rowno":3,"row":598,"routeno":"298-P","responsecode":200,"routeparentid":1226},{"union_rowno":3,"row":599,"routeno":"298-P HSK-NGNH-DVH","responsecode":200,"routeparentid":5188},{"union_rowno":3,"row":600,"routeno":"298-PA","responsecode":200,"routeparentid":3693},{"union_rowno":3,"row":601,"routeno":"298-PB","responsecode":200,"routeparentid":5163},{"union_rowno":3,"row":602,"routeno":"298-PD","responsecode":200,"routeparentid":5165},{"union_rowno":3,"row":603,"routeno":"298-PD NLR-KBS","responsecode":200,"routeparentid":5196},{"union_rowno":3,"row":604,"routeno":"298 SBS-DVH","responsecode":200,"routeparentid":4346},{"union_rowno":3,"row":605,"routeno":"298 SDHG-RMG-KRC-SNBS","responsecode":200,"routeparentid":7027},{"union_rowno":3,"row":606,"routeno":"298-V","responsecode":200,"routeparentid":5167},{"union_rowno":3,"row":607,"routeno":"298-W","responsecode":200,"routeparentid":7177},{"union_rowno":3,"row":608,"routeno":"298-Y","responsecode":200,"routeparentid":5170},{"union_rowno":3,"row":609,"routeno":"298-Y KBS-YLR-VJP","responsecode":200,"routeparentid":6556},{"union_rowno":3,"row":610,"routeno":"298-Y VJP-YLR-YHKOT","responsecode":200,"routeparentid":6557},{"union_rowno":3,"row":611,"routeno":"298-Z","responsecode":200,"routeparentid":5172},{"union_rowno":3,"row":612,"routeno":"298-Z YHK-VJP","responsecode":200,"routeparentid":5207},{"union_rowno":3,"row":613,"routeno":"308","responsecode":200,"routeparentid":3087},{"union_rowno":3,"row":614,"routeno":"308-B","responsecode":200,"routeparentid":3093},{"union_rowno":3,"row":615,"routeno":"308 KMS-KBS","responsecode":200,"routeparentid":2893},{"union_rowno":3,"row":616,"routeno":"308 KMS-KMT","responsecode":200,"routeparentid":2904},{"union_rowno":3,"row":617,"routeno":"308 SBS-KMS","responsecode":200,"routeparentid":2901},{"union_rowno":3,"row":618,"routeno":"318","responsecode":200,"routeparentid":3264},{"union_rowno":3,"row":619,"routeno":"318-A","responsecode":200,"routeparentid":3961},{"union_rowno":3,"row":620,"routeno":"318-A MDR-BMH","responsecode":200,"routeparentid":3962},{"union_rowno":3,"row":621,"routeno":"318 KBS-JTP","responsecode":200,"routeparentid":3266},{"union_rowno":3,"row":622,"routeno":"318 KMT-THRM","responsecode":200,"routeparentid":3181},{"union_rowno":3,"row":623,"routeno":"328","responsecode":200,"routeparentid":1264},{"union_rowno":3,"row":624,"routeno":"328-E","responsecode":200,"routeparentid":3432},{"union_rowno":3,"row":625,"routeno":"328-E D41G-VLP","responsecode":200,"routeparentid":3435},{"union_rowno":3,"row":626,"routeno":"328-F","responsecode":200,"routeparentid":3439},{"union_rowno":3,"row":627,"routeno":"328-G","responsecode":200,"routeparentid":3453},{"union_rowno":3,"row":628,"routeno":"328-G D41G-GJR-HLH","responsecode":200,"routeparentid":3455},{"union_rowno":3,"row":629,"routeno":"328-H","responsecode":200,"routeparentid":1732},{"union_rowno":3,"row":630,"routeno":"328-H ATB-CRG","responsecode":200,"routeparentid":5785},{"union_rowno":3,"row":631,"routeno":"328-H ATB-D41G","responsecode":200,"routeparentid":5796},{"union_rowno":3,"row":632,"routeno":"328-H ATB-SJP-ABS","responsecode":200,"routeparentid":4560},{"union_rowno":3,"row":633,"routeno":"328-H ATB-SVMS","responsecode":200,"routeparentid":5886},{"union_rowno":3,"row":634,"routeno":"328-H CBR-ATB","responsecode":200,"routeparentid":4602},{"union_rowno":3,"row":635,"routeno":"328-H D38G-CPR-ATB-SJP","responsecode":200,"routeparentid":5997},{"union_rowno":3,"row":636,"routeno":"328-H D41G-ATB","responsecode":200,"routeparentid":1734},{"union_rowno":3,"row":637,"routeno":"328-H D41G-HSK","responsecode":200,"routeparentid":1736},{"union_rowno":3,"row":638,"routeno":"328-H D41G-HSS","responsecode":200,"routeparentid":5784},{"union_rowno":3,"row":639,"routeno":"328-H D41G-INF","responsecode":200,"routeparentid":5900},{"union_rowno":3,"row":640,"routeno":"328-H D41G-KDG","responsecode":200,"routeparentid":3188},{"union_rowno":3,"row":641,"routeno":"328-H D42G-HSK","responsecode":200,"routeparentid":6835},{"union_rowno":3,"row":642,"routeno":"328-H HSK-D41G","responsecode":200,"routeparentid":5807},{"union_rowno":3,"row":643,"routeno":"328-H HSK-SJP-CTP","responsecode":200,"routeparentid":6241},{"union_rowno":3,"row":644,"routeno":"328-H HSS-KDG","responsecode":200,"routeparentid":2479},{"union_rowno":3,"row":645,"routeno":"328-H HSS-SJP-ATB","responsecode":200,"routeparentid":4869},{"union_rowno":3,"row":646,"routeno":"328-H KCH-SJP-ATB","responsecode":200,"routeparentid":4568},{"union_rowno":3,"row":647,"routeno":"328-H KDG-HSK","responsecode":200,"routeparentid":6648},{"union_rowno":3,"row":648,"routeno":"328-H NTD-SJP-ATB","responsecode":200,"routeparentid":5229},{"union_rowno":3,"row":649,"routeno":"328-HA","responsecode":200,"routeparentid":3456},{"union_rowno":3,"row":650,"routeno":"328-HB D41G-HLS","responsecode":200,"routeparentid":3017},{"union_rowno":3,"row":651,"routeno":"328-HB D6G-ATB","responsecode":200,"routeparentid":5497},{"union_rowno":3,"row":652,"routeno":"328-HB D6G-MRHB-ATB","responsecode":200,"routeparentid":6200},{"union_rowno":3,"row":653,"routeno":"328-HB HLS-ATB","responsecode":200,"routeparentid":2891},{"union_rowno":3,"row":654,"routeno":"328-HD","responsecode":200,"routeparentid":5157},{"union_rowno":3,"row":655,"routeno":"328-HE","responsecode":200,"routeparentid":3460},{"union_rowno":3,"row":656,"routeno":"328-HE D41G-MDR","responsecode":200,"routeparentid":6836},{"union_rowno":3,"row":657,"routeno":"328-HF","responsecode":200,"routeparentid":6829},{"union_rowno":3,"row":658,"routeno":"328-HF BDGC-D41","responsecode":200,"routeparentid":6830},{"union_rowno":3,"row":659,"routeno":"328-HG","responsecode":200,"routeparentid":1731},{"union_rowno":3,"row":660,"routeno":"328-HK","responsecode":200,"routeparentid":5285},{"union_rowno":3,"row":661,"routeno":"328-HK VTR-SVMS","responsecode":200,"routeparentid":7342},{"union_rowno":3,"row":662,"routeno":"328HK ATB-D38G","responsecode":200,"routeparentid":6540},{"union_rowno":3,"row":663,"routeno":"328-HS","responsecode":200,"routeparentid":4800},{"union_rowno":3,"row":664,"routeno":"328-K","responsecode":200,"routeparentid":6822},{"union_rowno":3,"row":665,"routeno":"338","responsecode":200,"routeparentid":4905},{"union_rowno":3,"row":666,"routeno":"340-J KMT-D38G","responsecode":200,"routeparentid":3242},{"union_rowno":3,"row":667,"routeno":"342-A D38G-SJP","responsecode":200,"routeparentid":3176},{"union_rowno":3,"row":668,"routeno":"342-F D38G-DKH-SJP","responsecode":200,"routeparentid":3220},{"union_rowno":3,"row":669,"routeno":"342-F KBS-D38G","responsecode":200,"routeparentid":3222},{"union_rowno":3,"row":670,"routeno":"348","responsecode":200,"routeparentid":3587},{"union_rowno":3,"row":671,"routeno":"348-C","responsecode":200,"routeparentid":1824},{"union_rowno":3,"row":672,"routeno":"348-C KMT-HSPK","responsecode":200,"routeparentid":3597},{"union_rowno":3,"row":673,"routeno":"348-E","responsecode":200,"routeparentid":3607},{"union_rowno":3,"row":674,"routeno":"348-E KBS-MGP","responsecode":200,"routeparentid":3624},{"union_rowno":3,"row":675,"routeno":"348-F","responsecode":200,"routeparentid":1025},{"union_rowno":3,"row":676,"routeno":"348-G","responsecode":200,"routeparentid":1170},{"union_rowno":3,"row":677,"routeno":"348-M","responsecode":200,"routeparentid":3633},{"union_rowno":3,"row":678,"routeno":"349-A D38G-HND","responsecode":200,"routeparentid":6255},{"union_rowno":3,"row":679,"routeno":"349 D38-LMG-KBS","responsecode":200,"routeparentid":3025},{"union_rowno":3,"row":680,"routeno":"354-A STH-D38G","responsecode":200,"routeparentid":6256},{"union_rowno":3,"row":681,"routeno":"355 D38-BMSV","responsecode":200,"routeparentid":6958},{"union_rowno":3,"row":682,"routeno":"356 ANK-D38G","responsecode":200,"routeparentid":5129},{"union_rowno":3,"row":683,"routeno":"356-CW D38G-HSRBDA","responsecode":200,"routeparentid":6132},{"union_rowno":3,"row":684,"routeno":"356-Z D38-ANK","responsecode":200,"routeparentid":3000},{"union_rowno":3,"row":685,"routeno":"356-Z D38G-ANKL","responsecode":200,"routeparentid":5168},{"union_rowno":3,"row":686,"routeno":"356-ZA D38G-KDMS","responsecode":200,"routeparentid":6136},{"union_rowno":3,"row":687,"routeno":"358","responsecode":200,"routeparentid":5298},{"union_rowno":3,"row":688,"routeno":"358 KBS-MYS","responsecode":200,"routeparentid":5304},{"union_rowno":3,"row":689,"routeno":"360 D38G-ATB","responsecode":200,"routeparentid":1495},{"union_rowno":3,"row":690,"routeno":"360-S D38G-ANK-RMH","responsecode":200,"routeparentid":5984},{"union_rowno":3,"row":691,"routeno":"360-S D38G-SMDR","responsecode":200,"routeparentid":6135},{"union_rowno":3,"row":692,"routeno":"361-B D38G-CHD","responsecode":200,"routeparentid":5979},{"union_rowno":3,"row":693,"routeno":"368","responsecode":200,"routeparentid":2373},{"union_rowno":3,"row":694,"routeno":"368-E","responsecode":200,"routeparentid":4370},{"union_rowno":3,"row":695,"routeno":"368 SBS-D27G","responsecode":200,"routeparentid":7059},{"union_rowno":3,"row":696,"routeno":"368 SBS-D34G","responsecode":200,"routeparentid":2382},{"union_rowno":3,"row":697,"routeno":"378-A","responsecode":200,"routeparentid":4079},{"union_rowno":3,"row":698,"routeno":"378-A D27-KGR","responsecode":200,"routeparentid":5122},{"union_rowno":3,"row":699,"routeno":"378-A KGR-ANK","responsecode":200,"routeparentid":5118},{"union_rowno":3,"row":700,"routeno":"378-A KGR-BNP","responsecode":200,"routeparentid":4083},{"union_rowno":3,"row":701,"routeno":"378 ATB-KGR","responsecode":200,"routeparentid":3652},{"union_rowno":3,"row":702,"routeno":"378-B","responsecode":200,"routeparentid":3877},{"union_rowno":3,"row":703,"routeno":"378 BEML5-ELC","responsecode":200,"routeparentid":5903},{"union_rowno":3,"row":704,"routeno":"378-D","responsecode":200,"routeparentid":3887},{"union_rowno":3,"row":705,"routeno":"378 D12G-ELC","responsecode":200,"routeparentid":5821},{"union_rowno":3,"row":706,"routeno":"378 D34-KGR","responsecode":200,"routeparentid":1777},{"union_rowno":3,"row":707,"routeno":"378 D34G-CKLS","responsecode":200,"routeparentid":4359},{"union_rowno":3,"row":708,"routeno":"378 D34G-ELC","responsecode":200,"routeparentid":1804},{"union_rowno":3,"row":709,"routeno":"378 D34G-ELC-HSS","responsecode":200,"routeparentid":7454},{"union_rowno":3,"row":710,"routeno":"378-E","responsecode":200,"routeparentid":4400},{"union_rowno":3,"row":711,"routeno":"378-E D34-BSK","responsecode":200,"routeparentid":3527},{"union_rowno":3,"row":712,"routeno":"378-E D44G-ELC","responsecode":200,"routeparentid":4402},{"union_rowno":3,"row":713,"routeno":"378-E JPN6-ELC","responsecode":200,"routeparentid":4472},{"union_rowno":3,"row":714,"routeno":"378-E JPN6-JSD-ELC","responsecode":200,"routeparentid":1776},{"union_rowno":3,"row":715,"routeno":"378 ELC-SET","responsecode":200,"routeparentid":5956},{"union_rowno":3,"row":716,"routeno":"378-N","responsecode":200,"routeparentid":3397},{"union_rowno":3,"row":717,"routeno":"378-P","responsecode":200,"routeparentid":4395},{"union_rowno":3,"row":718,"routeno":"378-P D34G-JGN-CPR-HSS","responsecode":200,"routeparentid":7455},{"union_rowno":3,"row":719,"routeno":"378 PTPL-GTG-ELC","responsecode":200,"routeparentid":4444},{"union_rowno":3,"row":720,"routeno":"380","responsecode":200,"routeparentid":3544},{"union_rowno":3,"row":721,"routeno":"380-B","responsecode":200,"routeparentid":3547},{"union_rowno":3,"row":722,"routeno":"380-C","responsecode":200,"routeparentid":3549},{"union_rowno":3,"row":723,"routeno":"380-E","responsecode":200,"routeparentid":3551},{"union_rowno":3,"row":724,"routeno":"380-F","responsecode":200,"routeparentid":3554},{"union_rowno":3,"row":725,"routeno":"380-G","responsecode":200,"routeparentid":3557},{"union_rowno":3,"row":726,"routeno":"380-G D24G-DNP","responsecode":200,"routeparentid":5855},{"union_rowno":3,"row":727,"routeno":"380-N","responsecode":200,"routeparentid":3558},{"union_rowno":3,"row":728,"routeno":"380-P","responsecode":200,"routeparentid":6998},{"union_rowno":3,"row":729,"routeno":"381","responsecode":200,"routeparentid":3563},{"union_rowno":3,"row":730,"routeno":"381-A","responsecode":200,"routeparentid":3566},{"union_rowno":3,"row":731,"routeno":"381-C","responsecode":200,"routeparentid":3261},{"union_rowno":3,"row":732,"routeno":"381-C HSK-NGRH-VJP","responsecode":200,"routeparentid":6290},{"union_rowno":3,"row":733,"routeno":"381-D","responsecode":200,"routeparentid":3577},{"union_rowno":3,"row":734,"routeno":"381-D D24G-EMTS","responsecode":200,"routeparentid":5431},{"union_rowno":3,"row":735,"routeno":"381-E","responsecode":200,"routeparentid":3581},{"union_rowno":3,"row":736,"routeno":"381-E KBP-KMT-KBS","responsecode":200,"routeparentid":5430},{"union_rowno":3,"row":737,"routeno":"381-E KMT-KBP","responsecode":200,"routeparentid":3583},{"union_rowno":3,"row":738,"routeno":"381-G","responsecode":200,"routeparentid":3589},{"union_rowno":3,"row":739,"routeno":"381-H","responsecode":200,"routeparentid":3594},{"union_rowno":3,"row":740,"routeno":"381-J","responsecode":200,"routeparentid":6386},{"union_rowno":3,"row":741,"routeno":"382","responsecode":200,"routeparentid":3599},{"union_rowno":3,"row":742,"routeno":"382-A","responsecode":200,"routeparentid":3602},{"union_rowno":3,"row":743,"routeno":"382-AB","responsecode":200,"routeparentid":5389},{"union_rowno":3,"row":744,"routeno":"382-B","responsecode":200,"routeparentid":3606},{"union_rowno":3,"row":745,"routeno":"382-C","responsecode":200,"routeparentid":3610},{"union_rowno":3,"row":746,"routeno":"382-C KBS-DNH","responsecode":200,"routeparentid":3612},{"union_rowno":3,"row":747,"routeno":"382-M","responsecode":200,"routeparentid":2180},{"union_rowno":3,"row":748,"routeno":"383","responsecode":200,"routeparentid":3616},{"union_rowno":3,"row":749,"routeno":"383-A","responsecode":200,"routeparentid":3620},{"union_rowno":3,"row":750,"routeno":"383-B","responsecode":200,"routeparentid":3622},{"union_rowno":3,"row":751,"routeno":"383-D","responsecode":200,"routeparentid":3627},{"union_rowno":3,"row":752,"routeno":"398-B","responsecode":200,"routeparentid":3636},{"union_rowno":3,"row":753,"routeno":"398-B ATB-KGP","responsecode":200,"routeparentid":3647},{"union_rowno":3,"row":754,"routeno":"398-B JGN-BGC-KGP","responsecode":200,"routeparentid":5101},{"union_rowno":3,"row":755,"routeno":"398-H","responsecode":200,"routeparentid":3656},{"union_rowno":3,"row":756,"routeno":"398-H D27-ATB","responsecode":200,"routeparentid":5143},{"union_rowno":3,"row":757,"routeno":"398-H D27G-HSK","responsecode":200,"routeparentid":6566},{"union_rowno":3,"row":758,"routeno":"408","responsecode":200,"routeparentid":7168},{"union_rowno":3,"row":759,"routeno":"408-A","responsecode":200,"routeparentid":7175},{"union_rowno":3,"row":760,"routeno":"408-A DBP-NMG","responsecode":200,"routeparentid":7176},{"union_rowno":3,"row":761,"routeno":"410-AB BSK-8MILEDSH","responsecode":200,"routeparentid":7538},{"union_rowno":3,"row":762,"routeno":"500-A BSK-BYBD D48","responsecode":200,"routeparentid":2761},{"union_rowno":3,"row":763,"routeno":"500-A D48G-BSK","responsecode":200,"routeparentid":4571},{"union_rowno":3,"row":764,"routeno":"500-DC D38G-BELF","responsecode":200,"routeparentid":6252},{"union_rowno":3,"row":765,"routeno":"500DH D38G-HBL","responsecode":200,"routeparentid":5295},{"union_rowno":3,"row":766,"routeno":"500-HK D48G-TNF-HSK","responsecode":200,"routeparentid":2924},{"union_rowno":3,"row":767,"routeno":"500-Q BMT48-CJP","responsecode":200,"routeparentid":2886},{"union_rowno":3,"row":768,"routeno":"500-QG D48G-GGP","responsecode":200,"routeparentid":4791},{"union_rowno":3,"row":769,"routeno":"502-A KGR-D48","responsecode":200,"routeparentid":2850},{"union_rowno":3,"row":770,"routeno":"502-CT D48G-KRPRS","responsecode":200,"routeparentid":4787},{"union_rowno":3,"row":771,"routeno":"507-C D48G-DWKN","responsecode":200,"routeparentid":3437},{"union_rowno":3,"row":772,"routeno":"507-C KRP-D48G","responsecode":200,"routeparentid":2888},{"union_rowno":3,"row":773,"routeno":"508","responsecode":200,"routeparentid":4247},{"union_rowno":3,"row":774,"routeno":"508 D45G-HSK","responsecode":200,"routeparentid":4250},{"union_rowno":3,"row":775,"routeno":"508 HSK-GGP-PSS","responsecode":200,"routeparentid":7399},{"union_rowno":3,"row":776,"routeno":"508 YTTMC-HSK","responsecode":200,"routeparentid":4930},{"union_rowno":3,"row":777,"routeno":"600-F D38G-BSK","responsecode":200,"routeparentid":5342},{"union_rowno":3,"row":778,"routeno":"68","responsecode":200,"routeparentid":4254},{"union_rowno":3,"row":779,"routeno":"78","responsecode":200,"routeparentid":5056},{"union_rowno":3,"row":888,"routeno":"98-E","responsecode":200,"routeparentid":5065},{"union_rowno":3,"row":889,"routeno":"98-F","responsecode":200,"routeparentid":4958},{"union_rowno":3,"row":890,"routeno":"98-F YTTMC-GGP-VSL","responsecode":200,"routeparentid":4955},{"union_rowno":3,"row":891,"routeno":"ADITI-8","responsecode":200,"routeparentid":4601},{"union_rowno":3,"row":892,"routeno":"APS-18","responsecode":200,"routeparentid":7265},{"union_rowno":3,"row":893,"routeno":"APS-28","responsecode":200,"routeparentid":7275},{"union_rowno":3,"row":894,"routeno":"ARMY-8","responsecode":200,"routeparentid":4794},{"union_rowno":3,"row":895,"routeno":"BC-7B 8thM-D35G","responsecode":200,"routeparentid":6733},{"union_rowno":3,"row":896,"routeno":"BC-7B 8thM-KMT","responsecode":200,"routeparentid":6968},{"union_rowno":3,"row":897,"routeno":"BC-7B PSS-NLGH-8thM","responsecode":200,"routeparentid":6080},{"union_rowno":3,"row":898,"routeno":"BC-7H D31G-8MYL","responsecode":200,"routeparentid":5985},{"union_rowno":3,"row":899,"routeno":"BC-7H KBS-8thM","responsecode":200,"routeparentid":6126},{"union_rowno":3,"row":900,"routeno":"BC-8","responsecode":200,"routeparentid":6877},{"union_rowno":3,"row":901,"routeno":"BCGHS-18","responsecode":200,"routeparentid":4026},{"union_rowno":3,"row":902,"routeno":"BEL-08","responsecode":200,"routeparentid":7211},{"union_rowno":3,"row":903,"routeno":"BEL GS-38","responsecode":200,"routeparentid":4189},{"union_rowno":3,"row":904,"routeno":"BEL GS-48","responsecode":200,"routeparentid":4580},{"union_rowno":3,"row":905,"routeno":"BELGS-28","responsecode":200,"routeparentid":2765},{"union_rowno":3,"row":906,"routeno":"BELGS-8","responsecode":200,"routeparentid":1810},{"union_rowno":3,"row":907,"routeno":"BEML-8A","responsecode":200,"routeparentid":1122},{"union_rowno":3,"row":908,"routeno":"BEMLA-28","responsecode":200,"routeparentid":4651},{"union_rowno":3,"row":909,"routeno":"BMSIT-8","responsecode":200,"routeparentid":6860},{"union_rowno":3,"row":910,"routeno":"BTP-28","responsecode":200,"routeparentid":6404},{"union_rowno":3,"row":911,"routeno":"CALL BUS-8","responsecode":200,"routeparentid":4712},{"union_rowno":3,"row":912,"routeno":"CHAKRA-8A","responsecode":200,"routeparentid":3773},{"union_rowno":3,"row":913,"routeno":"CHLS-8","responsecode":200,"routeparentid":4263},{"union_rowno":3,"row":914,"routeno":"D18-WFTTMC","responsecode":200,"routeparentid":1692},{"union_rowno":3,"row":915,"routeno":"D28-HBLB","responsecode":200,"routeparentid":5481},{"union_rowno":3,"row":916,"routeno":"D38-D38G","responsecode":200,"routeparentid":1494},{"union_rowno":3,"row":917,"routeno":"D38G-DNMTB","responsecode":200,"routeparentid":5290},{"union_rowno":3,"row":918,"routeno":"D38G-HDS","responsecode":200,"routeparentid":5454},{"union_rowno":3,"row":919,"routeno":"D38G-HLG-ANK","responsecode":200,"routeparentid":6493},{"union_rowno":3,"row":920,"routeno":"D38G-HLG-ATB","responsecode":200,"routeparentid":1496},{"union_rowno":3,"row":921,"routeno":"D38G-HRL","responsecode":200,"routeparentid":5949},{"union_rowno":3,"row":922,"routeno":"D38G-KSDB","responsecode":200,"routeparentid":5281},{"union_rowno":3,"row":923,"routeno":"D38G-MTN","responsecode":200,"routeparentid":3194},{"union_rowno":3,"row":924,"routeno":"D38-PESCE","responsecode":200,"routeparentid":6536},{"union_rowno":3,"row":925,"routeno":"D48-BYB","responsecode":200,"routeparentid":6088},{"union_rowno":3,"row":926,"routeno":"D48G-BLR-MRC","responsecode":200,"routeparentid":6649},{"union_rowno":3,"row":927,"routeno":"D48G-BYBD","responsecode":200,"routeparentid":2676},{"union_rowno":3,"row":928,"routeno":"D48G-MTH","responsecode":200,"routeparentid":7022},{"union_rowno":3,"row":929,"routeno":"D48G-SBS","responsecode":200,"routeparentid":4880},{"union_rowno":3,"row":930,"routeno":"D48G-THC","responsecode":200,"routeparentid":7006},{"union_rowno":3,"row":931,"routeno":"D8-YBS","responsecode":200,"routeparentid":1655},{"union_rowno":3,"row":932,"routeno":"G-11 D48G-MGMS","responsecode":200,"routeparentid":2960},{"union_rowno":3,"row":933,"routeno":"G-11 D48G-MGRMS","responsecode":200,"routeparentid":4769},{"union_rowno":3,"row":934,"routeno":"G-8","responsecode":200,"routeparentid":2759},{"union_rowno":3,"row":935,"routeno":"HAL PV-18","responsecode":200,"routeparentid":6055},{"union_rowno":3,"row":936,"routeno":"HALPV-8","responsecode":200,"routeparentid":6260},{"union_rowno":3,"row":937,"routeno":"HSS-08","responsecode":200,"routeparentid":7407},{"union_rowno":3,"row":938,"routeno":"HSS-18","responsecode":200,"routeparentid":5611},{"union_rowno":3,"row":939,"routeno":"HSS-8","responsecode":200,"routeparentid":4426},{"union_rowno":3,"row":940,"routeno":"INFOSYS-18","responsecode":200,"routeparentid":5918},{"union_rowno":3,"row":941,"routeno":"INFOSYS-28","responsecode":200,"routeparentid":6103},{"union_rowno":3,"row":942,"routeno":"INFOSYS-58C","responsecode":200,"routeparentid":6101},{"union_rowno":3,"row":943,"routeno":"ITPL-8","responsecode":200,"routeparentid":3710},{"union_rowno":3,"row":944,"routeno":"ITPL-8B","responsecode":200,"routeparentid":4005},{"union_rowno":3,"row":945,"routeno":"ITPL-8E","responsecode":200,"routeparentid":3690},{"union_rowno":3,"row":946,"routeno":"KANGOVI-8","responsecode":200,"routeparentid":4707},{"union_rowno":3,"row":947,"routeno":"KBS-3A KBS-D38G","responsecode":200,"routeparentid":5284},{"union_rowno":3,"row":948,"routeno":"KIA-18","responsecode":200,"routeparentid":6870},{"union_rowno":3,"row":949,"routeno":"KIA-8","responsecode":200,"routeparentid":2200},{"union_rowno":3,"row":950,"routeno":"KIA-8A","responsecode":200,"routeparentid":2223},{"union_rowno":3,"row":951,"routeno":"KIA-8C","responsecode":200,"routeparentid":2136},{"union_rowno":3,"row":952,"routeno":"KIA-8D","responsecode":200,"routeparentid":7064},{"union_rowno":3,"row":953,"routeno":"KIA-8E","responsecode":200,"routeparentid":2431},{"union_rowno":3,"row":954,"routeno":"KIA-8EW","responsecode":200,"routeparentid":6283},{"union_rowno":3,"row":955,"routeno":"KNUR-D48","responsecode":200,"routeparentid":7344},{"union_rowno":3,"row":956,"routeno":"KVASC-08","responsecode":200,"routeparentid":5537},{"union_rowno":3,"row":957,"routeno":"KWS CALLBUS-8","responsecode":200,"routeparentid":4909},{"union_rowno":3,"row":958,"routeno":"L & T-8","responsecode":200,"routeparentid":4810},{"union_rowno":3,"row":959,"routeno":"MBS-8","responsecode":200,"routeparentid":4481},{"union_rowno":3,"row":960,"routeno":"MBS-8 D10G-BSK","responsecode":200,"routeparentid":4544},{"union_rowno":3,"row":961,"routeno":"MBS-8 D10G-KVDRDO","responsecode":200,"routeparentid":5255},{"union_rowno":3,"row":962,"routeno":"MF-18","responsecode":200,"routeparentid":6749},{"union_rowno":3,"row":963,"routeno":"MF-18A","responsecode":200,"routeparentid":6753},{"union_rowno":3,"row":964,"routeno":"MF-248A","responsecode":200,"routeparentid":3849},{"union_rowno":3,"row":965,"routeno":"MF-248G","responsecode":200,"routeparentid":4692},{"union_rowno":3,"row":966,"routeno":"MF-258CB","responsecode":200,"routeparentid":1636},{"union_rowno":3,"row":967,"routeno":"MF-28","responsecode":200,"routeparentid":6333},{"union_rowno":3,"row":968,"routeno":"MF-28 PMS-VRP","responsecode":200,"routeparentid":6291},{"union_rowno":3,"row":969,"routeno":"MF-28 YTTMC-VRP","responsecode":200,"routeparentid":6292},{"union_rowno":3,"row":970,"routeno":"MF-328HB","responsecode":200,"routeparentid":2521},{"union_rowno":3,"row":971,"routeno":"MF-378","responsecode":200,"routeparentid":1100},{"union_rowno":3,"row":972,"routeno":"MF-378 ELC-NDG-KGR","responsecode":200,"routeparentid":6624},{"union_rowno":3,"row":973,"routeno":"MF-378 KNG-ATB","responsecode":200,"routeparentid":4848},{"union_rowno":3,"row":974,"routeno":"MF-8","responsecode":200,"routeparentid":6026},{"union_rowno":3,"row":975,"routeno":"NICE-8","responsecode":200,"routeparentid":1649},{"union_rowno":3,"row":976,"routeno":"NICE-8C D38G-MDV","responsecode":200,"routeparentid":6682},{"union_rowno":3,"row":977,"routeno":"NICE-8C NMG-ELC","responsecode":200,"routeparentid":6726},{"union_rowno":3,"row":978,"routeno":"SCS-8","responsecode":200,"routeparentid":3967},{"union_rowno":3,"row":979,"routeno":"SJBHS-8","responsecode":200,"routeparentid":5825},{"union_rowno":3,"row":980,"routeno":"SPHS-08","responsecode":200,"routeparentid":5674},{"union_rowno":3,"row":981,"routeno":"STJHS-08","responsecode":200,"routeparentid":6195},{"union_rowno":3,"row":982,"routeno":"TATA ELEXI-08","responsecode":200,"routeparentid":2237},{"union_rowno":3,"row":983,"routeno":"V-285M","responsecode":200,"routeparentid":1096},{"union_rowno":3,"row":984,"routeno":"V-285MA","responsecode":200,"routeparentid":2104},{"union_rowno":3,"row":985,"routeno":"V-285MB","responsecode":200,"routeparentid":2121},{"union_rowno":3,"row":986,"routeno":"V-287A","responsecode":200,"routeparentid":6076},{"union_rowno":3,"row":987,"routeno":"V-298MN","responsecode":200,"routeparentid":5999},{"union_rowno":3,"row":988,"routeno":"V-328B","responsecode":200,"routeparentid":6949},{"union_rowno":3,"row":989,"routeno":"V-328H","responsecode":200,"routeparentid":6516},{"union_rowno":3,"row":990,"routeno":"V-328H HSK-WTTMC","responsecode":200,"routeparentid":6951},{"union_rowno":3,"row":991,"routeno":"V-328H WTTMC-ATB","responsecode":200,"routeparentid":6762},{"union_rowno":3,"row":992,"routeno":"V-328HK","responsecode":200,"routeparentid":7130},{"union_rowno":3,"row":993,"routeno":"V-368","responsecode":200,"routeparentid":7061},{"union_rowno":3,"row":994,"routeno":"V-378","responsecode":200,"routeparentid":2219},{"union_rowno":3,"row":995,"routeno":"VLS-8","responsecode":200,"routeparentid":3044},{"union_rowno":3,"row":996,"routeno":"VNS-18","responsecode":200,"routeparentid":7369},{"union_rowno":3,"row":997,"routeno":"VNS-18.","responsecode":200,"routeparentid":2981},{"union_rowno":3,"row":998,"routeno":"VNS-8","responsecode":200,"routeparentid":4209},{"union_rowno":3,"row":999,"routeno":"VPS-8","responsecode":200,"routeparentid":4187},{"union_rowno":3,"row":1000,"routeno":"V-TATA ELEXI-08","responsecode":200,"routeparentid":6014}],"Message":"Success","Issuccess":true,"exception":null,"RowCount":945,"responsecode":200}