{"data":[{"union_rowno":2,"row":1,"routeno":"90-E","responsecode":200,"routeparentid":3451},{"union_rowno":2,"row":4,"routeno":"90-E KBS-ABD","responsecode":200,"routeparentid":7378},{"union_rowno":2,"row":6,"routeno":"90-E KBS-MTS","responsecode":200,"routeparentid":6145},{"union_rowno":2,"row":7,"routeno":"90-E KBS-YTTMC","responsecode":200,"routeparentid":5128},{"union_rowno":2,"row":9,"routeno":"90-E YTTMC-MTS","responsecode":200,"routeparentid":6140},{"union_rowno":2,"row":11,"routeno":"90E YBS-YRS","responsecode":200,"routeparentid":6676},{"union_rowno":2,"row":14,"routeno":"91-D","responsecode":200,"routeparentid":1088},{"union_rowno":2,"row":16,"routeno":"91-D YBS-KMT","responsecode":200,"routeparentid":1137},{"union_rowno":2,"row":18,"routeno":"92-E","responsecode":200,"routeparentid":4895},{"union_rowno":2,"row":20,"routeno":"94","responsecode":200,"routeparentid":1725},{"union_rowno":2,"row":22,"routeno":"94-B","responsecode":200,"routeparentid":4851},{"union_rowno":2,"row":23,"routeno":"94-C","responsecode":200,"routeparentid":6152},{"union_rowno":2,"row":26,"routeno":"94-D","responsecode":200,"routeparentid":5077},{"union_rowno":2,"row":27,"routeno":"94-E","responsecode":200,"routeparentid":4859},{"union_rowno":2,"row":29,"routeno":"94 SBS-VSD-CJP","responsecode":200,"routeparentid":6153},{"union_rowno":2,"row":31,"routeno":"95","responsecode":200,"routeparentid":1602},{"union_rowno":2,"row":33,"routeno":"95-B YTTMC-SNBS","responsecode":200,"routeparentid":5130},{"union_rowno":2,"row":35,"routeno":"95-D","responsecode":200,"routeparentid":4447},{"union_rowno":2,"row":37,"routeno":"95-G","responsecode":200,"routeparentid":5126},{"union_rowno":2,"row":39,"routeno":"96","responsecode":200,"routeparentid":1963},{"union_rowno":2,"row":42,"routeno":"96-A","responsecode":200,"routeparentid":1313},{"union_rowno":2,"row":44,"routeno":"96-B","responsecode":200,"routeparentid":1034},{"union_rowno":2,"row":46,"routeno":"96-B BEMLK-YTTMC","responsecode":200,"routeparentid":3944},{"union_rowno":2,"row":48,"routeno":"96-B VSD","responsecode":200,"routeparentid":3506},{"union_rowno":2,"row":50,"routeno":"96-B VSD-KBS-SKRNBS","responsecode":200,"routeparentid":4872},{"union_rowno":2,"row":52,"routeno":"96-B YTTMC-BEMLKN","responsecode":200,"routeparentid":4850},{"union_rowno":2,"row":53,"routeno":"96-C","responsecode":200,"routeparentid":4892},{"union_rowno":2,"row":55,"routeno":"96-E","responsecode":200,"routeparentid":4857},{"union_rowno":2,"row":57,"routeno":"96-E BEMLK-VSD-KBS","responsecode":200,"routeparentid":4868},{"union_rowno":2,"row":60,"routeno":"96-E KMT-KNR","responsecode":200,"routeparentid":4852},{"union_rowno":2,"row":62,"routeno":"96-G","responsecode":200,"routeparentid":3486},{"union_rowno":2,"row":63,"routeno":"96-G D31G-SNB","responsecode":200,"routeparentid":3488},{"union_rowno":2,"row":65,"routeno":"96-G SNB-BSN","responsecode":200,"routeparentid":3683},{"union_rowno":2,"row":67,"routeno":"96-G YTTMC-SNB","responsecode":200,"routeparentid":3489},{"union_rowno":2,"row":70,"routeno":"98-E","responsecode":200,"routeparentid":5065},{"union_rowno":2,"row":71,"routeno":"98-F","responsecode":200,"routeparentid":4958},{"union_rowno":2,"row":74,"routeno":"98-F YTTMC-GGP-VSL","responsecode":200,"routeparentid":4955},{"union_rowno":2,"row":76,"routeno":"99-A","responsecode":200,"routeparentid":5075},{"union_rowno":2,"row":78,"routeno":"99-A MKN -CKB","responsecode":200,"routeparentid":5095},{"union_rowno":2,"row":79,"routeno":"99-A YTTMC-MKN","responsecode":200,"routeparentid":2890},{"union_rowno":2,"row":82,"routeno":"99-B","responsecode":200,"routeparentid":4825},{"union_rowno":2,"row":83,"routeno":"99-B YTTMC-CJP","responsecode":200,"routeparentid":5083},{"union_rowno":3,"row":1,"routeno":"119","responsecode":200,"routeparentid":1591},{"union_rowno":3,"row":2,"routeno":"119-B","responsecode":200,"routeparentid":1594},{"union_rowno":3,"row":3,"routeno":"129","responsecode":200,"routeparentid":996},{"union_rowno":3,"row":4,"routeno":"129 KBS-CMS","responsecode":200,"routeparentid":6305},{"union_rowno":3,"row":5,"routeno":"139","responsecode":200,"routeparentid":1739},{"union_rowno":3,"row":6,"routeno":"139 D6G-HLS-JBN","responsecode":200,"routeparentid":6759},{"union_rowno":3,"row":7,"routeno":"139-JBN-SBS-VSD","responsecode":200,"routeparentid":5872},{"union_rowno":3,"row":8,"routeno":"139-MRS-SBS","responsecode":200,"routeparentid":6584},{"union_rowno":3,"row":9,"routeno":"139 SBS-KFC-D6G","responsecode":200,"routeparentid":6319},{"union_rowno":3,"row":10,"routeno":"139 SBS-KFC-SVM","responsecode":200,"routeparentid":6760},{"union_rowno":3,"row":11,"routeno":"139 SVMS-KVASC","responsecode":200,"routeparentid":5894},{"union_rowno":3,"row":12,"routeno":"169","responsecode":200,"routeparentid":1764},{"union_rowno":3,"row":13,"routeno":"195","responsecode":200,"routeparentid":4170},{"union_rowno":3,"row":14,"routeno":"195 SBS-AIT","responsecode":200,"routeparentid":5589},{"union_rowno":3,"row":15,"routeno":"219-A","responsecode":200,"routeparentid":2675},{"union_rowno":3,"row":16,"routeno":"219-A GR College","responsecode":200,"routeparentid":2682},{"union_rowno":3,"row":17,"routeno":"229","responsecode":200,"routeparentid":1417},{"union_rowno":3,"row":18,"routeno":"229-B","responsecode":200,"routeparentid":1425},{"union_rowno":3,"row":19,"routeno":"229-B KBS-DVG","responsecode":200,"routeparentid":1426},{"union_rowno":3,"row":20,"routeno":"229-D","responsecode":200,"routeparentid":1429},{"union_rowno":3,"row":21,"routeno":"239-B","responsecode":200,"routeparentid":1831},{"union_rowno":3,"row":22,"routeno":"269","responsecode":200,"routeparentid":4248},{"union_rowno":3,"row":23,"routeno":"269-A","responsecode":200,"routeparentid":4262},{"union_rowno":3,"row":24,"routeno":"269-A KMT-RCP-VRP","responsecode":200,"routeparentid":4260},{"union_rowno":3,"row":25,"routeno":"269-B","responsecode":200,"routeparentid":4253},{"union_rowno":3,"row":26,"routeno":"269-B KBS-RCP-D45","responsecode":200,"routeparentid":4264},{"union_rowno":3,"row":27,"routeno":"279","responsecode":200,"routeparentid":2582},{"union_rowno":3,"row":28,"routeno":"279-A","responsecode":200,"routeparentid":2588},{"union_rowno":3,"row":29,"routeno":"279-E","responsecode":200,"routeparentid":2591},{"union_rowno":3,"row":30,"routeno":"279-E  KBS-D14G","responsecode":200,"routeparentid":4626},{"union_rowno":3,"row":31,"routeno":"279-E BPS-HBL-D45G","responsecode":200,"routeparentid":2580},{"union_rowno":3,"row":32,"routeno":"279-E D14G-RTNPS-BPS-HBL","responsecode":200,"routeparentid":5693},{"union_rowno":3,"row":33,"routeno":"279-E HBL-MSP-D45G","responsecode":200,"routeparentid":6657},{"union_rowno":3,"row":34,"routeno":"279-E KBS-VSD-HBL","responsecode":200,"routeparentid":4327},{"union_rowno":3,"row":35,"routeno":"279-E KBS-WMR","responsecode":200,"routeparentid":6373},{"union_rowno":3,"row":36,"routeno":"279-E RTNPS-HBL","responsecode":200,"routeparentid":2598},{"union_rowno":3,"row":37,"routeno":"279-F","responsecode":200,"routeparentid":2603},{"union_rowno":3,"row":38,"routeno":"279-H","responsecode":200,"routeparentid":6451},{"union_rowno":3,"row":39,"routeno":"279 RTNP-BPS","responsecode":200,"routeparentid":2572},{"union_rowno":3,"row":40,"routeno":"289","responsecode":200,"routeparentid":3968},{"union_rowno":3,"row":41,"routeno":"289-A","responsecode":200,"routeparentid":1423},{"union_rowno":3,"row":42,"routeno":"289-A BGLR-NITTE","responsecode":200,"routeparentid":6961},{"union_rowno":3,"row":43,"routeno":"289-A PTH-BKHP","responsecode":200,"routeparentid":3689},{"union_rowno":3,"row":44,"routeno":"289-A YHKOT-BKHP","responsecode":200,"routeparentid":3687},{"union_rowno":3,"row":45,"routeno":"289-A YHKOT-RZKP","responsecode":200,"routeparentid":4733},{"union_rowno":3,"row":46,"routeno":"289-AA","responsecode":200,"routeparentid":6904},{"union_rowno":3,"row":47,"routeno":"289-AA MSP-BGR","responsecode":200,"routeparentid":6905},{"union_rowno":3,"row":48,"routeno":"289-AB","responsecode":200,"routeparentid":4486},{"union_rowno":3,"row":49,"routeno":"289-AB PTH-BYH","responsecode":200,"routeparentid":5981},{"union_rowno":3,"row":50,"routeno":"289-AV","responsecode":200,"routeparentid":3779},{"union_rowno":3,"row":51,"routeno":"289-B","responsecode":200,"routeparentid":4488},{"union_rowno":3,"row":52,"routeno":"289-B PTH-KYH","responsecode":200,"routeparentid":4491},{"union_rowno":3,"row":53,"routeno":"289-B YHK-KDYPH","responsecode":200,"routeparentid":4496},{"union_rowno":3,"row":54,"routeno":"289-C","responsecode":200,"routeparentid":4972},{"union_rowno":3,"row":55,"routeno":"289-C HNH-KBS","responsecode":200,"routeparentid":4974},{"union_rowno":3,"row":56,"routeno":"289-CA","responsecode":200,"routeparentid":4483},{"union_rowno":3,"row":57,"routeno":"289-CA PTH-HNH","responsecode":200,"routeparentid":4485},{"union_rowno":3,"row":58,"routeno":"289-CB","responsecode":200,"routeparentid":4976},{"union_rowno":3,"row":59,"routeno":"289-D HSK-BYRTH-YHKOT","responsecode":200,"routeparentid":4855},{"union_rowno":3,"row":60,"routeno":"289-E","responsecode":200,"routeparentid":3778},{"union_rowno":3,"row":61,"routeno":"289-E HBLB-CKH","responsecode":200,"routeparentid":7465},{"union_rowno":3,"row":62,"routeno":"289-E KMT-D52G","responsecode":200,"routeparentid":7459},{"union_rowno":3,"row":63,"routeno":"289-F","responsecode":200,"routeparentid":2627},{"union_rowno":3,"row":64,"routeno":"289-F PTH-HSK","responsecode":200,"routeparentid":2629},{"union_rowno":3,"row":65,"routeno":"289-F YHKOT-MRC","responsecode":200,"routeparentid":6269},{"union_rowno":3,"row":66,"routeno":"289-F YST-HSK","responsecode":200,"routeparentid":7312},{"union_rowno":3,"row":67,"routeno":"289-G","responsecode":200,"routeparentid":3727},{"union_rowno":3,"row":68,"routeno":"289-G YHK-MRS","responsecode":200,"routeparentid":3734},{"union_rowno":3,"row":69,"routeno":"289-GA","responsecode":200,"routeparentid":3735},{"union_rowno":3,"row":70,"routeno":"289 HBLB-D52G","responsecode":200,"routeparentid":7461},{"union_rowno":3,"row":71,"routeno":"289-J","responsecode":200,"routeparentid":4979},{"union_rowno":3,"row":72,"routeno":"289-K","responsecode":200,"routeparentid":4990},{"union_rowno":3,"row":73,"routeno":"289-L","responsecode":200,"routeparentid":3764},{"union_rowno":3,"row":74,"routeno":"289-L PTH-CHK","responsecode":200,"routeparentid":3774},{"union_rowno":3,"row":75,"routeno":"289-L PTH-MVJ","responsecode":200,"routeparentid":6727},{"union_rowno":3,"row":76,"routeno":"289-LA","responsecode":200,"routeparentid":4521},{"union_rowno":3,"row":77,"routeno":"289-LA YSTF-HSK","responsecode":200,"routeparentid":6009},{"union_rowno":3,"row":78,"routeno":"289-M","responsecode":200,"routeparentid":3724},{"union_rowno":3,"row":79,"routeno":"289-N","responsecode":200,"routeparentid":4996},{"union_rowno":3,"row":80,"routeno":"289-P","responsecode":200,"routeparentid":3684},{"union_rowno":3,"row":81,"routeno":"289-P D52G-HNS","responsecode":200,"routeparentid":7464},{"union_rowno":3,"row":82,"routeno":"289-P D52G-YHKOT","responsecode":200,"routeparentid":7487},{"union_rowno":3,"row":83,"routeno":"289-P HBL-HNS","responsecode":200,"routeparentid":7467},{"union_rowno":3,"row":84,"routeno":"289-P PTH-HNS","responsecode":200,"routeparentid":6617},{"union_rowno":3,"row":85,"routeno":"289-R","responsecode":200,"routeparentid":7579},{"union_rowno":3,"row":86,"routeno":"289-Y","responsecode":200,"routeparentid":3783},{"union_rowno":3,"row":87,"routeno":"289 YHK-D48G","responsecode":200,"routeparentid":2932},{"union_rowno":3,"row":88,"routeno":"289 YHKOT-ARS","responsecode":200,"routeparentid":3725},{"union_rowno":3,"row":89,"routeno":"289 YHKOT-CHR","responsecode":200,"routeparentid":6991},{"union_rowno":3,"row":90,"routeno":"289-Z","responsecode":200,"routeparentid":3676},{"union_rowno":3,"row":91,"routeno":"290","responsecode":200,"routeparentid":3925},{"union_rowno":3,"row":92,"routeno":"290-A","responsecode":200,"routeparentid":4096},{"union_rowno":3,"row":93,"routeno":"290 ARMPS-SBS-THS","responsecode":200,"routeparentid":4136},{"union_rowno":3,"row":94,"routeno":"290-B","responsecode":200,"routeparentid":3975},{"union_rowno":3,"row":95,"routeno":"290-B SJS-THS","responsecode":200,"routeparentid":6550},{"union_rowno":3,"row":96,"routeno":"290 CHLS-HBL-KVB","responsecode":200,"routeparentid":4663},{"union_rowno":3,"row":97,"routeno":"290-E","responsecode":200,"routeparentid":1324},{"union_rowno":3,"row":98,"routeno":"290-E ARMY-SBS-YHKOT","responsecode":200,"routeparentid":7377},{"union_rowno":3,"row":99,"routeno":"290-E BCGHS-SBS-YHKOT","responsecode":200,"routeparentid":4031},{"union_rowno":3,"row":100,"routeno":"290-E D10G-SBS","responsecode":200,"routeparentid":2594},{"union_rowno":3,"row":101,"routeno":"290-E D10G-YHK","responsecode":200,"routeparentid":2593},{"union_rowno":3,"row":102,"routeno":"290-E KLN-RKH","responsecode":200,"routeparentid":3933},{"union_rowno":3,"row":103,"routeno":"290-E KLN-YLKOT","responsecode":200,"routeparentid":3970},{"union_rowno":3,"row":104,"routeno":"290-E KMT-YHKOT","responsecode":200,"routeparentid":1546},{"union_rowno":3,"row":105,"routeno":"290-E PTH-KMT","responsecode":200,"routeparentid":1547},{"union_rowno":3,"row":106,"routeno":"290-E RMC-SBS-YHKOT","responsecode":200,"routeparentid":4605},{"union_rowno":3,"row":107,"routeno":"290-E SBS-MADT","responsecode":200,"routeparentid":6907},{"union_rowno":3,"row":108,"routeno":"290-E SBS-PTH","responsecode":200,"routeparentid":1325},{"union_rowno":3,"row":109,"routeno":"290-E SBS-PTLM","responsecode":200,"routeparentid":7210},{"union_rowno":3,"row":110,"routeno":"290-E SBS-SNH","responsecode":200,"routeparentid":7208},{"union_rowno":3,"row":111,"routeno":"290-E SPHS-YHKOT","responsecode":200,"routeparentid":7365},{"union_rowno":3,"row":112,"routeno":"290-E STJHS-YHKOT","responsecode":200,"routeparentid":5682},{"union_rowno":3,"row":113,"routeno":"290-E YHKOT-BLH-D48","responsecode":200,"routeparentid":5632},{"union_rowno":3,"row":114,"routeno":"290-E YHKOT-SBS-STJHS","responsecode":200,"routeparentid":4599},{"union_rowno":3,"row":115,"routeno":"290-E YHKOT-SJBHS","responsecode":200,"routeparentid":5649},{"union_rowno":3,"row":116,"routeno":"290-EA","responsecode":200,"routeparentid":2638},{"union_rowno":3,"row":117,"routeno":"290-EA BCGHS-YSTF","responsecode":200,"routeparentid":6212},{"union_rowno":3,"row":118,"routeno":"290-EB","responsecode":200,"routeparentid":6325},{"union_rowno":3,"row":119,"routeno":"290-EB D45-SBS","responsecode":200,"routeparentid":6683},{"union_rowno":3,"row":120,"routeno":"290-EB SBS-PTH","responsecode":200,"routeparentid":6326},{"union_rowno":3,"row":121,"routeno":"290-EB SBS-VRP","responsecode":200,"routeparentid":6684},{"union_rowno":3,"row":122,"routeno":"290-EH","responsecode":200,"routeparentid":6665},{"union_rowno":3,"row":123,"routeno":"290-EN","responsecode":200,"routeparentid":2635},{"union_rowno":3,"row":124,"routeno":"290-EY","responsecode":200,"routeparentid":2584},{"union_rowno":3,"row":125,"routeno":"290-F","responsecode":200,"routeparentid":3795},{"union_rowno":3,"row":126,"routeno":"290-G","responsecode":200,"routeparentid":4269},{"union_rowno":3,"row":127,"routeno":"290-G SBS-ATR","responsecode":200,"routeparentid":6390},{"union_rowno":3,"row":128,"routeno":"290-G SBS-RSL-BTP","responsecode":200,"routeparentid":6149},{"union_rowno":3,"row":129,"routeno":"290G BTP-D10","responsecode":200,"routeparentid":4275},{"union_rowno":3,"row":130,"routeno":"290-J","responsecode":200,"routeparentid":3931},{"union_rowno":3,"row":131,"routeno":"290 KMT-HSH","responsecode":200,"routeparentid":4303},{"union_rowno":3,"row":132,"routeno":"290-KN","responsecode":200,"routeparentid":3721},{"union_rowno":3,"row":133,"routeno":"290-M","responsecode":200,"routeparentid":4284},{"union_rowno":3,"row":134,"routeno":"290-M SPHS-TCL","responsecode":200,"routeparentid":5671},{"union_rowno":3,"row":135,"routeno":"290-N","responsecode":200,"routeparentid":4286},{"union_rowno":3,"row":136,"routeno":"290-R","responsecode":200,"routeparentid":4999},{"union_rowno":3,"row":137,"routeno":"290-R KNR-THS-SBS","responsecode":200,"routeparentid":3722},{"union_rowno":3,"row":138,"routeno":"290-R SBS-THS-D48G","responsecode":200,"routeparentid":6937},{"union_rowno":3,"row":139,"routeno":"290-R SBS-THS-RZP","responsecode":200,"routeparentid":6936},{"union_rowno":3,"row":140,"routeno":"290-S","responsecode":200,"routeparentid":6324},{"union_rowno":3,"row":141,"routeno":"290-S D45G-TDL-SBS","responsecode":200,"routeparentid":6327},{"union_rowno":3,"row":142,"routeno":"290 SBS-HBR1 BSNL","responsecode":200,"routeparentid":6423},{"union_rowno":3,"row":143,"routeno":"290 SBS-RSL-TNS","responsecode":200,"routeparentid":6148},{"union_rowno":3,"row":144,"routeno":"290-T","responsecode":200,"routeparentid":1545},{"union_rowno":3,"row":145,"routeno":"290-T SBS-AGLO","responsecode":200,"routeparentid":1331},{"union_rowno":3,"row":146,"routeno":"290-T SBS-HSH","responsecode":200,"routeparentid":4307},{"union_rowno":3,"row":147,"routeno":"290-T SBS-HTN","responsecode":200,"routeparentid":4310},{"union_rowno":3,"row":148,"routeno":"290-Y","responsecode":200,"routeparentid":4919},{"union_rowno":3,"row":149,"routeno":"290-Y YTTMC-KRPGH","responsecode":200,"routeparentid":4927},{"union_rowno":3,"row":150,"routeno":"290-Z","responsecode":200,"routeparentid":1326},{"union_rowno":3,"row":151,"routeno":"291","responsecode":200,"routeparentid":4312},{"union_rowno":3,"row":152,"routeno":"291-D","responsecode":200,"routeparentid":1327},{"union_rowno":3,"row":153,"routeno":"291-E","responsecode":200,"routeparentid":4333},{"union_rowno":3,"row":154,"routeno":"291-H","responsecode":200,"routeparentid":3728},{"union_rowno":3,"row":155,"routeno":"291-H D10G-RKHN","responsecode":200,"routeparentid":5248},{"union_rowno":3,"row":156,"routeno":"291-J","responsecode":200,"routeparentid":4530},{"union_rowno":3,"row":157,"routeno":"291-JA","responsecode":200,"routeparentid":3793},{"union_rowno":3,"row":158,"routeno":"291-K","responsecode":200,"routeparentid":4041},{"union_rowno":3,"row":159,"routeno":"291-L","responsecode":200,"routeparentid":3745},{"union_rowno":3,"row":160,"routeno":"291-L PTN-MYLH","responsecode":200,"routeparentid":3751},{"union_rowno":3,"row":161,"routeno":"291-LA","responsecode":200,"routeparentid":3789},{"union_rowno":3,"row":162,"routeno":"291-LA BSF-SBS","responsecode":200,"routeparentid":7340},{"union_rowno":3,"row":163,"routeno":"291-M KBS-GNP","responsecode":200,"routeparentid":4519},{"union_rowno":3,"row":164,"routeno":"291-N","responsecode":200,"routeparentid":4349},{"union_rowno":3,"row":165,"routeno":"291-P","responsecode":200,"routeparentid":3932},{"union_rowno":3,"row":166,"routeno":"291-R","responsecode":200,"routeparentid":4352},{"union_rowno":3,"row":167,"routeno":"291 SRMP-KLN","responsecode":200,"routeparentid":3936},{"union_rowno":3,"row":168,"routeno":"292","responsecode":200,"routeparentid":4353},{"union_rowno":3,"row":169,"routeno":"292-A","responsecode":200,"routeparentid":7131},{"union_rowno":3,"row":170,"routeno":"292-B","responsecode":200,"routeparentid":3940},{"union_rowno":3,"row":171,"routeno":"292-C","responsecode":200,"routeparentid":2840},{"union_rowno":3,"row":172,"routeno":"292-CA","responsecode":200,"routeparentid":4357},{"union_rowno":3,"row":173,"routeno":"292-CA D48G-IAF","responsecode":200,"routeparentid":7024},{"union_rowno":3,"row":174,"routeno":"292-CA SBS-YHKOT","responsecode":200,"routeparentid":7025},{"union_rowno":3,"row":175,"routeno":"292-D","responsecode":200,"routeparentid":4629},{"union_rowno":3,"row":176,"routeno":"292-D D48G-NND","responsecode":200,"routeparentid":5011},{"union_rowno":3,"row":177,"routeno":"292-D SBS-NNHD","responsecode":200,"routeparentid":5009},{"union_rowno":3,"row":178,"routeno":"293","responsecode":200,"routeparentid":2608},{"union_rowno":3,"row":179,"routeno":"293-A","responsecode":200,"routeparentid":5016},{"union_rowno":3,"row":180,"routeno":"293-A PRC-BGLR","responsecode":200,"routeparentid":5524},{"union_rowno":3,"row":181,"routeno":"293-B","responsecode":200,"routeparentid":5019},{"union_rowno":3,"row":182,"routeno":"293-B SBS-KAH","responsecode":200,"routeparentid":5023},{"union_rowno":3,"row":183,"routeno":"293-BC","responsecode":200,"routeparentid":4503},{"union_rowno":3,"row":184,"routeno":"293-BC BTM-BGR","responsecode":200,"routeparentid":7409},{"union_rowno":3,"row":185,"routeno":"293-BS","responsecode":200,"routeparentid":4508},{"union_rowno":3,"row":186,"routeno":"293-BS D10G-BGLR","responsecode":200,"routeparentid":4507},{"union_rowno":3,"row":187,"routeno":"293-C","responsecode":200,"routeparentid":4764},{"union_rowno":3,"row":188,"routeno":"293-C KMT-THC","responsecode":200,"routeparentid":7005},{"union_rowno":3,"row":189,"routeno":"293-D","responsecode":200,"routeparentid":5026},{"union_rowno":3,"row":190,"routeno":"293-D SBS-SGH","responsecode":200,"routeparentid":5028},{"union_rowno":3,"row":191,"routeno":"293 D10G-BCGHS","responsecode":200,"routeparentid":4573},{"union_rowno":3,"row":192,"routeno":"293 D10G-SBS","responsecode":200,"routeparentid":4255},{"union_rowno":3,"row":193,"routeno":"293 D10G-SPHS","responsecode":200,"routeparentid":5272},{"union_rowno":3,"row":194,"routeno":"293 D48G-HNH","responsecode":200,"routeparentid":4975},{"union_rowno":3,"row":195,"routeno":"293 D48G-KBS","responsecode":200,"routeparentid":4879},{"union_rowno":3,"row":196,"routeno":"293 D48G-RZP","responsecode":200,"routeparentid":5004},{"union_rowno":3,"row":197,"routeno":"293-E","responsecode":200,"routeparentid":5271},{"union_rowno":3,"row":198,"routeno":"293-E SBS-MTH","responsecode":200,"routeparentid":5274},{"union_rowno":3,"row":199,"routeno":"293-F","responsecode":200,"routeparentid":4772},{"union_rowno":3,"row":200,"routeno":"293-F D48G-BGLR-KDYH","responsecode":200,"routeparentid":4993},{"union_rowno":3,"row":201,"routeno":"293-F D48G-HNS","responsecode":200,"routeparentid":4774},{"union_rowno":3,"row":202,"routeno":"293-F D48G-KMT","responsecode":200,"routeparentid":4766},{"union_rowno":3,"row":203,"routeno":"293-FA","responsecode":200,"routeparentid":7323},{"union_rowno":3,"row":204,"routeno":"293-G","responsecode":200,"routeparentid":4824},{"union_rowno":3,"row":205,"routeno":"293-GN","responsecode":200,"routeparentid":4512},{"union_rowno":3,"row":206,"routeno":"293-GN KBS-HND","responsecode":200,"routeparentid":4514},{"union_rowno":3,"row":207,"routeno":"293-H","responsecode":200,"routeparentid":5034},{"union_rowno":3,"row":208,"routeno":"293-H D48G-DNH","responsecode":200,"routeparentid":5267},{"union_rowno":3,"row":209,"routeno":"293-H OASIS-KBS","responsecode":200,"routeparentid":4001},{"union_rowno":3,"row":210,"routeno":"293-J","responsecode":200,"routeparentid":5037},{"union_rowno":3,"row":211,"routeno":"293-K","responsecode":200,"routeparentid":1596},{"union_rowno":3,"row":212,"routeno":"293-K KMT-ANKC-SBS-MYH","responsecode":200,"routeparentid":6994},{"union_rowno":3,"row":213,"routeno":"293-KA","responsecode":200,"routeparentid":4515},{"union_rowno":3,"row":214,"routeno":"293 KBS-HNR-CHLS","responsecode":200,"routeparentid":4548},{"union_rowno":3,"row":215,"routeno":"293 KBS-HNRC-SVPS","responsecode":200,"routeparentid":6224},{"union_rowno":3,"row":216,"routeno":"293 KBS-LGP-KLN","responsecode":200,"routeparentid":5645},{"union_rowno":3,"row":217,"routeno":"293 KBS-SVPS","responsecode":200,"routeparentid":7420},{"union_rowno":3,"row":218,"routeno":"293 KLN-LGP-SBS","responsecode":200,"routeparentid":5638},{"union_rowno":3,"row":219,"routeno":"293 KLN-SPHS","responsecode":200,"routeparentid":7048},{"union_rowno":3,"row":220,"routeno":"293 KMT-CHLS","responsecode":200,"routeparentid":4297},{"union_rowno":3,"row":221,"routeno":"293 KMT-KLN","responsecode":200,"routeparentid":7021},{"union_rowno":3,"row":222,"routeno":"293-L","responsecode":200,"routeparentid":5045},{"union_rowno":3,"row":223,"routeno":"293-M","responsecode":200,"routeparentid":5046},{"union_rowno":3,"row":224,"routeno":"293-N","responsecode":200,"routeparentid":5047},{"union_rowno":3,"row":225,"routeno":"293-N KLN-BDSN","responsecode":200,"routeparentid":3921},{"union_rowno":3,"row":226,"routeno":"293-N SBS-KNP","responsecode":200,"routeparentid":4355},{"union_rowno":3,"row":227,"routeno":"293-N SBS-SPB","responsecode":200,"routeparentid":4137},{"union_rowno":3,"row":228,"routeno":"293 OASIS-HNRJN-HBLB","responsecode":200,"routeparentid":2664},{"union_rowno":3,"row":229,"routeno":"293-P","responsecode":200,"routeparentid":4785},{"union_rowno":3,"row":230,"routeno":"293-Q","responsecode":200,"routeparentid":2938},{"union_rowno":3,"row":231,"routeno":"293-Q SBS-HNS","responsecode":200,"routeparentid":5033},{"union_rowno":3,"row":232,"routeno":"293-R","responsecode":200,"routeparentid":4781},{"union_rowno":3,"row":233,"routeno":"293-R SBS-LHIA","responsecode":200,"routeparentid":6180},{"union_rowno":3,"row":234,"routeno":"293-S","responsecode":200,"routeparentid":3947},{"union_rowno":3,"row":235,"routeno":"293-S D10G-BGLV","responsecode":200,"routeparentid":4299},{"union_rowno":3,"row":236,"routeno":"293-S D48G-BGLR","responsecode":200,"routeparentid":4760},{"union_rowno":3,"row":237,"routeno":"293-S KBS-HNS","responsecode":200,"routeparentid":5042},{"union_rowno":3,"row":238,"routeno":"293-SA","responsecode":200,"routeparentid":5039},{"union_rowno":3,"row":239,"routeno":"293 SBS-HNRC-SVPS","responsecode":200,"routeparentid":6225},{"union_rowno":3,"row":240,"routeno":"293 SBS-HSC","responsecode":200,"routeparentid":6428},{"union_rowno":3,"row":241,"routeno":"293 SBS-LGP-KLN","responsecode":200,"routeparentid":2696},{"union_rowno":3,"row":242,"routeno":"293 SBS-MYLH-HNS","responsecode":200,"routeparentid":7445},{"union_rowno":3,"row":243,"routeno":"293 SBS-THC","responsecode":200,"routeparentid":7008},{"union_rowno":3,"row":244,"routeno":"293-SD","responsecode":200,"routeparentid":4807},{"union_rowno":3,"row":245,"routeno":"293-SD KBS-DVH-DBP","responsecode":200,"routeparentid":5055},{"union_rowno":3,"row":246,"routeno":"293-SD OASIS-SBS","responsecode":200,"routeparentid":4744},{"union_rowno":3,"row":247,"routeno":"293 STJHS-BGLR","responsecode":200,"routeparentid":7054},{"union_rowno":3,"row":248,"routeno":"293 SVPS-KBS","responsecode":200,"routeparentid":5355},{"union_rowno":3,"row":249,"routeno":"293-Z","responsecode":200,"routeparentid":5057},{"union_rowno":3,"row":250,"routeno":"293-ZA","responsecode":200,"routeparentid":4541},{"union_rowno":3,"row":251,"routeno":"294","responsecode":200,"routeparentid":4863},{"union_rowno":3,"row":252,"routeno":"294-A","responsecode":200,"routeparentid":4867},{"union_rowno":3,"row":253,"routeno":"294-A SBS-KSHH","responsecode":200,"routeparentid":4883},{"union_rowno":3,"row":254,"routeno":"294-B","responsecode":200,"routeparentid":4870},{"union_rowno":3,"row":255,"routeno":"294-B D48G-JNTNR","responsecode":200,"routeparentid":4885},{"union_rowno":3,"row":256,"routeno":"294-C","responsecode":200,"routeparentid":4874},{"union_rowno":3,"row":257,"routeno":"294-D","responsecode":200,"routeparentid":5383},{"union_rowno":3,"row":258,"routeno":"294-D D48G-AGP","responsecode":200,"routeparentid":4838},{"union_rowno":3,"row":259,"routeno":"294-D SBS-AGP","responsecode":200,"routeparentid":5384},{"union_rowno":3,"row":260,"routeno":"294-E","responsecode":200,"routeparentid":4876},{"union_rowno":3,"row":261,"routeno":"294-EA SBS-BDHD","responsecode":200,"routeparentid":7127},{"union_rowno":3,"row":262,"routeno":"294-F","responsecode":200,"routeparentid":4878},{"union_rowno":3,"row":263,"routeno":"294-H","responsecode":200,"routeparentid":4881},{"union_rowno":3,"row":264,"routeno":"295","responsecode":200,"routeparentid":4827},{"union_rowno":3,"row":265,"routeno":"295-A","responsecode":200,"routeparentid":4832},{"union_rowno":3,"row":266,"routeno":"295-B","responsecode":200,"routeparentid":4836},{"union_rowno":3,"row":267,"routeno":"295-B BYB-D48G-AGP","responsecode":200,"routeparentid":5600},{"union_rowno":3,"row":268,"routeno":"295-C","responsecode":200,"routeparentid":4830},{"union_rowno":3,"row":269,"routeno":"295-D","responsecode":200,"routeparentid":4583},{"union_rowno":3,"row":270,"routeno":"295-E","responsecode":200,"routeparentid":4847},{"union_rowno":3,"row":271,"routeno":"295-E D48G-BBD","responsecode":200,"routeparentid":5599},{"union_rowno":3,"row":272,"routeno":"295-G","responsecode":200,"routeparentid":4858},{"union_rowno":3,"row":273,"routeno":"296","responsecode":200,"routeparentid":2712},{"union_rowno":3,"row":274,"routeno":"296-A","responsecode":200,"routeparentid":5602},{"union_rowno":3,"row":275,"routeno":"296-A HPPCR-KBS","responsecode":200,"routeparentid":4596},{"union_rowno":3,"row":276,"routeno":"296-B","responsecode":200,"routeparentid":4821},{"union_rowno":3,"row":277,"routeno":"296-B D48G-HBRLO","responsecode":200,"routeparentid":4822},{"union_rowno":3,"row":278,"routeno":"296 BNW-KMH-KNP-YHKOT","responsecode":200,"routeparentid":2803},{"union_rowno":3,"row":279,"routeno":"296-D","responsecode":200,"routeparentid":2809},{"union_rowno":3,"row":280,"routeno":"296-F","responsecode":200,"routeparentid":4819},{"union_rowno":3,"row":281,"routeno":"296-F SBS-MRS","responsecode":200,"routeparentid":5040},{"union_rowno":3,"row":282,"routeno":"296-K","responsecode":200,"routeparentid":2805},{"union_rowno":3,"row":283,"routeno":"296-M","responsecode":200,"routeparentid":5061},{"union_rowno":3,"row":284,"routeno":"296-M DVH-IIBSC","responsecode":200,"routeparentid":5215},{"union_rowno":3,"row":285,"routeno":"296-MA","responsecode":200,"routeparentid":5087},{"union_rowno":3,"row":286,"routeno":"296-MB","responsecode":200,"routeparentid":4520},{"union_rowno":3,"row":287,"routeno":"296-N","responsecode":200,"routeparentid":4816},{"union_rowno":3,"row":288,"routeno":"296-N D48G-BBD-KDA","responsecode":200,"routeparentid":4849},{"union_rowno":3,"row":289,"routeno":"296-Q","responsecode":200,"routeparentid":4813},{"union_rowno":3,"row":290,"routeno":"296-Q ARMY-KNR","responsecode":200,"routeparentid":6122},{"union_rowno":3,"row":291,"routeno":"297","responsecode":200,"routeparentid":3708},{"union_rowno":3,"row":292,"routeno":"297-A","responsecode":200,"routeparentid":3737},{"union_rowno":3,"row":293,"routeno":"297-A ISNH-KBS","responsecode":200,"routeparentid":3742},{"union_rowno":3,"row":294,"routeno":"297-B","responsecode":200,"routeparentid":4046},{"union_rowno":3,"row":295,"routeno":"297-B DVGH-KBS","responsecode":200,"routeparentid":4050},{"union_rowno":3,"row":296,"routeno":"297-C","responsecode":200,"routeparentid":7072},{"union_rowno":3,"row":297,"routeno":"297-F","responsecode":200,"routeparentid":4545},{"union_rowno":3,"row":298,"routeno":"297-F YHKOT-BVP","responsecode":200,"routeparentid":4549},{"union_rowno":3,"row":299,"routeno":"297-G","responsecode":200,"routeparentid":1527},{"union_rowno":3,"row":300,"routeno":"297-G KBS-DCH","responsecode":200,"routeparentid":1529},{"union_rowno":3,"row":301,"routeno":"297-G PTH-DCH","responsecode":200,"routeparentid":1528},{"union_rowno":3,"row":302,"routeno":"297-H","responsecode":200,"routeparentid":5064},{"union_rowno":3,"row":303,"routeno":"297-H PTH-HGNH","responsecode":200,"routeparentid":5700},{"union_rowno":3,"row":304,"routeno":"297-J DVH-DBP","responsecode":200,"routeparentid":6748},{"union_rowno":3,"row":305,"routeno":"297-K","responsecode":200,"routeparentid":4556},{"union_rowno":3,"row":306,"routeno":"297-K KMT-VNP","responsecode":200,"routeparentid":4566},{"union_rowno":3,"row":307,"routeno":"297-K PTH-VNP","responsecode":200,"routeparentid":6300},{"union_rowno":3,"row":308,"routeno":"297-K VNP-KBS","responsecode":200,"routeparentid":4561},{"union_rowno":3,"row":309,"routeno":"297-M","responsecode":200,"routeparentid":5068},{"union_rowno":3,"row":310,"routeno":"297 NGH-KBS","responsecode":200,"routeparentid":3709},{"union_rowno":3,"row":311,"routeno":"298","responsecode":200,"routeparentid":4570},{"union_rowno":3,"row":312,"routeno":"298-A","responsecode":200,"routeparentid":5070},{"union_rowno":3,"row":313,"routeno":"298-A KMT-AGO-UNV","responsecode":200,"routeparentid":6270},{"union_rowno":3,"row":314,"routeno":"298-AP","responsecode":200,"routeparentid":7087},{"union_rowno":3,"row":315,"routeno":"298-B","responsecode":200,"routeparentid":5076},{"union_rowno":3,"row":316,"routeno":"298-B KBS-ANSR-BCP","responsecode":200,"routeparentid":6962},{"union_rowno":3,"row":317,"routeno":"298-C","responsecode":200,"routeparentid":5079},{"union_rowno":3,"row":318,"routeno":"298-C KMT-AGO-KLP","responsecode":200,"routeparentid":6271},{"union_rowno":3,"row":319,"routeno":"298-E","responsecode":200,"routeparentid":5084},{"union_rowno":3,"row":320,"routeno":"298-HD","responsecode":200,"routeparentid":1385},{"union_rowno":3,"row":321,"routeno":"298-M","responsecode":200,"routeparentid":1174},{"union_rowno":3,"row":322,"routeno":"298-M DVH-HRH-VJP","responsecode":200,"routeparentid":6963},{"union_rowno":3,"row":323,"routeno":"298-M DVH-VSD-KBS","responsecode":200,"routeparentid":5942},{"union_rowno":3,"row":324,"routeno":"298-M HBLB-DVH","responsecode":200,"routeparentid":6650},{"union_rowno":3,"row":325,"routeno":"298-M KBS-EHSR-BRS","responsecode":200,"routeparentid":7350},{"union_rowno":3,"row":326,"routeno":"298-M KBS-IIBSC","responsecode":200,"routeparentid":5214},{"union_rowno":3,"row":327,"routeno":"298-M KBS-VTHM","responsecode":200,"routeparentid":6065},{"union_rowno":3,"row":328,"routeno":"298-M KMT-DVH","responsecode":200,"routeparentid":3696},{"union_rowno":3,"row":329,"routeno":"298-M PTH-DVH","responsecode":200,"routeparentid":1487},{"union_rowno":3,"row":330,"routeno":"298-M PTML-DVH","responsecode":200,"routeparentid":4061},{"union_rowno":3,"row":331,"routeno":"298-M VSD-DVH","responsecode":200,"routeparentid":5088},{"union_rowno":3,"row":332,"routeno":"298-M YHK-DVHOB","responsecode":200,"routeparentid":3822},{"union_rowno":3,"row":333,"routeno":"298-M YSTF-DVHOB","responsecode":200,"routeparentid":3534},{"union_rowno":3,"row":334,"routeno":"298-MA","responsecode":200,"routeparentid":5153},{"union_rowno":3,"row":335,"routeno":"298-MB","responsecode":200,"routeparentid":6964},{"union_rowno":3,"row":336,"routeno":"298-MC","responsecode":200,"routeparentid":5154},{"union_rowno":3,"row":337,"routeno":"298-MC YHK-VJP","responsecode":200,"routeparentid":5155},{"union_rowno":3,"row":338,"routeno":"298-ME","responsecode":200,"routeparentid":5932},{"union_rowno":3,"row":339,"routeno":"298-ME KMT-AGO-NLR","responsecode":200,"routeparentid":6272},{"union_rowno":3,"row":340,"routeno":"298-ME KMT-NLR","responsecode":200,"routeparentid":5933},{"union_rowno":3,"row":341,"routeno":"298-ME YHK-NLR","responsecode":200,"routeparentid":5934},{"union_rowno":3,"row":342,"routeno":"298-MF","responsecode":200,"routeparentid":5156},{"union_rowno":3,"row":343,"routeno":"298-MF YHKOT-BSR","responsecode":200,"routeparentid":5179},{"union_rowno":3,"row":344,"routeno":"298-MG","responsecode":200,"routeparentid":2663},{"union_rowno":3,"row":345,"routeno":"298-MG KBS-SNH","responsecode":200,"routeparentid":5183},{"union_rowno":3,"row":346,"routeno":"298-MG YHKOT-SNH","responsecode":200,"routeparentid":5181},{"union_rowno":3,"row":347,"routeno":"298-MH","responsecode":200,"routeparentid":5158},{"union_rowno":3,"row":348,"routeno":"298-MK","responsecode":200,"routeparentid":1347},{"union_rowno":3,"row":349,"routeno":"298-MP","responsecode":200,"routeparentid":1348},{"union_rowno":3,"row":350,"routeno":"298-MP HBLB-VJP","responsecode":200,"routeparentid":7294},{"union_rowno":3,"row":351,"routeno":"298-MP KBS-HRH-VJP","responsecode":200,"routeparentid":7425},{"union_rowno":3,"row":352,"routeno":"298-MS","responsecode":200,"routeparentid":5161},{"union_rowno":3,"row":353,"routeno":"298-MT","responsecode":200,"routeparentid":1349},{"union_rowno":3,"row":354,"routeno":"298-MV","responsecode":200,"routeparentid":2639},{"union_rowno":3,"row":355,"routeno":"298-MV VJP-DVH-DBP","responsecode":200,"routeparentid":1351},{"union_rowno":3,"row":356,"routeno":"298-MV YHKOT-VJP","responsecode":200,"routeparentid":6439},{"union_rowno":3,"row":357,"routeno":"298-MY","responsecode":200,"routeparentid":2596},{"union_rowno":3,"row":358,"routeno":"298-P","responsecode":200,"routeparentid":1226},{"union_rowno":3,"row":359,"routeno":"298-P HSK-NGNH-DVH","responsecode":200,"routeparentid":5188},{"union_rowno":3,"row":360,"routeno":"298-PA","responsecode":200,"routeparentid":3693},{"union_rowno":3,"row":361,"routeno":"298-PB","responsecode":200,"routeparentid":5163},{"union_rowno":3,"row":362,"routeno":"298-PD","responsecode":200,"routeparentid":5165},{"union_rowno":3,"row":363,"routeno":"298-PD NLR-KBS","responsecode":200,"routeparentid":5196},{"union_rowno":3,"row":364,"routeno":"298 SBS-DVH","responsecode":200,"routeparentid":4346},{"union_rowno":3,"row":365,"routeno":"298 SDHG-RMG-KRC-SNBS","responsecode":200,"routeparentid":7027},{"union_rowno":3,"row":366,"routeno":"298-V","responsecode":200,"routeparentid":5167},{"union_rowno":3,"row":367,"routeno":"298-W","responsecode":200,"routeparentid":7177},{"union_rowno":3,"row":368,"routeno":"298-Y","responsecode":200,"routeparentid":5170},{"union_rowno":3,"row":369,"routeno":"298-Y KBS-YLR-VJP","responsecode":200,"routeparentid":6556},{"union_rowno":3,"row":370,"routeno":"298-Y VJP-YLR-YHKOT","responsecode":200,"routeparentid":6557},{"union_rowno":3,"row":371,"routeno":"298-Z","responsecode":200,"routeparentid":5172},{"union_rowno":3,"row":372,"routeno":"298-Z YHK-VJP","responsecode":200,"routeparentid":5207},{"union_rowno":3,"row":373,"routeno":"299","responsecode":200,"routeparentid":3761},{"union_rowno":3,"row":374,"routeno":"299-E","responsecode":200,"routeparentid":5176},{"union_rowno":3,"row":375,"routeno":"299-E YHKOT-GDH","responsecode":200,"routeparentid":5210},{"union_rowno":3,"row":376,"routeno":"29-A","responsecode":200,"routeparentid":1225},{"union_rowno":3,"row":377,"routeno":"29-E","responsecode":200,"routeparentid":4375},{"union_rowno":3,"row":378,"routeno":"309","responsecode":200,"routeparentid":5498},{"union_rowno":3,"row":379,"routeno":"319","responsecode":200,"routeparentid":3267},{"union_rowno":3,"row":380,"routeno":"319 24G-KSH","responsecode":200,"routeparentid":3273},{"union_rowno":3,"row":381,"routeno":"319 BTR-TNF-KDG","responsecode":200,"routeparentid":5881},{"union_rowno":3,"row":382,"routeno":"319-C","responsecode":200,"routeparentid":3278},{"union_rowno":3,"row":383,"routeno":"319-C D24G-KDG","responsecode":200,"routeparentid":2810},{"union_rowno":3,"row":384,"routeno":"319 D24G-KDG","responsecode":200,"routeparentid":3074},{"union_rowno":3,"row":385,"routeno":"319-G","responsecode":200,"routeparentid":3893},{"union_rowno":3,"row":386,"routeno":"319-G KBS-TNF-D41G","responsecode":200,"routeparentid":5819},{"union_rowno":3,"row":387,"routeno":"319-G SVMS-KDG","responsecode":200,"routeparentid":4595},{"union_rowno":3,"row":388,"routeno":"319-J","responsecode":200,"routeparentid":3280},{"union_rowno":3,"row":389,"routeno":"319-J D41G-DNR","responsecode":200,"routeparentid":3281},{"union_rowno":3,"row":390,"routeno":"319-J KMT-D41G","responsecode":200,"routeparentid":3293},{"union_rowno":3,"row":391,"routeno":"319-J TNF-DNR","responsecode":200,"routeparentid":3057},{"union_rowno":3,"row":392,"routeno":"319-K","responsecode":200,"routeparentid":4956},{"union_rowno":3,"row":393,"routeno":"319 KMT-KDG","responsecode":200,"routeparentid":6772},{"union_rowno":3,"row":394,"routeno":"319 KRPGH-TNF-KDG","responsecode":200,"routeparentid":7418},{"union_rowno":3,"row":395,"routeno":"329","responsecode":200,"routeparentid":3464},{"union_rowno":3,"row":396,"routeno":"329-A","responsecode":200,"routeparentid":3469},{"union_rowno":3,"row":397,"routeno":"329-B","responsecode":200,"routeparentid":3474},{"union_rowno":3,"row":398,"routeno":"329-C","responsecode":200,"routeparentid":3478},{"union_rowno":3,"row":399,"routeno":"329-C D41G-KTR","responsecode":200,"routeparentid":3480},{"union_rowno":3,"row":400,"routeno":"329-D","responsecode":200,"routeparentid":3482},{"union_rowno":3,"row":401,"routeno":"329 D41G-MPH","responsecode":200,"routeparentid":3473},{"union_rowno":3,"row":402,"routeno":"329 D41G-MTS","responsecode":200,"routeparentid":3466},{"union_rowno":3,"row":403,"routeno":"329-E","responsecode":200,"routeparentid":3529},{"union_rowno":3,"row":404,"routeno":"329-E D41G-BLK","responsecode":200,"routeparentid":3530},{"union_rowno":3,"row":405,"routeno":"329-F","responsecode":200,"routeparentid":3798},{"union_rowno":3,"row":406,"routeno":"329-G","responsecode":200,"routeparentid":3802},{"union_rowno":3,"row":407,"routeno":"329-H","responsecode":200,"routeparentid":3805},{"union_rowno":3,"row":408,"routeno":"329-J","responsecode":200,"routeparentid":1079},{"union_rowno":3,"row":409,"routeno":"329-J SNBS-SNH","responsecode":200,"routeparentid":1081},{"union_rowno":3,"row":410,"routeno":"329-K","responsecode":200,"routeparentid":3811},{"union_rowno":3,"row":411,"routeno":"329-M","responsecode":200,"routeparentid":3814},{"union_rowno":3,"row":412,"routeno":"349","responsecode":200,"routeparentid":2703},{"union_rowno":3,"row":413,"routeno":"349-A","responsecode":200,"routeparentid":5175},{"union_rowno":3,"row":414,"routeno":"349-A D38G-HND","responsecode":200,"routeparentid":6255},{"union_rowno":3,"row":415,"routeno":"349-B","responsecode":200,"routeparentid":5173},{"union_rowno":3,"row":416,"routeno":"349-C","responsecode":200,"routeparentid":1500},{"union_rowno":3,"row":417,"routeno":"349-D","responsecode":200,"routeparentid":5174},{"union_rowno":3,"row":418,"routeno":"349 D38-LMG-KBS","responsecode":200,"routeparentid":3025},{"union_rowno":3,"row":419,"routeno":"349-E","responsecode":200,"routeparentid":5180},{"union_rowno":3,"row":420,"routeno":"349-J","responsecode":200,"routeparentid":5189},{"union_rowno":3,"row":421,"routeno":"349-J KMT-IGNOUS","responsecode":200,"routeparentid":7164},{"union_rowno":3,"row":422,"routeno":"349-K","responsecode":200,"routeparentid":5190},{"union_rowno":3,"row":423,"routeno":"349-M","responsecode":200,"routeparentid":5195},{"union_rowno":3,"row":424,"routeno":"359","responsecode":200,"routeparentid":4866},{"union_rowno":3,"row":425,"routeno":"359-A","responsecode":200,"routeparentid":4856},{"union_rowno":3,"row":426,"routeno":"369","responsecode":200,"routeparentid":3794},{"union_rowno":3,"row":427,"routeno":"369-B","responsecode":200,"routeparentid":4376},{"union_rowno":3,"row":428,"routeno":"369-C","responsecode":200,"routeparentid":3750},{"union_rowno":3,"row":429,"routeno":"369-D","responsecode":200,"routeparentid":4377},{"union_rowno":3,"row":430,"routeno":"369-E","responsecode":200,"routeparentid":4378},{"union_rowno":3,"row":431,"routeno":"369-G","responsecode":200,"routeparentid":1166},{"union_rowno":3,"row":432,"routeno":"369-J","responsecode":200,"routeparentid":4407},{"union_rowno":3,"row":433,"routeno":"369-J JBS-EAST END-HML","responsecode":200,"routeparentid":4448},{"union_rowno":3,"row":434,"routeno":"369-K KBS-DLF","responsecode":200,"routeparentid":5008},{"union_rowno":3,"row":435,"routeno":"369-K VSD-DLF","responsecode":200,"routeparentid":4423},{"union_rowno":3,"row":436,"routeno":"369 KMT-D34G","responsecode":200,"routeparentid":4415},{"union_rowno":3,"row":437,"routeno":"369 KMT-DLF","responsecode":200,"routeparentid":6637},{"union_rowno":3,"row":438,"routeno":"369-N","responsecode":200,"routeparentid":3797},{"union_rowno":3,"row":439,"routeno":"369-N KMT-STMSC","responsecode":200,"routeparentid":4929},{"union_rowno":3,"row":440,"routeno":"369-Q","responsecode":200,"routeparentid":4586},{"union_rowno":3,"row":441,"routeno":"390","responsecode":200,"routeparentid":3631},{"union_rowno":3,"row":442,"routeno":"398-B","responsecode":200,"routeparentid":3636},{"union_rowno":3,"row":443,"routeno":"398-B ATB-KGP","responsecode":200,"routeparentid":3647},{"union_rowno":3,"row":444,"routeno":"398-B JGN-BGC-KGP","responsecode":200,"routeparentid":5101},{"union_rowno":3,"row":445,"routeno":"398-H","responsecode":200,"routeparentid":3656},{"union_rowno":3,"row":446,"routeno":"398-H D27-ATB","responsecode":200,"routeparentid":5143},{"union_rowno":3,"row":447,"routeno":"398-H D27G-HSK","responsecode":200,"routeparentid":6566},{"union_rowno":3,"row":448,"routeno":"399","responsecode":200,"routeparentid":3399},{"union_rowno":3,"row":449,"routeno":"399-A","responsecode":200,"routeparentid":3665},{"union_rowno":3,"row":450,"routeno":"399-A CDP-BRH","responsecode":200,"routeparentid":3701},{"union_rowno":3,"row":451,"routeno":"399-A CPR-KDG","responsecode":200,"routeparentid":6240},{"union_rowno":3,"row":452,"routeno":"399 ABS-DMSC-KDG","responsecode":200,"routeparentid":4552},{"union_rowno":3,"row":453,"routeno":"399-C","responsecode":200,"routeparentid":5335},{"union_rowno":3,"row":454,"routeno":"399-C SRN-CTP","responsecode":200,"routeparentid":5336},{"union_rowno":3,"row":455,"routeno":"399-D","responsecode":200,"routeparentid":7158},{"union_rowno":3,"row":456,"routeno":"399-D ANK-DMS","responsecode":200,"routeparentid":7446},{"union_rowno":3,"row":457,"routeno":"399-D ATB-ELC","responsecode":200,"routeparentid":5043},{"union_rowno":3,"row":458,"routeno":"399-E","responsecode":200,"routeparentid":5337},{"union_rowno":3,"row":459,"routeno":"399-E D27G-CTP","responsecode":200,"routeparentid":7015},{"union_rowno":3,"row":460,"routeno":"399 ELC-KDG","responsecode":200,"routeparentid":3763},{"union_rowno":3,"row":461,"routeno":"399-F","responsecode":200,"routeparentid":3707},{"union_rowno":3,"row":462,"routeno":"399-F ANK-ATB","responsecode":200,"routeparentid":5164},{"union_rowno":3,"row":463,"routeno":"399-F ATB-D27G","responsecode":200,"routeparentid":5141},{"union_rowno":3,"row":464,"routeno":"399-F D27G-ANK-HSK","responsecode":200,"routeparentid":6010},{"union_rowno":3,"row":465,"routeno":"399-F D42G-HUK-ANK","responsecode":200,"routeparentid":5793},{"union_rowno":3,"row":466,"routeno":"399-F OMS-ANK","responsecode":200,"routeparentid":6129},{"union_rowno":3,"row":467,"routeno":"399 HSS-CPR","responsecode":200,"routeparentid":4504},{"union_rowno":3,"row":468,"routeno":"399 KDG-MVM","responsecode":200,"routeparentid":5947},{"union_rowno":3,"row":469,"routeno":"399 MVSM-KDG","responsecode":200,"routeparentid":5294},{"union_rowno":3,"row":470,"routeno":"399 SJP-BHR","responsecode":200,"routeparentid":3767},{"union_rowno":3,"row":471,"routeno":"409","responsecode":200,"routeparentid":3560},{"union_rowno":3,"row":472,"routeno":"49","responsecode":200,"routeparentid":4140},{"union_rowno":3,"row":473,"routeno":"49 BDVN-KBS","responsecode":200,"routeparentid":4205},{"union_rowno":3,"row":474,"routeno":"49 PPLO-BNR","responsecode":200,"routeparentid":7123},{"union_rowno":3,"row":475,"routeno":"502-FA D9-NMG","responsecode":200,"routeparentid":6298},{"union_rowno":3,"row":476,"routeno":"59-D","responsecode":200,"routeparentid":5370},{"union_rowno":3,"row":477,"routeno":"59 DPN-JJN","responsecode":200,"routeparentid":6334},{"union_rowno":3,"row":478,"routeno":"59-F","responsecode":200,"routeparentid":1828},{"union_rowno":3,"row":479,"routeno":"79-A","responsecode":200,"routeparentid":5086},{"union_rowno":3,"row":480,"routeno":"79-B","responsecode":200,"routeparentid":5073},{"union_rowno":3,"row":481,"routeno":"79-B YTTMC-BRC","responsecode":200,"routeparentid":5074},{"union_rowno":3,"row":482,"routeno":"79-D","responsecode":200,"routeparentid":4986},{"union_rowno":3,"row":483,"routeno":"79-E","responsecode":200,"routeparentid":4980},{"union_rowno":3,"row":484,"routeno":"79-E MYH-SBS-NLO","responsecode":200,"routeparentid":4984},{"union_rowno":3,"row":485,"routeno":"79-E NLO-VSD-SBS-MYH","responsecode":200,"routeparentid":4982},{"union_rowno":3,"row":486,"routeno":"79E VSD-NLO","responsecode":200,"routeparentid":4985},{"union_rowno":3,"row":487,"routeno":"79-F","responsecode":200,"routeparentid":4978},{"union_rowno":3,"row":488,"routeno":"79-G","responsecode":200,"routeparentid":4300},{"union_rowno":3,"row":489,"routeno":"79-G VSD-VSDLO","responsecode":200,"routeparentid":4317},{"union_rowno":3,"row":490,"routeno":"79-G VSDLO-VSD-SBS","responsecode":200,"routeparentid":4306},{"union_rowno":3,"row":491,"routeno":"79-J","responsecode":200,"routeparentid":5071},{"union_rowno":3,"row":492,"routeno":"79-K","responsecode":200,"routeparentid":4954},{"union_rowno":3,"row":493,"routeno":"79-K SBS-CVN","responsecode":200,"routeparentid":6286},{"union_rowno":3,"row":494,"routeno":"89-A","responsecode":200,"routeparentid":5017},{"union_rowno":3,"row":495,"routeno":"89-A YTTMC-CVN","responsecode":200,"routeparentid":1765},{"union_rowno":3,"row":496,"routeno":"89-B","responsecode":200,"routeparentid":5058},{"union_rowno":3,"row":497,"routeno":"89-B YTTMC-GBE","responsecode":200,"routeparentid":5060},{"union_rowno":3,"row":498,"routeno":"89-C","responsecode":200,"routeparentid":991},{"union_rowno":3,"row":499,"routeno":"89-C SMH-CVN","responsecode":200,"routeparentid":3477},{"union_rowno":3,"row":500,"routeno":"89-CKBS-VSD-CVN","responsecode":200,"routeparentid":4908},{"union_rowno":3,"row":501,"routeno":"89-D","responsecode":200,"routeparentid":1104},{"union_rowno":3,"row":502,"routeno":"89-D SMH-JCN","responsecode":200,"routeparentid":1125},{"union_rowno":3,"row":503,"routeno":"89-D YTTMC-JCN","responsecode":200,"routeparentid":5020},{"union_rowno":3,"row":504,"routeno":"89-E","responsecode":200,"routeparentid":4900},{"union_rowno":3,"row":505,"routeno":"89-E SNBS-CVN","responsecode":200,"routeparentid":4913},{"union_rowno":3,"row":506,"routeno":"89-F","responsecode":200,"routeparentid":5024},{"union_rowno":3,"row":507,"routeno":"89-F YTTMC-GBER","responsecode":200,"routeparentid":5027},{"union_rowno":3,"row":592,"routeno":"ADITI-9","responsecode":200,"routeparentid":4588},{"union_rowno":3,"row":593,"routeno":"APS-19","responsecode":200,"routeparentid":7266},{"union_rowno":3,"row":594,"routeno":"ARMY-09","responsecode":200,"routeparentid":7248},{"union_rowno":3,"row":595,"routeno":"BC-9","responsecode":200,"routeparentid":6150},{"union_rowno":3,"row":596,"routeno":"BC-9 KLNB-BTRNP","responsecode":200,"routeparentid":6151},{"union_rowno":3,"row":597,"routeno":"BCGHS-19","responsecode":200,"routeparentid":5508},{"union_rowno":3,"row":598,"routeno":"BCGHS-9","responsecode":200,"routeparentid":4011},{"union_rowno":3,"row":599,"routeno":"BEL GS-19","responsecode":200,"routeparentid":5491},{"union_rowno":3,"row":600,"routeno":"BEL GS-39","responsecode":200,"routeparentid":5691},{"union_rowno":3,"row":601,"routeno":"BELGS-19","responsecode":200,"routeparentid":1795},{"union_rowno":3,"row":602,"routeno":"BELGS-29","responsecode":200,"routeparentid":4198},{"union_rowno":3,"row":603,"routeno":"BELGS-39","responsecode":200,"routeparentid":3986},{"union_rowno":3,"row":604,"routeno":"BELGS-9","responsecode":200,"routeparentid":2390},{"union_rowno":3,"row":605,"routeno":"BEMLA-29","responsecode":200,"routeparentid":3982},{"union_rowno":3,"row":606,"routeno":"BEMLB-9","responsecode":200,"routeparentid":4239},{"union_rowno":3,"row":607,"routeno":"BMSIT-09","responsecode":200,"routeparentid":4809},{"union_rowno":3,"row":608,"routeno":"BTP-09","responsecode":200,"routeparentid":5277},{"union_rowno":3,"row":609,"routeno":"BTP-19","responsecode":200,"routeparentid":6406},{"union_rowno":3,"row":610,"routeno":"CHAKRA-9","responsecode":200,"routeparentid":4723},{"union_rowno":3,"row":611,"routeno":"CHAKRA-9A","responsecode":200,"routeparentid":3775},{"union_rowno":3,"row":612,"routeno":"CHLS-9","responsecode":200,"routeparentid":4266},{"union_rowno":3,"row":613,"routeno":"D09-ISROOJ","responsecode":200,"routeparentid":7572},{"union_rowno":3,"row":614,"routeno":"D19-D19G","responsecode":200,"routeparentid":6366},{"union_rowno":3,"row":615,"routeno":"D19-ELC","responsecode":200,"routeparentid":1493},{"union_rowno":3,"row":616,"routeno":"D19-ELCT","responsecode":200,"routeparentid":6254},{"union_rowno":3,"row":617,"routeno":"D19G-NLNC","responsecode":200,"routeparentid":6364},{"union_rowno":3,"row":618,"routeno":"D19-PESCE","responsecode":200,"routeparentid":6537},{"union_rowno":3,"row":619,"routeno":"D29-KRPGH","responsecode":200,"routeparentid":2271},{"union_rowno":3,"row":620,"routeno":"D29-KRPM","responsecode":200,"routeparentid":6846},{"union_rowno":3,"row":621,"routeno":"D39-D39G","responsecode":200,"routeparentid":6394},{"union_rowno":3,"row":622,"routeno":"D39G-HSK","responsecode":200,"routeparentid":5409},{"union_rowno":3,"row":623,"routeno":"D39-HSK","responsecode":200,"routeparentid":1711},{"union_rowno":3,"row":624,"routeno":"D39-HSKGH","responsecode":200,"routeparentid":6383},{"union_rowno":3,"row":625,"routeno":"D39-HSKTTMC","responsecode":200,"routeparentid":3226},{"union_rowno":3,"row":626,"routeno":"D49-BDD","responsecode":200,"routeparentid":3390},{"union_rowno":3,"row":627,"routeno":"D9-KVP","responsecode":200,"routeparentid":6301},{"union_rowno":3,"row":628,"routeno":"D9-PSS","responsecode":200,"routeparentid":1549},{"union_rowno":3,"row":629,"routeno":"D9-SRS-ISRQ","responsecode":200,"routeparentid":6296},{"union_rowno":3,"row":630,"routeno":"DPS-E6J-9","responsecode":200,"routeparentid":5283},{"union_rowno":3,"row":631,"routeno":"G-9","responsecode":200,"routeparentid":1307},{"union_rowno":3,"row":632,"routeno":"G-9 PTH-MGRMS","responsecode":200,"routeparentid":4612},{"union_rowno":3,"row":633,"routeno":"G-9 SBS-MADT","responsecode":200,"routeparentid":6217},{"union_rowno":3,"row":634,"routeno":"G-9A","responsecode":200,"routeparentid":1309},{"union_rowno":3,"row":635,"routeno":"HALPV-9","responsecode":200,"routeparentid":4014},{"union_rowno":3,"row":636,"routeno":"HSS-09","responsecode":200,"routeparentid":5786},{"union_rowno":3,"row":637,"routeno":"HSS-19","responsecode":200,"routeparentid":5378},{"union_rowno":3,"row":638,"routeno":"HSS-9","responsecode":200,"routeparentid":5783},{"union_rowno":3,"row":639,"routeno":"INF-39","responsecode":200,"routeparentid":5878},{"union_rowno":3,"row":640,"routeno":"INFOSYS-29","responsecode":200,"routeparentid":6102},{"union_rowno":3,"row":641,"routeno":"ITPB-9A","responsecode":200,"routeparentid":5369},{"union_rowno":3,"row":642,"routeno":"ITPL-9A","responsecode":200,"routeparentid":4329},{"union_rowno":3,"row":643,"routeno":"KANGOVI-9","responsecode":200,"routeparentid":4709},{"union_rowno":3,"row":644,"routeno":"KIA-9","responsecode":200,"routeparentid":1101},{"union_rowno":3,"row":645,"routeno":"KIA-9H","responsecode":200,"routeparentid":6250},{"union_rowno":3,"row":646,"routeno":"KVASC-09","responsecode":200,"routeparentid":5495},{"union_rowno":3,"row":647,"routeno":"L & T-9","responsecode":200,"routeparentid":5051},{"union_rowno":3,"row":648,"routeno":"MBS-9","responsecode":200,"routeparentid":4358},{"union_rowno":3,"row":649,"routeno":"MF-19","responsecode":200,"routeparentid":6605},{"union_rowno":3,"row":650,"routeno":"MF-1K D39G-KDGMS","responsecode":200,"routeparentid":6395},{"union_rowno":3,"row":651,"routeno":"MF-29","responsecode":200,"routeparentid":6874},{"union_rowno":3,"row":652,"routeno":"MF-29 MNH-LGR","responsecode":200,"routeparentid":6875},{"union_rowno":3,"row":653,"routeno":"MF-29 PSS-MNH","responsecode":200,"routeparentid":6876},{"union_rowno":3,"row":654,"routeno":"MF-319E","responsecode":200,"routeparentid":2517},{"union_rowno":3,"row":655,"routeno":"MF-369T","responsecode":200,"routeparentid":2546},{"union_rowno":3,"row":656,"routeno":"MF-39","responsecode":200,"routeparentid":5360},{"union_rowno":3,"row":657,"routeno":"MF-39 BUCG-UDB","responsecode":200,"routeparentid":5362},{"union_rowno":3,"row":658,"routeno":"MF-39 CLO-RMS","responsecode":200,"routeparentid":5364},{"union_rowno":3,"row":659,"routeno":"MF-9","responsecode":200,"routeparentid":6597},{"union_rowno":3,"row":660,"routeno":"MF-9 HODMS-DVS-D24G","responsecode":200,"routeparentid":6780},{"union_rowno":3,"row":661,"routeno":"MF-9 TNF-HDM","responsecode":200,"routeparentid":7037},{"union_rowno":3,"row":662,"routeno":"NMIT-19","responsecode":200,"routeparentid":4228},{"union_rowno":3,"row":663,"routeno":"SCS-9","responsecode":200,"routeparentid":4045},{"union_rowno":3,"row":664,"routeno":"SHS-9","responsecode":200,"routeparentid":4222},{"union_rowno":3,"row":665,"routeno":"SJBHS-9","responsecode":200,"routeparentid":5577},{"union_rowno":3,"row":666,"routeno":"ST BENEDICT-09","responsecode":200,"routeparentid":6218},{"union_rowno":3,"row":667,"routeno":"ST BENEDICT-9","responsecode":200,"routeparentid":6407},{"union_rowno":3,"row":668,"routeno":"ST BENIDICT-9","responsecode":200,"routeparentid":7599},{"union_rowno":3,"row":669,"routeno":"V-129","responsecode":200,"routeparentid":2126},{"union_rowno":3,"row":670,"routeno":"V-298MN","responsecode":200,"routeparentid":5999},{"union_rowno":3,"row":671,"routeno":"VLS-9","responsecode":200,"routeparentid":6263},{"union_rowno":3,"row":672,"routeno":"VNS-19","responsecode":200,"routeparentid":4322},{"union_rowno":3,"row":673,"routeno":"VNS-9","responsecode":200,"routeparentid":4804},{"union_rowno":3,"row":674,"routeno":"VPS-9","responsecode":200,"routeparentid":5591},{"union_rowno":3,"row":675,"routeno":"V-TATA ELEXI-09","responsecode":200,"routeparentid":3803}],"Message":"Success","Issuccess":true,"exception":null,"RowCount":633,"responsecode":200}