{"data":[{"union_rowno":2,"row":1,"routeno":"EJP-STJN","responsecode":200,"routeparentid":7293},{"union_rowno":2,"row":4,"routeno":"ELC-BHEL-DTR","responsecode":200,"routeparentid":6843},{"union_rowno":2,"row":5,"routeno":"ELC-CNM","responsecode":200,"routeparentid":7137},{"union_rowno":2,"row":8,"routeno":"ELC-KPA-DTR","responsecode":200,"routeparentid":6844},{"union_rowno":2,"row":10,"routeno":"ELC-PAH","responsecode":200,"routeparentid":5458},{"union_rowno":2,"row":11,"routeno":"ELC-PESCE","responsecode":200,"routeparentid":4964},{"union_rowno":2,"row":14,"routeno":"ELC-PESK","responsecode":200,"routeparentid":4967},{"union_rowno":2,"row":16,"routeno":"ELC-SBN","responsecode":200,"routeparentid":5490},{"union_rowno":3,"row":1,"routeno":"1000 Test","responsecode":200,"routeparentid":1400},{"union_rowno":3,"row":2,"routeno":"111-E","responsecode":200,"routeparentid":3340},{"union_rowno":3,"row":3,"routeno":"13-B JEC-JBS-PNN","responsecode":200,"routeparentid":2152},{"union_rowno":3,"row":4,"routeno":"13-E","responsecode":200,"routeparentid":1090},{"union_rowno":3,"row":5,"routeno":"140-E","responsecode":200,"routeparentid":1747},{"union_rowno":3,"row":6,"routeno":"140-E KMT-EJP-KRM","responsecode":200,"routeparentid":5945},{"union_rowno":3,"row":7,"routeno":"141-E","responsecode":200,"routeparentid":1032},{"union_rowno":3,"row":8,"routeno":"141-E SBS-KRM","responsecode":200,"routeparentid":1746},{"union_rowno":3,"row":9,"routeno":"143-E","responsecode":200,"routeparentid":1662},{"union_rowno":3,"row":10,"routeno":"143-E NTVB5-KMT","responsecode":200,"routeparentid":7273},{"union_rowno":3,"row":11,"routeno":"144-E","responsecode":200,"routeparentid":1043},{"union_rowno":3,"row":12,"routeno":"144-E D6G-KFC-NRG","responsecode":200,"routeparentid":6124},{"union_rowno":3,"row":13,"routeno":"144-E SBS-KRM","responsecode":200,"routeparentid":5021},{"union_rowno":3,"row":14,"routeno":"144-E SBS-KRM1","responsecode":200,"routeparentid":5616},{"union_rowno":3,"row":15,"routeno":"144-E SBS-NRG-D15","responsecode":200,"routeparentid":1665},{"union_rowno":3,"row":16,"routeno":"144-E SNBS-SPHS","responsecode":200,"routeparentid":5777},{"union_rowno":3,"row":17,"routeno":"144-E STJN-SNBS-SBS","responsecode":200,"routeparentid":5781},{"union_rowno":3,"row":18,"routeno":"144-G GPTE-NRG","responsecode":200,"routeparentid":7299},{"union_rowno":3,"row":19,"routeno":"145-E","responsecode":200,"routeparentid":6867},{"union_rowno":3,"row":20,"routeno":"15-E","responsecode":200,"routeparentid":1683},{"union_rowno":3,"row":21,"routeno":"15-E KBS-PPLO","responsecode":200,"routeparentid":1684},{"union_rowno":3,"row":22,"routeno":"15-E VSD-KSLO","responsecode":200,"routeparentid":1686},{"union_rowno":3,"row":23,"routeno":"15E-KMT-BSK","responsecode":200,"routeparentid":7542},{"union_rowno":3,"row":24,"routeno":"168-E KBS-VSD-JBN","responsecode":200,"routeparentid":1763},{"union_rowno":3,"row":25,"routeno":"171-G KBS-HSR KEB","responsecode":200,"routeparentid":7519},{"union_rowno":3,"row":26,"routeno":"171 KBS-HSR KEB","responsecode":200,"routeparentid":7521},{"union_rowno":3,"row":27,"routeno":"171 KBS-SNBS TEST","responsecode":200,"routeparentid":7321},{"union_rowno":3,"row":28,"routeno":"176-E","responsecode":200,"routeparentid":1768},{"union_rowno":3,"row":29,"routeno":"176-E KBR-DPN","responsecode":200,"routeparentid":5768},{"union_rowno":3,"row":30,"routeno":"201-G BEMLG-ELC","responsecode":200,"routeparentid":5397},{"union_rowno":3,"row":31,"routeno":"201-G BSK-SNW-BEMLG","responsecode":200,"routeparentid":5392},{"union_rowno":3,"row":32,"routeno":"201-G KNG-BEMLG","responsecode":200,"routeparentid":5391},{"union_rowno":3,"row":33,"routeno":"201-R CSB-BEMLF","responsecode":200,"routeparentid":6633},{"union_rowno":3,"row":34,"routeno":"210-D KMT-CEC","responsecode":200,"routeparentid":7167},{"union_rowno":3,"row":35,"routeno":"210-E","responsecode":200,"routeparentid":2450},{"union_rowno":3,"row":36,"routeno":"210-E KBS-CEC","responsecode":200,"routeparentid":2447},{"union_rowno":3,"row":37,"routeno":"210-E KBS-KMTFLY-KBDA","responsecode":200,"routeparentid":2454},{"union_rowno":3,"row":38,"routeno":"210-EA","responsecode":200,"routeparentid":2452},{"union_rowno":3,"row":39,"routeno":"210-N BEML5TS-KBS","responsecode":200,"routeparentid":6541},{"union_rowno":3,"row":40,"routeno":"210-WA KBS-BEML5","responsecode":200,"routeparentid":2412},{"union_rowno":3,"row":41,"routeno":"211-E","responsecode":200,"routeparentid":1851},{"union_rowno":3,"row":42,"routeno":"212-C BEML5-SHVA","responsecode":200,"routeparentid":6262},{"union_rowno":3,"row":43,"routeno":"213-E","responsecode":200,"routeparentid":1914},{"union_rowno":3,"row":44,"routeno":"214-D KMT-TRLE","responsecode":200,"routeparentid":4413},{"union_rowno":3,"row":45,"routeno":"214-E","responsecode":200,"routeparentid":1807},{"union_rowno":3,"row":46,"routeno":"215-E","responsecode":200,"routeparentid":2337},{"union_rowno":3,"row":47,"routeno":"215 KMT-JBS-ELO","responsecode":200,"routeparentid":2345},{"union_rowno":3,"row":48,"routeno":"215-NE","responsecode":200,"routeparentid":2328},{"union_rowno":3,"row":49,"routeno":"215-NE ANP11-KMT-VSD","responsecode":200,"routeparentid":6094},{"union_rowno":3,"row":50,"routeno":"215-NE ANP11-MNRV-VSD","responsecode":200,"routeparentid":5721},{"union_rowno":3,"row":51,"routeno":"215-NE VSD-AJP11B","responsecode":200,"routeparentid":4392},{"union_rowno":3,"row":52,"routeno":"217-E","responsecode":200,"routeparentid":7150},{"union_rowno":3,"row":53,"routeno":"218 KMT-STBEN","responsecode":200,"routeparentid":7861},{"union_rowno":3,"row":54,"routeno":"219-A GR College","responsecode":200,"routeparentid":2682},{"union_rowno":3,"row":55,"routeno":"220-E","responsecode":200,"routeparentid":1148},{"union_rowno":3,"row":56,"routeno":"221-E","responsecode":200,"routeparentid":1154},{"union_rowno":3,"row":57,"routeno":"222-K KHBQ-VSD Flyover","responsecode":200,"routeparentid":7558},{"union_rowno":3,"row":58,"routeno":"223-E","responsecode":200,"routeparentid":1197},{"union_rowno":3,"row":59,"routeno":"223-E RRMC-RMS","responsecode":200,"routeparentid":7646},{"union_rowno":3,"row":60,"routeno":"223-E SBS-RMS","responsecode":200,"routeparentid":1829},{"union_rowno":3,"row":61,"routeno":"224-E","responsecode":200,"routeparentid":5826},{"union_rowno":3,"row":62,"routeno":"225-B SBS-BEML5","responsecode":200,"routeparentid":1468},{"union_rowno":3,"row":63,"routeno":"225-BC KBS-KMT FLY-BEML5","responsecode":200,"routeparentid":7748},{"union_rowno":3,"row":64,"routeno":"225-C BEML5-JNKLO","responsecode":200,"routeparentid":5399},{"union_rowno":3,"row":65,"routeno":"225-C BEML5-JNSVS","responsecode":200,"routeparentid":6429},{"union_rowno":3,"row":66,"routeno":"225-C BEML5-KBS-BTP","responsecode":200,"routeparentid":5401},{"union_rowno":3,"row":67,"routeno":"225-C BEML5-MRBS","responsecode":200,"routeparentid":7749},{"union_rowno":3,"row":68,"routeno":"225-C BEMLLO-KMT-KBS","responsecode":200,"routeparentid":6969},{"union_rowno":3,"row":69,"routeno":"225-C CLO-BEML5","responsecode":200,"routeparentid":4726},{"union_rowno":3,"row":70,"routeno":"225-CB BEML5-BHELMT","responsecode":200,"routeparentid":6259},{"union_rowno":3,"row":71,"routeno":"225-CC BEML5-DRF","responsecode":200,"routeparentid":1288},{"union_rowno":3,"row":72,"routeno":"225-D BEML5-BHELC","responsecode":200,"routeparentid":1290},{"union_rowno":3,"row":73,"routeno":"225-D KBS-BHELCL","responsecode":200,"routeparentid":1217},{"union_rowno":3,"row":74,"routeno":"225-G BGPN-BEML5","responsecode":200,"routeparentid":1292},{"union_rowno":3,"row":75,"routeno":"225-K BEML5-BHELMT","responsecode":200,"routeparentid":1294},{"union_rowno":3,"row":76,"routeno":"225-K BHELMT-KMT-KBS","responsecode":200,"routeparentid":6996},{"union_rowno":3,"row":77,"routeno":"225-K JNKLO-BHELMT","responsecode":200,"routeparentid":5839},{"union_rowno":3,"row":78,"routeno":"225-K KBS-BHELLO","responsecode":200,"routeparentid":6995},{"union_rowno":3,"row":79,"routeno":"225-K SBS-BHELMT","responsecode":200,"routeparentid":7030},{"union_rowno":3,"row":80,"routeno":"226-E","responsecode":200,"routeparentid":1236},{"union_rowno":3,"row":81,"routeno":"226-E KMT-CGD-BDD","responsecode":200,"routeparentid":7802},{"union_rowno":3,"row":82,"routeno":"227-A BEML5-MYS","responsecode":200,"routeparentid":1384},{"union_rowno":3,"row":83,"routeno":"227-E","responsecode":200,"routeparentid":1356},{"union_rowno":3,"row":84,"routeno":"227-GA STBEN-KMT-KBS","responsecode":200,"routeparentid":5218},{"union_rowno":3,"row":85,"routeno":"227 SBS-RMH FLYOVER","responsecode":200,"routeparentid":1340},{"union_rowno":3,"row":86,"routeno":"227-T BEML5-CKT","responsecode":200,"routeparentid":1422},{"union_rowno":3,"row":87,"routeno":"227-W BEML5-AVH","responsecode":200,"routeparentid":1441},{"union_rowno":3,"row":88,"routeno":"228-E","responsecode":200,"routeparentid":1403},{"union_rowno":3,"row":89,"routeno":"228-E SBS-TPR","responsecode":200,"routeparentid":1410},{"union_rowno":3,"row":90,"routeno":"228-J KBS-KMTFLY-ST BEN","responsecode":200,"routeparentid":6408},{"union_rowno":3,"row":91,"routeno":"230 BEML5-BRH","responsecode":200,"routeparentid":1431},{"union_rowno":3,"row":92,"routeno":"231-E","responsecode":200,"routeparentid":1445},{"union_rowno":3,"row":93,"routeno":"231-E BDD-KMT","responsecode":200,"routeparentid":1446},{"union_rowno":3,"row":94,"routeno":"234 BEML5-MGH","responsecode":200,"routeparentid":5749},{"union_rowno":3,"row":95,"routeno":"234-E","responsecode":200,"routeparentid":1460},{"union_rowno":3,"row":96,"routeno":"234-E KBS-KMT-UST","responsecode":200,"routeparentid":6434},{"union_rowno":3,"row":97,"routeno":"234-E KMT FLY","responsecode":200,"routeparentid":1462},{"union_rowno":3,"row":98,"routeno":"234-E SBS-UST","responsecode":200,"routeparentid":1464},{"union_rowno":3,"row":99,"routeno":"234-E UST-JNSVS","responsecode":200,"routeparentid":6431},{"union_rowno":3,"row":100,"routeno":"234-EA","responsecode":200,"routeparentid":1463},{"union_rowno":3,"row":101,"routeno":"234-EC","responsecode":200,"routeparentid":1465},{"union_rowno":3,"row":102,"routeno":"240-E","responsecode":200,"routeparentid":1865},{"union_rowno":3,"row":103,"routeno":"240-E D35G-BKH","responsecode":200,"routeparentid":1857},{"union_rowno":3,"row":104,"routeno":"240-E KBS-BKH","responsecode":200,"routeparentid":7090},{"union_rowno":3,"row":105,"routeno":"241-E","responsecode":200,"routeparentid":1929},{"union_rowno":3,"row":106,"routeno":"241-E D35G-LKMB","responsecode":200,"routeparentid":1931},{"union_rowno":3,"row":107,"routeno":"242-B TVK-BELF","responsecode":200,"routeparentid":4640},{"union_rowno":3,"row":108,"routeno":"242-E","responsecode":200,"routeparentid":1599},{"union_rowno":3,"row":109,"routeno":"245-E","responsecode":200,"routeparentid":3641},{"union_rowno":3,"row":110,"routeno":"248 BEML5-CKB","responsecode":200,"routeparentid":1472},{"union_rowno":3,"row":111,"routeno":"248-E","responsecode":200,"routeparentid":3867},{"union_rowno":3,"row":112,"routeno":"248 KMT-JHC-BELF","responsecode":200,"routeparentid":4665},{"union_rowno":3,"row":113,"routeno":"250-E","responsecode":200,"routeparentid":2343},{"union_rowno":3,"row":114,"routeno":"250-E PSS-TMH","responsecode":200,"routeparentid":2767},{"union_rowno":3,"row":115,"routeno":"251-E","responsecode":200,"routeparentid":2792},{"union_rowno":3,"row":116,"routeno":"251E PSS-KMT","responsecode":200,"routeparentid":6979},{"union_rowno":3,"row":117,"routeno":"252-E","responsecode":200,"routeparentid":1608},{"union_rowno":3,"row":118,"routeno":"253-E","responsecode":200,"routeparentid":1502},{"union_rowno":3,"row":119,"routeno":"253-HE","responsecode":200,"routeparentid":5247},{"union_rowno":3,"row":120,"routeno":"253-HE KBS-GFTI","responsecode":200,"routeparentid":4782},{"union_rowno":3,"row":121,"routeno":"254-E","responsecode":200,"routeparentid":2622},{"union_rowno":3,"row":122,"routeno":"254-E KBS-KMP","responsecode":200,"routeparentid":7035},{"union_rowno":3,"row":123,"routeno":"254-E PSS-KMP","responsecode":200,"routeparentid":3158},{"union_rowno":3,"row":124,"routeno":"255-AE","responsecode":200,"routeparentid":4089},{"union_rowno":3,"row":125,"routeno":"255-AE ALRB2-VSD-KBS","responsecode":200,"routeparentid":4145},{"union_rowno":3,"row":126,"routeno":"255-AE DSP-ALRB2","responsecode":200,"routeparentid":6133},{"union_rowno":3,"row":127,"routeno":"255AE KBS-VSD-ALRB2","responsecode":200,"routeparentid":4099},{"union_rowno":3,"row":128,"routeno":"255-B NLM-BELT","responsecode":200,"routeparentid":4153},{"union_rowno":3,"row":129,"routeno":"255-E","responsecode":200,"routeparentid":2628},{"union_rowno":3,"row":130,"routeno":"255-E KBS-NSP","responsecode":200,"routeparentid":3184},{"union_rowno":3,"row":131,"routeno":"257-E","responsecode":200,"routeparentid":3316},{"union_rowno":3,"row":132,"routeno":"257-E DSP-ALR","responsecode":200,"routeparentid":3320},{"union_rowno":3,"row":133,"routeno":"258-CB NMG-BEL LT","responsecode":200,"routeparentid":5725},{"union_rowno":3,"row":134,"routeno":"258-CB NMG-GGP-BEL","responsecode":200,"routeparentid":7203},{"union_rowno":3,"row":135,"routeno":"258-CB NMG-YTTMC-BEL","responsecode":200,"routeparentid":4098},{"union_rowno":3,"row":136,"routeno":"258-E","responsecode":200,"routeparentid":1971},{"union_rowno":3,"row":137,"routeno":"25-E","responsecode":200,"routeparentid":2203},{"union_rowno":3,"row":138,"routeno":"263-E","responsecode":200,"routeparentid":3571},{"union_rowno":3,"row":139,"routeno":"265-A PSS-TEPL","responsecode":200,"routeparentid":3951},{"union_rowno":3,"row":140,"routeno":"265-A TEPL-KBS","responsecode":200,"routeparentid":5713},{"union_rowno":3,"row":141,"routeno":"265-E","responsecode":200,"routeparentid":3640},{"union_rowno":3,"row":142,"routeno":"266-E","responsecode":200,"routeparentid":4169},{"union_rowno":3,"row":143,"routeno":"266-E KBS-MGH","responsecode":200,"routeparentid":4360},{"union_rowno":3,"row":144,"routeno":"271 KBS-BELF","responsecode":200,"routeparentid":4192},{"union_rowno":3,"row":145,"routeno":"272-E","responsecode":200,"routeparentid":4285},{"union_rowno":3,"row":146,"routeno":"272-E SBS-D45","responsecode":200,"routeparentid":4290},{"union_rowno":3,"row":147,"routeno":"273-E","responsecode":200,"routeparentid":4805},{"union_rowno":3,"row":148,"routeno":"273 RMCPFO-BELC-JHC","responsecode":200,"routeparentid":4915},{"union_rowno":3,"row":149,"routeno":"276-A SBS-BELF","responsecode":200,"routeparentid":6896},{"union_rowno":3,"row":150,"routeno":"276 BELF-KBS","responsecode":200,"routeparentid":6915},{"union_rowno":3,"row":151,"routeno":"276-E","responsecode":200,"routeparentid":6275},{"union_rowno":3,"row":152,"routeno":"276-E KMT-MTK-VRP-D45","responsecode":200,"routeparentid":6308},{"union_rowno":3,"row":153,"routeno":"276-E SBS-D45G","responsecode":200,"routeparentid":2601},{"union_rowno":3,"row":154,"routeno":"276 KBS-BELF","responsecode":200,"routeparentid":4995},{"union_rowno":3,"row":155,"routeno":"278-E","responsecode":200,"routeparentid":2547},{"union_rowno":3,"row":156,"routeno":"278-E ARMY-SBS-BPS","responsecode":200,"routeparentid":7285},{"union_rowno":3,"row":157,"routeno":"279-E","responsecode":200,"routeparentid":2591},{"union_rowno":3,"row":158,"routeno":"279-E  KBS-D14G","responsecode":200,"routeparentid":4626},{"union_rowno":3,"row":159,"routeno":"279-E BPS-HBL-D45G","responsecode":200,"routeparentid":2580},{"union_rowno":3,"row":160,"routeno":"279-E D14G-RTNPS-BPS-HBL","responsecode":200,"routeparentid":5693},{"union_rowno":3,"row":161,"routeno":"279-E HBL-MSP-D45G","responsecode":200,"routeparentid":6657},{"union_rowno":3,"row":162,"routeno":"279-E KBS-VSD-HBL","responsecode":200,"routeparentid":4327},{"union_rowno":3,"row":163,"routeno":"279-E KBS-WMR","responsecode":200,"routeparentid":6373},{"union_rowno":3,"row":164,"routeno":"279-E RTNPS-HBL","responsecode":200,"routeparentid":2598},{"union_rowno":3,"row":165,"routeno":"27-E","responsecode":200,"routeparentid":3810},{"union_rowno":3,"row":166,"routeno":"27-E JNN-VSD-SBS","responsecode":200,"routeparentid":1770},{"union_rowno":3,"row":167,"routeno":"280-E","responsecode":200,"routeparentid":2607},{"union_rowno":3,"row":168,"routeno":"283-E","responsecode":200,"routeparentid":3726},{"union_rowno":3,"row":169,"routeno":"284-E","responsecode":200,"routeparentid":3702},{"union_rowno":3,"row":170,"routeno":"284-E ALS-KBS","responsecode":200,"routeparentid":3704},{"union_rowno":3,"row":171,"routeno":"285 BELF-HBLB-DBP","responsecode":200,"routeparentid":6062},{"union_rowno":3,"row":172,"routeno":"285-E","responsecode":200,"routeparentid":2060},{"union_rowno":3,"row":173,"routeno":"285-E KBS-KKLV","responsecode":200,"routeparentid":7185},{"union_rowno":3,"row":174,"routeno":"285-JE","responsecode":200,"routeparentid":2068},{"union_rowno":3,"row":175,"routeno":"285-JE DYVH-KBS","responsecode":200,"routeparentid":4066},{"union_rowno":3,"row":176,"routeno":"285-JE PTML-DYVH","responsecode":200,"routeparentid":4067},{"union_rowno":3,"row":177,"routeno":"285-ME","responsecode":200,"routeparentid":2084},{"union_rowno":3,"row":178,"routeno":"286-E","responsecode":200,"routeparentid":1515},{"union_rowno":3,"row":179,"routeno":"286-E PTH-SVKTN","responsecode":200,"routeparentid":1516},{"union_rowno":3,"row":180,"routeno":"286-E SVKTN-KBS","responsecode":200,"routeparentid":1517},{"union_rowno":3,"row":181,"routeno":"287-E","responsecode":200,"routeparentid":4650},{"union_rowno":3,"row":182,"routeno":"289-A BGLR-NITTE","responsecode":200,"routeparentid":6961},{"union_rowno":3,"row":183,"routeno":"289-E","responsecode":200,"routeparentid":3778},{"union_rowno":3,"row":184,"routeno":"289-E HBLB-CKH","responsecode":200,"routeparentid":7465},{"union_rowno":3,"row":185,"routeno":"289-E KMT-D52G","responsecode":200,"routeparentid":7459},{"union_rowno":3,"row":186,"routeno":"290-E","responsecode":200,"routeparentid":1324},{"union_rowno":3,"row":187,"routeno":"290-E ARMY-SBS-YHKOT","responsecode":200,"routeparentid":7377},{"union_rowno":3,"row":188,"routeno":"290-E BCGHS-SBS-YHKOT","responsecode":200,"routeparentid":4031},{"union_rowno":3,"row":189,"routeno":"290-E D10G-SBS","responsecode":200,"routeparentid":2594},{"union_rowno":3,"row":190,"routeno":"290-E D10G-YHK","responsecode":200,"routeparentid":2593},{"union_rowno":3,"row":191,"routeno":"290-E KLN-RKH","responsecode":200,"routeparentid":3933},{"union_rowno":3,"row":192,"routeno":"290-E KLN-YLKOT","responsecode":200,"routeparentid":3970},{"union_rowno":3,"row":193,"routeno":"290-E KMT-YHKOT","responsecode":200,"routeparentid":1546},{"union_rowno":3,"row":194,"routeno":"290-E PTH-KMT","responsecode":200,"routeparentid":1547},{"union_rowno":3,"row":195,"routeno":"290-E RMC-SBS-YHKOT","responsecode":200,"routeparentid":4605},{"union_rowno":3,"row":196,"routeno":"290-E SBS-MADT","responsecode":200,"routeparentid":6907},{"union_rowno":3,"row":197,"routeno":"290-E SBS-PTH","responsecode":200,"routeparentid":1325},{"union_rowno":3,"row":198,"routeno":"290-E SBS-PTLM","responsecode":200,"routeparentid":7210},{"union_rowno":3,"row":199,"routeno":"290-E SBS-SNH","responsecode":200,"routeparentid":7208},{"union_rowno":3,"row":200,"routeno":"290-E SPHS-YHKOT","responsecode":200,"routeparentid":7365},{"union_rowno":3,"row":201,"routeno":"290-E STJHS-YHKOT","responsecode":200,"routeparentid":5682},{"union_rowno":3,"row":202,"routeno":"290-E YHKOT-BLH-D48","responsecode":200,"routeparentid":5632},{"union_rowno":3,"row":203,"routeno":"290-E YHKOT-SBS-STJHS","responsecode":200,"routeparentid":4599},{"union_rowno":3,"row":204,"routeno":"290-E YHKOT-SJBHS","responsecode":200,"routeparentid":5649},{"union_rowno":3,"row":205,"routeno":"290-EA","responsecode":200,"routeparentid":2638},{"union_rowno":3,"row":206,"routeno":"290-EA BCGHS-YSTF","responsecode":200,"routeparentid":6212},{"union_rowno":3,"row":207,"routeno":"290-EB","responsecode":200,"routeparentid":6325},{"union_rowno":3,"row":208,"routeno":"290-EB D45-SBS","responsecode":200,"routeparentid":6683},{"union_rowno":3,"row":209,"routeno":"290-EB SBS-PTH","responsecode":200,"routeparentid":6326},{"union_rowno":3,"row":210,"routeno":"290-EB SBS-VRP","responsecode":200,"routeparentid":6684},{"union_rowno":3,"row":211,"routeno":"290-EH","responsecode":200,"routeparentid":6665},{"union_rowno":3,"row":212,"routeno":"290-EJ NGWJN-GKVK-YHK","responsecode":200,"routeparentid":7852},{"union_rowno":3,"row":213,"routeno":"290-EN","responsecode":200,"routeparentid":2635},{"union_rowno":3,"row":214,"routeno":"290-EY","responsecode":200,"routeparentid":2584},{"union_rowno":3,"row":215,"routeno":"291-E","responsecode":200,"routeparentid":4333},{"union_rowno":3,"row":216,"routeno":"293-E","responsecode":200,"routeparentid":5271},{"union_rowno":3,"row":217,"routeno":"293-E SBS-MTH","responsecode":200,"routeparentid":5274},{"union_rowno":3,"row":218,"routeno":"294-E","responsecode":200,"routeparentid":4876},{"union_rowno":3,"row":219,"routeno":"294-EA SBS-BDHD","responsecode":200,"routeparentid":7127},{"union_rowno":3,"row":220,"routeno":"295-E","responsecode":200,"routeparentid":4847},{"union_rowno":3,"row":221,"routeno":"295-E D48G-BBD","responsecode":200,"routeparentid":5599},{"union_rowno":3,"row":222,"routeno":"298-E","responsecode":200,"routeparentid":5084},{"union_rowno":3,"row":223,"routeno":"298-E KBS-KDN","responsecode":200,"routeparentid":7628},{"union_rowno":3,"row":224,"routeno":"298-E YHKOT-KND-BRS","responsecode":200,"routeparentid":7826},{"union_rowno":3,"row":225,"routeno":"298-M KBS-EHSR-BRS","responsecode":200,"routeparentid":7350},{"union_rowno":3,"row":226,"routeno":"298-ME","responsecode":200,"routeparentid":5932},{"union_rowno":3,"row":227,"routeno":"298-ME KMT-AGO-NLR","responsecode":200,"routeparentid":6272},{"union_rowno":3,"row":228,"routeno":"298-ME KMT-NLR","responsecode":200,"routeparentid":5933},{"union_rowno":3,"row":229,"routeno":"298-ME YHK-NLR","responsecode":200,"routeparentid":5934},{"union_rowno":3,"row":230,"routeno":"299-E","responsecode":200,"routeparentid":5176},{"union_rowno":3,"row":231,"routeno":"299-E KMT-GDH","responsecode":200,"routeparentid":7712},{"union_rowno":3,"row":232,"routeno":"299-E YHKOT-GDH","responsecode":200,"routeparentid":5210},{"union_rowno":3,"row":233,"routeno":"29-E","responsecode":200,"routeparentid":4375},{"union_rowno":3,"row":234,"routeno":"2-E","responsecode":200,"routeparentid":2228},{"union_rowno":3,"row":235,"routeno":"2-E  JPN6-VSD","responsecode":200,"routeparentid":3508},{"union_rowno":3,"row":236,"routeno":"2KVP-JHE","responsecode":200,"routeparentid":4767},{"union_rowno":3,"row":237,"routeno":"300-E","responsecode":200,"routeparentid":2254},{"union_rowno":3,"row":238,"routeno":"300-E ARMY-SBS-KRPGH","responsecode":200,"routeparentid":7280},{"union_rowno":3,"row":239,"routeno":"300-E D24G-SBS","responsecode":200,"routeparentid":3828},{"union_rowno":3,"row":240,"routeno":"300-E KRPGH-SMVR","responsecode":200,"routeparentid":7028},{"union_rowno":3,"row":241,"routeno":"300-E PTW-KRPGH","responsecode":200,"routeparentid":6455},{"union_rowno":3,"row":242,"routeno":"300-E SJBHS-KRP","responsecode":200,"routeparentid":7308},{"union_rowno":3,"row":243,"routeno":"301-E","responsecode":200,"routeparentid":6894},{"union_rowno":3,"row":244,"routeno":"301-E SBS-TCP-KRPGH","responsecode":200,"routeparentid":2788},{"union_rowno":3,"row":245,"routeno":"302-E","responsecode":200,"routeparentid":2876},{"union_rowno":3,"row":246,"routeno":"302-J D10G-CKE","responsecode":200,"routeparentid":2877},{"union_rowno":3,"row":247,"routeno":"303 BEMLG-BSW","responsecode":200,"routeparentid":3845},{"union_rowno":3,"row":248,"routeno":"304-E","responsecode":200,"routeparentid":2415},{"union_rowno":3,"row":249,"routeno":"306-E","responsecode":200,"routeparentid":3022},{"union_rowno":3,"row":250,"routeno":"306-E KBS-NYK","responsecode":200,"routeparentid":3026},{"union_rowno":3,"row":251,"routeno":"310-E","responsecode":200,"routeparentid":2822},{"union_rowno":3,"row":252,"routeno":"310-E D24G-KNG","responsecode":200,"routeparentid":2818},{"union_rowno":3,"row":253,"routeno":"311-E","responsecode":200,"routeparentid":3894},{"union_rowno":3,"row":254,"routeno":"311-E KBS-VSD-AMT","responsecode":200,"routeparentid":3847},{"union_rowno":3,"row":255,"routeno":"314-B YBS-BEMLG","responsecode":200,"routeparentid":4240},{"union_rowno":3,"row":256,"routeno":"314 BEMLF-SBS-YHK","responsecode":200,"routeparentid":7364},{"union_rowno":3,"row":257,"routeno":"314 CLO-KBS-BEMLF","responsecode":200,"routeparentid":7816},{"union_rowno":3,"row":258,"routeno":"314 DPJN-KBS-BEMLF","responsecode":200,"routeparentid":7232},{"union_rowno":3,"row":259,"routeno":"315-E","responsecode":200,"routeparentid":3110},{"union_rowno":3,"row":260,"routeno":"315 VSD-KRPE","responsecode":200,"routeparentid":7368},{"union_rowno":3,"row":261,"routeno":"316-E","responsecode":200,"routeparentid":3190},{"union_rowno":3,"row":262,"routeno":"317-E","responsecode":200,"routeparentid":3231},{"union_rowno":3,"row":263,"routeno":"317 HSK-BEML","responsecode":200,"routeparentid":4054},{"union_rowno":3,"row":264,"routeno":"320-E","responsecode":200,"routeparentid":4637},{"union_rowno":3,"row":265,"routeno":"321-E","responsecode":200,"routeparentid":3295},{"union_rowno":3,"row":266,"routeno":"323-E","responsecode":200,"routeparentid":3345},{"union_rowno":3,"row":267,"routeno":"326-E","responsecode":200,"routeparentid":1721},{"union_rowno":3,"row":268,"routeno":"327-E","responsecode":200,"routeparentid":3429},{"union_rowno":3,"row":269,"routeno":"327-E D41G-BGH","responsecode":200,"routeparentid":5799},{"union_rowno":3,"row":270,"routeno":"328-E","responsecode":200,"routeparentid":3432},{"union_rowno":3,"row":271,"routeno":"328-E D41G-VLP","responsecode":200,"routeparentid":3435},{"union_rowno":3,"row":272,"routeno":"328-HE","responsecode":200,"routeparentid":3460},{"union_rowno":3,"row":273,"routeno":"328-HE D41G-MDR","responsecode":200,"routeparentid":6836},{"union_rowno":3,"row":274,"routeno":"329-E","responsecode":200,"routeparentid":3529},{"union_rowno":3,"row":275,"routeno":"329-E D41G-BLK","responsecode":200,"routeparentid":3530},{"union_rowno":3,"row":276,"routeno":"330-E","responsecode":200,"routeparentid":5232},{"union_rowno":3,"row":277,"routeno":"333-E","responsecode":200,"routeparentid":992},{"union_rowno":3,"row":278,"routeno":"334-E","responsecode":200,"routeparentid":1723},{"union_rowno":3,"row":279,"routeno":"334-E DBS-KDG","responsecode":200,"routeparentid":6478},{"union_rowno":3,"row":280,"routeno":"334-EA","responsecode":200,"routeparentid":2589},{"union_rowno":3,"row":281,"routeno":"334-EH","responsecode":200,"routeparentid":4092},{"union_rowno":3,"row":282,"routeno":"335-A HAL-BEML5","responsecode":200,"routeparentid":6261},{"union_rowno":3,"row":283,"routeno":"335 BEML5-HAL","responsecode":200,"routeparentid":6258},{"union_rowno":3,"row":284,"routeno":"335-E","responsecode":200,"routeparentid":1014},{"union_rowno":3,"row":285,"routeno":"335-E BEML-HAL-KGD","responsecode":200,"routeparentid":6653},{"union_rowno":3,"row":286,"routeno":"335-E HAL NP-KDG","responsecode":200,"routeparentid":6499},{"union_rowno":3,"row":287,"routeno":"335-E JGS-KDG","responsecode":200,"routeparentid":7199},{"union_rowno":3,"row":288,"routeno":"335-E KBS-HAL NP","responsecode":200,"routeparentid":6498},{"union_rowno":3,"row":289,"routeno":"335-E KDG-KVDRDO","responsecode":200,"routeparentid":7196},{"union_rowno":3,"row":290,"routeno":"335-E SNBS-KDG","responsecode":200,"routeparentid":1031},{"union_rowno":3,"row":291,"routeno":"335-E YTTMC-KBS-HAL","responsecode":200,"routeparentid":4763},{"union_rowno":3,"row":292,"routeno":"335-EV","responsecode":200,"routeparentid":3068},{"union_rowno":3,"row":293,"routeno":"340-A KBS-ADG-HSRKEB","responsecode":200,"routeparentid":6034},{"union_rowno":3,"row":294,"routeno":"340-A STJN-HSRKEB","responsecode":200,"routeparentid":6198},{"union_rowno":3,"row":295,"routeno":"341-E","responsecode":200,"routeparentid":6488},{"union_rowno":3,"row":296,"routeno":"342-A SJP-PESCK","responsecode":200,"routeparentid":5969},{"union_rowno":3,"row":297,"routeno":"342-E","responsecode":200,"routeparentid":2088},{"union_rowno":3,"row":298,"routeno":"342-F KBS-PESCK","responsecode":200,"routeparentid":5970},{"union_rowno":3,"row":299,"routeno":"343-E","responsecode":200,"routeparentid":1022},{"union_rowno":3,"row":300,"routeno":"344-E","responsecode":200,"routeparentid":2817},{"union_rowno":3,"row":301,"routeno":"345-E","responsecode":200,"routeparentid":3484},{"union_rowno":3,"row":302,"routeno":"345-E D34G-BGR-ANK","responsecode":200,"routeparentid":7837},{"union_rowno":3,"row":303,"routeno":"347-E","responsecode":200,"routeparentid":5605},{"union_rowno":3,"row":304,"routeno":"347-K CSB-AECSLS","responsecode":200,"routeparentid":3572},{"union_rowno":3,"row":305,"routeno":"347-L ELC-HSP","responsecode":200,"routeparentid":5832},{"union_rowno":3,"row":306,"routeno":"348-E","responsecode":200,"routeparentid":3607},{"union_rowno":3,"row":307,"routeno":"348-E KBS-MGP","responsecode":200,"routeparentid":3624},{"union_rowno":3,"row":308,"routeno":"349-E","responsecode":200,"routeparentid":5180},{"union_rowno":3,"row":309,"routeno":"350-E","responsecode":200,"routeparentid":5178},{"union_rowno":3,"row":310,"routeno":"350-E KBS-NJP","responsecode":200,"routeparentid":5192},{"union_rowno":3,"row":311,"routeno":"352-E","responsecode":200,"routeparentid":4918},{"union_rowno":3,"row":312,"routeno":"352-E KBS-MHDB","responsecode":200,"routeparentid":4925},{"union_rowno":3,"row":313,"routeno":"356-CE","responsecode":200,"routeparentid":4831},{"union_rowno":3,"row":314,"routeno":"356-CW CSB-ELCW FLY","responsecode":200,"routeparentid":6973},{"union_rowno":3,"row":315,"routeno":"356-JE","responsecode":200,"routeparentid":4731},{"union_rowno":3,"row":316,"routeno":"356-JE NMG-ELCW","responsecode":200,"routeparentid":4917},{"union_rowno":3,"row":317,"routeno":"356-JE PSS -ELCW","responsecode":200,"routeparentid":4735},{"union_rowno":3,"row":318,"routeno":"356-M KBS-ELCFLY-ANK","responsecode":200,"routeparentid":4884},{"union_rowno":3,"row":319,"routeno":"360-E","responsecode":200,"routeparentid":2719},{"union_rowno":3,"row":320,"routeno":"361-C FLYOVER","responsecode":200,"routeparentid":2866},{"union_rowno":3,"row":321,"routeno":"362-C BGR-ELC","responsecode":200,"routeparentid":6027},{"union_rowno":3,"row":322,"routeno":"365-E","responsecode":200,"routeparentid":1168},{"union_rowno":3,"row":323,"routeno":"365-E KBS-BTD","responsecode":200,"routeparentid":4394},{"union_rowno":3,"row":324,"routeno":"365-E KBS-BTRD","responsecode":200,"routeparentid":5114},{"union_rowno":3,"row":325,"routeno":"365-EA","responsecode":200,"routeparentid":1071},{"union_rowno":3,"row":326,"routeno":"365 JEST END-BNP","responsecode":200,"routeparentid":6666},{"union_rowno":3,"row":327,"routeno":"366-E","responsecode":200,"routeparentid":2257},{"union_rowno":3,"row":328,"routeno":"366-E KMT-D27","responsecode":200,"routeparentid":3738},{"union_rowno":3,"row":329,"routeno":"368-E","responsecode":200,"routeparentid":4370},{"union_rowno":3,"row":330,"routeno":"369-E","responsecode":200,"routeparentid":4378},{"union_rowno":3,"row":331,"routeno":"369-J JBS-EAST END-HML","responsecode":200,"routeparentid":4448},{"union_rowno":3,"row":332,"routeno":"36-B BSK-GNE","responsecode":200,"routeparentid":4348},{"union_rowno":3,"row":333,"routeno":"370-E","responsecode":200,"routeparentid":6322},{"union_rowno":3,"row":334,"routeno":"370-E D27G-RMND","responsecode":200,"routeparentid":6323},{"union_rowno":3,"row":335,"routeno":"370-E D34G-RND","responsecode":200,"routeparentid":7595},{"union_rowno":3,"row":336,"routeno":"372-E","responsecode":200,"routeparentid":2508},{"union_rowno":3,"row":337,"routeno":"372-E KBS-CNP","responsecode":200,"routeparentid":5105},{"union_rowno":3,"row":338,"routeno":"372-E KMT-HRG-CNP","responsecode":200,"routeparentid":5107},{"union_rowno":3,"row":339,"routeno":"375-D BEMLG-KGR","responsecode":200,"routeparentid":4833},{"union_rowno":3,"row":340,"routeno":"375-D STBEN-BSK","responsecode":200,"routeparentid":5776},{"union_rowno":3,"row":341,"routeno":"375 JBS-BEML5","responsecode":200,"routeparentid":5352},{"union_rowno":3,"row":342,"routeno":"378 BEML5-ELC","responsecode":200,"routeparentid":5903},{"union_rowno":3,"row":343,"routeno":"378-C D34G-ELC","responsecode":200,"routeparentid":7670},{"union_rowno":3,"row":344,"routeno":"378-C UTH-ELC","responsecode":200,"routeparentid":7672},{"union_rowno":3,"row":345,"routeno":"378-D ELC-D12G","responsecode":200,"routeparentid":7822},{"union_rowno":3,"row":346,"routeno":"378 D12G-ELC","responsecode":200,"routeparentid":5821},{"union_rowno":3,"row":347,"routeno":"378 D34G-ELC","responsecode":200,"routeparentid":1804},{"union_rowno":3,"row":348,"routeno":"378 D34G-ELC-HSS","responsecode":200,"routeparentid":7454},{"union_rowno":3,"row":349,"routeno":"378-E","responsecode":200,"routeparentid":4400},{"union_rowno":3,"row":350,"routeno":"378-E D34-BSK","responsecode":200,"routeparentid":3527},{"union_rowno":3,"row":351,"routeno":"378-E D44G-ELC","responsecode":200,"routeparentid":4402},{"union_rowno":3,"row":352,"routeno":"378-E JPN6-ELC","responsecode":200,"routeparentid":4472},{"union_rowno":3,"row":353,"routeno":"378-E JPN6-JSD-ELC","responsecode":200,"routeparentid":1776},{"union_rowno":3,"row":354,"routeno":"378 ELC-SET","responsecode":200,"routeparentid":5956},{"union_rowno":3,"row":355,"routeno":"378 PTPL-GTG-ELC","responsecode":200,"routeparentid":4444},{"union_rowno":3,"row":356,"routeno":"37-E","responsecode":200,"routeparentid":3804},{"union_rowno":3,"row":357,"routeno":"380-E","responsecode":200,"routeparentid":3551},{"union_rowno":3,"row":358,"routeno":"381-D D24G-EMTS","responsecode":200,"routeparentid":5431},{"union_rowno":3,"row":359,"routeno":"381-E","responsecode":200,"routeparentid":3581},{"union_rowno":3,"row":360,"routeno":"381-E KBP-KMT-KBS","responsecode":200,"routeparentid":5430},{"union_rowno":3,"row":361,"routeno":"381-E KMT-KBP","responsecode":200,"routeparentid":3583},{"union_rowno":3,"row":362,"routeno":"399-D ATB-ELC","responsecode":200,"routeparentid":5043},{"union_rowno":3,"row":363,"routeno":"399-E","responsecode":200,"routeparentid":5337},{"union_rowno":3,"row":364,"routeno":"399-E D27G-CTP","responsecode":200,"routeparentid":7015},{"union_rowno":3,"row":365,"routeno":"399 ELC-KDG","responsecode":200,"routeparentid":3763},{"union_rowno":3,"row":366,"routeno":"3-E","responsecode":200,"routeparentid":4465},{"union_rowno":3,"row":367,"routeno":"401-AE","responsecode":200,"routeparentid":3007},{"union_rowno":3,"row":368,"routeno":"401-AF YHKOT-BELF","responsecode":200,"routeparentid":7335},{"union_rowno":3,"row":369,"routeno":"401-B YHKOT-BELF","responsecode":200,"routeparentid":7222},{"union_rowno":3,"row":370,"routeno":"401-E","responsecode":200,"routeparentid":1484},{"union_rowno":3,"row":371,"routeno":"401-K KGR-BELF","responsecode":200,"routeparentid":6912},{"union_rowno":3,"row":372,"routeno":"401-K NMIT-NES-MSP-YTTMC","responsecode":200,"routeparentid":5031},{"union_rowno":3,"row":373,"routeno":"401-MN BEML5-YTTMC","responsecode":200,"routeparentid":3423},{"union_rowno":3,"row":374,"routeno":"401-N MBS-BEML5","responsecode":200,"routeparentid":7389},{"union_rowno":3,"row":375,"routeno":"401-R MLO-BELF","responsecode":200,"routeparentid":7159},{"union_rowno":3,"row":376,"routeno":"401-RC D45-BEML5","responsecode":200,"routeparentid":3434},{"union_rowno":3,"row":377,"routeno":"401-RC YPRS-BEML5","responsecode":200,"routeparentid":3443},{"union_rowno":3,"row":378,"routeno":"404-E","responsecode":200,"routeparentid":4706},{"union_rowno":3,"row":379,"routeno":"406 NES-BRPR-HGV","responsecode":200,"routeparentid":7174},{"union_rowno":3,"row":380,"routeno":"406 NES-BRPR-NMG","responsecode":200,"routeparentid":7173},{"union_rowno":3,"row":381,"routeno":"406 NES-CKNH-NMG","responsecode":200,"routeparentid":7186},{"union_rowno":3,"row":382,"routeno":"407 NMG-NES-PTH","responsecode":200,"routeparentid":6942},{"union_rowno":3,"row":383,"routeno":"410-AB BSK-8MILEDSH","responsecode":200,"routeparentid":7538},{"union_rowno":3,"row":384,"routeno":"410 YTTMC-NBC-NYH-RRG-BEML5","responsecode":200,"routeparentid":5702},{"union_rowno":3,"row":385,"routeno":"411-D ELC-HAL ARDC","responsecode":200,"routeparentid":6025},{"union_rowno":3,"row":386,"routeno":"411 SGH-Depot-25","responsecode":200,"routeparentid":4524},{"union_rowno":3,"row":387,"routeno":"415-E","responsecode":200,"routeparentid":3332},{"union_rowno":3,"row":388,"routeno":"415-E D10G-AJB","responsecode":200,"routeparentid":3825},{"union_rowno":3,"row":389,"routeno":"43-E","responsecode":200,"routeparentid":1072},{"union_rowno":3,"row":390,"routeno":"45-E","responsecode":200,"routeparentid":2387},{"union_rowno":3,"row":391,"routeno":"45-E PPLO-CKA","responsecode":200,"routeparentid":3191},{"union_rowno":3,"row":392,"routeno":"45-EA","responsecode":200,"routeparentid":3890},{"union_rowno":3,"row":393,"routeno":"45-G KMK-KBS-BEMLF","responsecode":200,"routeparentid":6509},{"union_rowno":3,"row":394,"routeno":"500-A BSK-BELF","responsecode":200,"routeparentid":6230},{"union_rowno":3,"row":395,"routeno":"500-A D45-BEMLF","responsecode":200,"routeparentid":4323},{"union_rowno":3,"row":396,"routeno":"500-BC BEL-BTM","responsecode":200,"routeparentid":7172},{"union_rowno":3,"row":397,"routeno":"500 BEML-MRTB-CSB","responsecode":200,"routeparentid":4754},{"union_rowno":3,"row":398,"routeno":"500-CA BEML5-KDG","responsecode":200,"routeparentid":2730},{"union_rowno":3,"row":399,"routeno":"500-CF SEPB-BSK","responsecode":200,"routeparentid":2829},{"union_rowno":3,"row":400,"routeno":"500-CK GNE-BSK-ITPL","responsecode":200,"routeparentid":1040},{"union_rowno":3,"row":401,"routeno":"500-D BELF-CSB","responsecode":200,"routeparentid":6235},{"union_rowno":3,"row":402,"routeno":"500-D BEML-TNF-CSB","responsecode":200,"routeparentid":7559},{"union_rowno":3,"row":403,"routeno":"500-D BEMLF-GGP-CKB","responsecode":200,"routeparentid":6609},{"union_rowno":3,"row":404,"routeno":"500-D BEMLK-YTTMC-MTK-CSB","responsecode":200,"routeparentid":6628},{"union_rowno":3,"row":405,"routeno":"500-D MKL-BEL","responsecode":200,"routeparentid":6232},{"union_rowno":3,"row":406,"routeno":"500-DC D38G-BELF","responsecode":200,"routeparentid":6252},{"union_rowno":3,"row":407,"routeno":"500-DC ELC-BTP","responsecode":200,"routeparentid":5770},{"union_rowno":3,"row":408,"routeno":"500-DH SEPB-CSB-ATB","responsecode":200,"routeparentid":5282},{"union_rowno":3,"row":409,"routeno":"500-DM CJP-ELCW","responsecode":200,"routeparentid":2988},{"union_rowno":3,"row":410,"routeno":"500-EB D38G-BMS","responsecode":200,"routeparentid":7799},{"union_rowno":3,"row":411,"routeno":"500-FB SEPB-KDG","responsecode":200,"routeparentid":2821},{"union_rowno":3,"row":412,"routeno":"500-HG HSK-BELF","responsecode":200,"routeparentid":6251},{"union_rowno":3,"row":413,"routeno":"500-Q KRPGH-BELF","responsecode":200,"routeparentid":7079},{"union_rowno":3,"row":414,"routeno":"500-QG KRPGH-BELF","responsecode":200,"routeparentid":6237},{"union_rowno":3,"row":415,"routeno":"501-A BSK-BELF","responsecode":200,"routeparentid":6913},{"union_rowno":3,"row":416,"routeno":"501-A ST BEN-BSK","responsecode":200,"routeparentid":7343},{"union_rowno":3,"row":417,"routeno":"501-BH BSK-BELF","responsecode":200,"routeparentid":6911},{"union_rowno":3,"row":418,"routeno":"501-C STBEN-KGR-HBLB","responsecode":200,"routeparentid":4116},{"union_rowno":3,"row":419,"routeno":"501-NH BEML5-HBLB","responsecode":200,"routeparentid":6257},{"union_rowno":3,"row":420,"routeno":"502-E","responsecode":200,"routeparentid":3375},{"union_rowno":3,"row":421,"routeno":"502-E ANPN-GKVK","responsecode":200,"routeparentid":3379},{"union_rowno":3,"row":422,"routeno":"502-E KLELC-HBLB","responsecode":200,"routeparentid":5729},{"union_rowno":3,"row":423,"routeno":"505 VRK-ELCW","responsecode":200,"routeparentid":7784},{"union_rowno":3,"row":424,"routeno":"507-E","responsecode":200,"routeparentid":4518},{"union_rowno":3,"row":425,"routeno":"507 KRPGH-YTTMC-BEMLJVS","responsecode":200,"routeparentid":3953},{"union_rowno":3,"row":426,"routeno":"507 YHKOT-BEMLG","responsecode":200,"routeparentid":3945},{"union_rowno":3,"row":427,"routeno":"507 YPRRS-BEL-HBL-KRPG","responsecode":200,"routeparentid":2889},{"union_rowno":3,"row":428,"routeno":"50 BNR-SBS Flyover","responsecode":200,"routeparentid":6273},{"union_rowno":3,"row":430,"routeno":"52E","responsecode":200,"routeparentid":6208},{"union_rowno":3,"row":431,"routeno":"600CA CSB-ELC A","responsecode":200,"routeparentid":7012},{"union_rowno":3,"row":432,"routeno":"600CA ELC A-ANK","responsecode":200,"routeparentid":7013},{"union_rowno":3,"row":433,"routeno":"600-F BEML5-ATB","responsecode":200,"routeparentid":2689},{"union_rowno":3,"row":434,"routeno":"600-F CPR-NDH-BEML5","responsecode":200,"routeparentid":2793},{"union_rowno":3,"row":435,"routeno":"600-F FLYOVER","responsecode":200,"routeparentid":1509},{"union_rowno":3,"row":436,"routeno":"600-F JBS-ELCW","responsecode":200,"routeparentid":6131},{"union_rowno":3,"row":437,"routeno":"600-FC BEML5-JGNAPC","responsecode":200,"routeparentid":2714},{"union_rowno":3,"row":438,"routeno":"600-KB CLO-ELCW","responsecode":200,"routeparentid":7728},{"union_rowno":3,"row":439,"routeno":"60-E","responsecode":200,"routeparentid":2870},{"union_rowno":3,"row":440,"routeno":"60-E BRVN-KVN","responsecode":200,"routeparentid":6816},{"union_rowno":3,"row":441,"routeno":"60-E CLO-BTM","responsecode":200,"routeparentid":2936},{"union_rowno":3,"row":442,"routeno":"726-test","responsecode":200,"routeparentid":6467},{"union_rowno":3,"row":443,"routeno":"75-E","responsecode":200,"routeparentid":4034},{"union_rowno":3,"row":444,"routeno":"75-E YTTMC-MBS-GKWLO","responsecode":200,"routeparentid":4989},{"union_rowno":3,"row":445,"routeno":"77-E","responsecode":200,"routeparentid":4988},{"union_rowno":3,"row":446,"routeno":"77-E YTTMC-KMT","responsecode":200,"routeparentid":5860},{"union_rowno":3,"row":447,"routeno":"79-E","responsecode":200,"routeparentid":4980},{"union_rowno":3,"row":448,"routeno":"79-E MYH-SBS-NLO","responsecode":200,"routeparentid":4984},{"union_rowno":3,"row":449,"routeno":"79-E NLO-VSD-SBS-MYH","responsecode":200,"routeparentid":4982},{"union_rowno":3,"row":450,"routeno":"79E VSD-NLO","responsecode":200,"routeparentid":4985},{"union_rowno":3,"row":451,"routeno":"80-E","responsecode":200,"routeparentid":4270},{"union_rowno":3,"row":452,"routeno":"80-E YTTMC-KNN-2","responsecode":200,"routeparentid":4943},{"union_rowno":3,"row":453,"routeno":"88-E","responsecode":200,"routeparentid":3639},{"union_rowno":3,"row":454,"routeno":"89-B YTTMC-GBE","responsecode":200,"routeparentid":5060},{"union_rowno":3,"row":455,"routeno":"89-E","responsecode":200,"routeparentid":4900},{"union_rowno":3,"row":456,"routeno":"89-E SNBS-CVN","responsecode":200,"routeparentid":4913},{"union_rowno":3,"row":457,"routeno":"89-F YTTMC-GBER","responsecode":200,"routeparentid":5027},{"union_rowno":3,"row":458,"routeno":"90-E","responsecode":200,"routeparentid":3451},{"union_rowno":3,"row":459,"routeno":"90-E KBS-ABD","responsecode":200,"routeparentid":7378},{"union_rowno":3,"row":460,"routeno":"90-E KBS-MTS","responsecode":200,"routeparentid":6145},{"union_rowno":3,"row":461,"routeno":"90-E KBS-YTTMC","responsecode":200,"routeparentid":5128},{"union_rowno":3,"row":462,"routeno":"90-E YTTMC-MTS","responsecode":200,"routeparentid":6140},{"union_rowno":3,"row":463,"routeno":"90E YBS-YRS","responsecode":200,"routeparentid":6676},{"union_rowno":3,"row":464,"routeno":"92-E","responsecode":200,"routeparentid":4895},{"union_rowno":3,"row":465,"routeno":"94-E","responsecode":200,"routeparentid":4859},{"union_rowno":3,"row":466,"routeno":"96-B BEMLK-YTTMC","responsecode":200,"routeparentid":3944},{"union_rowno":3,"row":467,"routeno":"96-B YTTMC-BEMLKN","responsecode":200,"routeparentid":4850},{"union_rowno":3,"row":468,"routeno":"96-E","responsecode":200,"routeparentid":4857},{"union_rowno":3,"row":469,"routeno":"96-E BEMLK-VSD-KBS","responsecode":200,"routeparentid":4868},{"union_rowno":3,"row":470,"routeno":"96-E KMT-KNR","responsecode":200,"routeparentid":4852},{"union_rowno":3,"row":471,"routeno":"98-E","responsecode":200,"routeparentid":5065},{"union_rowno":3,"row":472,"routeno":"AmnexTestForRoute","responsecode":200,"routeparentid":1139},{"union_rowno":3,"row":473,"routeno":"BC-7E","responsecode":200,"routeparentid":3901},{"union_rowno":3,"row":474,"routeno":"BC-7E JHMS-GGH","responsecode":200,"routeparentid":6503},{"union_rowno":3,"row":475,"routeno":"BEL-08","responsecode":200,"routeparentid":7211},{"union_rowno":3,"row":476,"routeno":"BEL-1","responsecode":200,"routeparentid":4497},{"union_rowno":3,"row":477,"routeno":"BEL-10","responsecode":200,"routeparentid":4500},{"union_rowno":3,"row":478,"routeno":"BELFGS-40","responsecode":200,"routeparentid":6916},{"union_rowno":3,"row":479,"routeno":"BEL GS-1","responsecode":200,"routeparentid":4043},{"union_rowno":3,"row":480,"routeno":"BEL GS-12","responsecode":200,"routeparentid":5365},{"union_rowno":3,"row":481,"routeno":"BEL GS-17","responsecode":200,"routeparentid":3860},{"union_rowno":3,"row":482,"routeno":"BEL GS-19","responsecode":200,"routeparentid":5491},{"union_rowno":3,"row":483,"routeno":"BEL GS-21","responsecode":200,"routeparentid":6064},{"union_rowno":3,"row":484,"routeno":"BEL GS-22","responsecode":200,"routeparentid":6063},{"union_rowno":3,"row":485,"routeno":"BEL GS-25","responsecode":200,"routeparentid":1766},{"union_rowno":3,"row":486,"routeno":"BEL GS-27","responsecode":200,"routeparentid":3959},{"union_rowno":3,"row":487,"routeno":"BEL GS-30","responsecode":200,"routeparentid":6049},{"union_rowno":3,"row":488,"routeno":"BEL GS-36","responsecode":200,"routeparentid":5704},{"union_rowno":3,"row":489,"routeno":"BEL GS-37","responsecode":200,"routeparentid":5211},{"union_rowno":3,"row":490,"routeno":"BEL GS-38","responsecode":200,"routeparentid":4189},{"union_rowno":3,"row":491,"routeno":"BEL GS-39","responsecode":200,"routeparentid":5691},{"union_rowno":3,"row":492,"routeno":"BEL GS-48","responsecode":200,"routeparentid":4580},{"union_rowno":3,"row":493,"routeno":"BELGS-11","responsecode":200,"routeparentid":3902},{"union_rowno":3,"row":494,"routeno":"BELGS-13","responsecode":200,"routeparentid":3965},{"union_rowno":3,"row":495,"routeno":"BELGS-14","responsecode":200,"routeparentid":4935},{"union_rowno":3,"row":496,"routeno":"BELGS-15","responsecode":200,"routeparentid":4078},{"union_rowno":3,"row":497,"routeno":"BELGS-16","responsecode":200,"routeparentid":6246},{"union_rowno":3,"row":498,"routeno":"BELGS-19","responsecode":200,"routeparentid":1795},{"union_rowno":3,"row":499,"routeno":"BELGS-2","responsecode":200,"routeparentid":4047},{"union_rowno":3,"row":500,"routeno":"BELGS-20","responsecode":200,"routeparentid":4202},{"union_rowno":3,"row":501,"routeno":"BELGS-22","responsecode":200,"routeparentid":4090},{"union_rowno":3,"row":502,"routeno":"BELGS-23","responsecode":200,"routeparentid":4184},{"union_rowno":3,"row":503,"routeno":"BELGS-24","responsecode":200,"routeparentid":4063},{"union_rowno":3,"row":504,"routeno":"BELGS-25","responsecode":200,"routeparentid":5133},{"union_rowno":3,"row":505,"routeno":"BELGS-26","responsecode":200,"routeparentid":6906},{"union_rowno":3,"row":506,"routeno":"BELGS-27","responsecode":200,"routeparentid":2720},{"union_rowno":3,"row":507,"routeno":"BELGS-28","responsecode":200,"routeparentid":2765},{"union_rowno":3,"row":508,"routeno":"BELGS-29","responsecode":200,"routeparentid":4198},{"union_rowno":3,"row":509,"routeno":"BELGS-3","responsecode":200,"routeparentid":4111},{"union_rowno":3,"row":510,"routeno":"BELGS-31","responsecode":200,"routeparentid":4439},{"union_rowno":3,"row":511,"routeno":"BELGS-32","responsecode":200,"routeparentid":1811},{"union_rowno":3,"row":512,"routeno":"BELGS-33","responsecode":200,"routeparentid":4009},{"union_rowno":3,"row":513,"routeno":"BELGS-34","responsecode":200,"routeparentid":5388},{"union_rowno":3,"row":514,"routeno":"BELGS-35","responsecode":200,"routeparentid":5299},{"union_rowno":3,"row":515,"routeno":"BELGS-39","responsecode":200,"routeparentid":3986},{"union_rowno":3,"row":516,"routeno":"BELGS-4","responsecode":200,"routeparentid":5287},{"union_rowno":3,"row":517,"routeno":"BELGS-40","responsecode":200,"routeparentid":4633},{"union_rowno":3,"row":518,"routeno":"BELGS-45","responsecode":200,"routeparentid":3827},{"union_rowno":3,"row":519,"routeno":"BELGS-5","responsecode":200,"routeparentid":6897},{"union_rowno":3,"row":520,"routeno":"BELGS-51","responsecode":200,"routeparentid":3038},{"union_rowno":3,"row":521,"routeno":"BELGS-54","responsecode":200,"routeparentid":4664},{"union_rowno":3,"row":522,"routeno":"BELGS-56","responsecode":200,"routeparentid":4994},{"union_rowno":3,"row":523,"routeno":"BELGS-6","responsecode":200,"routeparentid":3895},{"union_rowno":3,"row":524,"routeno":"BELGS-7","responsecode":200,"routeparentid":4966},{"union_rowno":3,"row":525,"routeno":"BELGS-8","responsecode":200,"routeparentid":1810},{"union_rowno":3,"row":526,"routeno":"BELGS-9","responsecode":200,"routeparentid":2390},{"union_rowno":3,"row":527,"routeno":"BELS SB-3","responsecode":200,"routeparentid":4788},{"union_rowno":3,"row":528,"routeno":"BEML-33A","responsecode":200,"routeparentid":4924},{"union_rowno":3,"row":529,"routeno":"BEML-5","responsecode":200,"routeparentid":3898},{"union_rowno":3,"row":530,"routeno":"BEML5-BEMLG","responsecode":200,"routeparentid":5398},{"union_rowno":3,"row":531,"routeno":"BEML5-CKGP","responsecode":200,"routeparentid":5859},{"union_rowno":3,"row":532,"routeno":"BEML5-KHBQ","responsecode":200,"routeparentid":4739},{"union_rowno":3,"row":533,"routeno":"BEML5-KMB","responsecode":200,"routeparentid":2375},{"union_rowno":3,"row":534,"routeno":"BEML5-KSLOW","responsecode":200,"routeparentid":2419},{"union_rowno":3,"row":535,"routeno":"BEML5TH-KSLO","responsecode":200,"routeparentid":1685},{"union_rowno":3,"row":536,"routeno":"BEML5TS-BSK","responsecode":200,"routeparentid":6542},{"union_rowno":3,"row":537,"routeno":"BEML-8A","responsecode":200,"routeparentid":1122},{"union_rowno":3,"row":538,"routeno":"BEML A-1","responsecode":200,"routeparentid":2996},{"union_rowno":3,"row":539,"routeno":"BEML A-17","responsecode":200,"routeparentid":7227},{"union_rowno":3,"row":540,"routeno":"BEML A-2","responsecode":200,"routeparentid":5003},{"union_rowno":3,"row":541,"routeno":"BEML A-21","responsecode":200,"routeparentid":6287},{"union_rowno":3,"row":542,"routeno":"BEML-A-22","responsecode":200,"routeparentid":4753},{"union_rowno":3,"row":543,"routeno":"BEML A-31","responsecode":200,"routeparentid":6510},{"union_rowno":3,"row":544,"routeno":"BEML A-5","responsecode":200,"routeparentid":6508},{"union_rowno":3,"row":545,"routeno":"BEML A-6","responsecode":200,"routeparentid":6630},{"union_rowno":3,"row":546,"routeno":"BEML A-7","responsecode":200,"routeparentid":7363},{"union_rowno":3,"row":547,"routeno":"BEMLA-10","responsecode":200,"routeparentid":3853},{"union_rowno":3,"row":548,"routeno":"BEMLA-11","responsecode":200,"routeparentid":5134},{"union_rowno":3,"row":549,"routeno":"BEMLA-12","responsecode":200,"routeparentid":4535},{"union_rowno":3,"row":550,"routeno":"BEMLA-14","responsecode":200,"routeparentid":5536},{"union_rowno":3,"row":551,"routeno":"BEMLA-15","responsecode":200,"routeparentid":4823},{"union_rowno":3,"row":552,"routeno":"BEMLA-17","responsecode":200,"routeparentid":4119},{"union_rowno":3,"row":553,"routeno":"BEMLA-2","responsecode":200,"routeparentid":5182},{"union_rowno":3,"row":554,"routeno":"BEMLA-20","responsecode":200,"routeparentid":4748},{"union_rowno":3,"row":555,"routeno":"BEMLA-21","responsecode":200,"routeparentid":4319},{"union_rowno":3,"row":556,"routeno":"BEMLA-23","responsecode":200,"routeparentid":5483},{"union_rowno":3,"row":557,"routeno":"BEMLA-26","responsecode":200,"routeparentid":4747},{"union_rowno":3,"row":558,"routeno":"BEMLA-28","responsecode":200,"routeparentid":4651},{"union_rowno":3,"row":559,"routeno":"BEMLA-29","responsecode":200,"routeparentid":3982},{"union_rowno":3,"row":560,"routeno":"BEMLA-3","responsecode":200,"routeparentid":3843},{"union_rowno":3,"row":561,"routeno":"BEMLA-31","responsecode":200,"routeparentid":3995},{"union_rowno":3,"row":562,"routeno":"BEMLA-4","responsecode":200,"routeparentid":4052},{"union_rowno":3,"row":563,"routeno":"BEMLA-7","responsecode":200,"routeparentid":4611},{"union_rowno":3,"row":564,"routeno":"BEML B-2","responsecode":200,"routeparentid":5002},{"union_rowno":3,"row":565,"routeno":"BEML B-22","responsecode":200,"routeparentid":4755},{"union_rowno":3,"row":566,"routeno":"BEML B-6","responsecode":200,"routeparentid":6631},{"union_rowno":3,"row":567,"routeno":"BEMLB-1","responsecode":200,"routeparentid":3428},{"union_rowno":3,"row":568,"routeno":"BEMLB-10","responsecode":200,"routeparentid":5006},{"union_rowno":3,"row":569,"routeno":"BEMLB-14","responsecode":200,"routeparentid":5532},{"union_rowno":3,"row":570,"routeno":"BEMLB-15","responsecode":200,"routeparentid":4840},{"union_rowno":3,"row":571,"routeno":"BEMLB-22","responsecode":200,"routeparentid":5390},{"union_rowno":3,"row":572,"routeno":"BEMLB-9","responsecode":200,"routeparentid":4239},{"union_rowno":3,"row":573,"routeno":"BEML-BGR","responsecode":200,"routeparentid":5534},{"union_rowno":3,"row":574,"routeno":"BEMLC-15","responsecode":200,"routeparentid":4826},{"union_rowno":3,"row":575,"routeno":"BEMLJVS A-6","responsecode":200,"routeparentid":3946},{"union_rowno":3,"row":576,"routeno":"BEMLJVS B-6","responsecode":200,"routeparentid":3943},{"union_rowno":3,"row":577,"routeno":"BGR-BMH-ELC","responsecode":200,"routeparentid":7673},{"union_rowno":3,"row":578,"routeno":"COAA-ELC","responsecode":200,"routeparentid":7475},{"union_rowno":3,"row":579,"routeno":"CS-KBS-BELF","responsecode":200,"routeparentid":7359},{"union_rowno":3,"row":580,"routeno":"D06G-BEMLF","responsecode":200,"routeparentid":6046},{"union_rowno":3,"row":581,"routeno":"D12G-GEM","responsecode":200,"routeparentid":7643},{"union_rowno":3,"row":582,"routeno":"D14G-VSE","responsecode":200,"routeparentid":7287},{"union_rowno":3,"row":583,"routeno":"D19-ELC","responsecode":200,"routeparentid":1493},{"union_rowno":3,"row":584,"routeno":"D19-ELCT","responsecode":200,"routeparentid":6254},{"union_rowno":3,"row":585,"routeno":"D19-PESCE","responsecode":200,"routeparentid":6537},{"union_rowno":3,"row":586,"routeno":"D21-BEML5","responsecode":200,"routeparentid":1289},{"union_rowno":3,"row":587,"routeno":"D24-KRPE","responsecode":200,"routeparentid":6895},{"union_rowno":3,"row":588,"routeno":"D25G-HSRKEB","responsecode":200,"routeparentid":2196},{"union_rowno":3,"row":589,"routeno":"D30-NES","responsecode":200,"routeparentid":7009},{"union_rowno":3,"row":590,"routeno":"D34-AECS-BGR-BMH","responsecode":200,"routeparentid":7763},{"union_rowno":3,"row":591,"routeno":"D38G-ELC-PESK","responsecode":200,"routeparentid":7662},{"union_rowno":3,"row":592,"routeno":"D38-PESCE","responsecode":200,"routeparentid":6536},{"union_rowno":3,"row":593,"routeno":"D42G-PESK","responsecode":200,"routeparentid":6833},{"union_rowno":3,"row":594,"routeno":"D6G-MEG","responsecode":200,"routeparentid":7264},{"union_rowno":3,"row":595,"routeno":"DBS-BEML","responsecode":200,"routeparentid":6581},{"union_rowno":3,"row":596,"routeno":"Depot-51","responsecode":200,"routeparentid":5923},{"union_rowno":3,"row":597,"routeno":"DPJN-GNE","responsecode":200,"routeparentid":5220},{"union_rowno":3,"row":598,"routeno":"DPS-E1 1i","responsecode":200,"routeparentid":5238},{"union_rowno":3,"row":599,"routeno":"DPS-E6J-9","responsecode":200,"routeparentid":5283},{"union_rowno":3,"row":616,"routeno":"FEATHER-1","responsecode":200,"routeparentid":4093},{"union_rowno":3,"row":617,"routeno":"G-2 ARMYASC-HSR KEB","responsecode":200,"routeparentid":7518},{"union_rowno":3,"row":618,"routeno":"G-2 NSR-HSR KEB","responsecode":200,"routeparentid":7520},{"union_rowno":3,"row":619,"routeno":"G-3 ELCW-CSB","responsecode":200,"routeparentid":6264},{"union_rowno":3,"row":620,"routeno":"G-3 SJSCBSE-CSB","responsecode":200,"routeparentid":6214},{"union_rowno":3,"row":621,"routeno":"G-6 BEML5-SNBS","responsecode":200,"routeparentid":5387},{"union_rowno":3,"row":622,"routeno":"G-6 FLYOVER","responsecode":200,"routeparentid":3984},{"union_rowno":3,"row":623,"routeno":"HLM-DTR-ELC","responsecode":200,"routeparentid":3461},{"union_rowno":3,"row":624,"routeno":"INFOSYS-27E","responsecode":200,"routeparentid":6110},{"union_rowno":3,"row":625,"routeno":"ITPB-3E","responsecode":200,"routeparentid":5746},{"union_rowno":3,"row":626,"routeno":"ITPL-3E","responsecode":200,"routeparentid":4236},{"union_rowno":3,"row":627,"routeno":"ITPL-8E","responsecode":200,"routeparentid":3690},{"union_rowno":3,"row":628,"routeno":"ITPLB-3E","responsecode":200,"routeparentid":5741},{"union_rowno":3,"row":629,"routeno":"JEC-JBS-BSK","responsecode":200,"routeparentid":1802},{"union_rowno":3,"row":630,"routeno":"K-2 MRBS-BEL","responsecode":200,"routeparentid":7857},{"union_rowno":3,"row":631,"routeno":"KBS-12HK BEMLF-HSK","responsecode":200,"routeparentid":7221},{"union_rowno":3,"row":632,"routeno":"KBS-1K BEML-HAL-KDG","responsecode":200,"routeparentid":7761},{"union_rowno":3,"row":633,"routeno":"KBS-3C FLYOVER","responsecode":200,"routeparentid":1501},{"union_rowno":3,"row":634,"routeno":"KBS-3E","responsecode":200,"routeparentid":1065},{"union_rowno":3,"row":635,"routeno":"KBS-3E FLY","responsecode":200,"routeparentid":6972},{"union_rowno":3,"row":636,"routeno":"KBS-3E KBS-INF","responsecode":200,"routeparentid":5880},{"union_rowno":3,"row":637,"routeno":"KBS-3F FLY VSD-ELC-ATB","responsecode":200,"routeparentid":6494},{"union_rowno":3,"row":638,"routeno":"KBS-ELC-JAPC","responsecode":200,"routeparentid":5100},{"union_rowno":3,"row":639,"routeno":"KBS-ESI-YTTMC","responsecode":200,"routeparentid":4939},{"union_rowno":3,"row":640,"routeno":"KBS-SBS-MEG","responsecode":200,"routeparentid":7259},{"union_rowno":3,"row":641,"routeno":"KGRTTMC-BEML5","responsecode":200,"routeparentid":5810},{"union_rowno":3,"row":642,"routeno":"KIA-8E","responsecode":200,"routeparentid":2431},{"union_rowno":3,"row":643,"routeno":"KIA-8EW","responsecode":200,"routeparentid":6283},{"union_rowno":3,"row":644,"routeno":"KLE LAW-1","responsecode":200,"routeparentid":5728},{"union_rowno":3,"row":645,"routeno":"KLNB-BNWD-SMVT-BEML","responsecode":200,"routeparentid":6507},{"union_rowno":3,"row":646,"routeno":"KMT-YHK-NITTE","responsecode":200,"routeparentid":4511},{"union_rowno":3,"row":647,"routeno":"KRM-BEMLG","responsecode":200,"routeparentid":5138},{"union_rowno":3,"row":648,"routeno":"KRM-GPTE","responsecode":200,"routeparentid":7300},{"union_rowno":3,"row":649,"routeno":"KRMTTMC-MRHB-BEMLF","responsecode":200,"routeparentid":5554},{"union_rowno":3,"row":650,"routeno":"MF-14 BEML5-RRMS","responsecode":200,"routeparentid":7140},{"union_rowno":3,"row":651,"routeno":"MF-1E","responsecode":200,"routeparentid":2750},{"union_rowno":3,"row":652,"routeno":"MF-23E","responsecode":200,"routeparentid":6660},{"union_rowno":3,"row":653,"routeno":"MF-23E D45-JHMS","responsecode":200,"routeparentid":6663},{"union_rowno":3,"row":654,"routeno":"MF-23E MSP-LGR","responsecode":200,"routeparentid":6674},{"union_rowno":3,"row":655,"routeno":"MF-253HE","responsecode":200,"routeparentid":5001},{"union_rowno":3,"row":656,"routeno":"MF-319E","responsecode":200,"routeparentid":2517},{"union_rowno":3,"row":657,"routeno":"MF-375E","responsecode":200,"routeparentid":5415},{"union_rowno":3,"row":658,"routeno":"MF-378 ELC-NDG-KGR","responsecode":200,"routeparentid":6624},{"union_rowno":3,"row":659,"routeno":"MF-401KB STBEN-YTTMC","responsecode":200,"routeparentid":4952},{"union_rowno":3,"row":660,"routeno":"MF-401RE","responsecode":200,"routeparentid":5428},{"union_rowno":3,"row":661,"routeno":"MF-48 BELC-NLO","responsecode":200,"routeparentid":7759},{"union_rowno":3,"row":662,"routeno":"MF-500EB","responsecode":200,"routeparentid":3031},{"union_rowno":3,"row":663,"routeno":"MF-500EB BYPMS-ELC","responsecode":200,"routeparentid":3072},{"union_rowno":3,"row":664,"routeno":"MF-500EB D6G-ELCW","responsecode":200,"routeparentid":3042},{"union_rowno":3,"row":665,"routeno":"MF-500EB DBS-ELCW","responsecode":200,"routeparentid":3062},{"union_rowno":3,"row":666,"routeno":"MF-500EB SMVR-ELCW","responsecode":200,"routeparentid":3046},{"union_rowno":3,"row":667,"routeno":"NICE-10","responsecode":200,"routeparentid":6725},{"union_rowno":3,"row":668,"routeno":"NICE-4","responsecode":200,"routeparentid":3657},{"union_rowno":3,"row":669,"routeno":"NICE-5","responsecode":200,"routeparentid":2699},{"union_rowno":3,"row":670,"routeno":"NICE-5A","responsecode":200,"routeparentid":3661},{"union_rowno":3,"row":671,"routeno":"NICE-6","responsecode":200,"routeparentid":1593},{"union_rowno":3,"row":672,"routeno":"NICE-7","responsecode":200,"routeparentid":4860},{"union_rowno":3,"row":673,"routeno":"NICE-7A","responsecode":200,"routeparentid":1648},{"union_rowno":3,"row":674,"routeno":"NICE-7A ELCW-YBS","responsecode":200,"routeparentid":6677},{"union_rowno":3,"row":675,"routeno":"NICE-8","responsecode":200,"routeparentid":1649},{"union_rowno":3,"row":676,"routeno":"NICE-8C D38G-MDV","responsecode":200,"routeparentid":6682},{"union_rowno":3,"row":677,"routeno":"NICE-8C NMG-ELC","responsecode":200,"routeparentid":6726},{"union_rowno":3,"row":678,"routeno":"OASIS-BEL","responsecode":200,"routeparentid":7562},{"union_rowno":3,"row":679,"routeno":"PESCE-1","responsecode":200,"routeparentid":5457},{"union_rowno":3,"row":680,"routeno":"PESCE-11","responsecode":200,"routeparentid":5968},{"union_rowno":3,"row":681,"routeno":"PESCE-1A","responsecode":200,"routeparentid":6522},{"union_rowno":3,"row":682,"routeno":"PESCE-1C","responsecode":200,"routeparentid":6526},{"union_rowno":3,"row":683,"routeno":"PESCE-1D","responsecode":200,"routeparentid":6524},{"union_rowno":3,"row":684,"routeno":"PESCE-1E","responsecode":200,"routeparentid":6527},{"union_rowno":3,"row":685,"routeno":"PESCE-1F","responsecode":200,"routeparentid":6525},{"union_rowno":3,"row":686,"routeno":"PESCE-1G","responsecode":200,"routeparentid":6528},{"union_rowno":3,"row":687,"routeno":"PESCE-1H","responsecode":200,"routeparentid":6529},{"union_rowno":3,"row":688,"routeno":"PESCE-1I","responsecode":200,"routeparentid":6530},{"union_rowno":3,"row":689,"routeno":"PESCE-1J","responsecode":200,"routeparentid":6531},{"union_rowno":3,"row":690,"routeno":"PESCE-1K","responsecode":200,"routeparentid":6532},{"union_rowno":3,"row":691,"routeno":"PESCE-1L","responsecode":200,"routeparentid":6533},{"union_rowno":3,"row":692,"routeno":"PESCE-1M","responsecode":200,"routeparentid":6535},{"union_rowno":3,"row":693,"routeno":"PESCE-1N","responsecode":200,"routeparentid":6534},{"union_rowno":3,"row":694,"routeno":"PESCE-2","responsecode":200,"routeparentid":5456},{"union_rowno":3,"row":695,"routeno":"PESCE-5","responsecode":200,"routeparentid":4965},{"union_rowno":3,"row":696,"routeno":"PESCE-6","responsecode":200,"routeparentid":4968},{"union_rowno":3,"row":697,"routeno":"PESCE-BCJ","responsecode":200,"routeparentid":6519},{"union_rowno":3,"row":698,"routeno":"PESCE-PAH","responsecode":200,"routeparentid":6518},{"union_rowno":3,"row":699,"routeno":"PESK-CRG","responsecode":200,"routeparentid":6520},{"union_rowno":3,"row":700,"routeno":"PSS-BEMLK","responsecode":200,"routeparentid":3958},{"union_rowno":3,"row":701,"routeno":"SBS-HAL-BEMLG","responsecode":200,"routeparentid":7441},{"union_rowno":3,"row":702,"routeno":"SBS-MKC-YHK-NITTE","responsecode":200,"routeparentid":6453},{"union_rowno":3,"row":703,"routeno":"SEPB-04","responsecode":200,"routeparentid":5280},{"union_rowno":3,"row":704,"routeno":"SEPB-5","responsecode":200,"routeparentid":2828},{"union_rowno":3,"row":705,"routeno":"SEPB-7A","responsecode":200,"routeparentid":2819},{"union_rowno":3,"row":706,"routeno":"SET-02","responsecode":200,"routeparentid":5724},{"union_rowno":3,"row":707,"routeno":"SET-1","responsecode":200,"routeparentid":5448},{"union_rowno":3,"row":708,"routeno":"SHUTTLE-01","responsecode":200,"routeparentid":6172},{"union_rowno":3,"row":709,"routeno":"SNBS-BMETAG","responsecode":200,"routeparentid":6371},{"union_rowno":3,"row":710,"routeno":"ST BEN-10","responsecode":200,"routeparentid":5774},{"union_rowno":3,"row":711,"routeno":"ST BEN-11","responsecode":200,"routeparentid":7778},{"union_rowno":3,"row":712,"routeno":"ST BEN-19","responsecode":200,"routeparentid":7780},{"union_rowno":3,"row":713,"routeno":"ST BEN-20","responsecode":200,"routeparentid":7610},{"union_rowno":3,"row":714,"routeno":"ST BEN-8","responsecode":200,"routeparentid":4115},{"union_rowno":3,"row":715,"routeno":"ST BEN-9","responsecode":200,"routeparentid":7779},{"union_rowno":3,"row":716,"routeno":"ST BENEDICT-09","responsecode":200,"routeparentid":6218},{"union_rowno":3,"row":717,"routeno":"ST BENEDICT-10","responsecode":200,"routeparentid":6219},{"union_rowno":3,"row":718,"routeno":"ST BENEDICT-11","responsecode":200,"routeparentid":6221},{"union_rowno":3,"row":719,"routeno":"ST BENEDICT-11.","responsecode":200,"routeparentid":6410},{"union_rowno":3,"row":720,"routeno":"ST BENEDICT-14","responsecode":200,"routeparentid":6411},{"union_rowno":3,"row":721,"routeno":"ST BENEDICT-16","responsecode":200,"routeparentid":6412},{"union_rowno":3,"row":722,"routeno":"St BENEDICT-4","responsecode":200,"routeparentid":4132},{"union_rowno":3,"row":723,"routeno":"ST BENEDICT-9","responsecode":200,"routeparentid":6407},{"union_rowno":3,"row":724,"routeno":"ST BENIDICT-9","responsecode":200,"routeparentid":7599},{"union_rowno":3,"row":725,"routeno":"STBEN-KGR","responsecode":200,"routeparentid":7612},{"union_rowno":3,"row":726,"routeno":"SVH4M-BEMLKML","responsecode":200,"routeparentid":7444},{"union_rowno":3,"row":727,"routeno":"TATA ELEXI-06","responsecode":200,"routeparentid":2235},{"union_rowno":3,"row":728,"routeno":"TATA ELEXI-07","responsecode":200,"routeparentid":2236},{"union_rowno":3,"row":729,"routeno":"TATA ELEXI-08","responsecode":200,"routeparentid":2237},{"union_rowno":3,"row":730,"routeno":"TEPL-1","responsecode":200,"routeparentid":3952},{"union_rowno":3,"row":731,"routeno":"TEPL-2","responsecode":200,"routeparentid":5711},{"union_rowno":3,"row":732,"routeno":"Test-263","responsecode":200,"routeparentid":6113},{"union_rowno":3,"row":733,"routeno":"V-15E","responsecode":200,"routeparentid":2179},{"union_rowno":3,"row":734,"routeno":"V-226ELC","responsecode":200,"routeparentid":2222},{"union_rowno":3,"row":735,"routeno":"V-333E","responsecode":200,"routeparentid":2248},{"union_rowno":3,"row":736,"routeno":"V-335E","responsecode":200,"routeparentid":1097},{"union_rowno":3,"row":737,"routeno":"V-356C KBS-ELCWG","responsecode":200,"routeparentid":6492},{"union_rowno":3,"row":738,"routeno":"V-360B Flyover","responsecode":200,"routeparentid":6552},{"union_rowno":3,"row":739,"routeno":"V-500DH ELCKIA-HBLB","responsecode":200,"routeparentid":6887},{"union_rowno":3,"row":740,"routeno":"V-500E","responsecode":200,"routeparentid":5547},{"union_rowno":3,"row":741,"routeno":"V-505 ELCW-KDG","responsecode":200,"routeparentid":7333},{"union_rowno":3,"row":742,"routeno":"V-BENGALURU DARSHINI","responsecode":200,"routeparentid":3957},{"union_rowno":3,"row":743,"routeno":"VJN-EJP","responsecode":200,"routeparentid":1748},{"union_rowno":3,"row":744,"routeno":"V-NICE-4","responsecode":200,"routeparentid":7328},{"union_rowno":3,"row":745,"routeno":"V-NICE-4 BSN-ELCW","responsecode":200,"routeparentid":7327},{"union_rowno":3,"row":746,"routeno":"VSE-SBS","responsecode":200,"routeparentid":7290},{"union_rowno":3,"row":747,"routeno":"V-TATA ELEXI-001","responsecode":200,"routeparentid":3771},{"union_rowno":3,"row":748,"routeno":"V-TATA ELEXI-002","responsecode":200,"routeparentid":3777},{"union_rowno":3,"row":749,"routeno":"V-TATA ELEXI-003","responsecode":200,"routeparentid":3784},{"union_rowno":3,"row":750,"routeno":"V-TATA ELEXI-005","responsecode":200,"routeparentid":3787},{"union_rowno":3,"row":751,"routeno":"V-TATA ELEXI-006","responsecode":200,"routeparentid":6015},{"union_rowno":3,"row":752,"routeno":"V-TATA ELEXI-007","responsecode":200,"routeparentid":3807},{"union_rowno":3,"row":753,"routeno":"V-TATA ELEXI-02","responsecode":200,"routeparentid":3806},{"union_rowno":3,"row":754,"routeno":"V-TATA ELEXI-03","responsecode":200,"routeparentid":5911},{"union_rowno":3,"row":755,"routeno":"V-TATA ELEXI-08","responsecode":200,"routeparentid":6014},{"union_rowno":3,"row":756,"routeno":"V-TATA ELEXI-09","responsecode":200,"routeparentid":3803},{"union_rowno":3,"row":757,"routeno":"V-TATA ELEXI-10","responsecode":200,"routeparentid":3801},{"union_rowno":3,"row":758,"routeno":"V-TATA ELEXI-5","responsecode":200,"routeparentid":6018},{"union_rowno":3,"row":759,"routeno":"V-TATA ELEXI-BSK","responsecode":200,"routeparentid":2233},{"union_rowno":3,"row":760,"routeno":"V-WTTMC-TATAE","responsecode":200,"routeparentid":6019},{"union_rowno":3,"row":761,"routeno":"YHK-EHSR-BRS","responsecode":200,"routeparentid":6436}],"Message":"Success","Issuccess":true,"exception":null,"RowCount":752,"responsecode":200}