{"data":[{"union_rowno":2,"row":1,"routeno":"FEATHER-1","responsecode":200,"routeparentid":4093},{"union_rowno":3,"row":1,"routeno":"12F-3A","responsecode":200,"routeparentid":2477},{"union_rowno":3,"row":2,"routeno":"12F-5","responsecode":200,"routeparentid":1733},{"union_rowno":3,"row":3,"routeno":"139 SBS-KFC-D6G","responsecode":200,"routeparentid":6319},{"union_rowno":3,"row":4,"routeno":"139 SBS-KFC-SVM","responsecode":200,"routeparentid":6760},{"union_rowno":3,"row":5,"routeno":"13-F","responsecode":200,"routeparentid":1631},{"union_rowno":3,"row":6,"routeno":"144-E D6G-KFC-NRG","responsecode":200,"routeparentid":6124},{"union_rowno":3,"row":7,"routeno":"146-F","responsecode":200,"routeparentid":1670},{"union_rowno":3,"row":8,"routeno":"171-F","responsecode":200,"routeparentid":5041},{"union_rowno":3,"row":9,"routeno":"201 BMS-BSK-JGF","responsecode":200,"routeparentid":4478},{"union_rowno":3,"row":10,"routeno":"201-G BSK-KFC-SVM-BTP","responsecode":200,"routeparentid":6883},{"union_rowno":3,"row":11,"routeno":"201-R CSB-BEMLF","responsecode":200,"routeparentid":6633},{"union_rowno":3,"row":12,"routeno":"210-E KBS-KMTFLY-KBDA","responsecode":200,"routeparentid":2454},{"union_rowno":3,"row":13,"routeno":"210-FA","responsecode":200,"routeparentid":1945},{"union_rowno":3,"row":14,"routeno":"213-F","responsecode":200,"routeparentid":1918},{"union_rowno":3,"row":15,"routeno":"213-FA","responsecode":200,"routeparentid":5957},{"union_rowno":3,"row":16,"routeno":"214-F","responsecode":200,"routeparentid":2428},{"union_rowno":3,"row":17,"routeno":"220-F","responsecode":200,"routeparentid":1149},{"union_rowno":3,"row":18,"routeno":"221-F","responsecode":200,"routeparentid":1155},{"union_rowno":3,"row":19,"routeno":"221-F KMT-SCS","responsecode":200,"routeparentid":4040},{"union_rowno":3,"row":20,"routeno":"222-A KMT FLY","responsecode":200,"routeparentid":6623},{"union_rowno":3,"row":21,"routeno":"222-A KST-KMT FLY-KBS","responsecode":200,"routeparentid":6722},{"union_rowno":3,"row":22,"routeno":"222-F","responsecode":200,"routeparentid":1142},{"union_rowno":3,"row":23,"routeno":"222-F YTTMC-KWS","responsecode":200,"routeparentid":4035},{"union_rowno":3,"row":24,"routeno":"222-K KHBQ-VSD Flyover","responsecode":200,"routeparentid":7558},{"union_rowno":3,"row":25,"routeno":"223-A FLY","responsecode":200,"routeparentid":1281},{"union_rowno":3,"row":26,"routeno":"223-F","responsecode":200,"routeparentid":1198},{"union_rowno":3,"row":27,"routeno":"225-C FLY","responsecode":200,"routeparentid":1286},{"union_rowno":3,"row":28,"routeno":"225-CC BEML5-DRF","responsecode":200,"routeparentid":1288},{"union_rowno":3,"row":29,"routeno":"225-CF","responsecode":200,"routeparentid":1216},{"union_rowno":3,"row":30,"routeno":"225-F","responsecode":200,"routeparentid":1219},{"union_rowno":3,"row":31,"routeno":"225-G KMT FLY","responsecode":200,"routeparentid":1291},{"union_rowno":3,"row":32,"routeno":"226-F","responsecode":200,"routeparentid":1239},{"union_rowno":3,"row":33,"routeno":"226-MA KMT-IFC","responsecode":200,"routeparentid":5321},{"union_rowno":3,"row":34,"routeno":"227-F","responsecode":200,"routeparentid":1357},{"union_rowno":3,"row":35,"routeno":"227 SBS-RMH FLYOVER","responsecode":200,"routeparentid":1340},{"union_rowno":3,"row":36,"routeno":"228-F","responsecode":200,"routeparentid":1404},{"union_rowno":3,"row":37,"routeno":"228-J KBS-KMTFLY-ST BEN","responsecode":200,"routeparentid":6408},{"union_rowno":3,"row":38,"routeno":"228-K SBS-KMTFLY-BDD","responsecode":200,"routeparentid":6444},{"union_rowno":3,"row":39,"routeno":"231-F","responsecode":200,"routeparentid":1447},{"union_rowno":3,"row":40,"routeno":"231-F BDD-KMT","responsecode":200,"routeparentid":6970},{"union_rowno":3,"row":41,"routeno":"234-E KMT FLY","responsecode":200,"routeparentid":1462},{"union_rowno":3,"row":42,"routeno":"234-F","responsecode":200,"routeparentid":1466},{"union_rowno":3,"row":43,"routeno":"234-F KBS-AGSLO","responsecode":200,"routeparentid":4865},{"union_rowno":3,"row":44,"routeno":"235-F","responsecode":200,"routeparentid":1475},{"union_rowno":3,"row":45,"routeno":"240-F","responsecode":200,"routeparentid":3357},{"union_rowno":3,"row":46,"routeno":"242-B TVK-BELF","responsecode":200,"routeparentid":4640},{"union_rowno":3,"row":47,"routeno":"242-F","responsecode":200,"routeparentid":3963},{"union_rowno":3,"row":48,"routeno":"242-F YCK-D35G","responsecode":200,"routeparentid":5408},{"union_rowno":3,"row":49,"routeno":"242-FA","responsecode":200,"routeparentid":6585},{"union_rowno":3,"row":50,"routeno":"242-FA GDP-TVK","responsecode":200,"routeparentid":6587},{"union_rowno":3,"row":51,"routeno":"242-FB","responsecode":200,"routeparentid":1135},{"union_rowno":3,"row":52,"routeno":"242-ZC KBS-CFLS","responsecode":200,"routeparentid":4419},{"union_rowno":3,"row":53,"routeno":"242-ZC KMT-CFLS","responsecode":200,"routeparentid":4424},{"union_rowno":3,"row":54,"routeno":"243-F","responsecode":200,"routeparentid":2933},{"union_rowno":3,"row":55,"routeno":"243-F D35G-GKH","responsecode":200,"routeparentid":2935},{"union_rowno":3,"row":56,"routeno":"245-F","responsecode":200,"routeparentid":3642},{"union_rowno":3,"row":57,"routeno":"248-F","responsecode":200,"routeparentid":2275},{"union_rowno":3,"row":58,"routeno":"248 KMT-JHC-BELF","responsecode":200,"routeparentid":4665},{"union_rowno":3,"row":59,"routeno":"250-F","responsecode":200,"routeparentid":2346},{"union_rowno":3,"row":60,"routeno":"250-F PSS-SSHL","responsecode":200,"routeparentid":2770},{"union_rowno":3,"row":61,"routeno":"252-F","responsecode":200,"routeparentid":1621},{"union_rowno":3,"row":62,"routeno":"252-F IXP-KBS-PSS","responsecode":200,"routeparentid":4949},{"union_rowno":3,"row":63,"routeno":"252-FB","responsecode":200,"routeparentid":2807},{"union_rowno":3,"row":64,"routeno":"252-FC","responsecode":200,"routeparentid":2813},{"union_rowno":3,"row":65,"routeno":"253-F","responsecode":200,"routeparentid":2532},{"union_rowno":3,"row":66,"routeno":"253-F KBS-KLD","responsecode":200,"routeparentid":3080},{"union_rowno":3,"row":67,"routeno":"253-HE KBS-GFTI","responsecode":200,"routeparentid":4782},{"union_rowno":3,"row":68,"routeno":"253 KBS-IDFH","responsecode":200,"routeparentid":3279},{"union_rowno":3,"row":69,"routeno":"253-S SBS-GFTI","responsecode":200,"routeparentid":7045},{"union_rowno":3,"row":70,"routeno":"255-F","responsecode":200,"routeparentid":7439},{"union_rowno":3,"row":71,"routeno":"256-F","responsecode":200,"routeparentid":2644},{"union_rowno":3,"row":72,"routeno":"256-F HGV-DSP-NMG","responsecode":200,"routeparentid":4920},{"union_rowno":3,"row":73,"routeno":"258-C VSD FLY","responsecode":200,"routeparentid":1646},{"union_rowno":3,"row":74,"routeno":"258-DN KBS-VRNF","responsecode":200,"routeparentid":1969},{"union_rowno":3,"row":75,"routeno":"258-F","responsecode":200,"routeparentid":1991},{"union_rowno":3,"row":76,"routeno":"258-F KMT-SVP","responsecode":200,"routeparentid":3454},{"union_rowno":3,"row":77,"routeno":"258-VF","responsecode":200,"routeparentid":2075},{"union_rowno":3,"row":78,"routeno":"266 D45-NGM-IDF","responsecode":200,"routeparentid":3650},{"union_rowno":3,"row":79,"routeno":"266-F","responsecode":200,"routeparentid":4174},{"union_rowno":3,"row":80,"routeno":"266-F GNA-KBS","responsecode":200,"routeparentid":4176},{"union_rowno":3,"row":81,"routeno":"271-F","responsecode":200,"routeparentid":3884},{"union_rowno":3,"row":82,"routeno":"271-F KMT-HGV","responsecode":200,"routeparentid":4779},{"union_rowno":3,"row":83,"routeno":"271-F KMT-VSD-CKB","responsecode":200,"routeparentid":3904},{"union_rowno":3,"row":84,"routeno":"271-F-SNBS-HGV","responsecode":200,"routeparentid":4724},{"union_rowno":3,"row":85,"routeno":"271 KBS-BELF","responsecode":200,"routeparentid":4192},{"union_rowno":3,"row":86,"routeno":"273-HMTCLUB-MTK-RMCPF","responsecode":200,"routeparentid":7401},{"union_rowno":3,"row":87,"routeno":"273 RMCPFO-BELC-JHC","responsecode":200,"routeparentid":4915},{"union_rowno":3,"row":88,"routeno":"276-A SBS-BELF","responsecode":200,"routeparentid":6896},{"union_rowno":3,"row":89,"routeno":"276 BELF-KBS","responsecode":200,"routeparentid":6915},{"union_rowno":3,"row":90,"routeno":"276-F","responsecode":200,"routeparentid":2534},{"union_rowno":3,"row":91,"routeno":"276-F KBS-YSTF","responsecode":200,"routeparentid":6656},{"union_rowno":3,"row":92,"routeno":"276-F KMT-YHKOT","responsecode":200,"routeparentid":6288},{"union_rowno":3,"row":93,"routeno":"276 KBS-BELF","responsecode":200,"routeparentid":4995},{"union_rowno":3,"row":94,"routeno":"279-F","responsecode":200,"routeparentid":2603},{"union_rowno":3,"row":95,"routeno":"280-F","responsecode":200,"routeparentid":1418},{"union_rowno":3,"row":96,"routeno":"280-F D48G-RMP","responsecode":200,"routeparentid":4882},{"union_rowno":3,"row":97,"routeno":"280-F OASIS-YHKOT","responsecode":200,"routeparentid":5250},{"union_rowno":3,"row":98,"routeno":"280-F PTH-HSK","responsecode":200,"routeparentid":2625},{"union_rowno":3,"row":99,"routeno":"280-F YSTF-HSK","responsecode":200,"routeparentid":1421},{"union_rowno":3,"row":100,"routeno":"281-F","responsecode":200,"routeparentid":3812},{"union_rowno":3,"row":101,"routeno":"281-F KBS-MYH-HNS","responsecode":200,"routeparentid":2668},{"union_rowno":3,"row":102,"routeno":"281-F YHKOT-MLH","responsecode":200,"routeparentid":5503},{"union_rowno":3,"row":103,"routeno":"282-F","responsecode":200,"routeparentid":3646},{"union_rowno":3,"row":104,"routeno":"282-F HBLB-MNH","responsecode":200,"routeparentid":7463},{"union_rowno":3,"row":105,"routeno":"282-F PTH-MRNH","responsecode":200,"routeparentid":3609},{"union_rowno":3,"row":106,"routeno":"285 BELF-HBLB-DBP","responsecode":200,"routeparentid":6062},{"union_rowno":3,"row":107,"routeno":"285-F","responsecode":200,"routeparentid":2061},{"union_rowno":3,"row":108,"routeno":"285-F PTML-BRPR","responsecode":200,"routeparentid":4000},{"union_rowno":3,"row":109,"routeno":"285 KBS-YSTF-PTH","responsecode":200,"routeparentid":1187},{"union_rowno":3,"row":110,"routeno":"285-MF","responsecode":200,"routeparentid":2087},{"union_rowno":3,"row":111,"routeno":"286-F","responsecode":200,"routeparentid":3918},{"union_rowno":3,"row":112,"routeno":"286-F D48G-KNP","responsecode":200,"routeparentid":4729},{"union_rowno":3,"row":113,"routeno":"286-F KBS-VSD-KNP","responsecode":200,"routeparentid":6267},{"union_rowno":3,"row":114,"routeno":"286-F VSD-KNP","responsecode":200,"routeparentid":4313},{"union_rowno":3,"row":115,"routeno":"287-F","responsecode":200,"routeparentid":4661},{"union_rowno":3,"row":116,"routeno":"289-F","responsecode":200,"routeparentid":2627},{"union_rowno":3,"row":117,"routeno":"289-F PTH-HSK","responsecode":200,"routeparentid":2629},{"union_rowno":3,"row":118,"routeno":"289-F YHKOT-MRC","responsecode":200,"routeparentid":6269},{"union_rowno":3,"row":119,"routeno":"289-F YST-HSK","responsecode":200,"routeparentid":7312},{"union_rowno":3,"row":120,"routeno":"289-LA YSTF-HSK","responsecode":200,"routeparentid":6009},{"union_rowno":3,"row":121,"routeno":"290-EA BCGHS-YSTF","responsecode":200,"routeparentid":6212},{"union_rowno":3,"row":122,"routeno":"290-F","responsecode":200,"routeparentid":3795},{"union_rowno":3,"row":123,"routeno":"291-LA BSF-SBS","responsecode":200,"routeparentid":7340},{"union_rowno":3,"row":124,"routeno":"292-CA D48G-IAF","responsecode":200,"routeparentid":7024},{"union_rowno":3,"row":125,"routeno":"293-F","responsecode":200,"routeparentid":4772},{"union_rowno":3,"row":126,"routeno":"293-F D48G-BGLR-KDYH","responsecode":200,"routeparentid":4993},{"union_rowno":3,"row":127,"routeno":"293-F D48G-HNS","responsecode":200,"routeparentid":4774},{"union_rowno":3,"row":128,"routeno":"293-F D48G-KMT","responsecode":200,"routeparentid":4766},{"union_rowno":3,"row":129,"routeno":"293-FA","responsecode":200,"routeparentid":7323},{"union_rowno":3,"row":130,"routeno":"294-F","responsecode":200,"routeparentid":4878},{"union_rowno":3,"row":131,"routeno":"296-F","responsecode":200,"routeparentid":4819},{"union_rowno":3,"row":132,"routeno":"296-F SBS-MRS","responsecode":200,"routeparentid":5040},{"union_rowno":3,"row":133,"routeno":"297-F","responsecode":200,"routeparentid":4545},{"union_rowno":3,"row":134,"routeno":"297-F YHKOT-BVP","responsecode":200,"routeparentid":4549},{"union_rowno":3,"row":135,"routeno":"298-M YSTF-DVHOB","responsecode":200,"routeparentid":3534},{"union_rowno":3,"row":136,"routeno":"298-MF","responsecode":200,"routeparentid":5156},{"union_rowno":3,"row":137,"routeno":"298-MF YHKOT-BSR","responsecode":200,"routeparentid":5179},{"union_rowno":3,"row":138,"routeno":"301-D FAZ-SBS","responsecode":200,"routeparentid":6196},{"union_rowno":3,"row":139,"routeno":"301-F","responsecode":200,"routeparentid":2754},{"union_rowno":3,"row":140,"routeno":"301-F SBS-KGN","responsecode":200,"routeparentid":6779},{"union_rowno":3,"row":141,"routeno":"302-F","responsecode":200,"routeparentid":2911},{"union_rowno":3,"row":142,"routeno":"304-VB D24G-ITIG-TIF-CKTP","responsecode":200,"routeparentid":6642},{"union_rowno":3,"row":143,"routeno":"305-F","responsecode":200,"routeparentid":2969},{"union_rowno":3,"row":144,"routeno":"305-F D24G-NDVC","responsecode":200,"routeparentid":2972},{"union_rowno":3,"row":145,"routeno":"305-F NDVC-GGP","responsecode":200,"routeparentid":2970},{"union_rowno":3,"row":146,"routeno":"306-F","responsecode":200,"routeparentid":3029},{"union_rowno":3,"row":147,"routeno":"306-F D41G-BRH","responsecode":200,"routeparentid":3033},{"union_rowno":3,"row":148,"routeno":"306-F KBS-BRH","responsecode":200,"routeparentid":3032},{"union_rowno":3,"row":149,"routeno":"313-F","responsecode":200,"routeparentid":3117},{"union_rowno":3,"row":150,"routeno":"313-J TNF-MVJ","responsecode":200,"routeparentid":3121},{"union_rowno":3,"row":151,"routeno":"314 BEMLF-SBS-YHK","responsecode":200,"routeparentid":7364},{"union_rowno":3,"row":152,"routeno":"314 DPJN-KBS-BEMLF","responsecode":200,"routeparentid":7232},{"union_rowno":3,"row":153,"routeno":"314-F","responsecode":200,"routeparentid":3145},{"union_rowno":3,"row":154,"routeno":"314-FA","responsecode":200,"routeparentid":3146},{"union_rowno":3,"row":155,"routeno":"314-FA D06G-MLP","responsecode":200,"routeparentid":3148},{"union_rowno":3,"row":156,"routeno":"315-MF","responsecode":200,"routeparentid":3164},{"union_rowno":3,"row":157,"routeno":"315-MF CVB-KHCQ-RMN-D24","responsecode":200,"routeparentid":6922},{"union_rowno":3,"row":158,"routeno":"316-F","responsecode":200,"routeparentid":3193},{"union_rowno":3,"row":159,"routeno":"316-F CMS-MND-D47G","responsecode":200,"routeparentid":3195},{"union_rowno":3,"row":160,"routeno":"317 KVUL-TNF-KRPGH","responsecode":200,"routeparentid":7381},{"union_rowno":3,"row":161,"routeno":"319 BTR-TNF-KDG","responsecode":200,"routeparentid":5881},{"union_rowno":3,"row":162,"routeno":"319-G KBS-TNF-D41G","responsecode":200,"routeparentid":5819},{"union_rowno":3,"row":163,"routeno":"319-J TNF-DNR","responsecode":200,"routeparentid":3057},{"union_rowno":3,"row":164,"routeno":"319 KRPGH-TNF-KDG","responsecode":200,"routeparentid":7418},{"union_rowno":3,"row":165,"routeno":"323-F","responsecode":200,"routeparentid":2741},{"union_rowno":3,"row":166,"routeno":"323-F D41G-ITPL-HAL-KBS","responsecode":200,"routeparentid":2956},{"union_rowno":3,"row":167,"routeno":"323-F D41G-NRG","responsecode":200,"routeparentid":5797},{"union_rowno":3,"row":168,"routeno":"327-F","responsecode":200,"routeparentid":1263},{"union_rowno":3,"row":169,"routeno":"328-F","responsecode":200,"routeparentid":3439},{"union_rowno":3,"row":170,"routeno":"328-H D41G-INF","responsecode":200,"routeparentid":5900},{"union_rowno":3,"row":171,"routeno":"328-HF","responsecode":200,"routeparentid":6829},{"union_rowno":3,"row":172,"routeno":"328-HF BDGC-D41","responsecode":200,"routeparentid":6830},{"union_rowno":3,"row":173,"routeno":"329-F","responsecode":200,"routeparentid":3798},{"union_rowno":3,"row":174,"routeno":"333-F","responsecode":200,"routeparentid":2563},{"union_rowno":3,"row":175,"routeno":"333-F KBS-MRHB-DDNK","responsecode":200,"routeparentid":6097},{"union_rowno":3,"row":176,"routeno":"342-F","responsecode":200,"routeparentid":1013},{"union_rowno":3,"row":177,"routeno":"342-F D38G-DKH-SJP","responsecode":200,"routeparentid":3220},{"union_rowno":3,"row":178,"routeno":"342-F GGS-SJP","responsecode":200,"routeparentid":5227},{"union_rowno":3,"row":179,"routeno":"342-F KBS-CPWDQ","responsecode":200,"routeparentid":5544},{"union_rowno":3,"row":180,"routeno":"342-F KBS-D38G","responsecode":200,"routeparentid":3222},{"union_rowno":3,"row":181,"routeno":"342-F KBS-D42G","responsecode":200,"routeparentid":6827},{"union_rowno":3,"row":182,"routeno":"342-F KBS-HSS","responsecode":200,"routeparentid":7408},{"union_rowno":3,"row":183,"routeno":"342-F KBS-PESCK","responsecode":200,"routeparentid":5970},{"union_rowno":3,"row":184,"routeno":"342-F KBS-VSD-SJP","responsecode":200,"routeparentid":5698},{"union_rowno":3,"row":185,"routeno":"342-F KRMTTMC-SJP","responsecode":200,"routeparentid":3219},{"union_rowno":3,"row":186,"routeno":"342-F PSKGH-SJP-ATB","responsecode":200,"routeparentid":4634},{"union_rowno":3,"row":187,"routeno":"342-F SJP-KVS","responsecode":200,"routeparentid":5499},{"union_rowno":3,"row":188,"routeno":"342-F SJWA-SJP","responsecode":200,"routeparentid":7502},{"union_rowno":3,"row":189,"routeno":"342F PGP-VSD","responsecode":200,"routeparentid":7568},{"union_rowno":3,"row":190,"routeno":"344-F","responsecode":200,"routeparentid":3394},{"union_rowno":3,"row":191,"routeno":"345-F","responsecode":200,"routeparentid":3490},{"union_rowno":3,"row":192,"routeno":"345-F SNBS-BGTC","responsecode":200,"routeparentid":7091},{"union_rowno":3,"row":193,"routeno":"345-F STJOHN-ANK","responsecode":200,"routeparentid":3492},{"union_rowno":3,"row":194,"routeno":"347-F","responsecode":200,"routeparentid":3517},{"union_rowno":3,"row":195,"routeno":"348-F","responsecode":200,"routeparentid":1025},{"union_rowno":3,"row":196,"routeno":"356-CW CSB-ELCW FLY","responsecode":200,"routeparentid":6973},{"union_rowno":3,"row":197,"routeno":"356-CW INF-HSRBDA","responsecode":200,"routeparentid":5916},{"union_rowno":3,"row":198,"routeno":"356-CW SRN-HSRBDA UNFLY","responsecode":200,"routeparentid":5329},{"union_rowno":3,"row":199,"routeno":"356-CW UFLY","responsecode":200,"routeparentid":1062},{"union_rowno":3,"row":200,"routeno":"356-F","responsecode":200,"routeparentid":5330},{"union_rowno":3,"row":201,"routeno":"356-M KBS-ELCFLY-ANK","responsecode":200,"routeparentid":4884},{"union_rowno":3,"row":202,"routeno":"360-K Fly KBS-ATB","responsecode":200,"routeparentid":6495},{"union_rowno":3,"row":203,"routeno":"361-C FLYOVER","responsecode":200,"routeparentid":2866},{"union_rowno":3,"row":204,"routeno":"362-F","responsecode":200,"routeparentid":5260},{"union_rowno":3,"row":205,"routeno":"362-F KBS-KRMTTMC","responsecode":200,"routeparentid":5054},{"union_rowno":3,"row":206,"routeno":"364-F","responsecode":200,"routeparentid":2344},{"union_rowno":3,"row":207,"routeno":"365-F","responsecode":200,"routeparentid":2006},{"union_rowno":3,"row":208,"routeno":"366-F","responsecode":200,"routeparentid":5109},{"union_rowno":3,"row":209,"routeno":"369-K KBS-DLF","responsecode":200,"routeparentid":5008},{"union_rowno":3,"row":210,"routeno":"369-K VSD-DLF","responsecode":200,"routeparentid":4423},{"union_rowno":3,"row":211,"routeno":"369 KMT-DLF","responsecode":200,"routeparentid":6637},{"union_rowno":3,"row":212,"routeno":"36-F","responsecode":200,"routeparentid":4452},{"union_rowno":3,"row":213,"routeno":"36 VSD-KMTFLY-SRN","responsecode":200,"routeparentid":6170},{"union_rowno":3,"row":214,"routeno":"372-F","responsecode":200,"routeparentid":2510},{"union_rowno":3,"row":215,"routeno":"375-D JGF-BSK","responsecode":200,"routeparentid":7305},{"union_rowno":3,"row":216,"routeno":"380-F","responsecode":200,"routeparentid":3554},{"union_rowno":3,"row":217,"routeno":"399-F","responsecode":200,"routeparentid":3707},{"union_rowno":3,"row":218,"routeno":"399-F ANK-ATB","responsecode":200,"routeparentid":5164},{"union_rowno":3,"row":219,"routeno":"399-F ATB-D27G","responsecode":200,"routeparentid":5141},{"union_rowno":3,"row":220,"routeno":"399-F D27G-ANK-HSK","responsecode":200,"routeparentid":6010},{"union_rowno":3,"row":221,"routeno":"399-F D42G-HUK-ANK","responsecode":200,"routeparentid":5793},{"union_rowno":3,"row":222,"routeno":"399-F OMS-ANK","responsecode":200,"routeparentid":6129},{"union_rowno":3,"row":223,"routeno":"3F-1","responsecode":200,"routeparentid":5340},{"union_rowno":3,"row":224,"routeno":"3F-1 D42G-ANK","responsecode":200,"routeparentid":6834},{"union_rowno":3,"row":225,"routeno":"3F-5","responsecode":200,"routeparentid":5341},{"union_rowno":3,"row":226,"routeno":"3F-5 ANK-KGR","responsecode":200,"routeparentid":6606},{"union_rowno":3,"row":227,"routeno":"401-AF","responsecode":200,"routeparentid":3012},{"union_rowno":3,"row":228,"routeno":"401-AF GKWL-YHKOT","responsecode":200,"routeparentid":7223},{"union_rowno":3,"row":229,"routeno":"401-AF YHKOT-BELF","responsecode":200,"routeparentid":7335},{"union_rowno":3,"row":230,"routeno":"401-AF YHKOT-CLO","responsecode":200,"routeparentid":7224},{"union_rowno":3,"row":231,"routeno":"401-B YHKOT-BELF","responsecode":200,"routeparentid":7222},{"union_rowno":3,"row":232,"routeno":"401-F","responsecode":200,"routeparentid":3119},{"union_rowno":3,"row":233,"routeno":"401-K KGR-BELF","responsecode":200,"routeparentid":6912},{"union_rowno":3,"row":234,"routeno":"401-R MLO-BELF","responsecode":200,"routeparentid":7159},{"union_rowno":3,"row":235,"routeno":"401-Z GFGC-YBS","responsecode":200,"routeparentid":7329},{"union_rowno":3,"row":236,"routeno":"402-B YSTF-VSD-SBS","responsecode":200,"routeparentid":6304},{"union_rowno":3,"row":237,"routeno":"402-D CVB-YSTF","responsecode":200,"routeparentid":1189},{"union_rowno":3,"row":238,"routeno":"402-D GPO-RMG-YSTF","responsecode":200,"routeparentid":5595},{"union_rowno":3,"row":239,"routeno":"402-D KBS-VSD-YSTF","responsecode":200,"routeparentid":1186},{"union_rowno":3,"row":240,"routeno":"407-F","responsecode":200,"routeparentid":3541},{"union_rowno":3,"row":241,"routeno":"410-F","responsecode":200,"routeparentid":3270},{"union_rowno":3,"row":242,"routeno":"410-F BSK-SSPC","responsecode":200,"routeparentid":4704},{"union_rowno":3,"row":243,"routeno":"410-FA BMBS-CSB","responsecode":200,"routeparentid":6943},{"union_rowno":3,"row":244,"routeno":"410-FA DPJN-YBS","responsecode":200,"routeparentid":6622},{"union_rowno":3,"row":245,"routeno":"410-FA MRBS-BSK","responsecode":200,"routeparentid":4238},{"union_rowno":3,"row":246,"routeno":"410-FA YTTMC-MRBS","responsecode":200,"routeparentid":4235},{"union_rowno":3,"row":247,"routeno":"410-FB","responsecode":200,"routeparentid":3282},{"union_rowno":3,"row":248,"routeno":"410-FC BSK-TVK","responsecode":200,"routeparentid":2230},{"union_rowno":3,"row":249,"routeno":"410-FC JHC-GGP-CLO","responsecode":200,"routeparentid":7346},{"union_rowno":3,"row":250,"routeno":"410-FD","responsecode":200,"routeparentid":3664},{"union_rowno":3,"row":251,"routeno":"410-FH","responsecode":200,"routeparentid":4463},{"union_rowno":3,"row":252,"routeno":"410-FJ","responsecode":200,"routeparentid":3291},{"union_rowno":3,"row":253,"routeno":"410-K JHC-NDHMF","responsecode":200,"routeparentid":4462},{"union_rowno":3,"row":254,"routeno":"415-F","responsecode":200,"routeparentid":3321},{"union_rowno":3,"row":255,"routeno":"45-F","responsecode":200,"routeparentid":2391},{"union_rowno":3,"row":256,"routeno":"45-F BSK-CKA","responsecode":200,"routeparentid":3196},{"union_rowno":3,"row":257,"routeno":"45-G KMK-KBS-BEMLF","responsecode":200,"routeparentid":6509},{"union_rowno":3,"row":258,"routeno":"500-A BSK-BELF","responsecode":200,"routeparentid":6230},{"union_rowno":3,"row":259,"routeno":"500-A CSB-YSTF","responsecode":200,"routeparentid":1714},{"union_rowno":3,"row":260,"routeno":"500-A D45-BEMLF","responsecode":200,"routeparentid":4323},{"union_rowno":3,"row":261,"routeno":"500-CF","responsecode":200,"routeparentid":2238},{"union_rowno":3,"row":262,"routeno":"500-CF BSK-HSS","responsecode":200,"routeparentid":2474},{"union_rowno":3,"row":263,"routeno":"500-CF BTM-KGUR","responsecode":200,"routeparentid":5696},{"union_rowno":3,"row":264,"routeno":"500-CF D41G-CSB","responsecode":200,"routeparentid":5820},{"union_rowno":3,"row":265,"routeno":"500-CF D41G-SJP-CKT","responsecode":200,"routeparentid":6989},{"union_rowno":3,"row":266,"routeno":"500-CF SEPB-BSK","responsecode":200,"routeparentid":2829},{"union_rowno":3,"row":267,"routeno":"500-D BELF-CSB","responsecode":200,"routeparentid":6235},{"union_rowno":3,"row":268,"routeno":"500-D BEML-TNF-CSB","responsecode":200,"routeparentid":7559},{"union_rowno":3,"row":269,"routeno":"500-D BEMLF-GGP-CKB","responsecode":200,"routeparentid":6609},{"union_rowno":3,"row":270,"routeno":"500-D D24G-TNF-MTHB","responsecode":200,"routeparentid":5912},{"union_rowno":3,"row":271,"routeno":"500-D MNK-TNF-D24G","responsecode":200,"routeparentid":3865},{"union_rowno":3,"row":272,"routeno":"500-DC D38G-BELF","responsecode":200,"routeparentid":6252},{"union_rowno":3,"row":273,"routeno":"500-F","responsecode":200,"routeparentid":1024},{"union_rowno":3,"row":274,"routeno":"500-F HSK-KDG-CSB","responsecode":200,"routeparentid":5772},{"union_rowno":3,"row":275,"routeno":"500-F KDG-ATB","responsecode":200,"routeparentid":5447},{"union_rowno":3,"row":276,"routeno":"500-FB","responsecode":200,"routeparentid":2814},{"union_rowno":3,"row":277,"routeno":"500-FB BSK-VRTK-KDG","responsecode":200,"routeparentid":1028},{"union_rowno":3,"row":278,"routeno":"500-FB KRM-KDG","responsecode":200,"routeparentid":6884},{"union_rowno":3,"row":279,"routeno":"500-FB SEPB-KDG","responsecode":200,"routeparentid":2821},{"union_rowno":3,"row":280,"routeno":"500-HG HSK-BELF","responsecode":200,"routeparentid":6251},{"union_rowno":3,"row":281,"routeno":"500-HK D48G-TNF-HSK","responsecode":200,"routeparentid":2924},{"union_rowno":3,"row":282,"routeno":"500-L BSK-TNF-KRPGH","responsecode":200,"routeparentid":6469},{"union_rowno":3,"row":283,"routeno":"500L D6G-TNF-BSK","responsecode":200,"routeparentid":5507},{"union_rowno":3,"row":284,"routeno":"500-Q D10G-TNF-KRPGH","responsecode":200,"routeparentid":6458},{"union_rowno":3,"row":285,"routeno":"500-Q KRPGH-BELF","responsecode":200,"routeparentid":7079},{"union_rowno":3,"row":286,"routeno":"500-Q KRPGH-TNF-BGLR","responsecode":200,"routeparentid":6454},{"union_rowno":3,"row":287,"routeno":"500-Q VNS-TNF-KRPGH","responsecode":200,"routeparentid":5512},{"union_rowno":3,"row":288,"routeno":"500-QG KRPGH-BELF","responsecode":200,"routeparentid":6237},{"union_rowno":3,"row":289,"routeno":"500-Y YSTF-D10G","responsecode":200,"routeparentid":5811},{"union_rowno":3,"row":290,"routeno":"501-A BSK-BELF","responsecode":200,"routeparentid":6913},{"union_rowno":3,"row":291,"routeno":"501-BH BSK-BELF","responsecode":200,"routeparentid":6911},{"union_rowno":3,"row":292,"routeno":"502-D JGF-SMH-GGP-KRPGH","responsecode":200,"routeparentid":5244},{"union_rowno":3,"row":293,"routeno":"502-FA","responsecode":200,"routeparentid":1645},{"union_rowno":3,"row":294,"routeno":"502-FA D9-NMG","responsecode":200,"routeparentid":6298},{"union_rowno":3,"row":295,"routeno":"506 TNF-DVG","responsecode":200,"routeparentid":3688},{"union_rowno":3,"row":296,"routeno":"507-DY KRPGH-YSTF","responsecode":200,"routeparentid":6919},{"union_rowno":3,"row":297,"routeno":"50 BNR-SBS Flyover","responsecode":200,"routeparentid":6273},{"union_rowno":3,"row":298,"routeno":"59-F","responsecode":200,"routeparentid":1828},{"union_rowno":3,"row":299,"routeno":"5F KGR-ANP","responsecode":200,"routeparentid":4469},{"union_rowno":3,"row":300,"routeno":"600-CF","responsecode":200,"routeparentid":3463},{"union_rowno":3,"row":301,"routeno":"600-CF UFLY","responsecode":200,"routeparentid":3479},{"union_rowno":3,"row":302,"routeno":"600-F","responsecode":200,"routeparentid":1508},{"union_rowno":3,"row":303,"routeno":"600-F ATB-BSK-VLS","responsecode":200,"routeparentid":5194},{"union_rowno":3,"row":304,"routeno":"600-F ATB-KRM","responsecode":200,"routeparentid":2739},{"union_rowno":3,"row":305,"routeno":"600-F BEML5-ATB","responsecode":200,"routeparentid":2689},{"union_rowno":3,"row":306,"routeno":"600-F BSK-BOMC","responsecode":200,"routeparentid":6321},{"union_rowno":3,"row":307,"routeno":"600-F BSK-D32","responsecode":200,"routeparentid":6117},{"union_rowno":3,"row":308,"routeno":"600-F BSK-OMC","responsecode":200,"routeparentid":2695},{"union_rowno":3,"row":309,"routeno":"600-F CPR-NDH-BEML5","responsecode":200,"routeparentid":2793},{"union_rowno":3,"row":310,"routeno":"600-F D38G-BSK","responsecode":200,"routeparentid":5342},{"union_rowno":3,"row":311,"routeno":"600-F FLYOVER","responsecode":200,"routeparentid":1509},{"union_rowno":3,"row":312,"routeno":"600-F JBS-ELCW","responsecode":200,"routeparentid":6131},{"union_rowno":3,"row":313,"routeno":"600-F SGH-ATB","responsecode":200,"routeparentid":7303},{"union_rowno":3,"row":314,"routeno":"600-FA","responsecode":200,"routeparentid":5569},{"union_rowno":3,"row":315,"routeno":"600-FC","responsecode":200,"routeparentid":2710},{"union_rowno":3,"row":316,"routeno":"600-FC BEML5-JGNAPC","responsecode":200,"routeparentid":2714},{"union_rowno":3,"row":317,"routeno":"600-FC D27-JAPC","responsecode":200,"routeparentid":5132},{"union_rowno":3,"row":318,"routeno":"600-FD","responsecode":200,"routeparentid":1254},{"union_rowno":3,"row":319,"routeno":"61-F","responsecode":200,"routeparentid":4168},{"union_rowno":3,"row":320,"routeno":"75-F","responsecode":200,"routeparentid":4023},{"union_rowno":3,"row":321,"routeno":"79-F","responsecode":200,"routeparentid":4978},{"union_rowno":3,"row":322,"routeno":"80-F","responsecode":200,"routeparentid":4934},{"union_rowno":3,"row":323,"routeno":"80-F JBN-YTTMC","responsecode":200,"routeparentid":4940},{"union_rowno":3,"row":324,"routeno":"89-F","responsecode":200,"routeparentid":5024},{"union_rowno":3,"row":325,"routeno":"89-F YTTMC-GBER","responsecode":200,"routeparentid":5027},{"union_rowno":3,"row":326,"routeno":"98-F","responsecode":200,"routeparentid":4958},{"union_rowno":3,"row":327,"routeno":"98-F YTTMC-GGP-VSL","responsecode":200,"routeparentid":4955},{"union_rowno":3,"row":328,"routeno":"AmnexTestForRoute","responsecode":200,"routeparentid":1139},{"union_rowno":3,"row":329,"routeno":"BELFGS-40","responsecode":200,"routeparentid":6916},{"union_rowno":3,"row":330,"routeno":"CFLF-2","responsecode":200,"routeparentid":5470},{"union_rowno":3,"row":331,"routeno":"CFLS-1","responsecode":200,"routeparentid":4416},{"union_rowno":3,"row":332,"routeno":"CS-KBS-BELF","responsecode":200,"routeparentid":7359},{"union_rowno":3,"row":333,"routeno":"D06G-BEMLF","responsecode":200,"routeparentid":6046},{"union_rowno":3,"row":334,"routeno":"D10G-FZF","responsecode":200,"routeparentid":6194},{"union_rowno":3,"row":335,"routeno":"D11-YSTF","responsecode":200,"routeparentid":3718},{"union_rowno":3,"row":336,"routeno":"D18-WFTTMC","responsecode":200,"routeparentid":1692},{"union_rowno":3,"row":338,"routeno":"D24G-TNF","responsecode":200,"routeparentid":3450},{"union_rowno":3,"row":339,"routeno":"D24-TNF","responsecode":200,"routeparentid":6314},{"union_rowno":3,"row":340,"routeno":"D36G-GFGC","responsecode":200,"routeparentid":2538},{"union_rowno":3,"row":341,"routeno":"D45G-YSTF","responsecode":200,"routeparentid":3442},{"union_rowno":3,"row":344,"routeno":"G-10 KBS-THS-YSTF","responsecode":200,"routeparentid":7216},{"union_rowno":3,"row":345,"routeno":"G-10 KMT-THS-YSTF","responsecode":200,"routeparentid":7215},{"union_rowno":3,"row":346,"routeno":"G-6 FLYOVER","responsecode":200,"routeparentid":3984},{"union_rowno":3,"row":347,"routeno":"HSR FDR-1","responsecode":200,"routeparentid":6438},{"union_rowno":3,"row":348,"routeno":"HSR FDR-1A","responsecode":200,"routeparentid":6437},{"union_rowno":3,"row":349,"routeno":"IFC-D36G","responsecode":200,"routeparentid":1298},{"union_rowno":3,"row":350,"routeno":"INF-10","responsecode":200,"routeparentid":5930},{"union_rowno":3,"row":351,"routeno":"INF-11","responsecode":200,"routeparentid":5935},{"union_rowno":3,"row":352,"routeno":"INF-1A","responsecode":200,"routeparentid":5936},{"union_rowno":3,"row":353,"routeno":"INF-39","responsecode":200,"routeparentid":5878},{"union_rowno":3,"row":354,"routeno":"INF-46","responsecode":200,"routeparentid":5879},{"union_rowno":3,"row":355,"routeno":"INF-47","responsecode":200,"routeparentid":5882},{"union_rowno":3,"row":356,"routeno":"INFOSYS-12","responsecode":200,"routeparentid":5929},{"union_rowno":3,"row":357,"routeno":"INFOSYS-17A","responsecode":200,"routeparentid":5919},{"union_rowno":3,"row":358,"routeno":"INFOSYS-18","responsecode":200,"routeparentid":5918},{"union_rowno":3,"row":359,"routeno":"INFOSYS-24","responsecode":200,"routeparentid":5845},{"union_rowno":3,"row":360,"routeno":"INFOSYS-27E","responsecode":200,"routeparentid":6110},{"union_rowno":3,"row":361,"routeno":"INFOSYS-28","responsecode":200,"routeparentid":6103},{"union_rowno":3,"row":362,"routeno":"INFOSYS-29","responsecode":200,"routeparentid":6102},{"union_rowno":3,"row":363,"routeno":"INFOSYS-31","responsecode":200,"routeparentid":6104},{"union_rowno":3,"row":364,"routeno":"INFOSYS-32","responsecode":200,"routeparentid":6107},{"union_rowno":3,"row":365,"routeno":"INFOSYS-34","responsecode":200,"routeparentid":6108},{"union_rowno":3,"row":366,"routeno":"INFOSYS-35","responsecode":200,"routeparentid":6109},{"union_rowno":3,"row":367,"routeno":"INFOSYS-52","responsecode":200,"routeparentid":6098},{"union_rowno":3,"row":368,"routeno":"INFOSYS-53","responsecode":200,"routeparentid":6100},{"union_rowno":3,"row":369,"routeno":"INFOSYS-55","responsecode":200,"routeparentid":5901},{"union_rowno":3,"row":370,"routeno":"INFOSYS-58C","responsecode":200,"routeparentid":6101},{"union_rowno":3,"row":371,"routeno":"ITPL-2F","responsecode":200,"routeparentid":2912},{"union_rowno":3,"row":372,"routeno":"JGF-02","responsecode":200,"routeparentid":4751},{"union_rowno":3,"row":373,"routeno":"JGF-4","responsecode":200,"routeparentid":4476},{"union_rowno":3,"row":374,"routeno":"KBS-12HK BEMLF-HSK","responsecode":200,"routeparentid":7221},{"union_rowno":3,"row":375,"routeno":"KBS-3A FLY","responsecode":200,"routeparentid":1095},{"union_rowno":3,"row":376,"routeno":"KBS-3C FLYOVER","responsecode":200,"routeparentid":1501},{"union_rowno":3,"row":377,"routeno":"KBS-3E FLY","responsecode":200,"routeparentid":6972},{"union_rowno":3,"row":378,"routeno":"KBS-3E KBS-INF","responsecode":200,"routeparentid":5880},{"union_rowno":3,"row":379,"routeno":"KBS-3F","responsecode":200,"routeparentid":2697},{"union_rowno":3,"row":380,"routeno":"KBS-3F FLY VSD-ELC-ATB","responsecode":200,"routeparentid":6494},{"union_rowno":3,"row":381,"routeno":"KBS-RMCPFO","responsecode":200,"routeparentid":4912},{"union_rowno":3,"row":382,"routeno":"KBS-TNF-KRPGH","responsecode":200,"routeparentid":6840},{"union_rowno":3,"row":383,"routeno":"KMT-TNF-KRPGH","responsecode":200,"routeparentid":7204},{"union_rowno":3,"row":384,"routeno":"KRMTTMC-MRHB-BEMLF","responsecode":200,"routeparentid":5554},{"union_rowno":3,"row":385,"routeno":"MF-1","responsecode":200,"routeparentid":3680},{"union_rowno":3,"row":386,"routeno":"MF-10","responsecode":200,"routeparentid":6981},{"union_rowno":3,"row":387,"routeno":"MF-10 TNF-BDGRC-KDGM","responsecode":200,"routeparentid":6982},{"union_rowno":3,"row":388,"routeno":"MF-11","responsecode":200,"routeparentid":7171},{"union_rowno":3,"row":389,"routeno":"MF-11 KRPGH-TNF-KDGM","responsecode":200,"routeparentid":7419},{"union_rowno":3,"row":390,"routeno":"MF-12","responsecode":200,"routeparentid":2540},{"union_rowno":3,"row":391,"routeno":"MF-12 BSK-CLO","responsecode":200,"routeparentid":5301},{"union_rowno":3,"row":392,"routeno":"MF-13","responsecode":200,"routeparentid":6751},{"union_rowno":3,"row":393,"routeno":"MF-13 VJN-VJN","responsecode":200,"routeparentid":7100},{"union_rowno":3,"row":394,"routeno":"MF-14","responsecode":200,"routeparentid":7139},{"union_rowno":3,"row":395,"routeno":"MF-14 BEML5-RRMS","responsecode":200,"routeparentid":7140},{"union_rowno":3,"row":396,"routeno":"MF-14A","responsecode":200,"routeparentid":4164},{"union_rowno":3,"row":397,"routeno":"MF-15","responsecode":200,"routeparentid":6596},{"union_rowno":3,"row":399,"routeno":"MF-15A","responsecode":200,"routeparentid":7102},{"union_rowno":3,"row":400,"routeno":"MF-15A BSK-JSD","responsecode":200,"routeparentid":7360},{"union_rowno":3,"row":401,"routeno":"MF-16","responsecode":200,"routeparentid":7119},{"union_rowno":3,"row":402,"routeno":"MF-16 CLO-SNBS","responsecode":200,"routeparentid":7115},{"union_rowno":3,"row":403,"routeno":"MF-16 DPJN-SNBS","responsecode":200,"routeparentid":7114},{"union_rowno":3,"row":404,"routeno":"MF-16A","responsecode":200,"routeparentid":7117},{"union_rowno":3,"row":405,"routeno":"MF-17","responsecode":200,"routeparentid":4471},{"union_rowno":3,"row":406,"routeno":"MF-18","responsecode":200,"routeparentid":6749},{"union_rowno":3,"row":407,"routeno":"MF-18A","responsecode":200,"routeparentid":6753},{"union_rowno":3,"row":408,"routeno":"MF-19","responsecode":200,"routeparentid":6605},{"union_rowno":3,"row":409,"routeno":"MF-1A","responsecode":200,"routeparentid":3682},{"union_rowno":3,"row":410,"routeno":"MF-1C","responsecode":200,"routeparentid":4916},{"union_rowno":3,"row":411,"routeno":"MF-1E","responsecode":200,"routeparentid":2750},{"union_rowno":3,"row":412,"routeno":"MF-1F","responsecode":200,"routeparentid":7367},{"union_rowno":3,"row":413,"routeno":"MF-1F D06G-RMN","responsecode":200,"routeparentid":6756},{"union_rowno":3,"row":414,"routeno":"MF-1F D6G-RMN","responsecode":200,"routeparentid":7567},{"union_rowno":3,"row":415,"routeno":"MF-1F.","responsecode":200,"routeparentid":6755},{"union_rowno":3,"row":416,"routeno":"MF-1G","responsecode":200,"routeparentid":6392},{"union_rowno":3,"row":417,"routeno":"MF-1G ITPLMS-WTTMC","responsecode":200,"routeparentid":6396},{"union_rowno":3,"row":418,"routeno":"MF-1GA","responsecode":200,"routeparentid":6393},{"union_rowno":3,"row":419,"routeno":"MF-1GA ITPLMS-WTTMC","responsecode":200,"routeparentid":6397},{"union_rowno":3,"row":420,"routeno":"MF-1K","responsecode":200,"routeparentid":6391},{"union_rowno":3,"row":421,"routeno":"MF-1K D39G-KDGMS","responsecode":200,"routeparentid":6395},{"union_rowno":3,"row":422,"routeno":"MF-1K MDR-KDGMS","responsecode":200,"routeparentid":6398},{"union_rowno":3,"row":423,"routeno":"MF-2","responsecode":200,"routeparentid":7469},{"union_rowno":3,"row":424,"routeno":"MF-2 KRPMS-D24G","responsecode":200,"routeparentid":6571},{"union_rowno":3,"row":425,"routeno":"MF-20","responsecode":200,"routeparentid":6940},{"union_rowno":3,"row":426,"routeno":"MF-20A","responsecode":200,"routeparentid":3513},{"union_rowno":3,"row":427,"routeno":"MF-21","responsecode":200,"routeparentid":6594},{"union_rowno":3,"row":428,"routeno":"MF-211AA","responsecode":200,"routeparentid":4396},{"union_rowno":3,"row":429,"routeno":"MF-211AC","responsecode":200,"routeparentid":4418},{"union_rowno":3,"row":430,"routeno":"MF-211AC BSK-CNV","responsecode":200,"routeparentid":6156},{"union_rowno":3,"row":431,"routeno":"MF-211AC VSD-KGP","responsecode":200,"routeparentid":4421},{"union_rowno":3,"row":432,"routeno":"MF-211AD","responsecode":200,"routeparentid":4410},{"union_rowno":3,"row":433,"routeno":"MF-211UB","responsecode":200,"routeparentid":1889},{"union_rowno":3,"row":434,"routeno":"MF-215-BB","responsecode":200,"routeparentid":4477},{"union_rowno":3,"row":435,"routeno":"MF-215BB","responsecode":200,"routeparentid":6658},{"union_rowno":3,"row":436,"routeno":"MF-215CA","responsecode":200,"routeparentid":4440},{"union_rowno":3,"row":437,"routeno":"MF-23","responsecode":200,"routeparentid":4127},{"union_rowno":3,"row":438,"routeno":"MF-23A","responsecode":200,"routeparentid":4301},{"union_rowno":3,"row":439,"routeno":"MF-23B","responsecode":200,"routeparentid":6558},{"union_rowno":3,"row":440,"routeno":"MF-23B VNS-JHCMS","responsecode":200,"routeparentid":6955},{"union_rowno":3,"row":441,"routeno":"MF-23E","responsecode":200,"routeparentid":6660},{"union_rowno":3,"row":442,"routeno":"MF-23E D45-JHMS","responsecode":200,"routeparentid":6663},{"union_rowno":3,"row":443,"routeno":"MF-23E MSP-LGR","responsecode":200,"routeparentid":6674},{"union_rowno":3,"row":444,"routeno":"MF-24","responsecode":200,"routeparentid":3981},{"union_rowno":3,"row":445,"routeno":"MF-24 LGR-NGMS","responsecode":200,"routeparentid":5406},{"union_rowno":3,"row":446,"routeno":"MF-248A","responsecode":200,"routeparentid":3849},{"union_rowno":3,"row":447,"routeno":"MF-248G","responsecode":200,"routeparentid":4692},{"union_rowno":3,"row":448,"routeno":"MF-25","responsecode":200,"routeparentid":6669},{"union_rowno":3,"row":449,"routeno":"MF-250AC","responsecode":200,"routeparentid":3859},{"union_rowno":3,"row":450,"routeno":"MF-250AC YPROLD-CKB","responsecode":200,"routeparentid":3873},{"union_rowno":3,"row":451,"routeno":"MF-250DA","responsecode":200,"routeparentid":4696},{"union_rowno":3,"row":452,"routeno":"MF-253HE","responsecode":200,"routeparentid":5001},{"union_rowno":3,"row":453,"routeno":"MF-258CB","responsecode":200,"routeparentid":1636},{"union_rowno":3,"row":454,"routeno":"MF-25A","responsecode":200,"routeparentid":6880},{"union_rowno":3,"row":455,"routeno":"MF-26","responsecode":200,"routeparentid":3914},{"union_rowno":3,"row":456,"routeno":"MF-26 D45-JHC-CDN","responsecode":200,"routeparentid":6501},{"union_rowno":3,"row":457,"routeno":"MF-26 PSS-JHMS","responsecode":200,"routeparentid":3935},{"union_rowno":3,"row":458,"routeno":"MF-27","responsecode":200,"routeparentid":6670},{"union_rowno":3,"row":459,"routeno":"MF-27 PSS-MKL","responsecode":200,"routeparentid":6673},{"union_rowno":3,"row":460,"routeno":"MF-271Q","responsecode":200,"routeparentid":4305},{"union_rowno":3,"row":461,"routeno":"MF-271R","responsecode":200,"routeparentid":4315},{"union_rowno":3,"row":462,"routeno":"MF-28","responsecode":200,"routeparentid":6333},{"union_rowno":3,"row":463,"routeno":"MF-28 PMS-VRP","responsecode":200,"routeparentid":6291},{"union_rowno":3,"row":464,"routeno":"MF-28 YTTMC-VRP","responsecode":200,"routeparentid":6292},{"union_rowno":3,"row":465,"routeno":"MF-29","responsecode":200,"routeparentid":6874},{"union_rowno":3,"row":466,"routeno":"MF-29 MNH-LGR","responsecode":200,"routeparentid":6875},{"union_rowno":3,"row":467,"routeno":"MF-29 PSS-MNH","responsecode":200,"routeparentid":6876},{"union_rowno":3,"row":468,"routeno":"MF-3","responsecode":200,"routeparentid":6572},{"union_rowno":3,"row":469,"routeno":"MF-3 D24G-MRHB-KDG","responsecode":200,"routeparentid":6573},{"union_rowno":3,"row":470,"routeno":"MF-30","responsecode":200,"routeparentid":6878},{"union_rowno":3,"row":471,"routeno":"MF-30 PSS-RKN","responsecode":200,"routeparentid":7094},{"union_rowno":3,"row":472,"routeno":"MF-304K","responsecode":200,"routeparentid":2255},{"union_rowno":3,"row":473,"routeno":"MF-304K KRP-CNS","responsecode":200,"routeparentid":2256},{"union_rowno":3,"row":474,"routeno":"MF-304VS","responsecode":200,"routeparentid":2513},{"union_rowno":3,"row":475,"routeno":"MF-31","responsecode":200,"routeparentid":6879},{"union_rowno":3,"row":476,"routeno":"MF-319E","responsecode":200,"routeparentid":2517},{"union_rowno":3,"row":477,"routeno":"MF-32","responsecode":200,"routeparentid":7142},{"union_rowno":3,"row":478,"routeno":"MF-32 PSS-CKB","responsecode":200,"routeparentid":7143},{"union_rowno":3,"row":479,"routeno":"MF-327SA","responsecode":200,"routeparentid":2518},{"union_rowno":3,"row":480,"routeno":"MF-327SA D6G-ATB","responsecode":200,"routeparentid":5493},{"union_rowno":3,"row":481,"routeno":"MF-328HB","responsecode":200,"routeparentid":2521},{"union_rowno":3,"row":482,"routeno":"MF-33","responsecode":200,"routeparentid":2524},{"union_rowno":3,"row":483,"routeno":"MF--34","responsecode":200,"routeparentid":7330},{"union_rowno":3,"row":485,"routeno":"MF-35","responsecode":200,"routeparentid":7557},{"union_rowno":3,"row":486,"routeno":"MF-36","responsecode":200,"routeparentid":2543},{"union_rowno":3,"row":487,"routeno":"MF-36 SIMS-KTTMC","responsecode":200,"routeparentid":5423},{"union_rowno":3,"row":488,"routeno":"MF-369T","responsecode":200,"routeparentid":2546},{"union_rowno":3,"row":489,"routeno":"MF-375D","responsecode":200,"routeparentid":1576},{"union_rowno":3,"row":490,"routeno":"MF-375D KTTMC-BSK-KDG","responsecode":200,"routeparentid":4148},{"union_rowno":3,"row":491,"routeno":"MF-375E","responsecode":200,"routeparentid":5415},{"union_rowno":3,"row":492,"routeno":"MF-375H","responsecode":200,"routeparentid":1974},{"union_rowno":3,"row":493,"routeno":"MF-378","responsecode":200,"routeparentid":1100},{"union_rowno":3,"row":494,"routeno":"MF-378 ELC-NDG-KGR","responsecode":200,"routeparentid":6624},{"union_rowno":3,"row":495,"routeno":"MF-378 KNG-ATB","responsecode":200,"routeparentid":4848},{"union_rowno":3,"row":496,"routeno":"MF-39","responsecode":200,"routeparentid":5360},{"union_rowno":3,"row":497,"routeno":"MF-39 BUCG-UDB","responsecode":200,"routeparentid":5362},{"union_rowno":3,"row":498,"routeno":"MF-39 CLO-RMS","responsecode":200,"routeparentid":5364},{"union_rowno":3,"row":499,"routeno":"MF-3A","responsecode":200,"routeparentid":6924},{"union_rowno":3,"row":500,"routeno":"MF-4","responsecode":200,"routeparentid":6574},{"union_rowno":3,"row":501,"routeno":"MF-40","responsecode":200,"routeparentid":2539},{"union_rowno":3,"row":502,"routeno":"MF-401","responsecode":200,"routeparentid":1651},{"union_rowno":3,"row":503,"routeno":"MF-401 YTTMC-MTKR","responsecode":200,"routeparentid":5870},{"union_rowno":3,"row":504,"routeno":"MF-401AA","responsecode":200,"routeparentid":1658},{"union_rowno":3,"row":505,"routeno":"MF-401AD","responsecode":200,"routeparentid":6590},{"union_rowno":3,"row":506,"routeno":"MF-401KB","responsecode":200,"routeparentid":1652},{"union_rowno":3,"row":507,"routeno":"MF-401KB KGR-VJN","responsecode":200,"routeparentid":7136},{"union_rowno":3,"row":508,"routeno":"MF-401KB STBEN-YTTMC","responsecode":200,"routeparentid":4952},{"union_rowno":3,"row":509,"routeno":"MF-401KM","responsecode":200,"routeparentid":1654},{"union_rowno":3,"row":510,"routeno":"MF-401KM MLO-AIT","responsecode":200,"routeparentid":7033},{"union_rowno":3,"row":511,"routeno":"MF-401M","responsecode":200,"routeparentid":1086},{"union_rowno":3,"row":512,"routeno":"MF-401M PSS-D31G","responsecode":200,"routeparentid":1626},{"union_rowno":3,"row":513,"routeno":"MF-401RE","responsecode":200,"routeparentid":5428},{"union_rowno":3,"row":514,"routeno":"MF-401RF","responsecode":200,"routeparentid":3441},{"union_rowno":3,"row":515,"routeno":"MF-401RH","responsecode":200,"routeparentid":2535},{"union_rowno":3,"row":516,"routeno":"MF-40A","responsecode":200,"routeparentid":5662},{"union_rowno":3,"row":517,"routeno":"MF-41","responsecode":200,"routeparentid":1833},{"union_rowno":3,"row":518,"routeno":"MF-410A","responsecode":200,"routeparentid":2993},{"union_rowno":3,"row":519,"routeno":"MF-410FA","responsecode":200,"routeparentid":1659},{"union_rowno":3,"row":520,"routeno":"MF-410FC","responsecode":200,"routeparentid":2287},{"union_rowno":3,"row":521,"routeno":"MF-410FG","responsecode":200,"routeparentid":1672},{"union_rowno":3,"row":522,"routeno":"MF-410K","responsecode":200,"routeparentid":2523},{"union_rowno":3,"row":523,"routeno":"MF-410K BSK-PSBS","responsecode":200,"routeparentid":2526},{"union_rowno":3,"row":524,"routeno":"MF-42","responsecode":200,"routeparentid":3112},{"union_rowno":3,"row":525,"routeno":"MF-43","responsecode":200,"routeparentid":7555},{"union_rowno":3,"row":526,"routeno":"MF-43A","responsecode":200,"routeparentid":7556},{"union_rowno":3,"row":527,"routeno":"MF-44","responsecode":200,"routeparentid":4101},{"union_rowno":3,"row":528,"routeno":"MF-44A","responsecode":200,"routeparentid":1108},{"union_rowno":3,"row":529,"routeno":"MF-45","responsecode":200,"routeparentid":2531},{"union_rowno":3,"row":530,"routeno":"MF-45 VTTMC-ABG","responsecode":200,"routeparentid":6379},{"union_rowno":3,"row":531,"routeno":"MF-46","responsecode":200,"routeparentid":6980},{"union_rowno":3,"row":532,"routeno":"MF-47","responsecode":200,"routeparentid":7149},{"union_rowno":3,"row":533,"routeno":"MF-47A","responsecode":200,"routeparentid":7148},{"union_rowno":3,"row":534,"routeno":"MF-4A","responsecode":200,"routeparentid":6925},{"union_rowno":3,"row":535,"routeno":"MF-5","responsecode":200,"routeparentid":1789},{"union_rowno":3,"row":536,"routeno":"MF-5 SGH-SMVRS","responsecode":200,"routeparentid":6244},{"union_rowno":3,"row":537,"routeno":"MF-5 SMVT-BSK","responsecode":200,"routeparentid":7284},{"union_rowno":3,"row":538,"routeno":"MF-500EB","responsecode":200,"routeparentid":3031},{"union_rowno":3,"row":539,"routeno":"MF-500EB BYPMS-ELC","responsecode":200,"routeparentid":3072},{"union_rowno":3,"row":540,"routeno":"MF-500EB D6G-ELCW","responsecode":200,"routeparentid":3042},{"union_rowno":3,"row":541,"routeno":"MF-500EB DBS-ELCW","responsecode":200,"routeparentid":3062},{"union_rowno":3,"row":542,"routeno":"MF-500EB SMVR-ELCW","responsecode":200,"routeparentid":3046},{"union_rowno":3,"row":543,"routeno":"MF-500L","responsecode":200,"routeparentid":1774},{"union_rowno":3,"row":544,"routeno":"MF-500L BSK-KRPGH","responsecode":200,"routeparentid":2482},{"union_rowno":3,"row":545,"routeno":"MF-502F","responsecode":200,"routeparentid":2501},{"union_rowno":3,"row":546,"routeno":"MF-502H","responsecode":200,"routeparentid":1507},{"union_rowno":3,"row":547,"routeno":"MF-502H D31G-RGLH","responsecode":200,"routeparentid":1679},{"union_rowno":3,"row":548,"routeno":"MF-502H DWKN-SKK-D31G","responsecode":200,"routeparentid":6607},{"union_rowno":3,"row":549,"routeno":"MF-510","responsecode":200,"routeparentid":3006},{"union_rowno":3,"row":550,"routeno":"MF-510A","responsecode":200,"routeparentid":3009},{"union_rowno":3,"row":551,"routeno":"MF-515","responsecode":200,"routeparentid":3020},{"union_rowno":3,"row":552,"routeno":"MF-6","responsecode":200,"routeparentid":2499},{"union_rowno":3,"row":553,"routeno":"MF-6 D06G-CSB","responsecode":200,"routeparentid":6370},{"union_rowno":3,"row":554,"routeno":"MF-6 JBN-SVMS","responsecode":200,"routeparentid":5831},{"union_rowno":3,"row":555,"routeno":"MF-7","responsecode":200,"routeparentid":4138},{"union_rowno":3,"row":556,"routeno":"MF-7 HYN-BMS","responsecode":200,"routeparentid":4139},{"union_rowno":3,"row":557,"routeno":"MF-7 KLN-KNG","responsecode":200,"routeparentid":5851},{"union_rowno":3,"row":558,"routeno":"MF-7A","responsecode":200,"routeparentid":6029},{"union_rowno":3,"row":559,"routeno":"MF-7B","responsecode":200,"routeparentid":4564},{"union_rowno":3,"row":560,"routeno":"MF-7B D10G-SMVR","responsecode":200,"routeparentid":2733},{"union_rowno":3,"row":561,"routeno":"MF-8","responsecode":200,"routeparentid":6026},{"union_rowno":3,"row":562,"routeno":"MF-9","responsecode":200,"routeparentid":6597},{"union_rowno":3,"row":563,"routeno":"MF-9 HODMS-DVS-D24G","responsecode":200,"routeparentid":6780},{"union_rowno":3,"row":564,"routeno":"MF-9 TNF-HDM","responsecode":200,"routeparentid":7037},{"union_rowno":3,"row":565,"routeno":"MF FDR-1","responsecode":200,"routeparentid":6017},{"union_rowno":3,"row":566,"routeno":"PESCE-1F","responsecode":200,"routeparentid":6525},{"union_rowno":3,"row":567,"routeno":"PTH-YSTF","responsecode":200,"routeparentid":1415},{"union_rowno":3,"row":568,"routeno":"RMCPF-JHCMS","responsecode":200,"routeparentid":7402},{"union_rowno":3,"row":569,"routeno":"V-226WF","responsecode":200,"routeparentid":1704},{"union_rowno":3,"row":570,"routeno":"V-342F","responsecode":200,"routeparentid":2153},{"union_rowno":3,"row":571,"routeno":"V-342F D25G-KBS","responsecode":200,"routeparentid":2211},{"union_rowno":3,"row":572,"routeno":"V-342F D25G-SJP","responsecode":200,"routeparentid":2215},{"union_rowno":3,"row":573,"routeno":"V-356M FLY","responsecode":200,"routeparentid":2155},{"union_rowno":3,"row":574,"routeno":"V-360B Flyover","responsecode":200,"routeparentid":6552},{"union_rowno":3,"row":575,"routeno":"V-410FC BSK-TVK","responsecode":200,"routeparentid":2241},{"union_rowno":3,"row":576,"routeno":"V-45F","responsecode":200,"routeparentid":2190},{"union_rowno":3,"row":577,"routeno":"V-500DF","responsecode":200,"routeparentid":2206},{"union_rowno":3,"row":578,"routeno":"V-500DF KDG-HBLB","responsecode":200,"routeparentid":6889},{"union_rowno":3,"row":579,"routeno":"V-500F","responsecode":200,"routeparentid":2261},{"union_rowno":3,"row":580,"routeno":"V-500F KDG-ATB","responsecode":200,"routeparentid":6538},{"union_rowno":3,"row":581,"routeno":"V-500FA","responsecode":200,"routeparentid":6249},{"union_rowno":3,"row":582,"routeno":"V-61F","responsecode":200,"routeparentid":3780},{"union_rowno":3,"row":583,"routeno":"V-MF-11","responsecode":200,"routeparentid":5521},{"union_rowno":3,"row":584,"routeno":"V-MF-1K","responsecode":200,"routeparentid":6043},{"union_rowno":3,"row":585,"routeno":"V-MF1C","responsecode":200,"routeparentid":6575},{"union_rowno":3,"row":586,"routeno":"V-MF1C BSK-KRPMS","responsecode":200,"routeparentid":6741},{"union_rowno":3,"row":587,"routeno":"V-MF6","responsecode":200,"routeparentid":2252}],"Message":"Success","Issuccess":true,"exception":null,"RowCount":583,"responsecode":200}