{"data":[{"union_rowno":2,"row":2,"routeno":"IFC-D36G","responsecode":200,"routeparentid":1298},{"union_rowno":2,"row":3,"routeno":"IIBSC-01","responsecode":200,"routeparentid":5213},{"union_rowno":2,"row":6,"routeno":"IIBSC-02","responsecode":200,"routeparentid":5216},{"union_rowno":2,"row":7,"routeno":"IIHS","responsecode":200,"routeparentid":5943},{"union_rowno":2,"row":10,"routeno":"IIHS-01","responsecode":200,"routeparentid":6456},{"union_rowno":2,"row":12,"routeno":"IIHS-02","responsecode":200,"routeparentid":6457},{"union_rowno":2,"row":13,"routeno":"IIHS-2","responsecode":200,"routeparentid":7675},{"union_rowno":2,"row":15,"routeno":"IIHS-CLO","responsecode":200,"routeparentid":7678},{"union_rowno":2,"row":18,"routeno":"IIHS-HBL","responsecode":200,"routeparentid":4730},{"union_rowno":2,"row":20,"routeno":"IMD-CSB","responsecode":200,"routeparentid":7760},{"union_rowno":2,"row":22,"routeno":"INF-10","responsecode":200,"routeparentid":5930},{"union_rowno":2,"row":23,"routeno":"INF-11","responsecode":200,"routeparentid":5935},{"union_rowno":2,"row":25,"routeno":"INF-1A","responsecode":200,"routeparentid":5936},{"union_rowno":2,"row":28,"routeno":"INF-39","responsecode":200,"routeparentid":5878},{"union_rowno":2,"row":30,"routeno":"INF-46","responsecode":200,"routeparentid":5879},{"union_rowno":2,"row":32,"routeno":"INF-47","responsecode":200,"routeparentid":5882},{"union_rowno":2,"row":33,"routeno":"INFOSYS-12","responsecode":200,"routeparentid":5929},{"union_rowno":2,"row":35,"routeno":"INFOSYS-17A","responsecode":200,"routeparentid":5919},{"union_rowno":2,"row":38,"routeno":"INFOSYS-18","responsecode":200,"routeparentid":5918},{"union_rowno":2,"row":39,"routeno":"INFOSYS-24","responsecode":200,"routeparentid":5845},{"union_rowno":2,"row":41,"routeno":"INFOSYS-27E","responsecode":200,"routeparentid":6110},{"union_rowno":2,"row":43,"routeno":"INFOSYS-28","responsecode":200,"routeparentid":6103},{"union_rowno":2,"row":45,"routeno":"INFOSYS-29","responsecode":200,"routeparentid":6102},{"union_rowno":2,"row":48,"routeno":"INFOSYS-31","responsecode":200,"routeparentid":6104},{"union_rowno":2,"row":50,"routeno":"INFOSYS-32","responsecode":200,"routeparentid":6107},{"union_rowno":2,"row":51,"routeno":"INFOSYS-34","responsecode":200,"routeparentid":6108},{"union_rowno":2,"row":54,"routeno":"INFOSYS-35","responsecode":200,"routeparentid":6109},{"union_rowno":2,"row":56,"routeno":"INFOSYS-52","responsecode":200,"routeparentid":6098},{"union_rowno":2,"row":57,"routeno":"INFOSYS-53","responsecode":200,"routeparentid":6100},{"union_rowno":2,"row":59,"routeno":"INFOSYS-55","responsecode":200,"routeparentid":5901},{"union_rowno":2,"row":61,"routeno":"INFOSYS-58C","responsecode":200,"routeparentid":6101},{"union_rowno":2,"row":63,"routeno":"INM-MH HAL-1","responsecode":200,"routeparentid":3832},{"union_rowno":2,"row":65,"routeno":"INM-MH HAL-2","responsecode":200,"routeparentid":3833},{"union_rowno":2,"row":68,"routeno":"ISROK-GGP-PSS","responsecode":200,"routeparentid":7311},{"union_rowno":2,"row":69,"routeno":"ISROKN-4","responsecode":200,"routeparentid":4746},{"union_rowno":2,"row":72,"routeno":"ISROM-1","responsecode":200,"routeparentid":3924},{"union_rowno":2,"row":74,"routeno":"ISROM-3","responsecode":200,"routeparentid":4114},{"union_rowno":2,"row":76,"routeno":"ITI-1","responsecode":200,"routeparentid":4499},{"union_rowno":2,"row":77,"routeno":"ITI-2","responsecode":200,"routeparentid":3367},{"union_rowno":2,"row":79,"routeno":"ITI-3","responsecode":200,"routeparentid":3899},{"union_rowno":2,"row":82,"routeno":"ITI-4","responsecode":200,"routeparentid":4540},{"union_rowno":2,"row":83,"routeno":"ITPB-1C","responsecode":200,"routeparentid":4036},{"union_rowno":2,"row":86,"routeno":"ITPB-1D","responsecode":200,"routeparentid":2727},{"union_rowno":2,"row":87,"routeno":"ITPB-1M","responsecode":200,"routeparentid":1038},{"union_rowno":2,"row":90,"routeno":"ITPB-1N","responsecode":200,"routeparentid":5627},{"union_rowno":2,"row":92,"routeno":"ITPB-1W","responsecode":200,"routeparentid":5689},{"union_rowno":2,"row":94,"routeno":"ITPB-3C","responsecode":200,"routeparentid":5376},{"union_rowno":2,"row":95,"routeno":"ITPB-3E","responsecode":200,"routeparentid":5746},{"union_rowno":2,"row":97,"routeno":"ITPB-3H","responsecode":200,"routeparentid":3061},{"union_rowno":2,"row":100,"routeno":"ITPB-4H","responsecode":200,"routeparentid":5733},{"union_rowno":2,"row":101,"routeno":"ITPB-4N","responsecode":200,"routeparentid":2722},{"union_rowno":2,"row":104,"routeno":"ITPB-7B","responsecode":200,"routeparentid":5446},{"union_rowno":2,"row":105,"routeno":"ITPB-9A","responsecode":200,"routeparentid":5369},{"union_rowno":2,"row":107,"routeno":"ITPL-10A","responsecode":200,"routeparentid":5273},{"union_rowno":2,"row":109,"routeno":"ITPL-10D","responsecode":200,"routeparentid":5275},{"union_rowno":2,"row":112,"routeno":"ITPL-1B","responsecode":200,"routeparentid":4104},{"union_rowno":2,"row":113,"routeno":"ITPL-1G","responsecode":200,"routeparentid":2448},{"union_rowno":2,"row":116,"routeno":"ITPL-1J","responsecode":200,"routeparentid":2862},{"union_rowno":2,"row":118,"routeno":"ITPL-1L","responsecode":200,"routeparentid":3066},{"union_rowno":2,"row":120,"routeno":"ITPL-1P","responsecode":200,"routeparentid":4533},{"union_rowno":2,"row":121,"routeno":"ITPL-2B","responsecode":200,"routeparentid":4687},{"union_rowno":2,"row":124,"routeno":"ITPL-2C","responsecode":200,"routeparentid":4732},{"union_rowno":2,"row":125,"routeno":"ITPL-2D","responsecode":200,"routeparentid":5029},{"union_rowno":2,"row":128,"routeno":"ITPL-2F","responsecode":200,"routeparentid":2912},{"union_rowno":2,"row":129,"routeno":"ITPL-2J","responsecode":200,"routeparentid":4208},{"union_rowno":2,"row":132,"routeno":"ITPL-2L","responsecode":200,"routeparentid":4864},{"union_rowno":2,"row":134,"routeno":"ITPL-3A","responsecode":200,"routeparentid":4936},{"union_rowno":2,"row":136,"routeno":"ITPL-3C","responsecode":200,"routeparentid":4229},{"union_rowno":2,"row":138,"routeno":"ITPL-3E","responsecode":200,"routeparentid":4236},{"union_rowno":2,"row":139,"routeno":"ITPL-3N","responsecode":200,"routeparentid":2296},{"union_rowno":2,"row":141,"routeno":"ITPL-4-1","responsecode":200,"routeparentid":5159},{"union_rowno":2,"row":143,"routeno":"ITPL-4B","responsecode":200,"routeparentid":4406},{"union_rowno":2,"row":145,"routeno":"ITPL-4G","responsecode":200,"routeparentid":4434},{"union_rowno":2,"row":148,"routeno":"ITPL-4J","responsecode":200,"routeparentid":2393},{"union_rowno":2,"row":150,"routeno":"ITPL-4P","responsecode":200,"routeparentid":4398},{"union_rowno":2,"row":152,"routeno":"ITPL-5B","responsecode":200,"routeparentid":4873},{"union_rowno":2,"row":154,"routeno":"ITPL-7B","responsecode":200,"routeparentid":5450},{"union_rowno":2,"row":156,"routeno":"ITPL-7C","responsecode":200,"routeparentid":5381},{"union_rowno":2,"row":158,"routeno":"ITPL-7D","responsecode":200,"routeparentid":4727},{"union_rowno":2,"row":160,"routeno":"ITPL-8","responsecode":200,"routeparentid":3710},{"union_rowno":2,"row":161,"routeno":"ITPL-8B","responsecode":200,"routeparentid":4005},{"union_rowno":2,"row":164,"routeno":"ITPL-8E","responsecode":200,"routeparentid":3690},{"union_rowno":2,"row":166,"routeno":"ITPL-9A","responsecode":200,"routeparentid":4329},{"union_rowno":2,"row":168,"routeno":"ITPLB-3E","responsecode":200,"routeparentid":5741},{"union_rowno":3,"row":1,"routeno":"104 SDNIBK-KBS","responsecode":200,"routeparentid":4555},{"union_rowno":3,"row":2,"routeno":"114-C CBI-RTNPS-KBS","responsecode":200,"routeparentid":6452},{"union_rowno":3,"row":3,"routeno":"13-C SGH-ISROL","responsecode":200,"routeparentid":1627},{"union_rowno":3,"row":4,"routeno":"195 SBS-AIT","responsecode":200,"routeparentid":5589},{"union_rowno":3,"row":5,"routeno":"210-G SBS-ISRLO-PPLO","responsecode":200,"routeparentid":2461},{"union_rowno":3,"row":6,"routeno":"221-H KMT-IIHS","responsecode":200,"routeparentid":7676},{"union_rowno":3,"row":7,"routeno":"226-MA KMT-IFC","responsecode":200,"routeparentid":5321},{"union_rowno":3,"row":8,"routeno":"238-U KBS-AIT","responsecode":200,"routeparentid":5712},{"union_rowno":3,"row":9,"routeno":"238-UA SBS-AIT","responsecode":200,"routeparentid":6640},{"union_rowno":3,"row":10,"routeno":"250-I","responsecode":200,"routeparentid":5013},{"union_rowno":3,"row":11,"routeno":"252-A PSS-ISROM","responsecode":200,"routeparentid":6551},{"union_rowno":3,"row":12,"routeno":"252-F IXP-KBS-PSS","responsecode":200,"routeparentid":4949},{"union_rowno":3,"row":13,"routeno":"253-HE KBS-GFTI","responsecode":200,"routeparentid":4782},{"union_rowno":3,"row":14,"routeno":"253 KBS-IDFH","responsecode":200,"routeparentid":3279},{"union_rowno":3,"row":15,"routeno":"253-S SBS-GFTI","responsecode":200,"routeparentid":7045},{"union_rowno":3,"row":16,"routeno":"258-DN YTTMC-KIADB","responsecode":200,"routeparentid":3930},{"union_rowno":3,"row":17,"routeno":"266 D45-NGM-IDF","responsecode":200,"routeparentid":3650},{"union_rowno":3,"row":18,"routeno":"280-F OASIS-YHKOT","responsecode":200,"routeparentid":5250},{"union_rowno":3,"row":19,"routeno":"281-AP D10G-KIA","responsecode":200,"routeparentid":2667},{"union_rowno":3,"row":20,"routeno":"281-AP KBS-KIA","responsecode":200,"routeparentid":5890},{"union_rowno":3,"row":21,"routeno":"281-AP KLN-KIA","responsecode":200,"routeparentid":2658},{"union_rowno":3,"row":22,"routeno":"281-AP PTH-KIAS","responsecode":200,"routeparentid":2666},{"union_rowno":3,"row":23,"routeno":"284-B SBS-RTNP-BMSITY","responsecode":200,"routeparentid":1085},{"union_rowno":3,"row":24,"routeno":"284 RTNP-YHK-OASIS","responsecode":200,"routeparentid":4745},{"union_rowno":3,"row":25,"routeno":"285 BMSITY-MKC-SBS","responsecode":200,"routeparentid":1087},{"union_rowno":3,"row":26,"routeno":"285 BMSITY-YHKOT","responsecode":200,"routeparentid":3086},{"union_rowno":3,"row":27,"routeno":"285 KMT-BMSIT","responsecode":200,"routeparentid":6862},{"union_rowno":3,"row":28,"routeno":"285-M BMSIT-DBP","responsecode":200,"routeparentid":4624},{"union_rowno":3,"row":29,"routeno":"285-M KBS-BMSIT","responsecode":200,"routeparentid":1089},{"union_rowno":3,"row":30,"routeno":"289-A BGLR-NITTE","responsecode":200,"routeparentid":6961},{"union_rowno":3,"row":31,"routeno":"292-CA D48G-IAF","responsecode":200,"routeparentid":7024},{"union_rowno":3,"row":32,"routeno":"293-H OASIS-KBS","responsecode":200,"routeparentid":4001},{"union_rowno":3,"row":33,"routeno":"293 OASIS-HNRJN-HBLB","responsecode":200,"routeparentid":2664},{"union_rowno":3,"row":34,"routeno":"293-R SBS-LHIA","responsecode":200,"routeparentid":6180},{"union_rowno":3,"row":35,"routeno":"293-SD OASIS-SBS","responsecode":200,"routeparentid":4744},{"union_rowno":3,"row":36,"routeno":"296-M DVH-IIBSC","responsecode":200,"routeparentid":5215},{"union_rowno":3,"row":37,"routeno":"297-A ISNH-KBS","responsecode":200,"routeparentid":3742},{"union_rowno":3,"row":38,"routeno":"298-M KBS-IIBSC","responsecode":200,"routeparentid":5214},{"union_rowno":3,"row":39,"routeno":"301-A KMT-NRIL","responsecode":200,"routeparentid":5848},{"union_rowno":3,"row":40,"routeno":"301-A VSD-NRIL","responsecode":200,"routeparentid":5849},{"union_rowno":3,"row":41,"routeno":"301 D10G-NRIL","responsecode":200,"routeparentid":5847},{"union_rowno":3,"row":42,"routeno":"304-VB D24G-ITIG-TIF-CKTP","responsecode":200,"routeparentid":6642},{"union_rowno":3,"row":43,"routeno":"315 BCGHS-ITICL","responsecode":200,"routeparentid":4013},{"union_rowno":3,"row":44,"routeno":"317-A D24G-ITIG-KBS","responsecode":200,"routeparentid":6643},{"union_rowno":3,"row":45,"routeno":"317 D24G-ITIG-KMT","responsecode":200,"routeparentid":2921},{"union_rowno":3,"row":46,"routeno":"323-F D41G-ITPL-HAL-KBS","responsecode":200,"routeparentid":2956},{"union_rowno":3,"row":47,"routeno":"328-H D41G-INF","responsecode":200,"routeparentid":5900},{"union_rowno":3,"row":48,"routeno":"342-I","responsecode":200,"routeparentid":6933},{"union_rowno":3,"row":49,"routeno":"349-J KMT-IGNOUS","responsecode":200,"routeparentid":7164},{"union_rowno":3,"row":50,"routeno":"351-H KBS-IGNOUS","responsecode":200,"routeparentid":7160},{"union_rowno":3,"row":51,"routeno":"351-H KMT-IGNOUS","responsecode":200,"routeparentid":7161},{"union_rowno":3,"row":52,"routeno":"356-CW INF-HSRBDA","responsecode":200,"routeparentid":5916},{"union_rowno":3,"row":53,"routeno":"401-K NMIT-NES-MSP-YTTMC","responsecode":200,"routeparentid":5031},{"union_rowno":3,"row":54,"routeno":"401-KB YTTMC-AIT","responsecode":200,"routeparentid":7031},{"union_rowno":3,"row":55,"routeno":"410-AB BSK-8MILEDSH","responsecode":200,"routeparentid":7538},{"union_rowno":3,"row":56,"routeno":"412-H HBLB-ISRO","responsecode":200,"routeparentid":3304},{"union_rowno":3,"row":57,"routeno":"500-A ISROM-HBL-GGP-PSS","responsecode":200,"routeparentid":6548},{"union_rowno":3,"row":58,"routeno":"500-B YTTMC-OASIS","responsecode":200,"routeparentid":4957},{"union_rowno":3,"row":59,"routeno":"500-CA ITPL-PPLO","responsecode":200,"routeparentid":2723},{"union_rowno":3,"row":60,"routeno":"500-CA JBS-ITPL","responsecode":200,"routeparentid":2769},{"union_rowno":3,"row":61,"routeno":"500-CK GNE-BSK-ITPL","responsecode":200,"routeparentid":1040},{"union_rowno":3,"row":62,"routeno":"500-D BSBI-CSB","responsecode":200,"routeparentid":6234},{"union_rowno":3,"row":63,"routeno":"500-D CSB-BMSIT","responsecode":200,"routeparentid":6008},{"union_rowno":3,"row":64,"routeno":"500-HK KLNB-BSBI","responsecode":200,"routeparentid":3987},{"union_rowno":3,"row":65,"routeno":"501-A VNS-GGP-ITIL","responsecode":200,"routeparentid":5656},{"union_rowno":3,"row":66,"routeno":"501-C DBP-SHIRK-HBL","responsecode":200,"routeparentid":5939},{"union_rowno":3,"row":67,"routeno":"502-G D45G-ITPL","responsecode":200,"routeparentid":4324},{"union_rowno":3,"row":68,"routeno":"502 ISROK-CSB-KGR","responsecode":200,"routeparentid":6303},{"union_rowno":3,"row":69,"routeno":"600-G ATB-ISRLO","responsecode":200,"routeparentid":3621},{"union_rowno":3,"row":70,"routeno":"63 SBS-CLO-AIT","responsecode":200,"routeparentid":5405},{"union_rowno":3,"row":71,"routeno":"80-A NLO-KDC-VSD-IXP","responsecode":200,"routeparentid":4946},{"union_rowno":3,"row":72,"routeno":"ADITI-01","responsecode":200,"routeparentid":5553},{"union_rowno":3,"row":73,"routeno":"ADITI-10","responsecode":200,"routeparentid":4493},{"union_rowno":3,"row":74,"routeno":"ADITI-12","responsecode":200,"routeparentid":4603},{"union_rowno":3,"row":75,"routeno":"ADITI-13","responsecode":200,"routeparentid":6215},{"union_rowno":3,"row":76,"routeno":"ADITI-14","responsecode":200,"routeparentid":4553},{"union_rowno":3,"row":77,"routeno":"ADITI-15","responsecode":200,"routeparentid":3027},{"union_rowno":3,"row":78,"routeno":"ADITI-16","responsecode":200,"routeparentid":3051},{"union_rowno":3,"row":79,"routeno":"ADITI-17","responsecode":200,"routeparentid":5961},{"union_rowno":3,"row":80,"routeno":"ADITI-2","responsecode":200,"routeparentid":4572},{"union_rowno":3,"row":81,"routeno":"ADITI-3","responsecode":200,"routeparentid":3697},{"union_rowno":3,"row":82,"routeno":"ADITI-4","responsecode":200,"routeparentid":4575},{"union_rowno":3,"row":83,"routeno":"ADITI-5","responsecode":200,"routeparentid":4562},{"union_rowno":3,"row":84,"routeno":"ADITI-6","responsecode":200,"routeparentid":4652},{"union_rowno":3,"row":85,"routeno":"ADITI-7","responsecode":200,"routeparentid":4482},{"union_rowno":3,"row":86,"routeno":"ADITI-8","responsecode":200,"routeparentid":4601},{"union_rowno":3,"row":87,"routeno":"ADITI-9","responsecode":200,"routeparentid":4588},{"union_rowno":3,"row":88,"routeno":"ARMY-KOGILU-YHKOT","responsecode":200,"routeparentid":7550},{"union_rowno":3,"row":89,"routeno":"BMSIT-02","responsecode":200,"routeparentid":5951},{"union_rowno":3,"row":90,"routeno":"BMSIT-03","responsecode":200,"routeparentid":3848},{"union_rowno":3,"row":91,"routeno":"BMSIT-05","responsecode":200,"routeparentid":3085},{"union_rowno":3,"row":92,"routeno":"BMSIT-09","responsecode":200,"routeparentid":4809},{"union_rowno":3,"row":93,"routeno":"BMSIT-1","responsecode":200,"routeparentid":4676},{"union_rowno":3,"row":94,"routeno":"BMSIT-10","responsecode":200,"routeparentid":4443},{"union_rowno":3,"row":95,"routeno":"BMSIT-11","responsecode":200,"routeparentid":6007},{"union_rowno":3,"row":96,"routeno":"BMSIT-4","responsecode":200,"routeparentid":4683},{"union_rowno":3,"row":97,"routeno":"BMSIT-6","responsecode":200,"routeparentid":1093},{"union_rowno":3,"row":98,"routeno":"BMSIT-7","responsecode":200,"routeparentid":1084},{"union_rowno":3,"row":99,"routeno":"BMSIT-8","responsecode":200,"routeparentid":6860},{"union_rowno":3,"row":100,"routeno":"BSK-VNICGM","responsecode":200,"routeparentid":7212},{"union_rowno":3,"row":101,"routeno":"CLO-AIT","responsecode":200,"routeparentid":5594},{"union_rowno":3,"row":102,"routeno":"D09-ISROOJ","responsecode":200,"routeparentid":7572},{"union_rowno":3,"row":103,"routeno":"D20-DSIT","responsecode":200,"routeparentid":6604},{"union_rowno":3,"row":104,"routeno":"D21G-ITM","responsecode":200,"routeparentid":4802},{"union_rowno":3,"row":105,"routeno":"D22-ISROQJ","responsecode":200,"routeparentid":4087},{"union_rowno":3,"row":106,"routeno":"D24-ITIG","responsecode":200,"routeparentid":6993},{"union_rowno":3,"row":107,"routeno":"D34-ISRO-BSK","responsecode":200,"routeparentid":3634},{"union_rowno":3,"row":108,"routeno":"D6G-RBIQ","responsecode":200,"routeparentid":7109},{"union_rowno":3,"row":109,"routeno":"D9-SRS-ISRQ","responsecode":200,"routeparentid":6296},{"union_rowno":3,"row":110,"routeno":"DPS-E1 1i","responsecode":200,"routeparentid":5238},{"union_rowno":3,"row":111,"routeno":"DSIT-1","responsecode":200,"routeparentid":7554},{"union_rowno":3,"row":112,"routeno":"DSIT-2A","responsecode":200,"routeparentid":6603},{"union_rowno":3,"row":113,"routeno":"DSIT-4","responsecode":200,"routeparentid":6636},{"union_rowno":3,"row":282,"routeno":"JINDAL-1","responsecode":200,"routeparentid":5758},{"union_rowno":3,"row":283,"routeno":"KANGOVI-1","responsecode":200,"routeparentid":4741},{"union_rowno":3,"row":284,"routeno":"KANGOVI-6","responsecode":200,"routeparentid":4690},{"union_rowno":3,"row":285,"routeno":"KANGOVI-7","responsecode":200,"routeparentid":4689},{"union_rowno":3,"row":286,"routeno":"KANGOVI-8","responsecode":200,"routeparentid":4707},{"union_rowno":3,"row":287,"routeno":"KANGOVI-9","responsecode":200,"routeparentid":4709},{"union_rowno":3,"row":288,"routeno":"KBS-1I","responsecode":200,"routeparentid":1019},{"union_rowno":3,"row":289,"routeno":"KBS-1I D06G-LIDO-KDG","responsecode":200,"routeparentid":7660},{"union_rowno":3,"row":290,"routeno":"KBS-1I D6G-KDG","responsecode":200,"routeparentid":2685},{"union_rowno":3,"row":291,"routeno":"KBS-1I KBS-ARMYASC","responsecode":200,"routeparentid":7526},{"union_rowno":3,"row":292,"routeno":"KBS-1I KBS-KVASC","responsecode":200,"routeparentid":6376},{"union_rowno":3,"row":293,"routeno":"KBS-1K KSRG-ITPL","responsecode":200,"routeparentid":2300},{"union_rowno":3,"row":294,"routeno":"KBS-3E KBS-INF","responsecode":200,"routeparentid":5880},{"union_rowno":3,"row":295,"routeno":"KBS-ESI-YTTMC","responsecode":200,"routeparentid":4939},{"union_rowno":3,"row":296,"routeno":"KIA-10","responsecode":200,"routeparentid":2124},{"union_rowno":3,"row":297,"routeno":"KIA-12","responsecode":200,"routeparentid":2168},{"union_rowno":3,"row":298,"routeno":"KIA-14","responsecode":200,"routeparentid":6463},{"union_rowno":3,"row":299,"routeno":"KIA-15","responsecode":200,"routeparentid":1702},{"union_rowno":3,"row":300,"routeno":"KIA-15A","responsecode":200,"routeparentid":1703},{"union_rowno":3,"row":301,"routeno":"KIA-17","responsecode":200,"routeparentid":4638},{"union_rowno":3,"row":302,"routeno":"KIA-18","responsecode":200,"routeparentid":6870},{"union_rowno":3,"row":303,"routeno":"KIA-4","responsecode":200,"routeparentid":1697},{"union_rowno":3,"row":304,"routeno":"KIA-4A","responsecode":200,"routeparentid":1698},{"union_rowno":3,"row":305,"routeno":"KIA-5","responsecode":200,"routeparentid":2164},{"union_rowno":3,"row":306,"routeno":"KIA-5D","responsecode":200,"routeparentid":4351},{"union_rowno":3,"row":307,"routeno":"KIA-6","responsecode":200,"routeparentid":1699},{"union_rowno":3,"row":308,"routeno":"KIA-6A","responsecode":200,"routeparentid":1701},{"union_rowno":3,"row":309,"routeno":"KIA-6W","responsecode":200,"routeparentid":1700},{"union_rowno":3,"row":310,"routeno":"KIA-7","responsecode":200,"routeparentid":6464},{"union_rowno":3,"row":311,"routeno":"KIA-7A","responsecode":200,"routeparentid":2193},{"union_rowno":3,"row":312,"routeno":"KIA-8","responsecode":200,"routeparentid":2200},{"union_rowno":3,"row":313,"routeno":"KIA-8A","responsecode":200,"routeparentid":2223},{"union_rowno":3,"row":314,"routeno":"KIA-8C","responsecode":200,"routeparentid":2136},{"union_rowno":3,"row":315,"routeno":"KIA-8D","responsecode":200,"routeparentid":7064},{"union_rowno":3,"row":316,"routeno":"KIA-8E","responsecode":200,"routeparentid":2431},{"union_rowno":3,"row":317,"routeno":"KIA-8EW","responsecode":200,"routeparentid":6283},{"union_rowno":3,"row":318,"routeno":"KIA-9","responsecode":200,"routeparentid":1101},{"union_rowno":3,"row":319,"routeno":"KIA-9H","responsecode":200,"routeparentid":6250},{"union_rowno":3,"row":320,"routeno":"KINHT-2","responsecode":200,"routeparentid":5739},{"union_rowno":3,"row":321,"routeno":"KMT-IBS","responsecode":200,"routeparentid":6959},{"union_rowno":3,"row":322,"routeno":"KMT-MMI-BSK","responsecode":200,"routeparentid":1116},{"union_rowno":3,"row":323,"routeno":"KMT-MMI-BSK-KSLO","responsecode":200,"routeparentid":1128},{"union_rowno":3,"row":324,"routeno":"KMT-YHK-NITTE","responsecode":200,"routeparentid":4511},{"union_rowno":3,"row":325,"routeno":"KNB-OASIS","responsecode":200,"routeparentid":4002},{"union_rowno":3,"row":326,"routeno":"KRPGH-ITC-ARMY","responsecode":200,"routeparentid":5650},{"union_rowno":3,"row":327,"routeno":"LHIA-01","responsecode":200,"routeparentid":6179},{"union_rowno":3,"row":328,"routeno":"MDP-ITPB","responsecode":200,"routeparentid":5377},{"union_rowno":3,"row":329,"routeno":"MF-1G ITPLMS-WTTMC","responsecode":200,"routeparentid":6396},{"union_rowno":3,"row":330,"routeno":"MF-1GA ITPLMS-WTTMC","responsecode":200,"routeparentid":6397},{"union_rowno":3,"row":331,"routeno":"MF-36 SIMS-KTTMC","responsecode":200,"routeparentid":5423},{"union_rowno":3,"row":332,"routeno":"MF-401KM MLO-AIT","responsecode":200,"routeparentid":7033},{"union_rowno":3,"row":333,"routeno":"MRTG-IIHS","responsecode":200,"routeparentid":7677},{"union_rowno":3,"row":334,"routeno":"NICE-10","responsecode":200,"routeparentid":6725},{"union_rowno":3,"row":335,"routeno":"NICE-4","responsecode":200,"routeparentid":3657},{"union_rowno":3,"row":336,"routeno":"NICE-5","responsecode":200,"routeparentid":2699},{"union_rowno":3,"row":337,"routeno":"NICE-5A","responsecode":200,"routeparentid":3661},{"union_rowno":3,"row":338,"routeno":"NICE-6","responsecode":200,"routeparentid":1593},{"union_rowno":3,"row":339,"routeno":"NICE-7","responsecode":200,"routeparentid":4860},{"union_rowno":3,"row":340,"routeno":"NICE-7A","responsecode":200,"routeparentid":1648},{"union_rowno":3,"row":341,"routeno":"NICE-7A ELCW-YBS","responsecode":200,"routeparentid":6677},{"union_rowno":3,"row":342,"routeno":"NICE-8","responsecode":200,"routeparentid":1649},{"union_rowno":3,"row":343,"routeno":"NICE-8C D38G-MDV","responsecode":200,"routeparentid":6682},{"union_rowno":3,"row":344,"routeno":"NICE-8C NMG-ELC","responsecode":200,"routeparentid":6726},{"union_rowno":3,"row":345,"routeno":"NMIT-12","responsecode":200,"routeparentid":4509},{"union_rowno":3,"row":346,"routeno":"NMIT-14","responsecode":200,"routeparentid":4734},{"union_rowno":3,"row":347,"routeno":"NMIT-15","responsecode":200,"routeparentid":5030},{"union_rowno":3,"row":348,"routeno":"NMIT-19","responsecode":200,"routeparentid":4228},{"union_rowno":3,"row":349,"routeno":"OASIS-14","responsecode":200,"routeparentid":4959},{"union_rowno":3,"row":350,"routeno":"Oasis-1B","responsecode":200,"routeparentid":5209},{"union_rowno":3,"row":351,"routeno":"OASIS-2A","responsecode":200,"routeparentid":7584},{"union_rowno":3,"row":353,"routeno":"OASIS-3A","responsecode":200,"routeparentid":4742},{"union_rowno":3,"row":354,"routeno":"OASIS-4B","responsecode":200,"routeparentid":3999},{"union_rowno":3,"row":355,"routeno":"OASIS-BEL","responsecode":200,"routeparentid":7562},{"union_rowno":3,"row":356,"routeno":"OASIS-KRPGH","responsecode":200,"routeparentid":7561},{"union_rowno":3,"row":357,"routeno":"PESCE-1I","responsecode":200,"routeparentid":6530},{"union_rowno":3,"row":358,"routeno":"PPLO-KINHT","responsecode":200,"routeparentid":5738},{"union_rowno":3,"row":359,"routeno":"PSS-ISROQJ","responsecode":200,"routeparentid":3927},{"union_rowno":3,"row":360,"routeno":"RBI-01","responsecode":200,"routeparentid":7107},{"union_rowno":3,"row":361,"routeno":"RBI-KBS","responsecode":200,"routeparentid":7108},{"union_rowno":3,"row":362,"routeno":"RIS-01","responsecode":200,"routeparentid":5972},{"union_rowno":3,"row":363,"routeno":"RIS-1","responsecode":200,"routeparentid":6206},{"union_rowno":3,"row":364,"routeno":"SBS-MKC-YHK-NITTE","responsecode":200,"routeparentid":6453},{"union_rowno":3,"row":365,"routeno":"SHAHI-1","responsecode":200,"routeparentid":4708},{"union_rowno":3,"row":366,"routeno":"SI-2","responsecode":200,"routeparentid":4058},{"union_rowno":3,"row":367,"routeno":"SNBS-VIDYA","responsecode":200,"routeparentid":5735},{"union_rowno":3,"row":368,"routeno":"ST BENEDICT-09","responsecode":200,"routeparentid":6218},{"union_rowno":3,"row":369,"routeno":"ST BENEDICT-10","responsecode":200,"routeparentid":6219},{"union_rowno":3,"row":370,"routeno":"ST BENEDICT-11","responsecode":200,"routeparentid":6221},{"union_rowno":3,"row":371,"routeno":"ST BENEDICT-11.","responsecode":200,"routeparentid":6410},{"union_rowno":3,"row":372,"routeno":"ST BENEDICT-14","responsecode":200,"routeparentid":6411},{"union_rowno":3,"row":373,"routeno":"ST BENEDICT-16","responsecode":200,"routeparentid":6412},{"union_rowno":3,"row":374,"routeno":"St BENEDICT-4","responsecode":200,"routeparentid":4132},{"union_rowno":3,"row":375,"routeno":"ST BENEDICT-9","responsecode":200,"routeparentid":6407},{"union_rowno":3,"row":376,"routeno":"ST BENIDICT-9","responsecode":200,"routeparentid":7599},{"union_rowno":3,"row":377,"routeno":"TATA ELEXI-06","responsecode":200,"routeparentid":2235},{"union_rowno":3,"row":378,"routeno":"TATA ELEXI-07","responsecode":200,"routeparentid":2236},{"union_rowno":3,"row":379,"routeno":"TATA ELEXI-08","responsecode":200,"routeparentid":2237},{"union_rowno":3,"row":380,"routeno":"V-500DH ELCKIA-HBLB","responsecode":200,"routeparentid":6887},{"union_rowno":3,"row":381,"routeno":"V-BENGALURU DARSHINI","responsecode":200,"routeparentid":3957},{"union_rowno":3,"row":382,"routeno":"V-ISHA ROUNDS -1","responsecode":200,"routeparentid":7309},{"union_rowno":3,"row":383,"routeno":"V-KBS-AIT","responsecode":200,"routeparentid":7400},{"union_rowno":3,"row":384,"routeno":"V-NICE-4","responsecode":200,"routeparentid":7328},{"union_rowno":3,"row":385,"routeno":"V-NICE-4 BSN-ELCW","responsecode":200,"routeparentid":7327},{"union_rowno":3,"row":386,"routeno":"V-TATA ELEXI-001","responsecode":200,"routeparentid":3771},{"union_rowno":3,"row":387,"routeno":"V-TATA ELEXI-002","responsecode":200,"routeparentid":3777},{"union_rowno":3,"row":388,"routeno":"V-TATA ELEXI-003","responsecode":200,"routeparentid":3784},{"union_rowno":3,"row":389,"routeno":"V-TATA ELEXI-005","responsecode":200,"routeparentid":3787},{"union_rowno":3,"row":390,"routeno":"V-TATA ELEXI-006","responsecode":200,"routeparentid":6015},{"union_rowno":3,"row":391,"routeno":"V-TATA ELEXI-007","responsecode":200,"routeparentid":3807},{"union_rowno":3,"row":392,"routeno":"V-TATA ELEXI-02","responsecode":200,"routeparentid":3806},{"union_rowno":3,"row":393,"routeno":"V-TATA ELEXI-03","responsecode":200,"routeparentid":5911},{"union_rowno":3,"row":394,"routeno":"V-TATA ELEXI-08","responsecode":200,"routeparentid":6014},{"union_rowno":3,"row":395,"routeno":"V-TATA ELEXI-09","responsecode":200,"routeparentid":3803},{"union_rowno":3,"row":396,"routeno":"V-TATA ELEXI-10","responsecode":200,"routeparentid":3801},{"union_rowno":3,"row":397,"routeno":"V-TATA ELEXI-5","responsecode":200,"routeparentid":6018},{"union_rowno":3,"row":398,"routeno":"V-TATA ELEXI-BSK","responsecode":200,"routeparentid":2233},{"union_rowno":3,"row":399,"routeno":"YBS-INGVBS","responsecode":200,"routeparentid":7841},{"union_rowno":3,"row":400,"routeno":"YHKOT-LHAI","responsecode":200,"routeparentid":7397}],"Message":"Success","Issuccess":true,"exception":null,"RowCount":315,"responsecode":200}