{"data":[{"union_rowno":2,"row":1,"routeno":"JAPC-RKT-BMS","responsecode":200,"routeparentid":7603},{"union_rowno":2,"row":4,"routeno":"JEC-JBS-BSK","responsecode":200,"routeparentid":1802},{"union_rowno":2,"row":6,"routeno":"JGF-02","responsecode":200,"routeparentid":4751},{"union_rowno":2,"row":8,"routeno":"JGF-4","responsecode":200,"routeparentid":4476},{"union_rowno":2,"row":9,"routeno":"JHC-CKB-VRP","responsecode":200,"routeparentid":6724},{"union_rowno":2,"row":11,"routeno":"JHMS-PSS","responsecode":200,"routeparentid":7296},{"union_rowno":2,"row":13,"routeno":"JINDAL-1","responsecode":200,"routeparentid":5758},{"union_rowno":2,"row":16,"routeno":"JLOT-D34G","responsecode":200,"routeparentid":4455},{"union_rowno":2,"row":17,"routeno":"JNN-JNR4T","responsecode":200,"routeparentid":4538},{"union_rowno":2,"row":20,"routeno":"JNSVS-1","responsecode":200,"routeparentid":6430},{"union_rowno":2,"row":21,"routeno":"JNSVS-3","responsecode":200,"routeparentid":5835},{"union_rowno":2,"row":24,"routeno":"JNSVS-4","responsecode":200,"routeparentid":5838},{"union_rowno":2,"row":25,"routeno":"JNSVS-5","responsecode":200,"routeparentid":5578},{"union_rowno":2,"row":28,"routeno":"JNSVS-6","responsecode":200,"routeparentid":5440},{"union_rowno":2,"row":30,"routeno":"JNSVS-UTH-BSK","responsecode":200,"routeparentid":7388},{"union_rowno":2,"row":32,"routeno":"JPN6-BSK","responsecode":200,"routeparentid":7304},{"union_rowno":3,"row":1,"routeno":"10-J","responsecode":200,"routeparentid":2138},{"union_rowno":3,"row":2,"routeno":"10-J DPJN-NDH-KBS","responsecode":200,"routeparentid":3331},{"union_rowno":3,"row":3,"routeno":"121-BA SBS-KMT-DPJN","responsecode":200,"routeparentid":3824},{"union_rowno":3,"row":4,"routeno":"138 D6G-JBN","responsecode":200,"routeparentid":1742},{"union_rowno":3,"row":5,"routeno":"138 KBS-VSD-JBN","responsecode":200,"routeparentid":1740},{"union_rowno":3,"row":6,"routeno":"138 VTTMC-KBS-JBN","responsecode":200,"routeparentid":3672},{"union_rowno":3,"row":7,"routeno":"139 D6G-HLS-JBN","responsecode":200,"routeparentid":6759},{"union_rowno":3,"row":8,"routeno":"139-JBN-SBS-VSD","responsecode":200,"routeparentid":5872},{"union_rowno":3,"row":9,"routeno":"13-B JEC-JBS-PNN","responsecode":200,"routeparentid":2152},{"union_rowno":3,"row":10,"routeno":"13-J","responsecode":200,"routeparentid":1634},{"union_rowno":3,"row":11,"routeno":"13 SBS-SJBHS","responsecode":200,"routeparentid":6782},{"union_rowno":3,"row":12,"routeno":"13 SJHS-SBS","responsecode":200,"routeparentid":5038},{"union_rowno":3,"row":13,"routeno":"140-E KMT-EJP-KRM","responsecode":200,"routeparentid":5945},{"union_rowno":3,"row":14,"routeno":"144-E STJN-SNBS-SBS","responsecode":200,"routeparentid":5781},{"union_rowno":3,"row":15,"routeno":"168-D KBS-SJWA","responsecode":200,"routeparentid":7504},{"union_rowno":3,"row":16,"routeno":"168-E KBS-VSD-JBN","responsecode":200,"routeparentid":1763},{"union_rowno":3,"row":17,"routeno":"18 VSD-JNN","responsecode":200,"routeparentid":4537},{"union_rowno":3,"row":18,"routeno":"201 BMS-BSK-JGF","responsecode":200,"routeparentid":4478},{"union_rowno":3,"row":19,"routeno":"201-G SGH-JBN","responsecode":200,"routeparentid":7302},{"union_rowno":3,"row":20,"routeno":"201-J","responsecode":200,"routeparentid":1794},{"union_rowno":3,"row":21,"routeno":"210-J","responsecode":200,"routeparentid":2432},{"union_rowno":3,"row":22,"routeno":"210-J VSD","responsecode":200,"routeparentid":2434},{"union_rowno":3,"row":23,"routeno":"211-J","responsecode":200,"routeparentid":1871},{"union_rowno":3,"row":24,"routeno":"211-UB JLO-KHCV","responsecode":200,"routeparentid":1890},{"union_rowno":3,"row":25,"routeno":"211-UB KMT-JLO","responsecode":200,"routeparentid":1891},{"union_rowno":3,"row":26,"routeno":"213-J","responsecode":200,"routeparentid":1923},{"union_rowno":3,"row":27,"routeno":"214-J","responsecode":200,"routeparentid":1948},{"union_rowno":3,"row":28,"routeno":"214 SNBS-JBS-MKD","responsecode":200,"routeparentid":1949},{"union_rowno":3,"row":29,"routeno":"215-C D34G-JNMS","responsecode":200,"routeparentid":4473},{"union_rowno":3,"row":30,"routeno":"215-C KMT-JSD-D34G","responsecode":200,"routeparentid":6446},{"union_rowno":3,"row":31,"routeno":"215-CA D44-JNMS","responsecode":200,"routeparentid":4381},{"union_rowno":3,"row":32,"routeno":"215-CA JMS-JSD","responsecode":200,"routeparentid":2351},{"union_rowno":3,"row":33,"routeno":"215-CA SGH-JSD","responsecode":200,"routeparentid":2355},{"union_rowno":3,"row":34,"routeno":"215-H BSK-JSD","responsecode":200,"routeparentid":6130},{"union_rowno":3,"row":35,"routeno":"215-H D-34-JPN6","responsecode":200,"routeparentid":2868},{"union_rowno":3,"row":36,"routeno":"215-H KBS-JSD-BNP","responsecode":200,"routeparentid":4403},{"union_rowno":3,"row":37,"routeno":"215-H KBS-VSD-JSD","responsecode":200,"routeparentid":2500},{"union_rowno":3,"row":38,"routeno":"215-H KBS-VSD-KMT-JSD","responsecode":200,"routeparentid":2498},{"union_rowno":3,"row":39,"routeno":"215-J","responsecode":200,"routeparentid":1814},{"union_rowno":3,"row":40,"routeno":"215 KMT-JBS-ELO","responsecode":200,"routeparentid":2345},{"union_rowno":3,"row":41,"routeno":"215-NE VSD-AJP11B","responsecode":200,"routeparentid":4392},{"union_rowno":3,"row":42,"routeno":"215-S D34G-JBS-BCGS","responsecode":200,"routeparentid":6447},{"union_rowno":3,"row":43,"routeno":"215 SGH-ANJ10","responsecode":200,"routeparentid":1888},{"union_rowno":3,"row":44,"routeno":"221-J","responsecode":200,"routeparentid":1158},{"union_rowno":3,"row":45,"routeno":"221-J KBS-GGH","responsecode":200,"routeparentid":4811},{"union_rowno":3,"row":46,"routeno":"221-J TVK-KMT-KBS","responsecode":200,"routeparentid":7014},{"union_rowno":3,"row":47,"routeno":"221-J TVK-UDBVS","responsecode":200,"routeparentid":6440},{"union_rowno":3,"row":48,"routeno":"222-A KBS-DPJN","responsecode":200,"routeparentid":5993},{"union_rowno":3,"row":49,"routeno":"222-N JBWH-D12G","responsecode":200,"routeparentid":1279},{"union_rowno":3,"row":50,"routeno":"223-J","responsecode":200,"routeparentid":1200},{"union_rowno":3,"row":51,"routeno":"225-C BEML5-JNKLO","responsecode":200,"routeparentid":5399},{"union_rowno":3,"row":52,"routeno":"225-C BEML5-JNSVS","responsecode":200,"routeparentid":6429},{"union_rowno":3,"row":53,"routeno":"225-C KBS-JNSVS","responsecode":200,"routeparentid":6432},{"union_rowno":3,"row":54,"routeno":"225-J","responsecode":200,"routeparentid":4159},{"union_rowno":3,"row":55,"routeno":"225-K JNKLO-BHELMT","responsecode":200,"routeparentid":5839},{"union_rowno":3,"row":56,"routeno":"225-P BRN-JNK-KMT","responsecode":200,"routeparentid":7543},{"union_rowno":3,"row":57,"routeno":"226-J","responsecode":200,"routeparentid":1241},{"union_rowno":3,"row":58,"routeno":"227-G KMT-JMP","responsecode":200,"routeparentid":3966},{"union_rowno":3,"row":59,"routeno":"227-J","responsecode":200,"routeparentid":1363},{"union_rowno":3,"row":60,"routeno":"228-J","responsecode":200,"routeparentid":1407},{"union_rowno":3,"row":61,"routeno":"228-J KBS-KMTFLY-ST BEN","responsecode":200,"routeparentid":6408},{"union_rowno":3,"row":62,"routeno":"231-J","responsecode":200,"routeparentid":1451},{"union_rowno":3,"row":63,"routeno":"231-J D36G-GDH","responsecode":200,"routeparentid":1452},{"union_rowno":3,"row":64,"routeno":"234-A  KMT-VJN-CLO","responsecode":200,"routeparentid":5374},{"union_rowno":3,"row":65,"routeno":"234-E UST-JNSVS","responsecode":200,"routeparentid":6431},{"union_rowno":3,"row":66,"routeno":"235-A DJPN-NBDA","responsecode":200,"routeparentid":3985},{"union_rowno":3,"row":67,"routeno":"237-C DPJN-BMBS","responsecode":200,"routeparentid":1477},{"union_rowno":3,"row":68,"routeno":"237-J","responsecode":200,"routeparentid":1102},{"union_rowno":3,"row":69,"routeno":"237-J PSN-KBS","responsecode":200,"routeparentid":1103},{"union_rowno":3,"row":70,"routeno":"238-D DPJN-NBV1S","responsecode":200,"routeparentid":1481},{"union_rowno":3,"row":71,"routeno":"238-U BUADM-VJN-VSD","responsecode":200,"routeparentid":4183},{"union_rowno":3,"row":72,"routeno":"238-U KBS-DPJN","responsecode":200,"routeparentid":5989},{"union_rowno":3,"row":73,"routeno":"238-U VTTMC-JNM","responsecode":200,"routeparentid":5987},{"union_rowno":3,"row":74,"routeno":"238-UM DPN-VJN-UST","responsecode":200,"routeparentid":7494},{"union_rowno":3,"row":75,"routeno":"240-J","responsecode":200,"routeparentid":1868},{"union_rowno":3,"row":76,"routeno":"242-B KBS-JSN","responsecode":200,"routeparentid":1730},{"union_rowno":3,"row":77,"routeno":"242-J","responsecode":200,"routeparentid":2377},{"union_rowno":3,"row":78,"routeno":"242-J KBS-DMH","responsecode":200,"routeparentid":2376},{"union_rowno":3,"row":79,"routeno":"242-JA","responsecode":200,"routeparentid":1588},{"union_rowno":3,"row":80,"routeno":"242-JA D35G-GNKL","responsecode":200,"routeparentid":2497},{"union_rowno":3,"row":81,"routeno":"242-JK","responsecode":200,"routeparentid":2379},{"union_rowno":3,"row":82,"routeno":"242-JK D35G-KKP","responsecode":200,"routeparentid":2380},{"union_rowno":3,"row":83,"routeno":"242-R D35G-JGH","responsecode":200,"routeparentid":2735},{"union_rowno":3,"row":84,"routeno":"243-J","responsecode":200,"routeparentid":2939},{"union_rowno":3,"row":85,"routeno":"243-J CVB-BVN","responsecode":200,"routeparentid":2945},{"union_rowno":3,"row":86,"routeno":"243-J VSD","responsecode":200,"routeparentid":2940},{"union_rowno":3,"row":87,"routeno":"245-J","responsecode":200,"routeparentid":4371},{"union_rowno":3,"row":88,"routeno":"245-R KBS-DJP","responsecode":200,"routeparentid":4412},{"union_rowno":3,"row":89,"routeno":"248 D31G-JHC","responsecode":200,"routeparentid":1624},{"union_rowno":3,"row":90,"routeno":"248-G MRTG-JHC-NMG","responsecode":200,"routeparentid":4688},{"union_rowno":3,"row":91,"routeno":"248-J","responsecode":200,"routeparentid":2282},{"union_rowno":3,"row":92,"routeno":"248 KMT-JHC-BELF","responsecode":200,"routeparentid":4665},{"union_rowno":3,"row":93,"routeno":"24-A KMT-JNN","responsecode":200,"routeparentid":6346},{"union_rowno":3,"row":94,"routeno":"253 D45-JHC-MGH","responsecode":200,"routeparentid":4171},{"union_rowno":3,"row":95,"routeno":"253-J","responsecode":200,"routeparentid":2548},{"union_rowno":3,"row":96,"routeno":"253-J CVB-HGV","responsecode":200,"routeparentid":6728},{"union_rowno":3,"row":97,"routeno":"253-J HGV-VSD-KBS","responsecode":200,"routeparentid":3919},{"union_rowno":3,"row":98,"routeno":"253-J KMT-HGT","responsecode":200,"routeparentid":6297},{"union_rowno":3,"row":99,"routeno":"253-J PSS-HGV","responsecode":200,"routeparentid":3920},{"union_rowno":3,"row":100,"routeno":"253-J VSD-HGV","responsecode":200,"routeparentid":3917},{"union_rowno":3,"row":101,"routeno":"253-J YPRRS-HGV","responsecode":200,"routeparentid":6766},{"union_rowno":3,"row":102,"routeno":"253-JA","responsecode":200,"routeparentid":1614},{"union_rowno":3,"row":103,"routeno":"255-D JHMS-TVHA","responsecode":200,"routeparentid":3922},{"union_rowno":3,"row":104,"routeno":"255-J","responsecode":200,"routeparentid":2632},{"union_rowno":3,"row":105,"routeno":"255-J KBS-HNS","responsecode":200,"routeparentid":3208},{"union_rowno":3,"row":106,"routeno":"258-J","responsecode":200,"routeparentid":1644},{"union_rowno":3,"row":107,"routeno":"258-MA JKNH-KBS","responsecode":200,"routeparentid":3537},{"union_rowno":3,"row":108,"routeno":"258-WA KMT-JTS","responsecode":200,"routeparentid":6965},{"union_rowno":3,"row":109,"routeno":"266-J","responsecode":200,"routeparentid":4212},{"union_rowno":3,"row":110,"routeno":"266-R D45-JKBN","responsecode":200,"routeparentid":6601},{"union_rowno":3,"row":111,"routeno":"266-R JKBN-KBS","responsecode":200,"routeparentid":6602},{"union_rowno":3,"row":112,"routeno":"271-J","responsecode":200,"routeparentid":4777},{"union_rowno":3,"row":113,"routeno":"271-T D45-JGA","responsecode":200,"routeparentid":4308},{"union_rowno":3,"row":114,"routeno":"271-T SNBS-JGA","responsecode":200,"routeparentid":5765},{"union_rowno":3,"row":115,"routeno":"273-H KBS-VSD-JHC","responsecode":200,"routeparentid":4818},{"union_rowno":3,"row":116,"routeno":"273 PSS-CJP","responsecode":200,"routeparentid":2883},{"union_rowno":3,"row":117,"routeno":"273 RMCPFO-BELC-JHC","responsecode":200,"routeparentid":4915},{"union_rowno":3,"row":118,"routeno":"27-E JNN-VSD-SBS","responsecode":200,"routeparentid":1770},{"union_rowno":3,"row":119,"routeno":"284-C CVB-JDLO","responsecode":200,"routeparentid":2451},{"union_rowno":3,"row":120,"routeno":"284-C JLOW-VSD-KBS","responsecode":200,"routeparentid":4546},{"union_rowno":3,"row":121,"routeno":"284-C KBS-JLOW","responsecode":200,"routeparentid":4543},{"union_rowno":3,"row":122,"routeno":"284-C KBS-KRC-JLOW","responsecode":200,"routeparentid":6941},{"union_rowno":3,"row":123,"routeno":"284-C VSD-JLOW","responsecode":200,"routeparentid":4542},{"union_rowno":3,"row":124,"routeno":"284-KA KBS-VSD-JSNL","responsecode":200,"routeparentid":1297},{"union_rowno":3,"row":125,"routeno":"285-J","responsecode":200,"routeparentid":2064},{"union_rowno":3,"row":126,"routeno":"285-J PTML-JLG","responsecode":200,"routeparentid":4015},{"union_rowno":3,"row":127,"routeno":"285-JA","responsecode":200,"routeparentid":2065},{"union_rowno":3,"row":128,"routeno":"285-JB","responsecode":200,"routeparentid":2066},{"union_rowno":3,"row":129,"routeno":"285-JC","responsecode":200,"routeparentid":2067},{"union_rowno":3,"row":130,"routeno":"285-JE","responsecode":200,"routeparentid":2068},{"union_rowno":3,"row":131,"routeno":"285-JE DYVH-KBS","responsecode":200,"routeparentid":4066},{"union_rowno":3,"row":132,"routeno":"285-JE PTML-DYVH","responsecode":200,"routeparentid":4067},{"union_rowno":3,"row":133,"routeno":"285-MJ","responsecode":200,"routeparentid":2094},{"union_rowno":3,"row":134,"routeno":"285-MJ  D46G-JKR","responsecode":200,"routeparentid":6354},{"union_rowno":3,"row":135,"routeno":"285-MJ GST-JKR","responsecode":200,"routeparentid":6353},{"union_rowno":3,"row":136,"routeno":"285-MJ HBLB-GST","responsecode":200,"routeparentid":6820},{"union_rowno":3,"row":137,"routeno":"285-MJ JKLO-PTML","responsecode":200,"routeparentid":4021},{"union_rowno":3,"row":138,"routeno":"285 PTH-JKLO","responsecode":200,"routeparentid":1521},{"union_rowno":3,"row":139,"routeno":"286-G KMT-KBS-JKR","responsecode":200,"routeparentid":1519},{"union_rowno":3,"row":140,"routeno":"287-JA","responsecode":200,"routeparentid":4150},{"union_rowno":3,"row":141,"routeno":"287-JA D45G-CBL","responsecode":200,"routeparentid":4151},{"union_rowno":3,"row":142,"routeno":"288-J","responsecode":200,"routeparentid":4527},{"union_rowno":3,"row":143,"routeno":"288-J MGRMS-CBL","responsecode":200,"routeparentid":7479},{"union_rowno":3,"row":144,"routeno":"288-J MGRMS-NCBS","responsecode":200,"routeparentid":7477},{"union_rowno":3,"row":145,"routeno":"288-J SBS-TDL","responsecode":200,"routeparentid":5975},{"union_rowno":3,"row":146,"routeno":"289-J","responsecode":200,"routeparentid":4979},{"union_rowno":3,"row":147,"routeno":"289-L PTH-MVJ","responsecode":200,"routeparentid":6727},{"union_rowno":3,"row":148,"routeno":"290-B SJS-THS","responsecode":200,"routeparentid":6550},{"union_rowno":3,"row":149,"routeno":"290-E STJHS-YHKOT","responsecode":200,"routeparentid":5682},{"union_rowno":3,"row":150,"routeno":"290-E YHKOT-SBS-STJHS","responsecode":200,"routeparentid":4599},{"union_rowno":3,"row":151,"routeno":"290-E YHKOT-SJBHS","responsecode":200,"routeparentid":5649},{"union_rowno":3,"row":152,"routeno":"290-J","responsecode":200,"routeparentid":3931},{"union_rowno":3,"row":153,"routeno":"291-J","responsecode":200,"routeparentid":4530},{"union_rowno":3,"row":154,"routeno":"291-JA","responsecode":200,"routeparentid":3793},{"union_rowno":3,"row":155,"routeno":"293-J","responsecode":200,"routeparentid":5037},{"union_rowno":3,"row":156,"routeno":"293 OASIS-HNRJN-HBLB","responsecode":200,"routeparentid":2664},{"union_rowno":3,"row":157,"routeno":"293 STJHS-BGLR","responsecode":200,"routeparentid":7054},{"union_rowno":3,"row":158,"routeno":"294-B D48G-JNTNR","responsecode":200,"routeparentid":4885},{"union_rowno":3,"row":159,"routeno":"297-J DVH-DBP","responsecode":200,"routeparentid":6748},{"union_rowno":3,"row":160,"routeno":"298-M DVH-HRH-VJP","responsecode":200,"routeparentid":6963},{"union_rowno":3,"row":161,"routeno":"298-MC YHK-VJP","responsecode":200,"routeparentid":5155},{"union_rowno":3,"row":162,"routeno":"298-MP HBLB-VJP","responsecode":200,"routeparentid":7294},{"union_rowno":3,"row":163,"routeno":"298-MP KBS-HRH-VJP","responsecode":200,"routeparentid":7425},{"union_rowno":3,"row":164,"routeno":"298-MV VJP-DVH-DBP","responsecode":200,"routeparentid":1351},{"union_rowno":3,"row":165,"routeno":"298-MV YHKOT-VJP","responsecode":200,"routeparentid":6439},{"union_rowno":3,"row":166,"routeno":"298-Y KBS-YLR-VJP","responsecode":200,"routeparentid":6556},{"union_rowno":3,"row":167,"routeno":"298-Y VJP-YLR-YHKOT","responsecode":200,"routeparentid":6557},{"union_rowno":3,"row":168,"routeno":"298-Z YHK-VJP","responsecode":200,"routeparentid":5207},{"union_rowno":3,"row":169,"routeno":"2-E  JPN6-VSD","responsecode":200,"routeparentid":3508},{"union_rowno":3,"row":170,"routeno":"2KVP-JHE","responsecode":200,"routeparentid":4767},{"union_rowno":3,"row":171,"routeno":"300-E SJBHS-KRP","responsecode":200,"routeparentid":7308},{"union_rowno":3,"row":172,"routeno":"302-D KMT- SJHST","responsecode":200,"routeparentid":5959},{"union_rowno":3,"row":173,"routeno":"302-J","responsecode":200,"routeparentid":2875},{"union_rowno":3,"row":174,"routeno":"302-J D10G-CKE","responsecode":200,"routeparentid":2877},{"union_rowno":3,"row":175,"routeno":"304-J","responsecode":200,"routeparentid":2418},{"union_rowno":3,"row":176,"routeno":"305-J KMT-HSK","responsecode":200,"routeparentid":5494},{"union_rowno":3,"row":177,"routeno":"306-J","responsecode":200,"routeparentid":3036},{"union_rowno":3,"row":178,"routeno":"306-MA D24G-JYM","responsecode":200,"routeparentid":3024},{"union_rowno":3,"row":179,"routeno":"306-MA SBS-JYM","responsecode":200,"routeparentid":7154},{"union_rowno":3,"row":180,"routeno":"311-J","responsecode":200,"routeparentid":6934},{"union_rowno":3,"row":181,"routeno":"311-J D24G-MDH","responsecode":200,"routeparentid":6935},{"union_rowno":3,"row":182,"routeno":"311-J SBS-SGH","responsecode":200,"routeparentid":3104},{"union_rowno":3,"row":183,"routeno":"313-J","responsecode":200,"routeparentid":3120},{"union_rowno":3,"row":184,"routeno":"313-J TNF-MVJ","responsecode":200,"routeparentid":3121},{"union_rowno":3,"row":185,"routeno":"314-B DPJN-CVRN","responsecode":200,"routeparentid":4121},{"union_rowno":3,"row":186,"routeno":"314 DPJN-KBS-BEMLF","responsecode":200,"routeparentid":7232},{"union_rowno":3,"row":187,"routeno":"314-J","responsecode":200,"routeparentid":3143},{"union_rowno":3,"row":188,"routeno":"315-J","responsecode":200,"routeparentid":3163},{"union_rowno":3,"row":189,"routeno":"315-J KBS-KLK-KMS","responsecode":200,"routeparentid":5538},{"union_rowno":3,"row":190,"routeno":"315-J KMS-KLK","responsecode":200,"routeparentid":2946},{"union_rowno":3,"row":191,"routeno":"316-J","responsecode":200,"routeparentid":3200},{"union_rowno":3,"row":192,"routeno":"316-J KBS-KTGH","responsecode":200,"routeparentid":3201},{"union_rowno":3,"row":193,"routeno":"317-J","responsecode":200,"routeparentid":4062},{"union_rowno":3,"row":194,"routeno":"317-MJ","responsecode":200,"routeparentid":7322},{"union_rowno":3,"row":195,"routeno":"318 KBS-JTP","responsecode":200,"routeparentid":3266},{"union_rowno":3,"row":196,"routeno":"319-J","responsecode":200,"routeparentid":3280},{"union_rowno":3,"row":197,"routeno":"319-J D41G-DNR","responsecode":200,"routeparentid":3281},{"union_rowno":3,"row":198,"routeno":"319-J KMT-D41G","responsecode":200,"routeparentid":3293},{"union_rowno":3,"row":199,"routeno":"319-J TNF-DNR","responsecode":200,"routeparentid":3057},{"union_rowno":3,"row":200,"routeno":"323DN-SJP-JYM-KHG","responsecode":200,"routeparentid":7551},{"union_rowno":3,"row":201,"routeno":"323-J","responsecode":200,"routeparentid":1076},{"union_rowno":3,"row":202,"routeno":"328-G D41G-GJR-HLH","responsecode":200,"routeparentid":3455},{"union_rowno":3,"row":203,"routeno":"328-H ATB-SJP-ABS","responsecode":200,"routeparentid":4560},{"union_rowno":3,"row":204,"routeno":"328-H D38G-CPR-ATB-SJP","responsecode":200,"routeparentid":5997},{"union_rowno":3,"row":205,"routeno":"328-H HSK-SJP-CTP","responsecode":200,"routeparentid":6241},{"union_rowno":3,"row":206,"routeno":"328-H HSS-SJP-ATB","responsecode":200,"routeparentid":4869},{"union_rowno":3,"row":207,"routeno":"328-H KCH-SJP-ATB","responsecode":200,"routeparentid":4568},{"union_rowno":3,"row":208,"routeno":"328-H NTD-SJP-ATB","responsecode":200,"routeparentid":5229},{"union_rowno":3,"row":209,"routeno":"329-J","responsecode":200,"routeparentid":1079},{"union_rowno":3,"row":210,"routeno":"329-J SNBS-SNH","responsecode":200,"routeparentid":1081},{"union_rowno":3,"row":211,"routeno":"330 SBS-GBJQ","responsecode":200,"routeparentid":5253},{"union_rowno":3,"row":212,"routeno":"335-E JGS-KDG","responsecode":200,"routeparentid":7199},{"union_rowno":3,"row":213,"routeno":"340-A STJN-HSRKEB","responsecode":200,"routeparentid":6198},{"union_rowno":3,"row":214,"routeno":"340-J","responsecode":200,"routeparentid":3141},{"union_rowno":3,"row":215,"routeno":"340-J KMT-D38G","responsecode":200,"routeparentid":3242},{"union_rowno":3,"row":216,"routeno":"340 KBS-GJRP","responsecode":200,"routeparentid":3103},{"union_rowno":3,"row":217,"routeno":"342-A D38G-SJP","responsecode":200,"routeparentid":3176},{"union_rowno":3,"row":218,"routeno":"342-A KRMTTMC-SJP","responsecode":200,"routeparentid":3186},{"union_rowno":3,"row":219,"routeno":"342-A SJP-PESCK","responsecode":200,"routeparentid":5969},{"union_rowno":3,"row":220,"routeno":"342 ASP-STJN","responsecode":200,"routeparentid":6517},{"union_rowno":3,"row":221,"routeno":"342 D42G-SJP","responsecode":200,"routeparentid":6825},{"union_rowno":3,"row":222,"routeno":"342-F D38G-DKH-SJP","responsecode":200,"routeparentid":3220},{"union_rowno":3,"row":223,"routeno":"342-F GGS-SJP","responsecode":200,"routeparentid":5227},{"union_rowno":3,"row":224,"routeno":"342-F KBS-VSD-SJP","responsecode":200,"routeparentid":5698},{"union_rowno":3,"row":225,"routeno":"342-F KRMTTMC-SJP","responsecode":200,"routeparentid":3219},{"union_rowno":3,"row":226,"routeno":"342-F PSKGH-SJP-ATB","responsecode":200,"routeparentid":4634},{"union_rowno":3,"row":227,"routeno":"342-F SJP-KVS","responsecode":200,"routeparentid":5499},{"union_rowno":3,"row":228,"routeno":"342-F SJWA-SJP","responsecode":200,"routeparentid":7502},{"union_rowno":3,"row":229,"routeno":"342-H CMRS-STJN","responsecode":200,"routeparentid":3232},{"union_rowno":3,"row":230,"routeno":"342-H SJP-RAK","responsecode":200,"routeparentid":5515},{"union_rowno":3,"row":231,"routeno":"342-H STJH-KGR","responsecode":200,"routeparentid":5697},{"union_rowno":3,"row":232,"routeno":"342-H STJN-GGSK","responsecode":200,"routeparentid":6903},{"union_rowno":3,"row":233,"routeno":"342-J","responsecode":200,"routeparentid":2095},{"union_rowno":3,"row":234,"routeno":"342-J D42G-VGK","responsecode":200,"routeparentid":6828},{"union_rowno":3,"row":235,"routeno":"342-JB","responsecode":200,"routeparentid":2097},{"union_rowno":3,"row":236,"routeno":"342 RJTP-SJP","responsecode":200,"routeparentid":7452},{"union_rowno":3,"row":237,"routeno":"342 ST JOHNS-CHM","responsecode":200,"routeparentid":5147},{"union_rowno":3,"row":238,"routeno":"345-C SNBS-NJP","responsecode":200,"routeparentid":7092},{"union_rowno":3,"row":239,"routeno":"345-F STJOHN-ANK","responsecode":200,"routeparentid":3492},{"union_rowno":3,"row":240,"routeno":"345 KMT-JAPC","responsecode":200,"routeparentid":3452},{"union_rowno":3,"row":241,"routeno":"346-J","responsecode":200,"routeparentid":3516},{"union_rowno":3,"row":242,"routeno":"349-J","responsecode":200,"routeparentid":5189},{"union_rowno":3,"row":243,"routeno":"349-J KMT-IGNOUS","responsecode":200,"routeparentid":7164},{"union_rowno":3,"row":244,"routeno":"350-E KBS-NJP","responsecode":200,"routeparentid":5192},{"union_rowno":3,"row":245,"routeno":"351-J","responsecode":200,"routeparentid":5292},{"union_rowno":3,"row":246,"routeno":"353-B JGNAPC-CPR-HKR","responsecode":200,"routeparentid":4951},{"union_rowno":3,"row":247,"routeno":"356-J","responsecode":200,"routeparentid":1078},{"union_rowno":3,"row":248,"routeno":"356-JE","responsecode":200,"routeparentid":4731},{"union_rowno":3,"row":249,"routeno":"356-JE NMG-ELCW","responsecode":200,"routeparentid":4917},{"union_rowno":3,"row":250,"routeno":"356-JE PSS -ELCW","responsecode":200,"routeparentid":4735},{"union_rowno":3,"row":251,"routeno":"356-M ANK-JGNAPC","responsecode":200,"routeparentid":4944},{"union_rowno":3,"row":252,"routeno":"360-J","responsecode":200,"routeparentid":2748},{"union_rowno":3,"row":253,"routeno":"360-J CSB-HNDL","responsecode":200,"routeparentid":3030},{"union_rowno":3,"row":254,"routeno":"360-K KRM-STJN-ATB","responsecode":200,"routeparentid":6659},{"union_rowno":3,"row":255,"routeno":"365-J","responsecode":200,"routeparentid":1070},{"union_rowno":3,"row":256,"routeno":"365-J KBS-D27","responsecode":200,"routeparentid":3732},{"union_rowno":3,"row":257,"routeno":"365-J KBS-JGN-UAV","responsecode":200,"routeparentid":5487},{"union_rowno":3,"row":258,"routeno":"365-J KBS-VSD-D27","responsecode":200,"routeparentid":5898},{"union_rowno":3,"row":259,"routeno":"365-J VSD-D27","responsecode":200,"routeparentid":3762},{"union_rowno":3,"row":260,"routeno":"365J-BNZ-JNN","responsecode":200,"routeparentid":7601},{"union_rowno":3,"row":261,"routeno":"365 JBS-BNP","responsecode":200,"routeparentid":7352},{"union_rowno":3,"row":262,"routeno":"365 JEST END-BNP","responsecode":200,"routeparentid":6666},{"union_rowno":3,"row":263,"routeno":"365J-JAPC-JNN","responsecode":200,"routeparentid":7602},{"union_rowno":3,"row":264,"routeno":"365 KBS-JRML","responsecode":200,"routeparentid":4454},{"union_rowno":3,"row":265,"routeno":"369-J","responsecode":200,"routeparentid":4407},{"union_rowno":3,"row":266,"routeno":"369-J JBS-EAST END-HML","responsecode":200,"routeparentid":4448},{"union_rowno":3,"row":267,"routeno":"370-A KBS-UJPD","responsecode":200,"routeparentid":3741},{"union_rowno":3,"row":268,"routeno":"370-A KMT-JBS-UJPD","responsecode":200,"routeparentid":3744},{"union_rowno":3,"row":269,"routeno":"372-J","responsecode":200,"routeparentid":2519},{"union_rowno":3,"row":270,"routeno":"375-D BSK-JVS","responsecode":200,"routeparentid":5466},{"union_rowno":3,"row":271,"routeno":"375-D JGF-BSK","responsecode":200,"routeparentid":7305},{"union_rowno":3,"row":272,"routeno":"375-J","responsecode":200,"routeparentid":1172},{"union_rowno":3,"row":273,"routeno":"375 JBS-BEML5","responsecode":200,"routeparentid":5352},{"union_rowno":3,"row":274,"routeno":"378-E JPN6-ELC","responsecode":200,"routeparentid":4472},{"union_rowno":3,"row":275,"routeno":"378-E JPN6-JSD-ELC","responsecode":200,"routeparentid":1776},{"union_rowno":3,"row":276,"routeno":"378-P D34G-JGN-CPR-HSS","responsecode":200,"routeparentid":7455},{"union_rowno":3,"row":277,"routeno":"381-C HSK-NGRH-VJP","responsecode":200,"routeparentid":6290},{"union_rowno":3,"row":278,"routeno":"381-J","responsecode":200,"routeparentid":6386},{"union_rowno":3,"row":279,"routeno":"398-B JGN-BGC-KGP","responsecode":200,"routeparentid":5101},{"union_rowno":3,"row":280,"routeno":"399 SJP-BHR","responsecode":200,"routeparentid":3767},{"union_rowno":3,"row":281,"routeno":"401-A D45-JHC-GGH","responsecode":200,"routeparentid":6502},{"union_rowno":3,"row":282,"routeno":"401-AD D45G-JMS","responsecode":200,"routeparentid":6591},{"union_rowno":3,"row":283,"routeno":"401-AK RJK-CKB","responsecode":200,"routeparentid":7392},{"union_rowno":3,"row":284,"routeno":"401-BJ","responsecode":200,"routeparentid":3092},{"union_rowno":3,"row":285,"routeno":"401-BJ PTML-MHC","responsecode":200,"routeparentid":7206},{"union_rowno":3,"row":286,"routeno":"401-J","responsecode":200,"routeparentid":3122},{"union_rowno":3,"row":287,"routeno":"401-J PTH-HNS","responsecode":200,"routeparentid":3586},{"union_rowno":3,"row":288,"routeno":"401-JB","responsecode":200,"routeparentid":3124},{"union_rowno":3,"row":289,"routeno":"401-JC","responsecode":200,"routeparentid":3126},{"union_rowno":3,"row":290,"routeno":"401-KB VJN-RRMC","responsecode":200,"routeparentid":5414},{"union_rowno":3,"row":291,"routeno":"401-Y JHC-MPS-MGH","responsecode":200,"routeparentid":6289},{"union_rowno":3,"row":292,"routeno":"402-D JLOW-VSD-SBS","responsecode":200,"routeparentid":1330},{"union_rowno":3,"row":293,"routeno":"410-AB JBS-PSS-ADH","responsecode":200,"routeparentid":6147},{"union_rowno":3,"row":294,"routeno":"410-FA DPJN-YBS","responsecode":200,"routeparentid":6622},{"union_rowno":3,"row":295,"routeno":"410-FC JHC-GGP-CLO","responsecode":200,"routeparentid":7346},{"union_rowno":3,"row":296,"routeno":"410-FJ","responsecode":200,"routeparentid":3291},{"union_rowno":3,"row":297,"routeno":"410-K JHC-NDHMF","responsecode":200,"routeparentid":4462},{"union_rowno":3,"row":298,"routeno":"410-K JJHC-CDSN","responsecode":200,"routeparentid":7348},{"union_rowno":3,"row":299,"routeno":"411-A HALM-JNRTTMC","responsecode":200,"routeparentid":6369},{"union_rowno":3,"row":300,"routeno":"415-E D10G-AJB","responsecode":200,"routeparentid":3825},{"union_rowno":3,"row":301,"routeno":"415-H -HBLB-AJBD","responsecode":200,"routeparentid":6468},{"union_rowno":3,"row":302,"routeno":"415-H KBS-VSD-AJB","responsecode":200,"routeparentid":6928},{"union_rowno":3,"row":303,"routeno":"415-H KBS-VSD-MNP-AJB","responsecode":200,"routeparentid":6931},{"union_rowno":3,"row":304,"routeno":"43-J","responsecode":200,"routeparentid":2361},{"union_rowno":3,"row":305,"routeno":"43-J PPLO-HKLO","responsecode":200,"routeparentid":3161},{"union_rowno":3,"row":306,"routeno":"43-J VSD-HKLO","responsecode":200,"routeparentid":3165},{"union_rowno":3,"row":307,"routeno":"43-JA","responsecode":200,"routeparentid":5403},{"union_rowno":3,"row":308,"routeno":"43-JA DPJN-BRN","responsecode":200,"routeparentid":5404},{"union_rowno":3,"row":309,"routeno":"45-J","responsecode":200,"routeparentid":2304},{"union_rowno":3,"row":310,"routeno":"45-J KBS-CKA","responsecode":200,"routeparentid":5865},{"union_rowno":3,"row":311,"routeno":"500-A MRH-JKLO","responsecode":200,"routeparentid":5824},{"union_rowno":3,"row":312,"routeno":"500-CA JBS-ITPL","responsecode":200,"routeparentid":2769},{"union_rowno":3,"row":313,"routeno":"500-CF D41G-SJP-CKT","responsecode":200,"routeparentid":6989},{"union_rowno":3,"row":314,"routeno":"500-CH D06G-SJP","responsecode":200,"routeparentid":6579},{"union_rowno":3,"row":315,"routeno":"500-CH D24G-SJP","responsecode":200,"routeparentid":2742},{"union_rowno":3,"row":316,"routeno":"500-CH DBS-SJP","responsecode":200,"routeparentid":5971},{"union_rowno":3,"row":317,"routeno":"500-CH KLN-SJP","responsecode":200,"routeparentid":2745},{"union_rowno":3,"row":318,"routeno":"500-CH SJP-HBL","responsecode":200,"routeparentid":7162},{"union_rowno":3,"row":319,"routeno":"500-D JGS-CSB","responsecode":200,"routeparentid":7197},{"union_rowno":3,"row":320,"routeno":"500-DJ","responsecode":200,"routeparentid":1722},{"union_rowno":3,"row":321,"routeno":"500-DM CJP-ELCW","responsecode":200,"routeparentid":2988},{"union_rowno":3,"row":322,"routeno":"500-HG HSK-JHC","responsecode":200,"routeparentid":5884},{"union_rowno":3,"row":323,"routeno":"500-J","responsecode":200,"routeparentid":2103},{"union_rowno":3,"row":324,"routeno":"500-Q BMT48-CJP","responsecode":200,"routeparentid":2886},{"union_rowno":3,"row":325,"routeno":"500-Q BTPG-CJP","responsecode":200,"routeparentid":6187},{"union_rowno":3,"row":326,"routeno":"500-Q MDR-CJP","responsecode":200,"routeparentid":2942},{"union_rowno":3,"row":327,"routeno":"500-Q VNSH-CJP","responsecode":200,"routeparentid":5053},{"union_rowno":3,"row":328,"routeno":"500-QG D10G-JHC","responsecode":200,"routeparentid":6265},{"union_rowno":3,"row":329,"routeno":"501-NH DPJN-HBLB","responsecode":200,"routeparentid":6141},{"union_rowno":3,"row":330,"routeno":"502-D JGF-SMH-GGP-KRPGH","responsecode":200,"routeparentid":5244},{"union_rowno":3,"row":331,"routeno":"502-J","responsecode":200,"routeparentid":3396},{"union_rowno":3,"row":332,"routeno":"502-JA","responsecode":200,"routeparentid":3414},{"union_rowno":3,"row":333,"routeno":"502-K ACP-JHC","responsecode":200,"routeparentid":4051},{"union_rowno":3,"row":334,"routeno":"507 KRPGH-YTTMC-BEMLJVS","responsecode":200,"routeparentid":3953},{"union_rowno":3,"row":335,"routeno":"507-P PSS-JHC-SDN","responsecode":200,"routeparentid":4829},{"union_rowno":3,"row":336,"routeno":"59 DPN-JJN","responsecode":200,"routeparentid":6334},{"union_rowno":3,"row":337,"routeno":"600-F JBS-ELCW","responsecode":200,"routeparentid":6131},{"union_rowno":3,"row":338,"routeno":"600-FC BEML5-JGNAPC","responsecode":200,"routeparentid":2714},{"union_rowno":3,"row":339,"routeno":"600-FC D27-JAPC","responsecode":200,"routeparentid":5132},{"union_rowno":3,"row":340,"routeno":"60-J","responsecode":200,"routeparentid":6071},{"union_rowno":3,"row":341,"routeno":"60-J CLO-1BKRM","responsecode":200,"routeparentid":4158},{"union_rowno":3,"row":342,"routeno":"60-J VJN-KRM1","responsecode":200,"routeparentid":4166},{"union_rowno":3,"row":343,"routeno":"61-C DPJN-BCCLO","responsecode":200,"routeparentid":3759},{"union_rowno":3,"row":344,"routeno":"61-J","responsecode":200,"routeparentid":3670},{"union_rowno":3,"row":345,"routeno":"63-C DPJN-SBS","responsecode":200,"routeparentid":3766},{"union_rowno":3,"row":346,"routeno":"75 DPJN-MBS","responsecode":200,"routeparentid":4042},{"union_rowno":3,"row":347,"routeno":"79-J","responsecode":200,"routeparentid":5071},{"union_rowno":3,"row":348,"routeno":"80-A NLO-JP3","responsecode":200,"routeparentid":3608},{"union_rowno":3,"row":349,"routeno":"80-D SBS-RBJM","responsecode":200,"routeparentid":5233},{"union_rowno":3,"row":350,"routeno":"80-D SBS-VSD-KBS-RBJN","responsecode":200,"routeparentid":5235},{"union_rowno":3,"row":351,"routeno":"80-D YTTMC-RBJN","responsecode":200,"routeparentid":5236},{"union_rowno":3,"row":352,"routeno":"80-F JBN-YTTMC","responsecode":200,"routeparentid":4940},{"union_rowno":3,"row":353,"routeno":"87-J","responsecode":200,"routeparentid":4055},{"union_rowno":3,"row":354,"routeno":"87 KBS-DPJN","responsecode":200,"routeparentid":3519},{"union_rowno":3,"row":355,"routeno":"89-D SMH-JCN","responsecode":200,"routeparentid":1125},{"union_rowno":3,"row":356,"routeno":"89-D YTTMC-JCN","responsecode":200,"routeparentid":5020},{"union_rowno":3,"row":357,"routeno":"94 SBS-VSD-CJP","responsecode":200,"routeparentid":6153},{"union_rowno":3,"row":358,"routeno":"99-B YTTMC-CJP","responsecode":200,"routeparentid":5083},{"union_rowno":3,"row":359,"routeno":"AJM-KMT","responsecode":200,"routeparentid":7373},{"union_rowno":3,"row":360,"routeno":"AJM-SBS","responsecode":200,"routeparentid":7069},{"union_rowno":3,"row":361,"routeno":"BC-7B BDH-JHC-PSS","responsecode":200,"routeparentid":4670},{"union_rowno":3,"row":362,"routeno":"BC-7E JHMS-GGH","responsecode":200,"routeparentid":6503},{"union_rowno":3,"row":363,"routeno":"BEMLJVS A-6","responsecode":200,"routeparentid":3946},{"union_rowno":3,"row":364,"routeno":"BEMLJVS B-6","responsecode":200,"routeparentid":3943},{"union_rowno":3,"row":365,"routeno":"BMBS-JHC","responsecode":200,"routeparentid":6945},{"union_rowno":3,"row":366,"routeno":"BSK-BJP","responsecode":200,"routeparentid":7597},{"union_rowno":3,"row":367,"routeno":"BSK-JNN","responsecode":200,"routeparentid":7529},{"union_rowno":3,"row":368,"routeno":"BSK-JPN6-JPN7TH","responsecode":200,"routeparentid":6598},{"union_rowno":3,"row":369,"routeno":"C-365J","responsecode":200,"routeparentid":6186},{"union_rowno":3,"row":370,"routeno":"CKS-JP6","responsecode":200,"routeparentid":4361},{"union_rowno":3,"row":371,"routeno":"D09-ISROOJ","responsecode":200,"routeparentid":7572},{"union_rowno":3,"row":372,"routeno":"D10G-AJB","responsecode":200,"routeparentid":6930},{"union_rowno":3,"row":373,"routeno":"D10G-HNRJN","responsecode":200,"routeparentid":2947},{"union_rowno":3,"row":374,"routeno":"D14G-AJM","responsecode":200,"routeparentid":7068},{"union_rowno":3,"row":375,"routeno":"D16-DPJN","responsecode":200,"routeparentid":1110},{"union_rowno":3,"row":376,"routeno":"D22-ISROQJ","responsecode":200,"routeparentid":4087},{"union_rowno":3,"row":377,"routeno":"D24G-SJBHS","responsecode":200,"routeparentid":7307},{"union_rowno":3,"row":378,"routeno":"D27-JAPC","responsecode":200,"routeparentid":2795},{"union_rowno":3,"row":379,"routeno":"D31G-JMN","responsecode":200,"routeparentid":3603},{"union_rowno":3,"row":380,"routeno":"D34-JSD","responsecode":200,"routeparentid":7530},{"union_rowno":3,"row":381,"routeno":"D35G-JPT","responsecode":200,"routeparentid":5827},{"union_rowno":3,"row":382,"routeno":"D41-GNJR","responsecode":200,"routeparentid":2541},{"union_rowno":3,"row":383,"routeno":"D42G-RJTP","responsecode":200,"routeparentid":7450},{"union_rowno":3,"row":384,"routeno":"D45G-CKB-JHC","responsecode":200,"routeparentid":6723},{"union_rowno":3,"row":385,"routeno":"D45G-JHMS","responsecode":200,"routeparentid":4276},{"union_rowno":3,"row":386,"routeno":"D4-JBS4T","responsecode":200,"routeparentid":3821},{"union_rowno":3,"row":387,"routeno":"D4-JNN","responsecode":200,"routeparentid":7331},{"union_rowno":3,"row":388,"routeno":"D6G-GBJCG","responsecode":200,"routeparentid":5144},{"union_rowno":3,"row":389,"routeno":"D6G-HAL-JGS","responsecode":200,"routeparentid":7194},{"union_rowno":3,"row":390,"routeno":"DPJN-BRDVN","responsecode":200,"routeparentid":4085},{"union_rowno":3,"row":391,"routeno":"DPJN-GNE","responsecode":200,"routeparentid":5220},{"union_rowno":3,"row":392,"routeno":"DPJN-HSK","responsecode":200,"routeparentid":4203},{"union_rowno":3,"row":393,"routeno":"DPJN-JJN","responsecode":200,"routeparentid":1661},{"union_rowno":3,"row":394,"routeno":"DPJN-KSP","responsecode":200,"routeparentid":4199},{"union_rowno":3,"row":395,"routeno":"DPJN-MCTC","responsecode":200,"routeparentid":6929},{"union_rowno":3,"row":396,"routeno":"DPJN-MRBS","responsecode":200,"routeparentid":7233},{"union_rowno":3,"row":397,"routeno":"DPJN-NTN","responsecode":200,"routeparentid":1488},{"union_rowno":3,"row":398,"routeno":"DPJN-RPCLO","responsecode":200,"routeparentid":1572},{"union_rowno":3,"row":399,"routeno":"DPS-E6J-9","responsecode":200,"routeparentid":5283},{"union_rowno":3,"row":400,"routeno":"DPS-SJP-ATB","responsecode":200,"routeparentid":5240},{"union_rowno":3,"row":401,"routeno":"EJP-STJN","responsecode":200,"routeparentid":7293},{"union_rowno":3,"row":402,"routeno":"G-10 STJHS-KMT","responsecode":200,"routeparentid":4606},{"union_rowno":3,"row":403,"routeno":"G-2 ARMYASC-SJP","responsecode":200,"routeparentid":7506},{"union_rowno":3,"row":404,"routeno":"G-2 CHM-SJP","responsecode":200,"routeparentid":5540},{"union_rowno":3,"row":405,"routeno":"G-2 NGVJ-SJP","responsecode":200,"routeparentid":7509},{"union_rowno":3,"row":406,"routeno":"G-2 SBS-SJP","responsecode":200,"routeparentid":1223},{"union_rowno":3,"row":407,"routeno":"G-3 SJHS-ATB","responsecode":200,"routeparentid":5525},{"union_rowno":3,"row":408,"routeno":"G-3 SJSCBSE-CSB","responsecode":200,"routeparentid":6214},{"union_rowno":3,"row":409,"routeno":"HKH-DPJN","responsecode":200,"routeparentid":2976},{"union_rowno":3,"row":410,"routeno":"HSS-GJR-CNS","responsecode":200,"routeparentid":4621},{"union_rowno":3,"row":411,"routeno":"ITPL-1J","responsecode":200,"routeparentid":2862},{"union_rowno":3,"row":412,"routeno":"ITPL-2J","responsecode":200,"routeparentid":4208},{"union_rowno":3,"row":413,"routeno":"ITPL-4J","responsecode":200,"routeparentid":2393},{"union_rowno":3,"row":446,"routeno":"KBS-DPJN","responsecode":200,"routeparentid":1138},{"union_rowno":3,"row":447,"routeno":"KBS-ELC-JAPC","responsecode":200,"routeparentid":5100},{"union_rowno":3,"row":448,"routeno":"KGR-JNSVS","responsecode":200,"routeparentid":5442},{"union_rowno":3,"row":449,"routeno":"KLN-AJB","responsecode":200,"routeparentid":7040},{"union_rowno":3,"row":450,"routeno":"KMT-STJH-KRMTTMC","responsecode":200,"routeparentid":3166},{"union_rowno":3,"row":451,"routeno":"MF-13 VJN-VJN","responsecode":200,"routeparentid":7100},{"union_rowno":3,"row":452,"routeno":"MF-15A BSK-JSD","responsecode":200,"routeparentid":7360},{"union_rowno":3,"row":453,"routeno":"MF-16 DPJN-SNBS","responsecode":200,"routeparentid":7114},{"union_rowno":3,"row":454,"routeno":"MF-23B VNS-JHCMS","responsecode":200,"routeparentid":6955},{"union_rowno":3,"row":455,"routeno":"MF-23E D45-JHMS","responsecode":200,"routeparentid":6663},{"union_rowno":3,"row":456,"routeno":"MF-26 D45-JHC-CDN","responsecode":200,"routeparentid":6501},{"union_rowno":3,"row":457,"routeno":"MF-26 PSS-JHMS","responsecode":200,"routeparentid":3935},{"union_rowno":3,"row":458,"routeno":"MF-401KB KGR-VJN","responsecode":200,"routeparentid":7136},{"union_rowno":3,"row":459,"routeno":"MF-6 JBN-SVMS","responsecode":200,"routeparentid":5831},{"union_rowno":3,"row":460,"routeno":"NBVB-DPJN","responsecode":200,"routeparentid":5449},{"union_rowno":3,"row":461,"routeno":"PESCE-1J","responsecode":200,"routeparentid":6531},{"union_rowno":3,"row":462,"routeno":"PESCE-BCJ","responsecode":200,"routeparentid":6519},{"union_rowno":3,"row":463,"routeno":"PSS-ISROQJ","responsecode":200,"routeparentid":3927},{"union_rowno":3,"row":464,"routeno":"PTH-JLOW","responsecode":200,"routeparentid":1328},{"union_rowno":3,"row":465,"routeno":"PTH-JSNL","responsecode":200,"routeparentid":1308},{"union_rowno":3,"row":466,"routeno":"RJK-BLR","responsecode":200,"routeparentid":7207},{"union_rowno":3,"row":467,"routeno":"RMCPF-JHCMS","responsecode":200,"routeparentid":7402},{"union_rowno":3,"row":468,"routeno":"RTNPS-HBL-CJP","responsecode":200,"routeparentid":2902},{"union_rowno":3,"row":469,"routeno":"SBS-SJHSTMS","responsecode":200,"routeparentid":2955},{"union_rowno":3,"row":470,"routeno":"SGH-JPN6","responsecode":200,"routeparentid":4474},{"union_rowno":3,"row":471,"routeno":"SJBHS-01","responsecode":200,"routeparentid":5631},{"union_rowno":3,"row":472,"routeno":"SJBHS-03","responsecode":200,"routeparentid":5640},{"union_rowno":3,"row":473,"routeno":"SJBHS-04","responsecode":200,"routeparentid":5648},{"union_rowno":3,"row":474,"routeno":"SJBHS-06","responsecode":200,"routeparentid":7306},{"union_rowno":3,"row":475,"routeno":"SJBHS-07","responsecode":200,"routeparentid":1617},{"union_rowno":3,"row":476,"routeno":"SJBHS-2A","responsecode":200,"routeparentid":7002},{"union_rowno":3,"row":477,"routeno":"SJBHS-2B","responsecode":200,"routeparentid":5312},{"union_rowno":3,"row":478,"routeno":"SJBHS-2C","responsecode":200,"routeparentid":5311},{"union_rowno":3,"row":479,"routeno":"SJBHS-4A","responsecode":200,"routeparentid":6123},{"union_rowno":3,"row":480,"routeno":"SJBHS-4B","responsecode":200,"routeparentid":4776},{"union_rowno":3,"row":481,"routeno":"SJBHS-8","responsecode":200,"routeparentid":5825},{"union_rowno":3,"row":482,"routeno":"SJBHS-9","responsecode":200,"routeparentid":5577},{"union_rowno":3,"row":483,"routeno":"SJH-KRMTTMC","responsecode":200,"routeparentid":2752},{"union_rowno":3,"row":484,"routeno":"SJS-01","responsecode":200,"routeparentid":4134},{"union_rowno":3,"row":485,"routeno":"SJS-02","responsecode":200,"routeparentid":6213},{"union_rowno":3,"row":486,"routeno":"SJS-03","responsecode":200,"routeparentid":7395},{"union_rowno":3,"row":487,"routeno":"SJS-1","responsecode":200,"routeparentid":6549},{"union_rowno":3,"row":488,"routeno":"SJS-SBS-STP","responsecode":200,"routeparentid":7396},{"union_rowno":3,"row":489,"routeno":"SNR-RKL-JAPC","responsecode":200,"routeparentid":5363},{"union_rowno":3,"row":490,"routeno":"STJBHS-6A","responsecode":200,"routeparentid":5022},{"union_rowno":3,"row":491,"routeno":"STJHS-07","responsecode":200,"routeparentid":6191},{"union_rowno":3,"row":492,"routeno":"STJHS-08","responsecode":200,"routeparentid":6195},{"union_rowno":3,"row":493,"routeno":"STJHS-1","responsecode":200,"routeparentid":5958},{"union_rowno":3,"row":494,"routeno":"STJHS-2","responsecode":200,"routeparentid":4604},{"union_rowno":3,"row":495,"routeno":"STJHS-3","responsecode":200,"routeparentid":5681},{"union_rowno":3,"row":496,"routeno":"STJHS-4","responsecode":200,"routeparentid":2952},{"union_rowno":3,"row":497,"routeno":"STJHS-HBLB","responsecode":200,"routeparentid":2954},{"union_rowno":3,"row":498,"routeno":"STJOHN-CHM","responsecode":200,"routeparentid":5539},{"union_rowno":3,"row":499,"routeno":"TR-4 DPJN-NGV","responsecode":200,"routeparentid":2798},{"union_rowno":3,"row":500,"routeno":"TR-4 KLN-JJN","responsecode":200,"routeparentid":7050},{"union_rowno":3,"row":501,"routeno":"TR-4A D10G-JJRN","responsecode":200,"routeparentid":4616},{"union_rowno":3,"row":502,"routeno":"V-342F D25G-SJP","responsecode":200,"routeparentid":2215},{"union_rowno":3,"row":503,"routeno":"V-365J","responsecode":200,"routeparentid":1992},{"union_rowno":3,"row":504,"routeno":"VJN-AGO-SBS","responsecode":200,"routeparentid":1678},{"union_rowno":3,"row":505,"routeno":"VJN-EJP","responsecode":200,"routeparentid":1748},{"union_rowno":3,"row":506,"routeno":"VSD-AJB","responsecode":200,"routeparentid":7411}],"Message":"Success","Issuccess":true,"exception":null,"RowCount":490,"responsecode":200}