{"data":[{"union_rowno":2,"row":1,"routeno":"LHIA-01","responsecode":200,"routeparentid":6179},{"union_rowno":2,"row":4,"routeno":"L & T-04","responsecode":200,"routeparentid":4780},{"union_rowno":2,"row":5,"routeno":"L & T-1","responsecode":200,"routeparentid":5048},{"union_rowno":2,"row":8,"routeno":"L & T-2","responsecode":200,"routeparentid":4771},{"union_rowno":2,"row":10,"routeno":"L & T-3","responsecode":200,"routeparentid":4758},{"union_rowno":2,"row":11,"routeno":"L & T-5","responsecode":200,"routeparentid":2931},{"union_rowno":2,"row":14,"routeno":"L & T-6","responsecode":200,"routeparentid":4815},{"union_rowno":2,"row":16,"routeno":"L & T-7","responsecode":200,"routeparentid":4792},{"union_rowno":2,"row":18,"routeno":"L & T-8","responsecode":200,"routeparentid":4810},{"union_rowno":2,"row":19,"routeno":"L & T-9","responsecode":200,"routeparentid":5051},{"union_rowno":3,"row":1,"routeno":"121-BA SBS-KMT-CLO","responsecode":200,"routeparentid":1680},{"union_rowno":3,"row":2,"routeno":"139 D6G-HLS-JBN","responsecode":200,"routeparentid":6759},{"union_rowno":3,"row":3,"routeno":"13-C SGH-ISROL","responsecode":200,"routeparentid":1627},{"union_rowno":3,"row":4,"routeno":"13 PPLO-SBS","responsecode":200,"routeparentid":3319},{"union_rowno":3,"row":5,"routeno":"146-B KBS-SNL-KRM","responsecode":200,"routeparentid":6757},{"union_rowno":3,"row":6,"routeno":"15-A PPLO-UTH-KMT","responsecode":200,"routeparentid":5743},{"union_rowno":3,"row":7,"routeno":"15-E KBS-PPLO","responsecode":200,"routeparentid":1684},{"union_rowno":3,"row":8,"routeno":"15-E VSD-KSLO","responsecode":200,"routeparentid":1686},{"union_rowno":3,"row":9,"routeno":"15G SGH-KLO2","responsecode":200,"routeparentid":7010},{"union_rowno":3,"row":10,"routeno":"176 CLO-KVB","responsecode":200,"routeparentid":1571},{"union_rowno":3,"row":11,"routeno":"201 BSK-HAL","responsecode":200,"routeparentid":4645},{"union_rowno":3,"row":12,"routeno":"201-G BEMLG-ELC","responsecode":200,"routeparentid":5397},{"union_rowno":3,"row":13,"routeno":"201-G BSK-SNW-BEMLG","responsecode":200,"routeparentid":5392},{"union_rowno":3,"row":14,"routeno":"201-G KNG-BEMLG","responsecode":200,"routeparentid":5391},{"union_rowno":3,"row":15,"routeno":"201-R CSB-BEMLF","responsecode":200,"routeparentid":6633},{"union_rowno":3,"row":16,"routeno":"201-RB BSKTTMC-BTLQT","responsecode":200,"routeparentid":6032},{"union_rowno":3,"row":17,"routeno":"210-E KBS-KMTFLY-KBDA","responsecode":200,"routeparentid":2454},{"union_rowno":3,"row":18,"routeno":"210-G SBS-ISRLO-PPLO","responsecode":200,"routeparentid":2461},{"union_rowno":3,"row":19,"routeno":"210-KA KBS-PPLO","responsecode":200,"routeparentid":2677},{"union_rowno":3,"row":20,"routeno":"210-N BEML5TS-KBS","responsecode":200,"routeparentid":6541},{"union_rowno":3,"row":21,"routeno":"210-NA PPLO-KMK","responsecode":200,"routeparentid":3896},{"union_rowno":3,"row":22,"routeno":"210-ND KBS-PPLO","responsecode":200,"routeparentid":3381},{"union_rowno":3,"row":23,"routeno":"210-NP KBS-VSD-PPLO","responsecode":200,"routeparentid":2490},{"union_rowno":3,"row":24,"routeno":"210-NP PPLO-KML-KBS","responsecode":200,"routeparentid":3412},{"union_rowno":3,"row":25,"routeno":"210-NP PPLO-KMT","responsecode":200,"routeparentid":3401},{"union_rowno":3,"row":26,"routeno":"210-P PPLO-CKLS","responsecode":200,"routeparentid":2674},{"union_rowno":3,"row":27,"routeno":"210 PPLO-KMT","responsecode":200,"routeparentid":3891},{"union_rowno":3,"row":28,"routeno":"210-Q SGH-CKLS","responsecode":200,"routeparentid":5679},{"union_rowno":3,"row":29,"routeno":"210-WA KBS-BEML5","responsecode":200,"routeparentid":2412},{"union_rowno":3,"row":30,"routeno":"210-Z BSK-RMLO","responsecode":200,"routeparentid":4617},{"union_rowno":3,"row":31,"routeno":"211-A VLS-BSK-KMT","responsecode":200,"routeparentid":5670},{"union_rowno":3,"row":32,"routeno":"211 BSK-VLS","responsecode":200,"routeparentid":3045},{"union_rowno":3,"row":33,"routeno":"211 KBS-VLS","responsecode":200,"routeparentid":4433},{"union_rowno":3,"row":34,"routeno":"211-L","responsecode":200,"routeparentid":1874},{"union_rowno":3,"row":35,"routeno":"211-UB JLO-KHCV","responsecode":200,"routeparentid":1890},{"union_rowno":3,"row":36,"routeno":"211-UB KMT-JLO","responsecode":200,"routeparentid":1891},{"union_rowno":3,"row":37,"routeno":"212-C BEML5-SHVA","responsecode":200,"routeparentid":6262},{"union_rowno":3,"row":38,"routeno":"213-H KBS-BHKVL","responsecode":200,"routeparentid":1922},{"union_rowno":3,"row":39,"routeno":"213-L","responsecode":200,"routeparentid":1926},{"union_rowno":3,"row":40,"routeno":"213-WA SGH-DMLD","responsecode":200,"routeparentid":6983},{"union_rowno":3,"row":41,"routeno":"214-D KMT-TRLE","responsecode":200,"routeparentid":4413},{"union_rowno":3,"row":42,"routeno":"214-L","responsecode":200,"routeparentid":1950},{"union_rowno":3,"row":43,"routeno":"215 KMT-JBS-ELO","responsecode":200,"routeparentid":2345},{"union_rowno":3,"row":44,"routeno":"219-A GR College","responsecode":200,"routeparentid":2682},{"union_rowno":3,"row":45,"routeno":"221-KGR-LVP","responsecode":200,"routeparentid":7611},{"union_rowno":3,"row":46,"routeno":"221-L","responsecode":200,"routeparentid":1160},{"union_rowno":3,"row":47,"routeno":"222-A KMT FLY","responsecode":200,"routeparentid":6623},{"union_rowno":3,"row":48,"routeno":"222-A KST-KMT FLY-KBS","responsecode":200,"routeparentid":6722},{"union_rowno":3,"row":49,"routeno":"222-K KHBQ-VSD Flyover","responsecode":200,"routeparentid":7558},{"union_rowno":3,"row":50,"routeno":"223-A CLO-DBT","responsecode":200,"routeparentid":4218},{"union_rowno":3,"row":51,"routeno":"223-A FLY","responsecode":200,"routeparentid":1281},{"union_rowno":3,"row":52,"routeno":"223-A HAL-DBT","responsecode":200,"routeparentid":4216},{"union_rowno":3,"row":53,"routeno":"223-L","responsecode":200,"routeparentid":1201},{"union_rowno":3,"row":54,"routeno":"223-L KTTMC-MRN","responsecode":200,"routeparentid":3695},{"union_rowno":3,"row":55,"routeno":"224 D12-KRBL","responsecode":200,"routeparentid":5694},{"union_rowno":3,"row":56,"routeno":"225-B SBS-BEML5","responsecode":200,"routeparentid":1468},{"union_rowno":3,"row":57,"routeno":"225-C BEML5-JNKLO","responsecode":200,"routeparentid":5399},{"union_rowno":3,"row":58,"routeno":"225-C BEML5-JNSVS","responsecode":200,"routeparentid":6429},{"union_rowno":3,"row":59,"routeno":"225-C BEML5-KBS-BTP","responsecode":200,"routeparentid":5401},{"union_rowno":3,"row":60,"routeno":"225-C BEMLLO-KMT-KBS","responsecode":200,"routeparentid":6969},{"union_rowno":3,"row":61,"routeno":"225-C CLO-BEML5","responsecode":200,"routeparentid":4726},{"union_rowno":3,"row":62,"routeno":"225-C FLY","responsecode":200,"routeparentid":1286},{"union_rowno":3,"row":63,"routeno":"225-C KBS-PTLMT","responsecode":200,"routeparentid":5400},{"union_rowno":3,"row":64,"routeno":"225-CB BEML5-BHELMT","responsecode":200,"routeparentid":6259},{"union_rowno":3,"row":65,"routeno":"225-CC BEML5-DRF","responsecode":200,"routeparentid":1288},{"union_rowno":3,"row":66,"routeno":"225-D BEML5-BHELC","responsecode":200,"routeparentid":1290},{"union_rowno":3,"row":67,"routeno":"225-D KBS-BHELCL","responsecode":200,"routeparentid":1217},{"union_rowno":3,"row":68,"routeno":"225-G BGPN-BEML5","responsecode":200,"routeparentid":1292},{"union_rowno":3,"row":69,"routeno":"225-G KMT FLY","responsecode":200,"routeparentid":1291},{"union_rowno":3,"row":70,"routeno":"225-K BEML5-BHELMT","responsecode":200,"routeparentid":1294},{"union_rowno":3,"row":71,"routeno":"225-K BHELMT-KMT-KBS","responsecode":200,"routeparentid":6996},{"union_rowno":3,"row":72,"routeno":"225-K JNKLO-BHELMT","responsecode":200,"routeparentid":5839},{"union_rowno":3,"row":73,"routeno":"225-K KBS-BHELLO","responsecode":200,"routeparentid":6995},{"union_rowno":3,"row":74,"routeno":"225-K SBS-BHELMT","responsecode":200,"routeparentid":7030},{"union_rowno":3,"row":75,"routeno":"226-K KMT-KRNHL","responsecode":200,"routeparentid":1832},{"union_rowno":3,"row":76,"routeno":"226-L","responsecode":200,"routeparentid":1243},{"union_rowno":3,"row":77,"routeno":"226-N KRBL-BDD","responsecode":200,"routeparentid":1284},{"union_rowno":3,"row":78,"routeno":"227-A BEML5-MYS","responsecode":200,"routeparentid":1384},{"union_rowno":3,"row":79,"routeno":"227-K KMT-SLVR-BSM","responsecode":200,"routeparentid":7332},{"union_rowno":3,"row":80,"routeno":"227-L","responsecode":200,"routeparentid":1365},{"union_rowno":3,"row":81,"routeno":"227 SBS-RMH FLYOVER","responsecode":200,"routeparentid":1340},{"union_rowno":3,"row":82,"routeno":"227-T BEML5-CKT","responsecode":200,"routeparentid":1422},{"union_rowno":3,"row":83,"routeno":"227-W BEML5-AVH","responsecode":200,"routeparentid":1441},{"union_rowno":3,"row":84,"routeno":"227-ZA KMT-KGLHL","responsecode":200,"routeparentid":6975},{"union_rowno":3,"row":85,"routeno":"227-ZA KMT-KLR-TMP","responsecode":200,"routeparentid":7106},{"union_rowno":3,"row":86,"routeno":"228-J KBS-KMTFLY-ST BEN","responsecode":200,"routeparentid":6408},{"union_rowno":3,"row":87,"routeno":"228-K SBS-KMTFLY-BDD","responsecode":200,"routeparentid":6444},{"union_rowno":3,"row":88,"routeno":"230-B SCS-BTPL","responsecode":200,"routeparentid":5344},{"union_rowno":3,"row":89,"routeno":"230 BEML5-BRH","responsecode":200,"routeparentid":1431},{"union_rowno":3,"row":90,"routeno":"234-A  KMT-VJN-CLO","responsecode":200,"routeparentid":5374},{"union_rowno":3,"row":91,"routeno":"234-A CLO-KMT","responsecode":200,"routeparentid":1424},{"union_rowno":3,"row":92,"routeno":"234-A KMT-CLO-UST","responsecode":200,"routeparentid":1458},{"union_rowno":3,"row":93,"routeno":"234 BEML5-MGH","responsecode":200,"routeparentid":5749},{"union_rowno":3,"row":94,"routeno":"234-E KMT FLY","responsecode":200,"routeparentid":1462},{"union_rowno":3,"row":95,"routeno":"234-F KBS-AGSLO","responsecode":200,"routeparentid":4865},{"union_rowno":3,"row":96,"routeno":"234 KMT-MRBS-CLO","responsecode":200,"routeparentid":6639},{"union_rowno":3,"row":97,"routeno":"235-K CLO-RMS","responsecode":200,"routeparentid":1539},{"union_rowno":3,"row":98,"routeno":"235-L","responsecode":200,"routeparentid":1107},{"union_rowno":3,"row":99,"routeno":"237-J CLO-PSN","responsecode":200,"routeparentid":7730},{"union_rowno":3,"row":100,"routeno":"238-L","responsecode":200,"routeparentid":1482},{"union_rowno":3,"row":101,"routeno":"238-L SBS-NTN","responsecode":200,"routeparentid":1620},{"union_rowno":3,"row":102,"routeno":"238-SA CLO-SGK","responsecode":200,"routeparentid":5887},{"union_rowno":3,"row":103,"routeno":"238-U CLO-MDPC","responsecode":200,"routeparentid":5685},{"union_rowno":3,"row":104,"routeno":"238-U KBS-CLO","responsecode":200,"routeparentid":5990},{"union_rowno":3,"row":105,"routeno":"238-UC D31G-VSL","responsecode":200,"routeparentid":1849},{"union_rowno":3,"row":106,"routeno":"238-V CLO-MDPC","responsecode":200,"routeparentid":6742},{"union_rowno":3,"row":107,"routeno":"240-H KMT-LDH","responsecode":200,"routeparentid":5731},{"union_rowno":3,"row":108,"routeno":"241-E D35G-LKMB","responsecode":200,"routeparentid":1931},{"union_rowno":3,"row":109,"routeno":"242-B KBS-TVK-NML","responsecode":200,"routeparentid":4318},{"union_rowno":3,"row":110,"routeno":"242-B SNBS-TVK (Calla Bus)","responsecode":200,"routeparentid":5747},{"union_rowno":3,"row":111,"routeno":"242-B TVK-BELF","responsecode":200,"routeparentid":4640},{"union_rowno":3,"row":112,"routeno":"242-JA D35G-GNKL","responsecode":200,"routeparentid":2497},{"union_rowno":3,"row":113,"routeno":"242-L","responsecode":200,"routeparentid":2381},{"union_rowno":3,"row":114,"routeno":"242-LA","responsecode":200,"routeparentid":2383},{"union_rowno":3,"row":115,"routeno":"242-MA KBS-SLVR","responsecode":200,"routeparentid":2673},{"union_rowno":3,"row":116,"routeno":"242-P KBS-HVLH","responsecode":200,"routeparentid":2721},{"union_rowno":3,"row":117,"routeno":"242-U KBS-LKSMP","responsecode":200,"routeparentid":1589},{"union_rowno":3,"row":118,"routeno":"242-U LXMP-D35G","responsecode":200,"routeparentid":5750},{"union_rowno":3,"row":119,"routeno":"242-ZC KBS-CFLS","responsecode":200,"routeparentid":4419},{"union_rowno":3,"row":120,"routeno":"242-ZC KMT-CFLS","responsecode":200,"routeparentid":4424},{"union_rowno":3,"row":121,"routeno":"243-L","responsecode":200,"routeparentid":2950},{"union_rowno":3,"row":122,"routeno":"243-L D31-LDH","responsecode":200,"routeparentid":5994},{"union_rowno":3,"row":123,"routeno":"243-L KMT-LDH","responsecode":200,"routeparentid":5715},{"union_rowno":3,"row":124,"routeno":"248-BB CLO-HGV","responsecode":200,"routeparentid":1605},{"union_rowno":3,"row":125,"routeno":"248 BEML5-CKB","responsecode":200,"routeparentid":1472},{"union_rowno":3,"row":126,"routeno":"248 KMT-JHC-BELF","responsecode":200,"routeparentid":4665},{"union_rowno":3,"row":127,"routeno":"248-L","responsecode":200,"routeparentid":2284},{"union_rowno":3,"row":128,"routeno":"248 PSBS-CLO","responsecode":200,"routeparentid":6096},{"union_rowno":3,"row":129,"routeno":"250-CC MKL-PSS","responsecode":200,"routeparentid":2545},{"union_rowno":3,"row":130,"routeno":"250-F PSS-SSHL","responsecode":200,"routeparentid":2770},{"union_rowno":3,"row":131,"routeno":"250-L","responsecode":200,"routeparentid":2352},{"union_rowno":3,"row":132,"routeno":"250-S GBL-VSD-KBS","responsecode":200,"routeparentid":2781},{"union_rowno":3,"row":133,"routeno":"250-S PSS-GLB","responsecode":200,"routeparentid":2780},{"union_rowno":3,"row":134,"routeno":"251-C PSS-RPS-LGR","responsecode":200,"routeparentid":2787},{"union_rowno":3,"row":135,"routeno":"251-M KLP-KBS","responsecode":200,"routeparentid":2804},{"union_rowno":3,"row":136,"routeno":"252-L","responsecode":200,"routeparentid":2826},{"union_rowno":3,"row":137,"routeno":"252 LGR-PSS","responsecode":200,"routeparentid":1610},{"union_rowno":3,"row":138,"routeno":"252 PSS-KBS-HALLCA","responsecode":200,"routeparentid":3937},{"union_rowno":3,"row":139,"routeno":"253-F KBS-KLD","responsecode":200,"routeparentid":3080},{"union_rowno":3,"row":140,"routeno":"253-HA DSP-MLHP","responsecode":200,"routeparentid":7649},{"union_rowno":3,"row":141,"routeno":"253-K KMT- MLHP","responsecode":200,"routeparentid":3118},{"union_rowno":3,"row":142,"routeno":"253-K PSS-MLHP","responsecode":200,"routeparentid":3116},{"union_rowno":3,"row":143,"routeno":"253-L","responsecode":200,"routeparentid":2554},{"union_rowno":3,"row":144,"routeno":"253-L PTML-HGV","responsecode":200,"routeparentid":3127},{"union_rowno":3,"row":145,"routeno":"253-LA","responsecode":200,"routeparentid":3128},{"union_rowno":3,"row":146,"routeno":"253-LB","responsecode":200,"routeparentid":2558},{"union_rowno":3,"row":147,"routeno":"254 KBS-DBLK","responsecode":200,"routeparentid":3137},{"union_rowno":3,"row":148,"routeno":"255-AE ALRB2-VSD-KBS","responsecode":200,"routeparentid":4145},{"union_rowno":3,"row":149,"routeno":"255-AE DSP-ALRB2","responsecode":200,"routeparentid":6133},{"union_rowno":3,"row":150,"routeno":"255AE KBS-VSD-ALRB2","responsecode":200,"routeparentid":4099},{"union_rowno":3,"row":151,"routeno":"255-B NLM-BELT","responsecode":200,"routeparentid":4153},{"union_rowno":3,"row":152,"routeno":"255-C DSP-PLH","responsecode":200,"routeparentid":3204},{"union_rowno":3,"row":153,"routeno":"255-C KBS-PLH","responsecode":200,"routeparentid":3199},{"union_rowno":3,"row":154,"routeno":"257-E DSP-ALR","responsecode":200,"routeparentid":3320},{"union_rowno":3,"row":155,"routeno":"258-C KBS-GPLY","responsecode":200,"routeparentid":6137},{"union_rowno":3,"row":156,"routeno":"258-C KBS-SLR","responsecode":200,"routeparentid":3851},{"union_rowno":3,"row":157,"routeno":"258-C NMG-GPLY","responsecode":200,"routeparentid":6138},{"union_rowno":3,"row":158,"routeno":"258-C VSD FLY","responsecode":200,"routeparentid":1646},{"union_rowno":3,"row":159,"routeno":"258-CB NMG-BEL LT","responsecode":200,"routeparentid":5725},{"union_rowno":3,"row":160,"routeno":"258-CB NMG-GGP-BEL","responsecode":200,"routeparentid":7203},{"union_rowno":3,"row":161,"routeno":"258-CB NMG-YTTMC-BEL","responsecode":200,"routeparentid":4098},{"union_rowno":3,"row":162,"routeno":"258 DSP-KBS-HAL","responsecode":200,"routeparentid":5372},{"union_rowno":3,"row":163,"routeno":"258-H KBS-DBL","responsecode":200,"routeparentid":3662},{"union_rowno":3,"row":164,"routeno":"25-B AGL-BSK-DOWN","responsecode":200,"routeparentid":7532},{"union_rowno":3,"row":165,"routeno":"25-B AGL-VSD","responsecode":200,"routeparentid":6863},{"union_rowno":3,"row":166,"routeno":"265-A PSS-TEPL","responsecode":200,"routeparentid":3951},{"union_rowno":3,"row":167,"routeno":"265-A TEPL-KBS","responsecode":200,"routeparentid":5713},{"union_rowno":3,"row":168,"routeno":"266-C D45-KKL","responsecode":200,"routeparentid":4160},{"union_rowno":3,"row":169,"routeno":"266-C KKL-KBS","responsecode":200,"routeparentid":4162},{"union_rowno":3,"row":170,"routeno":"266-G D45-MTGHL","responsecode":200,"routeparentid":4207},{"union_rowno":3,"row":171,"routeno":"266-N KMT-MLPH","responsecode":200,"routeparentid":4365},{"union_rowno":3,"row":172,"routeno":"266-Q KMT-LXP","responsecode":200,"routeparentid":5136},{"union_rowno":3,"row":173,"routeno":"266-T D45-LXP","responsecode":200,"routeparentid":4232},{"union_rowno":3,"row":174,"routeno":"271 KBS-BELF","responsecode":200,"routeparentid":4192},{"union_rowno":3,"row":175,"routeno":"273-HMTCLUB-MTK-RMCPF","responsecode":200,"routeparentid":7401},{"union_rowno":3,"row":176,"routeno":"273 RMCPFO-BELC-JHC","responsecode":200,"routeparentid":4915},{"union_rowno":3,"row":177,"routeno":"276-A SBS-BELF","responsecode":200,"routeparentid":6896},{"union_rowno":3,"row":178,"routeno":"276 BELF-KBS","responsecode":200,"routeparentid":6915},{"union_rowno":3,"row":179,"routeno":"276 KBS-BELF","responsecode":200,"routeparentid":4995},{"union_rowno":3,"row":180,"routeno":"278 HBL-RTN-SBS","responsecode":200,"routeparentid":4669},{"union_rowno":3,"row":181,"routeno":"279-A HBL-VSD-KMT","responsecode":200,"routeparentid":7701},{"union_rowno":3,"row":182,"routeno":"279-E BPS-HBL-D45G","responsecode":200,"routeparentid":2580},{"union_rowno":3,"row":183,"routeno":"279-E D14G-RTNPS-BPS-HBL","responsecode":200,"routeparentid":5693},{"union_rowno":3,"row":184,"routeno":"279-E HBL-MSP-D45G","responsecode":200,"routeparentid":6657},{"union_rowno":3,"row":185,"routeno":"279-E KBS-VSD-HBL","responsecode":200,"routeparentid":4327},{"union_rowno":3,"row":186,"routeno":"279-E RTNPS-HBL","responsecode":200,"routeparentid":2598},{"union_rowno":3,"row":187,"routeno":"280-A AGLO-KBS","responsecode":200,"routeparentid":1329},{"union_rowno":3,"row":188,"routeno":"280 KBS-YHK-CHLS","responsecode":200,"routeparentid":5063},{"union_rowno":3,"row":189,"routeno":"280-L","responsecode":200,"routeparentid":2642},{"union_rowno":3,"row":190,"routeno":"280-L YPH-PTH","responsecode":200,"routeparentid":2643},{"union_rowno":3,"row":191,"routeno":"281-AP KLN-KIA","responsecode":200,"routeparentid":2658},{"union_rowno":3,"row":192,"routeno":"281-F YHKOT-MLH","responsecode":200,"routeparentid":5503},{"union_rowno":3,"row":193,"routeno":"281-H MYLH-KBS","responsecode":200,"routeparentid":3756},{"union_rowno":3,"row":194,"routeno":"282-C YHK-BLR","responsecode":200,"routeparentid":3095},{"union_rowno":3,"row":195,"routeno":"282-F HBLB-MNH","responsecode":200,"routeparentid":7463},{"union_rowno":3,"row":196,"routeno":"282-G HBLB-KDLH","responsecode":200,"routeparentid":7466},{"union_rowno":3,"row":197,"routeno":"282-G KBS-KDLH-D52G","responsecode":200,"routeparentid":7460},{"union_rowno":3,"row":198,"routeno":"282-G PTML-KDLH","responsecode":200,"routeparentid":3655},{"union_rowno":3,"row":199,"routeno":"282 HBLB-VNC-D52G","responsecode":200,"routeparentid":7462},{"union_rowno":3,"row":200,"routeno":"283-B HBLB-KDGC","responsecode":200,"routeparentid":7636},{"union_rowno":3,"row":201,"routeno":"283-D PTML-KDGC","responsecode":200,"routeparentid":4071},{"union_rowno":3,"row":202,"routeno":"284-B CNPG-HBLB","responsecode":200,"routeparentid":2766},{"union_rowno":3,"row":203,"routeno":"284-C CVB-JDLO","responsecode":200,"routeparentid":2451},{"union_rowno":3,"row":204,"routeno":"284-C JLOW-VSD-KBS","responsecode":200,"routeparentid":4546},{"union_rowno":3,"row":205,"routeno":"284-C KBS-JLOW","responsecode":200,"routeparentid":4543},{"union_rowno":3,"row":206,"routeno":"284-C KBS-KRC-JLOW","responsecode":200,"routeparentid":6941},{"union_rowno":3,"row":207,"routeno":"284-C VSD-JLOW","responsecode":200,"routeparentid":4542},{"union_rowno":3,"row":208,"routeno":"284-E ALS-KBS","responsecode":200,"routeparentid":3704},{"union_rowno":3,"row":209,"routeno":"284-KA KBS-VSD-JSNL","responsecode":200,"routeparentid":1297},{"union_rowno":3,"row":210,"routeno":"284 SNBS-SBS-RTNP-HBLB","responsecode":200,"routeparentid":1067},{"union_rowno":3,"row":211,"routeno":"284 YHKOT-VYKL-CLO","responsecode":200,"routeparentid":2881},{"union_rowno":3,"row":212,"routeno":"285 BELF-HBLB-DBP","responsecode":200,"routeparentid":6062},{"union_rowno":3,"row":213,"routeno":"285-CB PTML-KKH","responsecode":200,"routeparentid":4070},{"union_rowno":3,"row":214,"routeno":"285-D KBS-LNH","responsecode":200,"routeparentid":7190},{"union_rowno":3,"row":215,"routeno":"285-E KBS-KKLV","responsecode":200,"routeparentid":7185},{"union_rowno":3,"row":216,"routeno":"285-F PTML-BRPR","responsecode":200,"routeparentid":4000},{"union_rowno":3,"row":217,"routeno":"285-H KBS-KLRH","responsecode":200,"routeparentid":4003},{"union_rowno":3,"row":218,"routeno":"285 HBLB-PTML","responsecode":200,"routeparentid":7181},{"union_rowno":3,"row":219,"routeno":"285-J PTML-JLG","responsecode":200,"routeparentid":4015},{"union_rowno":3,"row":220,"routeno":"285-JE PTML-DYVH","responsecode":200,"routeparentid":4067},{"union_rowno":3,"row":221,"routeno":"285-L","responsecode":200,"routeparentid":2076},{"union_rowno":3,"row":222,"routeno":"285-L KBS-BYT","responsecode":200,"routeparentid":4029},{"union_rowno":3,"row":223,"routeno":"285-M PTLM-DBP","responsecode":200,"routeparentid":2334},{"union_rowno":3,"row":224,"routeno":"285-M PTLM-DBPH","responsecode":200,"routeparentid":7032},{"union_rowno":3,"row":225,"routeno":"285-M PTML-DVH","responsecode":200,"routeparentid":2445},{"union_rowno":3,"row":226,"routeno":"285-M SBS-RTN-PTML","responsecode":200,"routeparentid":7182},{"union_rowno":3,"row":227,"routeno":"285-MA KMT-CVB-PTML","responsecode":200,"routeparentid":7187},{"union_rowno":3,"row":228,"routeno":"285-MA PTML-CVB","responsecode":200,"routeparentid":1260},{"union_rowno":3,"row":229,"routeno":"285-MC PTH-SBS-HAL","responsecode":200,"routeparentid":7184},{"union_rowno":3,"row":230,"routeno":"285-MC PTML-DBP","responsecode":200,"routeparentid":3989},{"union_rowno":3,"row":231,"routeno":"285-MJ HBLB-GST","responsecode":200,"routeparentid":6820},{"union_rowno":3,"row":232,"routeno":"285-MJ JKLO-PTML","responsecode":200,"routeparentid":4021},{"union_rowno":3,"row":233,"routeno":"285-MK KMT-PTML","responsecode":200,"routeparentid":7192},{"union_rowno":3,"row":234,"routeno":"285-MP PTML-NAGH","responsecode":200,"routeparentid":2458},{"union_rowno":3,"row":235,"routeno":"285 PTH-JKLO","responsecode":200,"routeparentid":1521},{"union_rowno":3,"row":236,"routeno":"285 PTML-DBRC-KLRH","responsecode":200,"routeparentid":6746},{"union_rowno":3,"row":237,"routeno":"285 PTML-HNYR","responsecode":200,"routeparentid":7179},{"union_rowno":3,"row":238,"routeno":"285 PTML-YHKOT","responsecode":200,"routeparentid":3626},{"union_rowno":3,"row":239,"routeno":"285-R PTML-CLH","responsecode":200,"routeparentid":2465},{"union_rowno":3,"row":240,"routeno":"285 SBS-MKC-PTLM","responsecode":200,"routeparentid":7569},{"union_rowno":3,"row":241,"routeno":"285-X PTML-DBR","responsecode":200,"routeparentid":4033},{"union_rowno":3,"row":242,"routeno":"285-YA PTML-HHPL","responsecode":200,"routeparentid":4219},{"union_rowno":3,"row":243,"routeno":"286-AB PTML-SVN","responsecode":200,"routeparentid":2453},{"union_rowno":3,"row":244,"routeno":"286-K SNBS-SBS-HBLB","responsecode":200,"routeparentid":1045},{"union_rowno":3,"row":245,"routeno":"287-A RTNPS-HBLB","responsecode":200,"routeparentid":2662},{"union_rowno":3,"row":246,"routeno":"287-JA D45G-CBL","responsecode":200,"routeparentid":4151},{"union_rowno":3,"row":247,"routeno":"288-A GPO-TDL-D45","responsecode":200,"routeparentid":7699},{"union_rowno":3,"row":248,"routeno":"288-A SBS-SLM","responsecode":200,"routeparentid":5660},{"union_rowno":3,"row":249,"routeno":"288 D45-TDL-KMT","responsecode":200,"routeparentid":6620},{"union_rowno":3,"row":250,"routeno":"288-H D45-TDL-KBS","responsecode":200,"routeparentid":6576},{"union_rowno":3,"row":251,"routeno":"288-H KBS-AGS-TDL","responsecode":200,"routeparentid":1523},{"union_rowno":3,"row":252,"routeno":"288-H SBS-TDL-D45","responsecode":200,"routeparentid":7126},{"union_rowno":3,"row":253,"routeno":"288-HV D45G-HBL","responsecode":200,"routeparentid":4201},{"union_rowno":3,"row":254,"routeno":"288-J MGRMS-CBL","responsecode":200,"routeparentid":7479},{"union_rowno":3,"row":255,"routeno":"288-J SBS-TDL","responsecode":200,"routeparentid":5975},{"union_rowno":3,"row":256,"routeno":"288 KBS-TDL","responsecode":200,"routeparentid":4632},{"union_rowno":3,"row":257,"routeno":"288 KBS-VSD-TDL","responsecode":200,"routeparentid":6615},{"union_rowno":3,"row":258,"routeno":"288 VSD-TDL","responsecode":200,"routeparentid":4684},{"union_rowno":3,"row":259,"routeno":"289-A BGLR-NITTE","responsecode":200,"routeparentid":6961},{"union_rowno":3,"row":260,"routeno":"289-E HBLB-CKH","responsecode":200,"routeparentid":7465},{"union_rowno":3,"row":261,"routeno":"289 HBLB-D52G","responsecode":200,"routeparentid":7461},{"union_rowno":3,"row":262,"routeno":"289-L","responsecode":200,"routeparentid":3764},{"union_rowno":3,"row":263,"routeno":"289-L PTH-CHK","responsecode":200,"routeparentid":3774},{"union_rowno":3,"row":264,"routeno":"289-L PTH-MVJ","responsecode":200,"routeparentid":6727},{"union_rowno":3,"row":265,"routeno":"289-LA","responsecode":200,"routeparentid":4521},{"union_rowno":3,"row":266,"routeno":"289-LA YSTF-HSK","responsecode":200,"routeparentid":6009},{"union_rowno":3,"row":267,"routeno":"289-P D52G-BGLR-MLH","responsecode":200,"routeparentid":7658},{"union_rowno":3,"row":268,"routeno":"289-P HBL-HNS","responsecode":200,"routeparentid":7467},{"union_rowno":3,"row":269,"routeno":"290 CHLS-HBL-KVB","responsecode":200,"routeparentid":4663},{"union_rowno":3,"row":270,"routeno":"290-E KLN-RKH","responsecode":200,"routeparentid":3933},{"union_rowno":3,"row":271,"routeno":"290-E KLN-YLKOT","responsecode":200,"routeparentid":3970},{"union_rowno":3,"row":272,"routeno":"290-E SBS-PTLM","responsecode":200,"routeparentid":7210},{"union_rowno":3,"row":273,"routeno":"290-E YHKOT-BLH-D48","responsecode":200,"routeparentid":5632},{"union_rowno":3,"row":274,"routeno":"290-G SBS-RSL-BTP","responsecode":200,"routeparentid":6149},{"union_rowno":3,"row":275,"routeno":"290-M SPHS-TCL","responsecode":200,"routeparentid":5671},{"union_rowno":3,"row":276,"routeno":"290-S D45G-TDL-SBS","responsecode":200,"routeparentid":6327},{"union_rowno":3,"row":277,"routeno":"290 SBS-HBR1 BSNL","responsecode":200,"routeparentid":6423},{"union_rowno":3,"row":278,"routeno":"290 SBS-RSL-TNS","responsecode":200,"routeparentid":6148},{"union_rowno":3,"row":279,"routeno":"290-T SBS-AGLO","responsecode":200,"routeparentid":1331},{"union_rowno":3,"row":280,"routeno":"291-L","responsecode":200,"routeparentid":3745},{"union_rowno":3,"row":281,"routeno":"291-L PTN-MYLH","responsecode":200,"routeparentid":3751},{"union_rowno":3,"row":282,"routeno":"291-LA","responsecode":200,"routeparentid":3789},{"union_rowno":3,"row":283,"routeno":"291-LA BSF-SBS","responsecode":200,"routeparentid":7340},{"union_rowno":3,"row":284,"routeno":"291 SRMP-KLN","responsecode":200,"routeparentid":3936},{"union_rowno":3,"row":285,"routeno":"293-A PRC-BGLR","responsecode":200,"routeparentid":5524},{"union_rowno":3,"row":286,"routeno":"293-BS D10G-BGLR","responsecode":200,"routeparentid":4507},{"union_rowno":3,"row":287,"routeno":"293-F D48G-BGLR-KDYH","responsecode":200,"routeparentid":4993},{"union_rowno":3,"row":288,"routeno":"293 KBS-HNR-CHLS","responsecode":200,"routeparentid":4548},{"union_rowno":3,"row":289,"routeno":"293 KBS-LGP-KLN","responsecode":200,"routeparentid":5645},{"union_rowno":3,"row":290,"routeno":"293 KLN-LGP-SBS","responsecode":200,"routeparentid":5638},{"union_rowno":3,"row":291,"routeno":"293 KLN-SPHS","responsecode":200,"routeparentid":7048},{"union_rowno":3,"row":292,"routeno":"293 KMT-CHLS","responsecode":200,"routeparentid":4297},{"union_rowno":3,"row":293,"routeno":"293 KMT-KLN","responsecode":200,"routeparentid":7021},{"union_rowno":3,"row":294,"routeno":"293-L","responsecode":200,"routeparentid":5045},{"union_rowno":3,"row":295,"routeno":"293-L SBS-YBD","responsecode":200,"routeparentid":7627},{"union_rowno":3,"row":296,"routeno":"293-N KLN-BDSN","responsecode":200,"routeparentid":3921},{"union_rowno":3,"row":297,"routeno":"293 OASIS-HNRJN-HBLB","responsecode":200,"routeparentid":2664},{"union_rowno":3,"row":298,"routeno":"293-R SBS-LHIA","responsecode":200,"routeparentid":6180},{"union_rowno":3,"row":299,"routeno":"293-S D10G-BGLV","responsecode":200,"routeparentid":4299},{"union_rowno":3,"row":300,"routeno":"293-S D48G-BGLR","responsecode":200,"routeparentid":4760},{"union_rowno":3,"row":301,"routeno":"293 SBS-LGP-KLN","responsecode":200,"routeparentid":2696},{"union_rowno":3,"row":302,"routeno":"293 SBS-MYLH-HNS","responsecode":200,"routeparentid":7445},{"union_rowno":3,"row":303,"routeno":"293 STJHS-BGLR","responsecode":200,"routeparentid":7054},{"union_rowno":3,"row":304,"routeno":"296-B D48G-HBRLO","responsecode":200,"routeparentid":4822},{"union_rowno":3,"row":305,"routeno":"298-C KMT-AGO-KLP","responsecode":200,"routeparentid":6271},{"union_rowno":3,"row":306,"routeno":"298-M HBLB-DVH","responsecode":200,"routeparentid":6650},{"union_rowno":3,"row":307,"routeno":"298-M PTML-DVH","responsecode":200,"routeparentid":4061},{"union_rowno":3,"row":308,"routeno":"298-ME KMT-AGO-NLR","responsecode":200,"routeparentid":6272},{"union_rowno":3,"row":309,"routeno":"298-ME KMT-NLR","responsecode":200,"routeparentid":5933},{"union_rowno":3,"row":310,"routeno":"298-ME YHK-NLR","responsecode":200,"routeparentid":5934},{"union_rowno":3,"row":311,"routeno":"298-MP HBLB-VJP","responsecode":200,"routeparentid":7294},{"union_rowno":3,"row":312,"routeno":"298-PD NLR-KBS","responsecode":200,"routeparentid":5196},{"union_rowno":3,"row":313,"routeno":"298-Y KBS-YLR-VJP","responsecode":200,"routeparentid":6556},{"union_rowno":3,"row":314,"routeno":"298-Y VJP-YLR-YHKOT","responsecode":200,"routeparentid":6557},{"union_rowno":3,"row":315,"routeno":"300 D14G-CWL","responsecode":200,"routeparentid":7545},{"union_rowno":3,"row":316,"routeno":"300-H CWL-KBS","responsecode":200,"routeparentid":7500},{"union_rowno":3,"row":317,"routeno":"300 KBS-CWL","responsecode":200,"routeparentid":7546},{"union_rowno":3,"row":318,"routeno":"300 KRPGH-CWL","responsecode":200,"routeparentid":7541},{"union_rowno":3,"row":319,"routeno":"300 SBS-CWL","responsecode":200,"routeparentid":7247},{"union_rowno":3,"row":320,"routeno":"301-A KMT-NRIL","responsecode":200,"routeparentid":5848},{"union_rowno":3,"row":321,"routeno":"301-A VSD-NRIL","responsecode":200,"routeparentid":5849},{"union_rowno":3,"row":322,"routeno":"301 D10G-NRIL","responsecode":200,"routeparentid":5847},{"union_rowno":3,"row":323,"routeno":"302-D KLN-BCGHS","responsecode":200,"routeparentid":4022},{"union_rowno":3,"row":324,"routeno":"302-K KLN-KCNS","responsecode":200,"routeparentid":7355},{"union_rowno":3,"row":325,"routeno":"302 KLN-OBH","responsecode":200,"routeparentid":7081},{"union_rowno":3,"row":326,"routeno":"302 KLN-SBS","responsecode":200,"routeparentid":6211},{"union_rowno":3,"row":327,"routeno":"302 SBS-KLN","responsecode":200,"routeparentid":6442},{"union_rowno":3,"row":328,"routeno":"303 BEMLG-BSW","responsecode":200,"routeparentid":3845},{"union_rowno":3,"row":329,"routeno":"303-G KLN-OST","responsecode":200,"routeparentid":2880},{"union_rowno":3,"row":330,"routeno":"304-Q D24G-GNLU","responsecode":200,"routeparentid":2929},{"union_rowno":3,"row":331,"routeno":"305-L","responsecode":200,"routeparentid":2980},{"union_rowno":3,"row":332,"routeno":"306-A D24G-LDMS","responsecode":200,"routeparentid":3014},{"union_rowno":3,"row":333,"routeno":"306-A KMT-HLG","responsecode":200,"routeparentid":5846},{"union_rowno":3,"row":334,"routeno":"306-B TDL-MYH","responsecode":200,"routeparentid":6881},{"union_rowno":3,"row":335,"routeno":"306-C D24G-KNL","responsecode":200,"routeparentid":3019},{"union_rowno":3,"row":336,"routeno":"306-L","responsecode":200,"routeparentid":3037},{"union_rowno":3,"row":337,"routeno":"306-L D41G-MSD","responsecode":200,"routeparentid":3043},{"union_rowno":3,"row":338,"routeno":"306-L KBS-MSD","responsecode":200,"routeparentid":3040},{"union_rowno":3,"row":339,"routeno":"313-L","responsecode":200,"routeparentid":3129},{"union_rowno":3,"row":340,"routeno":"314-B YBS-BEMLG","responsecode":200,"routeparentid":4240},{"union_rowno":3,"row":341,"routeno":"314 BEMLF-SBS-YHK","responsecode":200,"routeparentid":7364},{"union_rowno":3,"row":342,"routeno":"314 DPJN-KBS-BEMLF","responsecode":200,"routeparentid":7232},{"union_rowno":3,"row":343,"routeno":"314-FA D06G-MLP","responsecode":200,"routeparentid":3148},{"union_rowno":3,"row":344,"routeno":"314-H MLP-SMH","responsecode":200,"routeparentid":4241},{"union_rowno":3,"row":345,"routeno":"314-X D06G-ABYL","responsecode":200,"routeparentid":3216},{"union_rowno":3,"row":346,"routeno":"315 BCGHS-ITICL","responsecode":200,"routeparentid":4013},{"union_rowno":3,"row":347,"routeno":"315-J KBS-KLK-KMS","responsecode":200,"routeparentid":5538},{"union_rowno":3,"row":348,"routeno":"315-J KMS-KLK","responsecode":200,"routeparentid":2946},{"union_rowno":3,"row":349,"routeno":"316 MDR-HAL ARDC","responsecode":200,"routeparentid":6053},{"union_rowno":3,"row":350,"routeno":"317 HSK-BEML","responsecode":200,"routeparentid":4054},{"union_rowno":3,"row":351,"routeno":"317 KVUL-TNF-KRPGH","responsecode":200,"routeparentid":7381},{"union_rowno":3,"row":352,"routeno":"323 D41G-HAL-KMT","responsecode":200,"routeparentid":3315},{"union_rowno":3,"row":353,"routeno":"323-F D41G-ITPL-HAL-KBS","responsecode":200,"routeparentid":2956},{"union_rowno":3,"row":354,"routeno":"323 KMT-HAL-D41G","responsecode":200,"routeparentid":5794},{"union_rowno":3,"row":355,"routeno":"323-L","responsecode":200,"routeparentid":3351},{"union_rowno":3,"row":356,"routeno":"325 D41G-HRHL","responsecode":200,"routeparentid":3374},{"union_rowno":3,"row":357,"routeno":"325 KBS-HAL-HRH","responsecode":200,"routeparentid":3377},{"union_rowno":3,"row":358,"routeno":"327-B DMLA-KMT","responsecode":200,"routeparentid":7535},{"union_rowno":3,"row":359,"routeno":"327 KMT-DMLA","responsecode":200,"routeparentid":7534},{"union_rowno":3,"row":360,"routeno":"327 KMT-HAL ARDC","responsecode":200,"routeparentid":6056},{"union_rowno":3,"row":361,"routeno":"328-E D41G-VLP","responsecode":200,"routeparentid":3435},{"union_rowno":3,"row":362,"routeno":"328-G D41G-GJR-HLH","responsecode":200,"routeparentid":3455},{"union_rowno":3,"row":363,"routeno":"328-HB D41G-HLS","responsecode":200,"routeparentid":3017},{"union_rowno":3,"row":364,"routeno":"328-HB HLS-ATB","responsecode":200,"routeparentid":2891},{"union_rowno":3,"row":365,"routeno":"329-E D41G-BLK","responsecode":200,"routeparentid":3530},{"union_rowno":3,"row":366,"routeno":"32 PPLO-TRN-SBS","responsecode":200,"routeparentid":2463},{"union_rowno":3,"row":367,"routeno":"330-H D06G-MKL","responsecode":200,"routeparentid":6461},{"union_rowno":3,"row":368,"routeno":"330 MGRMS-MNKL","responsecode":200,"routeparentid":4618},{"union_rowno":3,"row":369,"routeno":"332 D41G-BLG","responsecode":200,"routeparentid":3850},{"union_rowno":3,"row":370,"routeno":"333-G NLH-D41G","responsecode":200,"routeparentid":3857},{"union_rowno":3,"row":371,"routeno":"333-L","responsecode":200,"routeparentid":2579},{"union_rowno":3,"row":372,"routeno":"333-L KDG-KBS-TVK","responsecode":200,"routeparentid":5742},{"union_rowno":3,"row":373,"routeno":"335-A HAL-BEML5","responsecode":200,"routeparentid":6261},{"union_rowno":3,"row":374,"routeno":"335 BEML5-HAL","responsecode":200,"routeparentid":6258},{"union_rowno":3,"row":375,"routeno":"335-C KMS-LBSN","responsecode":200,"routeparentid":3740},{"union_rowno":3,"row":376,"routeno":"335-E BEML-HAL-KGD","responsecode":200,"routeparentid":6653},{"union_rowno":3,"row":377,"routeno":"335-E HAL NP-KDG","responsecode":200,"routeparentid":6499},{"union_rowno":3,"row":378,"routeno":"335-E KBS-HAL NP","responsecode":200,"routeparentid":6498},{"union_rowno":3,"row":379,"routeno":"335-E YTTMC-KBS-HAL","responsecode":200,"routeparentid":4763},{"union_rowno":3,"row":380,"routeno":"335 HALLCA-KBS","responsecode":200,"routeparentid":3934},{"union_rowno":3,"row":381,"routeno":"335-N KGR-KMT-ARDCHAL","responsecode":200,"routeparentid":5585},{"union_rowno":3,"row":382,"routeno":"341-A DMLA-HLR","responsecode":200,"routeparentid":7524},{"union_rowno":3,"row":383,"routeno":"341-A KRM-HRLR","responsecode":200,"routeparentid":6667},{"union_rowno":3,"row":384,"routeno":"342-H D42-BLH","responsecode":200,"routeparentid":6166},{"union_rowno":3,"row":385,"routeno":"342-L","responsecode":200,"routeparentid":3262},{"union_rowno":3,"row":386,"routeno":"342MA D42G-GLR","responsecode":200,"routeparentid":6832},{"union_rowno":3,"row":387,"routeno":"343-A HLH-KRMTTMC","responsecode":200,"routeparentid":3353},{"union_rowno":3,"row":388,"routeno":"343-A KMT-HLH","responsecode":200,"routeparentid":3350},{"union_rowno":3,"row":389,"routeno":"343-L","responsecode":200,"routeparentid":1169},{"union_rowno":3,"row":390,"routeno":"346-M CSB-GLH","responsecode":200,"routeparentid":3533},{"union_rowno":3,"row":391,"routeno":"346-M KBS-GLH","responsecode":200,"routeparentid":3532},{"union_rowno":3,"row":392,"routeno":"347-C KBS-LMG-CKBR","responsecode":200,"routeparentid":6978},{"union_rowno":3,"row":393,"routeno":"347-K CSB-AECSLS","responsecode":200,"routeparentid":3572},{"union_rowno":3,"row":394,"routeno":"347 KRMTTMC-KDL","responsecode":200,"routeparentid":3543},{"union_rowno":3,"row":395,"routeno":"347-L","responsecode":200,"routeparentid":3574},{"union_rowno":3,"row":396,"routeno":"347-L ELC-HSP","responsecode":200,"routeparentid":5832},{"union_rowno":3,"row":397,"routeno":"349 D38-LMG-KBS","responsecode":200,"routeparentid":3025},{"union_rowno":3,"row":398,"routeno":"34-C SBS-PMLO","responsecode":200,"routeparentid":5834},{"union_rowno":3,"row":399,"routeno":"356-CW CSB-ELCW FLY","responsecode":200,"routeparentid":6973},{"union_rowno":3,"row":400,"routeno":"356-CW SRN-HSRBDA UNFLY","responsecode":200,"routeparentid":5329},{"union_rowno":3,"row":401,"routeno":"356-CW UFLY","responsecode":200,"routeparentid":1062},{"union_rowno":3,"row":402,"routeno":"356-JE NMG-ELCW","responsecode":200,"routeparentid":4917},{"union_rowno":3,"row":403,"routeno":"356-JE PSS -ELCW","responsecode":200,"routeparentid":4735},{"union_rowno":3,"row":404,"routeno":"356-M KBS-ELCFLY-ANK","responsecode":200,"routeparentid":4884},{"union_rowno":3,"row":405,"routeno":"356-Z D38G-ANKL","responsecode":200,"routeparentid":5168},{"union_rowno":3,"row":406,"routeno":"360-C D38G-BLR","responsecode":200,"routeparentid":7657},{"union_rowno":3,"row":407,"routeno":"360-D KMT-ATB-KMLP","responsecode":200,"routeparentid":2706},{"union_rowno":3,"row":408,"routeno":"360-J CSB-HNDL","responsecode":200,"routeparentid":3030},{"union_rowno":3,"row":409,"routeno":"360-K Fly KBS-ATB","responsecode":200,"routeparentid":6495},{"union_rowno":3,"row":410,"routeno":"361-C FLYOVER","responsecode":200,"routeparentid":2866},{"union_rowno":3,"row":411,"routeno":"362-C BGR-ELC","responsecode":200,"routeparentid":6027},{"union_rowno":3,"row":412,"routeno":"362-C SBS-YLH","responsecode":200,"routeparentid":3053},{"union_rowno":3,"row":413,"routeno":"365 KBS-JRML","responsecode":200,"routeparentid":4454},{"union_rowno":3,"row":414,"routeno":"366-L","responsecode":200,"routeparentid":5112},{"union_rowno":3,"row":415,"routeno":"369-A D34-HLM","responsecode":200,"routeparentid":7656},{"union_rowno":3,"row":416,"routeno":"369-J JBS-EAST END-HML","responsecode":200,"routeparentid":4448},{"union_rowno":3,"row":417,"routeno":"369-K KBS-DLF","responsecode":200,"routeparentid":5008},{"union_rowno":3,"row":418,"routeno":"369-K VSD-DLF","responsecode":200,"routeparentid":4423},{"union_rowno":3,"row":419,"routeno":"369 KMT-DLF","responsecode":200,"routeparentid":6637},{"union_rowno":3,"row":420,"routeno":"36 VSD-KMTFLY-SRN","responsecode":200,"routeparentid":6170},{"union_rowno":3,"row":421,"routeno":"374-N D35G-TVK-NML","responsecode":200,"routeparentid":4314},{"union_rowno":3,"row":422,"routeno":"375-D BEMLG-KGR","responsecode":200,"routeparentid":4833},{"union_rowno":3,"row":423,"routeno":"375 JBS-BEML5","responsecode":200,"routeparentid":5352},{"union_rowno":3,"row":424,"routeno":"378 BEML5-ELC","responsecode":200,"routeparentid":5903},{"union_rowno":3,"row":425,"routeno":"378-C D34G-ELC","responsecode":200,"routeparentid":7670},{"union_rowno":3,"row":426,"routeno":"378-C UTH-ELC","responsecode":200,"routeparentid":7672},{"union_rowno":3,"row":427,"routeno":"378 D12G-ELC","responsecode":200,"routeparentid":5821},{"union_rowno":3,"row":428,"routeno":"378 D34G-CKLS","responsecode":200,"routeparentid":4359},{"union_rowno":3,"row":429,"routeno":"378 D34G-ELC","responsecode":200,"routeparentid":1804},{"union_rowno":3,"row":430,"routeno":"378 D34G-ELC-HSS","responsecode":200,"routeparentid":7454},{"union_rowno":3,"row":431,"routeno":"378-E D44G-ELC","responsecode":200,"routeparentid":4402},{"union_rowno":3,"row":432,"routeno":"378-E JPN6-ELC","responsecode":200,"routeparentid":4472},{"union_rowno":3,"row":433,"routeno":"378-E JPN6-JSD-ELC","responsecode":200,"routeparentid":1776},{"union_rowno":3,"row":434,"routeno":"378 ELC-SET","responsecode":200,"routeparentid":5956},{"union_rowno":3,"row":435,"routeno":"378 PTPL-GTG-ELC","responsecode":200,"routeparentid":4444},{"union_rowno":3,"row":436,"routeno":"399-D ATB-ELC","responsecode":200,"routeparentid":5043},{"union_rowno":3,"row":437,"routeno":"399 ELC-KDG","responsecode":200,"routeparentid":3763},{"union_rowno":3,"row":438,"routeno":"401-A PSS-GMC-HBL-HALMG","responsecode":200,"routeparentid":3265},{"union_rowno":3,"row":439,"routeno":"401-AB PSS-BGLR","responsecode":200,"routeparentid":3002},{"union_rowno":3,"row":440,"routeno":"401-AC BMT45-LGR","responsecode":200,"routeparentid":7666},{"union_rowno":3,"row":441,"routeno":"401-AF GKWL-YHKOT","responsecode":200,"routeparentid":7223},{"union_rowno":3,"row":442,"routeno":"401-AF YHKOT-BELF","responsecode":200,"routeparentid":7335},{"union_rowno":3,"row":443,"routeno":"401-AF YHKOT-CLO","responsecode":200,"routeparentid":7224},{"union_rowno":3,"row":444,"routeno":"401-AL","responsecode":200,"routeparentid":3016},{"union_rowno":3,"row":445,"routeno":"401-AL MHC-DBP","responsecode":200,"routeparentid":3018},{"union_rowno":3,"row":446,"routeno":"401-B VNS-HBL-YTTMC-HPN","responsecode":200,"routeparentid":7490},{"union_rowno":3,"row":447,"routeno":"401-B YHKOT-BELF","responsecode":200,"routeparentid":7222},{"union_rowno":3,"row":448,"routeno":"401-BJ PTML-MHC","responsecode":200,"routeparentid":7206},{"union_rowno":3,"row":449,"routeno":"401-K CLO-KGR","responsecode":200,"routeparentid":1653},{"union_rowno":3,"row":450,"routeno":"401-K CLO-YBS-HBL","responsecode":200,"routeparentid":3228},{"union_rowno":3,"row":451,"routeno":"401-K CLO-YHKOT","responsecode":200,"routeparentid":3114},{"union_rowno":3,"row":452,"routeno":"401-K KGR-BELF","responsecode":200,"routeparentid":6912},{"union_rowno":3,"row":453,"routeno":"401-K YTTMC-GKWLO","responsecode":200,"routeparentid":4991},{"union_rowno":3,"row":454,"routeno":"401-L","responsecode":200,"routeparentid":3391},{"union_rowno":3,"row":455,"routeno":"401-M KGR-HBL","responsecode":200,"routeparentid":3475},{"union_rowno":3,"row":456,"routeno":"401-MN BEML5-YTTMC","responsecode":200,"routeparentid":3423},{"union_rowno":3,"row":457,"routeno":"401-N MBS-BEML5","responsecode":200,"routeparentid":7389},{"union_rowno":3,"row":458,"routeno":"401-NY YTTMC-HBL","responsecode":200,"routeparentid":7135},{"union_rowno":3,"row":459,"routeno":"401-R MLO-BELF","responsecode":200,"routeparentid":7159},{"union_rowno":3,"row":460,"routeno":"401-RC D45-BEML5","responsecode":200,"routeparentid":3434},{"union_rowno":3,"row":461,"routeno":"401-RC YPRS-BEML5","responsecode":200,"routeparentid":3443},{"union_rowno":3,"row":462,"routeno":"401 YBS-BGLR","responsecode":200,"routeparentid":6960},{"union_rowno":3,"row":463,"routeno":"402-D JLOW-VSD-SBS","responsecode":200,"routeparentid":1330},{"union_rowno":3,"row":464,"routeno":"406 HBLB-NMG","responsecode":200,"routeparentid":7218},{"union_rowno":3,"row":465,"routeno":"406 PTML-BRPR-HGV","responsecode":200,"routeparentid":7183},{"union_rowno":3,"row":466,"routeno":"406 PTML-NMG","responsecode":200,"routeparentid":7189},{"union_rowno":3,"row":467,"routeno":"410-AB BSK-8MILEDSH","responsecode":200,"routeparentid":7538},{"union_rowno":3,"row":468,"routeno":"410AB HAL-BSK","responsecode":200,"routeparentid":7453},{"union_rowno":3,"row":469,"routeno":"410-FC JHC-GGP-CLO","responsecode":200,"routeparentid":7346},{"union_rowno":3,"row":470,"routeno":"410K HAL LCA-BSK","responsecode":200,"routeparentid":7577},{"union_rowno":3,"row":471,"routeno":"410K PSS-HAL LCA","responsecode":200,"routeparentid":7576},{"union_rowno":3,"row":472,"routeno":"410 YTTMC-NBC-NYH-RRG-BEML5","responsecode":200,"routeparentid":5702},{"union_rowno":3,"row":473,"routeno":"411-A BSK-HAL","responsecode":200,"routeparentid":5317},{"union_rowno":3,"row":474,"routeno":"411-A BSK-HAL ARDC","responsecode":200,"routeparentid":6023},{"union_rowno":3,"row":475,"routeno":"411-A CSB-MVW-HALNPS","responsecode":200,"routeparentid":6031},{"union_rowno":3,"row":476,"routeno":"411-A HALM-JNRTTMC","responsecode":200,"routeparentid":6369},{"union_rowno":3,"row":477,"routeno":"411-D ELC-HAL ARDC","responsecode":200,"routeparentid":6025},{"union_rowno":3,"row":478,"routeno":"412-H HBLB-ISRO","responsecode":200,"routeparentid":3304},{"union_rowno":3,"row":479,"routeno":"412 KLN-BRAB DMLR","responsecode":200,"routeparentid":7582},{"union_rowno":3,"row":480,"routeno":"412 KLN-BSK","responsecode":200,"routeparentid":7583},{"union_rowno":3,"row":481,"routeno":"415-H -HBLB-AJBD","responsecode":200,"routeparentid":6468},{"union_rowno":3,"row":482,"routeno":"43-B PPLO-HSKH","responsecode":200,"routeparentid":7120},{"union_rowno":3,"row":483,"routeno":"43-D PPLO-VBN","responsecode":200,"routeparentid":3149},{"union_rowno":3,"row":484,"routeno":"43-H ASP-PLO","responsecode":200,"routeparentid":1057},{"union_rowno":3,"row":485,"routeno":"43-J PPLO-HKLO","responsecode":200,"routeparentid":3161},{"union_rowno":3,"row":486,"routeno":"43-J VSD-HKLO","responsecode":200,"routeparentid":3165},{"union_rowno":3,"row":487,"routeno":"43-M MRBS-PPLO","responsecode":200,"routeparentid":7122},{"union_rowno":3,"row":488,"routeno":"45-D KBS-PPLO","responsecode":200,"routeparentid":2416},{"union_rowno":3,"row":489,"routeno":"45-D PPLO-GTLO","responsecode":200,"routeparentid":2740},{"union_rowno":3,"row":490,"routeno":"45-E PPLO-CKA","responsecode":200,"routeparentid":3191},{"union_rowno":3,"row":491,"routeno":"45-G AGSLC-KBS","responsecode":200,"routeparentid":7653},{"union_rowno":3,"row":492,"routeno":"45-G KMK-KBS-BEMLF","responsecode":200,"routeparentid":6509},{"union_rowno":3,"row":493,"routeno":"45-K KMT-PPLO","responsecode":200,"routeparentid":7195},{"union_rowno":3,"row":494,"routeno":"49 PPLO-BNR","responsecode":200,"routeparentid":7123},{"union_rowno":3,"row":495,"routeno":"500-A BSK-BELF","responsecode":200,"routeparentid":6230},{"union_rowno":3,"row":496,"routeno":"500-A BSK-CHLS","responsecode":200,"routeparentid":5314},{"union_rowno":3,"row":497,"routeno":"500-A D45-BEMLF","responsecode":200,"routeparentid":4323},{"union_rowno":3,"row":498,"routeno":"500-A ISROM-HBL-GGP-PSS","responsecode":200,"routeparentid":6548},{"union_rowno":3,"row":499,"routeno":"500-A MRH-JKLO","responsecode":200,"routeparentid":5824},{"union_rowno":3,"row":500,"routeno":"500-A PPLO-HBLB","responsecode":200,"routeparentid":2808},{"union_rowno":3,"row":501,"routeno":"500-A SGH-HBL","responsecode":200,"routeparentid":7231},{"union_rowno":3,"row":502,"routeno":"500-BC BEL-BTM","responsecode":200,"routeparentid":7172},{"union_rowno":3,"row":503,"routeno":"500 BEML-MRTB-CSB","responsecode":200,"routeparentid":4754},{"union_rowno":3,"row":504,"routeno":"500-CA BEML5-KDG","responsecode":200,"routeparentid":2730},{"union_rowno":3,"row":505,"routeno":"500-CA ITPL-PPLO","responsecode":200,"routeparentid":2723},{"union_rowno":3,"row":506,"routeno":"500-CA JBS-ITPL","responsecode":200,"routeparentid":2769},{"union_rowno":3,"row":507,"routeno":"500-CH KLN-SJP","responsecode":200,"routeparentid":2745},{"union_rowno":3,"row":508,"routeno":"500-CH SJP-HBL","responsecode":200,"routeparentid":7162},{"union_rowno":3,"row":509,"routeno":"500-CK GNE-BSK-ITPL","responsecode":200,"routeparentid":1040},{"union_rowno":3,"row":510,"routeno":"500-D BELF-CSB","responsecode":200,"routeparentid":6235},{"union_rowno":3,"row":511,"routeno":"500-D BEML-TNF-CSB","responsecode":200,"routeparentid":7559},{"union_rowno":3,"row":512,"routeno":"500-D BEMLF-GGP-CKB","responsecode":200,"routeparentid":6609},{"union_rowno":3,"row":513,"routeno":"500-D BEMLK-YTTMC-MTK-CSB","responsecode":200,"routeparentid":6628},{"union_rowno":3,"row":514,"routeno":"500-D D10G-HBLB","responsecode":200,"routeparentid":2698},{"union_rowno":3,"row":515,"routeno":"500-D D14G-HBL-CSB","responsecode":200,"routeparentid":6652},{"union_rowno":3,"row":516,"routeno":"500-D HBLB-KRM KM","responsecode":200,"routeparentid":7220},{"union_rowno":3,"row":517,"routeno":"500-D MKL-BEL","responsecode":200,"routeparentid":6232},{"union_rowno":3,"row":518,"routeno":"500-DC D32 SRYN-HBLB","responsecode":200,"routeparentid":2772},{"union_rowno":3,"row":519,"routeno":"500-DC D38G-BELF","responsecode":200,"routeparentid":6252},{"union_rowno":3,"row":520,"routeno":"500-DC ELC-BTP","responsecode":200,"routeparentid":5770},{"union_rowno":3,"row":521,"routeno":"500-DG ARDC HAL-PSS","responsecode":200,"routeparentid":5504},{"union_rowno":3,"row":522,"routeno":"500DH D38G-HBL","responsecode":200,"routeparentid":5295},{"union_rowno":3,"row":523,"routeno":"500-DM CJP-ELCW","responsecode":200,"routeparentid":2988},{"union_rowno":3,"row":524,"routeno":"500-HC HBLB-WTTMC","responsecode":200,"routeparentid":3487},{"union_rowno":3,"row":525,"routeno":"500-HG HSK-BELF","responsecode":200,"routeparentid":6251},{"union_rowno":3,"row":526,"routeno":"500-HK KLNB-BSBI","responsecode":200,"routeparentid":3987},{"union_rowno":3,"row":527,"routeno":"500-L BSK-TNF-KRPGH","responsecode":200,"routeparentid":6469},{"union_rowno":3,"row":528,"routeno":"500-LA","responsecode":200,"routeparentid":2872},{"union_rowno":3,"row":529,"routeno":"500L D6G-TNF-BSK","responsecode":200,"routeparentid":5507},{"union_rowno":3,"row":530,"routeno":"500-Q KRPGH-BELF","responsecode":200,"routeparentid":7079},{"union_rowno":3,"row":531,"routeno":"500-Q KRPGH-TNF-BGLR","responsecode":200,"routeparentid":6454},{"union_rowno":3,"row":532,"routeno":"500-QG GGP-KVUL","responsecode":200,"routeparentid":7380},{"union_rowno":3,"row":533,"routeno":"500-QG KRPGH-BELF","responsecode":200,"routeparentid":6237},{"union_rowno":3,"row":534,"routeno":"500-QG PTH-HBL-KRPGH","responsecode":200,"routeparentid":6216},{"union_rowno":3,"row":535,"routeno":"500-QG RTNPS-HBL-GGP","responsecode":200,"routeparentid":3269},{"union_rowno":3,"row":536,"routeno":"500QG MDH-HBL","responsecode":200,"routeparentid":7415},{"union_rowno":3,"row":537,"routeno":"500-Y YHKOT-HBL-D10G","responsecode":200,"routeparentid":4118},{"union_rowno":3,"row":538,"routeno":"501-A BSK-BELF","responsecode":200,"routeparentid":6913},{"union_rowno":3,"row":539,"routeno":"501-A D45-HBL-BSK","responsecode":200,"routeparentid":3206},{"union_rowno":3,"row":540,"routeno":"501-A D45G-VRP-HBL-KNG-BSK","responsecode":200,"routeparentid":6730},{"union_rowno":3,"row":541,"routeno":"501-A VNS-GGP-ITIL","responsecode":200,"routeparentid":5656},{"union_rowno":3,"row":542,"routeno":"501-A VRP-HBL-KNG-BSK","responsecode":200,"routeparentid":5567},{"union_rowno":3,"row":543,"routeno":"501-BH BSK-BELF","responsecode":200,"routeparentid":6911},{"union_rowno":3,"row":544,"routeno":"501-BH BSK-KLN","responsecode":200,"routeparentid":7082},{"union_rowno":3,"row":545,"routeno":"501-BH D35G-HBL","responsecode":200,"routeparentid":1782},{"union_rowno":3,"row":546,"routeno":"501-C CLO-SMH-GGP-HBL","responsecode":200,"routeparentid":3237},{"union_rowno":3,"row":547,"routeno":"501-C D14G-HBLB-KGR","responsecode":200,"routeparentid":4752},{"union_rowno":3,"row":548,"routeno":"501-C DBP-HBL","responsecode":200,"routeparentid":5769},{"union_rowno":3,"row":549,"routeno":"501-C DBP-SHIRK-HBL","responsecode":200,"routeparentid":5939},{"union_rowno":3,"row":550,"routeno":"501-C HBLB-D12G","responsecode":200,"routeparentid":1344},{"union_rowno":3,"row":551,"routeno":"501-C STBEN-KGR-HBLB","responsecode":200,"routeparentid":4116},{"union_rowno":3,"row":552,"routeno":"501-CH HBLB-KGR-D12G","responsecode":200,"routeparentid":7435},{"union_rowno":3,"row":553,"routeno":"501-L","responsecode":200,"routeparentid":2281},{"union_rowno":3,"row":554,"routeno":"501-NH BEML5-HBLB","responsecode":200,"routeparentid":6257},{"union_rowno":3,"row":555,"routeno":"501-NH DPJN-HBLB","responsecode":200,"routeparentid":6141},{"union_rowno":3,"row":556,"routeno":"501 PTH-HBL-KGR","responsecode":200,"routeparentid":7382},{"union_rowno":3,"row":557,"routeno":"502-A GNP-HBL","responsecode":200,"routeparentid":3941},{"union_rowno":3,"row":558,"routeno":"502-E KLELC-HBLB","responsecode":200,"routeparentid":5729},{"union_rowno":3,"row":559,"routeno":"502-G D45G-ITPL","responsecode":200,"routeparentid":4324},{"union_rowno":3,"row":560,"routeno":"502-L","responsecode":200,"routeparentid":3364},{"union_rowno":3,"row":561,"routeno":"506-A D41G-HBL","responsecode":200,"routeparentid":3770},{"union_rowno":3,"row":562,"routeno":"507 KRPGH-YTTMC-BEMLJVS","responsecode":200,"routeparentid":3953},{"union_rowno":3,"row":563,"routeno":"507 VNS-HBLB","responsecode":200,"routeparentid":2984},{"union_rowno":3,"row":564,"routeno":"507 YHKOT-BEMLG","responsecode":200,"routeparentid":3945},{"union_rowno":3,"row":565,"routeno":"507 YPRRS-BEL-HBL-KRPG","responsecode":200,"routeparentid":2889},{"union_rowno":3,"row":566,"routeno":"50 BNR-SBS Flyover","responsecode":200,"routeparentid":6273},{"union_rowno":3,"row":567,"routeno":"55-B KPA-CLO","responsecode":200,"routeparentid":7201},{"union_rowno":3,"row":568,"routeno":"600CA CSB-ELC A","responsecode":200,"routeparentid":7012},{"union_rowno":3,"row":569,"routeno":"600CA ELC A-ANK","responsecode":200,"routeparentid":7013},{"union_rowno":3,"row":570,"routeno":"600-CF UFLY","responsecode":200,"routeparentid":3479},{"union_rowno":3,"row":571,"routeno":"600-F ATB-BSK-VLS","responsecode":200,"routeparentid":5194},{"union_rowno":3,"row":572,"routeno":"600-F BEML5-ATB","responsecode":200,"routeparentid":2689},{"union_rowno":3,"row":573,"routeno":"600-F CPR-NDH-BEML5","responsecode":200,"routeparentid":2793},{"union_rowno":3,"row":574,"routeno":"600-F FLYOVER","responsecode":200,"routeparentid":1509},{"union_rowno":3,"row":575,"routeno":"600-F JBS-ELCW","responsecode":200,"routeparentid":6131},{"union_rowno":3,"row":576,"routeno":"600-FC BEML5-JGNAPC","responsecode":200,"routeparentid":2714},{"union_rowno":3,"row":577,"routeno":"600-G ATB-ISRLO","responsecode":200,"routeparentid":3621},{"union_rowno":3,"row":578,"routeno":"600-KB CLO-ELCW","responsecode":200,"routeparentid":7728},{"union_rowno":3,"row":579,"routeno":"60-A CLO-MRNH","responsecode":200,"routeparentid":2923},{"union_rowno":3,"row":580,"routeno":"60-E CLO-BTM","responsecode":200,"routeparentid":2936},{"union_rowno":3,"row":581,"routeno":"60-J CLO-1BKRM","responsecode":200,"routeparentid":4158},{"union_rowno":3,"row":582,"routeno":"60-L","responsecode":200,"routeparentid":2894},{"union_rowno":3,"row":583,"routeno":"61-C DPJN-BCCLO","responsecode":200,"routeparentid":3759},{"union_rowno":3,"row":584,"routeno":"63 SBS-CLO-AIT","responsecode":200,"routeparentid":5405},{"union_rowno":3,"row":585,"routeno":"75-B CLO-MBS","responsecode":200,"routeparentid":1570},{"union_rowno":3,"row":586,"routeno":"75-E YTTMC-MBS-GKWLO","responsecode":200,"routeparentid":4989},{"union_rowno":3,"row":587,"routeno":"77 YTTMC-MLO","responsecode":200,"routeparentid":5044},{"union_rowno":3,"row":588,"routeno":"79-E MYH-SBS-NLO","responsecode":200,"routeparentid":4984},{"union_rowno":3,"row":589,"routeno":"79-E NLO-VSD-SBS-MYH","responsecode":200,"routeparentid":4982},{"union_rowno":3,"row":590,"routeno":"79E VSD-NLO","responsecode":200,"routeparentid":4985},{"union_rowno":3,"row":591,"routeno":"79-G VSD-VSDLO","responsecode":200,"routeparentid":4317},{"union_rowno":3,"row":592,"routeno":"79-G VSDLO-VSD-SBS","responsecode":200,"routeparentid":4306},{"union_rowno":3,"row":593,"routeno":"80-A KBS-NLO-D31G","responsecode":200,"routeparentid":7563},{"union_rowno":3,"row":594,"routeno":"80-A NLO-JP3","responsecode":200,"routeparentid":3608},{"union_rowno":3,"row":595,"routeno":"80-A NLO-KDC-VSD-IXP","responsecode":200,"routeparentid":4946},{"union_rowno":3,"row":596,"routeno":"80-A YTTMC-NLO","responsecode":200,"routeparentid":3600},{"union_rowno":3,"row":597,"routeno":"96-B BEMLK-YTTMC","responsecode":200,"routeparentid":3944},{"union_rowno":3,"row":598,"routeno":"96-B YTTMC-BEMLKN","responsecode":200,"routeparentid":4850},{"union_rowno":3,"row":599,"routeno":"96-E BEMLK-VSD-KBS","responsecode":200,"routeparentid":4868},{"union_rowno":3,"row":600,"routeno":"98-F YTTMC-GGP-VSL","responsecode":200,"routeparentid":4955},{"union_rowno":3,"row":601,"routeno":"ALP-SBS","responsecode":200,"routeparentid":7371},{"union_rowno":3,"row":602,"routeno":"ALS-PTH","responsecode":200,"routeparentid":3706},{"union_rowno":3,"row":603,"routeno":"ARMY-HBL","responsecode":200,"routeparentid":7607},{"union_rowno":3,"row":604,"routeno":"ARMY-KOGILU-YHKOT","responsecode":200,"routeparentid":7550},{"union_rowno":3,"row":605,"routeno":"BC-7B PSS-NLGH-8thM","responsecode":200,"routeparentid":6080},{"union_rowno":3,"row":606,"routeno":"BC-7H D31G-8MYL","responsecode":200,"routeparentid":5985},{"union_rowno":3,"row":607,"routeno":"BC-9 KLNB-BTRNP","responsecode":200,"routeparentid":6151},{"union_rowno":3,"row":608,"routeno":"BEL-08","responsecode":200,"routeparentid":7211},{"union_rowno":3,"row":609,"routeno":"BEL-1","responsecode":200,"routeparentid":4497},{"union_rowno":3,"row":610,"routeno":"BEL-10","responsecode":200,"routeparentid":4500},{"union_rowno":3,"row":611,"routeno":"BELFGS-40","responsecode":200,"routeparentid":6916},{"union_rowno":3,"row":612,"routeno":"BEL GS-1","responsecode":200,"routeparentid":4043},{"union_rowno":3,"row":613,"routeno":"BEL GS-12","responsecode":200,"routeparentid":5365},{"union_rowno":3,"row":614,"routeno":"BEL GS-17","responsecode":200,"routeparentid":3860},{"union_rowno":3,"row":615,"routeno":"BEL GS-19","responsecode":200,"routeparentid":5491},{"union_rowno":3,"row":616,"routeno":"BEL GS-21","responsecode":200,"routeparentid":6064},{"union_rowno":3,"row":617,"routeno":"BEL GS-22","responsecode":200,"routeparentid":6063},{"union_rowno":3,"row":618,"routeno":"BEL GS-25","responsecode":200,"routeparentid":1766},{"union_rowno":3,"row":619,"routeno":"BEL GS-27","responsecode":200,"routeparentid":3959},{"union_rowno":3,"row":620,"routeno":"BEL GS-30","responsecode":200,"routeparentid":6049},{"union_rowno":3,"row":621,"routeno":"BEL GS-36","responsecode":200,"routeparentid":5704},{"union_rowno":3,"row":622,"routeno":"BEL GS-37","responsecode":200,"routeparentid":5211},{"union_rowno":3,"row":623,"routeno":"BEL GS-38","responsecode":200,"routeparentid":4189},{"union_rowno":3,"row":624,"routeno":"BEL GS-39","responsecode":200,"routeparentid":5691},{"union_rowno":3,"row":625,"routeno":"BEL GS-48","responsecode":200,"routeparentid":4580},{"union_rowno":3,"row":626,"routeno":"BELGS-11","responsecode":200,"routeparentid":3902},{"union_rowno":3,"row":627,"routeno":"BELGS-13","responsecode":200,"routeparentid":3965},{"union_rowno":3,"row":628,"routeno":"BELGS-14","responsecode":200,"routeparentid":4935},{"union_rowno":3,"row":629,"routeno":"BELGS-15","responsecode":200,"routeparentid":4078},{"union_rowno":3,"row":630,"routeno":"BELGS-16","responsecode":200,"routeparentid":6246},{"union_rowno":3,"row":631,"routeno":"BELGS-19","responsecode":200,"routeparentid":1795},{"union_rowno":3,"row":632,"routeno":"BELGS-2","responsecode":200,"routeparentid":4047},{"union_rowno":3,"row":633,"routeno":"BELGS-20","responsecode":200,"routeparentid":4202},{"union_rowno":3,"row":634,"routeno":"BELGS-22","responsecode":200,"routeparentid":4090},{"union_rowno":3,"row":635,"routeno":"BELGS-23","responsecode":200,"routeparentid":4184},{"union_rowno":3,"row":636,"routeno":"BELGS-24","responsecode":200,"routeparentid":4063},{"union_rowno":3,"row":637,"routeno":"BELGS-25","responsecode":200,"routeparentid":5133},{"union_rowno":3,"row":638,"routeno":"BELGS-26","responsecode":200,"routeparentid":6906},{"union_rowno":3,"row":639,"routeno":"BELGS-27","responsecode":200,"routeparentid":2720},{"union_rowno":3,"row":640,"routeno":"BELGS-28","responsecode":200,"routeparentid":2765},{"union_rowno":3,"row":641,"routeno":"BELGS-29","responsecode":200,"routeparentid":4198},{"union_rowno":3,"row":642,"routeno":"BELGS-3","responsecode":200,"routeparentid":4111},{"union_rowno":3,"row":643,"routeno":"BELGS-31","responsecode":200,"routeparentid":4439},{"union_rowno":3,"row":644,"routeno":"BELGS-32","responsecode":200,"routeparentid":1811},{"union_rowno":3,"row":645,"routeno":"BELGS-33","responsecode":200,"routeparentid":4009},{"union_rowno":3,"row":646,"routeno":"BELGS-34","responsecode":200,"routeparentid":5388},{"union_rowno":3,"row":647,"routeno":"BELGS-35","responsecode":200,"routeparentid":5299},{"union_rowno":3,"row":648,"routeno":"BELGS-39","responsecode":200,"routeparentid":3986},{"union_rowno":3,"row":649,"routeno":"BELGS-4","responsecode":200,"routeparentid":5287},{"union_rowno":3,"row":650,"routeno":"BELGS-40","responsecode":200,"routeparentid":4633},{"union_rowno":3,"row":651,"routeno":"BELGS-45","responsecode":200,"routeparentid":3827},{"union_rowno":3,"row":652,"routeno":"BELGS-5","responsecode":200,"routeparentid":6897},{"union_rowno":3,"row":653,"routeno":"BELGS-51","responsecode":200,"routeparentid":3038},{"union_rowno":3,"row":654,"routeno":"BELGS-54","responsecode":200,"routeparentid":4664},{"union_rowno":3,"row":655,"routeno":"BELGS-56","responsecode":200,"routeparentid":4994},{"union_rowno":3,"row":656,"routeno":"BELGS-6","responsecode":200,"routeparentid":3895},{"union_rowno":3,"row":657,"routeno":"BELGS-7","responsecode":200,"routeparentid":4966},{"union_rowno":3,"row":658,"routeno":"BELGS-8","responsecode":200,"routeparentid":1810},{"union_rowno":3,"row":659,"routeno":"BELGS-9","responsecode":200,"routeparentid":2390},{"union_rowno":3,"row":660,"routeno":"BELS SB-3","responsecode":200,"routeparentid":4788},{"union_rowno":3,"row":661,"routeno":"BEML-33A","responsecode":200,"routeparentid":4924},{"union_rowno":3,"row":662,"routeno":"BEML-5","responsecode":200,"routeparentid":3898},{"union_rowno":3,"row":663,"routeno":"BEML5-BEMLG","responsecode":200,"routeparentid":5398},{"union_rowno":3,"row":664,"routeno":"BEML5-CKGP","responsecode":200,"routeparentid":5859},{"union_rowno":3,"row":665,"routeno":"BEML5-KHBQ","responsecode":200,"routeparentid":4739},{"union_rowno":3,"row":666,"routeno":"BEML5-KMB","responsecode":200,"routeparentid":2375},{"union_rowno":3,"row":667,"routeno":"BEML5-KSLOW","responsecode":200,"routeparentid":2419},{"union_rowno":3,"row":668,"routeno":"BEML5TH-KSLO","responsecode":200,"routeparentid":1685},{"union_rowno":3,"row":669,"routeno":"BEML5TS-BSK","responsecode":200,"routeparentid":6542},{"union_rowno":3,"row":670,"routeno":"BEML-8A","responsecode":200,"routeparentid":1122},{"union_rowno":3,"row":671,"routeno":"BEML A-1","responsecode":200,"routeparentid":2996},{"union_rowno":3,"row":672,"routeno":"BEML A-17","responsecode":200,"routeparentid":7227},{"union_rowno":3,"row":673,"routeno":"BEML A-2","responsecode":200,"routeparentid":5003},{"union_rowno":3,"row":674,"routeno":"BEML A-21","responsecode":200,"routeparentid":6287},{"union_rowno":3,"row":675,"routeno":"BEML-A-22","responsecode":200,"routeparentid":4753},{"union_rowno":3,"row":676,"routeno":"BEML A-31","responsecode":200,"routeparentid":6510},{"union_rowno":3,"row":677,"routeno":"BEML A-5","responsecode":200,"routeparentid":6508},{"union_rowno":3,"row":678,"routeno":"BEML A-6","responsecode":200,"routeparentid":6630},{"union_rowno":3,"row":679,"routeno":"BEML A-7","responsecode":200,"routeparentid":7363},{"union_rowno":3,"row":680,"routeno":"BEMLA-10","responsecode":200,"routeparentid":3853},{"union_rowno":3,"row":681,"routeno":"BEMLA-11","responsecode":200,"routeparentid":5134},{"union_rowno":3,"row":682,"routeno":"BEMLA-12","responsecode":200,"routeparentid":4535},{"union_rowno":3,"row":683,"routeno":"BEMLA-14","responsecode":200,"routeparentid":5536},{"union_rowno":3,"row":684,"routeno":"BEMLA-15","responsecode":200,"routeparentid":4823},{"union_rowno":3,"row":685,"routeno":"BEMLA-17","responsecode":200,"routeparentid":4119},{"union_rowno":3,"row":686,"routeno":"BEMLA-2","responsecode":200,"routeparentid":5182},{"union_rowno":3,"row":687,"routeno":"BEMLA-20","responsecode":200,"routeparentid":4748},{"union_rowno":3,"row":688,"routeno":"BEMLA-21","responsecode":200,"routeparentid":4319},{"union_rowno":3,"row":689,"routeno":"BEMLA-23","responsecode":200,"routeparentid":5483},{"union_rowno":3,"row":690,"routeno":"BEMLA-26","responsecode":200,"routeparentid":4747},{"union_rowno":3,"row":691,"routeno":"BEMLA-28","responsecode":200,"routeparentid":4651},{"union_rowno":3,"row":692,"routeno":"BEMLA-29","responsecode":200,"routeparentid":3982},{"union_rowno":3,"row":693,"routeno":"BEMLA-3","responsecode":200,"routeparentid":3843},{"union_rowno":3,"row":694,"routeno":"BEMLA-31","responsecode":200,"routeparentid":3995},{"union_rowno":3,"row":695,"routeno":"BEMLA-4","responsecode":200,"routeparentid":4052},{"union_rowno":3,"row":696,"routeno":"BEMLA-7","responsecode":200,"routeparentid":4611},{"union_rowno":3,"row":697,"routeno":"BEML B-2","responsecode":200,"routeparentid":5002},{"union_rowno":3,"row":698,"routeno":"BEML B-22","responsecode":200,"routeparentid":4755},{"union_rowno":3,"row":699,"routeno":"BEML B-6","responsecode":200,"routeparentid":6631},{"union_rowno":3,"row":700,"routeno":"BEMLB-1","responsecode":200,"routeparentid":3428},{"union_rowno":3,"row":701,"routeno":"BEMLB-10","responsecode":200,"routeparentid":5006},{"union_rowno":3,"row":702,"routeno":"BEMLB-14","responsecode":200,"routeparentid":5532},{"union_rowno":3,"row":703,"routeno":"BEMLB-15","responsecode":200,"routeparentid":4840},{"union_rowno":3,"row":704,"routeno":"BEMLB-22","responsecode":200,"routeparentid":5390},{"union_rowno":3,"row":705,"routeno":"BEMLB-9","responsecode":200,"routeparentid":4239},{"union_rowno":3,"row":706,"routeno":"BEML-BGR","responsecode":200,"routeparentid":5534},{"union_rowno":3,"row":707,"routeno":"BEMLC-15","responsecode":200,"routeparentid":4826},{"union_rowno":3,"row":708,"routeno":"BEMLJVS A-6","responsecode":200,"routeparentid":3946},{"union_rowno":3,"row":709,"routeno":"BEMLJVS B-6","responsecode":200,"routeparentid":3943},{"union_rowno":3,"row":710,"routeno":"BGR-BMH-ELC","responsecode":200,"routeparentid":7673},{"union_rowno":3,"row":711,"routeno":"BRGR-LFSY","responsecode":200,"routeparentid":5184},{"union_rowno":3,"row":713,"routeno":"CALLBUS-","responsecode":200,"routeparentid":4843},{"union_rowno":3,"row":714,"routeno":"Call Bus CWS-3","responsecode":200,"routeparentid":3354},{"union_rowno":3,"row":715,"routeno":"Call Bus-01","responsecode":200,"routeparentid":7384},{"union_rowno":3,"row":716,"routeno":"CALL BUS-10","responsecode":200,"routeparentid":6349},{"union_rowno":3,"row":717,"routeno":"Call Bus-5","responsecode":200,"routeparentid":4563},{"union_rowno":3,"row":718,"routeno":"CALL BUS-8","responsecode":200,"routeparentid":4712},{"union_rowno":3,"row":719,"routeno":"CALLBUS-02","responsecode":200,"routeparentid":4226},{"union_rowno":3,"row":720,"routeno":"CALLBUS-02 ANP-SNBS","responsecode":200,"routeparentid":4427},{"union_rowno":3,"row":721,"routeno":"CALLBUS-10","responsecode":200,"routeparentid":1302},{"union_rowno":3,"row":722,"routeno":"CALLBUS-11","responsecode":200,"routeparentid":5722},{"union_rowno":3,"row":723,"routeno":"CALLBUS-12","responsecode":200,"routeparentid":5258},{"union_rowno":3,"row":724,"routeno":"CALLBUS-2","responsecode":200,"routeparentid":5708},{"union_rowno":3,"row":725,"routeno":"Callbus-3","responsecode":200,"routeparentid":4356},{"union_rowno":3,"row":726,"routeno":"CALLBUS-5","responsecode":200,"routeparentid":4109},{"union_rowno":3,"row":727,"routeno":"CALLBUS-6","responsecode":200,"routeparentid":4914},{"union_rowno":3,"row":728,"routeno":"CALLBUS-7","responsecode":200,"routeparentid":4316},{"union_rowno":3,"row":729,"routeno":"CALLBUS KWS-1","responsecode":200,"routeparentid":2760},{"union_rowno":3,"row":730,"routeno":"CALLBUS KWS-2","responsecode":200,"routeparentid":4072},{"union_rowno":3,"row":731,"routeno":"CALLBUS KWS-3","responsecode":200,"routeparentid":4076},{"union_rowno":3,"row":732,"routeno":"CALLBUS KWS-7","responsecode":200,"routeparentid":4960},{"union_rowno":3,"row":733,"routeno":"CFLF-2","responsecode":200,"routeparentid":5470},{"union_rowno":3,"row":734,"routeno":"CFLS-1","responsecode":200,"routeparentid":4416},{"union_rowno":3,"row":735,"routeno":"CHAKRA-10A D10G-KLN","responsecode":200,"routeparentid":7056},{"union_rowno":3,"row":736,"routeno":"CHAKRA-10A KLN-HNR","responsecode":200,"routeparentid":7057},{"union_rowno":3,"row":737,"routeno":"Chakra-16A KVUL-DNK","responsecode":200,"routeparentid":7540},{"union_rowno":3,"row":738,"routeno":"CHLS-1","responsecode":200,"routeparentid":5035},{"union_rowno":3,"row":739,"routeno":"CHLS-3","responsecode":200,"routeparentid":4565},{"union_rowno":3,"row":740,"routeno":"CHLS-4","responsecode":200,"routeparentid":4296},{"union_rowno":3,"row":741,"routeno":"CHLS-5","responsecode":200,"routeparentid":4662},{"union_rowno":3,"row":742,"routeno":"CHLS-6","responsecode":200,"routeparentid":5313},{"union_rowno":3,"row":743,"routeno":"CHLS-8","responsecode":200,"routeparentid":4263},{"union_rowno":3,"row":744,"routeno":"CHLS-9","responsecode":200,"routeparentid":4266},{"union_rowno":3,"row":745,"routeno":"CLO-AIT","responsecode":200,"routeparentid":5594},{"union_rowno":3,"row":746,"routeno":"CLO-BMBS","responsecode":200,"routeparentid":4716},{"union_rowno":3,"row":747,"routeno":"CLO-BSN","responsecode":200,"routeparentid":3039},{"union_rowno":3,"row":748,"routeno":"CLO-GDHL","responsecode":200,"routeparentid":5925},{"union_rowno":3,"row":749,"routeno":"CLO-GKWLO","responsecode":200,"routeparentid":4190},{"union_rowno":3,"row":750,"routeno":"CLO-NBC-KTP","responsecode":200,"routeparentid":3223},{"union_rowno":3,"row":751,"routeno":"CLO-RPCLO","responsecode":200,"routeparentid":1485},{"union_rowno":3,"row":752,"routeno":"CLO-SKTG","responsecode":200,"routeparentid":4177},{"union_rowno":3,"row":753,"routeno":"CLO-SNB","responsecode":200,"routeparentid":3495},{"union_rowno":3,"row":754,"routeno":"CLO-VNK","responsecode":200,"routeparentid":7735},{"union_rowno":3,"row":755,"routeno":"COAA-ELC","responsecode":200,"routeparentid":7475},{"union_rowno":3,"row":756,"routeno":"CS-KBS-BELF","responsecode":200,"routeparentid":7359},{"union_rowno":3,"row":757,"routeno":"D06G-BEMLF","responsecode":200,"routeparentid":6046},{"union_rowno":3,"row":758,"routeno":"D06G-DSC HAL","responsecode":200,"routeparentid":6361},{"union_rowno":3,"row":759,"routeno":"D06G-HALM","responsecode":200,"routeparentid":6368},{"union_rowno":3,"row":760,"routeno":"D10G-KLN 302","responsecode":200,"routeparentid":6562},{"union_rowno":3,"row":761,"routeno":"D12G-ACP-MNLO","responsecode":200,"routeparentid":6000},{"union_rowno":3,"row":762,"routeno":"D14G-ALP","responsecode":200,"routeparentid":7370},{"union_rowno":3,"row":763,"routeno":"D14G-HBL-CWL","responsecode":200,"routeparentid":7498},{"union_rowno":3,"row":764,"routeno":"D14G-RTNPS-HBLB","responsecode":200,"routeparentid":5658},{"union_rowno":3,"row":765,"routeno":"D14-HBLB","responsecode":200,"routeparentid":2756},{"union_rowno":3,"row":766,"routeno":"D17-CLO","responsecode":200,"routeparentid":1378},{"union_rowno":3,"row":767,"routeno":"D19-ELC","responsecode":200,"routeparentid":1493},{"union_rowno":3,"row":768,"routeno":"D19-ELCT","responsecode":200,"routeparentid":6254},{"union_rowno":3,"row":769,"routeno":"D19G-NLNC","responsecode":200,"routeparentid":6364},{"union_rowno":3,"row":770,"routeno":"D20-KML","responsecode":200,"routeparentid":6952},{"union_rowno":3,"row":771,"routeno":"D21-BEML5","responsecode":200,"routeparentid":1289},{"union_rowno":3,"row":772,"routeno":"D23-KLN","responsecode":200,"routeparentid":1717},{"union_rowno":3,"row":773,"routeno":"D27G-ANKL","responsecode":200,"routeparentid":7564},{"union_rowno":3,"row":774,"routeno":"D28-HBLB","responsecode":200,"routeparentid":5481},{"union_rowno":3,"row":775,"routeno":"D31G-KML","responsecode":200,"routeparentid":4245},{"union_rowno":3,"row":776,"routeno":"D31G-VSDLO","responsecode":200,"routeparentid":4291},{"union_rowno":3,"row":777,"routeno":"D33-PPLO","responsecode":200,"routeparentid":1575},{"union_rowno":3,"row":778,"routeno":"D34G-HLMV","responsecode":200,"routeparentid":4457},{"union_rowno":3,"row":779,"routeno":"D34G-SKL","responsecode":200,"routeparentid":4458},{"union_rowno":3,"row":780,"routeno":"D34G-YLH","responsecode":200,"routeparentid":4460},{"union_rowno":3,"row":781,"routeno":"D35G-KBS-HAL","responsecode":200,"routeparentid":5479},{"union_rowno":3,"row":782,"routeno":"D35G-LDH","responsecode":200,"routeparentid":7710},{"union_rowno":3,"row":783,"routeno":"D38G-ELC-PESK","responsecode":200,"routeparentid":7662},{"union_rowno":3,"row":784,"routeno":"D38G-HLG-ANK","responsecode":200,"routeparentid":6493},{"union_rowno":3,"row":785,"routeno":"D38G-HLG-ATB","responsecode":200,"routeparentid":1496},{"union_rowno":3,"row":786,"routeno":"D38G-HRL","responsecode":200,"routeparentid":5949},{"union_rowno":3,"row":787,"routeno":"D41G-MLR-NTD","responsecode":200,"routeparentid":5226},{"union_rowno":3,"row":788,"routeno":"D44-ANP10BLK","responsecode":200,"routeparentid":6229},{"union_rowno":3,"row":789,"routeno":"D44-TLSP","responsecode":200,"routeparentid":4479},{"union_rowno":3,"row":790,"routeno":"D45G-HBL","responsecode":200,"routeparentid":1561},{"union_rowno":3,"row":791,"routeno":"D45-TDL-HBLB","responsecode":200,"routeparentid":4513},{"union_rowno":3,"row":792,"routeno":"D48G-BLR-MRC","responsecode":200,"routeparentid":6649},{"union_rowno":3,"row":793,"routeno":"D6G-DMLMDA","responsecode":200,"routeparentid":7255},{"union_rowno":3,"row":794,"routeno":"D6G-HAL-JGS","responsecode":200,"routeparentid":7194},{"union_rowno":3,"row":795,"routeno":"DBS-BEML","responsecode":200,"routeparentid":6581},{"union_rowno":3,"row":796,"routeno":"DMLMDA-SBS","responsecode":200,"routeparentid":7256},{"union_rowno":3,"row":797,"routeno":"DPJN-RPCLO","responsecode":200,"routeparentid":1572},{"union_rowno":3,"row":798,"routeno":"DSC HAL-CVR","responsecode":200,"routeparentid":6362},{"union_rowno":3,"row":799,"routeno":"ELC-BHEL-DTR","responsecode":200,"routeparentid":6843},{"union_rowno":3,"row":800,"routeno":"ELC-CNM","responsecode":200,"routeparentid":7137},{"union_rowno":3,"row":801,"routeno":"ELC-KPA-DTR","responsecode":200,"routeparentid":6844},{"union_rowno":3,"row":802,"routeno":"ELC-PAH","responsecode":200,"routeparentid":5458},{"union_rowno":3,"row":803,"routeno":"ELC-PESCE","responsecode":200,"routeparentid":4964},{"union_rowno":3,"row":804,"routeno":"ELC-PESK","responsecode":200,"routeparentid":4967},{"union_rowno":3,"row":805,"routeno":"ELC-SBN","responsecode":200,"routeparentid":5490},{"union_rowno":3,"row":806,"routeno":"G-10 KBS-THS-PTML","responsecode":200,"routeparentid":7214},{"union_rowno":3,"row":807,"routeno":"G-10 KMT-THS-PTML","responsecode":200,"routeparentid":7213},{"union_rowno":3,"row":808,"routeno":"G-11 BGL-PTW","responsecode":200,"routeparentid":4783},{"union_rowno":3,"row":809,"routeno":"G-11 SNBS-BGL","responsecode":200,"routeparentid":1694},{"union_rowno":3,"row":810,"routeno":"G-11 SNBS-BLR","responsecode":200,"routeparentid":4778},{"union_rowno":3,"row":811,"routeno":"G-3 ELCW-CSB","responsecode":200,"routeparentid":6264},{"union_rowno":3,"row":812,"routeno":"G-6 BEML5-SNBS","responsecode":200,"routeparentid":5387},{"union_rowno":3,"row":813,"routeno":"G-6 FLYOVER","responsecode":200,"routeparentid":3984},{"union_rowno":3,"row":814,"routeno":"HAL-D6G","responsecode":200,"routeparentid":5145},{"union_rowno":3,"row":815,"routeno":"HALHSP-1","responsecode":200,"routeparentid":5142},{"union_rowno":3,"row":816,"routeno":"HALNPS-4","responsecode":200,"routeparentid":4950},{"union_rowno":3,"row":817,"routeno":"HAL PV-1","responsecode":200,"routeparentid":5474},{"union_rowno":3,"row":818,"routeno":"HAL PV-10","responsecode":200,"routeparentid":7575},{"union_rowno":3,"row":819,"routeno":"HAL PV-17","responsecode":200,"routeparentid":5751},{"union_rowno":3,"row":820,"routeno":"HAL PV-18","responsecode":200,"routeparentid":6055},{"union_rowno":3,"row":821,"routeno":"HAL PV-2","responsecode":200,"routeparentid":5740},{"union_rowno":3,"row":822,"routeno":"HAL PV-3","responsecode":200,"routeparentid":5517},{"union_rowno":3,"row":823,"routeno":"HALPV-1","responsecode":200,"routeparentid":4234},{"union_rowno":3,"row":824,"routeno":"HALPV-10","responsecode":200,"routeparentid":3938},{"union_rowno":3,"row":825,"routeno":"HALPV-11","responsecode":200,"routeparentid":3263},{"union_rowno":3,"row":826,"routeno":"HALPV-12","responsecode":200,"routeparentid":5345},{"union_rowno":3,"row":827,"routeno":"HALPV-13","responsecode":200,"routeparentid":4643},{"union_rowno":3,"row":828,"routeno":"HALPV-14","responsecode":200,"routeparentid":5468},{"union_rowno":3,"row":829,"routeno":"HALPV-15","responsecode":200,"routeparentid":4025},{"union_rowno":3,"row":830,"routeno":"HALPV-16","responsecode":200,"routeparentid":4237},{"union_rowno":3,"row":831,"routeno":"HALPV-4","responsecode":200,"routeparentid":4622},{"union_rowno":3,"row":832,"routeno":"HALPV-5","responsecode":200,"routeparentid":5439},{"union_rowno":3,"row":833,"routeno":"HALPV-6","responsecode":200,"routeparentid":4761},{"union_rowno":3,"row":834,"routeno":"HALPV-8","responsecode":200,"routeparentid":6260},{"union_rowno":3,"row":835,"routeno":"HALPV-9","responsecode":200,"routeparentid":4014},{"union_rowno":3,"row":836,"routeno":"HBL-D45G","responsecode":200,"routeparentid":7480},{"union_rowno":3,"row":837,"routeno":"HLM-DTR-ELC","responsecode":200,"routeparentid":3461},{"union_rowno":3,"row":838,"routeno":"HPN-CLO","responsecode":200,"routeparentid":3050},{"union_rowno":3,"row":839,"routeno":"IIHS-CLO","responsecode":200,"routeparentid":7678},{"union_rowno":3,"row":840,"routeno":"IIHS-HBL","responsecode":200,"routeparentid":4730},{"union_rowno":3,"row":841,"routeno":"INM-MH HAL-1","responsecode":200,"routeparentid":3832},{"union_rowno":3,"row":842,"routeno":"INM-MH HAL-2","responsecode":200,"routeparentid":3833},{"union_rowno":3,"row":843,"routeno":"ITPL-10A","responsecode":200,"routeparentid":5273},{"union_rowno":3,"row":844,"routeno":"ITPL-10D","responsecode":200,"routeparentid":5275},{"union_rowno":3,"row":845,"routeno":"ITPL-1B","responsecode":200,"routeparentid":4104},{"union_rowno":3,"row":846,"routeno":"ITPL-1G","responsecode":200,"routeparentid":2448},{"union_rowno":3,"row":847,"routeno":"ITPL-1J","responsecode":200,"routeparentid":2862},{"union_rowno":3,"row":848,"routeno":"ITPL-1L","responsecode":200,"routeparentid":3066},{"union_rowno":3,"row":849,"routeno":"ITPL-1P","responsecode":200,"routeparentid":4533},{"union_rowno":3,"row":850,"routeno":"ITPL-2B","responsecode":200,"routeparentid":4687},{"union_rowno":3,"row":851,"routeno":"ITPL-2C","responsecode":200,"routeparentid":4732},{"union_rowno":3,"row":852,"routeno":"ITPL-2D","responsecode":200,"routeparentid":5029},{"union_rowno":3,"row":853,"routeno":"ITPL-2F","responsecode":200,"routeparentid":2912},{"union_rowno":3,"row":854,"routeno":"ITPL-2J","responsecode":200,"routeparentid":4208},{"union_rowno":3,"row":855,"routeno":"ITPL-2L","responsecode":200,"routeparentid":4864},{"union_rowno":3,"row":856,"routeno":"ITPL-3A","responsecode":200,"routeparentid":4936},{"union_rowno":3,"row":857,"routeno":"ITPL-3C","responsecode":200,"routeparentid":4229},{"union_rowno":3,"row":858,"routeno":"ITPL-3E","responsecode":200,"routeparentid":4236},{"union_rowno":3,"row":859,"routeno":"ITPL-3N","responsecode":200,"routeparentid":2296},{"union_rowno":3,"row":860,"routeno":"ITPL-4-1","responsecode":200,"routeparentid":5159},{"union_rowno":3,"row":861,"routeno":"ITPL-4B","responsecode":200,"routeparentid":4406},{"union_rowno":3,"row":862,"routeno":"ITPL-4G","responsecode":200,"routeparentid":4434},{"union_rowno":3,"row":863,"routeno":"ITPL-4J","responsecode":200,"routeparentid":2393},{"union_rowno":3,"row":864,"routeno":"ITPL-4P","responsecode":200,"routeparentid":4398},{"union_rowno":3,"row":865,"routeno":"ITPL-5B","responsecode":200,"routeparentid":4873},{"union_rowno":3,"row":866,"routeno":"ITPL-7B","responsecode":200,"routeparentid":5450},{"union_rowno":3,"row":867,"routeno":"ITPL-7C","responsecode":200,"routeparentid":5381},{"union_rowno":3,"row":868,"routeno":"ITPL-7D","responsecode":200,"routeparentid":4727},{"union_rowno":3,"row":869,"routeno":"ITPL-8","responsecode":200,"routeparentid":3710},{"union_rowno":3,"row":870,"routeno":"ITPL-8B","responsecode":200,"routeparentid":4005},{"union_rowno":3,"row":871,"routeno":"ITPL-8E","responsecode":200,"routeparentid":3690},{"union_rowno":3,"row":872,"routeno":"ITPL-9A","responsecode":200,"routeparentid":4329},{"union_rowno":3,"row":873,"routeno":"ITPLB-3E","responsecode":200,"routeparentid":5741},{"union_rowno":3,"row":874,"routeno":"JINDAL-1","responsecode":200,"routeparentid":5758},{"union_rowno":3,"row":875,"routeno":"JLOT-D34G","responsecode":200,"routeparentid":4455},{"union_rowno":3,"row":876,"routeno":"K-2 HBL-CLO","responsecode":200,"routeparentid":5940},{"union_rowno":3,"row":877,"routeno":"KBS-12HK BEMLF-HSK","responsecode":200,"routeparentid":7221},{"union_rowno":3,"row":878,"routeno":"KBS-1I D06G-LIDO-KDG","responsecode":200,"routeparentid":7660},{"union_rowno":3,"row":879,"routeno":"KBS-1K KBS-HALM","responsecode":200,"routeparentid":6204},{"union_rowno":3,"row":880,"routeno":"KBS-1K KSRG-ITPL","responsecode":200,"routeparentid":2300},{"union_rowno":3,"row":881,"routeno":"KBS-3A ALH-ATB","responsecode":200,"routeparentid":3341},{"union_rowno":3,"row":882,"routeno":"KBS-3A FLY","responsecode":200,"routeparentid":1095},{"union_rowno":3,"row":883,"routeno":"KBS-3C FLYOVER","responsecode":200,"routeparentid":1501},{"union_rowno":3,"row":884,"routeno":"KBS-3E FLY","responsecode":200,"routeparentid":6972},{"union_rowno":3,"row":885,"routeno":"KBS-3F FLY VSD-ELC-ATB","responsecode":200,"routeparentid":6494},{"union_rowno":3,"row":886,"routeno":"KBS-BSK-PPLO","responsecode":200,"routeparentid":2407},{"union_rowno":3,"row":887,"routeno":"KBS-ELC-JAPC","responsecode":200,"routeparentid":5100},{"union_rowno":3,"row":888,"routeno":"KBS-HBL-D10G","responsecode":200,"routeparentid":2837},{"union_rowno":3,"row":889,"routeno":"KBS-LMG-CPR-RMH","responsecode":200,"routeparentid":5347},{"union_rowno":3,"row":890,"routeno":"KDGC-PTML","responsecode":200,"routeparentid":6734},{"union_rowno":3,"row":891,"routeno":"KDG-HBL-YBS","responsecode":200,"routeparentid":7654},{"union_rowno":3,"row":892,"routeno":"KGR-NBC-CLO","responsecode":200,"routeparentid":3056},{"union_rowno":3,"row":893,"routeno":"KGRTTMC-BEML5","responsecode":200,"routeparentid":5810},{"union_rowno":3,"row":894,"routeno":"KLE LAW-1","responsecode":200,"routeparentid":5728},{"union_rowno":3,"row":895,"routeno":"KLK-NGWJN","responsecode":200,"routeparentid":7631},{"union_rowno":3,"row":896,"routeno":"KLN-AJB","responsecode":200,"routeparentid":7040},{"union_rowno":3,"row":897,"routeno":"KLNB-BNWD-SMVT-BEML","responsecode":200,"routeparentid":6507},{"union_rowno":3,"row":898,"routeno":"KLN-BCC","responsecode":200,"routeparentid":7495},{"union_rowno":3,"row":899,"routeno":"KLNB-HBRL","responsecode":200,"routeparentid":3980},{"union_rowno":3,"row":900,"routeno":"KLN-D10G","responsecode":200,"routeparentid":7099},{"union_rowno":3,"row":901,"routeno":"KLN-DAMC","responsecode":200,"routeparentid":7097},{"union_rowno":3,"row":902,"routeno":"KLN-GNP","responsecode":200,"routeparentid":7043},{"union_rowno":3,"row":903,"routeno":"KLN-HBR","responsecode":200,"routeparentid":7041},{"union_rowno":3,"row":904,"routeno":"KLN-HBR1","responsecode":200,"routeparentid":7088},{"union_rowno":3,"row":905,"routeno":"KLN-HRBR1","responsecode":200,"routeparentid":6871},{"union_rowno":3,"row":906,"routeno":"KLN-KLKRC","responsecode":200,"routeparentid":3954},{"union_rowno":3,"row":907,"routeno":"KLN-NGVR","responsecode":200,"routeparentid":7049},{"union_rowno":3,"row":908,"routeno":"KLN-NTKH","responsecode":200,"routeparentid":7080},{"union_rowno":3,"row":909,"routeno":"KLN-SBH","responsecode":200,"routeparentid":7055},{"union_rowno":3,"row":910,"routeno":"KLN-SMVT-D06G","responsecode":200,"routeparentid":7560},{"union_rowno":3,"row":911,"routeno":"KLN-TCL","responsecode":200,"routeparentid":7052},{"union_rowno":3,"row":912,"routeno":"KLN-UTM","responsecode":200,"routeparentid":4343},{"union_rowno":3,"row":913,"routeno":"KLN-VDP","responsecode":200,"routeparentid":7053},{"union_rowno":3,"row":914,"routeno":"KLRH-PTML","responsecode":200,"routeparentid":5592},{"union_rowno":3,"row":915,"routeno":"KMT-BLS-YPB","responsecode":200,"routeparentid":4842},{"union_rowno":3,"row":916,"routeno":"KMT-LMG-KRMTTMC","responsecode":200,"routeparentid":3151},{"union_rowno":3,"row":917,"routeno":"KMT-MMI-BSK-KSLO","responsecode":200,"routeparentid":1128},{"union_rowno":3,"row":918,"routeno":"KNP-KLN","responsecode":200,"routeparentid":6441},{"union_rowno":3,"row":919,"routeno":"KRM-BEMLG","responsecode":200,"routeparentid":5138},{"union_rowno":3,"row":920,"routeno":"KRMD15-DMLA","responsecode":200,"routeparentid":7523},{"union_rowno":3,"row":921,"routeno":"KRM-HRLR","responsecode":200,"routeparentid":6668},{"union_rowno":3,"row":922,"routeno":"KRMTTMC-GDML","responsecode":200,"routeparentid":3387},{"union_rowno":3,"row":923,"routeno":"KRMTTMC-MRHB-BEMLF","responsecode":200,"routeparentid":5554},{"union_rowno":3,"row":924,"routeno":"KRMTTMC-SNVL","responsecode":200,"routeparentid":1745},{"union_rowno":3,"row":925,"routeno":"KVUL-01","responsecode":200,"routeparentid":7412},{"union_rowno":3,"row":926,"routeno":"KVUL-02","responsecode":200,"routeparentid":7413},{"union_rowno":3,"row":927,"routeno":"KVUL-03","responsecode":200,"routeparentid":7379},{"union_rowno":3,"row":928,"routeno":"KVUL-1","responsecode":200,"routeparentid":7539},{"union_rowno":3,"row":929,"routeno":"KWS CALLBUS-2","responsecode":200,"routeparentid":1091},{"union_rowno":3,"row":930,"routeno":"KWS CALLBUS-8","responsecode":200,"routeparentid":4909},{"union_rowno":3,"row":951,"routeno":"MADT-ALS","responsecode":200,"routeparentid":3705},{"union_rowno":3,"row":952,"routeno":"MADT-HBLB-GGP","responsecode":200,"routeparentid":7341},{"union_rowno":3,"row":953,"routeno":"MBS-17 MRHB-HBL-PSS","responsecode":200,"routeparentid":7632},{"union_rowno":3,"row":954,"routeno":"MBS-2 MKLC-YHKOT","responsecode":200,"routeparentid":5853},{"union_rowno":3,"row":955,"routeno":"MBS-2 YHKOT-MKL","responsecode":200,"routeparentid":6233},{"union_rowno":3,"row":956,"routeno":"MDR-AVLH-RMP","responsecode":200,"routeparentid":7110},{"union_rowno":3,"row":957,"routeno":"MF-12 BSK-CLO","responsecode":200,"routeparentid":5301},{"union_rowno":3,"row":958,"routeno":"MF-14 BEML5-RRMS","responsecode":200,"routeparentid":7140},{"union_rowno":3,"row":959,"routeno":"MF-16 CLO-SNBS","responsecode":200,"routeparentid":7115},{"union_rowno":3,"row":960,"routeno":"MF-1G ITPLMS-WTTMC","responsecode":200,"routeparentid":6396},{"union_rowno":3,"row":961,"routeno":"MF-1GA ITPLMS-WTTMC","responsecode":200,"routeparentid":6397},{"union_rowno":3,"row":962,"routeno":"MF-23E MSP-LGR","responsecode":200,"routeparentid":6674},{"union_rowno":3,"row":963,"routeno":"MF-24 LGR-NGMS","responsecode":200,"routeparentid":5406},{"union_rowno":3,"row":964,"routeno":"MF-250AC YPROLD-CKB","responsecode":200,"routeparentid":3873},{"union_rowno":3,"row":965,"routeno":"MF-27 PSS-MKL","responsecode":200,"routeparentid":6673},{"union_rowno":3,"row":966,"routeno":"MF-29 MNH-LGR","responsecode":200,"routeparentid":6875},{"union_rowno":3,"row":967,"routeno":"MF-378 ELC-NDG-KGR","responsecode":200,"routeparentid":6624},{"union_rowno":3,"row":968,"routeno":"MF-39 CLO-RMS","responsecode":200,"routeparentid":5364},{"union_rowno":3,"row":969,"routeno":"MF-401KM MLO-AIT","responsecode":200,"routeparentid":7033},{"union_rowno":3,"row":970,"routeno":"MF-500EB BYPMS-ELC","responsecode":200,"routeparentid":3072},{"union_rowno":3,"row":971,"routeno":"MF-500EB D6G-ELCW","responsecode":200,"routeparentid":3042},{"union_rowno":3,"row":972,"routeno":"MF-500EB DBS-ELCW","responsecode":200,"routeparentid":3062},{"union_rowno":3,"row":973,"routeno":"MF-500EB SMVR-ELCW","responsecode":200,"routeparentid":3046},{"union_rowno":3,"row":974,"routeno":"MF-500L","responsecode":200,"routeparentid":1774},{"union_rowno":3,"row":975,"routeno":"MF-500L BSK-KRPGH","responsecode":200,"routeparentid":2482},{"union_rowno":3,"row":976,"routeno":"MF-502H D31G-RGLH","responsecode":200,"routeparentid":1679},{"union_rowno":3,"row":977,"routeno":"MF-7 KLN-KNG","responsecode":200,"routeparentid":5851},{"union_rowno":3,"row":978,"routeno":"MKL-D6G","responsecode":200,"routeparentid":2585},{"union_rowno":3,"row":979,"routeno":"MLO-VSD-KKS","responsecode":200,"routeparentid":1691},{"union_rowno":3,"row":980,"routeno":"NICE-7A ELCW-YBS","responsecode":200,"routeparentid":6677},{"union_rowno":3,"row":981,"routeno":"NICE-8C NMG-ELC","responsecode":200,"routeparentid":6726},{"union_rowno":3,"row":982,"routeno":"NNH-BLR","responsecode":200,"routeparentid":7011},{"union_rowno":3,"row":983,"routeno":"OASIS-BEL","responsecode":200,"routeparentid":7562},{"union_rowno":3,"row":984,"routeno":"PESCE-1L","responsecode":200,"routeparentid":6533},{"union_rowno":3,"row":985,"routeno":"PPLO-HKH","responsecode":200,"routeparentid":3136},{"union_rowno":3,"row":986,"routeno":"PPLO-KINHT","responsecode":200,"routeparentid":5738},{"union_rowno":3,"row":987,"routeno":"PPLO-VSP-KSLO","responsecode":200,"routeparentid":1623},{"union_rowno":3,"row":988,"routeno":"PSS-BEMLK","responsecode":200,"routeparentid":3958},{"union_rowno":3,"row":989,"routeno":"PSS-LGR","responsecode":200,"routeparentid":3916},{"union_rowno":3,"row":990,"routeno":"PSS-SYBL","responsecode":200,"routeparentid":4186},{"union_rowno":3,"row":991,"routeno":"PSS-TGPL-GGH","responsecode":200,"routeparentid":7403},{"union_rowno":3,"row":992,"routeno":"PTH-JLOW","responsecode":200,"routeparentid":1328},{"union_rowno":3,"row":993,"routeno":"PTH-JSNL","responsecode":200,"routeparentid":1308},{"union_rowno":3,"row":994,"routeno":"PTH-TDL","responsecode":200,"routeparentid":7468},{"union_rowno":3,"row":995,"routeno":"PTH-VRP-TDL","responsecode":200,"routeparentid":1526},{"union_rowno":3,"row":996,"routeno":"PTML-SNH","responsecode":200,"routeparentid":7209},{"union_rowno":3,"row":997,"routeno":"PTPL-1R","responsecode":200,"routeparentid":4442},{"union_rowno":3,"row":998,"routeno":"PTPL-2R","responsecode":200,"routeparentid":4449},{"union_rowno":3,"row":999,"routeno":"PTPL-3R","responsecode":200,"routeparentid":4467},{"union_rowno":3,"row":1000,"routeno":"RJK-BLR","responsecode":200,"routeparentid":7207},{"union_rowno":3,"row":1001,"routeno":"RPCLO-MRBS","responsecode":200,"routeparentid":4649},{"union_rowno":3,"row":1002,"routeno":"RTNPS-HBL-CJP","responsecode":200,"routeparentid":2902},{"union_rowno":3,"row":1003,"routeno":"SBS-13K DML-KDG","responsecode":200,"routeparentid":5734},{"union_rowno":3,"row":1004,"routeno":"SBS-HAL-BEMLG","responsecode":200,"routeparentid":7441},{"union_rowno":3,"row":1005,"routeno":"SBS-SPHSL","responsecode":200,"routeparentid":3715},{"union_rowno":3,"row":1006,"routeno":"SCS-VSRL","responsecode":200,"routeparentid":7537},{"union_rowno":3,"row":1007,"routeno":"SHUTTLE-01","responsecode":200,"routeparentid":6172},{"union_rowno":3,"row":1008,"routeno":"SNBS-LBGM-KMT","responsecode":200,"routeparentid":1064},{"union_rowno":3,"row":1009,"routeno":"SNR-RKL-JAPC","responsecode":200,"routeparentid":5363},{"union_rowno":3,"row":1010,"routeno":"STJHS-HBLB","responsecode":200,"routeparentid":2954},{"union_rowno":3,"row":1011,"routeno":"STP-HBL","responsecode":200,"routeparentid":4693},{"union_rowno":3,"row":1012,"routeno":"SVH4M-BEMLKML","responsecode":200,"routeparentid":7444},{"union_rowno":3,"row":1013,"routeno":"TATA ELEXI-06","responsecode":200,"routeparentid":2235},{"union_rowno":3,"row":1014,"routeno":"TATA ELEXI-07","responsecode":200,"routeparentid":2236},{"union_rowno":3,"row":1015,"routeno":"TATA ELEXI-08","responsecode":200,"routeparentid":2237},{"union_rowno":3,"row":1016,"routeno":"TEPL-1","responsecode":200,"routeparentid":3952},{"union_rowno":3,"row":1017,"routeno":"TEPL-2","responsecode":200,"routeparentid":5711},{"union_rowno":3,"row":1018,"routeno":"THC-BLR","responsecode":200,"routeparentid":7007},{"union_rowno":3,"row":1019,"routeno":"TPL-6H","responsecode":200,"routeparentid":5462},{"union_rowno":3,"row":1020,"routeno":"TR-4 KLN-JJN","responsecode":200,"routeparentid":7050},{"union_rowno":3,"row":1021,"routeno":"TR-4A CLO-RKHN","responsecode":200,"routeparentid":2846},{"union_rowno":3,"row":1022,"routeno":"V-226ELC","responsecode":200,"routeparentid":2222},{"union_rowno":3,"row":1023,"routeno":"V-226HBL","responsecode":200,"routeparentid":2244},{"union_rowno":3,"row":1024,"routeno":"V-356C KBS-ELCWG","responsecode":200,"routeparentid":6492},{"union_rowno":3,"row":1025,"routeno":"V-356M FLY","responsecode":200,"routeparentid":2155},{"union_rowno":3,"row":1026,"routeno":"V-360B Flyover","responsecode":200,"routeparentid":6552},{"union_rowno":3,"row":1027,"routeno":"V-500A D13G-BSK-HBL","responsecode":200,"routeparentid":2199},{"union_rowno":3,"row":1028,"routeno":"V-500DF KDG-HBLB","responsecode":200,"routeparentid":6889},{"union_rowno":3,"row":1029,"routeno":"V-500DH ELCKIA-HBLB","responsecode":200,"routeparentid":6887},{"union_rowno":3,"row":1030,"routeno":"V-500L BYP-BSK","responsecode":200,"routeparentid":6045},{"union_rowno":3,"row":1031,"routeno":"V-505 ELCW-KDG","responsecode":200,"routeparentid":7333},{"union_rowno":3,"row":1032,"routeno":"V-600NL","responsecode":200,"routeparentid":7325},{"union_rowno":3,"row":1033,"routeno":"V-BENGALURU DARSHINI","responsecode":200,"routeparentid":3957},{"union_rowno":3,"row":1034,"routeno":"VCH-HBLB","responsecode":200,"routeparentid":7586},{"union_rowno":3,"row":1035,"routeno":"V-CRS-HBLG","responsecode":200,"routeparentid":5583},{"union_rowno":3,"row":1036,"routeno":"V-HBL-MKC-SBS","responsecode":200,"routeparentid":5582},{"union_rowno":3,"row":1037,"routeno":"V-HBLB-KBS","responsecode":200,"routeparentid":7337},{"union_rowno":3,"row":1038,"routeno":"V-HBLB-VPR","responsecode":200,"routeparentid":7339},{"union_rowno":3,"row":1039,"routeno":"VLO1-KGR","responsecode":200,"routeparentid":1345},{"union_rowno":3,"row":1040,"routeno":"VLS-003","responsecode":200,"routeparentid":7644},{"union_rowno":3,"row":1041,"routeno":"VLS-02","responsecode":200,"routeparentid":5505},{"union_rowno":3,"row":1042,"routeno":"VLS-03","responsecode":200,"routeparentid":4129},{"union_rowno":3,"row":1043,"routeno":"VLS-05","responsecode":200,"routeparentid":5667},{"union_rowno":3,"row":1044,"routeno":"VLS-1","responsecode":200,"routeparentid":3875},{"union_rowno":3,"row":1045,"routeno":"VLS-2","responsecode":200,"routeparentid":4789},{"union_rowno":3,"row":1046,"routeno":"VLS-2.","responsecode":200,"routeparentid":7351},{"union_rowno":3,"row":1047,"routeno":"VLS--3","responsecode":200,"routeparentid":7645},{"union_rowno":3,"row":1049,"routeno":"VLS-4","responsecode":200,"routeparentid":4529},{"union_rowno":3,"row":1050,"routeno":"VLS-6","responsecode":200,"routeparentid":4432},{"union_rowno":3,"row":1051,"routeno":"VLS-8","responsecode":200,"routeparentid":3044},{"union_rowno":3,"row":1052,"routeno":"VLS-9","responsecode":200,"routeparentid":6263},{"union_rowno":3,"row":1053,"routeno":"V-NICE-4 BSN-ELCW","responsecode":200,"routeparentid":7327},{"union_rowno":3,"row":1054,"routeno":"V-TATA ELEXI-001","responsecode":200,"routeparentid":3771},{"union_rowno":3,"row":1055,"routeno":"V-TATA ELEXI-002","responsecode":200,"routeparentid":3777},{"union_rowno":3,"row":1056,"routeno":"V-TATA ELEXI-003","responsecode":200,"routeparentid":3784},{"union_rowno":3,"row":1057,"routeno":"V-TATA ELEXI-005","responsecode":200,"routeparentid":3787},{"union_rowno":3,"row":1058,"routeno":"V-TATA ELEXI-006","responsecode":200,"routeparentid":6015},{"union_rowno":3,"row":1059,"routeno":"V-TATA ELEXI-007","responsecode":200,"routeparentid":3807},{"union_rowno":3,"row":1060,"routeno":"V-TATA ELEXI-02","responsecode":200,"routeparentid":3806},{"union_rowno":3,"row":1061,"routeno":"V-TATA ELEXI-03","responsecode":200,"routeparentid":5911},{"union_rowno":3,"row":1062,"routeno":"V-TATA ELEXI-08","responsecode":200,"routeparentid":6014},{"union_rowno":3,"row":1063,"routeno":"V-TATA ELEXI-09","responsecode":200,"routeparentid":3803},{"union_rowno":3,"row":1064,"routeno":"V-TATA ELEXI-10","responsecode":200,"routeparentid":3801},{"union_rowno":3,"row":1065,"routeno":"V-TATA ELEXI-5","responsecode":200,"routeparentid":6018},{"union_rowno":3,"row":1066,"routeno":"V-TATA ELEXI-BSK","responsecode":200,"routeparentid":2233},{"union_rowno":3,"row":1067,"routeno":"WTTMC-KDLG-VRTKD","responsecode":200,"routeparentid":6856},{"union_rowno":3,"row":1068,"routeno":"YHKOT-LHAI","responsecode":200,"routeparentid":7397},{"union_rowno":3,"row":1069,"routeno":"YTTMC-VYKVLP","responsecode":200,"routeparentid":4806}],"Message":"Success","Issuccess":true,"exception":null,"RowCount":1057,"responsecode":200}