{"data":[{"union_rowno":2,"row":1,"routeno":"NBVB-DPJN","responsecode":200,"routeparentid":5449},{"union_rowno":2,"row":3,"routeno":"NDC-SNBS-KBS","responsecode":200,"routeparentid":4417},{"union_rowno":2,"row":5,"routeno":"NICE-10","responsecode":200,"routeparentid":6725},{"union_rowno":2,"row":8,"routeno":"NICE-10 ELC-D43G","responsecode":200,"routeparentid":7917},{"union_rowno":2,"row":10,"routeno":"NICE-4","responsecode":200,"routeparentid":3657},{"union_rowno":2,"row":11,"routeno":"NICE-5","responsecode":200,"routeparentid":2699},{"union_rowno":2,"row":14,"routeno":"NICE-5A","responsecode":200,"routeparentid":3661},{"union_rowno":2,"row":15,"routeno":"NICE-6","responsecode":200,"routeparentid":1593},{"union_rowno":2,"row":17,"routeno":"NICE-7","responsecode":200,"routeparentid":4860},{"union_rowno":2,"row":20,"routeno":"NICE-7A","responsecode":200,"routeparentid":1648},{"union_rowno":2,"row":21,"routeno":"NICE-7A ELCW-YBS","responsecode":200,"routeparentid":6677},{"union_rowno":2,"row":24,"routeno":"NICE-8","responsecode":200,"routeparentid":1649},{"union_rowno":2,"row":26,"routeno":"NICE-8C D38G-MDV","responsecode":200,"routeparentid":6682},{"union_rowno":2,"row":27,"routeno":"NICE-8C NMG-ELC","responsecode":200,"routeparentid":6726},{"union_rowno":2,"row":30,"routeno":"NMIT-12","responsecode":200,"routeparentid":4509},{"union_rowno":2,"row":31,"routeno":"NMIT-14","responsecode":200,"routeparentid":4734},{"union_rowno":2,"row":33,"routeno":"NMIT-15","responsecode":200,"routeparentid":5030},{"union_rowno":2,"row":36,"routeno":"NMIT-19","responsecode":200,"routeparentid":4228},{"union_rowno":2,"row":37,"routeno":"NNH-BLR","responsecode":200,"routeparentid":7011},{"union_rowno":2,"row":39,"routeno":"NP-03A","responsecode":200,"routeparentid":6496},{"union_rowno":3,"row":1,"routeno":"104 SDNIBK-KBS","responsecode":200,"routeparentid":4555},{"union_rowno":3,"row":2,"routeno":"10-J CLO-NDH-KBS","responsecode":200,"routeparentid":7773},{"union_rowno":3,"row":3,"routeno":"10-J DPJN-NDH-KBS","responsecode":200,"routeparentid":3331},{"union_rowno":3,"row":4,"routeno":"114 BHN-KMT","responsecode":200,"routeparentid":4680},{"union_rowno":3,"row":5,"routeno":"114-C CBI-RTNPS-KBS","responsecode":200,"routeparentid":6452},{"union_rowno":3,"row":6,"routeno":"121-BA SBS-KMT-DPJN","responsecode":200,"routeparentid":3824},{"union_rowno":3,"row":7,"routeno":"138 D6G-JBN","responsecode":200,"routeparentid":1742},{"union_rowno":3,"row":8,"routeno":"138 KBS-VSD-JBN","responsecode":200,"routeparentid":1740},{"union_rowno":3,"row":9,"routeno":"138 VTTMC-KBS-JBN","responsecode":200,"routeparentid":3672},{"union_rowno":3,"row":10,"routeno":"139 D6G-HLS-JBN","responsecode":200,"routeparentid":6759},{"union_rowno":3,"row":11,"routeno":"139-JBN-SBS-VSD","responsecode":200,"routeparentid":5872},{"union_rowno":3,"row":12,"routeno":"13-B JEC-JBS-PNN","responsecode":200,"routeparentid":2152},{"union_rowno":3,"row":13,"routeno":"13-B SGH-PNNR","responsecode":200,"routeparentid":1682},{"union_rowno":3,"row":14,"routeno":"13 SNBS-BGRD","responsecode":200,"routeparentid":1042},{"union_rowno":3,"row":15,"routeno":"140 KMT-SNBS-KRM","responsecode":200,"routeparentid":7682},{"union_rowno":3,"row":16,"routeno":"141-K SBS-NGV","responsecode":200,"routeparentid":7515},{"union_rowno":3,"row":17,"routeno":"143-A MRBS-NSR","responsecode":200,"routeparentid":7729},{"union_rowno":3,"row":18,"routeno":"143 D6G-NSR","responsecode":200,"routeparentid":5396},{"union_rowno":3,"row":19,"routeno":"143-E NTVB5-KMT","responsecode":200,"routeparentid":7273},{"union_rowno":3,"row":20,"routeno":"143 KMT-NSR-KRM","responsecode":200,"routeparentid":1663},{"union_rowno":3,"row":21,"routeno":"143 KRM-NRG-CMP","responsecode":200,"routeparentid":7274},{"union_rowno":3,"row":22,"routeno":"143 NRG-SNBS","responsecode":200,"routeparentid":1267},{"union_rowno":3,"row":23,"routeno":"144-E D6G-KFC-NRG","responsecode":200,"routeparentid":6124},{"union_rowno":3,"row":24,"routeno":"144-E SBS-NRG-D15","responsecode":200,"routeparentid":1665},{"union_rowno":3,"row":25,"routeno":"144-E SNBS-SPHS","responsecode":200,"routeparentid":5777},{"union_rowno":3,"row":26,"routeno":"144-E STJN-SNBS-SBS","responsecode":200,"routeparentid":5781},{"union_rowno":3,"row":27,"routeno":"144-G ARMPS-NRG","responsecode":200,"routeparentid":7298},{"union_rowno":3,"row":28,"routeno":"144-G GPTE-NRG","responsecode":200,"routeparentid":7299},{"union_rowno":3,"row":29,"routeno":"144 KRMTTMC-KPWD-VNR-VSD-KBS","responsecode":200,"routeparentid":6823},{"union_rowno":3,"row":30,"routeno":"146-B KBS-SNL-KRM","responsecode":200,"routeparentid":6757},{"union_rowno":3,"row":31,"routeno":"168-E KBS-VSD-JBN","responsecode":200,"routeparentid":1763},{"union_rowno":3,"row":32,"routeno":"171 KBS-SNBS TEST","responsecode":200,"routeparentid":7321},{"union_rowno":3,"row":33,"routeno":"171 KBS-SNCA","responsecode":200,"routeparentid":5523},{"union_rowno":3,"row":34,"routeno":"176-E KBR-DPN","responsecode":200,"routeparentid":5768},{"union_rowno":3,"row":35,"routeno":"176 HPN-RGH","responsecode":200,"routeparentid":6932},{"union_rowno":3,"row":36,"routeno":"18 VSD-JNN","responsecode":200,"routeparentid":4537},{"union_rowno":3,"row":37,"routeno":"201-G BSK-BNM","responsecode":200,"routeparentid":4495},{"union_rowno":3,"row":38,"routeno":"201-G BSK-SNW-BEMLG","responsecode":200,"routeparentid":5392},{"union_rowno":3,"row":39,"routeno":"201-G KNG-BEMLG","responsecode":200,"routeparentid":5391},{"union_rowno":3,"row":40,"routeno":"201-G SGH-JBN","responsecode":200,"routeparentid":7302},{"union_rowno":3,"row":41,"routeno":"201-N","responsecode":200,"routeparentid":1801},{"union_rowno":3,"row":42,"routeno":"201 SGH-BSK-SNR","responsecode":200,"routeparentid":7512},{"union_rowno":3,"row":43,"routeno":"201 SGH-SRN","responsecode":200,"routeparentid":1779},{"union_rowno":3,"row":44,"routeno":"201 SRN-VVKN","responsecode":200,"routeparentid":1778},{"union_rowno":3,"row":45,"routeno":"201 VVK-SNR","responsecode":200,"routeparentid":2863},{"union_rowno":3,"row":46,"routeno":"210-B KBS-KMT-KTNR","responsecode":200,"routeparentid":6974},{"union_rowno":3,"row":47,"routeno":"210-B KTNR-KMT-VSD","responsecode":200,"routeparentid":1817},{"union_rowno":3,"row":48,"routeno":"210-KN","responsecode":200,"routeparentid":1074},{"union_rowno":3,"row":49,"routeno":"210-N","responsecode":200,"routeparentid":2116},{"union_rowno":3,"row":50,"routeno":"210-N BEML5TS-KBS","responsecode":200,"routeparentid":6541},{"union_rowno":3,"row":51,"routeno":"210-NA","responsecode":200,"routeparentid":2504},{"union_rowno":3,"row":52,"routeno":"210-NA PPLO-KMK","responsecode":200,"routeparentid":3896},{"union_rowno":3,"row":53,"routeno":"210-NB","responsecode":200,"routeparentid":2506},{"union_rowno":3,"row":54,"routeno":"210-ND","responsecode":200,"routeparentid":2678},{"union_rowno":3,"row":55,"routeno":"210-ND KBS-PPLO","responsecode":200,"routeparentid":3381},{"union_rowno":3,"row":56,"routeno":"210-NG","responsecode":200,"routeparentid":2679},{"union_rowno":3,"row":57,"routeno":"210-NH","responsecode":200,"routeparentid":2680},{"union_rowno":3,"row":58,"routeno":"210-NP","responsecode":200,"routeparentid":2401},{"union_rowno":3,"row":59,"routeno":"210-NP KBS-VSD-PPLO","responsecode":200,"routeparentid":2490},{"union_rowno":3,"row":60,"routeno":"210-NP PPLO-KML-KBS","responsecode":200,"routeparentid":3412},{"union_rowno":3,"row":61,"routeno":"210-NP PPLO-KMT","responsecode":200,"routeparentid":3401},{"union_rowno":3,"row":62,"routeno":"210-X BSK-CNDRN","responsecode":200,"routeparentid":2507},{"union_rowno":3,"row":63,"routeno":"211-N","responsecode":200,"routeparentid":1879},{"union_rowno":3,"row":64,"routeno":"211-NA","responsecode":200,"routeparentid":1880},{"union_rowno":3,"row":65,"routeno":"211-NA KMT-BDD","responsecode":200,"routeparentid":7756},{"union_rowno":3,"row":66,"routeno":"211-NB","responsecode":200,"routeparentid":7156},{"union_rowno":3,"row":67,"routeno":"211-NB BDD-BNP","responsecode":200,"routeparentid":7886},{"union_rowno":3,"row":68,"routeno":"212-C D44-NGP","responsecode":200,"routeparentid":7598},{"union_rowno":3,"row":69,"routeno":"213-A KMT-NTG-GAT","responsecode":200,"routeparentid":7787},{"union_rowno":3,"row":70,"routeno":"213-N","responsecode":200,"routeparentid":1928},{"union_rowno":3,"row":71,"routeno":"214 SNBS-JBS-MKD","responsecode":200,"routeparentid":1949},{"union_rowno":3,"row":72,"routeno":"215-C D34G-JNMS","responsecode":200,"routeparentid":4473},{"union_rowno":3,"row":73,"routeno":"215-CA D44-JNMS","responsecode":200,"routeparentid":4381},{"union_rowno":3,"row":74,"routeno":"215-H D-34-JPN6","responsecode":200,"routeparentid":2868},{"union_rowno":3,"row":75,"routeno":"215-H KBS-ANJ10","responsecode":200,"routeparentid":7659},{"union_rowno":3,"row":76,"routeno":"215-H KBS-JSD-BNP","responsecode":200,"routeparentid":4403},{"union_rowno":3,"row":77,"routeno":"215-N","responsecode":200,"routeparentid":2392},{"union_rowno":3,"row":78,"routeno":"215-NC","responsecode":200,"routeparentid":1819},{"union_rowno":3,"row":79,"routeno":"215-ND","responsecode":200,"routeparentid":2330},{"union_rowno":3,"row":80,"routeno":"215-NE","responsecode":200,"routeparentid":2328},{"union_rowno":3,"row":81,"routeno":"215-NE ANP11-KMT-VSD","responsecode":200,"routeparentid":6094},{"union_rowno":3,"row":82,"routeno":"215-NE ANP11-MNRV-VSD","responsecode":200,"routeparentid":5721},{"union_rowno":3,"row":83,"routeno":"215-NE VSD-AJP11B","responsecode":200,"routeparentid":4392},{"union_rowno":3,"row":84,"routeno":"215-NG","responsecode":200,"routeparentid":2325},{"union_rowno":3,"row":85,"routeno":"215 SGH-ANJ10","responsecode":200,"routeparentid":1888},{"union_rowno":3,"row":86,"routeno":"215-U SBS-ANP","responsecode":200,"routeparentid":4397},{"union_rowno":3,"row":87,"routeno":"218 KMT-STBEN","responsecode":200,"routeparentid":7861},{"union_rowno":3,"row":88,"routeno":"222-A KBS-DPJN","responsecode":200,"routeparentid":5993},{"union_rowno":3,"row":89,"routeno":"222A-KBS-NDH-CLO","responsecode":200,"routeparentid":7774},{"union_rowno":3,"row":90,"routeno":"222-N","responsecode":200,"routeparentid":1145},{"union_rowno":3,"row":91,"routeno":"222-N JBWH-D12G","responsecode":200,"routeparentid":1279},{"union_rowno":3,"row":92,"routeno":"223-D DPJN-DBT","responsecode":200,"routeparentid":7768},{"union_rowno":3,"row":93,"routeno":"223-H KGR-DNH","responsecode":200,"routeparentid":1282},{"union_rowno":3,"row":94,"routeno":"223-L KTTMC-MRN","responsecode":200,"routeparentid":3695},{"union_rowno":3,"row":95,"routeno":"224-C BSN-KRB","responsecode":200,"routeparentid":5677},{"union_rowno":3,"row":96,"routeno":"225-C BEML5-JNKLO","responsecode":200,"routeparentid":5399},{"union_rowno":3,"row":97,"routeno":"225-C BEML5-JNSVS","responsecode":200,"routeparentid":6429},{"union_rowno":3,"row":98,"routeno":"225-C KBS-JNSVS","responsecode":200,"routeparentid":6432},{"union_rowno":3,"row":99,"routeno":"225-G BGPN-BEML5","responsecode":200,"routeparentid":1292},{"union_rowno":3,"row":100,"routeno":"225-K JNKLO-BHELMT","responsecode":200,"routeparentid":5839},{"union_rowno":3,"row":101,"routeno":"225-P BRN-JNK-KMT","responsecode":200,"routeparentid":7543},{"union_rowno":3,"row":102,"routeno":"226-C BNKP-KMT","responsecode":200,"routeparentid":1471},{"union_rowno":3,"row":103,"routeno":"226-K KMT-KRNHL","responsecode":200,"routeparentid":1832},{"union_rowno":3,"row":104,"routeno":"226-M BDD-SNBS","responsecode":200,"routeparentid":1301},{"union_rowno":3,"row":105,"routeno":"226-N","responsecode":200,"routeparentid":1133},{"union_rowno":3,"row":106,"routeno":"226-N KBS-AVG","responsecode":200,"routeparentid":1314},{"union_rowno":3,"row":107,"routeno":"226-N KRBL-BDD","responsecode":200,"routeparentid":1284},{"union_rowno":3,"row":108,"routeno":"226-N VSD","responsecode":200,"routeparentid":1311},{"union_rowno":3,"row":109,"routeno":"226-NA","responsecode":200,"routeparentid":1246},{"union_rowno":3,"row":110,"routeno":"226-S BDD-ANCP","responsecode":200,"routeparentid":6868},{"union_rowno":3,"row":111,"routeno":"227-GA STBEN-KMT-KBS","responsecode":200,"routeparentid":5218},{"union_rowno":3,"row":112,"routeno":"227-N","responsecode":200,"routeparentid":1366},{"union_rowno":3,"row":113,"routeno":"227-NA","responsecode":200,"routeparentid":1368},{"union_rowno":3,"row":114,"routeno":"227-P KBS-HNG","responsecode":200,"routeparentid":1388},{"union_rowno":3,"row":115,"routeno":"228-A GNP-SCS","responsecode":200,"routeparentid":4110},{"union_rowno":3,"row":116,"routeno":"228-J KBS-KMTFLY-ST BEN","responsecode":200,"routeparentid":6408},{"union_rowno":3,"row":117,"routeno":"231-B BNKP-KBS","responsecode":200,"routeparentid":1439},{"union_rowno":3,"row":118,"routeno":"234-A  KMT-VJN-CLO","responsecode":200,"routeparentid":5374},{"union_rowno":3,"row":119,"routeno":"234-E UST-JNSVS","responsecode":200,"routeparentid":6431},{"union_rowno":3,"row":120,"routeno":"235-A DJPN-NBDA","responsecode":200,"routeparentid":3985},{"union_rowno":3,"row":121,"routeno":"235-A SNBS-NBDA","responsecode":200,"routeparentid":3991},{"union_rowno":3,"row":122,"routeno":"235-K BSN-DBT","responsecode":200,"routeparentid":1280},{"union_rowno":3,"row":123,"routeno":"237-C DPJN-BMBS","responsecode":200,"routeparentid":1477},{"union_rowno":3,"row":124,"routeno":"237-J CLO-PSN","responsecode":200,"routeparentid":7730},{"union_rowno":3,"row":125,"routeno":"237-J PSN-KBS","responsecode":200,"routeparentid":1103},{"union_rowno":3,"row":126,"routeno":"238-D DPJN-NBV1S","responsecode":200,"routeparentid":1481},{"union_rowno":3,"row":127,"routeno":"238-L SBS-NTN","responsecode":200,"routeparentid":1620},{"union_rowno":3,"row":128,"routeno":"238-S DPJN-SGK","responsecode":200,"routeparentid":7814},{"union_rowno":3,"row":129,"routeno":"238-U BUADM-VJN-VSD","responsecode":200,"routeparentid":4183},{"union_rowno":3,"row":130,"routeno":"238-U KBS-DPJN","responsecode":200,"routeparentid":5989},{"union_rowno":3,"row":131,"routeno":"238-U VTTMC-JNM","responsecode":200,"routeparentid":5987},{"union_rowno":3,"row":132,"routeno":"238-UM DPN-UST","responsecode":200,"routeparentid":7493},{"union_rowno":3,"row":133,"routeno":"238-UM DPN-VJN-UST","responsecode":200,"routeparentid":7494},{"union_rowno":3,"row":134,"routeno":"238-US KBS-VJN-DPJN","responsecode":200,"routeparentid":7815},{"union_rowno":3,"row":135,"routeno":"238-V CVB-BRTN","responsecode":200,"routeparentid":6743},{"union_rowno":3,"row":136,"routeno":"238-W D31G-NRP","responsecode":200,"routeparentid":1854},{"union_rowno":3,"row":137,"routeno":"240-BA D31G-MMN","responsecode":200,"routeparentid":1860},{"union_rowno":3,"row":138,"routeno":"240-N","responsecode":200,"routeparentid":1114},{"union_rowno":3,"row":139,"routeno":"241-CN","responsecode":200,"routeparentid":1910},{"union_rowno":3,"row":140,"routeno":"241-D BRTN-VSD","responsecode":200,"routeparentid":6171},{"union_rowno":3,"row":141,"routeno":"241-D BRTN2-MRTG-CVB","responsecode":200,"routeparentid":5613},{"union_rowno":3,"row":142,"routeno":"241-N","responsecode":200,"routeparentid":1954},{"union_rowno":3,"row":143,"routeno":"241-N D31G-BDG","responsecode":200,"routeparentid":7872},{"union_rowno":3,"row":144,"routeno":"241-N D35G-BDG","responsecode":200,"routeparentid":1964},{"union_rowno":3,"row":145,"routeno":"242-B D35G-BKPN","responsecode":200,"routeparentid":1597},{"union_rowno":3,"row":146,"routeno":"242-B D35G-SNBS","responsecode":200,"routeparentid":5748},{"union_rowno":3,"row":147,"routeno":"242-B KBS-BKPN","responsecode":200,"routeparentid":1598},{"union_rowno":3,"row":148,"routeno":"242-B KBS-JSN","responsecode":200,"routeparentid":1730},{"union_rowno":3,"row":149,"routeno":"242-B KBS-TVK-NML","responsecode":200,"routeparentid":4318},{"union_rowno":3,"row":150,"routeno":"242-B SNBS-TVK (Calla Bus)","responsecode":200,"routeparentid":5747},{"union_rowno":3,"row":151,"routeno":"242-CN D35G-ABDVN","responsecode":200,"routeparentid":1912},{"union_rowno":3,"row":152,"routeno":"242-JA D35G-GNKL","responsecode":200,"routeparentid":2497},{"union_rowno":3,"row":153,"routeno":"242-N","responsecode":200,"routeparentid":2715},{"union_rowno":3,"row":154,"routeno":"242-N KBS-GDH","responsecode":200,"routeparentid":7089},{"union_rowno":3,"row":155,"routeno":"243-J CVB-BVN","responsecode":200,"routeparentid":2945},{"union_rowno":3,"row":156,"routeno":"245-HA D35G-NMG","responsecode":200,"routeparentid":4028},{"union_rowno":3,"row":157,"routeno":"248-AB NGSMS-CKB","responsecode":200,"routeparentid":4737},{"union_rowno":3,"row":158,"routeno":"248-G MRTG-JHC-NMG","responsecode":200,"routeparentid":4688},{"union_rowno":3,"row":159,"routeno":"248-HA NMG-NMG","responsecode":200,"routeparentid":3308},{"union_rowno":3,"row":160,"routeno":"248-N","responsecode":200,"routeparentid":2286},{"union_rowno":3,"row":161,"routeno":"248-N KMT-CKB","responsecode":200,"routeparentid":5699},{"union_rowno":3,"row":162,"routeno":"248-Z KMT-KNW","responsecode":200,"routeparentid":2323},{"union_rowno":3,"row":163,"routeno":"24-A KMT-JNN","responsecode":200,"routeparentid":6346},{"union_rowno":3,"row":164,"routeno":"250-D PSS-GNH","responsecode":200,"routeparentid":2614},{"union_rowno":3,"row":165,"routeno":"250-N","responsecode":200,"routeparentid":2365},{"union_rowno":3,"row":166,"routeno":"250-SA ASK-SDN-KBS","responsecode":200,"routeparentid":7905},{"union_rowno":3,"row":167,"routeno":"250-SA KBS-SDN-KDG","responsecode":200,"routeparentid":7906},{"union_rowno":3,"row":168,"routeno":"253-D KBS-TNS","responsecode":200,"routeparentid":2864},{"union_rowno":3,"row":169,"routeno":"253-D PSS-TRN","responsecode":200,"routeparentid":2861},{"union_rowno":3,"row":170,"routeno":"253-G KBS-NRG","responsecode":200,"routeparentid":4775},{"union_rowno":3,"row":171,"routeno":"253-G KMT-KNW","responsecode":200,"routeparentid":2321},{"union_rowno":3,"row":172,"routeno":"255-B NLM-BELT","responsecode":200,"routeparentid":4153},{"union_rowno":3,"row":173,"routeno":"255-E KBS-NSP","responsecode":200,"routeparentid":3184},{"union_rowno":3,"row":174,"routeno":"255-J KBS-HNS","responsecode":200,"routeparentid":3208},{"union_rowno":3,"row":175,"routeno":"255-N","responsecode":200,"routeparentid":2636},{"union_rowno":3,"row":176,"routeno":"255-N DSP-NSP","responsecode":200,"routeparentid":7034},{"union_rowno":3,"row":177,"routeno":"256 CNS SVN-VRP","responsecode":200,"routeparentid":6160},{"union_rowno":3,"row":178,"routeno":"256-F HGV-DSP-NMG","responsecode":200,"routeparentid":4920},{"union_rowno":3,"row":179,"routeno":"257-C KBS-YBS-KTN","responsecode":200,"routeparentid":7929},{"union_rowno":3,"row":180,"routeno":"258-C KBS-NMGRS","responsecode":200,"routeparentid":1975},{"union_rowno":3,"row":181,"routeno":"258-C KBS-VSD-NMG","responsecode":200,"routeparentid":7637},{"union_rowno":3,"row":182,"routeno":"258-C NMG-GPLY","responsecode":200,"routeparentid":6138},{"union_rowno":3,"row":183,"routeno":"258-C PSB-NMG","responsecode":200,"routeparentid":4082},{"union_rowno":3,"row":184,"routeno":"258-CB NMG-BEL LT","responsecode":200,"routeparentid":5725},{"union_rowno":3,"row":185,"routeno":"258-CB NMG-GGP-BEL","responsecode":200,"routeparentid":7203},{"union_rowno":3,"row":186,"routeno":"258-CB NMG-YTTMC-BEL","responsecode":200,"routeparentid":4098},{"union_rowno":3,"row":187,"routeno":"258 D43G-NMGRS","responsecode":200,"routeparentid":7914},{"union_rowno":3,"row":188,"routeno":"258 D43G-VNC-NMG","responsecode":200,"routeparentid":7908},{"union_rowno":3,"row":189,"routeno":"258-DN","responsecode":200,"routeparentid":1968},{"union_rowno":3,"row":190,"routeno":"258-DN KBS-DBSP","responsecode":200,"routeparentid":1970},{"union_rowno":3,"row":191,"routeno":"258-DN KBS-VRNF","responsecode":200,"routeparentid":1969},{"union_rowno":3,"row":192,"routeno":"258-DN YTTMC-KIADB","responsecode":200,"routeparentid":3930},{"union_rowno":3,"row":193,"routeno":"258 KBS-NMG-TVK","responsecode":200,"routeparentid":4102},{"union_rowno":3,"row":194,"routeno":"258-MA JKNH-KBS","responsecode":200,"routeparentid":3537},{"union_rowno":3,"row":195,"routeno":"258-N","responsecode":200,"routeparentid":2008},{"union_rowno":3,"row":196,"routeno":"258-N ASDW-VSD-KBS","responsecode":200,"routeparentid":3470},{"union_rowno":3,"row":197,"routeno":"258-N SBS-CNS SVN","responsecode":200,"routeparentid":6161},{"union_rowno":3,"row":198,"routeno":"258-N SBS-D43G","responsecode":200,"routeparentid":7890},{"union_rowno":3,"row":199,"routeno":"258-N SBS-VSD-NMG","responsecode":200,"routeparentid":3869},{"union_rowno":3,"row":200,"routeno":"258 NMG-HGV","responsecode":200,"routeparentid":5193},{"union_rowno":3,"row":201,"routeno":"258-P D43G-KGN","responsecode":200,"routeparentid":7921},{"union_rowno":3,"row":202,"routeno":"258-SB BNH-MNTK","responsecode":200,"routeparentid":3497},{"union_rowno":3,"row":203,"routeno":"258-SD KBS-BNH","responsecode":200,"routeparentid":3485},{"union_rowno":3,"row":204,"routeno":"258 SNBS-NMG","responsecode":200,"routeparentid":6081},{"union_rowno":3,"row":205,"routeno":"258 YTTMC-NMG-KRC","responsecode":200,"routeparentid":4095},{"union_rowno":3,"row":206,"routeno":"25-B AGL-BSK-DOWN","responsecode":200,"routeparentid":7532},{"union_rowno":3,"row":207,"routeno":"25-B SNBS-BTMS","responsecode":200,"routeparentid":7486},{"union_rowno":3,"row":208,"routeno":"25-H NSP-SNBS","responsecode":200,"routeparentid":7507},{"union_rowno":3,"row":209,"routeno":"25-N","responsecode":200,"routeparentid":2225},{"union_rowno":3,"row":210,"routeno":"263-B GNP-KBS","responsecode":200,"routeparentid":7807},{"union_rowno":3,"row":211,"routeno":"263 KMT-NLGH-GGNH","responsecode":200,"routeparentid":3579},{"union_rowno":3,"row":212,"routeno":"263 VNC-KMS","responsecode":200,"routeparentid":7885},{"union_rowno":3,"row":213,"routeno":"265-D PSS-VGN","responsecode":200,"routeparentid":3629},{"union_rowno":3,"row":214,"routeno":"265-D SBS-VSD-VGN","responsecode":200,"routeparentid":3638},{"union_rowno":3,"row":215,"routeno":"266 D45-NGM-IDF","responsecode":200,"routeparentid":3650},{"union_rowno":3,"row":216,"routeno":"266-F GNA-KBS","responsecode":200,"routeparentid":4176},{"union_rowno":3,"row":217,"routeno":"266-N","responsecode":200,"routeparentid":4221},{"union_rowno":3,"row":218,"routeno":"266-N KMT-MLPH","responsecode":200,"routeparentid":4365},{"union_rowno":3,"row":219,"routeno":"266-R D45-JKBN","responsecode":200,"routeparentid":6601},{"union_rowno":3,"row":220,"routeno":"266-R JKBN-KBS","responsecode":200,"routeparentid":6602},{"union_rowno":3,"row":221,"routeno":"271-F-SNBS-HGV","responsecode":200,"routeparentid":4724},{"union_rowno":3,"row":222,"routeno":"271-K MTNR-YTTMC","responsecode":200,"routeparentid":6619},{"union_rowno":3,"row":223,"routeno":"271-N","responsecode":200,"routeparentid":4295},{"union_rowno":3,"row":224,"routeno":"271-T SNBS-JGA","responsecode":200,"routeparentid":5765},{"union_rowno":3,"row":225,"routeno":"273-H SBS-SDN","responsecode":200,"routeparentid":4835},{"union_rowno":3,"row":226,"routeno":"276-N","responsecode":200,"routeparentid":2542},{"union_rowno":3,"row":227,"routeno":"276 SNBS-VRP","responsecode":200,"routeparentid":3260},{"union_rowno":3,"row":228,"routeno":"278 HBL-RTN-SBS","responsecode":200,"routeparentid":4669},{"union_rowno":3,"row":229,"routeno":"279-E D14G-RTNPS-BPS-HBL","responsecode":200,"routeparentid":5693},{"union_rowno":3,"row":230,"routeno":"279-E RTNPS-HBL","responsecode":200,"routeparentid":2598},{"union_rowno":3,"row":231,"routeno":"279 RTNP-BPS","responsecode":200,"routeparentid":2572},{"union_rowno":3,"row":232,"routeno":"27-E JNN-VSD-SBS","responsecode":200,"routeparentid":1770},{"union_rowno":3,"row":233,"routeno":"281-AP KLN-KIA","responsecode":200,"routeparentid":2658},{"union_rowno":3,"row":234,"routeno":"281-F KBS-MYH-HNS","responsecode":200,"routeparentid":2668},{"union_rowno":3,"row":235,"routeno":"282-A MSGNH-KBS","responsecode":200,"routeparentid":3632},{"union_rowno":3,"row":236,"routeno":"282B D52G-VNC-YHKOT","responsecode":200,"routeparentid":7481},{"union_rowno":3,"row":237,"routeno":"282-F HBLB-MNH","responsecode":200,"routeparentid":7463},{"union_rowno":3,"row":238,"routeno":"282-F PTH-MRNH","responsecode":200,"routeparentid":3609},{"union_rowno":3,"row":239,"routeno":"282 HBLB-VNC-D52G","responsecode":200,"routeparentid":7462},{"union_rowno":3,"row":240,"routeno":"282 KBS-VNC-D52G","responsecode":200,"routeparentid":7458},{"union_rowno":3,"row":241,"routeno":"282 KMT-VNC-D52G","responsecode":200,"routeparentid":7629},{"union_rowno":3,"row":242,"routeno":"282 PTH-UTNH","responsecode":200,"routeparentid":3686},{"union_rowno":3,"row":243,"routeno":"284-B CNPG-HBLB","responsecode":200,"routeparentid":2766},{"union_rowno":3,"row":244,"routeno":"284-B SBS-RTNP-BMSITY","responsecode":200,"routeparentid":1085},{"union_rowno":3,"row":245,"routeno":"284 D14G-RTNPS-KBS","responsecode":200,"routeparentid":4657},{"union_rowno":3,"row":246,"routeno":"284-H PTH-GNR2","responsecode":200,"routeparentid":4610},{"union_rowno":3,"row":247,"routeno":"284-KA KBS-VSD-JSNL","responsecode":200,"routeparentid":1297},{"union_rowno":3,"row":248,"routeno":"284 RTNP-YHK-OASIS","responsecode":200,"routeparentid":4745},{"union_rowno":3,"row":249,"routeno":"284 SBS-RTN-VNS","responsecode":200,"routeparentid":4113},{"union_rowno":3,"row":250,"routeno":"284 SNBS-SBS-RTNP-HBLB","responsecode":200,"routeparentid":1067},{"union_rowno":3,"row":251,"routeno":"284 VNS-YHKOT","responsecode":200,"routeparentid":3075},{"union_rowno":3,"row":252,"routeno":"285-A KBS-NGDH","responsecode":200,"routeparentid":3993},{"union_rowno":3,"row":253,"routeno":"285-D KBS-LNH","responsecode":200,"routeparentid":7190},{"union_rowno":3,"row":254,"routeno":"285-F PTML-BRP-HNYR","responsecode":200,"routeparentid":7832},{"union_rowno":3,"row":255,"routeno":"285-K KBS-SDNH","responsecode":200,"routeparentid":2326},{"union_rowno":3,"row":256,"routeno":"285-KA KBS-BTN","responsecode":200,"routeparentid":6735},{"union_rowno":3,"row":257,"routeno":"285 KMT-THS-BTN","responsecode":200,"routeparentid":5888},{"union_rowno":3,"row":258,"routeno":"285-M SBS-RTN-PTML","responsecode":200,"routeparentid":7182},{"union_rowno":3,"row":259,"routeno":"285-MA SNBS-DBP","responsecode":200,"routeparentid":2456},{"union_rowno":3,"row":260,"routeno":"285-MN","responsecode":200,"routeparentid":6997},{"union_rowno":3,"row":261,"routeno":"285-MP KBS-NAGH","responsecode":200,"routeparentid":2459},{"union_rowno":3,"row":262,"routeno":"285-MP PTML-NAGH","responsecode":200,"routeparentid":2458},{"union_rowno":3,"row":263,"routeno":"285-MP YHK-NAGH","responsecode":200,"routeparentid":2460},{"union_rowno":3,"row":264,"routeno":"285M SNH-KBS","responsecode":200,"routeparentid":7423},{"union_rowno":3,"row":265,"routeno":"285-N","responsecode":200,"routeparentid":2099},{"union_rowno":3,"row":266,"routeno":"285-P KBS-BTNH","responsecode":200,"routeparentid":4056},{"union_rowno":3,"row":267,"routeno":"285 PTH-DSKN","responsecode":200,"routeparentid":1270},{"union_rowno":3,"row":268,"routeno":"285 PTML-HNYR","responsecode":200,"routeparentid":7179},{"union_rowno":3,"row":269,"routeno":"285-R SBS-HNYR","responsecode":200,"routeparentid":7178},{"union_rowno":3,"row":270,"routeno":"285-RA HNYR-KBS","responsecode":200,"routeparentid":4024},{"union_rowno":3,"row":271,"routeno":"285-RB KBS-KNW","responsecode":200,"routeparentid":7188},{"union_rowno":3,"row":272,"routeno":"285 SBS-RTN-DBP","responsecode":200,"routeparentid":7180},{"union_rowno":3,"row":273,"routeno":"285 SRN-KBS-GKVK","responsecode":200,"routeparentid":1077},{"union_rowno":3,"row":274,"routeno":"286-AB CVB-SVN","responsecode":200,"routeparentid":2455},{"union_rowno":3,"row":275,"routeno":"286-AB PTML-SVN","responsecode":200,"routeparentid":2453},{"union_rowno":3,"row":276,"routeno":"286-E PTH-SVKTN","responsecode":200,"routeparentid":1516},{"union_rowno":3,"row":277,"routeno":"286-E SVKTN-KBS","responsecode":200,"routeparentid":1517},{"union_rowno":3,"row":278,"routeno":"286-F D48G-KNP","responsecode":200,"routeparentid":4729},{"union_rowno":3,"row":279,"routeno":"286-F KBS-VSD-KNP","responsecode":200,"routeparentid":6267},{"union_rowno":3,"row":280,"routeno":"286-F VSD-KNP","responsecode":200,"routeparentid":4313},{"union_rowno":3,"row":281,"routeno":"286-K SNBS-SBS-HBLB","responsecode":200,"routeparentid":1045},{"union_rowno":3,"row":282,"routeno":"286 KMT-DSKN","responsecode":200,"routeparentid":1269},{"union_rowno":3,"row":283,"routeno":"287-A RTNPS-HBLB","responsecode":200,"routeparentid":2662},{"union_rowno":3,"row":284,"routeno":"287-N","responsecode":200,"routeparentid":6359},{"union_rowno":3,"row":285,"routeno":"288-J MGRMS-NCBS","responsecode":200,"routeparentid":7477},{"union_rowno":3,"row":286,"routeno":"289-A BGLR-NITTE","responsecode":200,"routeparentid":6961},{"union_rowno":3,"row":287,"routeno":"289-C D52G-HNH","responsecode":200,"routeparentid":7633},{"union_rowno":3,"row":288,"routeno":"289-C HNH-KBS","responsecode":200,"routeparentid":4974},{"union_rowno":3,"row":289,"routeno":"289-CA PTH-HNH","responsecode":200,"routeparentid":4485},{"union_rowno":3,"row":290,"routeno":"289-N","responsecode":200,"routeparentid":4996},{"union_rowno":3,"row":291,"routeno":"289-P D52G-HNS","responsecode":200,"routeparentid":7464},{"union_rowno":3,"row":292,"routeno":"289-P HBL-HNS","responsecode":200,"routeparentid":7467},{"union_rowno":3,"row":293,"routeno":"289-P PTH-HNS","responsecode":200,"routeparentid":6617},{"union_rowno":3,"row":294,"routeno":"290-E KLN-RKH","responsecode":200,"routeparentid":3933},{"union_rowno":3,"row":295,"routeno":"290-E KLN-YLKOT","responsecode":200,"routeparentid":3970},{"union_rowno":3,"row":296,"routeno":"290-E SBS-SNH","responsecode":200,"routeparentid":7208},{"union_rowno":3,"row":297,"routeno":"290-EJ NGWJN-GKVK-YHK","responsecode":200,"routeparentid":7852},{"union_rowno":3,"row":298,"routeno":"290-EN","responsecode":200,"routeparentid":2635},{"union_rowno":3,"row":299,"routeno":"290-KN","responsecode":200,"routeparentid":3721},{"union_rowno":3,"row":300,"routeno":"290-N","responsecode":200,"routeparentid":4286},{"union_rowno":3,"row":301,"routeno":"290-R KNR-THS-SBS","responsecode":200,"routeparentid":3722},{"union_rowno":3,"row":302,"routeno":"290 SBS-HBR1 BSNL","responsecode":200,"routeparentid":6423},{"union_rowno":3,"row":303,"routeno":"290 SBS-RSL-TNS","responsecode":200,"routeparentid":6148},{"union_rowno":3,"row":304,"routeno":"290-T SBS-HTN","responsecode":200,"routeparentid":4310},{"union_rowno":3,"row":305,"routeno":"291-H D10G-RKHN","responsecode":200,"routeparentid":5248},{"union_rowno":3,"row":306,"routeno":"291-L PTN-MYLH","responsecode":200,"routeparentid":3751},{"union_rowno":3,"row":307,"routeno":"291-M KBS-GNP","responsecode":200,"routeparentid":4519},{"union_rowno":3,"row":308,"routeno":"291-N","responsecode":200,"routeparentid":4349},{"union_rowno":3,"row":309,"routeno":"291 SBS-MNP","responsecode":200,"routeparentid":7689},{"union_rowno":3,"row":310,"routeno":"291 SRMP-KLN","responsecode":200,"routeparentid":3936},{"union_rowno":3,"row":311,"routeno":"292-D D48G-NND","responsecode":200,"routeparentid":5011},{"union_rowno":3,"row":312,"routeno":"292-D SBS-NNHD","responsecode":200,"routeparentid":5009},{"union_rowno":3,"row":313,"routeno":"293 D48G-HNH","responsecode":200,"routeparentid":4975},{"union_rowno":3,"row":314,"routeno":"293-F D48G-HNS","responsecode":200,"routeparentid":4774},{"union_rowno":3,"row":315,"routeno":"293-GN","responsecode":200,"routeparentid":4512},{"union_rowno":3,"row":316,"routeno":"293-GN KBS-HND","responsecode":200,"routeparentid":4514},{"union_rowno":3,"row":317,"routeno":"293-H D48G-DNH","responsecode":200,"routeparentid":5267},{"union_rowno":3,"row":318,"routeno":"293-K KMT-ANKC-SBS-MYH","responsecode":200,"routeparentid":6994},{"union_rowno":3,"row":319,"routeno":"293 KBS-HNR-CHLS","responsecode":200,"routeparentid":4548},{"union_rowno":3,"row":320,"routeno":"293 KBS-HNRC-SVPS","responsecode":200,"routeparentid":6224},{"union_rowno":3,"row":321,"routeno":"293 KBS-LGP-KLN","responsecode":200,"routeparentid":5645},{"union_rowno":3,"row":322,"routeno":"293 KLN-LGP-SBS","responsecode":200,"routeparentid":5638},{"union_rowno":3,"row":323,"routeno":"293 KLN-SPHS","responsecode":200,"routeparentid":7048},{"union_rowno":3,"row":324,"routeno":"293 KMT-KLN","responsecode":200,"routeparentid":7021},{"union_rowno":3,"row":325,"routeno":"293-N","responsecode":200,"routeparentid":5047},{"union_rowno":3,"row":326,"routeno":"293-N KLN-BDSN","responsecode":200,"routeparentid":3921},{"union_rowno":3,"row":327,"routeno":"293-N SBS-KNP","responsecode":200,"routeparentid":4355},{"union_rowno":3,"row":328,"routeno":"293-N SBS-SPB","responsecode":200,"routeparentid":4137},{"union_rowno":3,"row":329,"routeno":"293 OASIS-HNRJN-HBLB","responsecode":200,"routeparentid":2664},{"union_rowno":3,"row":330,"routeno":"293-Q SBS-HNS","responsecode":200,"routeparentid":5033},{"union_rowno":3,"row":331,"routeno":"293-S KBS-HNS","responsecode":200,"routeparentid":5042},{"union_rowno":3,"row":332,"routeno":"293 SBS-HNRC-SVPS","responsecode":200,"routeparentid":6225},{"union_rowno":3,"row":333,"routeno":"293 SBS-LGP-KLN","responsecode":200,"routeparentid":2696},{"union_rowno":3,"row":334,"routeno":"293 SBS-MYLH-HNS","responsecode":200,"routeparentid":7445},{"union_rowno":3,"row":335,"routeno":"294-B D48G-JNTNR","responsecode":200,"routeparentid":4885},{"union_rowno":3,"row":336,"routeno":"296 BNW-KMH-KNP-YHKOT","responsecode":200,"routeparentid":2803},{"union_rowno":3,"row":337,"routeno":"296-N","responsecode":200,"routeparentid":4816},{"union_rowno":3,"row":338,"routeno":"296-N D48G-BBD-KDA","responsecode":200,"routeparentid":4849},{"union_rowno":3,"row":339,"routeno":"296-Q ARMY-KNR","responsecode":200,"routeparentid":6122},{"union_rowno":3,"row":340,"routeno":"297-A ISNH-KBS","responsecode":200,"routeparentid":3742},{"union_rowno":3,"row":341,"routeno":"297-H PTH-HGNH","responsecode":200,"routeparentid":5700},{"union_rowno":3,"row":342,"routeno":"297-K KMT-VNP","responsecode":200,"routeparentid":4566},{"union_rowno":3,"row":343,"routeno":"297-K PTH-VNP","responsecode":200,"routeparentid":6300},{"union_rowno":3,"row":344,"routeno":"297-K VNP-KBS","responsecode":200,"routeparentid":4561},{"union_rowno":3,"row":345,"routeno":"297 NGH-KBS","responsecode":200,"routeparentid":3709},{"union_rowno":3,"row":346,"routeno":"298-A KMT-AGO-UNV","responsecode":200,"routeparentid":6270},{"union_rowno":3,"row":347,"routeno":"298-B KBS-ANSR-BCP","responsecode":200,"routeparentid":6962},{"union_rowno":3,"row":348,"routeno":"298-E KBS-KDN","responsecode":200,"routeparentid":7628},{"union_rowno":3,"row":349,"routeno":"298-E YHKOT-KND-BRS","responsecode":200,"routeparentid":7826},{"union_rowno":3,"row":350,"routeno":"298-ME KMT-AGO-NLR","responsecode":200,"routeparentid":6272},{"union_rowno":3,"row":351,"routeno":"298-ME KMT-NLR","responsecode":200,"routeparentid":5933},{"union_rowno":3,"row":352,"routeno":"298-ME YHK-NLR","responsecode":200,"routeparentid":5934},{"union_rowno":3,"row":353,"routeno":"298-MG KBS-SNH","responsecode":200,"routeparentid":5183},{"union_rowno":3,"row":354,"routeno":"298-MG YHKOT-SNH","responsecode":200,"routeparentid":5181},{"union_rowno":3,"row":355,"routeno":"298-P HSK-NGNH-DVH","responsecode":200,"routeparentid":5188},{"union_rowno":3,"row":356,"routeno":"298-PD NLR-KBS","responsecode":200,"routeparentid":5196},{"union_rowno":3,"row":357,"routeno":"298PD-KBS-DNH","responsecode":200,"routeparentid":7887},{"union_rowno":3,"row":358,"routeno":"298 SDHG-RMG-KRC-SNBS","responsecode":200,"routeparentid":7027},{"union_rowno":3,"row":359,"routeno":"2-E  JPN6-VSD","responsecode":200,"routeparentid":3508},{"union_rowno":3,"row":360,"routeno":"301-A KMT-NRIL","responsecode":200,"routeparentid":5848},{"union_rowno":3,"row":361,"routeno":"301-A VSD-NRIL","responsecode":200,"routeparentid":5849},{"union_rowno":3,"row":362,"routeno":"301 D10G-NRIL","responsecode":200,"routeparentid":5847},{"union_rowno":3,"row":363,"routeno":"301-F SBS-KGN","responsecode":200,"routeparentid":6779},{"union_rowno":3,"row":364,"routeno":"302-D KLN-BCGHS","responsecode":200,"routeparentid":4022},{"union_rowno":3,"row":365,"routeno":"302-G KLN-HMA","responsecode":200,"routeparentid":7928},{"union_rowno":3,"row":366,"routeno":"302-K KLN-KCNS","responsecode":200,"routeparentid":7355},{"union_rowno":3,"row":367,"routeno":"302 KLN-OBH","responsecode":200,"routeparentid":7081},{"union_rowno":3,"row":368,"routeno":"302 KLN-SBS","responsecode":200,"routeparentid":6211},{"union_rowno":3,"row":369,"routeno":"302-N","responsecode":200,"routeparentid":2690},{"union_rowno":3,"row":370,"routeno":"302 SBS-KLN","responsecode":200,"routeparentid":6442},{"union_rowno":3,"row":371,"routeno":"303-G KLN-OST","responsecode":200,"routeparentid":2880},{"union_rowno":3,"row":372,"routeno":"304-N","responsecode":200,"routeparentid":2406},{"union_rowno":3,"row":373,"routeno":"304-NA","responsecode":200,"routeparentid":2425},{"union_rowno":3,"row":374,"routeno":"304-Q D24G-GNLU","responsecode":200,"routeparentid":2929},{"union_rowno":3,"row":375,"routeno":"304-V D47G-SNP","responsecode":200,"routeparentid":2941},{"union_rowno":3,"row":376,"routeno":"305-C SNBS-CNS","responsecode":200,"routeparentid":2297},{"union_rowno":3,"row":377,"routeno":"305-D KBS-VSD-CNS","responsecode":200,"routeparentid":5500},{"union_rowno":3,"row":378,"routeno":"305-F D24G-NDVC","responsecode":200,"routeparentid":2972},{"union_rowno":3,"row":379,"routeno":"305-F NDVC-GGP","responsecode":200,"routeparentid":2970},{"union_rowno":3,"row":380,"routeno":"305-N","responsecode":200,"routeparentid":2994},{"union_rowno":3,"row":381,"routeno":"306-C D24G-KNL","responsecode":200,"routeparentid":3019},{"union_rowno":3,"row":382,"routeno":"306-E KBS-NYK","responsecode":200,"routeparentid":3026},{"union_rowno":3,"row":383,"routeno":"307-C KBS-VGBDAN","responsecode":200,"routeparentid":3289},{"union_rowno":3,"row":384,"routeno":"310-E D24G-KNG","responsecode":200,"routeparentid":2818},{"union_rowno":3,"row":385,"routeno":"313-J TNF-MVJ","responsecode":200,"routeparentid":3121},{"union_rowno":3,"row":386,"routeno":"314-B DPJN-CVRN","responsecode":200,"routeparentid":4121},{"union_rowno":3,"row":387,"routeno":"314-B KBS-CVRNRG","responsecode":200,"routeparentid":6248},{"union_rowno":3,"row":388,"routeno":"314-D06G-NGVP","responsecode":200,"routeparentid":3135},{"union_rowno":3,"row":389,"routeno":"314 DPJN-KBS-BEMLF","responsecode":200,"routeparentid":7232},{"union_rowno":3,"row":390,"routeno":"314 KBS-NGWP","responsecode":200,"routeparentid":7246},{"union_rowno":3,"row":391,"routeno":"314-N","responsecode":200,"routeparentid":2218},{"union_rowno":3,"row":392,"routeno":"314-T RMN-VSD-KBS","responsecode":200,"routeparentid":5425},{"union_rowno":3,"row":393,"routeno":"314-T VSD-RMN","responsecode":200,"routeparentid":4890},{"union_rowno":3,"row":394,"routeno":"315-MF CVB-KHCQ-RMN-D24","responsecode":200,"routeparentid":6922},{"union_rowno":3,"row":395,"routeno":"315 SNBS-KRPGH","responsecode":200,"routeparentid":2421},{"union_rowno":3,"row":396,"routeno":"316-F CMS-MND-D47G","responsecode":200,"routeparentid":3195},{"union_rowno":3,"row":397,"routeno":"316-N","responsecode":200,"routeparentid":7850},{"union_rowno":3,"row":398,"routeno":"317-B D47 MDR-KNM","responsecode":200,"routeparentid":3271},{"union_rowno":3,"row":399,"routeno":"317 KVUL-TNF-KRPGH","responsecode":200,"routeparentid":7381},{"union_rowno":3,"row":400,"routeno":"317-N","responsecode":200,"routeparentid":3238},{"union_rowno":3,"row":401,"routeno":"317-V D39G-NDV","responsecode":200,"routeparentid":7733},{"union_rowno":3,"row":402,"routeno":"319 BTR-TNF-KDG","responsecode":200,"routeparentid":5881},{"union_rowno":3,"row":403,"routeno":"319-G KBS-TNF-D41G","responsecode":200,"routeparentid":5819},{"union_rowno":3,"row":404,"routeno":"319-J D41G-DNR","responsecode":200,"routeparentid":3281},{"union_rowno":3,"row":405,"routeno":"319-J TNF-DNR","responsecode":200,"routeparentid":3057},{"union_rowno":3,"row":406,"routeno":"319 KRPGH-TNF-KDG","responsecode":200,"routeparentid":7418},{"union_rowno":3,"row":407,"routeno":"31 KMT-NRC","responsecode":200,"routeparentid":4408},{"union_rowno":3,"row":408,"routeno":"31 NRC-KMT-SBS","responsecode":200,"routeparentid":5726},{"union_rowno":3,"row":409,"routeno":"31 NRC-VSD-KBS","responsecode":200,"routeparentid":4963},{"union_rowno":3,"row":410,"routeno":"323-DN","responsecode":200,"routeparentid":3339},{"union_rowno":3,"row":411,"routeno":"323DN-KHG-D41","responsecode":200,"routeparentid":7552},{"union_rowno":3,"row":412,"routeno":"323DN-SJP-JYM-KHG","responsecode":200,"routeparentid":7551},{"union_rowno":3,"row":413,"routeno":"323-F D41G-NRG","responsecode":200,"routeparentid":5797},{"union_rowno":3,"row":414,"routeno":"323-G D41G-RMN","responsecode":200,"routeparentid":5798},{"union_rowno":3,"row":415,"routeno":"323-N","responsecode":200,"routeparentid":3356},{"union_rowno":3,"row":416,"routeno":"324 NGH-D41G","responsecode":200,"routeparentid":3362},{"union_rowno":3,"row":417,"routeno":"327-B D41G-PND","responsecode":200,"routeparentid":3419},{"union_rowno":3,"row":418,"routeno":"328-H D41G-INF","responsecode":200,"routeparentid":5900},{"union_rowno":3,"row":419,"routeno":"328-H NPTS-ATB","responsecode":200,"routeparentid":7641},{"union_rowno":3,"row":420,"routeno":"328-H NTD-SJP-ATB","responsecode":200,"routeparentid":5229},{"union_rowno":3,"row":421,"routeno":"329-J SNBS-SNH","responsecode":200,"routeparentid":1081},{"union_rowno":3,"row":422,"routeno":"32 PPLO-TRN-SBS","responsecode":200,"routeparentid":2463},{"union_rowno":3,"row":423,"routeno":"330 D6G-BSN","responsecode":200,"routeparentid":5897},{"union_rowno":3,"row":424,"routeno":"330-G DNV-D41G","responsecode":200,"routeparentid":3817},{"union_rowno":3,"row":425,"routeno":"330-G SBS-MRHB-DDNK","responsecode":200,"routeparentid":6099},{"union_rowno":3,"row":426,"routeno":"330 MGRMS-MNKL","responsecode":200,"routeparentid":4618},{"union_rowno":3,"row":427,"routeno":"333-F KBS-MRHB-DDNK","responsecode":200,"routeparentid":6097},{"union_rowno":3,"row":428,"routeno":"333-G NLH-D41G","responsecode":200,"routeparentid":3857},{"union_rowno":3,"row":429,"routeno":"333-K D41G-AKN","responsecode":200,"routeparentid":3885},{"union_rowno":3,"row":430,"routeno":"333-L KDG-VKD-DPN","responsecode":200,"routeparentid":7797},{"union_rowno":3,"row":431,"routeno":"333-N","responsecode":200,"routeparentid":2583},{"union_rowno":3,"row":432,"routeno":"333-N D41G-SRP","responsecode":200,"routeparentid":3760},{"union_rowno":3,"row":433,"routeno":"335-C KMS-LBSN","responsecode":200,"routeparentid":3740},{"union_rowno":3,"row":434,"routeno":"335-E HAL NP-KDG","responsecode":200,"routeparentid":6499},{"union_rowno":3,"row":435,"routeno":"335-E KBS-HAL NP","responsecode":200,"routeparentid":6498},{"union_rowno":3,"row":436,"routeno":"335-E SNBS-KDG","responsecode":200,"routeparentid":1031},{"union_rowno":3,"row":437,"routeno":"335-N","responsecode":200,"routeparentid":2599},{"union_rowno":3,"row":438,"routeno":"335-N BSN-KDG","responsecode":200,"routeparentid":3972},{"union_rowno":3,"row":439,"routeno":"335-N KDG-KTTMC","responsecode":200,"routeparentid":3772},{"union_rowno":3,"row":440,"routeno":"335-N KGR-KMT-ARDCHAL","responsecode":200,"routeparentid":5585},{"union_rowno":3,"row":441,"routeno":"335-N RRC-KBS-KDG","responsecode":200,"routeparentid":5767},{"union_rowno":3,"row":442,"routeno":"336 BGH-SNBS","responsecode":200,"routeparentid":2232},{"union_rowno":3,"row":443,"routeno":"340-A KBS-ADG-HSR 2nd","responsecode":200,"routeparentid":6036},{"union_rowno":3,"row":444,"routeno":"340-A STJN-HSRKEB","responsecode":200,"routeparentid":6198},{"union_rowno":3,"row":445,"routeno":"342 ASP-STJN","responsecode":200,"routeparentid":6517},{"union_rowno":3,"row":446,"routeno":"342-B D42G-MTN","responsecode":200,"routeparentid":6854},{"union_rowno":3,"row":447,"routeno":"342-H CMRS-STJN","responsecode":200,"routeparentid":3232},{"union_rowno":3,"row":448,"routeno":"342-H STJN-GGSK","responsecode":200,"routeparentid":6903},{"union_rowno":3,"row":449,"routeno":"342-H STJN-JGH","responsecode":200,"routeparentid":7792},{"union_rowno":3,"row":450,"routeno":"342-N","responsecode":200,"routeparentid":5276},{"union_rowno":3,"row":451,"routeno":"342-N KBS-KMS","responsecode":200,"routeparentid":7804},{"union_rowno":3,"row":452,"routeno":"342 ST JOHNS-CHM","responsecode":200,"routeparentid":5147},{"union_rowno":3,"row":453,"routeno":"342-TA KRMTTMC-HND","responsecode":200,"routeparentid":3314},{"union_rowno":3,"row":454,"routeno":"343-N","responsecode":200,"routeparentid":3799},{"union_rowno":3,"row":455,"routeno":"345-C SNBS-NJP","responsecode":200,"routeparentid":7092},{"union_rowno":3,"row":456,"routeno":"345-E D34G-BGR-ANK","responsecode":200,"routeparentid":7837},{"union_rowno":3,"row":457,"routeno":"345-F SNBS-BGTC","responsecode":200,"routeparentid":7091},{"union_rowno":3,"row":458,"routeno":"345-F STJOHN-ANK","responsecode":200,"routeparentid":3492},{"union_rowno":3,"row":459,"routeno":"346-N","responsecode":200,"routeparentid":5453},{"union_rowno":3,"row":460,"routeno":"347-N","responsecode":200,"routeparentid":3582},{"union_rowno":3,"row":461,"routeno":"349-A D38G-HND","responsecode":200,"routeparentid":6255},{"union_rowno":3,"row":462,"routeno":"349-J KMT-IGNOUS","responsecode":200,"routeparentid":7164},{"union_rowno":3,"row":463,"routeno":"350-B KBS-MTN","responsecode":200,"routeparentid":7664},{"union_rowno":3,"row":464,"routeno":"350-D KBS-SPN","responsecode":200,"routeparentid":5488},{"union_rowno":3,"row":465,"routeno":"350-E KBS-NJP","responsecode":200,"routeparentid":5192},{"union_rowno":3,"row":466,"routeno":"351-H KBS-IGNOUS","responsecode":200,"routeparentid":7160},{"union_rowno":3,"row":467,"routeno":"351-H KMT-IGNOUS","responsecode":200,"routeparentid":7161},{"union_rowno":3,"row":468,"routeno":"352 SRN-HNG","responsecode":200,"routeparentid":5309},{"union_rowno":3,"row":469,"routeno":"353-B JGNAPC-CPR-HKR","responsecode":200,"routeparentid":4951},{"union_rowno":3,"row":470,"routeno":"356 ANK-D38G","responsecode":200,"routeparentid":5129},{"union_rowno":3,"row":471,"routeno":"356-CW INF-HSRBDA","responsecode":200,"routeparentid":5916},{"union_rowno":3,"row":472,"routeno":"356-CW SRN-HSRBDA UNFLY","responsecode":200,"routeparentid":5329},{"union_rowno":3,"row":473,"routeno":"356-JE NMG-ELCW","responsecode":200,"routeparentid":4917},{"union_rowno":3,"row":474,"routeno":"356-M ANK-JGNAPC","responsecode":200,"routeparentid":4944},{"union_rowno":3,"row":475,"routeno":"356-M CPR-ANK-RMH","responsecode":200,"routeparentid":5346},{"union_rowno":3,"row":476,"routeno":"356-M KBS-ELCFLY-ANK","responsecode":200,"routeparentid":4884},{"union_rowno":3,"row":477,"routeno":"356-Z ANK-DNMTB","responsecode":200,"routeparentid":6664},{"union_rowno":3,"row":478,"routeno":"356-Z ANK-MSH","responsecode":200,"routeparentid":6612},{"union_rowno":3,"row":479,"routeno":"356-Z D38-ANK","responsecode":200,"routeparentid":3000},{"union_rowno":3,"row":480,"routeno":"356-Z D38G-ANKL","responsecode":200,"routeparentid":5168},{"union_rowno":3,"row":481,"routeno":"360-J CSB-HNDL","responsecode":200,"routeparentid":3030},{"union_rowno":3,"row":482,"routeno":"360-K KRM-STJN-ATB","responsecode":200,"routeparentid":6659},{"union_rowno":3,"row":483,"routeno":"360-N","responsecode":200,"routeparentid":2811},{"union_rowno":3,"row":484,"routeno":"360-S D38G-ANK-RMH","responsecode":200,"routeparentid":5984},{"union_rowno":3,"row":485,"routeno":"360 SRN-ATB","responsecode":200,"routeparentid":1498},{"union_rowno":3,"row":486,"routeno":"365 D27G-BNP","responsecode":200,"routeparentid":7225},{"union_rowno":3,"row":487,"routeno":"365 D34G-BNP","responsecode":200,"routeparentid":2356},{"union_rowno":3,"row":488,"routeno":"365-J KBS-JGN-UAV","responsecode":200,"routeparentid":5487},{"union_rowno":3,"row":489,"routeno":"365J-BNZ-JNN","responsecode":200,"routeparentid":7601},{"union_rowno":3,"row":490,"routeno":"365 JBS-BNP","responsecode":200,"routeparentid":7352},{"union_rowno":3,"row":491,"routeno":"365 JEST END-BNP","responsecode":200,"routeparentid":6666},{"union_rowno":3,"row":492,"routeno":"365J-JAPC-JNN","responsecode":200,"routeparentid":7602},{"union_rowno":3,"row":493,"routeno":"365-N","responsecode":200,"routeparentid":2007},{"union_rowno":3,"row":494,"routeno":"365-P D27-ANK","responsecode":200,"routeparentid":3749},{"union_rowno":3,"row":495,"routeno":"365-P D34-ANK","responsecode":200,"routeparentid":4390},{"union_rowno":3,"row":496,"routeno":"365-P SNBS-ANK","responsecode":200,"routeparentid":6918},{"union_rowno":3,"row":497,"routeno":"366 D34-NSR","responsecode":200,"routeparentid":7593},{"union_rowno":3,"row":498,"routeno":"366-N","responsecode":200,"routeparentid":5117},{"union_rowno":3,"row":499,"routeno":"366-N D34G-GDH","responsecode":200,"routeparentid":7591},{"union_rowno":3,"row":500,"routeno":"366-N D34G-KMT","responsecode":200,"routeparentid":7592},{"union_rowno":3,"row":501,"routeno":"366-Z ANK-CNP","responsecode":200,"routeparentid":5135},{"union_rowno":3,"row":502,"routeno":"369-J JBS-EAST END-HML","responsecode":200,"routeparentid":4448},{"union_rowno":3,"row":503,"routeno":"369-N","responsecode":200,"routeparentid":3797},{"union_rowno":3,"row":504,"routeno":"369-N KMT-STMSC","responsecode":200,"routeparentid":4929},{"union_rowno":3,"row":505,"routeno":"36-B BSK-GNE","responsecode":200,"routeparentid":4348},{"union_rowno":3,"row":506,"routeno":"36 KBS-VSD-SNR","responsecode":200,"routeparentid":6971},{"union_rowno":3,"row":507,"routeno":"36 VSD-KMTFLY-SRN","responsecode":200,"routeparentid":6170},{"union_rowno":3,"row":508,"routeno":"36 VSD-SNR","responsecode":200,"routeparentid":7839},{"union_rowno":3,"row":509,"routeno":"36 VSDH-SNR","responsecode":200,"routeparentid":7840},{"union_rowno":3,"row":510,"routeno":"370-E D27G-RMND","responsecode":200,"routeparentid":6323},{"union_rowno":3,"row":511,"routeno":"370-E D34G-RND","responsecode":200,"routeparentid":7595},{"union_rowno":3,"row":512,"routeno":"372-C D34G-NSB","responsecode":200,"routeparentid":4464},{"union_rowno":3,"row":513,"routeno":"372-E KBS-CNP","responsecode":200,"routeparentid":5105},{"union_rowno":3,"row":514,"routeno":"372-E KMT-HRG-CNP","responsecode":200,"routeparentid":5107},{"union_rowno":3,"row":515,"routeno":"374-N","responsecode":200,"routeparentid":3846},{"union_rowno":3,"row":516,"routeno":"374-N D31G-NMG","responsecode":200,"routeparentid":7704},{"union_rowno":3,"row":517,"routeno":"374-N D35G-TVK-NML","responsecode":200,"routeparentid":4314},{"union_rowno":3,"row":518,"routeno":"374-S NMG-KMT","responsecode":200,"routeparentid":7722},{"union_rowno":3,"row":519,"routeno":"375-D STBEN-BSK","responsecode":200,"routeparentid":5776},{"union_rowno":3,"row":520,"routeno":"378-A KGR-ANK","responsecode":200,"routeparentid":5118},{"union_rowno":3,"row":521,"routeno":"378-A KGR-BNP","responsecode":200,"routeparentid":4083},{"union_rowno":3,"row":522,"routeno":"378-E JPN6-ELC","responsecode":200,"routeparentid":4472},{"union_rowno":3,"row":523,"routeno":"378-E JPN6-JSD-ELC","responsecode":200,"routeparentid":1776},{"union_rowno":3,"row":524,"routeno":"378-N","responsecode":200,"routeparentid":3397},{"union_rowno":3,"row":525,"routeno":"378-P D34G-JGN-CPR-HSS","responsecode":200,"routeparentid":7455},{"union_rowno":3,"row":526,"routeno":"380-G D24G-DNP","responsecode":200,"routeparentid":5855},{"union_rowno":3,"row":527,"routeno":"380-N","responsecode":200,"routeparentid":3558},{"union_rowno":3,"row":528,"routeno":"381-C HSK-NGRH-VJP","responsecode":200,"routeparentid":6290},{"union_rowno":3,"row":529,"routeno":"381-E TNF-HSK-KRMT","responsecode":200,"routeparentid":7873},{"union_rowno":3,"row":530,"routeno":"382-C KBS-DNH","responsecode":200,"routeparentid":3612},{"union_rowno":3,"row":531,"routeno":"398-B JGN-BGC-KGP","responsecode":200,"routeparentid":5101},{"union_rowno":3,"row":532,"routeno":"399-C SRN-CTP","responsecode":200,"routeparentid":5336},{"union_rowno":3,"row":533,"routeno":"399-D ANK-DMS","responsecode":200,"routeparentid":7446},{"union_rowno":3,"row":534,"routeno":"399-F ANK-ATB","responsecode":200,"routeparentid":5164},{"union_rowno":3,"row":535,"routeno":"399-F D27G-ANK-HSK","responsecode":200,"routeparentid":6010},{"union_rowno":3,"row":536,"routeno":"399-F D42G-HUK-ANK","responsecode":200,"routeparentid":5793},{"union_rowno":3,"row":537,"routeno":"399-F OMS-ANK","responsecode":200,"routeparentid":6129},{"union_rowno":3,"row":538,"routeno":"3F-1 D42G-ANK","responsecode":200,"routeparentid":6834},{"union_rowno":3,"row":539,"routeno":"3F-5 ANK-KGR","responsecode":200,"routeparentid":6606},{"union_rowno":3,"row":540,"routeno":"401-A NMG-YHKOT","responsecode":200,"routeparentid":3576},{"union_rowno":3,"row":541,"routeno":"401 ABDYNG-YHK","responsecode":200,"routeparentid":7714},{"union_rowno":3,"row":542,"routeno":"401-AN","responsecode":200,"routeparentid":1512},{"union_rowno":3,"row":543,"routeno":"401-B HPN-MSP-YHKOT","responsecode":200,"routeparentid":7862},{"union_rowno":3,"row":544,"routeno":"401-B VNS-HBL-YTTMC-HPN","responsecode":200,"routeparentid":7490},{"union_rowno":3,"row":545,"routeno":"401-B YBS-VNS","responsecode":200,"routeparentid":3079},{"union_rowno":3,"row":546,"routeno":"401-BC BSN-YTTMC","responsecode":200,"routeparentid":5049},{"union_rowno":3,"row":547,"routeno":"401-J PTH-HNS","responsecode":200,"routeparentid":3586},{"union_rowno":3,"row":548,"routeno":"401-K NMIT-NES-MSP-YTTMC","responsecode":200,"routeparentid":5031},{"union_rowno":3,"row":549,"routeno":"401-KB DPJN-KGR","responsecode":200,"routeparentid":7754},{"union_rowno":3,"row":550,"routeno":"401-KB VJN-RRMC","responsecode":200,"routeparentid":5414},{"union_rowno":3,"row":551,"routeno":"401-MN","responsecode":200,"routeparentid":3416},{"union_rowno":3,"row":552,"routeno":"401-MN BEML5-YTTMC","responsecode":200,"routeparentid":3423},{"union_rowno":3,"row":553,"routeno":"401-N","responsecode":200,"routeparentid":7385},{"union_rowno":3,"row":554,"routeno":"401-N D31G-MBS","responsecode":200,"routeparentid":7390},{"union_rowno":3,"row":555,"routeno":"401-N MBS-BEML5","responsecode":200,"routeparentid":7389},{"union_rowno":3,"row":556,"routeno":"401-N MBS-NDHMS","responsecode":200,"routeparentid":7387},{"union_rowno":3,"row":557,"routeno":"401-N RPC-YHK","responsecode":200,"routeparentid":4887},{"union_rowno":3,"row":558,"routeno":"401-N YTTMC-MBS-BSK","responsecode":200,"routeparentid":7386},{"union_rowno":3,"row":559,"routeno":"401-NY","responsecode":200,"routeparentid":7133},{"union_rowno":3,"row":560,"routeno":"401-NY YTTMC-HBL","responsecode":200,"routeparentid":7135},{"union_rowno":3,"row":561,"routeno":"401-NY YTTMC-MRBS","responsecode":200,"routeparentid":7134},{"union_rowno":3,"row":562,"routeno":"401-RD KGR-VJN","responsecode":200,"routeparentid":7789},{"union_rowno":3,"row":563,"routeno":"406 HBLB-NMG","responsecode":200,"routeparentid":7218},{"union_rowno":3,"row":564,"routeno":"406 NES-BRPR-HGV","responsecode":200,"routeparentid":7174},{"union_rowno":3,"row":565,"routeno":"406 NES-BRPR-NMG","responsecode":200,"routeparentid":7173},{"union_rowno":3,"row":566,"routeno":"406 NES-CKNH-NMG","responsecode":200,"routeparentid":7186},{"union_rowno":3,"row":567,"routeno":"406 PTML-NMG","responsecode":200,"routeparentid":7189},{"union_rowno":3,"row":568,"routeno":"406 YHKOT-NMG","responsecode":200,"routeparentid":7191},{"union_rowno":3,"row":569,"routeno":"407 NMG-NES-PTH","responsecode":200,"routeparentid":6942},{"union_rowno":3,"row":570,"routeno":"408-A DBP-NMG","responsecode":200,"routeparentid":7176},{"union_rowno":3,"row":571,"routeno":"410-FA DPJN-YBS","responsecode":200,"routeparentid":6622},{"union_rowno":3,"row":572,"routeno":"410-FA SNH-BSK","responsecode":200,"routeparentid":7679},{"union_rowno":3,"row":573,"routeno":"410-K BSK-CDSN","responsecode":200,"routeparentid":7349},{"union_rowno":3,"row":574,"routeno":"410-K JHC-NDHMF","responsecode":200,"routeparentid":4462},{"union_rowno":3,"row":575,"routeno":"410-K JJHC-CDSN","responsecode":200,"routeparentid":7348},{"union_rowno":3,"row":576,"routeno":"410-K NMG-BSK","responsecode":200,"routeparentid":5509},{"union_rowno":3,"row":577,"routeno":"410K BSK-VDN","responsecode":200,"routeparentid":7574},{"union_rowno":3,"row":578,"routeno":"410 YTTMC-NBC-NYH-RRG-BEML5","responsecode":200,"routeparentid":5702},{"union_rowno":3,"row":579,"routeno":"411-A CSB-MVW-HALNPS","responsecode":200,"routeparentid":6031},{"union_rowno":3,"row":580,"routeno":"411-A HALM-JNRTTMC","responsecode":200,"routeparentid":6369},{"union_rowno":3,"row":581,"routeno":"412 KLN-BRAB DMLR","responsecode":200,"routeparentid":7582},{"union_rowno":3,"row":582,"routeno":"412 KLN-BSK","responsecode":200,"routeparentid":7583},{"union_rowno":3,"row":583,"routeno":"415-B KBS-VSD-VNH","responsecode":200,"routeparentid":6192},{"union_rowno":3,"row":584,"routeno":"415 BVSN-SBS","responsecode":200,"routeparentid":6375},{"union_rowno":3,"row":585,"routeno":"415-H KBS-VSD-MNP-AJB","responsecode":200,"routeparentid":6931},{"union_rowno":3,"row":586,"routeno":"43-A VSD-VKNN","responsecode":200,"routeparentid":2958},{"union_rowno":3,"row":587,"routeno":"43-C BSK-MNKK","responsecode":200,"routeparentid":3142},{"union_rowno":3,"row":588,"routeno":"43-D PPLO-VBN","responsecode":200,"routeparentid":3149},{"union_rowno":3,"row":589,"routeno":"43-JA DPJN-BRN","responsecode":200,"routeparentid":5404},{"union_rowno":3,"row":590,"routeno":"45-B BSK-BVN","responsecode":200,"routeparentid":3174},{"union_rowno":3,"row":591,"routeno":"45-B VSD-BVN","responsecode":200,"routeparentid":3177},{"union_rowno":3,"row":592,"routeno":"49 BDVN-KBS","responsecode":200,"routeparentid":4205},{"union_rowno":3,"row":593,"routeno":"49 PPLO-BNR","responsecode":200,"routeparentid":7123},{"union_rowno":3,"row":594,"routeno":"500-CH KLN-SJP","responsecode":200,"routeparentid":2745},{"union_rowno":3,"row":595,"routeno":"500-CK GNE-BSK-ITPL","responsecode":200,"routeparentid":1040},{"union_rowno":3,"row":596,"routeno":"500-D BEML-TNF-CSB","responsecode":200,"routeparentid":7559},{"union_rowno":3,"row":597,"routeno":"500-D CSB-RKHN","responsecode":200,"routeparentid":7078},{"union_rowno":3,"row":598,"routeno":"500-D D24G-MRHB-MNK","responsecode":200,"routeparentid":3675},{"union_rowno":3,"row":599,"routeno":"500-D D24G-TNF-MTHB","responsecode":200,"routeparentid":5912},{"union_rowno":3,"row":600,"routeno":"500-D MNK-TNF-D24G","responsecode":200,"routeparentid":3865},{"union_rowno":3,"row":601,"routeno":"500-D MRHB-RTNP","responsecode":200,"routeparentid":5350},{"union_rowno":3,"row":602,"routeno":"500-DC D32 SRYN-HBLB","responsecode":200,"routeparentid":2772},{"union_rowno":3,"row":603,"routeno":"500-DG NMG-KRPMS","responsecode":200,"routeparentid":6277},{"union_rowno":3,"row":604,"routeno":"500-DP DNK-GGP","responsecode":200,"routeparentid":5854},{"union_rowno":3,"row":605,"routeno":"500-HK D48G-TNF-HSK","responsecode":200,"routeparentid":2924},{"union_rowno":3,"row":606,"routeno":"500-HK KLNB-BSBI","responsecode":200,"routeparentid":3987},{"union_rowno":3,"row":607,"routeno":"500-L BSK-TNF-KRPGH","responsecode":200,"routeparentid":6469},{"union_rowno":3,"row":608,"routeno":"500L D6G-TNF-BSK","responsecode":200,"routeparentid":5507},{"union_rowno":3,"row":609,"routeno":"500-Q D10G-TNF-KRPGH","responsecode":200,"routeparentid":6458},{"union_rowno":3,"row":610,"routeno":"500-Q KRPGH-TNF-BGLR","responsecode":200,"routeparentid":6454},{"union_rowno":3,"row":611,"routeno":"500-Q VNS-TNF-KRPGH","responsecode":200,"routeparentid":5512},{"union_rowno":3,"row":612,"routeno":"500-Q VNSH-CJP","responsecode":200,"routeparentid":5053},{"union_rowno":3,"row":613,"routeno":"500-QG NMG-D10G","responsecode":200,"routeparentid":2906},{"union_rowno":3,"row":614,"routeno":"500-QG RTNPS-HBL-GGP","responsecode":200,"routeparentid":3269},{"union_rowno":3,"row":615,"routeno":"500-QN","responsecode":200,"routeparentid":2948},{"union_rowno":3,"row":616,"routeno":"501-A D45G-VRP-HBL-KNG-BSK","responsecode":200,"routeparentid":6730},{"union_rowno":3,"row":617,"routeno":"501-A ST BEN-BSK","responsecode":200,"routeparentid":7343},{"union_rowno":3,"row":618,"routeno":"501-A VNS-GGP-ITIL","responsecode":200,"routeparentid":5656},{"union_rowno":3,"row":619,"routeno":"501-A VRP-HBL-KNG-BSK","responsecode":200,"routeparentid":5567},{"union_rowno":3,"row":620,"routeno":"501-BH BSK-KLN","responsecode":200,"routeparentid":7082},{"union_rowno":3,"row":621,"routeno":"501-C STBEN-KGR-HBLB","responsecode":200,"routeparentid":4116},{"union_rowno":3,"row":622,"routeno":"501-NH","responsecode":200,"routeparentid":6134},{"union_rowno":3,"row":623,"routeno":"501-NH BEML5-HBLB","responsecode":200,"routeparentid":6257},{"union_rowno":3,"row":624,"routeno":"501-NH DPJN-HBLB","responsecode":200,"routeparentid":6141},{"union_rowno":3,"row":625,"routeno":"502-A GNP-HBL","responsecode":200,"routeparentid":3941},{"union_rowno":3,"row":626,"routeno":"502-DA YTTMC-MTK-AMNRH","responsecode":200,"routeparentid":6927},{"union_rowno":3,"row":627,"routeno":"502-E ANPN-GKVK","responsecode":200,"routeparentid":3379},{"union_rowno":3,"row":628,"routeno":"502-FA D9-NMG","responsecode":200,"routeparentid":6298},{"union_rowno":3,"row":629,"routeno":"502-H D31G-KTS-DWN","responsecode":200,"routeparentid":7410},{"union_rowno":3,"row":630,"routeno":"505 TNF-KKH-VRK","responsecode":200,"routeparentid":7785},{"union_rowno":3,"row":631,"routeno":"506 TNF-DVG","responsecode":200,"routeparentid":3688},{"union_rowno":3,"row":632,"routeno":"507-C D48G-DWKN","responsecode":200,"routeparentid":3437},{"union_rowno":3,"row":633,"routeno":"507-P PSS-JHC-SDN","responsecode":200,"routeparentid":4829},{"union_rowno":3,"row":634,"routeno":"507 PSS-GGP-RMN-KRPGH","responsecode":200,"routeparentid":4660},{"union_rowno":3,"row":635,"routeno":"507 VNS-HBLB","responsecode":200,"routeparentid":2984},{"union_rowno":3,"row":636,"routeno":"50 BNR-SBS Flyover","responsecode":200,"routeparentid":6273},{"union_rowno":3,"row":637,"routeno":"59 DPN-JJN","responsecode":200,"routeparentid":6334},{"union_rowno":3,"row":638,"routeno":"5F KGR-ANP","responsecode":200,"routeparentid":4469},{"union_rowno":3,"row":639,"routeno":"600-CA ANK-CSB","responsecode":200,"routeparentid":7018},{"union_rowno":3,"row":640,"routeno":"600CA ELC A-ANK","responsecode":200,"routeparentid":7013},{"union_rowno":3,"row":641,"routeno":"600-F CPR-NDH-BEML5","responsecode":200,"routeparentid":2793},{"union_rowno":3,"row":642,"routeno":"600-FC BEML5-JGNAPC","responsecode":200,"routeparentid":2714},{"union_rowno":3,"row":643,"routeno":"60-A CLO-MRNH","responsecode":200,"routeparentid":2923},{"union_rowno":3,"row":644,"routeno":"60-A MRNB-VTN","responsecode":200,"routeparentid":7361},{"union_rowno":3,"row":645,"routeno":"60A-MDP-NBC","responsecode":200,"routeparentid":7608},{"union_rowno":3,"row":646,"routeno":"60-E BRVN-KVN","responsecode":200,"routeparentid":6816},{"union_rowno":3,"row":647,"routeno":"60-J VJN-KRM1","responsecode":200,"routeparentid":4166},{"union_rowno":3,"row":648,"routeno":"61-C DPJN-BCCLO","responsecode":200,"routeparentid":3759},{"union_rowno":3,"row":649,"routeno":"63-C DPJN-SBS","responsecode":200,"routeparentid":3766},{"union_rowno":3,"row":650,"routeno":"75 DPJN-MBS","responsecode":200,"routeparentid":4042},{"union_rowno":3,"row":651,"routeno":"79-E MYH-SBS-NLO","responsecode":200,"routeparentid":4984},{"union_rowno":3,"row":652,"routeno":"79-E NLO-VSD-SBS-MYH","responsecode":200,"routeparentid":4982},{"union_rowno":3,"row":653,"routeno":"79E VSD-NLO","responsecode":200,"routeparentid":4985},{"union_rowno":3,"row":654,"routeno":"79-K SBS-CVN","responsecode":200,"routeparentid":6286},{"union_rowno":3,"row":655,"routeno":"80-A KBS-NLO-D31G","responsecode":200,"routeparentid":7563},{"union_rowno":3,"row":656,"routeno":"80-A NLO-JP3","responsecode":200,"routeparentid":3608},{"union_rowno":3,"row":657,"routeno":"80-A NLO-KDC-VSD-IXP","responsecode":200,"routeparentid":4946},{"union_rowno":3,"row":658,"routeno":"80-A YTTMC-NLO","responsecode":200,"routeparentid":3600},{"union_rowno":3,"row":659,"routeno":"80-D SBS-VSD-KBS-RBJN","responsecode":200,"routeparentid":5235},{"union_rowno":3,"row":660,"routeno":"80-D YTTMC-RBJN","responsecode":200,"routeparentid":5236},{"union_rowno":3,"row":661,"routeno":"80-E YTTMC-KNN-2","responsecode":200,"routeparentid":4943},{"union_rowno":3,"row":662,"routeno":"80-F JBN-YTTMC","responsecode":200,"routeparentid":4940},{"union_rowno":3,"row":663,"routeno":"80-G SNBS-KBS-SMH","responsecode":200,"routeparentid":7846},{"union_rowno":3,"row":664,"routeno":"87 KBS-DPJN","responsecode":200,"routeparentid":3519},{"union_rowno":3,"row":665,"routeno":"88-A BSN-CVN","responsecode":200,"routeparentid":5082},{"union_rowno":3,"row":666,"routeno":"88-A BSN-GPO","responsecode":200,"routeparentid":4953},{"union_rowno":3,"row":667,"routeno":"88-B BSN-VSD-KBS","responsecode":200,"routeparentid":4265},{"union_rowno":3,"row":668,"routeno":"88-B SBS-KBS-BSN","responsecode":200,"routeparentid":4259},{"union_rowno":3,"row":669,"routeno":"89-A YTTMC-CVN","responsecode":200,"routeparentid":1765},{"union_rowno":3,"row":670,"routeno":"89-C SMH-CVN","responsecode":200,"routeparentid":3477},{"union_rowno":3,"row":671,"routeno":"89-CKBS-VSD-CVN","responsecode":200,"routeparentid":4908},{"union_rowno":3,"row":672,"routeno":"89-D SMH-JCN","responsecode":200,"routeparentid":1125},{"union_rowno":3,"row":673,"routeno":"89-D YTTMC-JCN","responsecode":200,"routeparentid":5020},{"union_rowno":3,"row":674,"routeno":"89-E SNBS-CVN","responsecode":200,"routeparentid":4913},{"union_rowno":3,"row":675,"routeno":"95-B YTTMC-SNBS","responsecode":200,"routeparentid":5130},{"union_rowno":3,"row":676,"routeno":"96-B VSD-KBS-SKRNBS","responsecode":200,"routeparentid":4872},{"union_rowno":3,"row":677,"routeno":"96-B YTTMC-BEMLKN","responsecode":200,"routeparentid":4850},{"union_rowno":3,"row":678,"routeno":"96-E KMT-KNR","responsecode":200,"routeparentid":4852},{"union_rowno":3,"row":679,"routeno":"96-G D31G-SNB","responsecode":200,"routeparentid":3488},{"union_rowno":3,"row":680,"routeno":"96-G SNB-BSN","responsecode":200,"routeparentid":3683},{"union_rowno":3,"row":681,"routeno":"96-G YTTMC-SNB","responsecode":200,"routeparentid":3489},{"union_rowno":3,"row":682,"routeno":"99-A MKN -CKB","responsecode":200,"routeparentid":5095},{"union_rowno":3,"row":683,"routeno":"99-A YTTMC-MKN","responsecode":200,"routeparentid":2890},{"union_rowno":3,"row":684,"routeno":"AmnexTestForRoute","responsecode":200,"routeparentid":1139},{"union_rowno":3,"row":685,"routeno":"ASN-D14G","responsecode":200,"routeparentid":4736},{"union_rowno":3,"row":686,"routeno":"BC-7A D35G-MDNH","responsecode":200,"routeparentid":1707},{"union_rowno":3,"row":687,"routeno":"BC-7A KDBGC-MNKH-NMG","responsecode":200,"routeparentid":7638},{"union_rowno":3,"row":688,"routeno":"BC-7B PSS-ANDRH-HRHC","responsecode":200,"routeparentid":7888},{"union_rowno":3,"row":689,"routeno":"BC-7B PSS-NLGH-8thM","responsecode":200,"routeparentid":6080},{"union_rowno":3,"row":690,"routeno":"BC-9 KLNB-BTRNP","responsecode":200,"routeparentid":6151},{"union_rowno":3,"row":691,"routeno":"BSK-JNN","responsecode":200,"routeparentid":7529},{"union_rowno":3,"row":692,"routeno":"BSK-JPN6-JPN7TH","responsecode":200,"routeparentid":6598},{"union_rowno":3,"row":693,"routeno":"BSK-NRC","responsecode":200,"routeparentid":5858},{"union_rowno":3,"row":694,"routeno":"BSK-VNICGM","responsecode":200,"routeparentid":7212},{"union_rowno":3,"row":695,"routeno":"CALLBUS-02 ANP-SNBS","responsecode":200,"routeparentid":4427},{"union_rowno":3,"row":696,"routeno":"CHAKRA-10A D10G-KLN","responsecode":200,"routeparentid":7056},{"union_rowno":3,"row":697,"routeno":"CHAKRA-10A KLN-HNR","responsecode":200,"routeparentid":7057},{"union_rowno":3,"row":698,"routeno":"Chakra-16A KVUL-DNK","responsecode":200,"routeparentid":7540},{"union_rowno":3,"row":699,"routeno":"CLO-BSN","responsecode":200,"routeparentid":3039},{"union_rowno":3,"row":700,"routeno":"CLO-NBC-KTP","responsecode":200,"routeparentid":3223},{"union_rowno":3,"row":701,"routeno":"CLO-SNB","responsecode":200,"routeparentid":3495},{"union_rowno":3,"row":702,"routeno":"CLO-VNK","responsecode":200,"routeparentid":7735},{"union_rowno":3,"row":703,"routeno":"CNS SVN-01","responsecode":200,"routeparentid":4506},{"union_rowno":3,"row":704,"routeno":"CNS SVN-1","responsecode":200,"routeparentid":6163},{"union_rowno":3,"row":705,"routeno":"CSB-SNBS","responsecode":200,"routeparentid":7485},{"union_rowno":3,"row":706,"routeno":"D06G-MNK","responsecode":200,"routeparentid":6580},{"union_rowno":3,"row":707,"routeno":"D10G-BNW","responsecode":200,"routeparentid":4554},{"union_rowno":3,"row":708,"routeno":"D10G-HNRJN","responsecode":200,"routeparentid":2947},{"union_rowno":3,"row":709,"routeno":"D10G-KLN 302","responsecode":200,"routeparentid":6562},{"union_rowno":3,"row":710,"routeno":"D12-BSN","responsecode":200,"routeparentid":1276},{"union_rowno":3,"row":711,"routeno":"D12G-ACP-MNLO","responsecode":200,"routeparentid":6000},{"union_rowno":3,"row":712,"routeno":"D14G-RTNPS-HBLB","responsecode":200,"routeparentid":5658},{"union_rowno":3,"row":713,"routeno":"D14-RTN","responsecode":200,"routeparentid":1568},{"union_rowno":3,"row":714,"routeno":"D14-RTN GGN","responsecode":200,"routeparentid":5965},{"union_rowno":3,"row":715,"routeno":"D16-DPJN","responsecode":200,"routeparentid":1110},{"union_rowno":3,"row":716,"routeno":"D19G-NLNC","responsecode":200,"routeparentid":6364},{"union_rowno":3,"row":717,"routeno":"D23-KLN","responsecode":200,"routeparentid":1717},{"union_rowno":3,"row":718,"routeno":"D24G-DNK","responsecode":200,"routeparentid":3880},{"union_rowno":3,"row":719,"routeno":"D24G-TNF","responsecode":200,"routeparentid":3450},{"union_rowno":3,"row":720,"routeno":"D24G-TNFY","responsecode":200,"routeparentid":7324},{"union_rowno":3,"row":721,"routeno":"D24-TNF","responsecode":200,"routeparentid":6314},{"union_rowno":3,"row":722,"routeno":"D27G-ANKL","responsecode":200,"routeparentid":7564},{"union_rowno":3,"row":723,"routeno":"D2-SNBS","responsecode":200,"routeparentid":1001},{"union_rowno":3,"row":724,"routeno":"D30-NES","responsecode":200,"routeparentid":7009},{"union_rowno":3,"row":725,"routeno":"D30-PTN","responsecode":200,"routeparentid":1556},{"union_rowno":3,"row":726,"routeno":"D31G-JMN","responsecode":200,"routeparentid":3603},{"union_rowno":3,"row":727,"routeno":"D31G-MCCVN","responsecode":200,"routeparentid":5472},{"union_rowno":3,"row":728,"routeno":"D31G-NBV11","responsecode":200,"routeparentid":6157},{"union_rowno":3,"row":729,"routeno":"D31G-VGN","responsecode":200,"routeparentid":5482},{"union_rowno":3,"row":730,"routeno":"D32-SRN","responsecode":200,"routeparentid":1497},{"union_rowno":3,"row":731,"routeno":"D34G-ANP","responsecode":200,"routeparentid":4428},{"union_rowno":3,"row":732,"routeno":"D36G-KNGP","responsecode":200,"routeparentid":1401},{"union_rowno":3,"row":733,"routeno":"D38G-DNMTB","responsecode":200,"routeparentid":5290},{"union_rowno":3,"row":734,"routeno":"D38G-HLG-ANK","responsecode":200,"routeparentid":6493},{"union_rowno":3,"row":735,"routeno":"D38G-MTN","responsecode":200,"routeparentid":3194},{"union_rowno":3,"row":736,"routeno":"D3-SNBS","responsecode":200,"routeparentid":994},{"union_rowno":3,"row":737,"routeno":"D41G-MLR-NTD","responsecode":200,"routeparentid":5226},{"union_rowno":3,"row":738,"routeno":"D41-GNJR","responsecode":200,"routeparentid":2541},{"union_rowno":3,"row":739,"routeno":"D42G-NPTS","responsecode":200,"routeparentid":7639},{"union_rowno":3,"row":740,"routeno":"D43-AND","responsecode":200,"routeparentid":3468},{"union_rowno":3,"row":741,"routeno":"D43-KTN","responsecode":200,"routeparentid":3960},{"union_rowno":3,"row":742,"routeno":"D43-VNC","responsecode":200,"routeparentid":7884},{"union_rowno":3,"row":743,"routeno":"D44-ANP10","responsecode":200,"routeparentid":1818},{"union_rowno":3,"row":744,"routeno":"D44-ANP10BLK","responsecode":200,"routeparentid":6229},{"union_rowno":3,"row":745,"routeno":"D-45G-DWN","responsecode":200,"routeparentid":7356},{"union_rowno":3,"row":746,"routeno":"D45G-NCBS","responsecode":200,"routeparentid":7478},{"union_rowno":3,"row":747,"routeno":"D48G-KNP-NNH","responsecode":200,"routeparentid":7626},{"union_rowno":3,"row":748,"routeno":"D4-JNN","responsecode":200,"routeparentid":7331},{"union_rowno":3,"row":749,"routeno":"D50-DVHNBS","responsecode":200,"routeparentid":2611},{"union_rowno":3,"row":750,"routeno":"D52G-MRN","responsecode":200,"routeparentid":7457},{"union_rowno":3,"row":751,"routeno":"D52G-MSGNH","responsecode":200,"routeparentid":7484},{"union_rowno":3,"row":752,"routeno":"D6G-CVRN","responsecode":200,"routeparentid":1796},{"union_rowno":3,"row":753,"routeno":"D6G-MNBS","responsecode":200,"routeparentid":5435},{"union_rowno":3,"row":754,"routeno":"D6G-NRG","responsecode":200,"routeparentid":1643},{"union_rowno":3,"row":755,"routeno":"DNM-ATB","responsecode":200,"routeparentid":7375},{"union_rowno":3,"row":756,"routeno":"DPJN-BRDVN","responsecode":200,"routeparentid":4085},{"union_rowno":3,"row":757,"routeno":"DPJN-GNE","responsecode":200,"routeparentid":5220},{"union_rowno":3,"row":758,"routeno":"DPJN-HSK","responsecode":200,"routeparentid":4203},{"union_rowno":3,"row":759,"routeno":"DPJN-JJN","responsecode":200,"routeparentid":1661},{"union_rowno":3,"row":760,"routeno":"DPJN-KSP","responsecode":200,"routeparentid":4199},{"union_rowno":3,"row":761,"routeno":"DPJN-MCTC","responsecode":200,"routeparentid":6929},{"union_rowno":3,"row":762,"routeno":"DPJN-MRBS","responsecode":200,"routeparentid":7233},{"union_rowno":3,"row":763,"routeno":"DPJN-NTN","responsecode":200,"routeparentid":1488},{"union_rowno":3,"row":764,"routeno":"DPJN-RPCLO","responsecode":200,"routeparentid":1572},{"union_rowno":3,"row":765,"routeno":"EJP-STJN","responsecode":200,"routeparentid":7293},{"union_rowno":3,"row":766,"routeno":"ELC-CNM","responsecode":200,"routeparentid":7137},{"union_rowno":3,"row":767,"routeno":"ELC-SBN","responsecode":200,"routeparentid":5490},{"union_rowno":3,"row":768,"routeno":"G-11 SNBS-BGL","responsecode":200,"routeparentid":1694},{"union_rowno":3,"row":769,"routeno":"G-11 SNBS-BLR","responsecode":200,"routeparentid":4778},{"union_rowno":3,"row":770,"routeno":"G-2 MGR-NGV","responsecode":200,"routeparentid":7511},{"union_rowno":3,"row":771,"routeno":"G-2 MH-SNBS","responsecode":200,"routeparentid":5830},{"union_rowno":3,"row":772,"routeno":"G-2 NGVJ-SJP","responsecode":200,"routeparentid":7509},{"union_rowno":3,"row":773,"routeno":"G-2 NSR-HSR KEB","responsecode":200,"routeparentid":7520},{"union_rowno":3,"row":774,"routeno":"G-3 BGR-SRN","responsecode":200,"routeparentid":2831},{"union_rowno":3,"row":775,"routeno":"G-4 MGMS-BNP","responsecode":200,"routeparentid":1010},{"union_rowno":3,"row":776,"routeno":"G-4 SBS-BNP","responsecode":200,"routeparentid":2388},{"union_rowno":3,"row":777,"routeno":"G-6 BEML5-SNBS","responsecode":200,"routeparentid":5387},{"union_rowno":3,"row":778,"routeno":"G-6A SNBS-NBC-BSNK","responsecode":200,"routeparentid":5723},{"union_rowno":3,"row":779,"routeno":"GBN-1","responsecode":200,"routeparentid":5938},{"union_rowno":3,"row":780,"routeno":"HALNPS-4","responsecode":200,"routeparentid":4950},{"union_rowno":3,"row":781,"routeno":"HKH-DPJN","responsecode":200,"routeparentid":2976},{"union_rowno":3,"row":782,"routeno":"HPN-CLO","responsecode":200,"routeparentid":3050},{"union_rowno":3,"row":783,"routeno":"HSS-GJR-CNS","responsecode":200,"routeparentid":4621},{"union_rowno":3,"row":784,"routeno":"INF-10","responsecode":200,"routeparentid":5930},{"union_rowno":3,"row":785,"routeno":"INF-11","responsecode":200,"routeparentid":5935},{"union_rowno":3,"row":786,"routeno":"INF-1A","responsecode":200,"routeparentid":5936},{"union_rowno":3,"row":787,"routeno":"INF-39","responsecode":200,"routeparentid":5878},{"union_rowno":3,"row":788,"routeno":"INF-46","responsecode":200,"routeparentid":5879},{"union_rowno":3,"row":789,"routeno":"INF-47","responsecode":200,"routeparentid":5882},{"union_rowno":3,"row":790,"routeno":"INFOSYS-12","responsecode":200,"routeparentid":5929},{"union_rowno":3,"row":791,"routeno":"INFOSYS-17A","responsecode":200,"routeparentid":5919},{"union_rowno":3,"row":792,"routeno":"INFOSYS-18","responsecode":200,"routeparentid":5918},{"union_rowno":3,"row":793,"routeno":"INFOSYS-24","responsecode":200,"routeparentid":5845},{"union_rowno":3,"row":794,"routeno":"INFOSYS-27E","responsecode":200,"routeparentid":6110},{"union_rowno":3,"row":795,"routeno":"INFOSYS-28","responsecode":200,"routeparentid":6103},{"union_rowno":3,"row":796,"routeno":"INFOSYS-29","responsecode":200,"routeparentid":6102},{"union_rowno":3,"row":797,"routeno":"INFOSYS-31","responsecode":200,"routeparentid":6104},{"union_rowno":3,"row":798,"routeno":"INFOSYS-32","responsecode":200,"routeparentid":6107},{"union_rowno":3,"row":799,"routeno":"INFOSYS-34","responsecode":200,"routeparentid":6108},{"union_rowno":3,"row":800,"routeno":"INFOSYS-35","responsecode":200,"routeparentid":6109},{"union_rowno":3,"row":801,"routeno":"INFOSYS-52","responsecode":200,"routeparentid":6098},{"union_rowno":3,"row":802,"routeno":"INFOSYS-53","responsecode":200,"routeparentid":6100},{"union_rowno":3,"row":803,"routeno":"INFOSYS-55","responsecode":200,"routeparentid":5901},{"union_rowno":3,"row":804,"routeno":"INFOSYS-58C","responsecode":200,"routeparentid":6101},{"union_rowno":3,"row":805,"routeno":"INM-MH HAL-1","responsecode":200,"routeparentid":3832},{"union_rowno":3,"row":806,"routeno":"INM-MH HAL-2","responsecode":200,"routeparentid":3833},{"union_rowno":3,"row":807,"routeno":"ISROKN-4","responsecode":200,"routeparentid":4746},{"union_rowno":3,"row":808,"routeno":"ITPB-1N","responsecode":200,"routeparentid":5627},{"union_rowno":3,"row":809,"routeno":"ITPB-4N","responsecode":200,"routeparentid":2722},{"union_rowno":3,"row":810,"routeno":"ITPL-3N","responsecode":200,"routeparentid":2296},{"union_rowno":3,"row":811,"routeno":"JINDAL-1","responsecode":200,"routeparentid":5758},{"union_rowno":3,"row":812,"routeno":"JNN-JNR4T","responsecode":200,"routeparentid":4538},{"union_rowno":3,"row":813,"routeno":"JNSVS-1","responsecode":200,"routeparentid":6430},{"union_rowno":3,"row":814,"routeno":"JNSVS-3","responsecode":200,"routeparentid":5835},{"union_rowno":3,"row":815,"routeno":"JNSVS-4","responsecode":200,"routeparentid":5838},{"union_rowno":3,"row":816,"routeno":"JNSVS-5","responsecode":200,"routeparentid":5578},{"union_rowno":3,"row":817,"routeno":"JNSVS-6","responsecode":200,"routeparentid":5440},{"union_rowno":3,"row":818,"routeno":"JNSVS-UTH-BSK","responsecode":200,"routeparentid":7388},{"union_rowno":3,"row":819,"routeno":"JPN6-BSK","responsecode":200,"routeparentid":7304},{"union_rowno":3,"row":820,"routeno":"K-3 BSN-MRBS","responsecode":200,"routeparentid":7805},{"union_rowno":3,"row":821,"routeno":"KANGOVI-1","responsecode":200,"routeparentid":4741},{"union_rowno":3,"row":822,"routeno":"KANGOVI-6","responsecode":200,"routeparentid":4690},{"union_rowno":3,"row":823,"routeno":"KANGOVI-7","responsecode":200,"routeparentid":4689},{"union_rowno":3,"row":824,"routeno":"KANGOVI-8","responsecode":200,"routeparentid":4707},{"union_rowno":3,"row":825,"routeno":"KANGOVI-9","responsecode":200,"routeparentid":4709},{"union_rowno":3,"row":826,"routeno":"KBS-12HK HSK-CVRNRG","responsecode":200,"routeparentid":6247},{"union_rowno":3,"row":827,"routeno":"KBS-3A KBS-SRN","responsecode":200,"routeparentid":6199},{"union_rowno":3,"row":828,"routeno":"KBS-3E KBS-INF","responsecode":200,"routeparentid":5880},{"union_rowno":3,"row":829,"routeno":"KBS-5H SNBSTTMC-KGP","responsecode":200,"routeparentid":4431},{"union_rowno":3,"row":830,"routeno":"KBS-DPJN","responsecode":200,"routeparentid":1138},{"union_rowno":3,"row":831,"routeno":"KBS-TNF-KDG-D51G","responsecode":200,"routeparentid":7845},{"union_rowno":3,"row":832,"routeno":"KBS-TNF-KRPGH","responsecode":200,"routeparentid":6840},{"union_rowno":3,"row":833,"routeno":"KGR-JNSVS","responsecode":200,"routeparentid":5442},{"union_rowno":3,"row":834,"routeno":"KGR-NBC-CLO","responsecode":200,"routeparentid":3056},{"union_rowno":3,"row":835,"routeno":"KINHT-2","responsecode":200,"routeparentid":5739},{"union_rowno":3,"row":836,"routeno":"KLK-NGWJN","responsecode":200,"routeparentid":7631},{"union_rowno":3,"row":837,"routeno":"KLN-AJB","responsecode":200,"routeparentid":7040},{"union_rowno":3,"row":838,"routeno":"KLNB-BNWD-SMVT-BEML","responsecode":200,"routeparentid":6507},{"union_rowno":3,"row":839,"routeno":"KLN-BCC","responsecode":200,"routeparentid":7495},{"union_rowno":3,"row":840,"routeno":"KLNB-HBRL","responsecode":200,"routeparentid":3980},{"union_rowno":3,"row":841,"routeno":"KLN-D10G","responsecode":200,"routeparentid":7099},{"union_rowno":3,"row":842,"routeno":"KLN-DAMC","responsecode":200,"routeparentid":7097},{"union_rowno":3,"row":843,"routeno":"KLN-GNP","responsecode":200,"routeparentid":7043},{"union_rowno":3,"row":844,"routeno":"KLN-HBR","responsecode":200,"routeparentid":7041},{"union_rowno":3,"row":845,"routeno":"KLN-HBR1","responsecode":200,"routeparentid":7088},{"union_rowno":3,"row":846,"routeno":"KLN-HRBR1","responsecode":200,"routeparentid":6871},{"union_rowno":3,"row":847,"routeno":"KLN-KLKRC","responsecode":200,"routeparentid":3954},{"union_rowno":3,"row":848,"routeno":"KLN-NGVR","responsecode":200,"routeparentid":7049},{"union_rowno":3,"row":849,"routeno":"KLN-NTKH","responsecode":200,"routeparentid":7080},{"union_rowno":3,"row":850,"routeno":"KLN-SBH","responsecode":200,"routeparentid":7055},{"union_rowno":3,"row":851,"routeno":"KLN-SMVT-D06G","responsecode":200,"routeparentid":7560},{"union_rowno":3,"row":852,"routeno":"KLN-TCL","responsecode":200,"routeparentid":7052},{"union_rowno":3,"row":853,"routeno":"KLN-UTM","responsecode":200,"routeparentid":4343},{"union_rowno":3,"row":854,"routeno":"KLN-VDP","responsecode":200,"routeparentid":7053},{"union_rowno":3,"row":855,"routeno":"KMT-KBS-VNS","responsecode":200,"routeparentid":4325},{"union_rowno":3,"row":856,"routeno":"KMT-KRC-RTN-VNS","responsecode":200,"routeparentid":6450},{"union_rowno":3,"row":857,"routeno":"KMT-SNBS","responsecode":200,"routeparentid":1006},{"union_rowno":3,"row":858,"routeno":"KMT-SNBS-KRMTTMC","responsecode":200,"routeparentid":1689},{"union_rowno":3,"row":859,"routeno":"KMT-TNF-KRPGH","responsecode":200,"routeparentid":7204},{"union_rowno":3,"row":860,"routeno":"KMT-YHK-NITTE","responsecode":200,"routeparentid":4511},{"union_rowno":3,"row":861,"routeno":"KNB-OASIS","responsecode":200,"routeparentid":4002},{"union_rowno":3,"row":862,"routeno":"KNP-KLN","responsecode":200,"routeparentid":6441},{"union_rowno":3,"row":863,"routeno":"KNUR-D48","responsecode":200,"routeparentid":7344},{"union_rowno":3,"row":864,"routeno":"KRM-NTVB5","responsecode":200,"routeparentid":7272},{"union_rowno":3,"row":865,"routeno":"KRMTTMC-NGV","responsecode":200,"routeparentid":7510},{"union_rowno":3,"row":866,"routeno":"KRMTTMC-SNVL","responsecode":200,"routeparentid":1745},{"union_rowno":3,"row":867,"routeno":"KRPGH-RBM-BMS-SNBS","responsecode":200,"routeparentid":5460},{"union_rowno":3,"row":868,"routeno":"KVASC-NRG","responsecode":200,"routeparentid":5895},{"union_rowno":3,"row":869,"routeno":"KVASC-NSR","responsecode":200,"routeparentid":5873},{"union_rowno":3,"row":870,"routeno":"MBS-12 ANP-VSD-KBS","responsecode":200,"routeparentid":3836},{"union_rowno":3,"row":871,"routeno":"MBS-12 PSS-ANP","responsecode":200,"routeparentid":3831},{"union_rowno":3,"row":872,"routeno":"MBS-2 PTH-MNC","responsecode":200,"routeparentid":5137},{"union_rowno":3,"row":873,"routeno":"MBS-2 YHK-MNC","responsecode":200,"routeparentid":3713},{"union_rowno":3,"row":874,"routeno":"MBS-6 D45G-CVRN","responsecode":200,"routeparentid":4292},{"union_rowno":3,"row":875,"routeno":"MBS-6 YST-CVRN","responsecode":200,"routeparentid":4288},{"union_rowno":3,"row":876,"routeno":"MF-10 TNF-BDGRC-KDGM","responsecode":200,"routeparentid":6982},{"union_rowno":3,"row":877,"routeno":"MF-11 KRPGH-TNF-KDGM","responsecode":200,"routeparentid":7419},{"union_rowno":3,"row":878,"routeno":"MF-11 KVUL-TNF-KDGMS","responsecode":200,"routeparentid":7750},{"union_rowno":3,"row":879,"routeno":"MF-12 DPJN-BSK","responsecode":200,"routeparentid":7742},{"union_rowno":3,"row":880,"routeno":"MF-13 VJN-VJN","responsecode":200,"routeparentid":7100},{"union_rowno":3,"row":881,"routeno":"MF-16 CLO-SNBS","responsecode":200,"routeparentid":7115},{"union_rowno":3,"row":882,"routeno":"MF-16 DPJN-SNBS","responsecode":200,"routeparentid":7114},{"union_rowno":3,"row":883,"routeno":"MF-1F D06G-RMN","responsecode":200,"routeparentid":6756},{"union_rowno":3,"row":884,"routeno":"MF-1F D6G-RMN","responsecode":200,"routeparentid":7567},{"union_rowno":3,"row":885,"routeno":"MF-211AC BSK-CNV","responsecode":200,"routeparentid":6156},{"union_rowno":3,"row":886,"routeno":"MF-23B VNS-JHCMS","responsecode":200,"routeparentid":6955},{"union_rowno":3,"row":887,"routeno":"MF-24 LGR-NGMS","responsecode":200,"routeparentid":5406},{"union_rowno":3,"row":888,"routeno":"MF-26 D45-JHC-CDNB","responsecode":200,"routeparentid":6501},{"union_rowno":3,"row":889,"routeno":"MF-29 MNH-LGR","responsecode":200,"routeparentid":6875},{"union_rowno":3,"row":890,"routeno":"MF-29 PSS-MNH","responsecode":200,"routeparentid":6876},{"union_rowno":3,"row":891,"routeno":"MF-30 PSS-RKN","responsecode":200,"routeparentid":7094},{"union_rowno":3,"row":892,"routeno":"MF-304K KRP-CNS","responsecode":200,"routeparentid":2256},{"union_rowno":3,"row":893,"routeno":"MF-378 ELC-NDG-KGR","responsecode":200,"routeparentid":6624},{"union_rowno":3,"row":894,"routeno":"MF-401KB KGR-VJN","responsecode":200,"routeparentid":7136},{"union_rowno":3,"row":895,"routeno":"MF-401KB STBEN-YTTMC","responsecode":200,"routeparentid":4952},{"union_rowno":3,"row":896,"routeno":"MF-48 BELC-NLO","responsecode":200,"routeparentid":7759},{"union_rowno":3,"row":897,"routeno":"MF-502H DWKN-SKK-D31G","responsecode":200,"routeparentid":6607},{"union_rowno":3,"row":898,"routeno":"MF-6 JBN-SVMS","responsecode":200,"routeparentid":5831},{"union_rowno":3,"row":899,"routeno":"MF-7 HYN-BMS","responsecode":200,"routeparentid":4139},{"union_rowno":3,"row":900,"routeno":"MF-7 KLN-KNG","responsecode":200,"routeparentid":5851},{"union_rowno":3,"row":901,"routeno":"MF-9 TNF-HDM","responsecode":200,"routeparentid":7037},{"union_rowno":3,"row":902,"routeno":"MNDR-CND","responsecode":200,"routeparentid":2553},{"union_rowno":3,"row":903,"routeno":"MYH-SNBS","responsecode":200,"routeparentid":1250},{"union_rowno":3,"row":944,"routeno":"PESCE-1N","responsecode":200,"routeparentid":6534},{"union_rowno":3,"row":945,"routeno":"PPLO-KINHT","responsecode":200,"routeparentid":5738},{"union_rowno":3,"row":946,"routeno":"PSS-NLGDH-8THM","responsecode":200,"routeparentid":7834},{"union_rowno":3,"row":947,"routeno":"PSS-RKN","responsecode":200,"routeparentid":7095},{"union_rowno":3,"row":948,"routeno":"PTH-JSNL","responsecode":200,"routeparentid":1308},{"union_rowno":3,"row":949,"routeno":"PTML-SNH","responsecode":200,"routeparentid":7209},{"union_rowno":3,"row":950,"routeno":"RBANMS-1","responsecode":200,"routeparentid":6002},{"union_rowno":3,"row":951,"routeno":"RTNPS-HBL-CJP","responsecode":200,"routeparentid":2902},{"union_rowno":3,"row":952,"routeno":"RTNP-SMC","responsecode":200,"routeparentid":5944},{"union_rowno":3,"row":953,"routeno":"RTNP-WSPM","responsecode":200,"routeparentid":4698},{"union_rowno":3,"row":954,"routeno":"SBNS-KMT","responsecode":200,"routeparentid":2899},{"union_rowno":3,"row":955,"routeno":"SBS-GNP","responsecode":200,"routeparentid":6546},{"union_rowno":3,"row":956,"routeno":"SBS-MKC-YHK-NITTE","responsecode":200,"routeparentid":6453},{"union_rowno":3,"row":957,"routeno":"SGH-JPN6","responsecode":200,"routeparentid":4474},{"union_rowno":3,"row":958,"routeno":"SGH-MRNH","responsecode":200,"routeparentid":2907},{"union_rowno":3,"row":959,"routeno":"SGH-SNR","responsecode":200,"routeparentid":3302},{"union_rowno":3,"row":960,"routeno":"SNBS-BMETAG","responsecode":200,"routeparentid":6371},{"union_rowno":3,"row":961,"routeno":"SNBS-CORP-KMT","responsecode":200,"routeparentid":1036},{"union_rowno":3,"row":962,"routeno":"SNBS-HSKPB","responsecode":200,"routeparentid":7138},{"union_rowno":3,"row":963,"routeno":"SNBS-JKS-D25G","responsecode":200,"routeparentid":7613},{"union_rowno":3,"row":964,"routeno":"SNBS-LBGM-KMT","responsecode":200,"routeparentid":1064},{"union_rowno":3,"row":965,"routeno":"SNBS-VIDYA","responsecode":200,"routeparentid":5735},{"union_rowno":3,"row":966,"routeno":"SNR-RKL-JAPC","responsecode":200,"routeparentid":5363},{"union_rowno":3,"row":967,"routeno":"ST BEN-10","responsecode":200,"routeparentid":5774},{"union_rowno":3,"row":968,"routeno":"ST BEN-11","responsecode":200,"routeparentid":7778},{"union_rowno":3,"row":969,"routeno":"ST BEN-19","responsecode":200,"routeparentid":7780},{"union_rowno":3,"row":970,"routeno":"ST BEN-20","responsecode":200,"routeparentid":7610},{"union_rowno":3,"row":971,"routeno":"ST BEN-8","responsecode":200,"routeparentid":4115},{"union_rowno":3,"row":972,"routeno":"ST BEN-9","responsecode":200,"routeparentid":7779},{"union_rowno":3,"row":973,"routeno":"ST BENEDICT-09","responsecode":200,"routeparentid":6218},{"union_rowno":3,"row":974,"routeno":"ST BENEDICT-10","responsecode":200,"routeparentid":6219},{"union_rowno":3,"row":975,"routeno":"ST BENEDICT-11","responsecode":200,"routeparentid":6221},{"union_rowno":3,"row":976,"routeno":"ST BENEDICT-11.","responsecode":200,"routeparentid":6410},{"union_rowno":3,"row":977,"routeno":"ST BENEDICT-14","responsecode":200,"routeparentid":6411},{"union_rowno":3,"row":978,"routeno":"ST BENEDICT-16","responsecode":200,"routeparentid":6412},{"union_rowno":3,"row":979,"routeno":"St BENEDICT-4","responsecode":200,"routeparentid":4132},{"union_rowno":3,"row":980,"routeno":"ST BENEDICT-9","responsecode":200,"routeparentid":6407},{"union_rowno":3,"row":981,"routeno":"ST BENIDICT-9","responsecode":200,"routeparentid":7599},{"union_rowno":3,"row":982,"routeno":"STBEN-KGR","responsecode":200,"routeparentid":7612},{"union_rowno":3,"row":983,"routeno":"STJOHN-CHM","responsecode":200,"routeparentid":5539},{"union_rowno":3,"row":984,"routeno":"TR-12 YTTMC-SNR","responsecode":200,"routeparentid":4888},{"union_rowno":3,"row":985,"routeno":"TR-4 DPJN-NGV","responsecode":200,"routeparentid":2798},{"union_rowno":3,"row":986,"routeno":"TR-4 KLN-JJN","responsecode":200,"routeparentid":7050},{"union_rowno":3,"row":987,"routeno":"TR-4A CLO-RKHN","responsecode":200,"routeparentid":2846},{"union_rowno":3,"row":988,"routeno":"TR-4A D10G-JJRN","responsecode":200,"routeparentid":4616},{"union_rowno":3,"row":989,"routeno":"V-215 KMK-ANP","responsecode":200,"routeparentid":2240},{"union_rowno":3,"row":990,"routeno":"V-298MN","responsecode":200,"routeparentid":5999},{"union_rowno":3,"row":991,"routeno":"V-365 KMK-BNP","responsecode":200,"routeparentid":6189},{"union_rowno":3,"row":992,"routeno":"V-600NL","responsecode":200,"routeparentid":7325},{"union_rowno":3,"row":993,"routeno":"V-BENGALURU DARSHINI","responsecode":200,"routeparentid":3957},{"union_rowno":3,"row":994,"routeno":"VDN-PSS","responsecode":200,"routeparentid":7578},{"union_rowno":3,"row":995,"routeno":"V-ISHA ROUNDS -1","responsecode":200,"routeparentid":7309},{"union_rowno":3,"row":996,"routeno":"VJN-AGO-SBS","responsecode":200,"routeparentid":1678},{"union_rowno":3,"row":997,"routeno":"VJN-EJP","responsecode":200,"routeparentid":1748},{"union_rowno":3,"row":998,"routeno":"VJN-KMT FLy-VSD-SBS","responsecode":200,"routeparentid":7769},{"union_rowno":3,"row":999,"routeno":"V-KMK-NBC-BSVR","responsecode":200,"routeparentid":7326},{"union_rowno":3,"row":1000,"routeno":"VKN-D34G","responsecode":200,"routeparentid":6939},{"union_rowno":3,"row":1001,"routeno":"V-NICE-4","responsecode":200,"routeparentid":7328},{"union_rowno":3,"row":1002,"routeno":"V-NICE-4 BSN-ELCW","responsecode":200,"routeparentid":7327},{"union_rowno":3,"row":1003,"routeno":"VNS-01","responsecode":200,"routeparentid":6139},{"union_rowno":3,"row":1004,"routeno":"VNS-014","responsecode":200,"routeparentid":4682},{"union_rowno":3,"row":1005,"routeno":"VNS-04","responsecode":200,"routeparentid":5703},{"union_rowno":3,"row":1006,"routeno":"VNS-10","responsecode":200,"routeparentid":5618},{"union_rowno":3,"row":1007,"routeno":"VNS-11","responsecode":200,"routeparentid":5052},{"union_rowno":3,"row":1008,"routeno":"VNS-12","responsecode":200,"routeparentid":4678},{"union_rowno":3,"row":1009,"routeno":"VNS-13","responsecode":200,"routeparentid":4668},{"union_rowno":3,"row":1010,"routeno":"VNS-15","responsecode":200,"routeparentid":7488},{"union_rowno":3,"row":1012,"routeno":"VNS-16","responsecode":200,"routeparentid":4659},{"union_rowno":3,"row":1013,"routeno":"VNS-17","responsecode":200,"routeparentid":5437},{"union_rowno":3,"row":1014,"routeno":"VNS-18","responsecode":200,"routeparentid":7369},{"union_rowno":3,"row":1015,"routeno":"VNS-18.","responsecode":200,"routeparentid":2981},{"union_rowno":3,"row":1016,"routeno":"VNS-19","responsecode":200,"routeparentid":4322},{"union_rowno":3,"row":1017,"routeno":"VNS-2","responsecode":200,"routeparentid":5655},{"union_rowno":3,"row":1018,"routeno":"VNS-20","responsecode":200,"routeparentid":4672},{"union_rowno":3,"row":1019,"routeno":"VNS-21","responsecode":200,"routeparentid":4699},{"union_rowno":3,"row":1020,"routeno":"VNS-22","responsecode":200,"routeparentid":3073},{"union_rowno":3,"row":1021,"routeno":"VNS- 23","responsecode":200,"routeparentid":4105},{"union_rowno":3,"row":1023,"routeno":"VNS--24","responsecode":200,"routeparentid":6372},{"union_rowno":3,"row":1025,"routeno":"VNS-3","responsecode":200,"routeparentid":4559},{"union_rowno":3,"row":1026,"routeno":"VNS-6","responsecode":200,"routeparentid":4796},{"union_rowno":3,"row":1027,"routeno":"VNS-7","responsecode":200,"routeparentid":5436},{"union_rowno":3,"row":1028,"routeno":"VNS-8","responsecode":200,"routeparentid":4209},{"union_rowno":3,"row":1029,"routeno":"VNS-9","responsecode":200,"routeparentid":4804},{"union_rowno":3,"row":1030,"routeno":"VTTMC-MDP-NBC","responsecode":200,"routeparentid":7474},{"union_rowno":3,"row":1031,"routeno":"V-VVKN-KMK","responsecode":200,"routeparentid":6016},{"union_rowno":3,"row":1032,"routeno":"YBS-INGVBS","responsecode":200,"routeparentid":7841},{"union_rowno":3,"row":1033,"routeno":"YHKOT-VNC-BLR","responsecode":200,"routeparentid":7829}],"Message":"Success","Issuccess":true,"exception":null,"RowCount":1010,"responsecode":200}