{"data":[{"union_rowno":2,"row":1,"routeno":"OASIS-14","responsecode":200,"routeparentid":4959},{"union_rowno":2,"row":3,"routeno":"Oasis-1B","responsecode":200,"routeparentid":5209},{"union_rowno":2,"row":7,"routeno":"OASIS--2A","responsecode":200,"routeparentid":5249},{"union_rowno":2,"row":9,"routeno":"OASIS-3A","responsecode":200,"routeparentid":4742},{"union_rowno":2,"row":11,"routeno":"OASIS-4B","responsecode":200,"routeparentid":3999},{"union_rowno":2,"row":14,"routeno":"OASIS-BEL","responsecode":200,"routeparentid":7562},{"union_rowno":2,"row":15,"routeno":"OASIS-KRPGH","responsecode":200,"routeparentid":7561},{"union_rowno":3,"row":1,"routeno":"121-BA SBS-KMT-CLO","responsecode":200,"routeparentid":1680},{"union_rowno":3,"row":2,"routeno":"13-C SGH-ISROL","responsecode":200,"routeparentid":1627},{"union_rowno":3,"row":3,"routeno":"13 PPLO-SBS","responsecode":200,"routeparentid":3319},{"union_rowno":3,"row":4,"routeno":"15-A PPLO-UTH-KMT","responsecode":200,"routeparentid":5743},{"union_rowno":3,"row":5,"routeno":"15-E KBS-PPLO","responsecode":200,"routeparentid":1684},{"union_rowno":3,"row":6,"routeno":"15-E VSD-KSLO","responsecode":200,"routeparentid":1686},{"union_rowno":3,"row":7,"routeno":"15G SGH-KLO2","responsecode":200,"routeparentid":7010},{"union_rowno":3,"row":8,"routeno":"176 CLO-KVB","responsecode":200,"routeparentid":1571},{"union_rowno":3,"row":9,"routeno":"210-G SBS-ISRLO-PPLO","responsecode":200,"routeparentid":2461},{"union_rowno":3,"row":10,"routeno":"210-KA KBS-PPLO","responsecode":200,"routeparentid":2677},{"union_rowno":3,"row":11,"routeno":"210-NA PPLO-KMK","responsecode":200,"routeparentid":3896},{"union_rowno":3,"row":12,"routeno":"210-ND KBS-PPLO","responsecode":200,"routeparentid":3381},{"union_rowno":3,"row":13,"routeno":"210-NP KBS-VSD-PPLO","responsecode":200,"routeparentid":2490},{"union_rowno":3,"row":14,"routeno":"210-NP PPLO-KML-KBS","responsecode":200,"routeparentid":3412},{"union_rowno":3,"row":15,"routeno":"210-NP PPLO-KMT","responsecode":200,"routeparentid":3401},{"union_rowno":3,"row":16,"routeno":"210-P PPLO-CKLS","responsecode":200,"routeparentid":2674},{"union_rowno":3,"row":17,"routeno":"210 PPLO-KMT","responsecode":200,"routeparentid":3891},{"union_rowno":3,"row":18,"routeno":"210-Z BSK-RMLO","responsecode":200,"routeparentid":4617},{"union_rowno":3,"row":19,"routeno":"211-UB JLO-KHCV","responsecode":200,"routeparentid":1890},{"union_rowno":3,"row":20,"routeno":"211-UB KMT-JLO","responsecode":200,"routeparentid":1891},{"union_rowno":3,"row":21,"routeno":"215 KMT-JBS-ELO","responsecode":200,"routeparentid":2345},{"union_rowno":3,"row":22,"routeno":"219-A GR College","responsecode":200,"routeparentid":2682},{"union_rowno":3,"row":23,"routeno":"222-K KHBQ-VSD Flyover","responsecode":200,"routeparentid":7558},{"union_rowno":3,"row":24,"routeno":"223-A CLO-DBT","responsecode":200,"routeparentid":4218},{"union_rowno":3,"row":25,"routeno":"225-C BEML5-JNKLO","responsecode":200,"routeparentid":5399},{"union_rowno":3,"row":26,"routeno":"225-C BEMLLO-KMT-KBS","responsecode":200,"routeparentid":6969},{"union_rowno":3,"row":27,"routeno":"225-C CLO-BEML5","responsecode":200,"routeparentid":4726},{"union_rowno":3,"row":28,"routeno":"225-K JNKLO-BHELMT","responsecode":200,"routeparentid":5839},{"union_rowno":3,"row":29,"routeno":"225-K KBS-BHELLO","responsecode":200,"routeparentid":6995},{"union_rowno":3,"row":30,"routeno":"227 SBS-RMH FLYOVER","responsecode":200,"routeparentid":1340},{"union_rowno":3,"row":31,"routeno":"234-A  KMT-VJN-CLO","responsecode":200,"routeparentid":5374},{"union_rowno":3,"row":32,"routeno":"234-A CLO-KMT","responsecode":200,"routeparentid":1424},{"union_rowno":3,"row":33,"routeno":"234-A KMT-CLO-UST","responsecode":200,"routeparentid":1458},{"union_rowno":3,"row":34,"routeno":"234-F KBS-AGSLO","responsecode":200,"routeparentid":4865},{"union_rowno":3,"row":35,"routeno":"234 KMT-MRBS-CLO","responsecode":200,"routeparentid":6639},{"union_rowno":3,"row":36,"routeno":"235-K CLO-RMS","responsecode":200,"routeparentid":1539},{"union_rowno":3,"row":37,"routeno":"237-J CLO-PSN","responsecode":200,"routeparentid":7730},{"union_rowno":3,"row":38,"routeno":"238-SA CLO-SGK","responsecode":200,"routeparentid":5887},{"union_rowno":3,"row":39,"routeno":"238-U CLO-MDPC","responsecode":200,"routeparentid":5685},{"union_rowno":3,"row":40,"routeno":"238-U KBS-CLO","responsecode":200,"routeparentid":5990},{"union_rowno":3,"row":41,"routeno":"238-V CLO-MDPC","responsecode":200,"routeparentid":6742},{"union_rowno":3,"row":42,"routeno":"248-BB CLO-HGV","responsecode":200,"routeparentid":1605},{"union_rowno":3,"row":43,"routeno":"248 PSBS-CLO","responsecode":200,"routeparentid":6096},{"union_rowno":3,"row":44,"routeno":"252-A PSS-ISROM","responsecode":200,"routeparentid":6551},{"union_rowno":3,"row":45,"routeno":"25-B AGL-BSK-DOWN","responsecode":200,"routeparentid":7532},{"union_rowno":3,"row":46,"routeno":"273 RMCPFO-BELC-JHC","responsecode":200,"routeparentid":4915},{"union_rowno":3,"row":47,"routeno":"276-F KMT-YHKOT","responsecode":200,"routeparentid":6288},{"union_rowno":3,"row":48,"routeno":"280-A AGLO-KBS","responsecode":200,"routeparentid":1329},{"union_rowno":3,"row":49,"routeno":"280-A KMT-YHKOT","responsecode":200,"routeparentid":1182},{"union_rowno":3,"row":50,"routeno":"280-F OASIS-YHKOT","responsecode":200,"routeparentid":5250},{"union_rowno":3,"row":51,"routeno":"281-F YHKOT-MLH","responsecode":200,"routeparentid":5503},{"union_rowno":3,"row":52,"routeno":"282B D52G-VNC-YHKOT","responsecode":200,"routeparentid":7481},{"union_rowno":3,"row":53,"routeno":"282B YHKOT-MSGH","responsecode":200,"routeparentid":7482},{"union_rowno":3,"row":54,"routeno":"283-D YHKOT-KDGC","responsecode":200,"routeparentid":4074},{"union_rowno":3,"row":55,"routeno":"284-C CVB-JDLO","responsecode":200,"routeparentid":2451},{"union_rowno":3,"row":56,"routeno":"284-C JLOW-VSD-KBS","responsecode":200,"routeparentid":4546},{"union_rowno":3,"row":57,"routeno":"284-C KBS-JLOW","responsecode":200,"routeparentid":4543},{"union_rowno":3,"row":58,"routeno":"284-C KBS-KRC-JLOW","responsecode":200,"routeparentid":6941},{"union_rowno":3,"row":59,"routeno":"284-C VSD-JLOW","responsecode":200,"routeparentid":4542},{"union_rowno":3,"row":60,"routeno":"284 RTNP-YHK-OASIS","responsecode":200,"routeparentid":4745},{"union_rowno":3,"row":61,"routeno":"284 VNS-YHKOT","responsecode":200,"routeparentid":3075},{"union_rowno":3,"row":62,"routeno":"284 YHKOT-VYKL-CLO","responsecode":200,"routeparentid":2881},{"union_rowno":3,"row":63,"routeno":"285 BMSITY-YHKOT","responsecode":200,"routeparentid":3086},{"union_rowno":3,"row":64,"routeno":"285-MJ JKLO-PTML","responsecode":200,"routeparentid":4021},{"union_rowno":3,"row":65,"routeno":"285-MP YHKOT-HRTAD","responsecode":200,"routeparentid":3691},{"union_rowno":3,"row":66,"routeno":"285 PTH-JKLO","responsecode":200,"routeparentid":1521},{"union_rowno":3,"row":67,"routeno":"285 PTML-YHKOT","responsecode":200,"routeparentid":3626},{"union_rowno":3,"row":68,"routeno":"288-A GPO-KDH","responsecode":200,"routeparentid":6357},{"union_rowno":3,"row":69,"routeno":"288-A GPO-TDL-D45","responsecode":200,"routeparentid":7699},{"union_rowno":3,"row":70,"routeno":"289-A YHKOT-BKHP","responsecode":200,"routeparentid":3687},{"union_rowno":3,"row":71,"routeno":"289-A YHKOT-RZKP","responsecode":200,"routeparentid":4733},{"union_rowno":3,"row":72,"routeno":"289-D HSK-BYRTH-YHKOT","responsecode":200,"routeparentid":4855},{"union_rowno":3,"row":73,"routeno":"289-F YHKOT-MRC","responsecode":200,"routeparentid":6269},{"union_rowno":3,"row":74,"routeno":"289-P D52G-YHKOT","responsecode":200,"routeparentid":7487},{"union_rowno":3,"row":75,"routeno":"289 YHKOT-ARS","responsecode":200,"routeparentid":3725},{"union_rowno":3,"row":76,"routeno":"289 YHKOT-CHR","responsecode":200,"routeparentid":6991},{"union_rowno":3,"row":77,"routeno":"290-E ARMY-SBS-YHKOT","responsecode":200,"routeparentid":7377},{"union_rowno":3,"row":78,"routeno":"290-E BCGHS-SBS-YHKOT","responsecode":200,"routeparentid":4031},{"union_rowno":3,"row":79,"routeno":"290-E KLN-YLKOT","responsecode":200,"routeparentid":3970},{"union_rowno":3,"row":80,"routeno":"290-E KMT-YHKOT","responsecode":200,"routeparentid":1546},{"union_rowno":3,"row":81,"routeno":"290-E RMC-SBS-YHKOT","responsecode":200,"routeparentid":4605},{"union_rowno":3,"row":82,"routeno":"290-E SPHS-YHKOT","responsecode":200,"routeparentid":7365},{"union_rowno":3,"row":83,"routeno":"290-E STJHS-YHKOT","responsecode":200,"routeparentid":5682},{"union_rowno":3,"row":84,"routeno":"290-E YHKOT-BLH-D48","responsecode":200,"routeparentid":5632},{"union_rowno":3,"row":85,"routeno":"290-E YHKOT-SBS-STJHS","responsecode":200,"routeparentid":4599},{"union_rowno":3,"row":86,"routeno":"290-E YHKOT-SJBHS","responsecode":200,"routeparentid":5649},{"union_rowno":3,"row":87,"routeno":"290-T SBS-AGLO","responsecode":200,"routeparentid":1331},{"union_rowno":3,"row":88,"routeno":"292-CA SBS-YHKOT","responsecode":200,"routeparentid":7025},{"union_rowno":3,"row":89,"routeno":"292-CA YHKOT-D48G","responsecode":200,"routeparentid":7625},{"union_rowno":3,"row":90,"routeno":"293-H OASIS-KBS","responsecode":200,"routeparentid":4001},{"union_rowno":3,"row":91,"routeno":"293 OASIS-HNRJN-HBLB","responsecode":200,"routeparentid":2664},{"union_rowno":3,"row":92,"routeno":"293-SD OASIS-SBS","responsecode":200,"routeparentid":4744},{"union_rowno":3,"row":93,"routeno":"296-B D48G-HBRLO","responsecode":200,"routeparentid":4822},{"union_rowno":3,"row":94,"routeno":"296 BNW-KMH-KNP-YHKOT","responsecode":200,"routeparentid":2803},{"union_rowno":3,"row":95,"routeno":"297-F YHKOT-BVP","responsecode":200,"routeparentid":4549},{"union_rowno":3,"row":96,"routeno":"298-A KMT-AGO-UNV","responsecode":200,"routeparentid":6270},{"union_rowno":3,"row":97,"routeno":"298-C KMT-AGO-KLP","responsecode":200,"routeparentid":6271},{"union_rowno":3,"row":98,"routeno":"298-M YHK-DVHOB","responsecode":200,"routeparentid":3822},{"union_rowno":3,"row":99,"routeno":"298-M YSTF-DVHOB","responsecode":200,"routeparentid":3534},{"union_rowno":3,"row":100,"routeno":"298-ME KMT-AGO-NLR","responsecode":200,"routeparentid":6272},{"union_rowno":3,"row":101,"routeno":"298-MF YHKOT-BSR","responsecode":200,"routeparentid":5179},{"union_rowno":3,"row":102,"routeno":"298-MG YHKOT-SNH","responsecode":200,"routeparentid":5181},{"union_rowno":3,"row":103,"routeno":"298-MV YHKOT-VJP","responsecode":200,"routeparentid":6439},{"union_rowno":3,"row":104,"routeno":"298-Y VJP-YLR-YHKOT","responsecode":200,"routeparentid":6557},{"union_rowno":3,"row":105,"routeno":"299-E YHKOT-GDH","responsecode":200,"routeparentid":5210},{"union_rowno":3,"row":106,"routeno":"302 KLN-OBH","responsecode":200,"routeparentid":7081},{"union_rowno":3,"row":107,"routeno":"303-G KLN-OST","responsecode":200,"routeparentid":2880},{"union_rowno":3,"row":108,"routeno":"314-A D06G-DRDO2S","responsecode":200,"routeparentid":3139},{"union_rowno":3,"row":109,"routeno":"32 PPLO-TRN-SBS","responsecode":200,"routeparentid":2463},{"union_rowno":3,"row":110,"routeno":"330-G KVDRDO-SBS","responsecode":200,"routeparentid":7198},{"union_rowno":3,"row":111,"routeno":"333-H D41G-MKO","responsecode":200,"routeparentid":3858},{"union_rowno":3,"row":112,"routeno":"335-E KDG-KVDRDO","responsecode":200,"routeparentid":7196},{"union_rowno":3,"row":113,"routeno":"342 ST JOHNS-CHM","responsecode":200,"routeparentid":5147},{"union_rowno":3,"row":114,"routeno":"345-F STJOHN-ANK","responsecode":200,"routeparentid":3492},{"union_rowno":3,"row":115,"routeno":"349-J KMT-IGNOUS","responsecode":200,"routeparentid":7164},{"union_rowno":3,"row":116,"routeno":"34-C SBS-PMLO","responsecode":200,"routeparentid":5834},{"union_rowno":3,"row":117,"routeno":"351-H KBS-IGNOUS","responsecode":200,"routeparentid":7160},{"union_rowno":3,"row":118,"routeno":"351-H KMT-IGNOUS","responsecode":200,"routeparentid":7161},{"union_rowno":3,"row":119,"routeno":"360-B ATB-BOMC","responsecode":200,"routeparentid":6320},{"union_rowno":3,"row":120,"routeno":"361-C FLYOVER","responsecode":200,"routeparentid":2866},{"union_rowno":3,"row":121,"routeno":"399-F OMS-ANK","responsecode":200,"routeparentid":6129},{"union_rowno":3,"row":122,"routeno":"401-A NMG-YHKOT","responsecode":200,"routeparentid":3576},{"union_rowno":3,"row":123,"routeno":"401-AF GKWL-YHKOT","responsecode":200,"routeparentid":7223},{"union_rowno":3,"row":124,"routeno":"401-AF YHKOT-BELF","responsecode":200,"routeparentid":7335},{"union_rowno":3,"row":125,"routeno":"401-AF YHKOT-CLO","responsecode":200,"routeparentid":7224},{"union_rowno":3,"row":126,"routeno":"401-B YHKOT-BELF","responsecode":200,"routeparentid":7222},{"union_rowno":3,"row":127,"routeno":"401-K CLO-KGR","responsecode":200,"routeparentid":1653},{"union_rowno":3,"row":128,"routeno":"401-K CLO-YBS-HBL","responsecode":200,"routeparentid":3228},{"union_rowno":3,"row":129,"routeno":"401-K CLO-YHKOT","responsecode":200,"routeparentid":3114},{"union_rowno":3,"row":130,"routeno":"401-K YTTMC-GKWLO","responsecode":200,"routeparentid":4991},{"union_rowno":3,"row":131,"routeno":"401-R MLO-BELF","responsecode":200,"routeparentid":7159},{"union_rowno":3,"row":132,"routeno":"401 YHKOT-D45G","responsecode":200,"routeparentid":2569},{"union_rowno":3,"row":133,"routeno":"402-D GPO-RMG-YSTF","responsecode":200,"routeparentid":5595},{"union_rowno":3,"row":134,"routeno":"402-D JLOW-VSD-SBS","responsecode":200,"routeparentid":1330},{"union_rowno":3,"row":135,"routeno":"406 YHKOT-NMG","responsecode":200,"routeparentid":7191},{"union_rowno":3,"row":136,"routeno":"410-FC JHC-GGP-CLO","responsecode":200,"routeparentid":7346},{"union_rowno":3,"row":137,"routeno":"411 SGH-Depot-25","responsecode":200,"routeparentid":4524},{"union_rowno":3,"row":138,"routeno":"412-H HBLB-ISRO","responsecode":200,"routeparentid":3304},{"union_rowno":3,"row":139,"routeno":"43-B PPLO-HSKH","responsecode":200,"routeparentid":7120},{"union_rowno":3,"row":140,"routeno":"43-D PPLO-VBN","responsecode":200,"routeparentid":3149},{"union_rowno":3,"row":141,"routeno":"43-H ASP-PLO","responsecode":200,"routeparentid":1057},{"union_rowno":3,"row":142,"routeno":"43-J PPLO-HKLO","responsecode":200,"routeparentid":3161},{"union_rowno":3,"row":143,"routeno":"43-J VSD-HKLO","responsecode":200,"routeparentid":3165},{"union_rowno":3,"row":144,"routeno":"43-M MRBS-PPLO","responsecode":200,"routeparentid":7122},{"union_rowno":3,"row":145,"routeno":"45-D KBS-PPLO","responsecode":200,"routeparentid":2416},{"union_rowno":3,"row":146,"routeno":"45-D PPLO-GTLO","responsecode":200,"routeparentid":2740},{"union_rowno":3,"row":147,"routeno":"45-E PPLO-CKA","responsecode":200,"routeparentid":3191},{"union_rowno":3,"row":148,"routeno":"45-K KMT-PPLO","responsecode":200,"routeparentid":7195},{"union_rowno":3,"row":149,"routeno":"49 PPLO-BNR","responsecode":200,"routeparentid":7123},{"union_rowno":3,"row":150,"routeno":"500-A ISROM-HBL-GGP-PSS","responsecode":200,"routeparentid":6548},{"union_rowno":3,"row":151,"routeno":"500-A MRH-JKLO","responsecode":200,"routeparentid":5824},{"union_rowno":3,"row":152,"routeno":"500-A PPLO-HBLB","responsecode":200,"routeparentid":2808},{"union_rowno":3,"row":153,"routeno":"500-B YTTMC-OASIS","responsecode":200,"routeparentid":4957},{"union_rowno":3,"row":154,"routeno":"500-CA ITPL-PPLO","responsecode":200,"routeparentid":2723},{"union_rowno":3,"row":155,"routeno":"500-Y YHKOT-HBL-D10G","responsecode":200,"routeparentid":4118},{"union_rowno":3,"row":156,"routeno":"500-Y YHKOT-KDG","responsecode":200,"routeparentid":3064},{"union_rowno":3,"row":157,"routeno":"501-C CLO-SMH-GGP-HBL","responsecode":200,"routeparentid":3237},{"union_rowno":3,"row":158,"routeno":"502 ISROK-CSB-KGR","responsecode":200,"routeparentid":6303},{"union_rowno":3,"row":159,"routeno":"507 YHKOT-BEMLG","responsecode":200,"routeparentid":3945},{"union_rowno":3,"row":160,"routeno":"50 BNR-SBS Flyover","responsecode":200,"routeparentid":6273},{"union_rowno":3,"row":161,"routeno":"55-B KPA-CLO","responsecode":200,"routeparentid":7201},{"union_rowno":3,"row":162,"routeno":"600-F BSK-BOMC","responsecode":200,"routeparentid":6321},{"union_rowno":3,"row":163,"routeno":"600-F BSK-OMC","responsecode":200,"routeparentid":2695},{"union_rowno":3,"row":164,"routeno":"600-F FLYOVER","responsecode":200,"routeparentid":1509},{"union_rowno":3,"row":165,"routeno":"600-G ATB-ISRLO","responsecode":200,"routeparentid":3621},{"union_rowno":3,"row":166,"routeno":"600-KB CLO-ELCW","responsecode":200,"routeparentid":7728},{"union_rowno":3,"row":167,"routeno":"60-A CLO-MRNH","responsecode":200,"routeparentid":2923},{"union_rowno":3,"row":168,"routeno":"60-E CLO-BTM","responsecode":200,"routeparentid":2936},{"union_rowno":3,"row":169,"routeno":"60-J CLO-1BKRM","responsecode":200,"routeparentid":4158},{"union_rowno":3,"row":170,"routeno":"61-C DPJN-BCCLO","responsecode":200,"routeparentid":3759},{"union_rowno":3,"row":171,"routeno":"63 SBS-CLO-AIT","responsecode":200,"routeparentid":5405},{"union_rowno":3,"row":172,"routeno":"75-B CLO-MBS","responsecode":200,"routeparentid":1570},{"union_rowno":3,"row":173,"routeno":"75-E YTTMC-MBS-GKWLO","responsecode":200,"routeparentid":4989},{"union_rowno":3,"row":174,"routeno":"77 YTTMC-MLO","responsecode":200,"routeparentid":5044},{"union_rowno":3,"row":175,"routeno":"79-E MYH-SBS-NLO","responsecode":200,"routeparentid":4984},{"union_rowno":3,"row":176,"routeno":"79-E NLO-VSD-SBS-MYH","responsecode":200,"routeparentid":4982},{"union_rowno":3,"row":177,"routeno":"79E VSD-NLO","responsecode":200,"routeparentid":4985},{"union_rowno":3,"row":178,"routeno":"79-G VSD-VSDLO","responsecode":200,"routeparentid":4317},{"union_rowno":3,"row":179,"routeno":"79-G VSDLO-VSD-SBS","responsecode":200,"routeparentid":4306},{"union_rowno":3,"row":180,"routeno":"80-A KBS-NLO-D31G","responsecode":200,"routeparentid":7563},{"union_rowno":3,"row":181,"routeno":"80-A NLO-JP3","responsecode":200,"routeparentid":3608},{"union_rowno":3,"row":182,"routeno":"80-A NLO-KDC-VSD-IXP","responsecode":200,"routeparentid":4946},{"union_rowno":3,"row":183,"routeno":"80-A YTTMC-NLO","responsecode":200,"routeparentid":3600},{"union_rowno":3,"row":184,"routeno":"88-A BSN-GPO","responsecode":200,"routeparentid":4953},{"union_rowno":3,"row":185,"routeno":"AmnexTestForRoute","responsecode":200,"routeparentid":1139},{"union_rowno":3,"row":186,"routeno":"ARMY-KOGILU-YHKOT","responsecode":200,"routeparentid":7550},{"union_rowno":3,"row":187,"routeno":"BCC-YHKOT","responsecode":200,"routeparentid":7496},{"union_rowno":3,"row":188,"routeno":"BEML5-KSLOW","responsecode":200,"routeparentid":2419},{"union_rowno":3,"row":189,"routeno":"BEML5TH-KSLO","responsecode":200,"routeparentid":1685},{"union_rowno":3,"row":190,"routeno":"CLO-AIT","responsecode":200,"routeparentid":5594},{"union_rowno":3,"row":191,"routeno":"CLO-BMBS","responsecode":200,"routeparentid":4716},{"union_rowno":3,"row":192,"routeno":"CLO-BSN","responsecode":200,"routeparentid":3039},{"union_rowno":3,"row":193,"routeno":"CLO-GDHL","responsecode":200,"routeparentid":5925},{"union_rowno":3,"row":194,"routeno":"CLO-GKWLO","responsecode":200,"routeparentid":4190},{"union_rowno":3,"row":195,"routeno":"CLO-NBC-KTP","responsecode":200,"routeparentid":3223},{"union_rowno":3,"row":196,"routeno":"CLO-RPCLO","responsecode":200,"routeparentid":1485},{"union_rowno":3,"row":197,"routeno":"CLO-SKTG","responsecode":200,"routeparentid":4177},{"union_rowno":3,"row":198,"routeno":"CLO-SNB","responsecode":200,"routeparentid":3495},{"union_rowno":3,"row":199,"routeno":"CLO-VNK","responsecode":200,"routeparentid":7735},{"union_rowno":3,"row":200,"routeno":"COAA-ELC","responsecode":200,"routeparentid":7475},{"union_rowno":3,"row":201,"routeno":"D06G-TOC","responsecode":200,"routeparentid":7404},{"union_rowno":3,"row":202,"routeno":"D09-ISROOJ","responsecode":200,"routeparentid":7572},{"union_rowno":3,"row":203,"routeno":"D12G-ACP-MNLO","responsecode":200,"routeparentid":6000},{"union_rowno":3,"row":204,"routeno":"D17-CLO","responsecode":200,"routeparentid":1378},{"union_rowno":3,"row":205,"routeno":"D22-ISROQJ","responsecode":200,"routeparentid":4087},{"union_rowno":3,"row":206,"routeno":"D31G-VSDLO","responsecode":200,"routeparentid":4291},{"union_rowno":3,"row":207,"routeno":"D33-PPLO","responsecode":200,"routeparentid":1575},{"union_rowno":3,"row":208,"routeno":"D34G-COAA","responsecode":200,"routeparentid":4437},{"union_rowno":3,"row":209,"routeno":"D34G-COAAS","responsecode":200,"routeparentid":7476},{"union_rowno":3,"row":210,"routeno":"D34-ISRO-BSK","responsecode":200,"routeparentid":3634},{"union_rowno":3,"row":211,"routeno":"D50-DVHOBS","responsecode":200,"routeparentid":3217},{"union_rowno":3,"row":212,"routeno":"D6G-SOQ","responsecode":200,"routeparentid":6497},{"union_rowno":3,"row":213,"routeno":"Depot-51","responsecode":200,"routeparentid":5923},{"union_rowno":3,"row":214,"routeno":"DPJN-RPCLO","responsecode":200,"routeparentid":1572},{"union_rowno":3,"row":215,"routeno":"G-6 FLYOVER","responsecode":200,"routeparentid":3984},{"union_rowno":3,"row":216,"routeno":"HPN-CLO","responsecode":200,"routeparentid":3050},{"union_rowno":3,"row":217,"routeno":"IIHS-CLO","responsecode":200,"routeparentid":7678},{"union_rowno":3,"row":218,"routeno":"INFOSYS-12","responsecode":200,"routeparentid":5929},{"union_rowno":3,"row":219,"routeno":"INFOSYS-17A","responsecode":200,"routeparentid":5919},{"union_rowno":3,"row":220,"routeno":"INFOSYS-18","responsecode":200,"routeparentid":5918},{"union_rowno":3,"row":221,"routeno":"INFOSYS-24","responsecode":200,"routeparentid":5845},{"union_rowno":3,"row":222,"routeno":"INFOSYS-27E","responsecode":200,"routeparentid":6110},{"union_rowno":3,"row":223,"routeno":"INFOSYS-28","responsecode":200,"routeparentid":6103},{"union_rowno":3,"row":224,"routeno":"INFOSYS-29","responsecode":200,"routeparentid":6102},{"union_rowno":3,"row":225,"routeno":"INFOSYS-31","responsecode":200,"routeparentid":6104},{"union_rowno":3,"row":226,"routeno":"INFOSYS-32","responsecode":200,"routeparentid":6107},{"union_rowno":3,"row":227,"routeno":"INFOSYS-34","responsecode":200,"routeparentid":6108},{"union_rowno":3,"row":228,"routeno":"INFOSYS-35","responsecode":200,"routeparentid":6109},{"union_rowno":3,"row":229,"routeno":"INFOSYS-52","responsecode":200,"routeparentid":6098},{"union_rowno":3,"row":230,"routeno":"INFOSYS-53","responsecode":200,"routeparentid":6100},{"union_rowno":3,"row":231,"routeno":"INFOSYS-55","responsecode":200,"routeparentid":5901},{"union_rowno":3,"row":232,"routeno":"INFOSYS-58C","responsecode":200,"routeparentid":6101},{"union_rowno":3,"row":233,"routeno":"ISROK-GGP-PSS","responsecode":200,"routeparentid":7311},{"union_rowno":3,"row":234,"routeno":"ISROKN-4","responsecode":200,"routeparentid":4746},{"union_rowno":3,"row":235,"routeno":"ISROM-1","responsecode":200,"routeparentid":3924},{"union_rowno":3,"row":236,"routeno":"ISROM-3","responsecode":200,"routeparentid":4114},{"union_rowno":3,"row":237,"routeno":"JLOT-D34G","responsecode":200,"routeparentid":4455},{"union_rowno":3,"row":238,"routeno":"K-2 HBL-CLO","responsecode":200,"routeparentid":5940},{"union_rowno":3,"row":239,"routeno":"KANGOVI-1","responsecode":200,"routeparentid":4741},{"union_rowno":3,"row":240,"routeno":"KANGOVI-6","responsecode":200,"routeparentid":4690},{"union_rowno":3,"row":241,"routeno":"KANGOVI-7","responsecode":200,"routeparentid":4689},{"union_rowno":3,"row":242,"routeno":"KANGOVI-8","responsecode":200,"routeparentid":4707},{"union_rowno":3,"row":243,"routeno":"KANGOVI-9","responsecode":200,"routeparentid":4709},{"union_rowno":3,"row":244,"routeno":"KBS-13K SOQ-KDG","responsecode":200,"routeparentid":6543},{"union_rowno":3,"row":245,"routeno":"KBS-1I D06G-LIDO-KDG","responsecode":200,"routeparentid":7660},{"union_rowno":3,"row":246,"routeno":"KBS-3C FLYOVER","responsecode":200,"routeparentid":1501},{"union_rowno":3,"row":247,"routeno":"KBS-BSK-PPLO","responsecode":200,"routeparentid":2407},{"union_rowno":3,"row":248,"routeno":"KBS-RMCPFO","responsecode":200,"routeparentid":4912},{"union_rowno":3,"row":249,"routeno":"KGR-NBC-CLO","responsecode":200,"routeparentid":3056},{"union_rowno":3,"row":250,"routeno":"KMT-MMI-BSK-KSLO","responsecode":200,"routeparentid":1128},{"union_rowno":3,"row":251,"routeno":"KNB-OASIS","responsecode":200,"routeparentid":4002},{"union_rowno":3,"row":252,"routeno":"KVDRDO-KRP-YHKOT","responsecode":200,"routeparentid":5254},{"union_rowno":3,"row":253,"routeno":"MBS-2 MKLC-YHKOT","responsecode":200,"routeparentid":5853},{"union_rowno":3,"row":254,"routeno":"MBS-2 YHKOT-MKL","responsecode":200,"routeparentid":6233},{"union_rowno":3,"row":255,"routeno":"MBS-8 D10G-KVDRDO","responsecode":200,"routeparentid":5255},{"union_rowno":3,"row":256,"routeno":"MF-12 BSK-CLO","responsecode":200,"routeparentid":5301},{"union_rowno":3,"row":257,"routeno":"MF-16 CLO-SNBS","responsecode":200,"routeparentid":7115},{"union_rowno":3,"row":258,"routeno":"MF-250AC YPROLD-CKB","responsecode":200,"routeparentid":3873},{"union_rowno":3,"row":259,"routeno":"MF-39 CLO-RMS","responsecode":200,"routeparentid":5364},{"union_rowno":3,"row":260,"routeno":"MF-401KM MLO-AIT","responsecode":200,"routeparentid":7033},{"union_rowno":3,"row":261,"routeno":"MF-9 HODMS-DVS-D24G","responsecode":200,"routeparentid":6780},{"union_rowno":3,"row":262,"routeno":"MLO-VSD-KKS","responsecode":200,"routeparentid":1691},{"union_rowno":3,"row":279,"routeno":"PPLO-HKH","responsecode":200,"routeparentid":3136},{"union_rowno":3,"row":280,"routeno":"PPLO-KINHT","responsecode":200,"routeparentid":5738},{"union_rowno":3,"row":281,"routeno":"PPLO-VSP-KSLO","responsecode":200,"routeparentid":1623},{"union_rowno":3,"row":282,"routeno":"PSS-ISROQJ","responsecode":200,"routeparentid":3927},{"union_rowno":3,"row":283,"routeno":"PTH-JLOW","responsecode":200,"routeparentid":1328},{"union_rowno":3,"row":284,"routeno":"PTH-YHKOT","responsecode":200,"routeparentid":1177},{"union_rowno":3,"row":285,"routeno":"RPCLO-MRBS","responsecode":200,"routeparentid":4649},{"union_rowno":3,"row":286,"routeno":"SBS-SVM-DRDO2","responsecode":200,"routeparentid":6389},{"union_rowno":3,"row":287,"routeno":"SBS-TOC","responsecode":200,"routeparentid":7267},{"union_rowno":3,"row":288,"routeno":"SNBS-CORP-KMT","responsecode":200,"routeparentid":1036},{"union_rowno":3,"row":289,"routeno":"STJOHN-CHM","responsecode":200,"routeparentid":5539},{"union_rowno":3,"row":290,"routeno":"TR-4A CLO-RKHN","responsecode":200,"routeparentid":2846},{"union_rowno":3,"row":291,"routeno":"V-360B Flyover","responsecode":200,"routeparentid":6552},{"union_rowno":3,"row":292,"routeno":"V-ISHA ROUNDS -1","responsecode":200,"routeparentid":7309},{"union_rowno":3,"row":293,"routeno":"VJN-AGO-SBS","responsecode":200,"routeparentid":1678},{"union_rowno":3,"row":294,"routeno":"VLO1-KGR","responsecode":200,"routeparentid":1345},{"union_rowno":3,"row":295,"routeno":"YHKOT-GKVK","responsecode":200,"routeparentid":1563},{"union_rowno":3,"row":296,"routeno":"YHKOT-LHAI","responsecode":200,"routeparentid":7397},{"union_rowno":3,"row":297,"routeno":"YHKOT-MADT","responsecode":200,"routeparentid":3472},{"union_rowno":3,"row":298,"routeno":"YHKOT-SUAP","responsecode":200,"routeparentid":5978}],"Message":"Success","Issuccess":true,"exception":null,"RowCount":289,"responsecode":200}