{"data":[{"union_rowno":3,"row":1,"routeno":"201-Q","responsecode":200,"routeparentid":1741},{"union_rowno":3,"row":2,"routeno":"201-Q D6G-CSB","responsecode":200,"routeparentid":6758},{"union_rowno":3,"row":3,"routeno":"201-RB BSKTTMC-BTLQT","responsecode":200,"routeparentid":6032},{"union_rowno":3,"row":4,"routeno":"210-Q","responsecode":200,"routeparentid":2118},{"union_rowno":3,"row":5,"routeno":"210-Q SGH-CKLS","responsecode":200,"routeparentid":5679},{"union_rowno":3,"row":6,"routeno":"211-Q","responsecode":200,"routeparentid":1881},{"union_rowno":3,"row":7,"routeno":"213-Q","responsecode":200,"routeparentid":1932},{"union_rowno":3,"row":8,"routeno":"213-Q HRH-MTRPR","responsecode":200,"routeparentid":6479},{"union_rowno":3,"row":9,"routeno":"213-QA","responsecode":200,"routeparentid":1933},{"union_rowno":3,"row":10,"routeno":"222-K KHBQ-VSD Flyover","responsecode":200,"routeparentid":7558},{"union_rowno":3,"row":11,"routeno":"226-Q","responsecode":200,"routeparentid":7157},{"union_rowno":3,"row":12,"routeno":"227-Q","responsecode":200,"routeparentid":1370},{"union_rowno":3,"row":13,"routeno":"238-U KBS-KHBQ","responsecode":200,"routeparentid":7393},{"union_rowno":3,"row":14,"routeno":"241-Q","responsecode":200,"routeparentid":1965},{"union_rowno":3,"row":15,"routeno":"242-Q","responsecode":200,"routeparentid":2724},{"union_rowno":3,"row":16,"routeno":"242-Q D35G-GGH","responsecode":200,"routeparentid":2726},{"union_rowno":3,"row":17,"routeno":"242-Q KBS-GGH","responsecode":200,"routeparentid":2732},{"union_rowno":3,"row":18,"routeno":"245-Q","responsecode":200,"routeparentid":3588},{"union_rowno":3,"row":19,"routeno":"245-Q KBS-VDH-BTH","responsecode":200,"routeparentid":6641},{"union_rowno":3,"row":20,"routeno":"258-Q","responsecode":200,"routeparentid":2019},{"union_rowno":3,"row":21,"routeno":"258-QA","responsecode":200,"routeparentid":2020},{"union_rowno":3,"row":22,"routeno":"266-Q","responsecode":200,"routeparentid":2204},{"union_rowno":3,"row":23,"routeno":"266-Q KMT-LXP","responsecode":200,"routeparentid":5136},{"union_rowno":3,"row":24,"routeno":"293-Q","responsecode":200,"routeparentid":2938},{"union_rowno":3,"row":25,"routeno":"293-Q SBS-HNS","responsecode":200,"routeparentid":5033},{"union_rowno":3,"row":26,"routeno":"296-Q","responsecode":200,"routeparentid":4813},{"union_rowno":3,"row":27,"routeno":"296-Q ARMY-KNR","responsecode":200,"routeparentid":6122},{"union_rowno":3,"row":28,"routeno":"304-Q","responsecode":200,"routeparentid":2404},{"union_rowno":3,"row":29,"routeno":"304-Q D24G-GNLU","responsecode":200,"routeparentid":2929},{"union_rowno":3,"row":30,"routeno":"305-Q","responsecode":200,"routeparentid":2999},{"union_rowno":3,"row":31,"routeno":"306-Q","responsecode":200,"routeparentid":3067},{"union_rowno":3,"row":32,"routeno":"311 KHCQ-SBS","responsecode":200,"routeparentid":7243},{"union_rowno":3,"row":33,"routeno":"315-MF CVB-KHCQ-RMN-D24","responsecode":200,"routeparentid":6922},{"union_rowno":3,"row":34,"routeno":"316-Q","responsecode":200,"routeparentid":3210},{"union_rowno":3,"row":35,"routeno":"317-Q","responsecode":200,"routeparentid":3240},{"union_rowno":3,"row":36,"routeno":"317-QK","responsecode":200,"routeparentid":3241},{"union_rowno":3,"row":37,"routeno":"330 SBS-GBJQ","responsecode":200,"routeparentid":5253},{"union_rowno":3,"row":38,"routeno":"342-F KBS-CPWDQ","responsecode":200,"routeparentid":5544},{"union_rowno":3,"row":39,"routeno":"342-Q","responsecode":200,"routeparentid":3094},{"union_rowno":3,"row":40,"routeno":"342-Q KMT-D42G","responsecode":200,"routeparentid":3097},{"union_rowno":3,"row":41,"routeno":"342-QA","responsecode":200,"routeparentid":6539},{"union_rowno":3,"row":42,"routeno":"360-Q","responsecode":200,"routeparentid":2833},{"union_rowno":3,"row":43,"routeno":"360-Q KBS-DSP","responsecode":200,"routeparentid":5318},{"union_rowno":3,"row":44,"routeno":"365-Q","responsecode":200,"routeparentid":2002},{"union_rowno":3,"row":45,"routeno":"366-Q","responsecode":200,"routeparentid":5096},{"union_rowno":3,"row":46,"routeno":"366-QA","responsecode":200,"routeparentid":5119},{"union_rowno":3,"row":47,"routeno":"369-Q","responsecode":200,"routeparentid":4586},{"union_rowno":3,"row":48,"routeno":"500-Q","responsecode":200,"routeparentid":1754},{"union_rowno":3,"row":49,"routeno":"500-Q BMT48-CJP","responsecode":200,"routeparentid":2886},{"union_rowno":3,"row":50,"routeno":"500-Q BTPG-CJP","responsecode":200,"routeparentid":6187},{"union_rowno":3,"row":51,"routeno":"500-Q D10G-TNF-KRPGH","responsecode":200,"routeparentid":6458},{"union_rowno":3,"row":52,"routeno":"500-Q KRPGH-BELF","responsecode":200,"routeparentid":7079},{"union_rowno":3,"row":53,"routeno":"500-Q KRPGH-TNF-BGLR","responsecode":200,"routeparentid":6454},{"union_rowno":3,"row":54,"routeno":"500-Q MDR-CJP","responsecode":200,"routeparentid":2942},{"union_rowno":3,"row":55,"routeno":"500-Q VNS-TNF-KRPGH","responsecode":200,"routeparentid":5512},{"union_rowno":3,"row":56,"routeno":"500-Q VNSH-CJP","responsecode":200,"routeparentid":5053},{"union_rowno":3,"row":57,"routeno":"500-QA","responsecode":200,"routeparentid":6281},{"union_rowno":3,"row":58,"routeno":"500-QA YTTMC-GGP-KRPGH","responsecode":200,"routeparentid":6279},{"union_rowno":3,"row":59,"routeno":"500-QB","responsecode":200,"routeparentid":4577},{"union_rowno":3,"row":60,"routeno":"500-QD","responsecode":200,"routeparentid":1752},{"union_rowno":3,"row":61,"routeno":"500-QD YBS-BSK","responsecode":200,"routeparentid":6629},{"union_rowno":3,"row":62,"routeno":"500-QD YBS-CSB","responsecode":200,"routeparentid":6146},{"union_rowno":3,"row":63,"routeno":"500-QG","responsecode":200,"routeparentid":5610},{"union_rowno":3,"row":64,"routeno":"500-QG D10G-JHC","responsecode":200,"routeparentid":6265},{"union_rowno":3,"row":65,"routeno":"500-QG D48G-GGP","responsecode":200,"routeparentid":4791},{"union_rowno":3,"row":66,"routeno":"500-QG GGP-KVUL","responsecode":200,"routeparentid":7380},{"union_rowno":3,"row":67,"routeno":"500-QG KRPGH-BELF","responsecode":200,"routeparentid":6237},{"union_rowno":3,"row":68,"routeno":"500-QG NMG-D10G","responsecode":200,"routeparentid":2906},{"union_rowno":3,"row":69,"routeno":"500-QG PSB-TCP","responsecode":200,"routeparentid":2915},{"union_rowno":3,"row":70,"routeno":"500-QG PTH-HBL-KRPGH","responsecode":200,"routeparentid":6216},{"union_rowno":3,"row":71,"routeno":"500-QG RTNPS-HBL-GGP","responsecode":200,"routeparentid":3269},{"union_rowno":3,"row":72,"routeno":"500-QG-D24G","responsecode":200,"routeparentid":3300},{"union_rowno":3,"row":73,"routeno":"500QG MDH-HBL","responsecode":200,"routeparentid":7415},{"union_rowno":3,"row":74,"routeno":"500-QK","responsecode":200,"routeparentid":2775},{"union_rowno":3,"row":75,"routeno":"500-QK BBD-KDG","responsecode":200,"routeparentid":5484},{"union_rowno":3,"row":76,"routeno":"500-QK D10G-KDG","responsecode":200,"routeparentid":2944},{"union_rowno":3,"row":77,"routeno":"500-QK YPRRS-KDG","responsecode":200,"routeparentid":4941},{"union_rowno":3,"row":78,"routeno":"500-QN","responsecode":200,"routeparentid":2948},{"union_rowno":3,"row":79,"routeno":"500-QP","responsecode":200,"routeparentid":1728},{"union_rowno":3,"row":80,"routeno":"600-QA","responsecode":200,"routeparentid":2143},{"union_rowno":3,"row":81,"routeno":"BEML5-KHBQ","responsecode":200,"routeparentid":4739},{"union_rowno":3,"row":82,"routeno":"D06G-BRSQ","responsecode":200,"routeparentid":5010},{"union_rowno":3,"row":83,"routeno":"D22-ISROQJ","responsecode":200,"routeparentid":4087},{"union_rowno":3,"row":84,"routeno":"D6G-RBIQ","responsecode":200,"routeparentid":7109},{"union_rowno":3,"row":85,"routeno":"D6G-SOQ","responsecode":200,"routeparentid":6497},{"union_rowno":3,"row":86,"routeno":"D9-SRS-ISRQ","responsecode":200,"routeparentid":6296},{"union_rowno":3,"row":87,"routeno":"KBS-13K SOQ-KDG","responsecode":200,"routeparentid":6543},{"union_rowno":3,"row":88,"routeno":"MF-271Q","responsecode":200,"routeparentid":4305},{"union_rowno":3,"row":89,"routeno":"PSS-ISROQJ","responsecode":200,"routeparentid":3927},{"union_rowno":3,"row":90,"routeno":"SBS-CQR","responsecode":200,"routeparentid":5962},{"union_rowno":3,"row":91,"routeno":"V-500QG","responsecode":200,"routeparentid":2245},{"union_rowno":3,"row":92,"routeno":"V-500QK","responsecode":200,"routeparentid":5506}],"Message":"Success","Issuccess":true,"exception":null,"RowCount":92,"responsecode":200}