{"data":[{"union_rowno":2,"row":2,"routeno":"RBANMS-1","responsecode":200,"routeparentid":6002},{"union_rowno":2,"row":3,"routeno":"RBI-01","responsecode":200,"routeparentid":7107},{"union_rowno":2,"row":5,"routeno":"RBI-KBS","responsecode":200,"routeparentid":7108},{"union_rowno":2,"row":7,"routeno":"RIS-01","responsecode":200,"routeparentid":5972},{"union_rowno":2,"row":9,"routeno":"RIS-1","responsecode":200,"routeparentid":6206},{"union_rowno":2,"row":12,"routeno":"RJK-BLR","responsecode":200,"routeparentid":7207},{"union_rowno":2,"row":13,"routeno":"RMCPF-JHCMS","responsecode":200,"routeparentid":7402},{"union_rowno":2,"row":15,"routeno":"RPA-KBS","responsecode":200,"routeparentid":7071},{"union_rowno":2,"row":18,"routeno":"RPA-SBS","responsecode":200,"routeparentid":7372},{"union_rowno":2,"row":20,"routeno":"RPCLO-MRBS","responsecode":200,"routeparentid":4649},{"union_rowno":2,"row":21,"routeno":"RTNPS-HBL-CJP","responsecode":200,"routeparentid":2902},{"union_rowno":2,"row":24,"routeno":"RTNP-SMC","responsecode":200,"routeparentid":5944},{"union_rowno":2,"row":26,"routeno":"RTNP-WSPM","responsecode":200,"routeparentid":4698},{"union_rowno":2,"row":27,"routeno":"RZP-D52G","responsecode":200,"routeparentid":7683},{"union_rowno":3,"row":1,"routeno":"111 CMS-KBR","responsecode":200,"routeparentid":6306},{"union_rowno":3,"row":2,"routeno":"112 CMS-KBR","responsecode":200,"routeparentid":6307},{"union_rowno":3,"row":3,"routeno":"114-C CBI-RTNPS-KBS","responsecode":200,"routeparentid":6452},{"union_rowno":3,"row":4,"routeno":"114 SBS-MRP","responsecode":200,"routeparentid":7690},{"union_rowno":3,"row":5,"routeno":"139-MRS-SBS","responsecode":200,"routeparentid":6584},{"union_rowno":3,"row":6,"routeno":"13-B SGH-PNNR","responsecode":200,"routeparentid":1682},{"union_rowno":3,"row":7,"routeno":"13-C SGH-ISROL","responsecode":200,"routeparentid":1627},{"union_rowno":3,"row":8,"routeno":"13 SNBS-BGRD","responsecode":200,"routeparentid":1042},{"union_rowno":3,"row":9,"routeno":"140-E KMT-EJP-KRM","responsecode":200,"routeparentid":5945},{"union_rowno":3,"row":10,"routeno":"140 KMT-SNBS-KRM","responsecode":200,"routeparentid":7682},{"union_rowno":3,"row":11,"routeno":"141-E SBS-KRM","responsecode":200,"routeparentid":1746},{"union_rowno":3,"row":12,"routeno":"141-K SBS-ARMYASC","responsecode":200,"routeparentid":7516},{"union_rowno":3,"row":13,"routeno":"143-A MRBS-NSR","responsecode":200,"routeparentid":7729},{"union_rowno":3,"row":14,"routeno":"143 D6G-NSR","responsecode":200,"routeparentid":5396},{"union_rowno":3,"row":15,"routeno":"143 KMT-KRM","responsecode":200,"routeparentid":1642},{"union_rowno":3,"row":16,"routeno":"143 KMT-NSR-KRM","responsecode":200,"routeparentid":1663},{"union_rowno":3,"row":17,"routeno":"143 KRM-NRG-CMP","responsecode":200,"routeparentid":7274},{"union_rowno":3,"row":18,"routeno":"143 NRG-SNBS","responsecode":200,"routeparentid":1267},{"union_rowno":3,"row":19,"routeno":"144-E D6G-KFC-NRG","responsecode":200,"routeparentid":6124},{"union_rowno":3,"row":20,"routeno":"144-E SBS-KRM","responsecode":200,"routeparentid":5021},{"union_rowno":3,"row":21,"routeno":"144-E SBS-KRM1","responsecode":200,"routeparentid":5616},{"union_rowno":3,"row":22,"routeno":"144-E SBS-NRG-D15","responsecode":200,"routeparentid":1665},{"union_rowno":3,"row":23,"routeno":"144-G ARMPS-NRG","responsecode":200,"routeparentid":7298},{"union_rowno":3,"row":24,"routeno":"144-G GPTE-NRG","responsecode":200,"routeparentid":7299},{"union_rowno":3,"row":25,"routeno":"144-G KRM-STP","responsecode":200,"routeparentid":6563},{"union_rowno":3,"row":26,"routeno":"144 KRMTTMC-KPWD-VNR-VSD-KBS","responsecode":200,"routeparentid":6823},{"union_rowno":3,"row":27,"routeno":"146-B KBS-SNL-KRM","responsecode":200,"routeparentid":6757},{"union_rowno":3,"row":28,"routeno":"155 MRBS-SBS","responsecode":200,"routeparentid":7727},{"union_rowno":3,"row":29,"routeno":"171-G KBS-HSR KEB","responsecode":200,"routeparentid":7519},{"union_rowno":3,"row":30,"routeno":"171 KBS-HSR KEB","responsecode":200,"routeparentid":7521},{"union_rowno":3,"row":31,"routeno":"176-E KBR-DPN","responsecode":200,"routeparentid":5768},{"union_rowno":3,"row":32,"routeno":"176 HPN-RGH","responsecode":200,"routeparentid":6932},{"union_rowno":3,"row":33,"routeno":"201 ARMYASC-BGR","responsecode":200,"routeparentid":7514},{"union_rowno":3,"row":34,"routeno":"201 D06G-DMR","responsecode":200,"routeparentid":3503},{"union_rowno":3,"row":35,"routeno":"201 D6-TMS-KRM","responsecode":200,"routeparentid":6481},{"union_rowno":3,"row":36,"routeno":"201 KRM KM-BSK","responsecode":200,"routeparentid":7219},{"union_rowno":3,"row":37,"routeno":"201-R CSB-BEMLF","responsecode":200,"routeparentid":6633},{"union_rowno":3,"row":38,"routeno":"201-RB BSKTTMC-BTLQT","responsecode":200,"routeparentid":6032},{"union_rowno":3,"row":39,"routeno":"201 SGH-BSK-SNR","responsecode":200,"routeparentid":7512},{"union_rowno":3,"row":40,"routeno":"201 SGH-SRN","responsecode":200,"routeparentid":1779},{"union_rowno":3,"row":41,"routeno":"201 SRN-VVKN","responsecode":200,"routeparentid":1778},{"union_rowno":3,"row":42,"routeno":"201 VVK-SNR","responsecode":200,"routeparentid":2863},{"union_rowno":3,"row":43,"routeno":"210-B KBS-KMT-KTNR","responsecode":200,"routeparentid":6974},{"union_rowno":3,"row":44,"routeno":"210-B KTNR-KMT-VSD","responsecode":200,"routeparentid":1817},{"union_rowno":3,"row":45,"routeno":"210-G SBS-ISRLO-PPLO","responsecode":200,"routeparentid":2461},{"union_rowno":3,"row":46,"routeno":"210-R","responsecode":200,"routeparentid":2114},{"union_rowno":3,"row":47,"routeno":"210-X BSK-CNDRN","responsecode":200,"routeparentid":2507},{"union_rowno":3,"row":48,"routeno":"210-Z BSK-RMLO","responsecode":200,"routeparentid":4617},{"union_rowno":3,"row":49,"routeno":"211-R","responsecode":200,"routeparentid":1883},{"union_rowno":3,"row":50,"routeno":"211-RA","responsecode":200,"routeparentid":1884},{"union_rowno":3,"row":51,"routeno":"212-B KMT-KRH","responsecode":200,"routeparentid":7766},{"union_rowno":3,"row":52,"routeno":"213-Q HRH-MTRPR","responsecode":200,"routeparentid":6479},{"union_rowno":3,"row":53,"routeno":"213-R","responsecode":200,"routeparentid":1934},{"union_rowno":3,"row":54,"routeno":"213 SBS-KMT-RVG-GAT","responsecode":200,"routeparentid":1877},{"union_rowno":3,"row":55,"routeno":"213-V SGH-HRH","responsecode":200,"routeparentid":1935},{"union_rowno":3,"row":56,"routeno":"213V-HRH-D4","responsecode":200,"routeparentid":7600},{"union_rowno":3,"row":57,"routeno":"214-D KMT-TRLE","responsecode":200,"routeparentid":4413},{"union_rowno":3,"row":58,"routeno":"215-C RAG-KMT","responsecode":200,"routeparentid":5668},{"union_rowno":3,"row":59,"routeno":"215-K BWSR-BSK","responsecode":200,"routeparentid":6231},{"union_rowno":3,"row":60,"routeno":"215-NE ANP11-MNRV-VSD","responsecode":200,"routeparentid":5721},{"union_rowno":3,"row":61,"routeno":"215-R","responsecode":200,"routeparentid":2322},{"union_rowno":3,"row":62,"routeno":"219-A GR College","responsecode":200,"routeparentid":2682},{"union_rowno":3,"row":63,"routeno":"221-J KGR-UDBVS","responsecode":200,"routeparentid":7821},{"union_rowno":3,"row":64,"routeno":"221-KGR-LVP","responsecode":200,"routeparentid":7611},{"union_rowno":3,"row":65,"routeno":"222-D KMT-BSK-SRK","responsecode":200,"routeparentid":4326},{"union_rowno":3,"row":66,"routeno":"222-K KHBQ-VSD Flyover","responsecode":200,"routeparentid":7558},{"union_rowno":3,"row":67,"routeno":"222 SCS-KGR","responsecode":200,"routeparentid":3998},{"union_rowno":3,"row":68,"routeno":"223-D KGR-DBT","responsecode":200,"routeparentid":3699},{"union_rowno":3,"row":69,"routeno":"223-D KGRT-DBT","responsecode":200,"routeparentid":6335},{"union_rowno":3,"row":70,"routeno":"223-D RRMC-DBT","responsecode":200,"routeparentid":5755},{"union_rowno":3,"row":71,"routeno":"223-E RRMC-RMS","responsecode":200,"routeparentid":7646},{"union_rowno":3,"row":72,"routeno":"223-E SBS-RMS","responsecode":200,"routeparentid":1829},{"union_rowno":3,"row":73,"routeno":"223-H KGR-DNH","responsecode":200,"routeparentid":1282},{"union_rowno":3,"row":74,"routeno":"223-L KTTMC-MRN","responsecode":200,"routeparentid":3695},{"union_rowno":3,"row":75,"routeno":"224-A KBS-VRS","responsecode":200,"routeparentid":5657},{"union_rowno":3,"row":76,"routeno":"224-C BSN-KRB","responsecode":200,"routeparentid":5677},{"union_rowno":3,"row":77,"routeno":"224 D12-KRBL","responsecode":200,"routeparentid":5694},{"union_rowno":3,"row":78,"routeno":"225-C BEML5-MRBS","responsecode":200,"routeparentid":7749},{"union_rowno":3,"row":79,"routeno":"225-CC BEML5-DRF","responsecode":200,"routeparentid":1288},{"union_rowno":3,"row":80,"routeno":"225-P BRN-JNK-KMT","responsecode":200,"routeparentid":7543},{"union_rowno":3,"row":81,"routeno":"226-K KMT-KRNHL","responsecode":200,"routeparentid":1832},{"union_rowno":3,"row":82,"routeno":"226-K KMT-PRSP","responsecode":200,"routeparentid":6869},{"union_rowno":3,"row":83,"routeno":"226-M BDD-MRBS","responsecode":200,"routeparentid":7755},{"union_rowno":3,"row":84,"routeno":"226-N KRBL-BDD","responsecode":200,"routeparentid":1284},{"union_rowno":3,"row":85,"routeno":"226-R","responsecode":200,"routeparentid":1316},{"union_rowno":3,"row":86,"routeno":"226-V TRD-KBS","responsecode":200,"routeparentid":6888},{"union_rowno":3,"row":87,"routeno":"227-K KMT-SLVR-BSM","responsecode":200,"routeparentid":7332},{"union_rowno":3,"row":88,"routeno":"227-R","responsecode":200,"routeparentid":1371},{"union_rowno":3,"row":89,"routeno":"227-RA","responsecode":200,"routeparentid":1835},{"union_rowno":3,"row":90,"routeno":"227-RB","responsecode":200,"routeparentid":1372},{"union_rowno":3,"row":91,"routeno":"227-RC","responsecode":200,"routeparentid":1373},{"union_rowno":3,"row":92,"routeno":"227-RC CDPC-KBS-KMT","responsecode":200,"routeparentid":1420},{"union_rowno":3,"row":93,"routeno":"227 RMH-SBS","responsecode":200,"routeparentid":6380},{"union_rowno":3,"row":94,"routeno":"227 SBS-RMH FLYOVER","responsecode":200,"routeparentid":1340},{"union_rowno":3,"row":95,"routeno":"227-ZA KMT-KLR-TMP","responsecode":200,"routeparentid":7106},{"union_rowno":3,"row":96,"routeno":"228-E SBS-TPR","responsecode":200,"routeparentid":1410},{"union_rowno":3,"row":97,"routeno":"228-H TPR-KMT-KBS","responsecode":200,"routeparentid":1440},{"union_rowno":3,"row":98,"routeno":"230 BEML5-BRH","responsecode":200,"routeparentid":1431},{"union_rowno":3,"row":99,"routeno":"231-C MRGP-KMT-KBS","responsecode":200,"routeparentid":1443},{"union_rowno":3,"row":100,"routeno":"234-A UST-MRBS","responsecode":200,"routeparentid":5963},{"union_rowno":3,"row":101,"routeno":"234 KMT-MRBS-CLO","responsecode":200,"routeparentid":6639},{"union_rowno":3,"row":102,"routeno":"235-K CLO-RMS","responsecode":200,"routeparentid":1539},{"union_rowno":3,"row":103,"routeno":"235-K KBS-RMS","responsecode":200,"routeparentid":1538},{"union_rowno":3,"row":104,"routeno":"235-R","responsecode":200,"routeparentid":1830},{"union_rowno":3,"row":105,"routeno":"238-V CVB-BRTN","responsecode":200,"routeparentid":6743},{"union_rowno":3,"row":106,"routeno":"238-W D31G-NRP","responsecode":200,"routeparentid":1854},{"union_rowno":3,"row":107,"routeno":"240-R","responsecode":200,"routeparentid":1893},{"union_rowno":3,"row":108,"routeno":"241-D BRTN-VSD","responsecode":200,"routeparentid":6171},{"union_rowno":3,"row":109,"routeno":"241-D BRTN2-MRTG-CVB","responsecode":200,"routeparentid":5613},{"union_rowno":3,"row":110,"routeno":"242-MA KBS-SLVR","responsecode":200,"routeparentid":2673},{"union_rowno":3,"row":111,"routeno":"242-R","responsecode":200,"routeparentid":2734},{"union_rowno":3,"row":112,"routeno":"242-R D35G-JGH","responsecode":200,"routeparentid":2735},{"union_rowno":3,"row":113,"routeno":"242-RA","responsecode":200,"routeparentid":2736},{"union_rowno":3,"row":114,"routeno":"242-RA D35G-CMP","responsecode":200,"routeparentid":2737},{"union_rowno":3,"row":115,"routeno":"245-R","responsecode":200,"routeparentid":4404},{"union_rowno":3,"row":116,"routeno":"245-R KBS-DJP","responsecode":200,"routeparentid":4412},{"union_rowno":3,"row":117,"routeno":"245 RVTH-D35G","responsecode":200,"routeparentid":3559},{"union_rowno":3,"row":118,"routeno":"248-G MRTG-JHC-NMG","responsecode":200,"routeparentid":4688},{"union_rowno":3,"row":119,"routeno":"248 KMT-KDGR","responsecode":200,"routeparentid":1604},{"union_rowno":3,"row":120,"routeno":"248-R","responsecode":200,"routeparentid":3628},{"union_rowno":3,"row":121,"routeno":"251-C PSS-RPS-LGR","responsecode":200,"routeparentid":2787},{"union_rowno":3,"row":122,"routeno":"251-G KBS-MTKR","responsecode":200,"routeparentid":2616},{"union_rowno":3,"row":123,"routeno":"252-A PSS-ISROM","responsecode":200,"routeparentid":6551},{"union_rowno":3,"row":124,"routeno":"252 LGR-PSS","responsecode":200,"routeparentid":1610},{"union_rowno":3,"row":125,"routeno":"252-RA","responsecode":200,"routeparentid":2836},{"union_rowno":3,"row":126,"routeno":"253-D PSS-TRN","responsecode":200,"routeparentid":2861},{"union_rowno":3,"row":127,"routeno":"253-G KBS-NRG","responsecode":200,"routeparentid":4775},{"union_rowno":3,"row":128,"routeno":"253-J YPRRS-HGV","responsecode":200,"routeparentid":6766},{"union_rowno":3,"row":129,"routeno":"253-R","responsecode":200,"routeparentid":2564},{"union_rowno":3,"row":130,"routeno":"254-D DSP-KMBRH-KMP","responsecode":200,"routeparentid":6763},{"union_rowno":3,"row":131,"routeno":"255-AE ALRB2-VSD-KBS","responsecode":200,"routeparentid":4145},{"union_rowno":3,"row":132,"routeno":"255-AE DSP-ALRB2","responsecode":200,"routeparentid":6133},{"union_rowno":3,"row":133,"routeno":"255AE KBS-VSD-ALRB2","responsecode":200,"routeparentid":4099},{"union_rowno":3,"row":134,"routeno":"255-R","responsecode":200,"routeparentid":7736},{"union_rowno":3,"row":135,"routeno":"256 CNS SVN-VRP","responsecode":200,"routeparentid":6160},{"union_rowno":3,"row":136,"routeno":"257-A DSP-HRH","responsecode":200,"routeparentid":3307},{"union_rowno":3,"row":137,"routeno":"257-B DSP-MDVR","responsecode":200,"routeparentid":3309},{"union_rowno":3,"row":138,"routeno":"257-C ASK-RVT","responsecode":200,"routeparentid":3310},{"union_rowno":3,"row":139,"routeno":"257-E DSP-ALR","responsecode":200,"routeparentid":3320},{"union_rowno":3,"row":140,"routeno":"258-C KBS-NMGRS","responsecode":200,"routeparentid":1975},{"union_rowno":3,"row":141,"routeno":"258-C KBS-RGW","responsecode":200,"routeparentid":7124},{"union_rowno":3,"row":142,"routeno":"258-C KBS-SLR","responsecode":200,"routeparentid":3851},{"union_rowno":3,"row":143,"routeno":"258-DN KBS-VRNF","responsecode":200,"routeparentid":1969},{"union_rowno":3,"row":144,"routeno":"258 KMT-CMDR","responsecode":200,"routeparentid":1637},{"union_rowno":3,"row":145,"routeno":"258-R","responsecode":200,"routeparentid":2022},{"union_rowno":3,"row":146,"routeno":"258-S KBS-RDH","responsecode":200,"routeparentid":1808},{"union_rowno":3,"row":147,"routeno":"258-V KBS-GRH","responsecode":200,"routeparentid":3515},{"union_rowno":3,"row":148,"routeno":"258 YTTMC-NMG-KRC","responsecode":200,"routeparentid":4095},{"union_rowno":3,"row":149,"routeno":"263-R","responsecode":200,"routeparentid":3525},{"union_rowno":3,"row":150,"routeno":"263-R KMT-KDRH-KMS","responsecode":200,"routeparentid":6987},{"union_rowno":3,"row":151,"routeno":"266-A D45G-MKTR","responsecode":200,"routeparentid":4149},{"union_rowno":3,"row":152,"routeno":"266-R","responsecode":200,"routeparentid":6599},{"union_rowno":3,"row":153,"routeno":"266-R D45-JKBN","responsecode":200,"routeparentid":6601},{"union_rowno":3,"row":154,"routeno":"266-R JKBN-KBS","responsecode":200,"routeparentid":6602},{"union_rowno":3,"row":155,"routeno":"269-A KMT-RCP-VRP","responsecode":200,"routeparentid":4260},{"union_rowno":3,"row":156,"routeno":"269-B KBS-RCP-D45","responsecode":200,"routeparentid":4264},{"union_rowno":3,"row":157,"routeno":"271-K MTNR-YTTMC","responsecode":200,"routeparentid":6619},{"union_rowno":3,"row":158,"routeno":"273-HMTCLUB-MTK-RMCPF","responsecode":200,"routeparentid":7401},{"union_rowno":3,"row":159,"routeno":"273 RMCPFO-BELC-JHC","responsecode":200,"routeparentid":4915},{"union_rowno":3,"row":160,"routeno":"276-A SBS-VRP-D45","responsecode":200,"routeparentid":2556},{"union_rowno":3,"row":161,"routeno":"276 D45-VRP-KBS","responsecode":200,"routeparentid":2107},{"union_rowno":3,"row":162,"routeno":"276 D45-VRP-KMT","responsecode":200,"routeparentid":3673},{"union_rowno":3,"row":163,"routeno":"276-E KMT-MTK-VRP-D45","responsecode":200,"routeparentid":6308},{"union_rowno":3,"row":164,"routeno":"276 KBS-VRP-D45G","responsecode":200,"routeparentid":4204},{"union_rowno":3,"row":165,"routeno":"276 KBS-VRP-MSP","responsecode":200,"routeparentid":5090},{"union_rowno":3,"row":166,"routeno":"276 PTH-VRP-KBS","responsecode":200,"routeparentid":2835},{"union_rowno":3,"row":167,"routeno":"276 SNBS-VRP","responsecode":200,"routeparentid":3260},{"union_rowno":3,"row":168,"routeno":"276 VSD-MKC-VRP-MSP","responsecode":200,"routeparentid":7692},{"union_rowno":3,"row":169,"routeno":"278-E ARMY-SBS-BPS","responsecode":200,"routeparentid":7285},{"union_rowno":3,"row":170,"routeno":"278 HBL-RTN-SBS","responsecode":200,"routeparentid":4669},{"union_rowno":3,"row":171,"routeno":"279-E D14G-RTNPS-BPS-HBL","responsecode":200,"routeparentid":5693},{"union_rowno":3,"row":172,"routeno":"279-E KBS-WMR","responsecode":200,"routeparentid":6373},{"union_rowno":3,"row":173,"routeno":"279-E RTNPS-HBL","responsecode":200,"routeparentid":2598},{"union_rowno":3,"row":174,"routeno":"279 RTNP-BPS","responsecode":200,"routeparentid":2572},{"union_rowno":3,"row":175,"routeno":"280-F D48G-RMP","responsecode":200,"routeparentid":4882},{"union_rowno":3,"row":176,"routeno":"281-C BGC-MGRMS","responsecode":200,"routeparentid":7414},{"union_rowno":3,"row":177,"routeno":"282-C KBS-RJP","responsecode":200,"routeparentid":7827},{"union_rowno":3,"row":178,"routeno":"282-C YHK-BLR","responsecode":200,"routeparentid":3095},{"union_rowno":3,"row":179,"routeno":"282-F PTH-MRNH","responsecode":200,"routeparentid":3609},{"union_rowno":3,"row":180,"routeno":"283-B ARS-HBL","responsecode":200,"routeparentid":7775},{"union_rowno":3,"row":181,"routeno":"283-D PTH-KDRGC","responsecode":200,"routeparentid":4489},{"union_rowno":3,"row":182,"routeno":"284-B SBS-RTNP-BMSITY","responsecode":200,"routeparentid":1085},{"union_rowno":3,"row":183,"routeno":"284-C KBS-KRC-JLOW","responsecode":200,"routeparentid":6941},{"union_rowno":3,"row":184,"routeno":"284 D14G-RTNPS-KBS","responsecode":200,"routeparentid":4657},{"union_rowno":3,"row":185,"routeno":"284-H PTH-GNR2","responsecode":200,"routeparentid":4610},{"union_rowno":3,"row":186,"routeno":"284 KBS-KVRY","responsecode":200,"routeparentid":4490},{"union_rowno":3,"row":187,"routeno":"284 KMT-KVRY","responsecode":200,"routeparentid":5976},{"union_rowno":3,"row":188,"routeno":"284 RTNP-YHK-OASIS","responsecode":200,"routeparentid":4745},{"union_rowno":3,"row":189,"routeno":"284 SBS-RTN-VNS","responsecode":200,"routeparentid":4113},{"union_rowno":3,"row":190,"routeno":"284 SNBS-SBS-RTNP-HBLB","responsecode":200,"routeparentid":1067},{"union_rowno":3,"row":191,"routeno":"285-B RMGH-KBS","responsecode":200,"routeparentid":1334},{"union_rowno":3,"row":192,"routeno":"285-C KBS-DTMR","responsecode":200,"routeparentid":4019},{"union_rowno":3,"row":193,"routeno":"285-CC KBS-CKTR","responsecode":200,"routeparentid":3997},{"union_rowno":3,"row":194,"routeno":"285-F PTML-BRP-HNYR","responsecode":200,"routeparentid":7832},{"union_rowno":3,"row":195,"routeno":"285-F PTML-BRPR","responsecode":200,"routeparentid":4000},{"union_rowno":3,"row":196,"routeno":"285-H KBS-KLRH","responsecode":200,"routeparentid":4003},{"union_rowno":3,"row":197,"routeno":"285 HRTA-HBLB","responsecode":200,"routeparentid":7842},{"union_rowno":3,"row":198,"routeno":"285 KBS-ARMYPR","responsecode":200,"routeparentid":7547},{"union_rowno":3,"row":199,"routeno":"285 KBS-SRKMS","responsecode":200,"routeparentid":4008},{"union_rowno":3,"row":200,"routeno":"285 KMT-RKMS","responsecode":200,"routeparentid":3717},{"union_rowno":3,"row":201,"routeno":"285-M SBS-RTN-PTML","responsecode":200,"routeparentid":7182},{"union_rowno":3,"row":202,"routeno":"285-MJ  D46G-JKR","responsecode":200,"routeparentid":6354},{"union_rowno":3,"row":203,"routeno":"285-MJ GST-JKR","responsecode":200,"routeparentid":6353},{"union_rowno":3,"row":204,"routeno":"285-MP YHKOT-HRTAD","responsecode":200,"routeparentid":3691},{"union_rowno":3,"row":205,"routeno":"285 PTML-DBRC-KLRH","responsecode":200,"routeparentid":6746},{"union_rowno":3,"row":206,"routeno":"285 PTML-HNYR","responsecode":200,"routeparentid":7179},{"union_rowno":3,"row":207,"routeno":"285-R","responsecode":200,"routeparentid":2037},{"union_rowno":3,"row":208,"routeno":"285-R PTML-CLH","responsecode":200,"routeparentid":2465},{"union_rowno":3,"row":209,"routeno":"285-R SBS-HNYR","responsecode":200,"routeparentid":7178},{"union_rowno":3,"row":210,"routeno":"285-RA","responsecode":200,"routeparentid":2055},{"union_rowno":3,"row":211,"routeno":"285-RA HNYR-KBS","responsecode":200,"routeparentid":4024},{"union_rowno":3,"row":212,"routeno":"285-RB","responsecode":200,"routeparentid":2057},{"union_rowno":3,"row":213,"routeno":"285-RB KBS-KNW","responsecode":200,"routeparentid":7188},{"union_rowno":3,"row":214,"routeno":"285RC","responsecode":200,"routeparentid":2074},{"union_rowno":3,"row":216,"routeno":"285 RKMS-KBS","responsecode":200,"routeparentid":3719},{"union_rowno":3,"row":217,"routeno":"285 SBS-MKC-HRTA","responsecode":200,"routeparentid":7843},{"union_rowno":3,"row":218,"routeno":"285 SBS-RTN-DBP","responsecode":200,"routeparentid":7180},{"union_rowno":3,"row":219,"routeno":"285 SRN-KBS-GKVK","responsecode":200,"routeparentid":1077},{"union_rowno":3,"row":220,"routeno":"285-X DBR-KBS","responsecode":200,"routeparentid":4037},{"union_rowno":3,"row":221,"routeno":"285-X PTML-DBR","responsecode":200,"routeparentid":4033},{"union_rowno":3,"row":222,"routeno":"286-D PTH-SRP","responsecode":200,"routeparentid":1514},{"union_rowno":3,"row":223,"routeno":"286-D SRP-KBS","responsecode":200,"routeparentid":1543},{"union_rowno":3,"row":224,"routeno":"286-G KMT-KBS-JKR","responsecode":200,"routeparentid":1519},{"union_rowno":3,"row":225,"routeno":"287-A ARMY-KDHG","responsecode":200,"routeparentid":7289},{"union_rowno":3,"row":226,"routeno":"287-A RTNPS-HBLB","responsecode":200,"routeparentid":2662},{"union_rowno":3,"row":227,"routeno":"288-J MGRMS-CBL","responsecode":200,"routeparentid":7479},{"union_rowno":3,"row":228,"routeno":"288-J MGRMS-NCBS","responsecode":200,"routeparentid":7477},{"union_rowno":3,"row":229,"routeno":"289-A BGLR-NITTE","responsecode":200,"routeparentid":6961},{"union_rowno":3,"row":230,"routeno":"289-A YHKOT-RZKP","responsecode":200,"routeparentid":4733},{"union_rowno":3,"row":231,"routeno":"289-AA MSP-BGR","responsecode":200,"routeparentid":6905},{"union_rowno":3,"row":232,"routeno":"289-CB D52G-ARB","responsecode":200,"routeparentid":7634},{"union_rowno":3,"row":233,"routeno":"289-CB D52G-BLR-KBS","responsecode":200,"routeparentid":7828},{"union_rowno":3,"row":234,"routeno":"289-D HSK-BYRTH-YHKOT","responsecode":200,"routeparentid":4855},{"union_rowno":3,"row":235,"routeno":"289-F YHKOT-MRC","responsecode":200,"routeparentid":6269},{"union_rowno":3,"row":236,"routeno":"289-G YHK-MRS","responsecode":200,"routeparentid":3734},{"union_rowno":3,"row":237,"routeno":"289-P D52G-BGLR-MLH","responsecode":200,"routeparentid":7658},{"union_rowno":3,"row":238,"routeno":"289-R","responsecode":200,"routeparentid":7579},{"union_rowno":3,"row":239,"routeno":"289-V D52-BLR-DVH","responsecode":200,"routeparentid":7782},{"union_rowno":3,"row":240,"routeno":"289 YHKOT-ARS","responsecode":200,"routeparentid":3725},{"union_rowno":3,"row":241,"routeno":"289 YHKOT-CHR","responsecode":200,"routeparentid":6991},{"union_rowno":3,"row":242,"routeno":"290 ARMPS-SBS-THS","responsecode":200,"routeparentid":4136},{"union_rowno":3,"row":243,"routeno":"290-E ARMY-SBS-YHKOT","responsecode":200,"routeparentid":7377},{"union_rowno":3,"row":244,"routeno":"290-E KLN-RKH","responsecode":200,"routeparentid":3933},{"union_rowno":3,"row":245,"routeno":"290-E RMC-SBS-YHKOT","responsecode":200,"routeparentid":4605},{"union_rowno":3,"row":246,"routeno":"290-EB SBS-VRP","responsecode":200,"routeparentid":6684},{"union_rowno":3,"row":247,"routeno":"290-G SBS-ATR","responsecode":200,"routeparentid":6390},{"union_rowno":3,"row":248,"routeno":"290-G SBS-RSL-BTP","responsecode":200,"routeparentid":6149},{"union_rowno":3,"row":249,"routeno":"290-R","responsecode":200,"routeparentid":4999},{"union_rowno":3,"row":250,"routeno":"290-R KNR-THS-SBS","responsecode":200,"routeparentid":3722},{"union_rowno":3,"row":251,"routeno":"290-R SBS-THS-D48G","responsecode":200,"routeparentid":6937},{"union_rowno":3,"row":252,"routeno":"290-R SBS-THS-RZP","responsecode":200,"routeparentid":6936},{"union_rowno":3,"row":253,"routeno":"290 SBS-HBR1 BSNL","responsecode":200,"routeparentid":6423},{"union_rowno":3,"row":254,"routeno":"290 SBS-RSL-TNS","responsecode":200,"routeparentid":6148},{"union_rowno":3,"row":255,"routeno":"290-Y YTTMC-KRPGH","responsecode":200,"routeparentid":4927},{"union_rowno":3,"row":256,"routeno":"291-H D10G-RKHN","responsecode":200,"routeparentid":5248},{"union_rowno":3,"row":257,"routeno":"291-R","responsecode":200,"routeparentid":4352},{"union_rowno":3,"row":258,"routeno":"291 SRMP-KLN","responsecode":200,"routeparentid":3936},{"union_rowno":3,"row":259,"routeno":"293-A PRC-BGLR","responsecode":200,"routeparentid":5524},{"union_rowno":3,"row":260,"routeno":"293-BC BTM-BGR","responsecode":200,"routeparentid":7409},{"union_rowno":3,"row":261,"routeno":"293-BS D10G-BGLR","responsecode":200,"routeparentid":4507},{"union_rowno":3,"row":262,"routeno":"293 D48G-RZP","responsecode":200,"routeparentid":5004},{"union_rowno":3,"row":263,"routeno":"293-F D48G-BGLR-KDYH","responsecode":200,"routeparentid":4993},{"union_rowno":3,"row":264,"routeno":"293 KBS-HNR-CHLS","responsecode":200,"routeparentid":4548},{"union_rowno":3,"row":265,"routeno":"293 KBS-HNRC-SVPS","responsecode":200,"routeparentid":6224},{"union_rowno":3,"row":266,"routeno":"293 OASIS-HNRJN-HBLB","responsecode":200,"routeparentid":2664},{"union_rowno":3,"row":267,"routeno":"293-R","responsecode":200,"routeparentid":4781},{"union_rowno":3,"row":268,"routeno":"293-R SBS-LHIA","responsecode":200,"routeparentid":6180},{"union_rowno":3,"row":269,"routeno":"293-S D48G-BGLR","responsecode":200,"routeparentid":4760},{"union_rowno":3,"row":270,"routeno":"293 SBS-HNRC-SVPS","responsecode":200,"routeparentid":6225},{"union_rowno":3,"row":271,"routeno":"293-SD D52-BGLR-DVH","responsecode":200,"routeparentid":7869},{"union_rowno":3,"row":272,"routeno":"293 STJHS-BGLR","responsecode":200,"routeparentid":7054},{"union_rowno":3,"row":273,"routeno":"294-B D48G-JNTNR","responsecode":200,"routeparentid":4885},{"union_rowno":3,"row":274,"routeno":"296-A HPPCR-KBS","responsecode":200,"routeparentid":4596},{"union_rowno":3,"row":275,"routeno":"296-B D48G-HBRLO","responsecode":200,"routeparentid":4822},{"union_rowno":3,"row":276,"routeno":"296-F SBS-MRS","responsecode":200,"routeparentid":5040},{"union_rowno":3,"row":277,"routeno":"296-Q ARMY-KNR","responsecode":200,"routeparentid":6122},{"union_rowno":3,"row":278,"routeno":"298-B KBS-ANSR-BCP","responsecode":200,"routeparentid":6962},{"union_rowno":3,"row":279,"routeno":"298-E YHKOT-KND-BRS","responsecode":200,"routeparentid":7826},{"union_rowno":3,"row":280,"routeno":"298-M DVH-HRH-VJP","responsecode":200,"routeparentid":6963},{"union_rowno":3,"row":281,"routeno":"298-M KBS-EHSR-BRS","responsecode":200,"routeparentid":7350},{"union_rowno":3,"row":282,"routeno":"298-ME KMT-AGO-NLR","responsecode":200,"routeparentid":6272},{"union_rowno":3,"row":283,"routeno":"298-ME KMT-NLR","responsecode":200,"routeparentid":5933},{"union_rowno":3,"row":284,"routeno":"298-ME YHK-NLR","responsecode":200,"routeparentid":5934},{"union_rowno":3,"row":285,"routeno":"298-MF YHKOT-BSR","responsecode":200,"routeparentid":5179},{"union_rowno":3,"row":286,"routeno":"298-MP KBS-HRH-VJP","responsecode":200,"routeparentid":7425},{"union_rowno":3,"row":287,"routeno":"298-PD NLR-KBS","responsecode":200,"routeparentid":5196},{"union_rowno":3,"row":288,"routeno":"298 SDHG-RMG-KRC-SNBS","responsecode":200,"routeparentid":7027},{"union_rowno":3,"row":289,"routeno":"298-Y KBS-YLR-VJP","responsecode":200,"routeparentid":6556},{"union_rowno":3,"row":290,"routeno":"298-Y VJP-YLR-YHKOT","responsecode":200,"routeparentid":6557},{"union_rowno":3,"row":291,"routeno":"300-E ARMY-SBS-KRPGH","responsecode":200,"routeparentid":7280},{"union_rowno":3,"row":292,"routeno":"300-E KRPGH-SMVR","responsecode":200,"routeparentid":7028},{"union_rowno":3,"row":293,"routeno":"300-E PTW-KRPGH","responsecode":200,"routeparentid":6455},{"union_rowno":3,"row":294,"routeno":"300-E SJBHS-KRP","responsecode":200,"routeparentid":7308},{"union_rowno":3,"row":295,"routeno":"300-H KBS-SRPMS","responsecode":200,"routeparentid":6184},{"union_rowno":3,"row":296,"routeno":"300-H KRPGH-SPHS","responsecode":200,"routeparentid":5675},{"union_rowno":3,"row":297,"routeno":"300 KRPGH-CWL","responsecode":200,"routeparentid":7541},{"union_rowno":3,"row":298,"routeno":"300-R","responsecode":200,"routeparentid":7715},{"union_rowno":3,"row":299,"routeno":"301-A KMT-NRIL","responsecode":200,"routeparentid":5848},{"union_rowno":3,"row":300,"routeno":"301-A VSD-NRIL","responsecode":200,"routeparentid":5849},{"union_rowno":3,"row":301,"routeno":"301 D10G-NRIL","responsecode":200,"routeparentid":5847},{"union_rowno":3,"row":302,"routeno":"301-E SBS-TCP-KRPGH","responsecode":200,"routeparentid":2788},{"union_rowno":3,"row":303,"routeno":"301 SBS-MRG","responsecode":200,"routeparentid":2796},{"union_rowno":3,"row":304,"routeno":"301-T BBGM-KRP","responsecode":200,"routeparentid":7470},{"union_rowno":3,"row":305,"routeno":"301-T D24G-RMB","responsecode":200,"routeparentid":6202},{"union_rowno":3,"row":306,"routeno":"301-T D24G-TCP-BCRB","responsecode":200,"routeparentid":5866},{"union_rowno":3,"row":307,"routeno":"302 D10G-RMSP","responsecode":200,"routeparentid":6041},{"union_rowno":3,"row":308,"routeno":"302-G KMT-HRA","responsecode":200,"routeparentid":2869},{"union_rowno":3,"row":309,"routeno":"304-R","responsecode":200,"routeparentid":2934},{"union_rowno":3,"row":310,"routeno":"304-R D24G-BGB","responsecode":200,"routeparentid":2937},{"union_rowno":3,"row":311,"routeno":"304-V MDR-CKT","responsecode":200,"routeparentid":2905},{"union_rowno":3,"row":312,"routeno":"304-X D41G-ARH","responsecode":200,"routeparentid":2951},{"union_rowno":3,"row":313,"routeno":"305-R","responsecode":200,"routeparentid":3001},{"union_rowno":3,"row":314,"routeno":"306-F D41G-BRH","responsecode":200,"routeparentid":3033},{"union_rowno":3,"row":315,"routeno":"306-F KBS-BRH","responsecode":200,"routeparentid":3032},{"union_rowno":3,"row":316,"routeno":"306-M KMT-KDR","responsecode":200,"routeparentid":5516},{"union_rowno":3,"row":317,"routeno":"306-M MDR-PURA","responsecode":200,"routeparentid":5568},{"union_rowno":3,"row":318,"routeno":"306-M PURA-KBS","responsecode":200,"routeparentid":7573},{"union_rowno":3,"row":319,"routeno":"306-R","responsecode":200,"routeparentid":2435},{"union_rowno":3,"row":320,"routeno":"306-RA","responsecode":200,"routeparentid":3071},{"union_rowno":3,"row":321,"routeno":"307-A MDR-VRH","responsecode":200,"routeparentid":6770},{"union_rowno":3,"row":322,"routeno":"307 SBS-RMP","responsecode":200,"routeparentid":7111},{"union_rowno":3,"row":323,"routeno":"310 SMVR-KRPGH","responsecode":200,"routeparentid":3992},{"union_rowno":3,"row":324,"routeno":"314-A D06G-DRDO2S","responsecode":200,"routeparentid":3139},{"union_rowno":3,"row":325,"routeno":"314-B DPJN-CVRN","responsecode":200,"routeparentid":4121},{"union_rowno":3,"row":326,"routeno":"314-B KBS-CVRNRG","responsecode":200,"routeparentid":6248},{"union_rowno":3,"row":327,"routeno":"314-T RMN-VSD-KBS","responsecode":200,"routeparentid":5425},{"union_rowno":3,"row":328,"routeno":"314-T VSD-RMN","responsecode":200,"routeparentid":4890},{"union_rowno":3,"row":329,"routeno":"315 ARMY-KMT","responsecode":200,"routeparentid":5652},{"union_rowno":3,"row":330,"routeno":"315-G KRPR-DBS","responsecode":200,"routeparentid":6582},{"union_rowno":3,"row":331,"routeno":"315-KBS-KRP-D24G","responsecode":200,"routeparentid":3436},{"union_rowno":3,"row":332,"routeno":"315 KBS-VSD-KRPGH","responsecode":200,"routeparentid":6355},{"union_rowno":3,"row":333,"routeno":"315-MF CVB-KHCQ-RMN-D24","responsecode":200,"routeparentid":6922},{"union_rowno":3,"row":334,"routeno":"315 SNBS-KRPGH","responsecode":200,"routeparentid":2421},{"union_rowno":3,"row":335,"routeno":"315 VSD-KRPE","responsecode":200,"routeparentid":7368},{"union_rowno":3,"row":336,"routeno":"316 MDR-HAL ARDC","responsecode":200,"routeparentid":6053},{"union_rowno":3,"row":337,"routeno":"316 MDR-HDH-BDG","responsecode":200,"routeparentid":6956},{"union_rowno":3,"row":338,"routeno":"316-R","responsecode":200,"routeparentid":3211},{"union_rowno":3,"row":339,"routeno":"316 SBS-D47 MDR","responsecode":200,"routeparentid":2979},{"union_rowno":3,"row":340,"routeno":"316-Y KRP-DVH","responsecode":200,"routeparentid":3218},{"union_rowno":3,"row":341,"routeno":"317-B D47 MDR-KNM","responsecode":200,"routeparentid":3271},{"union_rowno":3,"row":342,"routeno":"317 KVUL-TNF-KRPGH","responsecode":200,"routeparentid":7381},{"union_rowno":3,"row":343,"routeno":"317-R","responsecode":200,"routeparentid":6245},{"union_rowno":3,"row":344,"routeno":"318-A MDR-BMH","responsecode":200,"routeparentid":3962},{"union_rowno":3,"row":345,"routeno":"318 KMT-THRM","responsecode":200,"routeparentid":3181},{"union_rowno":3,"row":346,"routeno":"319 BTR-TNF-KDG","responsecode":200,"routeparentid":5881},{"union_rowno":3,"row":347,"routeno":"319-J D41G-DNR","responsecode":200,"routeparentid":3281},{"union_rowno":3,"row":348,"routeno":"319-J TNF-DNR","responsecode":200,"routeparentid":3057},{"union_rowno":3,"row":349,"routeno":"319 KRPGH-TNF-KDG","responsecode":200,"routeparentid":7418},{"union_rowno":3,"row":350,"routeno":"31 KMT-NRC","responsecode":200,"routeparentid":4408},{"union_rowno":3,"row":351,"routeno":"31 NRC-KMT-SBS","responsecode":200,"routeparentid":5726},{"union_rowno":3,"row":352,"routeno":"31 NRC-VSD-KBS","responsecode":200,"routeparentid":4963},{"union_rowno":3,"row":353,"routeno":"323-B D41G-KGR","responsecode":200,"routeparentid":3333},{"union_rowno":3,"row":354,"routeno":"323-F D41G-NRG","responsecode":200,"routeparentid":5797},{"union_rowno":3,"row":355,"routeno":"323-G D41G-RMN","responsecode":200,"routeparentid":5798},{"union_rowno":3,"row":356,"routeno":"325 D41G-HRHL","responsecode":200,"routeparentid":3374},{"union_rowno":3,"row":357,"routeno":"325 KBS-HAL-HRH","responsecode":200,"routeparentid":3377},{"union_rowno":3,"row":358,"routeno":"326-C MDR-KDGB","responsecode":200,"routeparentid":3385},{"union_rowno":3,"row":359,"routeno":"327 KMT-HAL ARDC","responsecode":200,"routeparentid":6056},{"union_rowno":3,"row":360,"routeno":"328-G D41G-GJR-HLH","responsecode":200,"routeparentid":3455},{"union_rowno":3,"row":361,"routeno":"328-H ATB-CRG","responsecode":200,"routeparentid":5785},{"union_rowno":3,"row":362,"routeno":"328-H CBR-ATB","responsecode":200,"routeparentid":4602},{"union_rowno":3,"row":363,"routeno":"328-H D38G-CPR-ATB-SJP","responsecode":200,"routeparentid":5997},{"union_rowno":3,"row":364,"routeno":"328-HB D6G-MRHB-ATB","responsecode":200,"routeparentid":6200},{"union_rowno":3,"row":365,"routeno":"328-HE D41G-MDR","responsecode":200,"routeparentid":6836},{"union_rowno":3,"row":366,"routeno":"328-HK VTR-SVMS","responsecode":200,"routeparentid":7342},{"union_rowno":3,"row":367,"routeno":"329-C D41G-KTR","responsecode":200,"routeparentid":3480},{"union_rowno":3,"row":368,"routeno":"32 PPLO-TRN-SBS","responsecode":200,"routeparentid":2463},{"union_rowno":3,"row":369,"routeno":"330-G KVDRDO-SBS","responsecode":200,"routeparentid":7198},{"union_rowno":3,"row":370,"routeno":"330-G SBS-MRHB-DDNK","responsecode":200,"routeparentid":6099},{"union_rowno":3,"row":371,"routeno":"330 MGRMS-MNKL","responsecode":200,"routeparentid":4618},{"union_rowno":3,"row":372,"routeno":"333-F KBS-MRHB-DDNK","responsecode":200,"routeparentid":6097},{"union_rowno":3,"row":373,"routeno":"333-N D41G-SRP","responsecode":200,"routeparentid":3760},{"union_rowno":3,"row":374,"routeno":"335-E KDG-KVDRDO","responsecode":200,"routeparentid":7196},{"union_rowno":3,"row":375,"routeno":"335-N KGR-KMT-ARDCHAL","responsecode":200,"routeparentid":5585},{"union_rowno":3,"row":376,"routeno":"335-N RRC-KBS-KDG","responsecode":200,"routeparentid":5767},{"union_rowno":3,"row":377,"routeno":"340-A KBS-ADG-HSR 2nd","responsecode":200,"routeparentid":6036},{"union_rowno":3,"row":378,"routeno":"340-A KBS-ADG-HSRKEB","responsecode":200,"routeparentid":6034},{"union_rowno":3,"row":379,"routeno":"340-A STJN-HSRKEB","responsecode":200,"routeparentid":6198},{"union_rowno":3,"row":380,"routeno":"340 KBS-GJRP","responsecode":200,"routeparentid":3103},{"union_rowno":3,"row":381,"routeno":"341-A DMLA-HLR","responsecode":200,"routeparentid":7524},{"union_rowno":3,"row":382,"routeno":"341-A KRM-HRLR","responsecode":200,"routeparentid":6667},{"union_rowno":3,"row":383,"routeno":"341-B KBS-CSR","responsecode":200,"routeparentid":3160},{"union_rowno":3,"row":384,"routeno":"341-C KBS-KDRM","responsecode":200,"routeparentid":3169},{"union_rowno":3,"row":385,"routeno":"342-A KMT HRH","responsecode":200,"routeparentid":3197},{"union_rowno":3,"row":386,"routeno":"342-A KMT-KRMTTMC","responsecode":200,"routeparentid":3185},{"union_rowno":3,"row":387,"routeno":"342-A KRM-HSS","responsecode":200,"routeparentid":3522},{"union_rowno":3,"row":388,"routeno":"342-A KRMTTMC-SJP","responsecode":200,"routeparentid":3186},{"union_rowno":3,"row":389,"routeno":"342 D42G-PRP","responsecode":200,"routeparentid":7565},{"union_rowno":3,"row":390,"routeno":"342D D42G-VRT","responsecode":200,"routeparentid":6852},{"union_rowno":3,"row":391,"routeno":"342-F KRMTTMC-SJP","responsecode":200,"routeparentid":3219},{"union_rowno":3,"row":392,"routeno":"342-H CMRS-STJN","responsecode":200,"routeparentid":3232},{"union_rowno":3,"row":393,"routeno":"342-H SJP-RAK","responsecode":200,"routeparentid":5515},{"union_rowno":3,"row":394,"routeno":"342-H STJH-KGR","responsecode":200,"routeparentid":5697},{"union_rowno":3,"row":395,"routeno":"342MA D42G-GLR","responsecode":200,"routeparentid":6832},{"union_rowno":3,"row":396,"routeno":"342 RJTP-SJP","responsecode":200,"routeparentid":7452},{"union_rowno":3,"row":397,"routeno":"342-TA KRMTTMC-HND","responsecode":200,"routeparentid":3314},{"union_rowno":3,"row":398,"routeno":"343-A HLH-KRMTTMC","responsecode":200,"routeparentid":3353},{"union_rowno":3,"row":399,"routeno":"344-C KRMTTMC-BDP","responsecode":200,"routeparentid":3402},{"union_rowno":3,"row":400,"routeno":"345-E D34G-BGR-ANK","responsecode":200,"routeparentid":7837},{"union_rowno":3,"row":401,"routeno":"346-C KMT-RYS","responsecode":200,"routeparentid":3509},{"union_rowno":3,"row":402,"routeno":"347-C KBS-LMG-CKBR","responsecode":200,"routeparentid":6978},{"union_rowno":3,"row":403,"routeno":"347-C KMT-CKBR","responsecode":200,"routeparentid":3552},{"union_rowno":3,"row":404,"routeno":"347 KRMTTMC-KDL","responsecode":200,"routeparentid":3543},{"union_rowno":3,"row":405,"routeno":"350-A KBS-TRP","responsecode":200,"routeparentid":5471},{"union_rowno":3,"row":406,"routeno":"351-C KBS-RMS","responsecode":200,"routeparentid":5203},{"union_rowno":3,"row":407,"routeno":"352 SRN-HNG","responsecode":200,"routeparentid":5309},{"union_rowno":3,"row":408,"routeno":"353-B JGNAPC-CPR-HKR","responsecode":200,"routeparentid":4951},{"union_rowno":3,"row":409,"routeno":"354-C CSB-MRS","responsecode":200,"routeparentid":6611},{"union_rowno":3,"row":410,"routeno":"356-CW D38G-HSRBDA","responsecode":200,"routeparentid":6132},{"union_rowno":3,"row":411,"routeno":"356-CW INF-HSRBDA","responsecode":200,"routeparentid":5916},{"union_rowno":3,"row":412,"routeno":"356-CW SRN-HSRBDA UNFLY","responsecode":200,"routeparentid":5329},{"union_rowno":3,"row":413,"routeno":"356-M CPR-ANK-RMH","responsecode":200,"routeparentid":5346},{"union_rowno":3,"row":414,"routeno":"360 BGR-ATB","responsecode":200,"routeparentid":3359},{"union_rowno":3,"row":415,"routeno":"360-C D38G-BLR","responsecode":200,"routeparentid":7657},{"union_rowno":3,"row":416,"routeno":"360 CPR-KRM","responsecode":200,"routeparentid":2785},{"union_rowno":3,"row":417,"routeno":"360-K ARMYASC-ATB","responsecode":200,"routeparentid":7528},{"union_rowno":3,"row":418,"routeno":"360-K KRM-STJN-ATB","responsecode":200,"routeparentid":6659},{"union_rowno":3,"row":419,"routeno":"360-K KSR-ATB","responsecode":200,"routeparentid":3041},{"union_rowno":3,"row":420,"routeno":"360 KRMTTMC-ATB","responsecode":200,"routeparentid":5619},{"union_rowno":3,"row":421,"routeno":"360-S D38G-ANK-RMH","responsecode":200,"routeparentid":5984},{"union_rowno":3,"row":422,"routeno":"360-S D38G-SMDR","responsecode":200,"routeparentid":6135},{"union_rowno":3,"row":423,"routeno":"360 SRN-ATB","responsecode":200,"routeparentid":1498},{"union_rowno":3,"row":424,"routeno":"361-C FLYOVER","responsecode":200,"routeparentid":2866},{"union_rowno":3,"row":425,"routeno":"362 BMH-BGR-JSD","responsecode":200,"routeparentid":7764},{"union_rowno":3,"row":426,"routeno":"362-C BGR-ELC","responsecode":200,"routeparentid":6027},{"union_rowno":3,"row":427,"routeno":"362-F KBS-KRMTTMC","responsecode":200,"routeparentid":5054},{"union_rowno":3,"row":428,"routeno":"365-E KBS-BTRD","responsecode":200,"routeparentid":5114},{"union_rowno":3,"row":429,"routeno":"365 KBS-JRML","responsecode":200,"routeparentid":4454},{"union_rowno":3,"row":430,"routeno":"365-R","responsecode":200,"routeparentid":1996},{"union_rowno":3,"row":431,"routeno":"365-S MRD-D34G","responsecode":200,"routeparentid":7838},{"union_rowno":3,"row":432,"routeno":"366 D34-NSR","responsecode":200,"routeparentid":7593},{"union_rowno":3,"row":433,"routeno":"366-KA D34G-MRD","responsecode":200,"routeparentid":7589},{"union_rowno":3,"row":434,"routeno":"366-M D27G-BTRD","responsecode":200,"routeparentid":5115},{"union_rowno":3,"row":435,"routeno":"366-M D34G-BTRD","responsecode":200,"routeparentid":7694},{"union_rowno":3,"row":436,"routeno":"366-R","responsecode":200,"routeparentid":5121},{"union_rowno":3,"row":437,"routeno":"366-R D27G-VDP","responsecode":200,"routeparentid":7803},{"union_rowno":3,"row":438,"routeno":"367 BSK-RSD","responsecode":200,"routeparentid":4388},{"union_rowno":3,"row":439,"routeno":"367 D34G-RSD","responsecode":200,"routeparentid":4391},{"union_rowno":3,"row":440,"routeno":"36 KBS-VSD-SNR","responsecode":200,"routeparentid":6971},{"union_rowno":3,"row":441,"routeno":"36 VSD-KMTFLY-SRN","responsecode":200,"routeparentid":6170},{"union_rowno":3,"row":442,"routeno":"36 VSD-SNR","responsecode":200,"routeparentid":7839},{"union_rowno":3,"row":443,"routeno":"36 VSDH-SNR","responsecode":200,"routeparentid":7840},{"union_rowno":3,"row":444,"routeno":"370-B D27-KRTD","responsecode":200,"routeparentid":5099},{"union_rowno":3,"row":445,"routeno":"370-B D34G-KRTD","responsecode":200,"routeparentid":7594},{"union_rowno":3,"row":446,"routeno":"370-E D27G-RMND","responsecode":200,"routeparentid":6323},{"union_rowno":3,"row":447,"routeno":"370-E D34G-RND","responsecode":200,"routeparentid":7595},{"union_rowno":3,"row":448,"routeno":"372-E KMT-HRG-CNP","responsecode":200,"routeparentid":5107},{"union_rowno":3,"row":449,"routeno":"375-D BEMLG-KGR","responsecode":200,"routeparentid":4833},{"union_rowno":3,"row":450,"routeno":"375-H SGH-KGR","responsecode":200,"routeparentid":1676},{"union_rowno":3,"row":451,"routeno":"378-A D27-KGR","responsecode":200,"routeparentid":5122},{"union_rowno":3,"row":452,"routeno":"378-A KGR-ANK","responsecode":200,"routeparentid":5118},{"union_rowno":3,"row":453,"routeno":"378-A KGR-BNP","responsecode":200,"routeparentid":4083},{"union_rowno":3,"row":454,"routeno":"378 ATB-KGR","responsecode":200,"routeparentid":3652},{"union_rowno":3,"row":455,"routeno":"378 D34-KGR","responsecode":200,"routeparentid":1777},{"union_rowno":3,"row":456,"routeno":"378-P D34G-JGN-CPR-HSS","responsecode":200,"routeparentid":7455},{"union_rowno":3,"row":457,"routeno":"381-C HSK-NGRH-VJP","responsecode":200,"routeparentid":6290},{"union_rowno":3,"row":458,"routeno":"399-A CDP-BRH","responsecode":200,"routeparentid":3701},{"union_rowno":3,"row":459,"routeno":"399-A CPR-KDG","responsecode":200,"routeparentid":6240},{"union_rowno":3,"row":460,"routeno":"399-C SRN-CTP","responsecode":200,"routeparentid":5336},{"union_rowno":3,"row":461,"routeno":"399 HSS-CPR","responsecode":200,"routeparentid":4504},{"union_rowno":3,"row":462,"routeno":"399 SJP-BHR","responsecode":200,"routeparentid":3767},{"union_rowno":3,"row":463,"routeno":"3F-5 ANK-KGR","responsecode":200,"routeparentid":6606},{"union_rowno":3,"row":464,"routeno":"401-AB PSS-BGLR","responsecode":200,"routeparentid":3002},{"union_rowno":3,"row":465,"routeno":"401-AC BMT45-LGR","responsecode":200,"routeparentid":7666},{"union_rowno":3,"row":466,"routeno":"401-AK PSS-CKB-BGR","responsecode":200,"routeparentid":4655},{"union_rowno":3,"row":467,"routeno":"401-AK RJK-CKB","responsecode":200,"routeparentid":7392},{"union_rowno":3,"row":468,"routeno":"401-AR","responsecode":200,"routeparentid":3035},{"union_rowno":3,"row":469,"routeno":"401-BR","responsecode":200,"routeparentid":3099},{"union_rowno":3,"row":470,"routeno":"401-K ACP-KGR-YHK","responsecode":200,"routeparentid":6414},{"union_rowno":3,"row":471,"routeno":"401-K CLO-KGR","responsecode":200,"routeparentid":1653},{"union_rowno":3,"row":472,"routeno":"401-K D31G-KGR","responsecode":200,"routeparentid":6890},{"union_rowno":3,"row":473,"routeno":"401-K D45G-KGR","responsecode":200,"routeparentid":2520},{"union_rowno":3,"row":474,"routeno":"401-K KGR-BELF","responsecode":200,"routeparentid":6912},{"union_rowno":3,"row":475,"routeno":"401-K PTH-VRP-YTTMC-KGR","responsecode":200,"routeparentid":7383},{"union_rowno":3,"row":476,"routeno":"401-KB DPJN-KGR","responsecode":200,"routeparentid":7754},{"union_rowno":3,"row":477,"routeno":"401-KB VJN-RRMC","responsecode":200,"routeparentid":5414},{"union_rowno":3,"row":478,"routeno":"401K-CWS-3-KGRTTMC","responsecode":200,"routeparentid":3358},{"union_rowno":3,"row":479,"routeno":"401-M KGR-HBL","responsecode":200,"routeparentid":3475},{"union_rowno":3,"row":480,"routeno":"401-M KRB-YTTMC","responsecode":200,"routeparentid":5673},{"union_rowno":3,"row":481,"routeno":"401-N RPC-YHK","responsecode":200,"routeparentid":4887},{"union_rowno":3,"row":482,"routeno":"401-NY YTTMC-MRBS","responsecode":200,"routeparentid":7134},{"union_rowno":3,"row":483,"routeno":"401-R","responsecode":200,"routeparentid":1419},{"union_rowno":3,"row":484,"routeno":"401-R MLO-BELF","responsecode":200,"routeparentid":7159},{"union_rowno":3,"row":485,"routeno":"401-RA","responsecode":200,"routeparentid":7743},{"union_rowno":3,"row":486,"routeno":"401-RC","responsecode":200,"routeparentid":3431},{"union_rowno":3,"row":487,"routeno":"401-RC D45-BEML5","responsecode":200,"routeparentid":3434},{"union_rowno":3,"row":488,"routeno":"401-RC YPRS-BEML5","responsecode":200,"routeparentid":3443},{"union_rowno":3,"row":489,"routeno":"401-RD","responsecode":200,"routeparentid":7747},{"union_rowno":3,"row":491,"routeno":"401-RD KGR-VJN","responsecode":200,"routeparentid":7789},{"union_rowno":3,"row":492,"routeno":"401 YBS-BGLR","responsecode":200,"routeparentid":6960},{"union_rowno":3,"row":493,"routeno":"401-Z SGH-KGR","responsecode":200,"routeparentid":6621},{"union_rowno":3,"row":494,"routeno":"402-D GPO-RMG-YSTF","responsecode":200,"routeparentid":5595},{"union_rowno":3,"row":495,"routeno":"406 NES-BRPR-HGV","responsecode":200,"routeparentid":7174},{"union_rowno":3,"row":496,"routeno":"406 NES-BRPR-NMG","responsecode":200,"routeparentid":7173},{"union_rowno":3,"row":497,"routeno":"406 PTML-BRPR-HGV","responsecode":200,"routeparentid":7183},{"union_rowno":3,"row":498,"routeno":"410-FA MRBS-BSK","responsecode":200,"routeparentid":4238},{"union_rowno":3,"row":499,"routeno":"410-FA YTTMC-MRBS","responsecode":200,"routeparentid":4235},{"union_rowno":3,"row":500,"routeno":"410 YTTMC-NBC-NYH-RRG-BEML5","responsecode":200,"routeparentid":5702},{"union_rowno":3,"row":501,"routeno":"411-A BSK-HAL ARDC","responsecode":200,"routeparentid":6023},{"union_rowno":3,"row":502,"routeno":"411-A HALM-JNRTTMC","responsecode":200,"routeparentid":6369},{"union_rowno":3,"row":503,"routeno":"411-D ELC-HAL ARDC","responsecode":200,"routeparentid":6025},{"union_rowno":3,"row":504,"routeno":"412-H HBLB-ISRO","responsecode":200,"routeparentid":3304},{"union_rowno":3,"row":505,"routeno":"412 KLN-BRAB DMLR","responsecode":200,"routeparentid":7582},{"union_rowno":3,"row":506,"routeno":"43-JA DPJN-BRN","responsecode":200,"routeparentid":5404},{"union_rowno":3,"row":507,"routeno":"43-M MRBS-PPLO","responsecode":200,"routeparentid":7122},{"union_rowno":3,"row":508,"routeno":"49 PPLO-BNR","responsecode":200,"routeparentid":7123},{"union_rowno":3,"row":509,"routeno":"500-A ISROM-HBL-GGP-PSS","responsecode":200,"routeparentid":6548},{"union_rowno":3,"row":510,"routeno":"500-A MRH-JKLO","responsecode":200,"routeparentid":5824},{"union_rowno":3,"row":511,"routeno":"500-B YTTMC-YRS-KRPRS","responsecode":200,"routeparentid":2878},{"union_rowno":3,"row":512,"routeno":"500-BA YTTMC-MTK-KRPGH","responsecode":200,"routeparentid":2701},{"union_rowno":3,"row":513,"routeno":"500 BEML-MRTB-CSB","responsecode":200,"routeparentid":4754},{"union_rowno":3,"row":514,"routeno":"500-C KRPGH-BTM","responsecode":200,"routeparentid":7163},{"union_rowno":3,"row":515,"routeno":"500-C KRPGH-DSUK","responsecode":200,"routeparentid":5429},{"union_rowno":3,"row":516,"routeno":"500-C KRPGH-HGS","responsecode":200,"routeparentid":5251},{"union_rowno":3,"row":517,"routeno":"500-CA BSK-MRHB","responsecode":200,"routeparentid":7103},{"union_rowno":3,"row":518,"routeno":"500-CA KRMTTMC -CSB-KDG","responsecode":200,"routeparentid":2779},{"union_rowno":3,"row":519,"routeno":"500-CF BTM-KGUR","responsecode":200,"routeparentid":5696},{"union_rowno":3,"row":520,"routeno":"500CH SJR-KRP","responsecode":200,"routeparentid":7786},{"union_rowno":3,"row":521,"routeno":"500C KRP-BSK","responsecode":200,"routeparentid":7447},{"union_rowno":3,"row":522,"routeno":"500-D CSB-RKHN","responsecode":200,"routeparentid":7078},{"union_rowno":3,"row":523,"routeno":"500-D D24G-MRHB-MNK","responsecode":200,"routeparentid":3675},{"union_rowno":3,"row":524,"routeno":"500-D HBLB-KRM KM","responsecode":200,"routeparentid":7220},{"union_rowno":3,"row":525,"routeno":"500-D MRHB-RTNP","responsecode":200,"routeparentid":5350},{"union_rowno":3,"row":526,"routeno":"500-DC D32 SRYN-HBLB","responsecode":200,"routeparentid":2772},{"union_rowno":3,"row":527,"routeno":"500-DG ARDC HAL-PSS","responsecode":200,"routeparentid":5504},{"union_rowno":3,"row":528,"routeno":"500-DG NMG-KRPMS","responsecode":200,"routeparentid":6277},{"union_rowno":3,"row":529,"routeno":"500-DH HSRCPWD-ATB","responsecode":200,"routeparentid":5150},{"union_rowno":3,"row":530,"routeno":"500-DK KRM-ASW","responsecode":200,"routeparentid":5877},{"union_rowno":3,"row":531,"routeno":"500-FB BSK-VRTK-KDG","responsecode":200,"routeparentid":1028},{"union_rowno":3,"row":532,"routeno":"500-FB KRM-KDG","responsecode":200,"routeparentid":6884},{"union_rowno":3,"row":533,"routeno":"500-L BSK-TNF-KRPGH","responsecode":200,"routeparentid":6469},{"union_rowno":3,"row":534,"routeno":"500-Q D10G-TNF-KRPGH","responsecode":200,"routeparentid":6458},{"union_rowno":3,"row":535,"routeno":"500-Q KRPGH-BELF","responsecode":200,"routeparentid":7079},{"union_rowno":3,"row":536,"routeno":"500-Q KRPGH-TNF-BGLR","responsecode":200,"routeparentid":6454},{"union_rowno":3,"row":537,"routeno":"500-Q MDR-CJP","responsecode":200,"routeparentid":2942},{"union_rowno":3,"row":538,"routeno":"500-Q VNS-TNF-KRPGH","responsecode":200,"routeparentid":5512},{"union_rowno":3,"row":539,"routeno":"500-QA YTTMC-GGP-KRPGH","responsecode":200,"routeparentid":6279},{"union_rowno":3,"row":540,"routeno":"500-QG KRPGH-BELF","responsecode":200,"routeparentid":6237},{"union_rowno":3,"row":541,"routeno":"500-QG PTH-HBL-KRPGH","responsecode":200,"routeparentid":6216},{"union_rowno":3,"row":542,"routeno":"500-QG RTNPS-HBL-GGP","responsecode":200,"routeparentid":3269},{"union_rowno":3,"row":543,"routeno":"500-QK YPRRS-KDG","responsecode":200,"routeparentid":4941},{"union_rowno":3,"row":544,"routeno":"500-Y SRPMS-KDG","responsecode":200,"routeparentid":6891},{"union_rowno":3,"row":545,"routeno":"501-A D45G-VRP-HBL-KNG-BSK","responsecode":200,"routeparentid":6730},{"union_rowno":3,"row":546,"routeno":"501-A VRP-HBL-KNG-BSK","responsecode":200,"routeparentid":5567},{"union_rowno":3,"row":547,"routeno":"501-C D14G-HBLB-KGR","responsecode":200,"routeparentid":4752},{"union_rowno":3,"row":548,"routeno":"501-C DBP-SHIRK-HBL","responsecode":200,"routeparentid":5939},{"union_rowno":3,"row":549,"routeno":"501-C STBEN-KGR-HBLB","responsecode":200,"routeparentid":4116},{"union_rowno":3,"row":550,"routeno":"501-CH HBLB-KGR-D12G","responsecode":200,"routeparentid":7435},{"union_rowno":3,"row":551,"routeno":"501-CH KMG-KRPRS","responsecode":200,"routeparentid":3258},{"union_rowno":3,"row":552,"routeno":"501-D RTPS-GGP","responsecode":200,"routeparentid":4694},{"union_rowno":3,"row":553,"routeno":"502-A KGR-D48","responsecode":200,"routeparentid":2850},{"union_rowno":3,"row":554,"routeno":"502-C PSB-GGP-KRP","responsecode":200,"routeparentid":4117},{"union_rowno":3,"row":555,"routeno":"502-C YBS-KRPGH","responsecode":200,"routeparentid":6729},{"union_rowno":3,"row":556,"routeno":"502-CT D48G-KRPRS","responsecode":200,"routeparentid":4787},{"union_rowno":3,"row":557,"routeno":"502-CT YTTMC-GGP-KRPMS","responsecode":200,"routeparentid":2874},{"union_rowno":3,"row":558,"routeno":"502-D JGF-SMH-GGP-KRPGH","responsecode":200,"routeparentid":5244},{"union_rowno":3,"row":559,"routeno":"502-DA YTTMC-MTK-AMNRH","responsecode":200,"routeparentid":6927},{"union_rowno":3,"row":560,"routeno":"502 ISROK-CSB-KGR","responsecode":200,"routeparentid":6303},{"union_rowno":3,"row":561,"routeno":"502-K  KVK-KGR","responsecode":200,"routeparentid":6302},{"union_rowno":3,"row":562,"routeno":"505 D41G-HSRD","responsecode":200,"routeparentid":7084},{"union_rowno":3,"row":563,"routeno":"505 TNF-KKH-VRK","responsecode":200,"routeparentid":7785},{"union_rowno":3,"row":564,"routeno":"505 VRK-ELCW","responsecode":200,"routeparentid":7784},{"union_rowno":3,"row":565,"routeno":"507-C D45G-KRP","responsecode":200,"routeparentid":3440},{"union_rowno":3,"row":566,"routeno":"507-C KRP-D48G","responsecode":200,"routeparentid":2888},{"union_rowno":3,"row":567,"routeno":"507-C VRP-KRPMS","responsecode":200,"routeparentid":6686},{"union_rowno":3,"row":568,"routeno":"507 D10G-KRPGH","responsecode":200,"routeparentid":2659},{"union_rowno":3,"row":569,"routeno":"507 D23G-KPRGH","responsecode":200,"routeparentid":4086},{"union_rowno":3,"row":570,"routeno":"507-DY D10G-KRPGH","responsecode":200,"routeparentid":5852},{"union_rowno":3,"row":571,"routeno":"507-DY KRPGH-YSTF","responsecode":200,"routeparentid":6919},{"union_rowno":3,"row":572,"routeno":"507 KRPGH-YTTMC-BEMLJVS","responsecode":200,"routeparentid":3953},{"union_rowno":3,"row":573,"routeno":"507 PSS-GGP-RMN-KRPGH","responsecode":200,"routeparentid":4660},{"union_rowno":3,"row":574,"routeno":"507 YPRRS-BEL-HBL-KRPG","responsecode":200,"routeparentid":2889},{"union_rowno":3,"row":575,"routeno":"50 BNR-SBS Flyover","responsecode":200,"routeparentid":6273},{"union_rowno":3,"row":576,"routeno":"510 BSK-MTR","responsecode":200,"routeparentid":4367},{"union_rowno":3,"row":577,"routeno":"515 KGR-UST","responsecode":200,"routeparentid":7695},{"union_rowno":3,"row":578,"routeno":"5F KGR-ANP","responsecode":200,"routeparentid":4469},{"union_rowno":3,"row":579,"routeno":"600-F ATB-KRM","responsecode":200,"routeparentid":2739},{"union_rowno":3,"row":580,"routeno":"600-F CPR-NDH-BEML5","responsecode":200,"routeparentid":2793},{"union_rowno":3,"row":581,"routeno":"600-F FLYOVER","responsecode":200,"routeparentid":1509},{"union_rowno":3,"row":582,"routeno":"600-G ATB-ISRLO","responsecode":200,"routeparentid":3621},{"union_rowno":3,"row":583,"routeno":"60-A CLO-MRNH","responsecode":200,"routeparentid":2923},{"union_rowno":3,"row":584,"routeno":"60-A MRNB-VTN","responsecode":200,"routeparentid":7361},{"union_rowno":3,"row":585,"routeno":"60-A VPS-MRH","responsecode":200,"routeparentid":4210},{"union_rowno":3,"row":586,"routeno":"60-A VTTMC-MRB","responsecode":200,"routeparentid":2827},{"union_rowno":3,"row":587,"routeno":"60-E BRVN-KVN","responsecode":200,"routeparentid":6816},{"union_rowno":3,"row":588,"routeno":"60-J CLO-1BKRM","responsecode":200,"routeparentid":4158},{"union_rowno":3,"row":589,"routeno":"60-J VJN-KRM1","responsecode":200,"routeparentid":4166},{"union_rowno":3,"row":590,"routeno":"63 SBS-MRBS","responsecode":200,"routeparentid":7101},{"union_rowno":3,"row":591,"routeno":"79-B YTTMC-BRC","responsecode":200,"routeparentid":5074},{"union_rowno":3,"row":592,"routeno":"80-D SBS-RBJM","responsecode":200,"routeparentid":5233},{"union_rowno":3,"row":593,"routeno":"80-D SBS-VSD-KBS-RBJN","responsecode":200,"routeparentid":5235},{"union_rowno":3,"row":594,"routeno":"80-D YTTMC-RBJN","responsecode":200,"routeparentid":5236},{"union_rowno":3,"row":595,"routeno":"80-R","responsecode":200,"routeparentid":4666},{"union_rowno":3,"row":596,"routeno":"82-A YTTMC-SRPS","responsecode":200,"routeparentid":5085},{"union_rowno":3,"row":597,"routeno":"82-AR","responsecode":200,"routeparentid":4841},{"union_rowno":3,"row":598,"routeno":"89-F YTTMC-GBER","responsecode":200,"routeparentid":5027},{"union_rowno":3,"row":599,"routeno":"90E YBS-YRS","responsecode":200,"routeparentid":6676},{"union_rowno":3,"row":600,"routeno":"96-B VSD-KBS-SKRNBS","responsecode":200,"routeparentid":4872},{"union_rowno":3,"row":601,"routeno":"96-E KMT-KNR","responsecode":200,"routeparentid":4852},{"union_rowno":3,"row":602,"routeno":"ADMC-KRPGH","responsecode":200,"routeparentid":7281},{"union_rowno":3,"row":603,"routeno":"AmnexTestForRoute","responsecode":200,"routeparentid":1139},{"union_rowno":3,"row":604,"routeno":"APS-KRP","responsecode":200,"routeparentid":7405},{"union_rowno":3,"row":605,"routeno":"ARMPS-SMVRS","responsecode":200,"routeparentid":7253},{"union_rowno":3,"row":607,"routeno":"ARMY-001","responsecode":200,"routeparentid":7548},{"union_rowno":3,"row":608,"routeno":"ARMY-002","responsecode":200,"routeparentid":7606},{"union_rowno":3,"row":609,"routeno":"Army-01","responsecode":200,"routeparentid":6120},{"union_rowno":3,"row":610,"routeno":"ARMY-01A","responsecode":200,"routeparentid":7513},{"union_rowno":3,"row":611,"routeno":"ARMY-02","responsecode":200,"routeparentid":7517},{"union_rowno":3,"row":612,"routeno":"ARMY-03","responsecode":200,"routeparentid":7522},{"union_rowno":3,"row":613,"routeno":"ARMY-04","responsecode":200,"routeparentid":7525},{"union_rowno":3,"row":614,"routeno":"ARMY-04A","responsecode":200,"routeparentid":7527},{"union_rowno":3,"row":615,"routeno":"ARMY-09","responsecode":200,"routeparentid":7248},{"union_rowno":3,"row":617,"routeno":"ARMY-1","responsecode":200,"routeparentid":7505},{"union_rowno":3,"row":618,"routeno":"ARMY-10","responsecode":200,"routeparentid":7238},{"union_rowno":3,"row":619,"routeno":"ARMY-11","responsecode":200,"routeparentid":7241},{"union_rowno":3,"row":620,"routeno":"ARMY-16","responsecode":200,"routeparentid":7283},{"union_rowno":3,"row":621,"routeno":"ARMY-17","responsecode":200,"routeparentid":7288},{"union_rowno":3,"row":622,"routeno":"ARMY-2","responsecode":200,"routeparentid":5651},{"union_rowno":3,"row":623,"routeno":"ARMY-3","responsecode":200,"routeparentid":4345},{"union_rowno":3,"row":624,"routeno":"ARMY-5","responsecode":200,"routeparentid":4845},{"union_rowno":3,"row":625,"routeno":"ARMY-6A","responsecode":200,"routeparentid":7630},{"union_rowno":3,"row":626,"routeno":"ARMY-8","responsecode":200,"routeparentid":4794},{"union_rowno":3,"row":627,"routeno":"ARMY-HBL","responsecode":200,"routeparentid":7607},{"union_rowno":3,"row":628,"routeno":"ARMY-KOGILU-YHKOT","responsecode":200,"routeparentid":7550},{"union_rowno":3,"row":629,"routeno":"ARMY-SBS-KBS","responsecode":200,"routeparentid":7239},{"union_rowno":3,"row":630,"routeno":"ASR-01","responsecode":200,"routeparentid":4004},{"union_rowno":3,"row":631,"routeno":"ASR-02","responsecode":200,"routeparentid":5639},{"union_rowno":3,"row":632,"routeno":"ATR-PTH","responsecode":200,"routeparentid":1531},{"union_rowno":3,"row":633,"routeno":"BC-9 KLNB-BTRNP","responsecode":200,"routeparentid":6151},{"union_rowno":3,"row":634,"routeno":"BEML-BGR","responsecode":200,"routeparentid":5534},{"union_rowno":3,"row":635,"routeno":"BGR-BMH-ELC","responsecode":200,"routeparentid":7673},{"union_rowno":3,"row":636,"routeno":"BRGD-KVASC","responsecode":200,"routeparentid":6365},{"union_rowno":3,"row":637,"routeno":"BRGR-LFSY","responsecode":200,"routeparentid":5184},{"union_rowno":3,"row":638,"routeno":"BRGR-SHGS","responsecode":200,"routeparentid":7739},{"union_rowno":3,"row":639,"routeno":"BSK-NRC","responsecode":200,"routeparentid":5858},{"union_rowno":3,"row":640,"routeno":"CHAKRA-1","responsecode":200,"routeparentid":7438},{"union_rowno":3,"row":641,"routeno":"CHAKRA-10","responsecode":200,"routeparentid":4581},{"union_rowno":3,"row":642,"routeno":"CHAKRA-10A","responsecode":200,"routeparentid":4590},{"union_rowno":3,"row":643,"routeno":"CHAKRA-10A D10G-KLN","responsecode":200,"routeparentid":7056},{"union_rowno":3,"row":644,"routeno":"CHAKRA-10A KLN-HNR","responsecode":200,"routeparentid":7057},{"union_rowno":3,"row":645,"routeno":"CHAKRA-10B","responsecode":200,"routeparentid":4987},{"union_rowno":3,"row":646,"routeno":"CHAKRA-11","responsecode":200,"routeparentid":4786},{"union_rowno":3,"row":647,"routeno":"CHAKRA-12","responsecode":200,"routeparentid":4582},{"union_rowno":3,"row":648,"routeno":"CHAKRA-14","responsecode":200,"routeparentid":5257},{"union_rowno":3,"row":649,"routeno":"CHAKRA-14A","responsecode":200,"routeparentid":6111},{"union_rowno":3,"row":650,"routeno":"CHAKRA-15","responsecode":200,"routeparentid":4510},{"union_rowno":3,"row":651,"routeno":"CHAKRA-15A","responsecode":200,"routeparentid":4531},{"union_rowno":3,"row":652,"routeno":"CHAKRA-16","responsecode":200,"routeparentid":3874},{"union_rowno":3,"row":653,"routeno":"CHAKRA-16A","responsecode":200,"routeparentid":3871},{"union_rowno":3,"row":654,"routeno":"Chakra-16A KVUL-DNK","responsecode":200,"routeparentid":7540},{"union_rowno":3,"row":655,"routeno":"CHAKRA-17","responsecode":200,"routeparentid":4584},{"union_rowno":3,"row":656,"routeno":"CHAKRA-17A","responsecode":200,"routeparentid":4585},{"union_rowno":3,"row":657,"routeno":"CHAKRA-1A","responsecode":200,"routeparentid":7437},{"union_rowno":3,"row":658,"routeno":"CHAKRA-6","responsecode":200,"routeparentid":4405},{"union_rowno":3,"row":659,"routeno":"CHAKRA-8A","responsecode":200,"routeparentid":3773},{"union_rowno":3,"row":660,"routeno":"CHAKRA-9","responsecode":200,"routeparentid":4723},{"union_rowno":3,"row":661,"routeno":"CHAKRA-9A","responsecode":200,"routeparentid":3775},{"union_rowno":3,"row":662,"routeno":"CHMS-MGRM","responsecode":200,"routeparentid":5146},{"union_rowno":3,"row":663,"routeno":"CLO-RPCLO","responsecode":200,"routeparentid":1485},{"union_rowno":3,"row":664,"routeno":"CPR-1","responsecode":200,"routeparentid":5368},{"union_rowno":3,"row":665,"routeno":"CRHS-7","responsecode":200,"routeparentid":5062},{"union_rowno":3,"row":666,"routeno":"D06G-ARPS","responsecode":200,"routeparentid":5014},{"union_rowno":3,"row":667,"routeno":"D06G-BRSQ","responsecode":200,"routeparentid":5010},{"union_rowno":3,"row":668,"routeno":"D06G-MRS","responsecode":200,"routeparentid":6583},{"union_rowno":3,"row":669,"routeno":"D09-ISROOJ","responsecode":200,"routeparentid":7572},{"union_rowno":3,"row":670,"routeno":"D10G-HNRJN","responsecode":200,"routeparentid":2947},{"union_rowno":3,"row":671,"routeno":"D10G-SRM","responsecode":200,"routeparentid":4328},{"union_rowno":3,"row":672,"routeno":"D12-KGR","responsecode":200,"routeparentid":7571},{"union_rowno":3,"row":673,"routeno":"D12-RRMC","responsecode":200,"routeparentid":5373},{"union_rowno":3,"row":674,"routeno":"D14G-ARMY PTRC","responsecode":200,"routeparentid":7605},{"union_rowno":3,"row":675,"routeno":"D14G-MRP","responsecode":200,"routeparentid":7688},{"union_rowno":3,"row":676,"routeno":"D14G-MRPG","responsecode":200,"routeparentid":4653},{"union_rowno":3,"row":677,"routeno":"D14G-PRTC","responsecode":200,"routeparentid":7282},{"union_rowno":3,"row":678,"routeno":"D14G-RPA","responsecode":200,"routeparentid":5609},{"union_rowno":3,"row":679,"routeno":"D14G-RTNPS-HBLB","responsecode":200,"routeparentid":5658},{"union_rowno":3,"row":680,"routeno":"D14-RTN","responsecode":200,"routeparentid":1568},{"union_rowno":3,"row":681,"routeno":"D14-RTN GGN","responsecode":200,"routeparentid":5965},{"union_rowno":3,"row":682,"routeno":"D15-KRM","responsecode":200,"routeparentid":1551},{"union_rowno":3,"row":683,"routeno":"D22-ISROQJ","responsecode":200,"routeparentid":4087},{"union_rowno":3,"row":684,"routeno":"D24G-ARMY","responsecode":200,"routeparentid":7279},{"union_rowno":3,"row":685,"routeno":"D24G-HRBR1","responsecode":200,"routeparentid":7026},{"union_rowno":3,"row":686,"routeno":"D24G-KRPGH","responsecode":200,"routeparentid":2751},{"union_rowno":3,"row":687,"routeno":"D24G-KRPGH1","responsecode":200,"routeparentid":5420},{"union_rowno":3,"row":688,"routeno":"D24G-SRPMS","responsecode":200,"routeparentid":6174},{"union_rowno":3,"row":689,"routeno":"D24-KRPE","responsecode":200,"routeparentid":6895},{"union_rowno":3,"row":690,"routeno":"D24-KRPGH","responsecode":200,"routeparentid":2684},{"union_rowno":3,"row":691,"routeno":"D24-KRPM","responsecode":200,"routeparentid":3882},{"union_rowno":3,"row":692,"routeno":"D25G-HSRBDA","responsecode":200,"routeparentid":2197},{"union_rowno":3,"row":693,"routeno":"D25G-HSRKEB","responsecode":200,"routeparentid":2196},{"union_rowno":3,"row":694,"routeno":"D27G-MTRD","responsecode":200,"routeparentid":5111},{"union_rowno":3,"row":695,"routeno":"D27G-RKT-BMS","responsecode":200,"routeparentid":7604},{"union_rowno":3,"row":696,"routeno":"D29-KRPGH","responsecode":200,"routeparentid":2271},{"union_rowno":3,"row":697,"routeno":"D29-KRPM","responsecode":200,"routeparentid":6846},{"union_rowno":3,"row":698,"routeno":"D32-SRN","responsecode":200,"routeparentid":1497},{"union_rowno":3,"row":699,"routeno":"D34-AECS-BGR-BMH","responsecode":200,"routeparentid":7763},{"union_rowno":3,"row":700,"routeno":"D34G-BGR","responsecode":200,"routeparentid":3337},{"union_rowno":3,"row":701,"routeno":"D34-ISRO-BSK","responsecode":200,"routeparentid":3634},{"union_rowno":3,"row":702,"routeno":"D34-RAG","responsecode":200,"routeparentid":5666},{"union_rowno":3,"row":703,"routeno":"D36G-PRSP","responsecode":200,"routeparentid":5643},{"union_rowno":3,"row":704,"routeno":"D37-KGR","responsecode":200,"routeparentid":1119},{"union_rowno":3,"row":705,"routeno":"D38G-HRL","responsecode":200,"routeparentid":5949},{"union_rowno":3,"row":706,"routeno":"D41G-HGR","responsecode":200,"routeparentid":4639},{"union_rowno":3,"row":707,"routeno":"D41G-MLR-NTD","responsecode":200,"routeparentid":5226},{"union_rowno":3,"row":708,"routeno":"D41-GNJR","responsecode":200,"routeparentid":2541},{"union_rowno":3,"row":709,"routeno":"D42-CRG","responsecode":200,"routeparentid":5718},{"union_rowno":3,"row":710,"routeno":"D42G-CMRS","responsecode":200,"routeparentid":6853},{"union_rowno":3,"row":711,"routeno":"D42G-RJTP","responsecode":200,"routeparentid":7450},{"union_rowno":3,"row":712,"routeno":"D43-ADR","responsecode":200,"routeparentid":6613},{"union_rowno":3,"row":713,"routeno":"D45-ATR","responsecode":200,"routeparentid":7362},{"union_rowno":3,"row":714,"routeno":"D45G-KRPMS","responsecode":200,"routeparentid":6721},{"union_rowno":3,"row":715,"routeno":"D45G-MKC-RMG-VSD KBS","responsecode":200,"routeparentid":7693},{"union_rowno":3,"row":716,"routeno":"D45G-VRP","responsecode":200,"routeparentid":6284},{"union_rowno":3,"row":717,"routeno":"D45-SMRP","responsecode":200,"routeparentid":4225},{"union_rowno":3,"row":718,"routeno":"D45-VRP","responsecode":200,"routeparentid":7301},{"union_rowno":3,"row":719,"routeno":"D47G-MRSD","responsecode":200,"routeparentid":6030},{"union_rowno":3,"row":720,"routeno":"D47-MDR","responsecode":200,"routeparentid":2476},{"union_rowno":3,"row":721,"routeno":"D47-MRS","responsecode":200,"routeparentid":3096},{"union_rowno":3,"row":722,"routeno":"D48G-BLR-MRC","responsecode":200,"routeparentid":6649},{"union_rowno":3,"row":723,"routeno":"D4G-HRK","responsecode":200,"routeparentid":7609},{"union_rowno":3,"row":724,"routeno":"D51G-VRKD","responsecode":200,"routeparentid":6831},{"union_rowno":3,"row":725,"routeno":"D52G-MRN","responsecode":200,"routeparentid":7457},{"union_rowno":3,"row":726,"routeno":"D6G-CVRN","responsecode":200,"routeparentid":1796},{"union_rowno":3,"row":727,"routeno":"D6G-NRG","responsecode":200,"routeparentid":1643},{"union_rowno":3,"row":728,"routeno":"D6G-RBIQ","responsecode":200,"routeparentid":7109},{"union_rowno":3,"row":729,"routeno":"D6G-SMVR","responsecode":200,"routeparentid":2728},{"union_rowno":3,"row":730,"routeno":"D6-PRAMRH","responsecode":200,"routeparentid":5268},{"union_rowno":3,"row":731,"routeno":"D9-SRS-ISRQ","responsecode":200,"routeparentid":6296},{"union_rowno":3,"row":732,"routeno":"DPJN-BRDVN","responsecode":200,"routeparentid":4085},{"union_rowno":3,"row":733,"routeno":"DPJN-MRBS","responsecode":200,"routeparentid":7233},{"union_rowno":3,"row":734,"routeno":"DPJN-RPCLO","responsecode":200,"routeparentid":1572},{"union_rowno":3,"row":735,"routeno":"DSC HAL-CVR","responsecode":200,"routeparentid":6362},{"union_rowno":3,"row":736,"routeno":"DVH-KDGK-KHR","responsecode":200,"routeparentid":7019},{"union_rowno":3,"row":737,"routeno":"ELC-BHEL-DTR","responsecode":200,"routeparentid":6843},{"union_rowno":3,"row":738,"routeno":"ELC-KPA-DTR","responsecode":200,"routeparentid":6844},{"union_rowno":3,"row":739,"routeno":"FEATHER-1","responsecode":200,"routeparentid":4093},{"union_rowno":3,"row":740,"routeno":"G-11 D48G-MGRMS","responsecode":200,"routeparentid":4769},{"union_rowno":3,"row":741,"routeno":"G-11 MGRMS-D52","responsecode":200,"routeparentid":7835},{"union_rowno":3,"row":742,"routeno":"G-11 SNBS-BLR","responsecode":200,"routeparentid":4778},{"union_rowno":3,"row":743,"routeno":"G-2 ARMYASC-HSR KEB","responsecode":200,"routeparentid":7518},{"union_rowno":3,"row":744,"routeno":"G-2 ARMYASC-SJP","responsecode":200,"routeparentid":7506},{"union_rowno":3,"row":745,"routeno":"G-2 KRM-TMS-SBS","responsecode":200,"routeparentid":6482},{"union_rowno":3,"row":746,"routeno":"G-2 MGR-NGV","responsecode":200,"routeparentid":7511},{"union_rowno":3,"row":747,"routeno":"G-2 NSR-HSR KEB","responsecode":200,"routeparentid":7520},{"union_rowno":3,"row":748,"routeno":"G-3 ATB-BRGD","responsecode":200,"routeparentid":4817},{"union_rowno":3,"row":749,"routeno":"G-3 BGR-SRN","responsecode":200,"routeparentid":2831},{"union_rowno":3,"row":750,"routeno":"G-3 D6G-BGR","responsecode":200,"routeparentid":2838},{"union_rowno":3,"row":751,"routeno":"G-4 BGR-APC","responsecode":200,"routeparentid":2968},{"union_rowno":3,"row":752,"routeno":"G-4 D27G-BGRD","responsecode":200,"routeparentid":6568},{"union_rowno":3,"row":753,"routeno":"G-4 D34G-BGRD","responsecode":200,"routeparentid":6317},{"union_rowno":3,"row":754,"routeno":"G-6 FLYOVER","responsecode":200,"routeparentid":3984},{"union_rowno":3,"row":755,"routeno":"G-9 PTH-MGRMS","responsecode":200,"routeparentid":4612},{"union_rowno":3,"row":756,"routeno":"GGP-RMSP","responsecode":200,"routeparentid":7202},{"union_rowno":3,"row":757,"routeno":"HLM-DTR-ELC","responsecode":200,"routeparentid":3461},{"union_rowno":3,"row":758,"routeno":"HSR FDR-1","responsecode":200,"routeparentid":6438},{"union_rowno":3,"row":759,"routeno":"HSR FDR-1A","responsecode":200,"routeparentid":6437},{"union_rowno":3,"row":760,"routeno":"HSS-GJR-CNS","responsecode":200,"routeparentid":4621},{"union_rowno":3,"row":761,"routeno":"ISROK-GGP-PSS","responsecode":200,"routeparentid":7311},{"union_rowno":3,"row":762,"routeno":"ISROKN-4","responsecode":200,"routeparentid":4746},{"union_rowno":3,"row":763,"routeno":"ISROM-1","responsecode":200,"routeparentid":3924},{"union_rowno":3,"row":764,"routeno":"ISROM-3","responsecode":200,"routeparentid":4114},{"union_rowno":3,"row":765,"routeno":"JAPC-RKT-BMS","responsecode":200,"routeparentid":7603},{"union_rowno":3,"row":766,"routeno":"JHC-CKB-VRP","responsecode":200,"routeparentid":6724},{"union_rowno":3,"row":767,"routeno":"JNN-JNR4T","responsecode":200,"routeparentid":4538},{"union_rowno":3,"row":768,"routeno":"K-2 MRBS-BEL","responsecode":200,"routeparentid":7857},{"union_rowno":3,"row":769,"routeno":"K-3 BSN-MRBS","responsecode":200,"routeparentid":7805},{"union_rowno":3,"row":770,"routeno":"KBS-12HK HSK-CVRNRG","responsecode":200,"routeparentid":6247},{"union_rowno":3,"row":771,"routeno":"KBS-1I KBS-ARMYASC","responsecode":200,"routeparentid":7526},{"union_rowno":3,"row":772,"routeno":"KBS-1K KSRG-ITPL","responsecode":200,"routeparentid":2300},{"union_rowno":3,"row":773,"routeno":"KBS-3A HSRBDA-ATB","responsecode":200,"routeparentid":1063},{"union_rowno":3,"row":774,"routeno":"KBS-3A KBS-SRN","responsecode":200,"routeparentid":6199},{"union_rowno":3,"row":775,"routeno":"KBS-3A KRM-ATB","responsecode":200,"routeparentid":1499},{"union_rowno":3,"row":776,"routeno":"KBS-3C FLYOVER","responsecode":200,"routeparentid":1501},{"union_rowno":3,"row":777,"routeno":"KBS-LMG-CPR-RMH","responsecode":200,"routeparentid":5347},{"union_rowno":3,"row":778,"routeno":"KBS-RMCPFO","responsecode":200,"routeparentid":4912},{"union_rowno":3,"row":779,"routeno":"KBS-TNF-KRPGH","responsecode":200,"routeparentid":6840},{"union_rowno":3,"row":780,"routeno":"KBS-VSD-RMB KRPGH","responsecode":200,"routeparentid":5861},{"union_rowno":3,"row":781,"routeno":"KGR-JNSVS","responsecode":200,"routeparentid":5442},{"union_rowno":3,"row":782,"routeno":"KGR-NBC-CLO","responsecode":200,"routeparentid":3056},{"union_rowno":3,"row":783,"routeno":"KGRTTMC-BEML5","responsecode":200,"routeparentid":5810},{"union_rowno":3,"row":784,"routeno":"KLNB-HBRL","responsecode":200,"routeparentid":3980},{"union_rowno":3,"row":785,"routeno":"KLN-HBR","responsecode":200,"routeparentid":7041},{"union_rowno":3,"row":786,"routeno":"KLN-HBR1","responsecode":200,"routeparentid":7088},{"union_rowno":3,"row":787,"routeno":"KLN-HRBR1","responsecode":200,"routeparentid":6871},{"union_rowno":3,"row":788,"routeno":"KLN-KLKRC","responsecode":200,"routeparentid":3954},{"union_rowno":3,"row":789,"routeno":"KLN-NGVR","responsecode":200,"routeparentid":7049},{"union_rowno":3,"row":790,"routeno":"KLRH-PTML","responsecode":200,"routeparentid":5592},{"union_rowno":3,"row":791,"routeno":"KMS-RMP-KBS","responsecode":200,"routeparentid":7116},{"union_rowno":3,"row":792,"routeno":"KMT-KRC-RTN-VNS","responsecode":200,"routeparentid":6450},{"union_rowno":3,"row":793,"routeno":"KMT-LMG-KRMTTMC","responsecode":200,"routeparentid":3151},{"union_rowno":3,"row":794,"routeno":"KMT-SNBS-KRMTTMC","responsecode":200,"routeparentid":1689},{"union_rowno":3,"row":795,"routeno":"KMT-STJH-KRMTTMC","responsecode":200,"routeparentid":3166},{"union_rowno":3,"row":796,"routeno":"KMT-TNF-KRPGH","responsecode":200,"routeparentid":7204},{"union_rowno":3,"row":797,"routeno":"KNUR-D48","responsecode":200,"routeparentid":7344},{"union_rowno":3,"row":798,"routeno":"KRM1-KVS","responsecode":200,"routeparentid":5628},{"union_rowno":3,"row":799,"routeno":"KRM-BEMLG","responsecode":200,"routeparentid":5138},{"union_rowno":3,"row":800,"routeno":"KRM-CPWD","responsecode":200,"routeparentid":6855},{"union_rowno":3,"row":801,"routeno":"KRMD15-DMLA","responsecode":200,"routeparentid":7523},{"union_rowno":3,"row":802,"routeno":"KRM-GPTE","responsecode":200,"routeparentid":7300},{"union_rowno":3,"row":803,"routeno":"KRM-HRLR","responsecode":200,"routeparentid":6668},{"union_rowno":3,"row":804,"routeno":"KRM-NTVB5","responsecode":200,"routeparentid":7272},{"union_rowno":3,"row":805,"routeno":"KRM-RHAC","responsecode":200,"routeparentid":5496},{"union_rowno":3,"row":806,"routeno":"KRMTTMC-BGR","responsecode":200,"routeparentid":3063},{"union_rowno":3,"row":807,"routeno":"KRMTTMC-CPWD","responsecode":200,"routeparentid":5148},{"union_rowno":3,"row":808,"routeno":"KRMTTMC-GDML","responsecode":200,"routeparentid":3387},{"union_rowno":3,"row":809,"routeno":"KRMTTMC-MRHB-BEMLF","responsecode":200,"routeparentid":5554},{"union_rowno":3,"row":810,"routeno":"KRMTTMC-NGV","responsecode":200,"routeparentid":7510},{"union_rowno":3,"row":811,"routeno":"KRMTTMC-SNVL","responsecode":200,"routeparentid":1745},{"union_rowno":3,"row":812,"routeno":"KRPGH-ARMY","responsecode":200,"routeparentid":7416},{"union_rowno":3,"row":813,"routeno":"KRPGH-BYPBC","responsecode":200,"routeparentid":6578},{"union_rowno":3,"row":814,"routeno":"KRPGH-HSK","responsecode":200,"routeparentid":7205},{"union_rowno":3,"row":815,"routeno":"KRPGH-ITC-ARMY","responsecode":200,"routeparentid":5650},{"union_rowno":3,"row":816,"routeno":"KRPGH-RBM-BMS-SNBS","responsecode":200,"routeparentid":5460},{"union_rowno":3,"row":817,"routeno":"KRPGH-RMB-BMS-VSD-KBS","responsecode":200,"routeparentid":5464},{"union_rowno":3,"row":818,"routeno":"KRP-VSD","responsecode":200,"routeparentid":3102},{"union_rowno":3,"row":819,"routeno":"KVASC-NRG","responsecode":200,"routeparentid":5895},{"union_rowno":3,"row":820,"routeno":"KVASC-NSR","responsecode":200,"routeparentid":5873},{"union_rowno":3,"row":821,"routeno":"KVDRDO-KRP-YHKOT","responsecode":200,"routeparentid":5254},{"union_rowno":3,"row":822,"routeno":"MBS-12 PSS-KBS-MRHB","responsecode":200,"routeparentid":3840},{"union_rowno":3,"row":823,"routeno":"MBS-17 MRHB-HBL-PSS","responsecode":200,"routeparentid":7632},{"union_rowno":3,"row":824,"routeno":"MBS-6 D45G-CVRN","responsecode":200,"routeparentid":4292},{"union_rowno":3,"row":825,"routeno":"MBS-6 YST-CVRN","responsecode":200,"routeparentid":4288},{"union_rowno":3,"row":826,"routeno":"MBS-8 D10G-KVDRDO","responsecode":200,"routeparentid":5255},{"union_rowno":3,"row":827,"routeno":"MDR-AVLH-RMP","responsecode":200,"routeparentid":7110},{"union_rowno":3,"row":828,"routeno":"MF-10 TNF-BDGRC-KDGM","responsecode":200,"routeparentid":6982},{"union_rowno":3,"row":829,"routeno":"MF-11 KRPGH-TNF-KDGM","responsecode":200,"routeparentid":7419},{"union_rowno":3,"row":830,"routeno":"MF-14 BEML5-RRMS","responsecode":200,"routeparentid":7140},{"union_rowno":3,"row":831,"routeno":"MF-1F D06G-RMN","responsecode":200,"routeparentid":6756},{"union_rowno":3,"row":832,"routeno":"MF-1F D6G-RMN","responsecode":200,"routeparentid":7567},{"union_rowno":3,"row":833,"routeno":"MF-1K MDR-KDGMS","responsecode":200,"routeparentid":6398},{"union_rowno":3,"row":834,"routeno":"MF-2 KRPMS-D24G","responsecode":200,"routeparentid":6571},{"union_rowno":3,"row":835,"routeno":"MF-23E MSP-LGR","responsecode":200,"routeparentid":6674},{"union_rowno":3,"row":836,"routeno":"MF-24 LGR-NGMS","responsecode":200,"routeparentid":5406},{"union_rowno":3,"row":837,"routeno":"MF-250AC YPROLD-CKB","responsecode":200,"routeparentid":3873},{"union_rowno":3,"row":838,"routeno":"MF-271R","responsecode":200,"routeparentid":4315},{"union_rowno":3,"row":839,"routeno":"MF-28 PMS-VRP","responsecode":200,"routeparentid":6291},{"union_rowno":3,"row":840,"routeno":"MF-28 YTTMC-VRP","responsecode":200,"routeparentid":6292},{"union_rowno":3,"row":841,"routeno":"MF-29 MNH-LGR","responsecode":200,"routeparentid":6875},{"union_rowno":3,"row":842,"routeno":"MF-3 D24G-MRHB-KDG","responsecode":200,"routeparentid":6573},{"union_rowno":3,"row":843,"routeno":"MF-30 PSS-RKN","responsecode":200,"routeparentid":7094},{"union_rowno":3,"row":844,"routeno":"MF-304K KRP-CNS","responsecode":200,"routeparentid":2256},{"union_rowno":3,"row":845,"routeno":"MF-378 ELC-NDG-KGR","responsecode":200,"routeparentid":6624},{"union_rowno":3,"row":846,"routeno":"MF-378 KGR-ATB","responsecode":200,"routeparentid":4848},{"union_rowno":3,"row":847,"routeno":"MF-39 CLO-RMS","responsecode":200,"routeparentid":5364},{"union_rowno":3,"row":848,"routeno":"MF-401 YTTMC-MTKR","responsecode":200,"routeparentid":5870},{"union_rowno":3,"row":849,"routeno":"MF-401KB KGR-VJN","responsecode":200,"routeparentid":7136},{"union_rowno":3,"row":850,"routeno":"MF-401RE","responsecode":200,"routeparentid":5428},{"union_rowno":3,"row":851,"routeno":"MF-401RF","responsecode":200,"routeparentid":3441},{"union_rowno":3,"row":852,"routeno":"MF-401RH","responsecode":200,"routeparentid":2535},{"union_rowno":3,"row":853,"routeno":"MF-5 SGH-SMVRS","responsecode":200,"routeparentid":6244},{"union_rowno":3,"row":854,"routeno":"MF-500EB SMVR-ELCW","responsecode":200,"routeparentid":3046},{"union_rowno":3,"row":855,"routeno":"MF-500L BSK-KRPGH","responsecode":200,"routeparentid":2482},{"union_rowno":3,"row":856,"routeno":"MF-502H D31G-RGLH","responsecode":200,"routeparentid":1679},{"union_rowno":3,"row":857,"routeno":"MF-7B D10G-SMVR","responsecode":200,"routeparentid":2733},{"union_rowno":3,"row":858,"routeno":"MF FDR-1","responsecode":200,"routeparentid":6017},{"union_rowno":3,"row":859,"routeno":"MGR-APS","responsecode":200,"routeparentid":7276},{"union_rowno":3,"row":860,"routeno":"MGRMS-RMC","responsecode":200,"routeparentid":6207},{"union_rowno":3,"row":861,"routeno":"MKT-5H BTM-HRH","responsecode":200,"routeparentid":7003},{"union_rowno":3,"row":862,"routeno":"MNDR-CND","responsecode":200,"routeparentid":2553},{"union_rowno":3,"row":863,"routeno":"MRBS-BUCG-SMA","responsecode":200,"routeparentid":7854},{"union_rowno":3,"row":864,"routeno":"MRTG-IIHS","responsecode":200,"routeparentid":7677},{"union_rowno":3,"row":865,"routeno":"MTR-11","responsecode":200,"routeparentid":4366},{"union_rowno":3,"row":866,"routeno":"MTR-KMT","responsecode":200,"routeparentid":4368},{"union_rowno":3,"row":867,"routeno":"NNH-BLR","responsecode":200,"routeparentid":7011},{"union_rowno":3,"row":868,"routeno":"OASIS-KRPGH","responsecode":200,"routeparentid":7561},{"union_rowno":3,"row":869,"routeno":"PESK-CRG","responsecode":200,"routeparentid":6520},{"union_rowno":3,"row":870,"routeno":"PSS-ISROQJ","responsecode":200,"routeparentid":3927},{"union_rowno":3,"row":871,"routeno":"PSS-LGR","responsecode":200,"routeparentid":3916},{"union_rowno":3,"row":872,"routeno":"PSS-RKN","responsecode":200,"routeparentid":7095},{"union_rowno":3,"row":873,"routeno":"PTH-ATR-CBCK","responsecode":200,"routeparentid":6977},{"union_rowno":3,"row":874,"routeno":"PTH-KVRY","responsecode":200,"routeparentid":1194},{"union_rowno":3,"row":875,"routeno":"PTH-MDRY-ATR","responsecode":200,"routeparentid":1532},{"union_rowno":3,"row":876,"routeno":"PTH-VRP-TDL","responsecode":200,"routeparentid":1526},{"union_rowno":3,"row":877,"routeno":"PTPL-1R","responsecode":200,"routeparentid":4442},{"union_rowno":3,"row":878,"routeno":"PTPL-2R","responsecode":200,"routeparentid":4449},{"union_rowno":3,"row":879,"routeno":"PTPL-3R","responsecode":200,"routeparentid":4467},{"union_rowno":3,"row":908,"routeno":"SBS-ARMYPR","responsecode":200,"routeparentid":7549},{"union_rowno":3,"row":909,"routeno":"SBS-CQR","responsecode":200,"routeparentid":5962},{"union_rowno":3,"row":910,"routeno":"SBS-HRBR1","responsecode":200,"routeparentid":6872},{"union_rowno":3,"row":911,"routeno":"SBS-PRTC","responsecode":200,"routeparentid":7286},{"union_rowno":3,"row":912,"routeno":"SBS-SVM-DRDO2","responsecode":200,"routeparentid":6389},{"union_rowno":3,"row":913,"routeno":"SCS-VSRL","responsecode":200,"routeparentid":7537},{"union_rowno":3,"row":914,"routeno":"SGH-MRNH","responsecode":200,"routeparentid":2907},{"union_rowno":3,"row":915,"routeno":"SGH-SNR","responsecode":200,"routeparentid":3302},{"union_rowno":3,"row":916,"routeno":"SJH-KRMTTMC","responsecode":200,"routeparentid":2752},{"union_rowno":3,"row":917,"routeno":"SMA-KGR","responsecode":200,"routeparentid":7236},{"union_rowno":3,"row":918,"routeno":"SNBS-CORP-KMT","responsecode":200,"routeparentid":1036},{"union_rowno":3,"row":919,"routeno":"SNR-RKL-JAPC","responsecode":200,"routeparentid":5363},{"union_rowno":3,"row":920,"routeno":"SRPS-SWK-AGS-KBS","responsecode":200,"routeparentid":5116},{"union_rowno":3,"row":921,"routeno":"STBEN-KGR","responsecode":200,"routeparentid":7612},{"union_rowno":3,"row":922,"routeno":"THC-BLR","responsecode":200,"routeparentid":7007},{"union_rowno":3,"row":923,"routeno":"TR-12","responsecode":200,"routeparentid":2489},{"union_rowno":3,"row":924,"routeno":"TR-12 MRBS-RMCY","responsecode":200,"routeparentid":2492},{"union_rowno":3,"row":925,"routeno":"TR-12 YTTMC-SNR","responsecode":200,"routeparentid":4888},{"union_rowno":3,"row":926,"routeno":"TR-2","responsecode":200,"routeparentid":5091},{"union_rowno":3,"row":927,"routeno":"TR-3","responsecode":200,"routeparentid":5059},{"union_rowno":3,"row":928,"routeno":"TR-4","responsecode":200,"routeparentid":2791},{"union_rowno":3,"row":929,"routeno":"TR-4 DPJN-NGV","responsecode":200,"routeparentid":2798},{"union_rowno":3,"row":930,"routeno":"TR-4 KLN-JJN","responsecode":200,"routeparentid":7050},{"union_rowno":3,"row":931,"routeno":"TR-4A","responsecode":200,"routeparentid":2801},{"union_rowno":3,"row":932,"routeno":"TR-4A CLO-RKHN","responsecode":200,"routeparentid":2846},{"union_rowno":3,"row":933,"routeno":"TR-4A D10G-JJRN","responsecode":200,"routeparentid":4616},{"union_rowno":3,"row":934,"routeno":"TR-4B","responsecode":200,"routeparentid":6167},{"union_rowno":3,"row":935,"routeno":"UST-KGR","responsecode":200,"routeparentid":7648},{"union_rowno":3,"row":936,"routeno":"V-226HSR","responsecode":200,"routeparentid":2209},{"union_rowno":3,"row":937,"routeno":"V-360B Flyover","responsecode":200,"routeparentid":6552},{"union_rowno":3,"row":938,"routeno":"V-365 KBS-RMM","responsecode":200,"routeparentid":4834},{"union_rowno":3,"row":939,"routeno":"V-BENGALURU DARSHINI","responsecode":200,"routeparentid":3957},{"union_rowno":3,"row":940,"routeno":"V-BMT13-BSK-RMM","responsecode":200,"routeparentid":2162},{"union_rowno":3,"row":941,"routeno":"V-CRS-HBLG","responsecode":200,"routeparentid":5583},{"union_rowno":3,"row":942,"routeno":"V-G3 BRGD-ATB","responsecode":200,"routeparentid":6474},{"union_rowno":3,"row":943,"routeno":"V-HBLB-VPR","responsecode":200,"routeparentid":7339},{"union_rowno":3,"row":944,"routeno":"V-ISHA ROUNDS -1","responsecode":200,"routeparentid":7309},{"union_rowno":3,"row":945,"routeno":"V-KMK-NBC-BSVR","responsecode":200,"routeparentid":7326},{"union_rowno":3,"row":946,"routeno":"VLO1-KGR","responsecode":200,"routeparentid":1345},{"union_rowno":3,"row":947,"routeno":"V-MF1C BSK-KRPMS","responsecode":200,"routeparentid":6741},{"union_rowno":3,"row":948,"routeno":"VSD-ADR","responsecode":200,"routeparentid":6614},{"union_rowno":3,"row":949,"routeno":"WTTMC-KDLG-VRTKD","responsecode":200,"routeparentid":6856},{"union_rowno":3,"row":950,"routeno":"YHK-EHSR-BRS","responsecode":200,"routeparentid":6436},{"union_rowno":3,"row":951,"routeno":"YHKOT-VNC-BLR","responsecode":200,"routeparentid":7829},{"union_rowno":3,"row":952,"routeno":"YTTMC-YPRS","responsecode":200,"routeparentid":6313}],"Message":"Success","Issuccess":true,"exception":null,"RowCount":934,"responsecode":200}