{"data":[{"union_rowno":2,"row":1,"routeno":"UBVS-01","responsecode":200,"routeparentid":4820},{"union_rowno":2,"row":3,"routeno":"UBVS-2","responsecode":200,"routeparentid":6415},{"union_rowno":2,"row":6,"routeno":"UST-KGR","responsecode":200,"routeparentid":7648},{"union_rowno":2,"row":7,"routeno":"UST-MDP-SMT","responsecode":200,"routeparentid":7698},{"union_rowno":2,"row":10,"routeno":"UVA-1","responsecode":200,"routeparentid":5486},{"union_rowno":3,"row":1,"routeno":"15-A PPLO-UTH-KMT","responsecode":200,"routeparentid":5743},{"union_rowno":3,"row":2,"routeno":"201-U","responsecode":200,"routeparentid":1809},{"union_rowno":3,"row":3,"routeno":"210-U","responsecode":200,"routeparentid":2399},{"union_rowno":3,"row":4,"routeno":"211-U","responsecode":200,"routeparentid":3542},{"union_rowno":3,"row":5,"routeno":"211-UB JLO-KHCV","responsecode":200,"routeparentid":1890},{"union_rowno":3,"row":6,"routeno":"211-UB KMT-JLO","responsecode":200,"routeparentid":1891},{"union_rowno":3,"row":7,"routeno":"215-U","responsecode":200,"routeparentid":2316},{"union_rowno":3,"row":8,"routeno":"215-U SBS-ANP","responsecode":200,"routeparentid":4397},{"union_rowno":3,"row":9,"routeno":"221-J TVK-UDBVS","responsecode":200,"routeparentid":6440},{"union_rowno":3,"row":10,"routeno":"226-U","responsecode":200,"routeparentid":1321},{"union_rowno":3,"row":11,"routeno":"227-U","responsecode":200,"routeparentid":1376},{"union_rowno":3,"row":12,"routeno":"227-UB","responsecode":200,"routeparentid":1377},{"union_rowno":3,"row":13,"routeno":"234-A KMT-CLO-UST","responsecode":200,"routeparentid":1458},{"union_rowno":3,"row":14,"routeno":"234-A UST-MRBS","responsecode":200,"routeparentid":5963},{"union_rowno":3,"row":15,"routeno":"234-E KBS-KMT-UST","responsecode":200,"routeparentid":6434},{"union_rowno":3,"row":16,"routeno":"234-E SBS-UST","responsecode":200,"routeparentid":1464},{"union_rowno":3,"row":17,"routeno":"234-E UST-JNSVS","responsecode":200,"routeparentid":6431},{"union_rowno":3,"row":18,"routeno":"234 KMT-UDB","responsecode":200,"routeparentid":1455},{"union_rowno":3,"row":19,"routeno":"238-U","responsecode":200,"routeparentid":5664},{"union_rowno":3,"row":20,"routeno":"238-U BUADM-VJN-VSD","responsecode":200,"routeparentid":4183},{"union_rowno":3,"row":21,"routeno":"238-U CLO-MDPC","responsecode":200,"routeparentid":5685},{"union_rowno":3,"row":22,"routeno":"238-U D31G-KBS","responsecode":200,"routeparentid":1486},{"union_rowno":3,"row":23,"routeno":"238-U KBS-AIT","responsecode":200,"routeparentid":5712},{"union_rowno":3,"row":24,"routeno":"238-U KBS-BUCADM","responsecode":200,"routeparentid":1379},{"union_rowno":3,"row":25,"routeno":"238-U KBS-CLO","responsecode":200,"routeparentid":5990},{"union_rowno":3,"row":26,"routeno":"238-U KBS-D31G","responsecode":200,"routeparentid":7440},{"union_rowno":3,"row":27,"routeno":"238-U KBS-DPJN","responsecode":200,"routeparentid":5989},{"union_rowno":3,"row":28,"routeno":"238-U KBS-KHBQ","responsecode":200,"routeparentid":7393},{"union_rowno":3,"row":29,"routeno":"238-U KBS-SMH","responsecode":200,"routeparentid":5992},{"union_rowno":3,"row":30,"routeno":"238-U KMT-BUCADM","responsecode":200,"routeparentid":1504},{"union_rowno":3,"row":31,"routeno":"238-U SBS-MDPC","responsecode":200,"routeparentid":5686},{"union_rowno":3,"row":32,"routeno":"238-U SPHS-MDPC","responsecode":200,"routeparentid":5996},{"union_rowno":3,"row":33,"routeno":"238-U VTTMC-JNM","responsecode":200,"routeparentid":5987},{"union_rowno":3,"row":34,"routeno":"238-UA","responsecode":200,"routeparentid":1838},{"union_rowno":3,"row":35,"routeno":"238-UA SBS-AIT","responsecode":200,"routeparentid":6640},{"union_rowno":3,"row":36,"routeno":"238-UC","responsecode":200,"routeparentid":1839},{"union_rowno":3,"row":37,"routeno":"238-UC D31G-VSL","responsecode":200,"routeparentid":1849},{"union_rowno":3,"row":38,"routeno":"238-UM","responsecode":200,"routeparentid":7491},{"union_rowno":3,"row":39,"routeno":"238-UM DPN-UST","responsecode":200,"routeparentid":7493},{"union_rowno":3,"row":40,"routeno":"238-UM DPN-VJN-UST","responsecode":200,"routeparentid":7494},{"union_rowno":3,"row":41,"routeno":"238-US","responsecode":200,"routeparentid":5663},{"union_rowno":3,"row":42,"routeno":"241-S KBS-UST","responsecode":200,"routeparentid":5548},{"union_rowno":3,"row":43,"routeno":"242-B SNBS-TVK (Calla Bus)","responsecode":200,"routeparentid":5747},{"union_rowno":3,"row":44,"routeno":"242-U","responsecode":200,"routeparentid":2860},{"union_rowno":3,"row":45,"routeno":"242-U KBS-LKSMP","responsecode":200,"routeparentid":1589},{"union_rowno":3,"row":46,"routeno":"242-U LXMP-D35G","responsecode":200,"routeparentid":5750},{"union_rowno":3,"row":47,"routeno":"258-U","responsecode":200,"routeparentid":2030},{"union_rowno":3,"row":48,"routeno":"273-HMTCLUB-MTK-RMCPF","responsecode":200,"routeparentid":7401},{"union_rowno":3,"row":49,"routeno":"282 PTH-UTNH","responsecode":200,"routeparentid":3686},{"union_rowno":3,"row":50,"routeno":"298-A KMT-AGO-UNV","responsecode":200,"routeparentid":6270},{"union_rowno":3,"row":51,"routeno":"304-Q D24G-GNLU","responsecode":200,"routeparentid":2929},{"union_rowno":3,"row":52,"routeno":"306-M MDR-PURA","responsecode":200,"routeparentid":5568},{"union_rowno":3,"row":53,"routeno":"306-M PURA-KBS","responsecode":200,"routeparentid":7573},{"union_rowno":3,"row":54,"routeno":"316-U","responsecode":200,"routeparentid":3214},{"union_rowno":3,"row":55,"routeno":"317 KVUL-TNF-KRPGH","responsecode":200,"routeparentid":7381},{"union_rowno":3,"row":56,"routeno":"342-U","responsecode":200,"routeparentid":3317},{"union_rowno":3,"row":57,"routeno":"349-J KMT-IGNOUS","responsecode":200,"routeparentid":7164},{"union_rowno":3,"row":58,"routeno":"351-H KBS-IGNOUS","responsecode":200,"routeparentid":7160},{"union_rowno":3,"row":59,"routeno":"351-H KMT-IGNOUS","responsecode":200,"routeparentid":7161},{"union_rowno":3,"row":60,"routeno":"356-CW SRN-HSRBDA UNFLY","responsecode":200,"routeparentid":5329},{"union_rowno":3,"row":61,"routeno":"356-CW UFLY","responsecode":200,"routeparentid":1062},{"union_rowno":3,"row":62,"routeno":"365-J KBS-JGN-UAV","responsecode":200,"routeparentid":5487},{"union_rowno":3,"row":63,"routeno":"370-A BGT-UJPD","responsecode":200,"routeparentid":7663},{"union_rowno":3,"row":64,"routeno":"370-A KBS-UJPD","responsecode":200,"routeparentid":3741},{"union_rowno":3,"row":65,"routeno":"370-A KMT-JBS-UJPD","responsecode":200,"routeparentid":3744},{"union_rowno":3,"row":66,"routeno":"378-C UTH-ELC","responsecode":200,"routeparentid":7672},{"union_rowno":3,"row":67,"routeno":"399-F D42G-HUK-ANK","responsecode":200,"routeparentid":5793},{"union_rowno":3,"row":68,"routeno":"500-C KRPGH-DSUK","responsecode":200,"routeparentid":5429},{"union_rowno":3,"row":69,"routeno":"500-CF BTM-KGUR","responsecode":200,"routeparentid":5696},{"union_rowno":3,"row":70,"routeno":"500-QG GGP-KVUL","responsecode":200,"routeparentid":7380},{"union_rowno":3,"row":71,"routeno":"515 KGR-UST","responsecode":200,"routeparentid":7695},{"union_rowno":3,"row":72,"routeno":"600-CF UFLY","responsecode":200,"routeparentid":3479},{"union_rowno":3,"row":73,"routeno":"AmnexTestForRoute","responsecode":200,"routeparentid":1139},{"union_rowno":3,"row":74,"routeno":"ARMY-KOGILU-YHKOT","responsecode":200,"routeparentid":7550},{"union_rowno":3,"row":75,"routeno":"BGT-UJPD","responsecode":200,"routeparentid":7619},{"union_rowno":3,"row":76,"routeno":"Call BUS","responsecode":200,"routeparentid":3883},{"union_rowno":3,"row":78,"routeno":"Call Bus CWS-3","responsecode":200,"routeparentid":3354},{"union_rowno":3,"row":79,"routeno":"Call Bus-01","responsecode":200,"routeparentid":7384},{"union_rowno":3,"row":80,"routeno":"CALL BUS-10","responsecode":200,"routeparentid":6349},{"union_rowno":3,"row":81,"routeno":"Call Bus-5","responsecode":200,"routeparentid":4563},{"union_rowno":3,"row":82,"routeno":"CALL BUS-8","responsecode":200,"routeparentid":4712},{"union_rowno":3,"row":83,"routeno":"CALLBUS-02","responsecode":200,"routeparentid":4226},{"union_rowno":3,"row":84,"routeno":"CALLBUS-02 ANP-SNBS","responsecode":200,"routeparentid":4427},{"union_rowno":3,"row":85,"routeno":"CALLBUS-10","responsecode":200,"routeparentid":1302},{"union_rowno":3,"row":86,"routeno":"CALLBUS-11","responsecode":200,"routeparentid":5722},{"union_rowno":3,"row":87,"routeno":"CALLBUS-12","responsecode":200,"routeparentid":5258},{"union_rowno":3,"row":88,"routeno":"CALLBUS-2","responsecode":200,"routeparentid":5708},{"union_rowno":3,"row":89,"routeno":"Callbus-3","responsecode":200,"routeparentid":4356},{"union_rowno":3,"row":90,"routeno":"CALLBUS-5","responsecode":200,"routeparentid":4109},{"union_rowno":3,"row":91,"routeno":"CALLBUS-6","responsecode":200,"routeparentid":4914},{"union_rowno":3,"row":92,"routeno":"CALLBUS-7","responsecode":200,"routeparentid":4316},{"union_rowno":3,"row":93,"routeno":"CALLBUS KWS-1","responsecode":200,"routeparentid":2760},{"union_rowno":3,"row":94,"routeno":"CALLBUS KWS-2","responsecode":200,"routeparentid":4072},{"union_rowno":3,"row":95,"routeno":"CALLBUS KWS-3","responsecode":200,"routeparentid":4076},{"union_rowno":3,"row":96,"routeno":"CALLBUS KWS-7","responsecode":200,"routeparentid":4960},{"union_rowno":3,"row":97,"routeno":"C BUS KWS-1","responsecode":200,"routeparentid":5407},{"union_rowno":3,"row":98,"routeno":"Chakra-16A KVUL-DNK","responsecode":200,"routeparentid":7540},{"union_rowno":3,"row":99,"routeno":"DSU-2","responsecode":200,"routeparentid":4438},{"union_rowno":3,"row":100,"routeno":"DSUK-1","responsecode":200,"routeparentid":3844},{"union_rowno":3,"row":101,"routeno":"JNSVS-UTH-BSK","responsecode":200,"routeparentid":7388},{"union_rowno":3,"row":102,"routeno":"KLN-UTM","responsecode":200,"routeparentid":4343},{"union_rowno":3,"row":103,"routeno":"KNUR-D48","responsecode":200,"routeparentid":7344},{"union_rowno":3,"row":104,"routeno":"KVUL-01","responsecode":200,"routeparentid":7412},{"union_rowno":3,"row":105,"routeno":"KVUL-02","responsecode":200,"routeparentid":7413},{"union_rowno":3,"row":106,"routeno":"KVUL-03","responsecode":200,"routeparentid":7379},{"union_rowno":3,"row":107,"routeno":"KVUL-1","responsecode":200,"routeparentid":7539},{"union_rowno":3,"row":108,"routeno":"KWS CALLBUS-2","responsecode":200,"routeparentid":1091},{"union_rowno":3,"row":109,"routeno":"KWS CALLBUS-8","responsecode":200,"routeparentid":4909},{"union_rowno":3,"row":110,"routeno":"MF-211UB","responsecode":200,"routeparentid":1889},{"union_rowno":3,"row":111,"routeno":"MF-39 BUCG-UDB","responsecode":200,"routeparentid":5362},{"union_rowno":3,"row":112,"routeno":"MF-40 D12G-UST","responsecode":200,"routeparentid":7697},{"union_rowno":3,"row":113,"routeno":"PTH-SUAP","responsecode":200,"routeparentid":3082},{"union_rowno":3,"row":114,"routeno":"SHUTTLE-01","responsecode":200,"routeparentid":6172},{"union_rowno":3,"row":125,"routeno":"V-BENGALURU DARSHINI","responsecode":200,"routeparentid":3957},{"union_rowno":3,"row":126,"routeno":"V-ISHA ROUNDS -1","responsecode":200,"routeparentid":7309},{"union_rowno":3,"row":127,"routeno":"YHKOT-SUAP","responsecode":200,"routeparentid":5978}],"Message":"Success","Issuccess":true,"exception":null,"RowCount":121,"responsecode":200}