{"data":[{"union_rowno":2,"row":2,"routeno":"V-129","responsecode":200,"routeparentid":2126},{"union_rowno":2,"row":4,"routeno":"V-13","responsecode":200,"routeparentid":2178},{"union_rowno":2,"row":5,"routeno":"V-13 SBS-D13G","responsecode":200,"routeparentid":2185},{"union_rowno":2,"row":7,"routeno":"V-150","responsecode":200,"routeparentid":2127},{"union_rowno":2,"row":9,"routeno":"V-15E","responsecode":200,"routeparentid":2179},{"union_rowno":2,"row":11,"routeno":"V-171","responsecode":200,"routeparentid":6515},{"union_rowno":2,"row":13,"routeno":"V-215 KMK-ANP","responsecode":200,"routeparentid":2240},{"union_rowno":2,"row":16,"routeno":"V-215H","responsecode":200,"routeparentid":2134},{"union_rowno":2,"row":17,"routeno":"V-222A","responsecode":200,"routeparentid":2123},{"union_rowno":2,"row":19,"routeno":"V-226ELC","responsecode":200,"routeparentid":2222},{"union_rowno":2,"row":21,"routeno":"V-226HBL","responsecode":200,"routeparentid":2244},{"union_rowno":2,"row":24,"routeno":"V-226HSR","responsecode":200,"routeparentid":2209},{"union_rowno":2,"row":25,"routeno":"V-226KBS","responsecode":200,"routeparentid":2130},{"union_rowno":2,"row":27,"routeno":"V-226SBS","responsecode":200,"routeparentid":2159},{"union_rowno":2,"row":29,"routeno":"V-226WF","responsecode":200,"routeparentid":1704},{"union_rowno":2,"row":32,"routeno":"V-226YBS","responsecode":200,"routeparentid":2350},{"union_rowno":2,"row":34,"routeno":"V-240M","responsecode":200,"routeparentid":2187},{"union_rowno":2,"row":35,"routeno":"V-250-SB","responsecode":200,"routeparentid":7616},{"union_rowno":2,"row":38,"routeno":"V-250A","responsecode":200,"routeparentid":3796},{"union_rowno":2,"row":40,"routeno":"V-25A","responsecode":200,"routeparentid":2262},{"union_rowno":2,"row":41,"routeno":"V-276","responsecode":200,"routeparentid":2128},{"union_rowno":2,"row":43,"routeno":"V-285M","responsecode":200,"routeparentid":1096},{"union_rowno":2,"row":45,"routeno":"V-285MA","responsecode":200,"routeparentid":2104},{"union_rowno":2,"row":48,"routeno":"V-285MB","responsecode":200,"routeparentid":2121},{"union_rowno":2,"row":49,"routeno":"V-287A","responsecode":200,"routeparentid":6076},{"union_rowno":2,"row":52,"routeno":"V-298MN","responsecode":200,"routeparentid":5999},{"union_rowno":2,"row":53,"routeno":"V-300MV","responsecode":200,"routeparentid":6545},{"union_rowno":2,"row":56,"routeno":"V-300MV KMT-SMVT","responsecode":200,"routeparentid":7617},{"union_rowno":2,"row":57,"routeno":"V-317A","responsecode":200,"routeparentid":2242},{"union_rowno":2,"row":60,"routeno":"V-328B","responsecode":200,"routeparentid":6949},{"union_rowno":2,"row":61,"routeno":"V-328H","responsecode":200,"routeparentid":6516},{"union_rowno":2,"row":64,"routeno":"V-328H HSK-WTTMC","responsecode":200,"routeparentid":6951},{"union_rowno":2,"row":65,"routeno":"V-328H WTTMC-ATB","responsecode":200,"routeparentid":6762},{"union_rowno":2,"row":67,"routeno":"V-328HK","responsecode":200,"routeparentid":7130},{"union_rowno":2,"row":70,"routeno":"V-331A","responsecode":200,"routeparentid":6075},{"union_rowno":2,"row":71,"routeno":"V-333E","responsecode":200,"routeparentid":2248},{"union_rowno":2,"row":74,"routeno":"V-335E","responsecode":200,"routeparentid":1097},{"union_rowno":2,"row":75,"routeno":"V-342F","responsecode":200,"routeparentid":2153},{"union_rowno":2,"row":77,"routeno":"V-342F D25G-KBS","responsecode":200,"routeparentid":2211},{"union_rowno":2,"row":79,"routeno":"V-342F D25G-SJP","responsecode":200,"routeparentid":2215},{"union_rowno":2,"row":82,"routeno":"V-356","responsecode":200,"routeparentid":2156},{"union_rowno":2,"row":83,"routeno":"V-356C KBS-ELCWG","responsecode":200,"routeparentid":6492},{"union_rowno":2,"row":85,"routeno":"V-356M","responsecode":200,"routeparentid":2154},{"union_rowno":2,"row":88,"routeno":"V-356M FLY","responsecode":200,"routeparentid":2155},{"union_rowno":2,"row":90,"routeno":"V-360B","responsecode":200,"routeparentid":1098},{"union_rowno":2,"row":92,"routeno":"V-360B D25G-ATB","responsecode":200,"routeparentid":2264},{"union_rowno":2,"row":93,"routeno":"V-360B Flyover","responsecode":200,"routeparentid":6552},{"union_rowno":2,"row":95,"routeno":"V-365","responsecode":200,"routeparentid":2027},{"union_rowno":2,"row":97,"routeno":"V-365 KBS-RMM","responsecode":200,"routeparentid":4834},{"union_rowno":2,"row":99,"routeno":"V-365 KMK-BNP","responsecode":200,"routeparentid":6189},{"union_rowno":2,"row":101,"routeno":"V-365J","responsecode":200,"routeparentid":1992},{"union_rowno":2,"row":104,"routeno":"V-365P","responsecode":200,"routeparentid":2034},{"union_rowno":2,"row":106,"routeno":"V-365Y","responsecode":200,"routeparentid":2029},{"union_rowno":2,"row":108,"routeno":"V-368","responsecode":200,"routeparentid":7061},{"union_rowno":2,"row":110,"routeno":"V-378","responsecode":200,"routeparentid":2219},{"union_rowno":2,"row":111,"routeno":"V-410FC BSK-TVK","responsecode":200,"routeparentid":2241},{"union_rowno":2,"row":113,"routeno":"V-45F","responsecode":200,"routeparentid":2190},{"union_rowno":2,"row":115,"routeno":"V-45G","responsecode":200,"routeparentid":6514},{"union_rowno":2,"row":117,"routeno":"V-500A","responsecode":200,"routeparentid":2170},{"union_rowno":2,"row":120,"routeno":"V-500A D13G-BSK-HBL","responsecode":200,"routeparentid":2199},{"union_rowno":2,"row":122,"routeno":"V-500BC","responsecode":200,"routeparentid":5480},{"union_rowno":2,"row":123,"routeno":"V-500C","responsecode":200,"routeparentid":2251},{"union_rowno":2,"row":125,"routeno":"V-500CA","responsecode":200,"routeparentid":1695},{"union_rowno":2,"row":127,"routeno":"V-500CA\t   KDG-D13G","responsecode":200,"routeparentid":6091},{"union_rowno":2,"row":130,"routeno":"V-500CK","responsecode":200,"routeparentid":1696},{"union_rowno":2,"row":131,"routeno":"V-500CK BSK-HSK","responsecode":200,"routeparentid":7129},{"union_rowno":2,"row":134,"routeno":"V-500D","responsecode":200,"routeparentid":1705},{"union_rowno":2,"row":136,"routeno":"V-500DA","responsecode":200,"routeparentid":2169},{"union_rowno":2,"row":138,"routeno":"V-500DF","responsecode":200,"routeparentid":2206},{"union_rowno":2,"row":139,"routeno":"V-500DF KDG-HBLB","responsecode":200,"routeparentid":6889},{"union_rowno":2,"row":142,"routeno":"V-500DH","responsecode":200,"routeparentid":2216},{"union_rowno":2,"row":144,"routeno":"V-500DH ELCKIA-HBLB","responsecode":200,"routeparentid":6887},{"union_rowno":2,"row":145,"routeno":"V-500DP","responsecode":200,"routeparentid":7366},{"union_rowno":2,"row":148,"routeno":"V-500E","responsecode":200,"routeparentid":5547},{"union_rowno":2,"row":150,"routeno":"V-500F","responsecode":200,"routeparentid":2261},{"union_rowno":2,"row":152,"routeno":"V-500F KDG-ATB","responsecode":200,"routeparentid":6538},{"union_rowno":2,"row":153,"routeno":"V-500FA","responsecode":200,"routeparentid":6249},{"union_rowno":2,"row":156,"routeno":"V-500HK","responsecode":200,"routeparentid":6761},{"union_rowno":2,"row":157,"routeno":"V-500HS","responsecode":200,"routeparentid":7063},{"union_rowno":2,"row":160,"routeno":"V-500K","responsecode":200,"routeparentid":2102},{"union_rowno":2,"row":162,"routeno":"V-500KS","responsecode":200,"routeparentid":2205},{"union_rowno":2,"row":164,"routeno":"V-500L BYP-BSK","responsecode":200,"routeparentid":6045},{"union_rowno":2,"row":166,"routeno":"V-500QG","responsecode":200,"routeparentid":2245},{"union_rowno":2,"row":168,"routeno":"V-500QK","responsecode":200,"routeparentid":5506},{"union_rowno":2,"row":170,"routeno":"V-500S","responsecode":200,"routeparentid":5562},{"union_rowno":2,"row":171,"routeno":"V-501A","responsecode":200,"routeparentid":6013},{"union_rowno":2,"row":174,"routeno":"V-505 ATB-KDG","responsecode":200,"routeparentid":6950},{"union_rowno":2,"row":176,"routeno":"V-505 ELCW-KDG","responsecode":200,"routeparentid":7333},{"union_rowno":2,"row":178,"routeno":"V-600K","responsecode":200,"routeparentid":2226},{"union_rowno":2,"row":180,"routeno":"V-600NL","responsecode":200,"routeparentid":7325},{"union_rowno":2,"row":181,"routeno":"V-61F","responsecode":200,"routeparentid":3780},{"union_rowno":2,"row":184,"routeno":"V-BENGALURU DARSHINI","responsecode":200,"routeparentid":3957},{"union_rowno":2,"row":185,"routeno":"V-BMT13-BSK-RMM","responsecode":200,"routeparentid":2162},{"union_rowno":2,"row":188,"routeno":"VCH-HBLB","responsecode":200,"routeparentid":7586},{"union_rowno":2,"row":189,"routeno":"V-CRS-HBLG","responsecode":200,"routeparentid":5583},{"union_rowno":2,"row":192,"routeno":"VDMH-D27G","responsecode":200,"routeparentid":6567},{"union_rowno":2,"row":194,"routeno":"VDN-PSS","responsecode":200,"routeparentid":7578},{"union_rowno":2,"row":196,"routeno":"V-G-3","responsecode":200,"routeparentid":6471},{"union_rowno":2,"row":198,"routeno":"V-G-3A","responsecode":200,"routeparentid":6473},{"union_rowno":2,"row":200,"routeno":"V-G3 BRGD-ATB","responsecode":200,"routeparentid":6474},{"union_rowno":2,"row":202,"routeno":"V-G7","responsecode":200,"routeparentid":2157},{"union_rowno":2,"row":204,"routeno":"V-HBL-MKC-SBS","responsecode":200,"routeparentid":5582},{"union_rowno":2,"row":205,"routeno":"V-HBLB-KBS","responsecode":200,"routeparentid":7337},{"union_rowno":2,"row":208,"routeno":"V-HBLB-VPR","responsecode":200,"routeparentid":7339},{"union_rowno":2,"row":209,"routeno":"V-ISHA ROUNDS -1","responsecode":200,"routeparentid":7309},{"union_rowno":2,"row":212,"routeno":"VJN-AGO-SBS","responsecode":200,"routeparentid":1678},{"union_rowno":2,"row":214,"routeno":"VJN-EJP","responsecode":200,"routeparentid":1748},{"union_rowno":2,"row":216,"routeno":"V-KBS-AIT","responsecode":200,"routeparentid":7400},{"union_rowno":2,"row":217,"routeno":"V-KMK-NBC-BSVR","responsecode":200,"routeparentid":7326},{"union_rowno":2,"row":220,"routeno":"VKN-D34G","responsecode":200,"routeparentid":6939},{"union_rowno":2,"row":222,"routeno":"VLO1-KGR","responsecode":200,"routeparentid":1345},{"union_rowno":2,"row":224,"routeno":"VLS-003","responsecode":200,"routeparentid":7644},{"union_rowno":2,"row":226,"routeno":"VLS-02","responsecode":200,"routeparentid":5505},{"union_rowno":2,"row":227,"routeno":"VLS-03","responsecode":200,"routeparentid":4129},{"union_rowno":2,"row":229,"routeno":"VLS-05","responsecode":200,"routeparentid":5667},{"union_rowno":2,"row":231,"routeno":"VLS-1","responsecode":200,"routeparentid":3875},{"union_rowno":2,"row":234,"routeno":"VLS-2","responsecode":200,"routeparentid":4789},{"union_rowno":2,"row":236,"routeno":"VLS-2.","responsecode":200,"routeparentid":7351},{"union_rowno":2,"row":237,"routeno":"VLS-3","responsecode":200,"routeparentid":5191},{"union_rowno":2,"row":242,"routeno":"VLS-4","responsecode":200,"routeparentid":4529},{"union_rowno":2,"row":243,"routeno":"VLS-6","responsecode":200,"routeparentid":4432},{"union_rowno":2,"row":246,"routeno":"VLS-8","responsecode":200,"routeparentid":3044},{"union_rowno":2,"row":248,"routeno":"VLS-9","responsecode":200,"routeparentid":6263},{"union_rowno":2,"row":249,"routeno":"V-MF-11","responsecode":200,"routeparentid":5521},{"union_rowno":2,"row":251,"routeno":"V-MF-1K","responsecode":200,"routeparentid":6043},{"union_rowno":2,"row":254,"routeno":"V-MF1C","responsecode":200,"routeparentid":6575},{"union_rowno":2,"row":255,"routeno":"V-MF1C BSK-KRPMS","responsecode":200,"routeparentid":6741},{"union_rowno":2,"row":258,"routeno":"V-MF6","responsecode":200,"routeparentid":2252},{"union_rowno":2,"row":260,"routeno":"VMH-D34G","responsecode":200,"routeparentid":7618},{"union_rowno":2,"row":261,"routeno":"V-NICE-4","responsecode":200,"routeparentid":7328},{"union_rowno":2,"row":263,"routeno":"V-NICE-4 BSN-ELCW","responsecode":200,"routeparentid":7327},{"union_rowno":2,"row":265,"routeno":"VNS-01","responsecode":200,"routeparentid":6139},{"union_rowno":2,"row":268,"routeno":"VNS-014","responsecode":200,"routeparentid":4682},{"union_rowno":2,"row":270,"routeno":"VNS-04","responsecode":200,"routeparentid":5703},{"union_rowno":2,"row":272,"routeno":"VNS-10","responsecode":200,"routeparentid":5618},{"union_rowno":2,"row":274,"routeno":"VNS-11","responsecode":200,"routeparentid":5052},{"union_rowno":2,"row":275,"routeno":"VNS-12","responsecode":200,"routeparentid":4678},{"union_rowno":2,"row":277,"routeno":"VNS-13","responsecode":200,"routeparentid":4668},{"union_rowno":2,"row":281,"routeno":"VNS--15","responsecode":200,"routeparentid":1191},{"union_rowno":2,"row":284,"routeno":"VNS-16","responsecode":200,"routeparentid":4659},{"union_rowno":2,"row":285,"routeno":"VNS-17","responsecode":200,"routeparentid":5437},{"union_rowno":2,"row":287,"routeno":"VNS-18","responsecode":200,"routeparentid":7369},{"union_rowno":2,"row":290,"routeno":"VNS-18.","responsecode":200,"routeparentid":2981},{"union_rowno":2,"row":291,"routeno":"VNS-19","responsecode":200,"routeparentid":4322},{"union_rowno":2,"row":294,"routeno":"VNS-2","responsecode":200,"routeparentid":5655},{"union_rowno":2,"row":296,"routeno":"VNS-20","responsecode":200,"routeparentid":4672},{"union_rowno":2,"row":298,"routeno":"VNS-21","responsecode":200,"routeparentid":4699},{"union_rowno":2,"row":300,"routeno":"VNS-22","responsecode":200,"routeparentid":3073},{"union_rowno":2,"row":305,"routeno":"VNS--23","responsecode":200,"routeparentid":4103},{"union_rowno":2,"row":310,"routeno":"VNS-24","responsecode":200,"routeparentid":7489},{"union_rowno":2,"row":312,"routeno":"VNS-3","responsecode":200,"routeparentid":4559},{"union_rowno":2,"row":313,"routeno":"VNS-6","responsecode":200,"routeparentid":4796},{"union_rowno":2,"row":315,"routeno":"VNS-7","responsecode":200,"routeparentid":5436},{"union_rowno":2,"row":318,"routeno":"VNS-8","responsecode":200,"routeparentid":4209},{"union_rowno":2,"row":320,"routeno":"VNS-9","responsecode":200,"routeparentid":4804},{"union_rowno":2,"row":321,"routeno":"VPS-1","responsecode":200,"routeparentid":4012},{"union_rowno":2,"row":323,"routeno":"VPS-13","responsecode":200,"routeparentid":3254},{"union_rowno":2,"row":326,"routeno":"VPS-14","responsecode":200,"routeparentid":3404},{"union_rowno":2,"row":328,"routeno":"VPS-15","responsecode":200,"routeparentid":4206},{"union_rowno":2,"row":332,"routeno":"VPS-16","responsecode":200,"routeparentid":4214},{"union_rowno":2,"row":333,"routeno":"VPS-2","responsecode":200,"routeparentid":4901},{"union_rowno":2,"row":336,"routeno":"VPS-3","responsecode":200,"routeparentid":4124},{"union_rowno":2,"row":337,"routeno":"VPS-4","responsecode":200,"routeparentid":4644},{"union_rowno":2,"row":339,"routeno":"VPS-5","responsecode":200,"routeparentid":5139},{"union_rowno":2,"row":341,"routeno":"VPS-6","responsecode":200,"routeparentid":4107},{"union_rowno":2,"row":344,"routeno":"VPS-7","responsecode":200,"routeparentid":4112},{"union_rowno":2,"row":346,"routeno":"VPS-8","responsecode":200,"routeparentid":4187},{"union_rowno":2,"row":347,"routeno":"VPS-9","responsecode":200,"routeparentid":5591},{"union_rowno":2,"row":350,"routeno":"VSD-ADR","responsecode":200,"routeparentid":6614},{"union_rowno":2,"row":351,"routeno":"VSD-AJB","responsecode":200,"routeparentid":7411},{"union_rowno":2,"row":353,"routeno":"VSE-SBS","responsecode":200,"routeparentid":7290},{"union_rowno":2,"row":356,"routeno":"V-TATA ELEXI-001","responsecode":200,"routeparentid":3771},{"union_rowno":2,"row":358,"routeno":"V-TATA ELEXI-002","responsecode":200,"routeparentid":3777},{"union_rowno":2,"row":360,"routeno":"V-TATA ELEXI-003","responsecode":200,"routeparentid":3784},{"union_rowno":2,"row":362,"routeno":"V-TATA ELEXI-005","responsecode":200,"routeparentid":3787},{"union_rowno":2,"row":363,"routeno":"V-TATA ELEXI-006","responsecode":200,"routeparentid":6015},{"union_rowno":2,"row":365,"routeno":"V-TATA ELEXI-007","responsecode":200,"routeparentid":3807},{"union_rowno":2,"row":368,"routeno":"V-TATA ELEXI-02","responsecode":200,"routeparentid":3806},{"union_rowno":2,"row":369,"routeno":"V-TATA ELEXI-03","responsecode":200,"routeparentid":5911},{"union_rowno":2,"row":371,"routeno":"V-TATA ELEXI-08","responsecode":200,"routeparentid":6014},{"union_rowno":2,"row":374,"routeno":"V-TATA ELEXI-09","responsecode":200,"routeparentid":3803},{"union_rowno":2,"row":375,"routeno":"V-TATA ELEXI-10","responsecode":200,"routeparentid":3801},{"union_rowno":2,"row":378,"routeno":"V-TATA ELEXI-5","responsecode":200,"routeparentid":6018},{"union_rowno":2,"row":379,"routeno":"V-TATA ELEXI-BSK","responsecode":200,"routeparentid":2233},{"union_rowno":2,"row":382,"routeno":"VTTMC-MDP-NBC","responsecode":200,"routeparentid":7474},{"union_rowno":2,"row":384,"routeno":"V-VVKN-KMK","responsecode":200,"routeparentid":6016},{"union_rowno":2,"row":386,"routeno":"V-WTTMC-TATAE","responsecode":200,"routeparentid":6019},{"union_rowno":3,"row":1,"routeno":"138 KBS-SVMS","responsecode":200,"routeparentid":5843},{"union_rowno":3,"row":2,"routeno":"138 KBS-VSD-JBN","responsecode":200,"routeparentid":1740},{"union_rowno":3,"row":3,"routeno":"138 VTTMC-KBS-JBN","responsecode":200,"routeparentid":3672},{"union_rowno":3,"row":4,"routeno":"139-JBN-SBS-VSD","responsecode":200,"routeparentid":5872},{"union_rowno":3,"row":5,"routeno":"139 SBS-KFC-SVM","responsecode":200,"routeparentid":6760},{"union_rowno":3,"row":6,"routeno":"139 SVMS-KVASC","responsecode":200,"routeparentid":5894},{"union_rowno":3,"row":7,"routeno":"141-K SBS-NGV","responsecode":200,"routeparentid":7515},{"union_rowno":3,"row":8,"routeno":"143-E NTVB5-KMT","responsecode":200,"routeparentid":7273},{"union_rowno":3,"row":9,"routeno":"144 KRMTTMC-KPWD-VNR-VSD-KBS","responsecode":200,"routeparentid":6823},{"union_rowno":3,"row":10,"routeno":"15-E VSD-KSLO","responsecode":200,"routeparentid":1686},{"union_rowno":3,"row":11,"routeno":"168-D VSD","responsecode":200,"routeparentid":2111},{"union_rowno":3,"row":12,"routeno":"168-E KBS-VSD-JBN","responsecode":200,"routeparentid":1763},{"union_rowno":3,"row":13,"routeno":"176 CLO-KVB","responsecode":200,"routeparentid":1571},{"union_rowno":3,"row":14,"routeno":"18 VSD-JNN","responsecode":200,"routeparentid":4537},{"union_rowno":3,"row":15,"routeno":"201 BSK-KVASC","responsecode":200,"routeparentid":5717},{"union_rowno":3,"row":16,"routeno":"201-G BSK-KFC-SVM-BTP","responsecode":200,"routeparentid":6883},{"union_rowno":3,"row":17,"routeno":"201 SRN-VVKN","responsecode":200,"routeparentid":1778},{"union_rowno":3,"row":18,"routeno":"201 VVK-SNR","responsecode":200,"routeparentid":2863},{"union_rowno":3,"row":19,"routeno":"210-B KTNR-KMT-VSD","responsecode":200,"routeparentid":1817},{"union_rowno":3,"row":20,"routeno":"210-J VSD","responsecode":200,"routeparentid":2434},{"union_rowno":3,"row":21,"routeno":"210-NP KBS-VSD-PPLO","responsecode":200,"routeparentid":2490},{"union_rowno":3,"row":22,"routeno":"211-A VLS-BSK-KMT","responsecode":200,"routeparentid":5670},{"union_rowno":3,"row":23,"routeno":"211 BSK-VLS","responsecode":200,"routeparentid":3045},{"union_rowno":3,"row":24,"routeno":"211 KBS-VLS","responsecode":200,"routeparentid":4433},{"union_rowno":3,"row":25,"routeno":"211-UB JLO-KHCV","responsecode":200,"routeparentid":1890},{"union_rowno":3,"row":26,"routeno":"212-C BEML5-SHVA","responsecode":200,"routeparentid":6262},{"union_rowno":3,"row":27,"routeno":"213-H KBS-BHKVL","responsecode":200,"routeparentid":1922},{"union_rowno":3,"row":28,"routeno":"213 SBS-KMT-RVG-GAT","responsecode":200,"routeparentid":1877},{"union_rowno":3,"row":29,"routeno":"213-V","responsecode":200,"routeparentid":1399},{"union_rowno":3,"row":30,"routeno":"213-V SGH-HRH","responsecode":200,"routeparentid":1935},{"union_rowno":3,"row":31,"routeno":"213-VA","responsecode":200,"routeparentid":1936},{"union_rowno":3,"row":32,"routeno":"213V-HRH-D4","responsecode":200,"routeparentid":7600},{"union_rowno":3,"row":33,"routeno":"215-H KBS-VSD-JSD","responsecode":200,"routeparentid":2500},{"union_rowno":3,"row":34,"routeno":"215-H KBS-VSD-KMT-JSD","responsecode":200,"routeparentid":2498},{"union_rowno":3,"row":35,"routeno":"215-NE ANP11-KMT-VSD","responsecode":200,"routeparentid":6094},{"union_rowno":3,"row":36,"routeno":"215-NE ANP11-MNRV-VSD","responsecode":200,"routeparentid":5721},{"union_rowno":3,"row":37,"routeno":"215-NE VSD-AJP11B","responsecode":200,"routeparentid":4392},{"union_rowno":3,"row":38,"routeno":"217-D KBS-SHV","responsecode":200,"routeparentid":3911},{"union_rowno":3,"row":39,"routeno":"217-D SMP-VSD-KBS","responsecode":200,"routeparentid":7096},{"union_rowno":3,"row":40,"routeno":"221-J TVK-KMT-KBS","responsecode":200,"routeparentid":7014},{"union_rowno":3,"row":41,"routeno":"221-J TVK-UDBVS","responsecode":200,"routeparentid":6440},{"union_rowno":3,"row":42,"routeno":"221-KGR-LVP","responsecode":200,"routeparentid":7611},{"union_rowno":3,"row":43,"routeno":"222-K KHBQ-VSD Flyover","responsecode":200,"routeparentid":7558},{"union_rowno":3,"row":44,"routeno":"224-A KBS-VRS","responsecode":200,"routeparentid":5657},{"union_rowno":3,"row":45,"routeno":"225-AB KBS-HVH-CGP","responsecode":200,"routeparentid":6087},{"union_rowno":3,"row":46,"routeno":"225-C BEML5-JNSVS","responsecode":200,"routeparentid":6429},{"union_rowno":3,"row":47,"routeno":"225-C KBS-JNSVS","responsecode":200,"routeparentid":6432},{"union_rowno":3,"row":48,"routeno":"225-C VSD","responsecode":200,"routeparentid":1285},{"union_rowno":3,"row":49,"routeno":"226-N KBS-AVG","responsecode":200,"routeparentid":1314},{"union_rowno":3,"row":50,"routeno":"226-N VSD","responsecode":200,"routeparentid":1311},{"union_rowno":3,"row":51,"routeno":"226-V","responsecode":200,"routeparentid":1322},{"union_rowno":3,"row":52,"routeno":"226-V KBS-HGH","responsecode":200,"routeparentid":1473},{"union_rowno":3,"row":53,"routeno":"226-V KMT-KGH","responsecode":200,"routeparentid":6385},{"union_rowno":3,"row":54,"routeno":"226-V TRD-KBS","responsecode":200,"routeparentid":6888},{"union_rowno":3,"row":55,"routeno":"226-VA","responsecode":200,"routeparentid":1323},{"union_rowno":3,"row":56,"routeno":"226-VB","responsecode":200,"routeparentid":1335},{"union_rowno":3,"row":57,"routeno":"226-VC","responsecode":200,"routeparentid":1336},{"union_rowno":3,"row":58,"routeno":"227-K KMT-SLVR-BSM","responsecode":200,"routeparentid":7332},{"union_rowno":3,"row":59,"routeno":"227 SBS-RMH FLYOVER","responsecode":200,"routeparentid":1340},{"union_rowno":3,"row":60,"routeno":"227-V","responsecode":200,"routeparentid":1380},{"union_rowno":3,"row":61,"routeno":"227-VA","responsecode":200,"routeparentid":6885},{"union_rowno":3,"row":62,"routeno":"227VA-KMT-MCBC","responsecode":200,"routeparentid":7434},{"union_rowno":3,"row":63,"routeno":"227-VB","responsecode":200,"routeparentid":1389},{"union_rowno":3,"row":64,"routeno":"227-VB SBS-GDGD","responsecode":200,"routeparentid":5411},{"union_rowno":3,"row":65,"routeno":"227-VC","responsecode":200,"routeparentid":6990},{"union_rowno":3,"row":66,"routeno":"227-W BEML5-AVH","responsecode":200,"routeparentid":1441},{"union_rowno":3,"row":67,"routeno":"229-B KBS-DVG","responsecode":200,"routeparentid":1426},{"union_rowno":3,"row":68,"routeno":"230-BSVG-KBS","responsecode":200,"routeparentid":5764},{"union_rowno":3,"row":69,"routeno":"231-A D36G-AVG","responsecode":200,"routeparentid":5635},{"union_rowno":3,"row":70,"routeno":"234-A  KMT-VJN-CLO","responsecode":200,"routeparentid":5374},{"union_rowno":3,"row":71,"routeno":"234-E UST-JNSVS","responsecode":200,"routeparentid":6431},{"union_rowno":3,"row":72,"routeno":"238-D DPJN-NBV1S","responsecode":200,"routeparentid":1481},{"union_rowno":3,"row":73,"routeno":"238-U BUADM-VJN-VSD","responsecode":200,"routeparentid":4183},{"union_rowno":3,"row":74,"routeno":"238-U VTTMC-JNM","responsecode":200,"routeparentid":5987},{"union_rowno":3,"row":75,"routeno":"238-UC D31G-VSL","responsecode":200,"routeparentid":1849},{"union_rowno":3,"row":76,"routeno":"238-UM DPN-VJN-UST","responsecode":200,"routeparentid":7494},{"union_rowno":3,"row":77,"routeno":"238-V","responsecode":200,"routeparentid":6740},{"union_rowno":3,"row":78,"routeno":"238-V CLO-MDPC","responsecode":200,"routeparentid":6742},{"union_rowno":3,"row":79,"routeno":"238-V CVB-BRTN","responsecode":200,"routeparentid":6743},{"union_rowno":3,"row":80,"routeno":"238-V KBS-D31","responsecode":200,"routeparentid":5891},{"union_rowno":3,"row":81,"routeno":"238-VA","responsecode":200,"routeparentid":4017},{"union_rowno":3,"row":82,"routeno":"238-VM","responsecode":200,"routeparentid":7492},{"union_rowno":3,"row":83,"routeno":"241-D BRTN-VSD","responsecode":200,"routeparentid":6171},{"union_rowno":3,"row":84,"routeno":"241-D BRTN2-MRTG-CVB","responsecode":200,"routeparentid":5613},{"union_rowno":3,"row":85,"routeno":"241-D VSD-BDG","responsecode":200,"routeparentid":5320},{"union_rowno":3,"row":86,"routeno":"241-S SBS-TVK","responsecode":200,"routeparentid":6593},{"union_rowno":3,"row":87,"routeno":"242-B D31G-TVK","responsecode":200,"routeparentid":1124},{"union_rowno":3,"row":88,"routeno":"242-B D35G-CVB","responsecode":200,"routeparentid":2949},{"union_rowno":3,"row":89,"routeno":"242-B KBS-TVK-NML","responsecode":200,"routeparentid":4318},{"union_rowno":3,"row":90,"routeno":"242-B SBS-TVK","responsecode":200,"routeparentid":1719},{"union_rowno":3,"row":91,"routeno":"242-B SNBS-TVK (Calla Bus)","responsecode":200,"routeparentid":5747},{"union_rowno":3,"row":92,"routeno":"242-B TVK-BELF","responsecode":200,"routeparentid":4640},{"union_rowno":3,"row":93,"routeno":"242-B TVK-KBS-VSD","responsecode":200,"routeparentid":7707},{"union_rowno":3,"row":94,"routeno":"242-B TVK-KDG","responsecode":200,"routeparentid":1585},{"union_rowno":3,"row":95,"routeno":"242-CN D35G-ABDVN","responsecode":200,"routeparentid":1912},{"union_rowno":3,"row":96,"routeno":"242 D35G-TVK","responsecode":200,"routeparentid":1577},{"union_rowno":3,"row":97,"routeno":"242-FA GDP-TVK","responsecode":200,"routeparentid":6587},{"union_rowno":3,"row":98,"routeno":"242-MA KBS-SLVR","responsecode":200,"routeparentid":2673},{"union_rowno":3,"row":99,"routeno":"242-P KBS-HVLH","responsecode":200,"routeparentid":2721},{"union_rowno":3,"row":100,"routeno":"242-TB D35G-KVH","responsecode":200,"routeparentid":2858},{"union_rowno":3,"row":101,"routeno":"243-J CVB-BVN","responsecode":200,"routeparentid":2945},{"union_rowno":3,"row":102,"routeno":"243-J VSD","responsecode":200,"routeparentid":2940},{"union_rowno":3,"row":103,"routeno":"244-C VSD","responsecode":200,"routeparentid":3447},{"union_rowno":3,"row":104,"routeno":"245-M KHC-VDHTC","responsecode":200,"routeparentid":7680},{"union_rowno":3,"row":105,"routeno":"245-Q KBS-VDH-BTH","responsecode":200,"routeparentid":6641},{"union_rowno":3,"row":106,"routeno":"245 RVTH-D35G","responsecode":200,"routeparentid":3559},{"union_rowno":3,"row":107,"routeno":"248-BB CLO-HGV","responsecode":200,"routeparentid":1605},{"union_rowno":3,"row":108,"routeno":"248-V","responsecode":200,"routeparentid":2295},{"union_rowno":3,"row":109,"routeno":"248-V D35G-STH","responsecode":200,"routeparentid":2571},{"union_rowno":3,"row":110,"routeno":"248-V KMT-D35G","responsecode":200,"routeparentid":6992},{"union_rowno":3,"row":111,"routeno":"250-S GBL-VSD-KBS","responsecode":200,"routeparentid":2781},{"union_rowno":3,"row":112,"routeno":"250-SB PSS-SVG","responsecode":200,"routeparentid":2786},{"union_rowno":3,"row":113,"routeno":"251 KBS-SVK","responsecode":200,"routeparentid":7732},{"union_rowno":3,"row":114,"routeno":"252-A SBS-KGVP","responsecode":200,"routeparentid":4685},{"union_rowno":3,"row":115,"routeno":"252 PSS-KGVP","responsecode":200,"routeparentid":4710},{"union_rowno":3,"row":116,"routeno":"253-J CVB-HGV","responsecode":200,"routeparentid":6728},{"union_rowno":3,"row":117,"routeno":"253-J HGV-VSD-KBS","responsecode":200,"routeparentid":3919},{"union_rowno":3,"row":118,"routeno":"253-J PSS-HGV","responsecode":200,"routeparentid":3920},{"union_rowno":3,"row":119,"routeno":"253-J VSD-HGV","responsecode":200,"routeparentid":3917},{"union_rowno":3,"row":120,"routeno":"253-J YPRRS-HGV","responsecode":200,"routeparentid":6766},{"union_rowno":3,"row":121,"routeno":"253-L PTML-HGV","responsecode":200,"routeparentid":3127},{"union_rowno":3,"row":122,"routeno":"253-V","responsecode":200,"routeparentid":2609},{"union_rowno":3,"row":123,"routeno":"255-A DSP-HKV","responsecode":200,"routeparentid":3179},{"union_rowno":3,"row":124,"routeno":"255-AE ALRB2-VSD-KBS","responsecode":200,"routeparentid":4145},{"union_rowno":3,"row":125,"routeno":"255AE KBS-VSD-ALRB2","responsecode":200,"routeparentid":4099},{"union_rowno":3,"row":126,"routeno":"255-D JHMS-TVHA","responsecode":200,"routeparentid":3922},{"union_rowno":3,"row":127,"routeno":"255-H DSP-GVDP","responsecode":200,"routeparentid":6006},{"union_rowno":3,"row":128,"routeno":"255-H GVP-KBS","responsecode":200,"routeparentid":4131},{"union_rowno":3,"row":129,"routeno":"256 CNS SVN-VRP","responsecode":200,"routeparentid":6160},{"union_rowno":3,"row":130,"routeno":"256-F HGV-DSP-NMG","responsecode":200,"routeparentid":4920},{"union_rowno":3,"row":131,"routeno":"256 KMT-SVP","responsecode":200,"routeparentid":3400},{"union_rowno":3,"row":132,"routeno":"257-B DSP-MDVR","responsecode":200,"routeparentid":3309},{"union_rowno":3,"row":133,"routeno":"257-C ASK-RVT","responsecode":200,"routeparentid":3310},{"union_rowno":3,"row":134,"routeno":"257-G ASK-AKMV","responsecode":200,"routeparentid":5869},{"union_rowno":3,"row":135,"routeno":"258-C KBS-VSD-NMG","responsecode":200,"routeparentid":7637},{"union_rowno":3,"row":136,"routeno":"258-C VSD FLY","responsecode":200,"routeparentid":1646},{"union_rowno":3,"row":137,"routeno":"258-DN KBS-VRNF","responsecode":200,"routeparentid":1969},{"union_rowno":3,"row":138,"routeno":"258-F KMT-SVP","responsecode":200,"routeparentid":3454},{"union_rowno":3,"row":139,"routeno":"258-G KBS-GVH","responsecode":200,"routeparentid":3421},{"union_rowno":3,"row":140,"routeno":"258 KBS-NMG-TVK","responsecode":200,"routeparentid":4102},{"union_rowno":3,"row":141,"routeno":"258-M KMT-GVS","responsecode":200,"routeparentid":3335},{"union_rowno":3,"row":142,"routeno":"258-N ASDW-VSD-KBS","responsecode":200,"routeparentid":3470},{"union_rowno":3,"row":143,"routeno":"258-N SBS-CNS SVN","responsecode":200,"routeparentid":6161},{"union_rowno":3,"row":144,"routeno":"258-N SBS-VSD-NMG","responsecode":200,"routeparentid":3869},{"union_rowno":3,"row":145,"routeno":"258 NMG-HGV","responsecode":200,"routeparentid":5193},{"union_rowno":3,"row":146,"routeno":"258-SA VKP-KBS","responsecode":200,"routeparentid":3536},{"union_rowno":3,"row":147,"routeno":"258-V","responsecode":200,"routeparentid":2032},{"union_rowno":3,"row":148,"routeno":"258-V KBS-GRH","responsecode":200,"routeparentid":3515},{"union_rowno":3,"row":149,"routeno":"258-VA","responsecode":200,"routeparentid":2033},{"union_rowno":3,"row":150,"routeno":"258-VB","responsecode":200,"routeparentid":2035},{"union_rowno":3,"row":151,"routeno":"258-VC","responsecode":200,"routeparentid":2070},{"union_rowno":3,"row":152,"routeno":"258-VD","responsecode":200,"routeparentid":6067},{"union_rowno":3,"row":153,"routeno":"258-VF","responsecode":200,"routeparentid":2075},{"union_rowno":3,"row":154,"routeno":"258-VG","responsecode":200,"routeparentid":6058},{"union_rowno":3,"row":155,"routeno":"25-B AGL-VSD","responsecode":200,"routeparentid":6863},{"union_rowno":3,"row":156,"routeno":"265-D PSS-VGN","responsecode":200,"routeparentid":3629},{"union_rowno":3,"row":157,"routeno":"265-D SBS-VSD-VGN","responsecode":200,"routeparentid":3638},{"union_rowno":3,"row":158,"routeno":"266-D HGV-KBS","responsecode":200,"routeparentid":4302},{"union_rowno":3,"row":159,"routeno":"266 D45G-SVK-HSG","responsecode":200,"routeparentid":6626},{"union_rowno":3,"row":160,"routeno":"266 HGV-MTK-SBS","responsecode":200,"routeparentid":6839},{"union_rowno":3,"row":161,"routeno":"266 KBS-HGV","responsecode":200,"routeparentid":4142},{"union_rowno":3,"row":162,"routeno":"266 KMT-VSD-HGV","responsecode":200,"routeparentid":3678},{"union_rowno":3,"row":163,"routeno":"269-A KMT-RCP-VRP","responsecode":200,"routeparentid":4260},{"union_rowno":3,"row":164,"routeno":"271-A KBS-VSD-ABG","responsecode":200,"routeparentid":3908},{"union_rowno":3,"row":165,"routeno":"271-B KMT-2KVP","responsecode":200,"routeparentid":4765},{"union_rowno":3,"row":166,"routeno":"271-C KBS-VSD-SGP","responsecode":200,"routeparentid":4282},{"union_rowno":3,"row":167,"routeno":"271-F KMT-HGV","responsecode":200,"routeparentid":4779},{"union_rowno":3,"row":168,"routeno":"271-F KMT-VSD-CKB","responsecode":200,"routeparentid":3904},{"union_rowno":3,"row":169,"routeno":"271-F-SNBS-HGV","responsecode":200,"routeparentid":4724},{"union_rowno":3,"row":170,"routeno":"271-K MTK-VSD-KBS","responsecode":200,"routeparentid":6618},{"union_rowno":3,"row":171,"routeno":"271-K VSD","responsecode":200,"routeparentid":3462},{"union_rowno":3,"row":172,"routeno":"273-H KBS-VSD-JHC","responsecode":200,"routeparentid":4818},{"union_rowno":3,"row":173,"routeno":"276-A SBS-VRP-D45","responsecode":200,"routeparentid":2556},{"union_rowno":3,"row":174,"routeno":"276-B D45G-VPP","responsecode":200,"routeparentid":2565},{"union_rowno":3,"row":175,"routeno":"276 D45-VRP-KBS","responsecode":200,"routeparentid":2107},{"union_rowno":3,"row":176,"routeno":"276 D45-VRP-KMT","responsecode":200,"routeparentid":3673},{"union_rowno":3,"row":177,"routeno":"276-E KMT-MTK-VRP-D45","responsecode":200,"routeparentid":6308},{"union_rowno":3,"row":178,"routeno":"276 KBS-VRP-D45G","responsecode":200,"routeparentid":4204},{"union_rowno":3,"row":179,"routeno":"276 KBS-VRP-MSP","responsecode":200,"routeparentid":5090},{"union_rowno":3,"row":180,"routeno":"276 PTH-VRP-KBS","responsecode":200,"routeparentid":2835},{"union_rowno":3,"row":181,"routeno":"276 SNBS-VRP","responsecode":200,"routeparentid":3260},{"union_rowno":3,"row":182,"routeno":"276 VSD","responsecode":200,"routeparentid":2109},{"union_rowno":3,"row":183,"routeno":"276 VSD-MKC-VRP-MSP","responsecode":200,"routeparentid":7692},{"union_rowno":3,"row":184,"routeno":"279-A HBL-VSD-KMT","responsecode":200,"routeparentid":7701},{"union_rowno":3,"row":185,"routeno":"279-E KBS-VSD-HBL","responsecode":200,"routeparentid":4327},{"union_rowno":3,"row":186,"routeno":"27 BTT-VSD-SBS","responsecode":200,"routeparentid":7620},{"union_rowno":3,"row":187,"routeno":"27-E JNN-VSD-SBS","responsecode":200,"routeparentid":1770},{"union_rowno":3,"row":188,"routeno":"282B D52G-VNC-YHKOT","responsecode":200,"routeparentid":7481},{"union_rowno":3,"row":189,"routeno":"282-D KBS-VVC","responsecode":200,"routeparentid":3643},{"union_rowno":3,"row":190,"routeno":"282-D PTH-VVC","responsecode":200,"routeparentid":3698},{"union_rowno":3,"row":191,"routeno":"282 HBLB-VNC-D52G","responsecode":200,"routeparentid":7462},{"union_rowno":3,"row":192,"routeno":"282 KBS-VNC-D52G","responsecode":200,"routeparentid":7458},{"union_rowno":3,"row":193,"routeno":"282 KMT-VNC-D52G","responsecode":200,"routeparentid":7629},{"union_rowno":3,"row":194,"routeno":"284-C CVB-JDLO","responsecode":200,"routeparentid":2451},{"union_rowno":3,"row":195,"routeno":"284-C JLOW-VSD-KBS","responsecode":200,"routeparentid":4546},{"union_rowno":3,"row":196,"routeno":"284-C VSD-JLOW","responsecode":200,"routeparentid":4542},{"union_rowno":3,"row":197,"routeno":"284-KA KBS-VSD-JSNL","responsecode":200,"routeparentid":1297},{"union_rowno":3,"row":198,"routeno":"284 KBS-KVRY","responsecode":200,"routeparentid":4490},{"union_rowno":3,"row":199,"routeno":"284 KMT-KVRY","responsecode":200,"routeparentid":5976},{"union_rowno":3,"row":200,"routeno":"284 SBS-RTN-VNS","responsecode":200,"routeparentid":4113},{"union_rowno":3,"row":201,"routeno":"284 VNS-YHKOT","responsecode":200,"routeparentid":3075},{"union_rowno":3,"row":202,"routeno":"284 YHKOT-VYKL-CLO","responsecode":200,"routeparentid":2881},{"union_rowno":3,"row":203,"routeno":"285-E KBS-KKLV","responsecode":200,"routeparentid":7185},{"union_rowno":3,"row":204,"routeno":"285-JE DYVH-KBS","responsecode":200,"routeparentid":4066},{"union_rowno":3,"row":205,"routeno":"285-JE PTML-DYVH","responsecode":200,"routeparentid":4067},{"union_rowno":3,"row":206,"routeno":"285-K PTMT-CVB-KBS","responsecode":200,"routeparentid":7336},{"union_rowno":3,"row":207,"routeno":"285 KBS-VPSH","responsecode":200,"routeparentid":1192},{"union_rowno":3,"row":208,"routeno":"285-M KBS-DVH","responsecode":200,"routeparentid":2446},{"union_rowno":3,"row":209,"routeno":"285-M PTML-DVH","responsecode":200,"routeparentid":2445},{"union_rowno":3,"row":210,"routeno":"285-MA KMT-CVB-PTML","responsecode":200,"routeparentid":7187},{"union_rowno":3,"row":211,"routeno":"285-MA PTML-CVB","responsecode":200,"routeparentid":1260},{"union_rowno":3,"row":212,"routeno":"285 SRN-KBS-GKVK","responsecode":200,"routeparentid":1077},{"union_rowno":3,"row":213,"routeno":"285-V","responsecode":200,"routeparentid":2046},{"union_rowno":3,"row":214,"routeno":"286-AB CVB-SVN","responsecode":200,"routeparentid":2455},{"union_rowno":3,"row":215,"routeno":"286-AB PTML-SVN","responsecode":200,"routeparentid":2453},{"union_rowno":3,"row":216,"routeno":"286-E PTH-SVKTN","responsecode":200,"routeparentid":1516},{"union_rowno":3,"row":217,"routeno":"286-E SVKTN-KBS","responsecode":200,"routeparentid":1517},{"union_rowno":3,"row":218,"routeno":"286-F KBS-VSD-KNP","responsecode":200,"routeparentid":6267},{"union_rowno":3,"row":219,"routeno":"286-F VSD-KNP","responsecode":200,"routeparentid":4313},{"union_rowno":3,"row":220,"routeno":"288-G KBS-VSD-KDHCBC","responsecode":200,"routeparentid":5973},{"union_rowno":3,"row":221,"routeno":"288-G VSD-KDHCB","responsecode":200,"routeparentid":4695},{"union_rowno":3,"row":222,"routeno":"288-HV","responsecode":200,"routeparentid":4180},{"union_rowno":3,"row":223,"routeno":"288-HV D45G-HBL","responsecode":200,"routeparentid":4201},{"union_rowno":3,"row":224,"routeno":"288 KBS-VSD-TDL","responsecode":200,"routeparentid":6615},{"union_rowno":3,"row":225,"routeno":"288 KDH-KBS-VSD","responsecode":200,"routeparentid":6616},{"union_rowno":3,"row":226,"routeno":"288 VSD-TDL","responsecode":200,"routeparentid":4684},{"union_rowno":3,"row":227,"routeno":"289-AV","responsecode":200,"routeparentid":3779},{"union_rowno":3,"row":228,"routeno":"289-L PTH-MVJ","responsecode":200,"routeparentid":6727},{"union_rowno":3,"row":229,"routeno":"290 CHLS-HBL-KVB","responsecode":200,"routeparentid":4663},{"union_rowno":3,"row":230,"routeno":"290-EB SBS-VRP","responsecode":200,"routeparentid":6684},{"union_rowno":3,"row":231,"routeno":"293 KBS-HNRC-SVPS","responsecode":200,"routeparentid":6224},{"union_rowno":3,"row":232,"routeno":"293 KBS-SVPS","responsecode":200,"routeparentid":7420},{"union_rowno":3,"row":233,"routeno":"293-S D10G-BGLV","responsecode":200,"routeparentid":4299},{"union_rowno":3,"row":234,"routeno":"293 SBS-HNRC-SVPS","responsecode":200,"routeparentid":6225},{"union_rowno":3,"row":235,"routeno":"293-SD KBS-DVH-DBP","responsecode":200,"routeparentid":5055},{"union_rowno":3,"row":236,"routeno":"293 SVPS-KBS","responsecode":200,"routeparentid":5355},{"union_rowno":3,"row":237,"routeno":"296-M DVH-IIBSC","responsecode":200,"routeparentid":5215},{"union_rowno":3,"row":238,"routeno":"297-B DVGH-KBS","responsecode":200,"routeparentid":4050},{"union_rowno":3,"row":239,"routeno":"297-F YHKOT-BVP","responsecode":200,"routeparentid":4549},{"union_rowno":3,"row":240,"routeno":"297-J DVH-DBP","responsecode":200,"routeparentid":6748},{"union_rowno":3,"row":241,"routeno":"297-K KMT-VNP","responsecode":200,"routeparentid":4566},{"union_rowno":3,"row":242,"routeno":"297-K PTH-VNP","responsecode":200,"routeparentid":6300},{"union_rowno":3,"row":243,"routeno":"297-K VNP-KBS","responsecode":200,"routeparentid":4561},{"union_rowno":3,"row":244,"routeno":"298-A KMT-AGO-UNV","responsecode":200,"routeparentid":6270},{"union_rowno":3,"row":245,"routeno":"298-M DVH-HRH-VJP","responsecode":200,"routeparentid":6963},{"union_rowno":3,"row":246,"routeno":"298-M DVH-VSD-KBS","responsecode":200,"routeparentid":5942},{"union_rowno":3,"row":247,"routeno":"298-M HBLB-DVH","responsecode":200,"routeparentid":6650},{"union_rowno":3,"row":248,"routeno":"298-M KBS-VTHM","responsecode":200,"routeparentid":6065},{"union_rowno":3,"row":249,"routeno":"298-M KMT-DVH","responsecode":200,"routeparentid":3696},{"union_rowno":3,"row":250,"routeno":"298-M PTH-DVH","responsecode":200,"routeparentid":1487},{"union_rowno":3,"row":251,"routeno":"298-M PTML-DVH","responsecode":200,"routeparentid":4061},{"union_rowno":3,"row":252,"routeno":"298-M VSD-DVH","responsecode":200,"routeparentid":5088},{"union_rowno":3,"row":253,"routeno":"298-M YHK-DVHOB","responsecode":200,"routeparentid":3822},{"union_rowno":3,"row":254,"routeno":"298-M YSTF-DVHOB","responsecode":200,"routeparentid":3534},{"union_rowno":3,"row":255,"routeno":"298-MC YHK-VJP","responsecode":200,"routeparentid":5155},{"union_rowno":3,"row":256,"routeno":"298-MP HBLB-VJP","responsecode":200,"routeparentid":7294},{"union_rowno":3,"row":257,"routeno":"298-MP KBS-HRH-VJP","responsecode":200,"routeparentid":7425},{"union_rowno":3,"row":258,"routeno":"298-MV","responsecode":200,"routeparentid":2639},{"union_rowno":3,"row":259,"routeno":"298-MV VJP-DVH-DBP","responsecode":200,"routeparentid":1351},{"union_rowno":3,"row":260,"routeno":"298-MV YHKOT-VJP","responsecode":200,"routeparentid":6439},{"union_rowno":3,"row":261,"routeno":"298-P HSK-NGNH-DVH","responsecode":200,"routeparentid":5188},{"union_rowno":3,"row":262,"routeno":"298 SBS-DVH","responsecode":200,"routeparentid":4346},{"union_rowno":3,"row":263,"routeno":"298-V","responsecode":200,"routeparentid":5167},{"union_rowno":3,"row":264,"routeno":"298-Y KBS-YLR-VJP","responsecode":200,"routeparentid":6556},{"union_rowno":3,"row":265,"routeno":"298-Y VJP-YLR-YHKOT","responsecode":200,"routeparentid":6557},{"union_rowno":3,"row":266,"routeno":"298-Z YHK-VJP","responsecode":200,"routeparentid":5207},{"union_rowno":3,"row":267,"routeno":"2-E  JPN6-VSD","responsecode":200,"routeparentid":3508},{"union_rowno":3,"row":268,"routeno":"2KVP-JHE","responsecode":200,"routeparentid":4767},{"union_rowno":3,"row":269,"routeno":"300-E KRPGH-SMVR","responsecode":200,"routeparentid":7028},{"union_rowno":3,"row":270,"routeno":"300-MV","responsecode":200,"routeparentid":2725},{"union_rowno":3,"row":271,"routeno":"300-MV SBS-SMVT","responsecode":200,"routeparentid":6268},{"union_rowno":3,"row":272,"routeno":"301-A VSD-NRIL","responsecode":200,"routeparentid":5849},{"union_rowno":3,"row":273,"routeno":"302-C KMT-SVPS","responsecode":200,"routeparentid":6744},{"union_rowno":3,"row":274,"routeno":"302 SBS-SVPSH","responsecode":200,"routeparentid":5358},{"union_rowno":3,"row":275,"routeno":"304 BSK-DVG","responsecode":200,"routeparentid":4910},{"union_rowno":3,"row":276,"routeno":"304-V","responsecode":200,"routeparentid":2403},{"union_rowno":3,"row":277,"routeno":"304-V D47G-SNP","responsecode":200,"routeparentid":2941},{"union_rowno":3,"row":278,"routeno":"304-V MDR-CKT","responsecode":200,"routeparentid":2905},{"union_rowno":3,"row":279,"routeno":"304-VA","responsecode":200,"routeparentid":2423},{"union_rowno":3,"row":280,"routeno":"304-VB","responsecode":200,"routeparentid":2426},{"union_rowno":3,"row":281,"routeno":"304-VB D24G-CKT","responsecode":200,"routeparentid":2916},{"union_rowno":3,"row":282,"routeno":"304-VB D24G-ITIG-TIF-CKTP","responsecode":200,"routeparentid":6642},{"union_rowno":3,"row":283,"routeno":"304-VK","responsecode":200,"routeparentid":2427},{"union_rowno":3,"row":284,"routeno":"304-VS","responsecode":200,"routeparentid":3879},{"union_rowno":3,"row":285,"routeno":"305-D KBS-VSD-CNS","responsecode":200,"routeparentid":5500},{"union_rowno":3,"row":286,"routeno":"305-F D24G-NDVC","responsecode":200,"routeparentid":2972},{"union_rowno":3,"row":287,"routeno":"305-F NDVC-GGP","responsecode":200,"routeparentid":2970},{"union_rowno":3,"row":288,"routeno":"305-V","responsecode":200,"routeparentid":3008},{"union_rowno":3,"row":289,"routeno":"305-V D24G-DVPC","responsecode":200,"routeparentid":6351},{"union_rowno":3,"row":290,"routeno":"306 D24G-DVG","responsecode":200,"routeparentid":3069},{"union_rowno":3,"row":291,"routeno":"306 D47G-DVG","responsecode":200,"routeparentid":3011},{"union_rowno":3,"row":292,"routeno":"306 DVG-HSK","responsecode":200,"routeparentid":3746},{"union_rowno":3,"row":293,"routeno":"307-A MDR-VRH","responsecode":200,"routeparentid":6770},{"union_rowno":3,"row":294,"routeno":"307-C KBS-VGBDAN","responsecode":200,"routeparentid":3289},{"union_rowno":3,"row":295,"routeno":"310 SMVR-KRPGH","responsecode":200,"routeparentid":3992},{"union_rowno":3,"row":296,"routeno":"311-E KBS-VSD-AMT","responsecode":200,"routeparentid":3847},{"union_rowno":3,"row":297,"routeno":"313-J TNF-MVJ","responsecode":200,"routeparentid":3121},{"union_rowno":3,"row":298,"routeno":"313-T SVM-TCP","responsecode":200,"routeparentid":5863},{"union_rowno":3,"row":299,"routeno":"314-B DPJN-CVRN","responsecode":200,"routeparentid":4121},{"union_rowno":3,"row":300,"routeno":"314-B KBS-CVRNRG","responsecode":200,"routeparentid":6248},{"union_rowno":3,"row":301,"routeno":"314-D06G-NGVP","responsecode":200,"routeparentid":3135},{"union_rowno":3,"row":302,"routeno":"314-T D06G-VBP","responsecode":200,"routeparentid":3498},{"union_rowno":3,"row":303,"routeno":"314-T RMN-VSD-KBS","responsecode":200,"routeparentid":5425},{"union_rowno":3,"row":304,"routeno":"314-T VSD-RMN","responsecode":200,"routeparentid":4890},{"union_rowno":3,"row":305,"routeno":"315 KBS-VSD-KRPGH","responsecode":200,"routeparentid":6355},{"union_rowno":3,"row":306,"routeno":"315-MF CVB-KHCQ-RMN-D24","responsecode":200,"routeparentid":6922},{"union_rowno":3,"row":307,"routeno":"315 VSD-KRPE","responsecode":200,"routeparentid":7368},{"union_rowno":3,"row":308,"routeno":"316-V","responsecode":200,"routeparentid":3215},{"union_rowno":3,"row":309,"routeno":"316-Y D24G-DVH","responsecode":200,"routeparentid":7170},{"union_rowno":3,"row":310,"routeno":"316-Y KRP-DVH","responsecode":200,"routeparentid":3218},{"union_rowno":3,"row":311,"routeno":"317-A KBS-VSD-HSK","responsecode":200,"routeparentid":2812},{"union_rowno":3,"row":312,"routeno":"317-G VSD-HSK","responsecode":200,"routeparentid":5856},{"union_rowno":3,"row":313,"routeno":"317 KVUL-TNF-KRPGH","responsecode":200,"routeparentid":7381},{"union_rowno":3,"row":314,"routeno":"317-V","responsecode":200,"routeparentid":3250},{"union_rowno":3,"row":315,"routeno":"317-V D39G-NDV","responsecode":200,"routeparentid":7733},{"union_rowno":3,"row":316,"routeno":"319-G SVMS-KDG","responsecode":200,"routeparentid":4595},{"union_rowno":3,"row":317,"routeno":"31 NRC-VSD-KBS","responsecode":200,"routeparentid":4963},{"union_rowno":3,"row":318,"routeno":"328-E D41G-VLP","responsecode":200,"routeparentid":3435},{"union_rowno":3,"row":319,"routeno":"328-H ATB-SVMS","responsecode":200,"routeparentid":5886},{"union_rowno":3,"row":320,"routeno":"328-HK VTR-SVMS","responsecode":200,"routeparentid":7342},{"union_rowno":3,"row":321,"routeno":"330-G DNV-D41G","responsecode":200,"routeparentid":3817},{"union_rowno":3,"row":322,"routeno":"330-G KVDRDO-SBS","responsecode":200,"routeparentid":7198},{"union_rowno":3,"row":323,"routeno":"333-L KDG-KBS-TVK","responsecode":200,"routeparentid":5742},{"union_rowno":3,"row":324,"routeno":"335-E KDG-KVDRDO","responsecode":200,"routeparentid":7196},{"union_rowno":3,"row":325,"routeno":"335-EV","responsecode":200,"routeparentid":3068},{"union_rowno":3,"row":326,"routeno":"342D D42G-VRT","responsecode":200,"routeparentid":6852},{"union_rowno":3,"row":327,"routeno":"342-F KBS-VSD-SJP","responsecode":200,"routeparentid":5698},{"union_rowno":3,"row":328,"routeno":"342-F SJP-KVS","responsecode":200,"routeparentid":5499},{"union_rowno":3,"row":329,"routeno":"342F PGP-VSD","responsecode":200,"routeparentid":7568},{"union_rowno":3,"row":330,"routeno":"342-J D42G-VGK","responsecode":200,"routeparentid":6828},{"union_rowno":3,"row":331,"routeno":"342-V","responsecode":200,"routeparentid":3323},{"union_rowno":3,"row":332,"routeno":"355 D38-BMSV","responsecode":200,"routeparentid":6958},{"union_rowno":3,"row":333,"routeno":"35 VSD-KMT-KSGP","responsecode":200,"routeparentid":2133},{"union_rowno":3,"row":334,"routeno":"360-B VTTMC-KBS-ATB","responsecode":200,"routeparentid":3568},{"union_rowno":3,"row":335,"routeno":"360 VTTMC-KMT-ATB","responsecode":200,"routeparentid":3591},{"union_rowno":3,"row":336,"routeno":"361-C FLYOVER","responsecode":200,"routeparentid":2866},{"union_rowno":3,"row":337,"routeno":"364-G KBS-VSD-KCH","responsecode":200,"routeparentid":4453},{"union_rowno":3,"row":338,"routeno":"365-D BVH-D34","responsecode":200,"routeparentid":4386},{"union_rowno":3,"row":339,"routeno":"365-J KBS-JGN-UAV","responsecode":200,"routeparentid":5487},{"union_rowno":3,"row":340,"routeno":"365-J KBS-VSD-D27","responsecode":200,"routeparentid":5898},{"union_rowno":3,"row":341,"routeno":"365-J VSD-D27","responsecode":200,"routeparentid":3762},{"union_rowno":3,"row":342,"routeno":"365-J VSD-JACP","responsecode":200,"routeparentid":7621},{"union_rowno":3,"row":343,"routeno":"369-K VSD-DLF","responsecode":200,"routeparentid":4423},{"union_rowno":3,"row":344,"routeno":"36-B VSD","responsecode":200,"routeparentid":4347},{"union_rowno":3,"row":345,"routeno":"36 KBS-VSD-SNR","responsecode":200,"routeparentid":6971},{"union_rowno":3,"row":346,"routeno":"36 VSD","responsecode":200,"routeparentid":3790},{"union_rowno":3,"row":347,"routeno":"36 VSD-KMTFLY-SRN","responsecode":200,"routeparentid":6170},{"union_rowno":3,"row":348,"routeno":"374-N D35G-TVK-NML","responsecode":200,"routeparentid":4314},{"union_rowno":3,"row":349,"routeno":"375-D BSK-JVS","responsecode":200,"routeparentid":5466},{"union_rowno":3,"row":350,"routeno":"381-C HSK-NGRH-VJP","responsecode":200,"routeparentid":6290},{"union_rowno":3,"row":351,"routeno":"399 KDG-MVM","responsecode":200,"routeparentid":5947},{"union_rowno":3,"row":352,"routeno":"399 MVSM-KDG","responsecode":200,"routeparentid":5294},{"union_rowno":3,"row":353,"routeno":"401AM DVH-MSP","responsecode":200,"routeparentid":7398},{"union_rowno":3,"row":354,"routeno":"401-B VNS-HBL-YTTMC-HPN","responsecode":200,"routeparentid":7490},{"union_rowno":3,"row":355,"routeno":"401-B YBS-VNS","responsecode":200,"routeparentid":3079},{"union_rowno":3,"row":356,"routeno":"401-K D31G-GKVK","responsecode":200,"routeparentid":1562},{"union_rowno":3,"row":357,"routeno":"401-K PTH-VRP-YTTMC-KGR","responsecode":200,"routeparentid":7383},{"union_rowno":3,"row":358,"routeno":"401-K VTTMC-BDD","responsecode":200,"routeparentid":4379},{"union_rowno":3,"row":359,"routeno":"401-KB VJN-RRMC","responsecode":200,"routeparentid":5414},{"union_rowno":3,"row":360,"routeno":"401-VK","responsecode":200,"routeparentid":3444},{"union_rowno":3,"row":361,"routeno":"402-B YSTF-VSD-SBS","responsecode":200,"routeparentid":6304},{"union_rowno":3,"row":362,"routeno":"402-D CVB-YSTF","responsecode":200,"routeparentid":1189},{"union_rowno":3,"row":363,"routeno":"402-D JLOW-VSD-SBS","responsecode":200,"routeparentid":1330},{"union_rowno":3,"row":364,"routeno":"402-D KBS-VSD-YSTF","responsecode":200,"routeparentid":1186},{"union_rowno":3,"row":365,"routeno":"406 NES-BRPR-HGV","responsecode":200,"routeparentid":7174},{"union_rowno":3,"row":366,"routeno":"406 PTML-BRPR-HGV","responsecode":200,"routeparentid":7183},{"union_rowno":3,"row":367,"routeno":"410-FC BSK-TVK","responsecode":200,"routeparentid":2230},{"union_rowno":3,"row":368,"routeno":"410K BSK-VDN","responsecode":200,"routeparentid":7574},{"union_rowno":3,"row":369,"routeno":"410 KGVP-BMH","responsecode":200,"routeparentid":4697},{"union_rowno":3,"row":370,"routeno":"411-A CSB-MVW-HALNPS","responsecode":200,"routeparentid":6031},{"union_rowno":3,"row":371,"routeno":"415-B KBS-VSD-VNH","responsecode":200,"routeparentid":6192},{"union_rowno":3,"row":372,"routeno":"415 BVSN-SBS","responsecode":200,"routeparentid":6375},{"union_rowno":3,"row":373,"routeno":"415-H KBS-VSD-AJB","responsecode":200,"routeparentid":6928},{"union_rowno":3,"row":374,"routeno":"415-H KBS-VSD-MNP-AJB","responsecode":200,"routeparentid":6931},{"union_rowno":3,"row":375,"routeno":"43-A VPC-VSD-KBS","responsecode":200,"routeparentid":2953},{"union_rowno":3,"row":376,"routeno":"43-A VSD-VKNN","responsecode":200,"routeparentid":2958},{"union_rowno":3,"row":377,"routeno":"43-D PPLO-VBN","responsecode":200,"routeparentid":3149},{"union_rowno":3,"row":378,"routeno":"43-J VSD-HKLO","responsecode":200,"routeparentid":3165},{"union_rowno":3,"row":379,"routeno":"45-B BSK-BVN","responsecode":200,"routeparentid":3174},{"union_rowno":3,"row":380,"routeno":"45-B VSD-BVN","responsecode":200,"routeparentid":3177},{"union_rowno":3,"row":381,"routeno":"49 BDVN-KBS","responsecode":200,"routeparentid":4205},{"union_rowno":3,"row":382,"routeno":"500-D GKVK-CSB","responsecode":200,"routeparentid":1080},{"union_rowno":3,"row":383,"routeno":"500-FB BSK-VRTK-KDG","responsecode":200,"routeparentid":1028},{"union_rowno":3,"row":384,"routeno":"500-Q VNS-TNF-KRPGH","responsecode":200,"routeparentid":5512},{"union_rowno":3,"row":385,"routeno":"500-Q VNSH-CJP","responsecode":200,"routeparentid":5053},{"union_rowno":3,"row":386,"routeno":"500-QG GGP-KVUL","responsecode":200,"routeparentid":7380},{"union_rowno":3,"row":387,"routeno":"501-A D45G-VRP-HBL-KNG-BSK","responsecode":200,"routeparentid":6730},{"union_rowno":3,"row":388,"routeno":"501-A VNS-GGP-ITIL","responsecode":200,"routeparentid":5656},{"union_rowno":3,"row":389,"routeno":"501-A VRP-HBL-KNG-BSK","responsecode":200,"routeparentid":5567},{"union_rowno":3,"row":390,"routeno":"502-E ANPN-GKVK","responsecode":200,"routeparentid":3379},{"union_rowno":3,"row":391,"routeno":"502-K  KVK-KGR","responsecode":200,"routeparentid":6302},{"union_rowno":3,"row":392,"routeno":"502-V","responsecode":200,"routeparentid":3406},{"union_rowno":3,"row":393,"routeno":"506 TNF-DVG","responsecode":200,"routeparentid":3688},{"union_rowno":3,"row":394,"routeno":"507-C VRP-KRPMS","responsecode":200,"routeparentid":6686},{"union_rowno":3,"row":395,"routeno":"507 KRPGH-YTTMC-BEMLJVS","responsecode":200,"routeparentid":3953},{"union_rowno":3,"row":396,"routeno":"507-VK","responsecode":200,"routeparentid":5529},{"union_rowno":3,"row":397,"routeno":"507 VNS-HBLB","responsecode":200,"routeparentid":2984},{"union_rowno":3,"row":398,"routeno":"50 BNR-SBS Flyover","responsecode":200,"routeparentid":6273},{"union_rowno":3,"row":399,"routeno":"600-F ATB-BSK-VLS","responsecode":200,"routeparentid":5194},{"union_rowno":3,"row":400,"routeno":"600-F FLYOVER","responsecode":200,"routeparentid":1509},{"union_rowno":3,"row":401,"routeno":"60-A MRNB-VTN","responsecode":200,"routeparentid":7361},{"union_rowno":3,"row":402,"routeno":"60-A VPS-MRH","responsecode":200,"routeparentid":4210},{"union_rowno":3,"row":403,"routeno":"60-A VTTMC-MRB","responsecode":200,"routeparentid":2827},{"union_rowno":3,"row":404,"routeno":"60-E BRVN-KVN","responsecode":200,"routeparentid":6816},{"union_rowno":3,"row":405,"routeno":"60-J VJN-KRM1","responsecode":200,"routeparentid":4166},{"union_rowno":3,"row":406,"routeno":"79-E NLO-VSD-SBS-MYH","responsecode":200,"routeparentid":4982},{"union_rowno":3,"row":407,"routeno":"79E VSD-NLO","responsecode":200,"routeparentid":4985},{"union_rowno":3,"row":408,"routeno":"79-G VSD-VSDLO","responsecode":200,"routeparentid":4317},{"union_rowno":3,"row":409,"routeno":"79-G VSDLO-VSD-SBS","responsecode":200,"routeparentid":4306},{"union_rowno":3,"row":410,"routeno":"79-K SBS-CVN","responsecode":200,"routeparentid":6286},{"union_rowno":3,"row":411,"routeno":"80-A NLO-KDC-VSD-IXP","responsecode":200,"routeparentid":4946},{"union_rowno":3,"row":412,"routeno":"80-D SBS-VSD-KBS-RBJN","responsecode":200,"routeparentid":5235},{"union_rowno":3,"row":413,"routeno":"82-A YTTMC-VSD-KBS","responsecode":200,"routeparentid":6093},{"union_rowno":3,"row":414,"routeno":"88-A BSN-CVN","responsecode":200,"routeparentid":5082},{"union_rowno":3,"row":415,"routeno":"88-B BSN-VSD-KBS","responsecode":200,"routeparentid":4265},{"union_rowno":3,"row":416,"routeno":"89-A YTTMC-CVN","responsecode":200,"routeparentid":1765},{"union_rowno":3,"row":417,"routeno":"89-C SMH-CVN","responsecode":200,"routeparentid":3477},{"union_rowno":3,"row":418,"routeno":"89-CKBS-VSD-CVN","responsecode":200,"routeparentid":4908},{"union_rowno":3,"row":419,"routeno":"89-E SNBS-CVN","responsecode":200,"routeparentid":4913},{"union_rowno":3,"row":420,"routeno":"94 SBS-VSD-CJP","responsecode":200,"routeparentid":6153},{"union_rowno":3,"row":421,"routeno":"96-B VSD","responsecode":200,"routeparentid":3506},{"union_rowno":3,"row":422,"routeno":"96-B VSD-KBS-SKRNBS","responsecode":200,"routeparentid":4872},{"union_rowno":3,"row":423,"routeno":"96-E BEMLK-VSD-KBS","responsecode":200,"routeparentid":4868},{"union_rowno":3,"row":424,"routeno":"98-F YTTMC-GGP-VSL","responsecode":200,"routeparentid":4955},{"union_rowno":3,"row":425,"routeno":"ARMPS-SMVRS","responsecode":200,"routeparentid":7253},{"union_rowno":3,"row":426,"routeno":"AVS-1","responsecode":200,"routeparentid":4853},{"union_rowno":3,"row":427,"routeno":"BEMLJVS A-6","responsecode":200,"routeparentid":3946},{"union_rowno":3,"row":428,"routeno":"BEMLJVS B-6","responsecode":200,"routeparentid":3943},{"union_rowno":3,"row":429,"routeno":"BRGD-KVASC","responsecode":200,"routeparentid":6365},{"union_rowno":3,"row":430,"routeno":"BSK-VNICGM","responsecode":200,"routeparentid":7212},{"union_rowno":3,"row":431,"routeno":"BTP-SVM","responsecode":200,"routeparentid":4947},{"union_rowno":3,"row":432,"routeno":"BTP-SVM-SBS","responsecode":200,"routeparentid":5246},{"union_rowno":3,"row":433,"routeno":"Chakra-16A KVUL-DNK","responsecode":200,"routeparentid":7540},{"union_rowno":3,"row":434,"routeno":"CLO-VNK","responsecode":200,"routeparentid":7735},{"union_rowno":3,"row":435,"routeno":"CNS SVN-01","responsecode":200,"routeparentid":4506},{"union_rowno":3,"row":436,"routeno":"CNS SVN-1","responsecode":200,"routeparentid":6163},{"union_rowno":3,"row":437,"routeno":"D11-YSTVP","responsecode":200,"routeparentid":4614},{"union_rowno":3,"row":438,"routeno":"D12G-BSVG","responsecode":200,"routeparentid":5343},{"union_rowno":3,"row":439,"routeno":"D14G-VSE","responsecode":200,"routeparentid":7287},{"union_rowno":3,"row":440,"routeno":"D31G-MCCVN","responsecode":200,"routeparentid":5472},{"union_rowno":3,"row":441,"routeno":"D31G-NBV11","responsecode":200,"routeparentid":6157},{"union_rowno":3,"row":442,"routeno":"D31G-VGN","responsecode":200,"routeparentid":5482},{"union_rowno":3,"row":443,"routeno":"D31G-VSDLO","responsecode":200,"routeparentid":4291},{"union_rowno":3,"row":444,"routeno":"D34G-HLMV","responsecode":200,"routeparentid":4457},{"union_rowno":3,"row":445,"routeno":"D35G-AVH","responsecode":200,"routeparentid":4383},{"union_rowno":3,"row":446,"routeno":"D43-SVP","responsecode":200,"routeparentid":3398},{"union_rowno":3,"row":447,"routeno":"D45G-HGV","responsecode":200,"routeparentid":3614},{"union_rowno":3,"row":448,"routeno":"D45G-MKC-RMG-VSD KBS","responsecode":200,"routeparentid":7693},{"union_rowno":3,"row":449,"routeno":"D45G-VRP","responsecode":200,"routeparentid":6284},{"union_rowno":3,"row":450,"routeno":"D45-VRP","responsecode":200,"routeparentid":7301},{"union_rowno":3,"row":451,"routeno":"D50-DVHNBS","responsecode":200,"routeparentid":2611},{"union_rowno":3,"row":452,"routeno":"D50-DVHOBS","responsecode":200,"routeparentid":3217},{"union_rowno":3,"row":453,"routeno":"D51G-VRKD","responsecode":200,"routeparentid":6831},{"union_rowno":3,"row":454,"routeno":"D6G-CVRN","responsecode":200,"routeparentid":1796},{"union_rowno":3,"row":455,"routeno":"D6G-KVB","responsecode":200,"routeparentid":5551},{"union_rowno":3,"row":456,"routeno":"D6G-SMVR","responsecode":200,"routeparentid":2728},{"union_rowno":3,"row":457,"routeno":"D9-KVP","responsecode":200,"routeparentid":6301},{"union_rowno":3,"row":458,"routeno":"DPJN-BRDVN","responsecode":200,"routeparentid":4085},{"union_rowno":3,"row":459,"routeno":"DSC HAL-CVR","responsecode":200,"routeparentid":6362},{"union_rowno":3,"row":460,"routeno":"DVH-KDGK-KHR","responsecode":200,"routeparentid":7019},{"union_rowno":3,"row":461,"routeno":"G-2 MGR-NGV","responsecode":200,"routeparentid":7511},{"union_rowno":3,"row":462,"routeno":"G-2 NGVJ-SJP","responsecode":200,"routeparentid":7509},{"union_rowno":3,"row":463,"routeno":"G-6 FLYOVER","responsecode":200,"routeparentid":3984},{"union_rowno":3,"row":464,"routeno":"HAL PV-1","responsecode":200,"routeparentid":5474},{"union_rowno":3,"row":465,"routeno":"HAL PV-10","responsecode":200,"routeparentid":7575},{"union_rowno":3,"row":466,"routeno":"HAL PV-17","responsecode":200,"routeparentid":5751},{"union_rowno":3,"row":467,"routeno":"HAL PV-18","responsecode":200,"routeparentid":6055},{"union_rowno":3,"row":468,"routeno":"HAL PV-2","responsecode":200,"routeparentid":5740},{"union_rowno":3,"row":469,"routeno":"HAL PV-3","responsecode":200,"routeparentid":5517},{"union_rowno":3,"row":470,"routeno":"HALPV-1","responsecode":200,"routeparentid":4234},{"union_rowno":3,"row":471,"routeno":"HALPV-10","responsecode":200,"routeparentid":3938},{"union_rowno":3,"row":472,"routeno":"HALPV-11","responsecode":200,"routeparentid":3263},{"union_rowno":3,"row":473,"routeno":"HALPV-12","responsecode":200,"routeparentid":5345},{"union_rowno":3,"row":474,"routeno":"HALPV-13","responsecode":200,"routeparentid":4643},{"union_rowno":3,"row":475,"routeno":"HALPV-14","responsecode":200,"routeparentid":5468},{"union_rowno":3,"row":476,"routeno":"HALPV-15","responsecode":200,"routeparentid":4025},{"union_rowno":3,"row":477,"routeno":"HALPV-16","responsecode":200,"routeparentid":4237},{"union_rowno":3,"row":478,"routeno":"HALPV-4","responsecode":200,"routeparentid":4622},{"union_rowno":3,"row":479,"routeno":"HALPV-5","responsecode":200,"routeparentid":5439},{"union_rowno":3,"row":480,"routeno":"HALPV-6","responsecode":200,"routeparentid":4761},{"union_rowno":3,"row":481,"routeno":"HALPV-8","responsecode":200,"routeparentid":6260},{"union_rowno":3,"row":482,"routeno":"HALPV-9","responsecode":200,"routeparentid":4014},{"union_rowno":3,"row":483,"routeno":"HAV PV-07","responsecode":200,"routeparentid":5316},{"union_rowno":3,"row":484,"routeno":"JHC-CKB-VRP","responsecode":200,"routeparentid":6724},{"union_rowno":3,"row":485,"routeno":"JNSVS-1","responsecode":200,"routeparentid":6430},{"union_rowno":3,"row":486,"routeno":"JNSVS-3","responsecode":200,"routeparentid":5835},{"union_rowno":3,"row":487,"routeno":"JNSVS-4","responsecode":200,"routeparentid":5838},{"union_rowno":3,"row":488,"routeno":"JNSVS-5","responsecode":200,"routeparentid":5578},{"union_rowno":3,"row":489,"routeno":"JNSVS-6","responsecode":200,"routeparentid":5440},{"union_rowno":3,"row":490,"routeno":"JNSVS-UTH-BSK","responsecode":200,"routeparentid":7388},{"union_rowno":3,"row":491,"routeno":"KANGOVI-1","responsecode":200,"routeparentid":4741},{"union_rowno":3,"row":492,"routeno":"KANGOVI-6","responsecode":200,"routeparentid":4690},{"union_rowno":3,"row":493,"routeno":"KANGOVI-7","responsecode":200,"routeparentid":4689},{"union_rowno":3,"row":494,"routeno":"KANGOVI-8","responsecode":200,"routeparentid":4707},{"union_rowno":3,"row":495,"routeno":"KANGOVI-9","responsecode":200,"routeparentid":4709},{"union_rowno":3,"row":496,"routeno":"KBS-12HK HSK-CVRNRG","responsecode":200,"routeparentid":6247},{"union_rowno":3,"row":497,"routeno":"KBS-1I KBS-KVASC","responsecode":200,"routeparentid":6376},{"union_rowno":3,"row":498,"routeno":"KBS-1K KBS-VSD-D41G","responsecode":200,"routeparentid":5948},{"union_rowno":3,"row":499,"routeno":"KBS-3A VVK-ATB","responsecode":200,"routeparentid":3077},{"union_rowno":3,"row":500,"routeno":"KBS-3C FLYOVER","responsecode":200,"routeparentid":1501},{"union_rowno":3,"row":501,"routeno":"KBS-3F FLY VSD-ELC-ATB","responsecode":200,"routeparentid":6494},{"union_rowno":3,"row":502,"routeno":"KBS-5H AVS-KBS","responsecode":200,"routeparentid":4854},{"union_rowno":3,"row":503,"routeno":"KBS-CVB","responsecode":200,"routeparentid":1190},{"union_rowno":3,"row":504,"routeno":"KBS-VSD-RMB KRPGH","responsecode":200,"routeparentid":5861},{"union_rowno":3,"row":505,"routeno":"KGR-JNSVS","responsecode":200,"routeparentid":5442},{"union_rowno":3,"row":506,"routeno":"KLNB-BNWD-SMVT-BEML","responsecode":200,"routeparentid":6507},{"union_rowno":3,"row":507,"routeno":"KLN-NGVR","responsecode":200,"routeparentid":7049},{"union_rowno":3,"row":508,"routeno":"KLN-SMVT-D06G","responsecode":200,"routeparentid":7560},{"union_rowno":3,"row":509,"routeno":"KLN-VDP","responsecode":200,"routeparentid":7053},{"union_rowno":3,"row":510,"routeno":"KMT-KBS-VNS","responsecode":200,"routeparentid":4325},{"union_rowno":3,"row":511,"routeno":"KMT-KRC-RTN-VNS","responsecode":200,"routeparentid":6450},{"union_rowno":3,"row":512,"routeno":"KMT-VSD-MKC-D14G","responsecode":200,"routeparentid":7709},{"union_rowno":3,"row":513,"routeno":"KRM1-KVS","responsecode":200,"routeparentid":5628},{"union_rowno":3,"row":514,"routeno":"KRM-NTVB5","responsecode":200,"routeparentid":7272},{"union_rowno":3,"row":515,"routeno":"KRMTTMC-NGV","responsecode":200,"routeparentid":7510},{"union_rowno":3,"row":516,"routeno":"KRMTTMC-SNVL","responsecode":200,"routeparentid":1745},{"union_rowno":3,"row":517,"routeno":"KRPGH-RMB-BMS-VSD-KBS","responsecode":200,"routeparentid":5464},{"union_rowno":3,"row":518,"routeno":"KRP-VSD","responsecode":200,"routeparentid":3102},{"union_rowno":3,"row":519,"routeno":"KV-2","responsecode":200,"routeparentid":5252},{"union_rowno":3,"row":520,"routeno":"KVASC-02","responsecode":200,"routeparentid":5149},{"union_rowno":3,"row":521,"routeno":"KVASC-03","responsecode":200,"routeparentid":6367},{"union_rowno":3,"row":522,"routeno":"KVASC-04","responsecode":200,"routeparentid":5684},{"union_rowno":3,"row":523,"routeno":"KVASC-08","responsecode":200,"routeparentid":5537},{"union_rowno":3,"row":524,"routeno":"KVASC-09","responsecode":200,"routeparentid":5495},{"union_rowno":3,"row":525,"routeno":"KVASC-10A","responsecode":200,"routeparentid":6360},{"union_rowno":3,"row":526,"routeno":"KVASC-12","responsecode":200,"routeparentid":6363},{"union_rowno":3,"row":527,"routeno":"KVASC-NRG","responsecode":200,"routeparentid":5895},{"union_rowno":3,"row":528,"routeno":"KVASC-NSR","responsecode":200,"routeparentid":5873},{"union_rowno":3,"row":529,"routeno":"KVDRDO-KRP-YHKOT","responsecode":200,"routeparentid":5254},{"union_rowno":3,"row":530,"routeno":"KVM-03","responsecode":200,"routeparentid":5988},{"union_rowno":3,"row":531,"routeno":"KVM-04","responsecode":200,"routeparentid":4220},{"union_rowno":3,"row":532,"routeno":"KVM-1","responsecode":200,"routeparentid":4175},{"union_rowno":3,"row":533,"routeno":"KVM-3","responsecode":200,"routeparentid":7017},{"union_rowno":3,"row":534,"routeno":"KVM-4","responsecode":200,"routeparentid":3055},{"union_rowno":3,"row":535,"routeno":"KVM-6","responsecode":200,"routeparentid":5140},{"union_rowno":3,"row":536,"routeno":"KVPTA-1","responsecode":200,"routeparentid":1056},{"union_rowno":3,"row":537,"routeno":"KVPTA-10","responsecode":200,"routeparentid":4839},{"union_rowno":3,"row":538,"routeno":"KVPTA-11","responsecode":200,"routeparentid":4409},{"union_rowno":3,"row":539,"routeno":"KVPTA-3A","responsecode":200,"routeparentid":4948},{"union_rowno":3,"row":540,"routeno":"KVPTA-7","responsecode":200,"routeparentid":5531},{"union_rowno":3,"row":541,"routeno":"KV PWA-1","responsecode":200,"routeparentid":5541},{"union_rowno":3,"row":542,"routeno":"KVS-SBS","responsecode":200,"routeparentid":1059},{"union_rowno":3,"row":543,"routeno":"KVUL-01","responsecode":200,"routeparentid":7412},{"union_rowno":3,"row":544,"routeno":"KVUL-02","responsecode":200,"routeparentid":7413},{"union_rowno":3,"row":545,"routeno":"KVUL-03","responsecode":200,"routeparentid":7379},{"union_rowno":3,"row":546,"routeno":"KVUL-1","responsecode":200,"routeparentid":7539},{"union_rowno":3,"row":547,"routeno":"MBS-12 ANP-VSD-KBS","responsecode":200,"routeparentid":3836},{"union_rowno":3,"row":548,"routeno":"MBS-6 D45G-CVRN","responsecode":200,"routeparentid":4292},{"union_rowno":3,"row":549,"routeno":"MBS-6 YST-CVRN","responsecode":200,"routeparentid":4288},{"union_rowno":3,"row":550,"routeno":"MBS-8 D10G-KVDRDO","responsecode":200,"routeparentid":5255},{"union_rowno":3,"row":551,"routeno":"MDR-AVLH-RMP","responsecode":200,"routeparentid":7110},{"union_rowno":3,"row":552,"routeno":"MF-13 VJN-VJN","responsecode":200,"routeparentid":7100},{"union_rowno":3,"row":553,"routeno":"MF-211AC BSK-CNV","responsecode":200,"routeparentid":6156},{"union_rowno":3,"row":554,"routeno":"MF-211AC VSD-KGP","responsecode":200,"routeparentid":4421},{"union_rowno":3,"row":555,"routeno":"MF-23B VNS-JHCMS","responsecode":200,"routeparentid":6955},{"union_rowno":3,"row":556,"routeno":"MF-28 PMS-VRP","responsecode":200,"routeparentid":6291},{"union_rowno":3,"row":557,"routeno":"MF-28 YTTMC-VRP","responsecode":200,"routeparentid":6292},{"union_rowno":3,"row":558,"routeno":"MF-304VS","responsecode":200,"routeparentid":2513},{"union_rowno":3,"row":559,"routeno":"MF-401KB KGR-VJN","responsecode":200,"routeparentid":7136},{"union_rowno":3,"row":560,"routeno":"MF-45 VTTMC-ABG","responsecode":200,"routeparentid":6379},{"union_rowno":3,"row":561,"routeno":"MF-5 SGH-SMVRS","responsecode":200,"routeparentid":6244},{"union_rowno":3,"row":562,"routeno":"MF-5 SMVT-BSK","responsecode":200,"routeparentid":7284},{"union_rowno":3,"row":563,"routeno":"MF-500EB SMVR-ELCW","responsecode":200,"routeparentid":3046},{"union_rowno":3,"row":564,"routeno":"MF-6 JBN-SVMS","responsecode":200,"routeparentid":5831},{"union_rowno":3,"row":565,"routeno":"MF-7B D10G-SMVR","responsecode":200,"routeparentid":2733},{"union_rowno":3,"row":566,"routeno":"MF-9 HODMS-DVS-D24G","responsecode":200,"routeparentid":6780},{"union_rowno":3,"row":567,"routeno":"MLO-VSD-KKS","responsecode":200,"routeparentid":1691},{"union_rowno":3,"row":568,"routeno":"MVSM-01","responsecode":200,"routeparentid":5293},{"union_rowno":3,"row":569,"routeno":"MVSM-2","responsecode":200,"routeparentid":5455},{"union_rowno":3,"row":570,"routeno":"NBVB-DPJN","responsecode":200,"routeparentid":5449},{"union_rowno":3,"row":571,"routeno":"NICE-8C D38G-MDV","responsecode":200,"routeparentid":6682},{"union_rowno":3,"row":572,"routeno":"PPLO-VSP-KSLO","responsecode":200,"routeparentid":1623},{"union_rowno":3,"row":573,"routeno":"PSS-KGVP","responsecode":200,"routeparentid":4743},{"union_rowno":3,"row":574,"routeno":"PTH-KVRY","responsecode":200,"routeparentid":1194},{"union_rowno":3,"row":575,"routeno":"PTH-VRP-TDL","responsecode":200,"routeparentid":1526},{"union_rowno":3,"row":576,"routeno":"SBS-KVASC","responsecode":200,"routeparentid":1060},{"union_rowno":3,"row":577,"routeno":"SBS-SVM-DRDO2","responsecode":200,"routeparentid":6389},{"union_rowno":3,"row":578,"routeno":"SBS-VCH","responsecode":200,"routeparentid":7585},{"union_rowno":3,"row":579,"routeno":"SCS-VSRL","responsecode":200,"routeparentid":7537},{"union_rowno":3,"row":580,"routeno":"SNBS-VIDYA","responsecode":200,"routeparentid":5735},{"union_rowno":3,"row":581,"routeno":"SVH4M-BEMLKML","responsecode":200,"routeparentid":7444},{"union_rowno":3,"row":582,"routeno":"SVM-1A","responsecode":200,"routeparentid":4945},{"union_rowno":3,"row":584,"routeno":"SVMS-2","responsecode":200,"routeparentid":4592},{"union_rowno":3,"row":585,"routeno":"SVPS-01","responsecode":200,"routeparentid":5354},{"union_rowno":3,"row":586,"routeno":"SVPS-03","responsecode":200,"routeparentid":5351},{"union_rowno":3,"row":587,"routeno":"SVPS-2","responsecode":200,"routeparentid":6459},{"union_rowno":3,"row":588,"routeno":"TR-4 DPJN-NGV","responsecode":200,"routeparentid":2798},{"union_rowno":3,"row":589,"routeno":"UBVS-01","responsecode":200,"routeparentid":4820},{"union_rowno":3,"row":590,"routeno":"UBVS-2","responsecode":200,"routeparentid":6415},{"union_rowno":3,"row":591,"routeno":"UVA-1","responsecode":200,"routeparentid":5486},{"union_rowno":3,"row":978,"routeno":"WTTMC-KDLG-VRTKD","responsecode":200,"routeparentid":6856},{"union_rowno":3,"row":979,"routeno":"YHKOT-GKVK","responsecode":200,"routeparentid":1563},{"union_rowno":3,"row":980,"routeno":"YTTMC-SVH4M","responsecode":200,"routeparentid":7442},{"union_rowno":3,"row":981,"routeno":"YTTMC-VYKVLP","responsecode":200,"routeparentid":4806}],"Message":"Success","Issuccess":true,"exception":null,"RowCount":781,"responsecode":200}