{"data":[{"union_rowno":2,"row":1,"routeno":"WTTMC-KDLG-VRTKD","responsecode":200,"routeparentid":6856},{"union_rowno":3,"row":1,"routeno":"144 KRMTTMC-KPWD-VNR-VSD-KBS","responsecode":200,"routeparentid":6823},{"union_rowno":3,"row":2,"routeno":"168-D KBS-SJWA","responsecode":200,"routeparentid":7504},{"union_rowno":3,"row":3,"routeno":"201-G BSK-SNW-BEMLG","responsecode":200,"routeparentid":5392},{"union_rowno":3,"row":4,"routeno":"210-W","responsecode":200,"routeparentid":1255},{"union_rowno":3,"row":5,"routeno":"210-WA","responsecode":200,"routeparentid":2398},{"union_rowno":3,"row":6,"routeno":"210-WA KBS-BEML5","responsecode":200,"routeparentid":2412},{"union_rowno":3,"row":7,"routeno":"213-W","responsecode":200,"routeparentid":1937},{"union_rowno":3,"row":8,"routeno":"213-WA","responsecode":200,"routeparentid":1847},{"union_rowno":3,"row":9,"routeno":"213-WA SGH-DMLD","responsecode":200,"routeparentid":6983},{"union_rowno":3,"row":10,"routeno":"215-K BWSR-BSK","responsecode":200,"routeparentid":6231},{"union_rowno":3,"row":11,"routeno":"222-A KWS-KBS","responsecode":200,"routeparentid":1136},{"union_rowno":3,"row":12,"routeno":"222-F YTTMC-KWS","responsecode":200,"routeparentid":4035},{"union_rowno":3,"row":13,"routeno":"222-N JBWH-D12G","responsecode":200,"routeparentid":1279},{"union_rowno":3,"row":14,"routeno":"227-W","responsecode":200,"routeparentid":1391},{"union_rowno":3,"row":15,"routeno":"227-W BEML5-AVH","responsecode":200,"routeparentid":1441},{"union_rowno":3,"row":16,"routeno":"238-W","responsecode":200,"routeparentid":1852},{"union_rowno":3,"row":17,"routeno":"238-W D31G-NRP","responsecode":200,"routeparentid":1854},{"union_rowno":3,"row":18,"routeno":"248-Z KMT-KNW","responsecode":200,"routeparentid":2323},{"union_rowno":3,"row":19,"routeno":"250-W","responsecode":200,"routeparentid":2491},{"union_rowno":3,"row":20,"routeno":"253-G KMT-KNW","responsecode":200,"routeparentid":2321},{"union_rowno":3,"row":21,"routeno":"253-W","responsecode":200,"routeparentid":2612},{"union_rowno":3,"row":22,"routeno":"255-W PSS-TMAH","responsecode":200,"routeparentid":3133},{"union_rowno":3,"row":23,"routeno":"258-C KBS-RGW","responsecode":200,"routeparentid":7124},{"union_rowno":3,"row":24,"routeno":"258-N ASDW-VSD-KBS","responsecode":200,"routeparentid":3470},{"union_rowno":3,"row":25,"routeno":"258-WA","responsecode":200,"routeparentid":2069},{"union_rowno":3,"row":26,"routeno":"258-WA KMT-JTS","responsecode":200,"routeparentid":6965},{"union_rowno":3,"row":27,"routeno":"25-B AGL-BSK-DOWN","responsecode":200,"routeparentid":7532},{"union_rowno":3,"row":28,"routeno":"279-E KBS-WMR","responsecode":200,"routeparentid":6373},{"union_rowno":3,"row":29,"routeno":"284-C JLOW-VSD-KBS","responsecode":200,"routeparentid":4546},{"union_rowno":3,"row":30,"routeno":"284-C KBS-JLOW","responsecode":200,"routeparentid":4543},{"union_rowno":3,"row":31,"routeno":"284-C KBS-KRC-JLOW","responsecode":200,"routeparentid":6941},{"union_rowno":3,"row":32,"routeno":"284-C VSD-JLOW","responsecode":200,"routeparentid":4542},{"union_rowno":3,"row":33,"routeno":"285-RB KBS-KNW","responsecode":200,"routeparentid":7188},{"union_rowno":3,"row":34,"routeno":"285-W","responsecode":200,"routeparentid":2052},{"union_rowno":3,"row":35,"routeno":"296 BNW-KMH-KNP-YHKOT","responsecode":200,"routeparentid":2803},{"union_rowno":3,"row":36,"routeno":"298-W","responsecode":200,"routeparentid":7177},{"union_rowno":3,"row":37,"routeno":"300 D14G-CWL","responsecode":200,"routeparentid":7545},{"union_rowno":3,"row":38,"routeno":"300-E PTW-KRPGH","responsecode":200,"routeparentid":6455},{"union_rowno":3,"row":39,"routeno":"300-H CWL-KBS","responsecode":200,"routeparentid":7500},{"union_rowno":3,"row":40,"routeno":"300 KBS-CWL","responsecode":200,"routeparentid":7546},{"union_rowno":3,"row":41,"routeno":"300 KRPGH-CWL","responsecode":200,"routeparentid":7541},{"union_rowno":3,"row":42,"routeno":"300 SBS-CWL","responsecode":200,"routeparentid":7247},{"union_rowno":3,"row":43,"routeno":"301-D BSWD-HSK","responsecode":200,"routeparentid":6066},{"union_rowno":3,"row":44,"routeno":"303 BEMLG-BSW","responsecode":200,"routeparentid":3845},{"union_rowno":3,"row":45,"routeno":"314 KBS-NGWP","responsecode":200,"routeparentid":7246},{"union_rowno":3,"row":46,"routeno":"317-W","responsecode":200,"routeparentid":3253},{"union_rowno":3,"row":47,"routeno":"342-F KBS-CPWDQ","responsecode":200,"routeparentid":5544},{"union_rowno":3,"row":48,"routeno":"342-F SJWA-SJP","responsecode":200,"routeparentid":7502},{"union_rowno":3,"row":49,"routeno":"342-W","responsecode":200,"routeparentid":3329},{"union_rowno":3,"row":50,"routeno":"342-WA","responsecode":200,"routeparentid":1251},{"union_rowno":3,"row":51,"routeno":"356-CW","responsecode":200,"routeparentid":1069},{"union_rowno":3,"row":52,"routeno":"356-CW CSB-ELCW FLY","responsecode":200,"routeparentid":6973},{"union_rowno":3,"row":53,"routeno":"356-CW D38G-HSRBDA","responsecode":200,"routeparentid":6132},{"union_rowno":3,"row":54,"routeno":"356-CW INF-HSRBDA","responsecode":200,"routeparentid":5916},{"union_rowno":3,"row":55,"routeno":"356-CW SRN-HSRBDA UNFLY","responsecode":200,"routeparentid":5329},{"union_rowno":3,"row":56,"routeno":"356-CW UFLY","responsecode":200,"routeparentid":1062},{"union_rowno":3,"row":57,"routeno":"356-JE NMG-ELCW","responsecode":200,"routeparentid":4917},{"union_rowno":3,"row":58,"routeno":"356-JE PSS -ELCW","responsecode":200,"routeparentid":4735},{"union_rowno":3,"row":59,"routeno":"365-W","responsecode":200,"routeparentid":2021},{"union_rowno":3,"row":60,"routeno":"366-W","responsecode":200,"routeparentid":5124},{"union_rowno":3,"row":61,"routeno":"375-D KWS-BSK","responsecode":200,"routeparentid":4725},{"union_rowno":3,"row":62,"routeno":"401-AF GKWL-YHKOT","responsecode":200,"routeparentid":7223},{"union_rowno":3,"row":63,"routeno":"401-K CWS-3 BMT-31","responsecode":200,"routeparentid":3360},{"union_rowno":3,"row":64,"routeno":"401-K YTTMC-GKWLO","responsecode":200,"routeparentid":4991},{"union_rowno":3,"row":65,"routeno":"401K-CWS-3-KGRTTMC","responsecode":200,"routeparentid":3358},{"union_rowno":3,"row":66,"routeno":"402-D JLOW-VSD-SBS","responsecode":200,"routeparentid":1330},{"union_rowno":3,"row":67,"routeno":"411-A CSB-MVW-HALNPS","responsecode":200,"routeparentid":6031},{"union_rowno":3,"row":68,"routeno":"500-DH HSRCPWD-ATB","responsecode":200,"routeparentid":5150},{"union_rowno":3,"row":69,"routeno":"500-DK KRM-ASW","responsecode":200,"routeparentid":5877},{"union_rowno":3,"row":70,"routeno":"500-DM CJP-ELCW","responsecode":200,"routeparentid":2988},{"union_rowno":3,"row":71,"routeno":"500-HC HBLB-WTTMC","responsecode":200,"routeparentid":3487},{"union_rowno":3,"row":72,"routeno":"502-H D31G-KTS-DWN","responsecode":200,"routeparentid":7410},{"union_rowno":3,"row":73,"routeno":"507-C D48G-DWKN","responsecode":200,"routeparentid":3437},{"union_rowno":3,"row":74,"routeno":"600-F JBS-ELCW","responsecode":200,"routeparentid":6131},{"union_rowno":3,"row":75,"routeno":"75-E YTTMC-MBS-GKWLO","responsecode":200,"routeparentid":4989},{"union_rowno":3,"row":76,"routeno":"BEML5-KSLOW","responsecode":200,"routeparentid":2419},{"union_rowno":3,"row":77,"routeno":"BSGK-KWS","responsecode":200,"routeparentid":5690},{"union_rowno":3,"row":78,"routeno":"Call Bus CWS-3","responsecode":200,"routeparentid":3354},{"union_rowno":3,"row":79,"routeno":"CALLBUS KWS-1","responsecode":200,"routeparentid":2760},{"union_rowno":3,"row":80,"routeno":"CALLBUS KWS-2","responsecode":200,"routeparentid":4072},{"union_rowno":3,"row":81,"routeno":"CALLBUS KWS-3","responsecode":200,"routeparentid":4076},{"union_rowno":3,"row":82,"routeno":"CALLBUS KWS-7","responsecode":200,"routeparentid":4960},{"union_rowno":3,"row":83,"routeno":"C BUS KWS-1","responsecode":200,"routeparentid":5407},{"union_rowno":3,"row":84,"routeno":"CLO-GKWLO","responsecode":200,"routeparentid":4190},{"union_rowno":3,"row":85,"routeno":"D10G-BNW","responsecode":200,"routeparentid":4554},{"union_rowno":3,"row":86,"routeno":"D14G-HBL-CWL","responsecode":200,"routeparentid":7498},{"union_rowno":3,"row":87,"routeno":"D18-WFTTMC","responsecode":200,"routeparentid":1692},{"union_rowno":3,"row":88,"routeno":"D-45G-DWN","responsecode":200,"routeparentid":7356},{"union_rowno":3,"row":89,"routeno":"G-11 BGL-PTW","responsecode":200,"routeparentid":4783},{"union_rowno":3,"row":90,"routeno":"G-3 ELCW-CSB","responsecode":200,"routeparentid":6264},{"union_rowno":3,"row":91,"routeno":"ITPB-1W","responsecode":200,"routeparentid":5689},{"union_rowno":3,"row":92,"routeno":"KIA-6W","responsecode":200,"routeparentid":1700},{"union_rowno":3,"row":93,"routeno":"KIA-8EW","responsecode":200,"routeparentid":6283},{"union_rowno":3,"row":94,"routeno":"KLE LAW-1","responsecode":200,"routeparentid":5728},{"union_rowno":3,"row":95,"routeno":"KLNB-BNWD-SMVT-BEML","responsecode":200,"routeparentid":6507},{"union_rowno":3,"row":96,"routeno":"KRM-CPWD","responsecode":200,"routeparentid":6855},{"union_rowno":3,"row":97,"routeno":"KRMTTMC-CPWD","responsecode":200,"routeparentid":5148},{"union_rowno":3,"row":98,"routeno":"KV PWA-1","responsecode":200,"routeparentid":5541},{"union_rowno":3,"row":99,"routeno":"KWS-02","responsecode":200,"routeparentid":5563},{"union_rowno":3,"row":100,"routeno":"KWS-1","responsecode":200,"routeparentid":4720},{"union_rowno":3,"row":101,"routeno":"KWS-6","responsecode":200,"routeparentid":2269},{"union_rowno":3,"row":102,"routeno":"KWS CALLBUS-2","responsecode":200,"routeparentid":1091},{"union_rowno":3,"row":103,"routeno":"KWS CALLBUS-8","responsecode":200,"routeparentid":4909},{"union_rowno":3,"row":104,"routeno":"KWS-KMT","responsecode":200,"routeparentid":7153},{"union_rowno":3,"row":105,"routeno":"MF-1G ITPLMS-WTTMC","responsecode":200,"routeparentid":6396},{"union_rowno":3,"row":106,"routeno":"MF-1GA ITPLMS-WTTMC","responsecode":200,"routeparentid":6397},{"union_rowno":3,"row":107,"routeno":"MF-500EB D6G-ELCW","responsecode":200,"routeparentid":3042},{"union_rowno":3,"row":108,"routeno":"MF-500EB DBS-ELCW","responsecode":200,"routeparentid":3062},{"union_rowno":3,"row":109,"routeno":"MF-500EB SMVR-ELCW","responsecode":200,"routeparentid":3046},{"union_rowno":3,"row":110,"routeno":"MF-502H DWKN-SKK-D31G","responsecode":200,"routeparentid":6607},{"union_rowno":3,"row":111,"routeno":"MGMS-PTW","responsecode":200,"routeparentid":6448},{"union_rowno":3,"row":112,"routeno":"NICE-7A ELCW-YBS","responsecode":200,"routeparentid":6677},{"union_rowno":3,"row":113,"routeno":"PTH-JLOW","responsecode":200,"routeparentid":1328},{"union_rowno":3,"row":114,"routeno":"RTNP-WSPM","responsecode":200,"routeparentid":4698},{"union_rowno":3,"row":115,"routeno":"SRPS-SWK-AGS-KBS","responsecode":200,"routeparentid":5116},{"union_rowno":3,"row":116,"routeno":"V-226WF","responsecode":200,"routeparentid":1704},{"union_rowno":3,"row":117,"routeno":"V-328H HSK-WTTMC","responsecode":200,"routeparentid":6951},{"union_rowno":3,"row":118,"routeno":"V-328H WTTMC-ATB","responsecode":200,"routeparentid":6762},{"union_rowno":3,"row":119,"routeno":"V-356C KBS-ELCWG","responsecode":200,"routeparentid":6492},{"union_rowno":3,"row":120,"routeno":"V-505 ELCW-KDG","responsecode":200,"routeparentid":7333},{"union_rowno":3,"row":121,"routeno":"V-NICE-4 BSN-ELCW","responsecode":200,"routeparentid":7327},{"union_rowno":3,"row":122,"routeno":"V-WTTMC-TATAE","responsecode":200,"routeparentid":6019}],"Message":"Success","Issuccess":true,"exception":null,"RowCount":123,"responsecode":200}