{"data":[{"union_rowno":2,"row":1,"routeno":"YBS-INGVBS","responsecode":200,"routeparentid":7841},{"union_rowno":2,"row":4,"routeno":"YHK-ADT","responsecode":200,"routeparentid":5960},{"union_rowno":2,"row":5,"routeno":"YHK-EHSR-BRS","responsecode":200,"routeparentid":6436},{"union_rowno":2,"row":7,"routeno":"YHKOT-GKVK","responsecode":200,"routeparentid":1563},{"union_rowno":2,"row":9,"routeno":"YHKOT-LHAI","responsecode":200,"routeparentid":7397},{"union_rowno":2,"row":12,"routeno":"YHKOT-MADT","responsecode":200,"routeparentid":3472},{"union_rowno":2,"row":14,"routeno":"YHKOT-SUAP","responsecode":200,"routeparentid":5978},{"union_rowno":2,"row":16,"routeno":"YHKOT-VNC-BLR","responsecode":200,"routeparentid":7829},{"union_rowno":2,"row":17,"routeno":"YTTMC-GGP-PTCA","responsecode":200,"routeparentid":4803},{"union_rowno":2,"row":20,"routeno":"YTTMC-MBS","responsecode":200,"routeparentid":4981},{"union_rowno":2,"row":21,"routeno":"YTTMC-SVH4M","responsecode":200,"routeparentid":7442},{"union_rowno":2,"row":23,"routeno":"YTTMC-VYKVLP","responsecode":200,"routeparentid":4806},{"union_rowno":2,"row":26,"routeno":"YTTMC-YPRS","responsecode":200,"routeparentid":6313},{"union_rowno":3,"row":1,"routeno":"141-K SBS-ARMYASC","responsecode":200,"routeparentid":7516},{"union_rowno":3,"row":2,"routeno":"201 ARMYASC-BGR","responsecode":200,"routeparentid":7514},{"union_rowno":3,"row":3,"routeno":"210-E KBS-KMTFLY-KBDA","responsecode":200,"routeparentid":2454},{"union_rowno":3,"row":4,"routeno":"222-A KMT FLY","responsecode":200,"routeparentid":6623},{"union_rowno":3,"row":5,"routeno":"222-A KST-KMT FLY-KBS","responsecode":200,"routeparentid":6722},{"union_rowno":3,"row":6,"routeno":"222-F YTTMC-KWS","responsecode":200,"routeparentid":4035},{"union_rowno":3,"row":7,"routeno":"222-K KHBQ-VSD Flyover","responsecode":200,"routeparentid":7558},{"union_rowno":3,"row":8,"routeno":"223-A FLY","responsecode":200,"routeparentid":1281},{"union_rowno":3,"row":9,"routeno":"225-BC KBS-KMT FLY-BEML5","responsecode":200,"routeparentid":7748},{"union_rowno":3,"row":10,"routeno":"225-C FLY","responsecode":200,"routeparentid":1286},{"union_rowno":3,"row":11,"routeno":"225-G KMT FLY","responsecode":200,"routeparentid":1291},{"union_rowno":3,"row":12,"routeno":"226-Y","responsecode":200,"routeparentid":1337},{"union_rowno":3,"row":13,"routeno":"226-YA","responsecode":200,"routeparentid":1338},{"union_rowno":3,"row":14,"routeno":"227-A BEML5-MYS","responsecode":200,"routeparentid":1384},{"union_rowno":3,"row":15,"routeno":"227-A SBS-MYS","responsecode":200,"routeparentid":1383},{"union_rowno":3,"row":16,"routeno":"227 SBS-KMT FLY-CDC","responsecode":200,"routeparentid":7882},{"union_rowno":3,"row":17,"routeno":"227 SBS-KMT FLY-RMH","responsecode":200,"routeparentid":1340},{"union_rowno":3,"row":18,"routeno":"227-Y","responsecode":200,"routeparentid":1392},{"union_rowno":3,"row":19,"routeno":"228-J KBS-KMTFLY-ST BEN","responsecode":200,"routeparentid":6408},{"union_rowno":3,"row":20,"routeno":"228-K SBS-KMTFLY-BDD","responsecode":200,"routeparentid":6444},{"union_rowno":3,"row":21,"routeno":"234-E KMT FLY","responsecode":200,"routeparentid":1462},{"union_rowno":3,"row":22,"routeno":"238-Y","responsecode":200,"routeparentid":1855},{"union_rowno":3,"row":23,"routeno":"242-F YCK-D35G","responsecode":200,"routeparentid":5408},{"union_rowno":3,"row":24,"routeno":"242-Y","responsecode":200,"routeparentid":2896},{"union_rowno":3,"row":25,"routeno":"242-Y KBS-AMP","responsecode":200,"routeparentid":2898},{"union_rowno":3,"row":26,"routeno":"248-Y","responsecode":200,"routeparentid":2313},{"union_rowno":3,"row":27,"routeno":"253-J YPRRS-HGV","responsecode":200,"routeparentid":6766},{"union_rowno":3,"row":28,"routeno":"256-MB YTTMC-KDH","responsecode":200,"routeparentid":7708},{"union_rowno":3,"row":29,"routeno":"257-C KBS-YBS-KTN","responsecode":200,"routeparentid":7929},{"union_rowno":3,"row":30,"routeno":"258-C KBS-GPLY","responsecode":200,"routeparentid":6137},{"union_rowno":3,"row":31,"routeno":"258-C NMG-GPLY","responsecode":200,"routeparentid":6138},{"union_rowno":3,"row":32,"routeno":"258-C VSD FLY","responsecode":200,"routeparentid":1646},{"union_rowno":3,"row":33,"routeno":"258-CB NMG-YTTMC-BEL","responsecode":200,"routeparentid":4098},{"union_rowno":3,"row":34,"routeno":"258-DN YTTMC-KIADB","responsecode":200,"routeparentid":3930},{"union_rowno":3,"row":35,"routeno":"258-E D43G-MYLH","responsecode":200,"routeparentid":7912},{"union_rowno":3,"row":36,"routeno":"258-Y","responsecode":200,"routeparentid":2039},{"union_rowno":3,"row":37,"routeno":"258-YA","responsecode":200,"routeparentid":2049},{"union_rowno":3,"row":38,"routeno":"258-YA KMT-HCP","responsecode":200,"routeparentid":3528},{"union_rowno":3,"row":39,"routeno":"258 YTTMC-NMG-KRC","responsecode":200,"routeparentid":4095},{"union_rowno":3,"row":40,"routeno":"266-G YTTMC-MTGH","responsecode":200,"routeparentid":4211},{"union_rowno":3,"row":41,"routeno":"271-K MTNR-YTTMC","responsecode":200,"routeparentid":6619},{"union_rowno":3,"row":42,"routeno":"271-PA YTTMC-CKB","responsecode":200,"routeparentid":4902},{"union_rowno":3,"row":43,"routeno":"276-F KBS-YSTF","responsecode":200,"routeparentid":6656},{"union_rowno":3,"row":44,"routeno":"276-F KMT-YHKOT","responsecode":200,"routeparentid":6288},{"union_rowno":3,"row":45,"routeno":"278-E ARMY-SBS-BPS","responsecode":200,"routeparentid":7285},{"union_rowno":3,"row":46,"routeno":"280-A KMT-YHKOT","responsecode":200,"routeparentid":1182},{"union_rowno":3,"row":47,"routeno":"280-F OASIS-YHKOT","responsecode":200,"routeparentid":5250},{"union_rowno":3,"row":48,"routeno":"280-F YSTF-HSK","responsecode":200,"routeparentid":1421},{"union_rowno":3,"row":49,"routeno":"280-K YHK-MTH","responsecode":200,"routeparentid":2640},{"union_rowno":3,"row":50,"routeno":"280 KBS-YHK-CHLS","responsecode":200,"routeparentid":5063},{"union_rowno":3,"row":51,"routeno":"280-L YPH-PTH","responsecode":200,"routeparentid":2643},{"union_rowno":3,"row":52,"routeno":"281-F KBS-MYH-HNS","responsecode":200,"routeparentid":2668},{"union_rowno":3,"row":53,"routeno":"281-F YHKOT-MLH","responsecode":200,"routeparentid":5503},{"union_rowno":3,"row":54,"routeno":"281-H MYLH-KBS","responsecode":200,"routeparentid":3756},{"union_rowno":3,"row":55,"routeno":"282B D52G-VNC-YHKOT","responsecode":200,"routeparentid":7481},{"union_rowno":3,"row":56,"routeno":"282B YHKOT-MSGH","responsecode":200,"routeparentid":7482},{"union_rowno":3,"row":57,"routeno":"282-C YHK-BLR","responsecode":200,"routeparentid":3095},{"union_rowno":3,"row":58,"routeno":"283-D YHKOT-KDGC","responsecode":200,"routeparentid":4074},{"union_rowno":3,"row":59,"routeno":"284-B SBS-RTNP-BMSITY","responsecode":200,"routeparentid":1085},{"union_rowno":3,"row":60,"routeno":"284 KBS-KVRY","responsecode":200,"routeparentid":4490},{"union_rowno":3,"row":61,"routeno":"284 KMT-KVRY","responsecode":200,"routeparentid":5976},{"union_rowno":3,"row":62,"routeno":"284 RTNP-YHK-OASIS","responsecode":200,"routeparentid":4745},{"union_rowno":3,"row":63,"routeno":"284 VNS-YHKOT","responsecode":200,"routeparentid":3075},{"union_rowno":3,"row":64,"routeno":"284 YHKOT-VYKL-CLO","responsecode":200,"routeparentid":2881},{"union_rowno":3,"row":65,"routeno":"285 BMSITY-MKC-SBS","responsecode":200,"routeparentid":1087},{"union_rowno":3,"row":66,"routeno":"285 BMSITY-YHKOT","responsecode":200,"routeparentid":3086},{"union_rowno":3,"row":67,"routeno":"285-F PTML-BRP-HNYR","responsecode":200,"routeparentid":7832},{"union_rowno":3,"row":68,"routeno":"285-JE DYVH-KBS","responsecode":200,"routeparentid":4066},{"union_rowno":3,"row":69,"routeno":"285-JE PTML-DYVH","responsecode":200,"routeparentid":4067},{"union_rowno":3,"row":70,"routeno":"285 KBS-ARMYPR","responsecode":200,"routeparentid":7547},{"union_rowno":3,"row":71,"routeno":"285 KBS-YST-PTH","responsecode":200,"routeparentid":1185},{"union_rowno":3,"row":72,"routeno":"285 KBS-YSTF-PTH","responsecode":200,"routeparentid":1187},{"union_rowno":3,"row":73,"routeno":"285-L KBS-BYT","responsecode":200,"routeparentid":4029},{"union_rowno":3,"row":74,"routeno":"285-M YHK-DBP","responsecode":200,"routeparentid":1555},{"union_rowno":3,"row":75,"routeno":"285-MP YHK-NAGH","responsecode":200,"routeparentid":2460},{"union_rowno":3,"row":76,"routeno":"285-MP YHKOT-HRTAD","responsecode":200,"routeparentid":3691},{"union_rowno":3,"row":77,"routeno":"285 PTML-HNYR","responsecode":200,"routeparentid":7179},{"union_rowno":3,"row":78,"routeno":"285 PTML-YHKOT","responsecode":200,"routeparentid":3626},{"union_rowno":3,"row":79,"routeno":"285-R SBS-HNYR","responsecode":200,"routeparentid":7178},{"union_rowno":3,"row":80,"routeno":"285-RA HNYR-KBS","responsecode":200,"routeparentid":4024},{"union_rowno":3,"row":81,"routeno":"285-Y","responsecode":200,"routeparentid":2054},{"union_rowno":3,"row":82,"routeno":"285-YA","responsecode":200,"routeparentid":2053},{"union_rowno":3,"row":83,"routeno":"285-YA HHP-KBS","responsecode":200,"routeparentid":4038},{"union_rowno":3,"row":84,"routeno":"285-YA PTML-HHPL","responsecode":200,"routeparentid":4219},{"union_rowno":3,"row":85,"routeno":"287-A ARMY-KDHG","responsecode":200,"routeparentid":7289},{"union_rowno":3,"row":86,"routeno":"289-A YHKOT-BKHP","responsecode":200,"routeparentid":3687},{"union_rowno":3,"row":87,"routeno":"289-A YHKOT-RZKP","responsecode":200,"routeparentid":4733},{"union_rowno":3,"row":88,"routeno":"289-AB PTH-BYH","responsecode":200,"routeparentid":5981},{"union_rowno":3,"row":89,"routeno":"289-B PTH-KYH","responsecode":200,"routeparentid":4491},{"union_rowno":3,"row":90,"routeno":"289-B YHK-KDYPH","responsecode":200,"routeparentid":4496},{"union_rowno":3,"row":91,"routeno":"289-D HSK-BYRTH-YHKOT","responsecode":200,"routeparentid":4855},{"union_rowno":3,"row":92,"routeno":"289-F YHKOT-MRC","responsecode":200,"routeparentid":6269},{"union_rowno":3,"row":93,"routeno":"289-F YST-HSK","responsecode":200,"routeparentid":7312},{"union_rowno":3,"row":94,"routeno":"289-G YHK-MRS","responsecode":200,"routeparentid":3734},{"union_rowno":3,"row":95,"routeno":"289-LA YSTF-HSK","responsecode":200,"routeparentid":6009},{"union_rowno":3,"row":96,"routeno":"289-P D52G-YHKOT","responsecode":200,"routeparentid":7487},{"union_rowno":3,"row":97,"routeno":"289-V YST-DVH","responsecode":200,"routeparentid":7783},{"union_rowno":3,"row":98,"routeno":"289-Y","responsecode":200,"routeparentid":3783},{"union_rowno":3,"row":99,"routeno":"289 YHK-D48G","responsecode":200,"routeparentid":2932},{"union_rowno":3,"row":100,"routeno":"289 YHKOT-ARS","responsecode":200,"routeparentid":3725},{"union_rowno":3,"row":101,"routeno":"289 YHKOT-CHR","responsecode":200,"routeparentid":6991},{"union_rowno":3,"row":102,"routeno":"290-E ARMY-SBS-YHKOT","responsecode":200,"routeparentid":7377},{"union_rowno":3,"row":103,"routeno":"290-E BCGHS-SBS-YHKOT","responsecode":200,"routeparentid":4031},{"union_rowno":3,"row":104,"routeno":"290-E D10G-YHK","responsecode":200,"routeparentid":2593},{"union_rowno":3,"row":105,"routeno":"290-E KLN-YLKOT","responsecode":200,"routeparentid":3970},{"union_rowno":3,"row":106,"routeno":"290-E KMT-YHKOT","responsecode":200,"routeparentid":1546},{"union_rowno":3,"row":107,"routeno":"290-E RMC-SBS-YHKOT","responsecode":200,"routeparentid":4605},{"union_rowno":3,"row":108,"routeno":"290-E SPHS-YHKOT","responsecode":200,"routeparentid":7365},{"union_rowno":3,"row":109,"routeno":"290-E STJHS-YHKOT","responsecode":200,"routeparentid":5682},{"union_rowno":3,"row":110,"routeno":"290-E YHKOT-BLH-D48","responsecode":200,"routeparentid":5632},{"union_rowno":3,"row":111,"routeno":"290-E YHKOT-SBS-STJHS","responsecode":200,"routeparentid":4599},{"union_rowno":3,"row":112,"routeno":"290-E YHKOT-SJBHS","responsecode":200,"routeparentid":5649},{"union_rowno":3,"row":113,"routeno":"290-EA BCGHS-YSTF","responsecode":200,"routeparentid":6212},{"union_rowno":3,"row":114,"routeno":"290-EJ NGWJN-GKVK-YHK","responsecode":200,"routeparentid":7852},{"union_rowno":3,"row":115,"routeno":"290-EY","responsecode":200,"routeparentid":2584},{"union_rowno":3,"row":116,"routeno":"290-EY KBS-PTH","responsecode":200,"routeparentid":7903},{"union_rowno":3,"row":117,"routeno":"290-Y","responsecode":200,"routeparentid":4919},{"union_rowno":3,"row":118,"routeno":"290-Y YTTMC-KRPGH","responsecode":200,"routeparentid":4927},{"union_rowno":3,"row":119,"routeno":"291-L PTN-MYLH","responsecode":200,"routeparentid":3751},{"union_rowno":3,"row":120,"routeno":"292-CA SBS-YHKOT","responsecode":200,"routeparentid":7025},{"union_rowno":3,"row":121,"routeno":"292-CA YHKOT-D48G","responsecode":200,"routeparentid":7625},{"union_rowno":3,"row":122,"routeno":"293-F D48G-BGLR-KDYH","responsecode":200,"routeparentid":4993},{"union_rowno":3,"row":123,"routeno":"293-K KMT-ANKC-SBS-MYH","responsecode":200,"routeparentid":6994},{"union_rowno":3,"row":124,"routeno":"293-L SBS-YBD","responsecode":200,"routeparentid":7627},{"union_rowno":3,"row":125,"routeno":"293 SBS-MYLH-HNS","responsecode":200,"routeparentid":7445},{"union_rowno":3,"row":126,"routeno":"293-SD YHKOT-DVH","responsecode":200,"routeparentid":7867},{"union_rowno":3,"row":127,"routeno":"293-SD YST-DVH","responsecode":200,"routeparentid":7868},{"union_rowno":3,"row":128,"routeno":"295-B BYB-D48G-AGP","responsecode":200,"routeparentid":5600},{"union_rowno":3,"row":129,"routeno":"295-D KBS-YBD","responsecode":200,"routeparentid":7624},{"union_rowno":3,"row":130,"routeno":"296 BNW-KMH-KNP-YHKOT","responsecode":200,"routeparentid":2803},{"union_rowno":3,"row":131,"routeno":"296-Q ARMY-KNR","responsecode":200,"routeparentid":6122},{"union_rowno":3,"row":132,"routeno":"297-F YHKOT-BVP","responsecode":200,"routeparentid":4549},{"union_rowno":3,"row":133,"routeno":"298-E YHKOT-KND-BRS","responsecode":200,"routeparentid":7826},{"union_rowno":3,"row":134,"routeno":"298-M YHK-DVHOB","responsecode":200,"routeparentid":3822},{"union_rowno":3,"row":135,"routeno":"298-M YSTF-DVHOB","responsecode":200,"routeparentid":3534},{"union_rowno":3,"row":136,"routeno":"298-MC YHK-VJP","responsecode":200,"routeparentid":5155},{"union_rowno":3,"row":137,"routeno":"298-ME YHK-NLR","responsecode":200,"routeparentid":5934},{"union_rowno":3,"row":138,"routeno":"298-MF YHKOT-BSR","responsecode":200,"routeparentid":5179},{"union_rowno":3,"row":139,"routeno":"298-MG YHKOT-SNH","responsecode":200,"routeparentid":5181},{"union_rowno":3,"row":140,"routeno":"298-MP YHLOT-VJP","responsecode":200,"routeparentid":7798},{"union_rowno":3,"row":141,"routeno":"298-MV YHKOT-VJP","responsecode":200,"routeparentid":6439},{"union_rowno":3,"row":142,"routeno":"298-MY","responsecode":200,"routeparentid":7820},{"union_rowno":3,"row":143,"routeno":"298-MY DVH-YHKOT","responsecode":200,"routeparentid":2596},{"union_rowno":3,"row":144,"routeno":"298-Y","responsecode":200,"routeparentid":5170},{"union_rowno":3,"row":145,"routeno":"298-Y KBS-YLR-VJP","responsecode":200,"routeparentid":6556},{"union_rowno":3,"row":146,"routeno":"298-Y VJP-YLR-YHKOT","responsecode":200,"routeparentid":6557},{"union_rowno":3,"row":147,"routeno":"298-Z YHK-VJP","responsecode":200,"routeparentid":5207},{"union_rowno":3,"row":148,"routeno":"299-E YHKOT-GDH","responsecode":200,"routeparentid":5210},{"union_rowno":3,"row":149,"routeno":"300-E ARMY-SBS-KRPGH","responsecode":200,"routeparentid":7280},{"union_rowno":3,"row":150,"routeno":"306-B TDL-MYH","responsecode":200,"routeparentid":6881},{"union_rowno":3,"row":151,"routeno":"306-E KBS-NYK","responsecode":200,"routeparentid":3026},{"union_rowno":3,"row":152,"routeno":"306-MA D24G-JYM","responsecode":200,"routeparentid":3024},{"union_rowno":3,"row":153,"routeno":"306-MA SBS-JYM","responsecode":200,"routeparentid":7154},{"union_rowno":3,"row":154,"routeno":"314-B YBS-BEMLG","responsecode":200,"routeparentid":4240},{"union_rowno":3,"row":155,"routeno":"314 BEMLF-SBS-YHK","responsecode":200,"routeparentid":7364},{"union_rowno":3,"row":156,"routeno":"314-X D06G-ABYL","responsecode":200,"routeparentid":3216},{"union_rowno":3,"row":157,"routeno":"315 ARMY-KMT","responsecode":200,"routeparentid":5652},{"union_rowno":3,"row":158,"routeno":"316-Y","responsecode":200,"routeparentid":7316},{"union_rowno":3,"row":159,"routeno":"316-Y D24G-DVH","responsecode":200,"routeparentid":7170},{"union_rowno":3,"row":160,"routeno":"316-Y KRP-DVH","responsecode":200,"routeparentid":3218},{"union_rowno":3,"row":161,"routeno":"316-YD","responsecode":200,"routeparentid":3170},{"union_rowno":3,"row":162,"routeno":"317-Y","responsecode":200,"routeparentid":3256},{"union_rowno":3,"row":163,"routeno":"317-YA","responsecode":200,"routeparentid":3259},{"union_rowno":3,"row":164,"routeno":"317-YB","responsecode":200,"routeparentid":3729},{"union_rowno":3,"row":165,"routeno":"317-YK","responsecode":200,"routeparentid":5386},{"union_rowno":3,"row":166,"routeno":"317-YK HSK-KGH","responsecode":200,"routeparentid":6381},{"union_rowno":3,"row":167,"routeno":"323DN-SJP-JYM-KHG","responsecode":200,"routeparentid":7551},{"union_rowno":3,"row":168,"routeno":"335-E YTTMC-KBS-HAL","responsecode":200,"routeparentid":4763},{"union_rowno":3,"row":169,"routeno":"342-Y","responsecode":200,"routeparentid":2090},{"union_rowno":3,"row":170,"routeno":"346-C KMT-RYS","responsecode":200,"routeparentid":3509},{"union_rowno":3,"row":171,"routeno":"356-CW CSB-ELCW FLY","responsecode":200,"routeparentid":6973},{"union_rowno":3,"row":172,"routeno":"356-CW SRN-HSRBDA UNFLY","responsecode":200,"routeparentid":5329},{"union_rowno":3,"row":173,"routeno":"356-CW UFLY","responsecode":200,"routeparentid":1062},{"union_rowno":3,"row":174,"routeno":"356-M KBS-ELCFLY-ANK","responsecode":200,"routeparentid":4884},{"union_rowno":3,"row":175,"routeno":"358 KBS-MYS","responsecode":200,"routeparentid":5304},{"union_rowno":3,"row":176,"routeno":"360-K ARMYASC-ATB","responsecode":200,"routeparentid":7528},{"union_rowno":3,"row":177,"routeno":"360-K Fly KBS-ATB","responsecode":200,"routeparentid":6495},{"union_rowno":3,"row":178,"routeno":"361-C FLYOVER","responsecode":200,"routeparentid":2866},{"union_rowno":3,"row":179,"routeno":"362-C SBS-YLH","responsecode":200,"routeparentid":3053},{"union_rowno":3,"row":180,"routeno":"36 VSD-KMTFLY-SRN","responsecode":200,"routeparentid":6170},{"union_rowno":3,"row":181,"routeno":"401-A D43G-YHKOT","responsecode":200,"routeparentid":7923},{"union_rowno":3,"row":182,"routeno":"401-A NMG-YHKOT","responsecode":200,"routeparentid":3576},{"union_rowno":3,"row":183,"routeno":"401 ABDYNG-YHK","responsecode":200,"routeparentid":7714},{"union_rowno":3,"row":184,"routeno":"401-AF GKWL-YHKOT","responsecode":200,"routeparentid":7223},{"union_rowno":3,"row":185,"routeno":"401-AF YHKOT-BELF","responsecode":200,"routeparentid":7335},{"union_rowno":3,"row":186,"routeno":"401-AF YHKOT-CLO","responsecode":200,"routeparentid":7224},{"union_rowno":3,"row":187,"routeno":"401-AK CKB-YHK","responsecode":200,"routeparentid":4625},{"union_rowno":3,"row":188,"routeno":"401-B HPN-MSP-YHKOT","responsecode":200,"routeparentid":7862},{"union_rowno":3,"row":189,"routeno":"401-B VNS-HBL-YTTMC-HPN","responsecode":200,"routeparentid":7490},{"union_rowno":3,"row":190,"routeno":"401-B YBS-VNS","responsecode":200,"routeparentid":3079},{"union_rowno":3,"row":191,"routeno":"401-B YHKOT-BELF","responsecode":200,"routeparentid":7222},{"union_rowno":3,"row":192,"routeno":"401-BC BSN-YTTMC","responsecode":200,"routeparentid":5049},{"union_rowno":3,"row":193,"routeno":"401-K ACP-KGR-YHK","responsecode":200,"routeparentid":6414},{"union_rowno":3,"row":194,"routeno":"401-K CLO-YBS-HBL","responsecode":200,"routeparentid":3228},{"union_rowno":3,"row":195,"routeno":"401-K CLO-YHKOT","responsecode":200,"routeparentid":3114},{"union_rowno":3,"row":196,"routeno":"401-K NMIT-NES-MSP-YTTMC","responsecode":200,"routeparentid":5031},{"union_rowno":3,"row":197,"routeno":"401-K PTH-VRP-YTTMC-KGR","responsecode":200,"routeparentid":7383},{"union_rowno":3,"row":198,"routeno":"401-K SCS-YTTMC","responsecode":200,"routeparentid":4243},{"union_rowno":3,"row":199,"routeno":"401-K YTTMC-GKWLO","responsecode":200,"routeparentid":4991},{"union_rowno":3,"row":200,"routeno":"401-KB YBS-D12G","responsecode":200,"routeparentid":7790},{"union_rowno":3,"row":201,"routeno":"401-KB YBS-SMA","responsecode":200,"routeparentid":7235},{"union_rowno":3,"row":202,"routeno":"401-KB YTTMC-AIT","responsecode":200,"routeparentid":7031},{"union_rowno":3,"row":203,"routeno":"401-M KRB-YTTMC","responsecode":200,"routeparentid":5673},{"union_rowno":3,"row":204,"routeno":"401-MN BEML5-YTTMC","responsecode":200,"routeparentid":3423},{"union_rowno":3,"row":205,"routeno":"401-N RPC-YHK","responsecode":200,"routeparentid":4887},{"union_rowno":3,"row":206,"routeno":"401-N YTTMC-MBS-BSK","responsecode":200,"routeparentid":7386},{"union_rowno":3,"row":207,"routeno":"401-NY","responsecode":200,"routeparentid":7133},{"union_rowno":3,"row":208,"routeno":"401-NY YTTMC-HBL","responsecode":200,"routeparentid":7135},{"union_rowno":3,"row":209,"routeno":"401-NY YTTMC-MRBS","responsecode":200,"routeparentid":7134},{"union_rowno":3,"row":210,"routeno":"401-RC YPRS-BEML5","responsecode":200,"routeparentid":3443},{"union_rowno":3,"row":211,"routeno":"401-Y","responsecode":200,"routeparentid":3446},{"union_rowno":3,"row":212,"routeno":"401-Y JHC-MPS-MGH","responsecode":200,"routeparentid":6289},{"union_rowno":3,"row":213,"routeno":"401 YBS-BGLR","responsecode":200,"routeparentid":6960},{"union_rowno":3,"row":214,"routeno":"401 YHKOT-D45G","responsecode":200,"routeparentid":2569},{"union_rowno":3,"row":215,"routeno":"401-Z GFGC-YBS","responsecode":200,"routeparentid":7329},{"union_rowno":3,"row":216,"routeno":"402-B YSTF-VSD-SBS","responsecode":200,"routeparentid":6304},{"union_rowno":3,"row":217,"routeno":"402-D CVB-YSTF","responsecode":200,"routeparentid":1189},{"union_rowno":3,"row":218,"routeno":"402-D GPO-RMG-YSTF","responsecode":200,"routeparentid":5595},{"union_rowno":3,"row":219,"routeno":"402-D KBS-VSD-YSTF","responsecode":200,"routeparentid":1186},{"union_rowno":3,"row":220,"routeno":"406 YHKOT-NMG","responsecode":200,"routeparentid":7191},{"union_rowno":3,"row":221,"routeno":"410-FA BTM-YTTMC","responsecode":200,"routeparentid":7794},{"union_rowno":3,"row":222,"routeno":"410-FA DPJN-YBS","responsecode":200,"routeparentid":6622},{"union_rowno":3,"row":223,"routeno":"410-FA SGH-YTTMC","responsecode":200,"routeparentid":7776},{"union_rowno":3,"row":224,"routeno":"410-FA YTTMC-MRBS","responsecode":200,"routeparentid":4235},{"union_rowno":3,"row":225,"routeno":"410 YTTMC-NBC-NYH-RRG-BEML5","responsecode":200,"routeparentid":5702},{"union_rowno":3,"row":226,"routeno":"500-A BSK-BYBD D48","responsecode":200,"routeparentid":2761},{"union_rowno":3,"row":227,"routeno":"500-A CSB-YSTF","responsecode":200,"routeparentid":1714},{"union_rowno":3,"row":228,"routeno":"500-A YTTMC-GGP-CSB","responsecode":200,"routeparentid":4790},{"union_rowno":3,"row":229,"routeno":"500-B YTTMC-OASIS","responsecode":200,"routeparentid":4957},{"union_rowno":3,"row":230,"routeno":"500-B YTTMC-YRS-KRPRS","responsecode":200,"routeparentid":2878},{"union_rowno":3,"row":231,"routeno":"500-BA YTTMC-MTK-KRPGH","responsecode":200,"routeparentid":2701},{"union_rowno":3,"row":232,"routeno":"500-BC YTTMC-MTK-CSB","responsecode":200,"routeparentid":6608},{"union_rowno":3,"row":233,"routeno":"500-D BEMLK-YTTMC-MTK-CSB","responsecode":200,"routeparentid":6628},{"union_rowno":3,"row":234,"routeno":"500-DC D32 SRYN-HBLB","responsecode":200,"routeparentid":2772},{"union_rowno":3,"row":235,"routeno":"500-DY","responsecode":200,"routeparentid":2989},{"union_rowno":3,"row":236,"routeno":"500-QA YTTMC-GGP-KRPGH","responsecode":200,"routeparentid":6279},{"union_rowno":3,"row":237,"routeno":"500-QD YBS-BSK","responsecode":200,"routeparentid":6629},{"union_rowno":3,"row":238,"routeno":"500-QD YBS-CSB","responsecode":200,"routeparentid":6146},{"union_rowno":3,"row":239,"routeno":"500-QK YPRRS-KDG","responsecode":200,"routeparentid":4941},{"union_rowno":3,"row":240,"routeno":"500-Y","responsecode":200,"routeparentid":2966},{"union_rowno":3,"row":241,"routeno":"500-Y PTH-KDG","responsecode":200,"routeparentid":3711},{"union_rowno":3,"row":242,"routeno":"500-Y SRPMS-KDG","responsecode":200,"routeparentid":6891},{"union_rowno":3,"row":243,"routeno":"500-Y YHKOT-HBL-D10G","responsecode":200,"routeparentid":4118},{"union_rowno":3,"row":244,"routeno":"500-Y YHKOT-KDG","responsecode":200,"routeparentid":3064},{"union_rowno":3,"row":245,"routeno":"500-Y YSTF-D10G","responsecode":200,"routeparentid":5811},{"union_rowno":3,"row":246,"routeno":"501-CH YTTMC-KMG","responsecode":200,"routeparentid":3251},{"union_rowno":3,"row":247,"routeno":"502-C YBS-KRPGH","responsecode":200,"routeparentid":6729},{"union_rowno":3,"row":248,"routeno":"502-CT YTTMC-GGP-KRPMS","responsecode":200,"routeparentid":2874},{"union_rowno":3,"row":249,"routeno":"502-DA YTTMC-MTK-AMNRH","responsecode":200,"routeparentid":6927},{"union_rowno":3,"row":250,"routeno":"507-DY","responsecode":200,"routeparentid":2590},{"union_rowno":3,"row":251,"routeno":"507-DY D10G-KRPGH","responsecode":200,"routeparentid":5852},{"union_rowno":3,"row":252,"routeno":"507-DY KRPGH-YSTF","responsecode":200,"routeparentid":6919},{"union_rowno":3,"row":253,"routeno":"507 KRPGH-YTTMC-BEMLJVS","responsecode":200,"routeparentid":3953},{"union_rowno":3,"row":254,"routeno":"507-Y","responsecode":200,"routeparentid":3694},{"union_rowno":3,"row":255,"routeno":"507 YHKOT-BEMLG","responsecode":200,"routeparentid":3945},{"union_rowno":3,"row":256,"routeno":"507 YPRRS-BEL-HBL-KRPG","responsecode":200,"routeparentid":2889},{"union_rowno":3,"row":257,"routeno":"508 YTTMC-HSK","responsecode":200,"routeparentid":4930},{"union_rowno":3,"row":258,"routeno":"50 BNR-SBS Flyover","responsecode":200,"routeparentid":6273},{"union_rowno":3,"row":259,"routeno":"600-CF UFLY","responsecode":200,"routeparentid":3479},{"union_rowno":3,"row":260,"routeno":"600-F FLYOVER","responsecode":200,"routeparentid":1509},{"union_rowno":3,"row":261,"routeno":"75-B YTTMC-MBS-MCTC","responsecode":200,"routeparentid":3047},{"union_rowno":3,"row":262,"routeno":"75-E YTTMC-MBS-GKWLO","responsecode":200,"routeparentid":4989},{"union_rowno":3,"row":263,"routeno":"77-E YTTMC-KMT","responsecode":200,"routeparentid":5860},{"union_rowno":3,"row":264,"routeno":"77 YTTMC-MLO","responsecode":200,"routeparentid":5044},{"union_rowno":3,"row":265,"routeno":"79-B YTTMC-BRC","responsecode":200,"routeparentid":5074},{"union_rowno":3,"row":266,"routeno":"79-E MYH-SBS-NLO","responsecode":200,"routeparentid":4984},{"union_rowno":3,"row":267,"routeno":"79-E NLO-VSD-SBS-MYH","responsecode":200,"routeparentid":4982},{"union_rowno":3,"row":268,"routeno":"80-A YTTMC-NLO","responsecode":200,"routeparentid":3600},{"union_rowno":3,"row":269,"routeno":"80-D YTTMC-RBJN","responsecode":200,"routeparentid":5236},{"union_rowno":3,"row":270,"routeno":"80-E YTTMC-KNN-2","responsecode":200,"routeparentid":4943},{"union_rowno":3,"row":271,"routeno":"80-F JBN-YTTMC","responsecode":200,"routeparentid":4940},{"union_rowno":3,"row":272,"routeno":"80K YTTMC-SKB","responsecode":200,"routeparentid":5231},{"union_rowno":3,"row":273,"routeno":"82-A YTTMC-SRPS","responsecode":200,"routeparentid":5085},{"union_rowno":3,"row":274,"routeno":"82-A YTTMC-VSD-KBS","responsecode":200,"routeparentid":6093},{"union_rowno":3,"row":275,"routeno":"89-A YTTMC-CVN","responsecode":200,"routeparentid":1765},{"union_rowno":3,"row":276,"routeno":"89-B YTTMC-GBE","responsecode":200,"routeparentid":5060},{"union_rowno":3,"row":277,"routeno":"89-D YTTMC-JCN","responsecode":200,"routeparentid":5020},{"union_rowno":3,"row":278,"routeno":"89-F YTTMC-GBER","responsecode":200,"routeparentid":5027},{"union_rowno":3,"row":279,"routeno":"90-E KBS-YTTMC","responsecode":200,"routeparentid":5128},{"union_rowno":3,"row":280,"routeno":"90-E YTTMC-MTS","responsecode":200,"routeparentid":6140},{"union_rowno":3,"row":281,"routeno":"90E YBS-YRS","responsecode":200,"routeparentid":6676},{"union_rowno":3,"row":282,"routeno":"91-D YBS-KMT","responsecode":200,"routeparentid":1137},{"union_rowno":3,"row":283,"routeno":"95-B YTTMC-SNBS","responsecode":200,"routeparentid":5130},{"union_rowno":3,"row":284,"routeno":"96-B BEMLK-YTTMC","responsecode":200,"routeparentid":3944},{"union_rowno":3,"row":285,"routeno":"96-B YTTMC-BEMLKN","responsecode":200,"routeparentid":4850},{"union_rowno":3,"row":286,"routeno":"96-G YTTMC-SNB","responsecode":200,"routeparentid":3489},{"union_rowno":3,"row":287,"routeno":"98-F YTTMC-GGP-VSL","responsecode":200,"routeparentid":4955},{"union_rowno":3,"row":288,"routeno":"99-A YTTMC-MKN","responsecode":200,"routeparentid":2890},{"union_rowno":3,"row":289,"routeno":"99-B YTTMC-CJP","responsecode":200,"routeparentid":5083},{"union_rowno":3,"row":290,"routeno":"APS-MYH","responsecode":200,"routeparentid":7292},{"union_rowno":3,"row":292,"routeno":"ARMY--001","responsecode":200,"routeparentid":7499},{"union_rowno":3,"row":293,"routeno":"ARMY-002","responsecode":200,"routeparentid":7606},{"union_rowno":3,"row":294,"routeno":"Army-01","responsecode":200,"routeparentid":6120},{"union_rowno":3,"row":295,"routeno":"ARMY-01A","responsecode":200,"routeparentid":7513},{"union_rowno":3,"row":296,"routeno":"ARMY-02","responsecode":200,"routeparentid":7517},{"union_rowno":3,"row":297,"routeno":"ARMY-03","responsecode":200,"routeparentid":7522},{"union_rowno":3,"row":298,"routeno":"ARMY-04","responsecode":200,"routeparentid":7525},{"union_rowno":3,"row":299,"routeno":"ARMY-04A","responsecode":200,"routeparentid":7527},{"union_rowno":3,"row":300,"routeno":"ARMY-09","responsecode":200,"routeparentid":7248},{"union_rowno":3,"row":301,"routeno":"ARMY--1","responsecode":200,"routeparentid":4861},{"union_rowno":3,"row":303,"routeno":"ARMY-10","responsecode":200,"routeparentid":7238},{"union_rowno":3,"row":304,"routeno":"ARMY-11","responsecode":200,"routeparentid":7241},{"union_rowno":3,"row":305,"routeno":"ARMY-16","responsecode":200,"routeparentid":7283},{"union_rowno":3,"row":306,"routeno":"ARMY-17","responsecode":200,"routeparentid":7288},{"union_rowno":3,"row":307,"routeno":"ARMY-2","responsecode":200,"routeparentid":5651},{"union_rowno":3,"row":308,"routeno":"ARMY-3","responsecode":200,"routeparentid":4345},{"union_rowno":3,"row":309,"routeno":"ARMY-5","responsecode":200,"routeparentid":4845},{"union_rowno":3,"row":310,"routeno":"ARMY-6A","responsecode":200,"routeparentid":7630},{"union_rowno":3,"row":311,"routeno":"ARMY-8","responsecode":200,"routeparentid":4794},{"union_rowno":3,"row":312,"routeno":"ARMY-HBL","responsecode":200,"routeparentid":7607},{"union_rowno":3,"row":313,"routeno":"ARMY-KOGILU-YHKOT","responsecode":200,"routeparentid":7550},{"union_rowno":3,"row":314,"routeno":"ARMY-SBS-KBS","responsecode":200,"routeparentid":7239},{"union_rowno":3,"row":315,"routeno":"BC-7H D31G-8MYL","responsecode":200,"routeparentid":5985},{"union_rowno":3,"row":316,"routeno":"BCC-YHKOT","responsecode":200,"routeparentid":7496},{"union_rowno":3,"row":317,"routeno":"BRGR-LFSY","responsecode":200,"routeparentid":5184},{"union_rowno":3,"row":318,"routeno":"D11-YSTF","responsecode":200,"routeparentid":3718},{"union_rowno":3,"row":319,"routeno":"D11-YSTVP","responsecode":200,"routeparentid":4614},{"union_rowno":3,"row":320,"routeno":"D14G-ARMY PTRC","responsecode":200,"routeparentid":7605},{"union_rowno":3,"row":321,"routeno":"D24G-ARMY","responsecode":200,"routeparentid":7279},{"union_rowno":3,"row":322,"routeno":"D24G-BYPMS","responsecode":200,"routeparentid":6020},{"union_rowno":3,"row":323,"routeno":"D24G-TNFY","responsecode":200,"routeparentid":7324},{"union_rowno":3,"row":324,"routeno":"D26-YBS","responsecode":200,"routeparentid":1552},{"union_rowno":3,"row":325,"routeno":"D34G-YLH","responsecode":200,"routeparentid":4460},{"union_rowno":3,"row":326,"routeno":"D35G-YKH","responsecode":200,"routeparentid":5315},{"union_rowno":3,"row":327,"routeno":"D45G-YST","responsecode":200,"routeparentid":4271},{"union_rowno":3,"row":328,"routeno":"D45G-YSTF","responsecode":200,"routeparentid":3442},{"union_rowno":3,"row":329,"routeno":"D48-BYB","responsecode":200,"routeparentid":6088},{"union_rowno":3,"row":330,"routeno":"D48G-BYBD","responsecode":200,"routeparentid":2676},{"union_rowno":3,"row":331,"routeno":"D8-YBS","responsecode":200,"routeparentid":1655},{"union_rowno":3,"row":332,"routeno":"G-10 KBS-THS-YHK","responsecode":200,"routeparentid":7217},{"union_rowno":3,"row":333,"routeno":"G-10 KBS-THS-YSTF","responsecode":200,"routeparentid":7216},{"union_rowno":3,"row":334,"routeno":"G-10 KMT-THS-YSTF","responsecode":200,"routeparentid":7215},{"union_rowno":3,"row":335,"routeno":"G-2 ARMYASC-HSR KEB","responsecode":200,"routeparentid":7518},{"union_rowno":3,"row":336,"routeno":"G-2 ARMYASC-SJP","responsecode":200,"routeparentid":7506},{"union_rowno":3,"row":337,"routeno":"G-6 FLYOVER","responsecode":200,"routeparentid":3984},{"union_rowno":3,"row":338,"routeno":"INFOSYS-12","responsecode":200,"routeparentid":5929},{"union_rowno":3,"row":339,"routeno":"INFOSYS-17A","responsecode":200,"routeparentid":5919},{"union_rowno":3,"row":340,"routeno":"INFOSYS-18","responsecode":200,"routeparentid":5918},{"union_rowno":3,"row":341,"routeno":"INFOSYS-24","responsecode":200,"routeparentid":5845},{"union_rowno":3,"row":342,"routeno":"INFOSYS-27E","responsecode":200,"routeparentid":6110},{"union_rowno":3,"row":343,"routeno":"INFOSYS-28","responsecode":200,"routeparentid":6103},{"union_rowno":3,"row":344,"routeno":"INFOSYS-29","responsecode":200,"routeparentid":6102},{"union_rowno":3,"row":345,"routeno":"INFOSYS-31","responsecode":200,"routeparentid":6104},{"union_rowno":3,"row":346,"routeno":"INFOSYS-32","responsecode":200,"routeparentid":6107},{"union_rowno":3,"row":347,"routeno":"INFOSYS-34","responsecode":200,"routeparentid":6108},{"union_rowno":3,"row":348,"routeno":"INFOSYS-35","responsecode":200,"routeparentid":6109},{"union_rowno":3,"row":349,"routeno":"INFOSYS-52","responsecode":200,"routeparentid":6098},{"union_rowno":3,"row":350,"routeno":"INFOSYS-53","responsecode":200,"routeparentid":6100},{"union_rowno":3,"row":351,"routeno":"INFOSYS-55","responsecode":200,"routeparentid":5901},{"union_rowno":3,"row":352,"routeno":"INFOSYS-58C","responsecode":200,"routeparentid":6101},{"union_rowno":3,"row":353,"routeno":"KBS-1I KBS-ARMYASC","responsecode":200,"routeparentid":7526},{"union_rowno":3,"row":354,"routeno":"KBS-3A FLY","responsecode":200,"routeparentid":1095},{"union_rowno":3,"row":355,"routeno":"KBS-3A YTTMC-ATB","responsecode":200,"routeparentid":5206},{"union_rowno":3,"row":356,"routeno":"KBS-3C FLYOVER","responsecode":200,"routeparentid":1501},{"union_rowno":3,"row":357,"routeno":"KBS-3E FLY","responsecode":200,"routeparentid":6972},{"union_rowno":3,"row":358,"routeno":"KBS-3F FLY VSD-ELC-ATB","responsecode":200,"routeparentid":6494},{"union_rowno":3,"row":359,"routeno":"KBS-ESI-YTTMC","responsecode":200,"routeparentid":4939},{"union_rowno":3,"row":360,"routeno":"KBS-YST-PTH","responsecode":200,"routeparentid":1416},{"union_rowno":3,"row":361,"routeno":"KBS-YTTMC","responsecode":200,"routeparentid":7665},{"union_rowno":3,"row":362,"routeno":"KDG-HBL-YBS","responsecode":200,"routeparentid":7654},{"union_rowno":3,"row":363,"routeno":"KMT-BLS-YPB","responsecode":200,"routeparentid":4842},{"union_rowno":3,"row":364,"routeno":"KMT-YHK-NITTE","responsecode":200,"routeparentid":4511},{"union_rowno":3,"row":365,"routeno":"KRPGH-ARMY","responsecode":200,"routeparentid":7416},{"union_rowno":3,"row":366,"routeno":"KRPGH-BYPBC","responsecode":200,"routeparentid":6578},{"union_rowno":3,"row":367,"routeno":"KRPGH-ITC-ARMY","responsecode":200,"routeparentid":5650},{"union_rowno":3,"row":368,"routeno":"KVDRDO-KRP-YHKOT","responsecode":200,"routeparentid":5254},{"union_rowno":3,"row":369,"routeno":"MADT-YHK","responsecode":200,"routeparentid":4591},{"union_rowno":3,"row":370,"routeno":"MBS-2 MKLC-YHKOT","responsecode":200,"routeparentid":5853},{"union_rowno":3,"row":371,"routeno":"MBS-2 YHK-MNC","responsecode":200,"routeparentid":3713},{"union_rowno":3,"row":372,"routeno":"MBS-2 YHKOT-MKL","responsecode":200,"routeparentid":6233},{"union_rowno":3,"row":373,"routeno":"MBS-6 YST-CVRN","responsecode":200,"routeparentid":4288},{"union_rowno":3,"row":374,"routeno":"MF-250AC YPROLD-CKB","responsecode":200,"routeparentid":3873},{"union_rowno":3,"row":375,"routeno":"MF-28 YTTMC-VRP","responsecode":200,"routeparentid":6292},{"union_rowno":3,"row":376,"routeno":"MF-401 YTTMC-MTKR","responsecode":200,"routeparentid":5870},{"union_rowno":3,"row":377,"routeno":"MF-401KB STBEN-YTTMC","responsecode":200,"routeparentid":4952},{"union_rowno":3,"row":378,"routeno":"MF-500EB BYPMS-ELC","responsecode":200,"routeparentid":3072},{"union_rowno":3,"row":379,"routeno":"MF-7 HYN-BMS","responsecode":200,"routeparentid":4139},{"union_rowno":3,"row":380,"routeno":"MYH-SNBS","responsecode":200,"routeparentid":1250},{"union_rowno":3,"row":381,"routeno":"NICE-7A ELCW-YBS","responsecode":200,"routeparentid":6677},{"union_rowno":3,"row":382,"routeno":"PSS-SYBL","responsecode":200,"routeparentid":4186},{"union_rowno":3,"row":383,"routeno":"PTH-KVRY","responsecode":200,"routeparentid":1194},{"union_rowno":3,"row":384,"routeno":"PTH-MDRY-ATR","responsecode":200,"routeparentid":1532},{"union_rowno":3,"row":385,"routeno":"PTH-YHKOT","responsecode":200,"routeparentid":1177},{"union_rowno":3,"row":386,"routeno":"PTH-YSTF","responsecode":200,"routeparentid":1415},{"union_rowno":3,"row":387,"routeno":"PTH-YSTF5","responsecode":200,"routeparentid":7796},{"union_rowno":3,"row":388,"routeno":"SBS-ARMYPR","responsecode":200,"routeparentid":7549},{"union_rowno":3,"row":389,"routeno":"SBS-MKC-YHK-NITTE","responsecode":200,"routeparentid":6453},{"union_rowno":3,"row":390,"routeno":"SNBS-VIDYA","responsecode":200,"routeparentid":5735},{"union_rowno":3,"row":391,"routeno":"TR-12 MRBS-RMCY","responsecode":200,"routeparentid":2492},{"union_rowno":3,"row":392,"routeno":"TR-12 YTTMC-SNR","responsecode":200,"routeparentid":4888},{"union_rowno":3,"row":393,"routeno":"V-226YBS","responsecode":200,"routeparentid":2350},{"union_rowno":3,"row":394,"routeno":"V-356M FLY","responsecode":200,"routeparentid":2155},{"union_rowno":3,"row":395,"routeno":"V-360B Flyover","responsecode":200,"routeparentid":6552},{"union_rowno":3,"row":396,"routeno":"V-365Y","responsecode":200,"routeparentid":2029},{"union_rowno":3,"row":397,"routeno":"V-500L BYP-BSK","responsecode":200,"routeparentid":6045},{"union_rowno":3,"row":398,"routeno":"VJN-KMT FLy-VSD-SBS","responsecode":200,"routeparentid":7769},{"union_rowno":3,"row":399,"routeno":"VTHM-YHKOT","responsecode":200,"routeparentid":7844}],"Message":"Success","Issuccess":true,"exception":null,"RowCount":410,"responsecode":200}