{"data":[{"union_rowno":3,"row":1,"routeno":"210-Z","responsecode":200,"routeparentid":2395},{"union_rowno":3,"row":2,"routeno":"210-Z BSK-RMLO","responsecode":200,"routeparentid":4617},{"union_rowno":3,"row":3,"routeno":"215-Z","responsecode":200,"routeparentid":2290},{"union_rowno":3,"row":4,"routeno":"227-Z","responsecode":200,"routeparentid":1393},{"union_rowno":3,"row":5,"routeno":"227-ZA","responsecode":200,"routeparentid":1394},{"union_rowno":3,"row":6,"routeno":"227-ZA KMT-KGLHL","responsecode":200,"routeparentid":6975},{"union_rowno":3,"row":7,"routeno":"227-ZA KMT-KLR-TMP","responsecode":200,"routeparentid":7106},{"union_rowno":3,"row":8,"routeno":"238-Z","responsecode":200,"routeparentid":1505},{"union_rowno":3,"row":9,"routeno":"242-Z","responsecode":200,"routeparentid":2903},{"union_rowno":3,"row":10,"routeno":"242-ZB","responsecode":200,"routeparentid":2908},{"union_rowno":3,"row":11,"routeno":"242-ZC","responsecode":200,"routeparentid":2910},{"union_rowno":3,"row":12,"routeno":"242-ZC KBS-CFLS","responsecode":200,"routeparentid":4419},{"union_rowno":3,"row":13,"routeno":"242-ZC KMT-CFLS","responsecode":200,"routeparentid":4424},{"union_rowno":3,"row":14,"routeno":"242-ZD","responsecode":200,"routeparentid":2920},{"union_rowno":3,"row":15,"routeno":"248-Z","responsecode":200,"routeparentid":2317},{"union_rowno":3,"row":16,"routeno":"248-Z KMT-KNW","responsecode":200,"routeparentid":2323},{"union_rowno":3,"row":17,"routeno":"289-A YHKOT-RZKP","responsecode":200,"routeparentid":4733},{"union_rowno":3,"row":18,"routeno":"289-Z","responsecode":200,"routeparentid":3676},{"union_rowno":3,"row":19,"routeno":"290-R SBS-THS-RZP","responsecode":200,"routeparentid":6936},{"union_rowno":3,"row":20,"routeno":"290-Z","responsecode":200,"routeparentid":1326},{"union_rowno":3,"row":21,"routeno":"293 D48G-RZP","responsecode":200,"routeparentid":5004},{"union_rowno":3,"row":22,"routeno":"293-Z","responsecode":200,"routeparentid":5057},{"union_rowno":3,"row":23,"routeno":"293-ZA","responsecode":200,"routeparentid":4541},{"union_rowno":3,"row":24,"routeno":"298-Z","responsecode":200,"routeparentid":5172},{"union_rowno":3,"row":25,"routeno":"298-Z YHK-VJP","responsecode":200,"routeparentid":5207},{"union_rowno":3,"row":26,"routeno":"301-D FAZ-SBS","responsecode":200,"routeparentid":6196},{"union_rowno":3,"row":27,"routeno":"304-Z","responsecode":200,"routeparentid":2384},{"union_rowno":3,"row":28,"routeno":"317-Z","responsecode":200,"routeparentid":6382},{"union_rowno":3,"row":29,"routeno":"342-Z","responsecode":200,"routeparentid":2098},{"union_rowno":3,"row":30,"routeno":"356-Z","responsecode":200,"routeparentid":5331},{"union_rowno":3,"row":31,"routeno":"356-Z ANK-DNMTB","responsecode":200,"routeparentid":6664},{"union_rowno":3,"row":32,"routeno":"356-Z ANK-MSH","responsecode":200,"routeparentid":6612},{"union_rowno":3,"row":33,"routeno":"356-Z D38-ANK","responsecode":200,"routeparentid":3000},{"union_rowno":3,"row":34,"routeno":"356-Z D38G-ANKL","responsecode":200,"routeparentid":5168},{"union_rowno":3,"row":35,"routeno":"356-ZA D38G-KDMS","responsecode":200,"routeparentid":6136},{"union_rowno":3,"row":36,"routeno":"365J-BNZ-JNN","responsecode":200,"routeparentid":7601},{"union_rowno":3,"row":37,"routeno":"365-Z","responsecode":200,"routeparentid":6328},{"union_rowno":3,"row":38,"routeno":"365-Z BGT-MMDH","responsecode":200,"routeparentid":6521},{"union_rowno":3,"row":39,"routeno":"366-Z","responsecode":200,"routeparentid":2246},{"union_rowno":3,"row":40,"routeno":"366-Z ANK-CNP","responsecode":200,"routeparentid":5135},{"union_rowno":3,"row":41,"routeno":"401-Z","responsecode":200,"routeparentid":3467},{"union_rowno":3,"row":42,"routeno":"401-Z GFGC-YBS","responsecode":200,"routeparentid":7329},{"union_rowno":3,"row":43,"routeno":"401-Z SGH-KGR","responsecode":200,"routeparentid":6621},{"union_rowno":3,"row":44,"routeno":"401-ZA","responsecode":200,"routeparentid":3481},{"union_rowno":3,"row":45,"routeno":"D10G-FZF","responsecode":200,"routeparentid":6194}],"Message":"Success","Issuccess":true,"exception":null,"RowCount":45,"responsecode":200}