{"data":[{"fromstationname":"Kempegowda Bus Station","tostationname":"Avalahalli BDA Park Girinagara","fromstationid":"20921","tostationid":"21686","apptime":"00:30:00","distance":"10.50","platformname":null,"platformnumber":null,"baynumber":null,"tripdetails":[{"starttime":"05:30","endtime":"06:00"},{"starttime":"07:25","endtime":"08:15"},{"starttime":"09:15","endtime":"10:05"},{"starttime":"11:15","endtime":"12:00"},{"starttime":"14:40","endtime":"15:20"},{"starttime":"15:00","endtime":"15:45"},{"starttime":"16:10","endtime":"16:50"},{"starttime":"16:40","endtime":"17:30"},{"starttime":"18:45","endtime":"19:35"}]}],"Message":"Success","Issuccess":true,"exception":null,"RowCount":1,"responsecode":200}