{"data":[{"fromstationname":"Shivajinagara Bus Station","tostationname":"Kaval Byrasandra","fromstationid":"21172","tostationid":"20918","apptime":"00:40:00","distance":"9.40","platformname":null,"platformnumber":null,"baynumber":null,"tripdetails":[{"starttime":"08:45","endtime":"09:25"},{"starttime":"10:15","endtime":"10:55"},{"starttime":"12:10","endtime":"12:50"},{"starttime":"13:40","endtime":"14:20"},{"starttime":"15:10","endtime":"15:50"},{"starttime":"16:40","endtime":"17:20"},{"starttime":"18:35","endtime":"19:15"}]}],"Message":"Success","Issuccess":true,"exception":null,"RowCount":1,"responsecode":200}