{"data":[{"fromstationname":"Shivajinagara Bus Station","tostationname":"Kempegowda Bus Station","fromstationid":"21172","tostationid":"20922","apptime":"00:10:00","distance":"3.50","platformname":null,"platformnumber":null,"baynumber":null,"tripdetails":[{"starttime":"10:00","endtime":"10:10"},{"starttime":"10:05","endtime":"10:30"},{"starttime":"10:30","endtime":"10:55"},{"starttime":"12:55","endtime":"13:20"},{"starttime":"13:20","endtime":"13:50"},{"starttime":"22:05","endtime":"22:35"},{"starttime":"22:05","endtime":"22:35"}]}],"Message":"Success","Issuccess":true,"exception":null,"RowCount":1,"responsecode":200}