{"data":[{"fromstationname":"Neelasandra Bus Stand","tostationname":"KR Market","fromstationid":"22349","tostationid":"20940","apptime":"00:35:00","distance":"7.00","platformname":null,"platformnumber":null,"baynumber":null,"tripdetails":[{"starttime":"14:30","endtime":"15:05"},{"starttime":"15:50","endtime":"16:25"},{"starttime":"17:35","endtime":"18:10"},{"starttime":"18:55","endtime":"19:30"},{"starttime":"20:30","endtime":"21:05"}]}],"Message":"Success","Issuccess":true,"exception":null,"RowCount":1,"responsecode":200}