{"data":[{"fromstationname":"Neelasandra Rose Garden","tostationname":"Shivajinagara Bus Station","fromstationid":"22351","tostationid":"21173","apptime":"00:25:00","distance":"5.80","platformname":null,"platformnumber":null,"baynumber":null,"tripdetails":[{"starttime":"06:35","endtime":"07:00"},{"starttime":"06:35","endtime":"07:00"},{"starttime":"06:35","endtime":"07:00"},{"starttime":"06:35","endtime":"07:00"},{"starttime":"06:35","endtime":"07:00"},{"starttime":"06:35","endtime":"07:00"},{"starttime":"06:35","endtime":"07:00"},{"starttime":"06:35","endtime":"07:00"},{"starttime":"06:35","endtime":"07:00"},{"starttime":"06:35","endtime":"07:00"},{"starttime":"06:35","endtime":"07:00"},{"starttime":"06:35","endtime":"07:00"},{"starttime":"06:35","endtime":"07:00"},{"starttime":"06:35","endtime":"07:00"},{"starttime":"06:35","endtime":"07:00"},{"starttime":"06:35","endtime":"07:00"},{"starttime":"06:35","endtime":"07:00"},{"starttime":"07:35","endtime":"08:00"},{"starttime":"07:35","endtime":"08:00"},{"starttime":"07:35","endtime":"08:00"},{"starttime":"07:35","endtime":"08:00"},{"starttime":"07:35","endtime":"08:00"},{"starttime":"07:35","endtime":"08:00"},{"starttime":"07:35","endtime":"08:00"},{"starttime":"07:35","endtime":"08:00"},{"starttime":"07:35","endtime":"08:00"},{"starttime":"07:35","endtime":"08:00"},{"starttime":"07:35","endtime":"08:00"},{"starttime":"07:35","endtime":"08:00"},{"starttime":"07:35","endtime":"08:00"},{"starttime":"07:35","endtime":"08:00"},{"starttime":"07:35","endtime":"08:00"},{"starttime":"07:35","endtime":"08:00"},{"starttime":"07:35","endtime":"08:00"},{"starttime":"08:35","endtime":"09:05"},{"starttime":"08:35","endtime":"09:05"},{"starttime":"08:35","endtime":"09:05"},{"starttime":"08:35","endtime":"09:05"},{"starttime":"08:35","endtime":"09:05"},{"starttime":"08:35","endtime":"09:05"},{"starttime":"08:35","endtime":"09:05"},{"starttime":"08:35","endtime":"09:05"},{"starttime":"08:35","endtime":"09:05"},{"starttime":"08:35","endtime":"09:05"},{"starttime":"08:35","endtime":"09:05"},{"starttime":"08:35","endtime":"09:05"},{"starttime":"08:35","endtime":"09:05"},{"starttime":"08:35","endtime":"09:05"},{"starttime":"08:35","endtime":"09:05"},{"starttime":"08:35","endtime":"09:05"},{"starttime":"08:35","endtime":"09:05"},{"starttime":"09:40","endtime":"10:05"},{"starttime":"09:40","endtime":"10:05"},{"starttime":"09:40","endtime":"10:05"},{"starttime":"09:40","endtime":"10:05"},{"starttime":"09:40","endtime":"10:05"},{"starttime":"09:40","endtime":"10:05"},{"starttime":"09:40","endtime":"10:05"},{"starttime":"09:40","endtime":"10:05"},{"starttime":"09:40","endtime":"10:05"},{"starttime":"09:40","endtime":"10:05"},{"starttime":"09:40","endtime":"10:05"},{"starttime":"09:40","endtime":"10:05"},{"starttime":"09:40","endtime":"10:05"},{"starttime":"09:40","endtime":"10:05"},{"starttime":"09:40","endtime":"10:05"},{"starttime":"09:40","endtime":"10:05"},{"starttime":"09:40","endtime":"10:05"},{"starttime":"11:05","endtime":"11:30"},{"starttime":"11:05","endtime":"11:30"},{"starttime":"11:05","endtime":"11:30"},{"starttime":"11:05","endtime":"11:30"},{"starttime":"11:05","endtime":"11:30"},{"starttime":"11:05","endtime":"11:30"},{"starttime":"11:05","endtime":"11:30"},{"starttime":"11:05","endtime":"11:30"},{"starttime":"11:05","endtime":"11:30"},{"starttime":"11:05","endtime":"11:30"},{"starttime":"11:05","endtime":"11:30"},{"starttime":"11:05","endtime":"11:30"},{"starttime":"11:05","endtime":"11:30"},{"starttime":"11:05","endtime":"11:30"},{"starttime":"11:05","endtime":"11:30"},{"starttime":"11:05","endtime":"11:30"},{"starttime":"11:05","endtime":"11:30"},{"starttime":"13:10","endtime":"13:35"},{"starttime":"14:50","endtime":"15:15"},{"starttime":"15:50","endtime":"16:15"},{"starttime":"16:50","endtime":"17:15"},{"starttime":"17:35","endtime":"18:00"},{"starttime":"17:50","endtime":"18:15"}]}],"Message":"Success","Issuccess":true,"exception":null,"RowCount":1,"responsecode":200}