{"data":[{"fromstationname":"Kumaraswamy Layout 2nd Stage","tostationname":"Kempegowda Bus Station","fromstationid":"38355","tostationid":"20922","apptime":"00:55:00","distance":"13.40","platformname":null,"platformnumber":null,"baynumber":null,"tripdetails":[{"starttime":"05:50","endtime":"06:45"},{"starttime":"08:15","endtime":"09:10"},{"starttime":"10:15","endtime":"11:10"},{"starttime":"16:05","endtime":"17:00"},{"starttime":"18:05","endtime":"19:00"},{"starttime":"20:30","endtime":"21:20"}]}],"Message":"Success","Issuccess":true,"exception":null,"RowCount":1,"responsecode":200}