{"data":[{"fromstationname":"Jagajeevanram Nagara","tostationname":"Shivajinagara Bus Station","fromstationid":"33081","tostationid":"21173","apptime":"00:25:00","distance":"8.50","platformname":null,"platformnumber":null,"baynumber":null,"tripdetails":[{"starttime":"06:35","endtime":"07:00"},{"starttime":"07:45","endtime":"08:25"},{"starttime":"07:50","endtime":"08:30"},{"starttime":"09:15","endtime":"09:55"},{"starttime":"09:20","endtime":"10:00"},{"starttime":"10:40","endtime":"11:15"},{"starttime":"11:15","endtime":"11:45"},{"starttime":"11:40","endtime":"12:10"},{"starttime":"12:25","endtime":"13:00"},{"starttime":"12:25","endtime":"12:55"},{"starttime":"12:50","endtime":"13:20"},{"starttime":"13:35","endtime":"14:05"},{"starttime":"13:45","endtime":"14:20"},{"starttime":"14:00","endtime":"14:30"},{"starttime":"14:45","endtime":"15:15"},{"starttime":"15:05","endtime":"15:45"},{"starttime":"15:10","endtime":"15:40"},{"starttime":"16:35","endtime":"17:15"},{"starttime":"16:45","endtime":"17:25"},{"starttime":"16:45","endtime":"17:25"},{"starttime":"18:15","endtime":"18:55"},{"starttime":"18:30","endtime":"19:10"},{"starttime":"20:00","endtime":"20:40"},{"starttime":"20:30","endtime":"21:10"}]}],"Message":"Success","Issuccess":true,"exception":null,"RowCount":1,"responsecode":200}