{"data":[{"fromstationname":"Mukkodlu","tostationname":"KR Market (Kalasipalya)","fromstationid":"22309","tostationid":"20945","apptime":"01:20:00","distance":"31.80","platformname":null,"platformnumber":null,"baynumber":null,"tripdetails":[{"starttime":"05:00","endtime":"06:20"},{"starttime":"08:00","endtime":"09:40"},{"starttime":"08:25","endtime":"09:45"},{"starttime":"14:25","endtime":"15:45"},{"starttime":"15:35","endtime":"17:00"},{"starttime":"17:15","endtime":"18:40"}]}],"Message":"Success","Issuccess":true,"exception":null,"RowCount":1,"responsecode":200}