{"data":[{"fromstationname":"Harohalli","tostationname":"Banashankari Bus Station","fromstationid":"35185","tostationid":"20624","apptime":"01:40:00","distance":"32.50","platformname":null,"platformnumber":null,"baynumber":null,"tripdetails":[{"starttime":"05:00","endtime":"06:40"},{"starttime":"07:00","endtime":"08:30"},{"starttime":"08:35","endtime":"10:10"},{"starttime":"09:00","endtime":"10:30"},{"starttime":"10:35","endtime":"12:05"},{"starttime":"12:20","endtime":"13:55"},{"starttime":"15:30","endtime":"17:00"},{"starttime":"15:45","endtime":"17:20"},{"starttime":"18:00","endtime":"19:40"},{"starttime":"19:55","endtime":"21:30"}]}],"Message":"Success","Issuccess":true,"exception":null,"RowCount":1,"responsecode":200}