{"data":[{"fromstationname":"Banashankari Bus Station","tostationname":"Harohalli","fromstationid":"20623","tostationid":"35155","apptime":"01:40:00","distance":"32.50","platformname":null,"platformnumber":null,"baynumber":null,"tripdetails":[{"starttime":"06:50","endtime":"08:30"},{"starttime":"06:55","endtime":"08:30"},{"starttime":"07:00","endtime":"08:30"},{"starttime":"08:30","endtime":"10:00"},{"starttime":"08:35","endtime":"10:05"},{"starttime":"10:40","endtime":"12:15"},{"starttime":"12:40","endtime":"14:00"},{"starttime":"13:40","endtime":"15:10"},{"starttime":"14:05","endtime":"15:40"},{"starttime":"15:45","endtime":"17:25"},{"starttime":"17:50","endtime":"19:25"},{"starttime":"19:50","endtime":"21:30"},{"starttime":"20:01","endtime":"21:31"}]}],"Message":"Success","Issuccess":true,"exception":null,"RowCount":1,"responsecode":200}