{"data":[{"fromstationname":"Kempegowda Bus Station","tostationname":"Avalahalli BDA Layout","fromstationid":"20921","tostationid":"21684","apptime":"01:10:00","distance":"17.90","platformname":null,"platformnumber":null,"baynumber":null,"tripdetails":[{"starttime":"07:25","endtime":"08:35"},{"starttime":"10:20","endtime":"11:30"},{"starttime":"15:25","endtime":"16:35"},{"starttime":"18:20","endtime":"19:30"}]}],"Message":"Success","Issuccess":true,"exception":null,"RowCount":1,"responsecode":200}