{"data":[{"fromstationname":"11th Block Anjanapura","tostationname":"KR Market (Kalasipalya)","fromstationid":"29373","tostationid":"20945","apptime":"01:00:00","distance":"17.80","platformname":null,"platformnumber":null,"baynumber":null,"tripdetails":[{"starttime":"10:40","endtime":"11:40"},{"starttime":"13:55","endtime":"14:55"},{"starttime":"16:35","endtime":"17:35"},{"starttime":"16:50","endtime":"17:50"}]}],"Message":"Success","Issuccess":true,"exception":null,"RowCount":1,"responsecode":200}