{"data":[{"fromstationname":"Anjanapura","tostationname":"KR Market (Kalasipalya)","fromstationid":"23651","tostationid":"20945","apptime":"01:00:00","distance":"14.50","platformname":null,"platformnumber":null,"baynumber":null,"tripdetails":[{"starttime":"05:00","endtime":"06:00"},{"starttime":"05:55","endtime":"06:50"},{"starttime":"06:20","endtime":"07:15"},{"starttime":"06:20","endtime":"07:15"},{"starttime":"07:10","endtime":"08:15"},{"starttime":"09:55","endtime":"11:00"},{"starttime":"10:10","endtime":"11:05"},{"starttime":"13:00","endtime":"13:55"},{"starttime":"13:25","endtime":"14:20"},{"starttime":"15:10","endtime":"16:15"},{"starttime":"16:00","endtime":"17:00"},{"starttime":"17:30","endtime":"18:35"},{"starttime":"18:15","endtime":"19:15"},{"starttime":"19:50","endtime":"20:50"},{"starttime":"21:20","endtime":"22:20"},{"starttime":"21:25","endtime":"22:25"},{"starttime":"22:40","endtime":"23:35"}]}],"Message":"Success","Issuccess":true,"exception":null,"RowCount":1,"responsecode":200}