{"data":[{"fromstationname":"KR Market (Kalasipalya)","tostationname":"Anjanapura 2nd Block","fromstationid":"20944","tostationid":"35473","apptime":"01:00:00","distance":"15.90","platformname":null,"platformnumber":null,"baynumber":null,"tripdetails":[{"starttime":"07:20","endtime":"08:20"},{"starttime":"09:30","endtime":"10:30"},{"starttime":"15:35","endtime":"16:35"},{"starttime":"17:45","endtime":"18:45"}]}],"Message":"Success","Issuccess":true,"exception":null,"RowCount":1,"responsecode":200}