{"data":[{"fromstationname":"Dodda Basti","tostationname":"KR Market (Kalasipalya)","fromstationid":"25008","tostationid":"20945","apptime":"00:50:00","distance":"14.90","platformname":null,"platformnumber":null,"baynumber":null,"tripdetails":[{"starttime":"05:20","endtime":"06:10"},{"starttime":"07:10","endtime":"08:05"},{"starttime":"07:25","endtime":"08:25"},{"starttime":"08:00","endtime":"08:55"},{"starttime":"09:25","endtime":"10:20"},{"starttime":"09:50","endtime":"10:50"},{"starttime":"10:00","endtime":"10:50"},{"starttime":"15:15","endtime":"16:10"},{"starttime":"15:40","endtime":"16:35"},{"starttime":"15:50","endtime":"16:40"},{"starttime":"17:15","endtime":"18:10"},{"starttime":"17:45","endtime":"18:40"},{"starttime":"19:20","endtime":"20:20"},{"starttime":"19:45","endtime":"20:40"},{"starttime":"20:00","endtime":"20:55"}]}],"Message":"Success","Issuccess":true,"exception":null,"RowCount":1,"responsecode":200}