{"data":[{"fromstationname":"KR Market (Kalasipalya)","tostationname":"Dodda Basti","fromstationid":"20944","tostationid":"22731","apptime":"00:50:00","distance":"14.90","platformname":null,"platformnumber":null,"baynumber":null,"tripdetails":[{"starttime":"06:15","endtime":"07:05"},{"starttime":"08:10","endtime":"09:05"},{"starttime":"08:30","endtime":"09:30"},{"starttime":"09:00","endtime":"09:55"},{"starttime":"10:40","endtime":"11:35"},{"starttime":"10:55","endtime":"11:45"},{"starttime":"13:50","endtime":"14:45"},{"starttime":"14:25","endtime":"15:20"},{"starttime":"14:30","endtime":"15:20"},{"starttime":"14:45","endtime":"15:35"},{"starttime":"16:15","endtime":"17:10"},{"starttime":"16:45","endtime":"17:40"},{"starttime":"16:55","endtime":"17:50"},{"starttime":"17:55","endtime":"18:50"},{"starttime":"17:55","endtime":"18:50"},{"starttime":"18:15","endtime":"19:15"},{"starttime":"18:45","endtime":"19:40"},{"starttime":"20:50","endtime":"21:45"},{"starttime":"21:00","endtime":"22:00"},{"starttime":"21:10","endtime":"22:00"}]}],"Message":"Success","Issuccess":true,"exception":null,"RowCount":1,"responsecode":200}