{"data":[{"fromstationname":"KR Market (Kalasipalya)","tostationname":"Bettanapalya","fromstationid":"20944","tostationid":"32005","apptime":"00:55:00","distance":"18.90","platformname":null,"platformnumber":null,"baynumber":null,"tripdetails":[{"starttime":"06:30","endtime":"07:25"},{"starttime":"08:35","endtime":"09:35"},{"starttime":"14:10","endtime":"15:10"},{"starttime":"16:40","endtime":"17:50"},{"starttime":"20:00","endtime":"21:10"}]}],"Message":"Success","Issuccess":true,"exception":null,"RowCount":1,"responsecode":200}