{"data":[{"fromstationname":"Ullala Satelite Town","tostationname":"KR Market (Kalasipalya)","fromstationid":"21238","tostationid":"20945","apptime":"00:45:00","distance":"15.00","platformname":null,"platformnumber":null,"baynumber":null,"tripdetails":[{"starttime":"05:00","endtime":"05:45"},{"starttime":"05:55","endtime":"06:40"},{"starttime":"06:05","endtime":"06:50"},{"starttime":"06:15","endtime":"07:00"},{"starttime":"06:50","endtime":"07:40"},{"starttime":"07:40","endtime":"08:35"},{"starttime":"07:50","endtime":"08:45"},{"starttime":"08:05","endtime":"09:00"},{"starttime":"08:45","endtime":"09:40"},{"starttime":"10:00","endtime":"10:55"},{"starttime":"10:15","endtime":"11:10"},{"starttime":"10:30","endtime":"11:25"},{"starttime":"15:05","endtime":"16:00"},{"starttime":"16:10","endtime":"17:05"},{"starttime":"16:20","endtime":"17:15"},{"starttime":"16:50","endtime":"17:45"},{"starttime":"17:35","endtime":"18:30"},{"starttime":"18:25","endtime":"19:20"},{"starttime":"18:35","endtime":"19:30"},{"starttime":"18:55","endtime":"19:50"},{"starttime":"19:35","endtime":"20:30"},{"starttime":"20:35","endtime":"21:30"},{"starttime":"21:00","endtime":"21:55"},{"starttime":"21:20","endtime":"22:15"}]}],"Message":"Success","Issuccess":true,"exception":null,"RowCount":1,"responsecode":200}