{"data":[{"fromstationname":"KR Market (Kalasipalya)","tostationname":"Ullala Satelite Town","fromstationid":"20944","tostationid":"21238","apptime":"00:45:00","distance":"15.00","platformname":null,"platformnumber":null,"baynumber":null,"tripdetails":[{"starttime":"05:00","endtime":"05:45"},{"starttime":"05:20","endtime":"06:05"},{"starttime":"06:45","endtime":"07:35"},{"starttime":"06:55","endtime":"07:45"},{"starttime":"07:05","endtime":"08:00"},{"starttime":"08:45","endtime":"09:40"},{"starttime":"08:55","endtime":"09:50"},{"starttime":"09:05","endtime":"10:00"},{"starttime":"10:20","endtime":"11:15"},{"starttime":"15:05","endtime":"16:00"},{"starttime":"15:15","endtime":"16:05"},{"starttime":"15:25","endtime":"16:20"},{"starttime":"17:25","endtime":"18:20"},{"starttime":"17:35","endtime":"18:30"},{"starttime":"17:55","endtime":"18:50"},{"starttime":"19:25","endtime":"20:20"},{"starttime":"19:35","endtime":"20:30"},{"starttime":"19:55","endtime":"20:50"},{"starttime":"22:00","endtime":"22:50"}]}],"Message":"Success","Issuccess":true,"exception":null,"RowCount":1,"responsecode":200}