{"data":[{"fromstationname":"9th Block Jayanagara (40th Cross)","tostationname":"Panchasheela Nagara","fromstationid":"22950","tostationid":"27593","apptime":"01:00:00","distance":"16.20","platformname":null,"platformnumber":null,"baynumber":null,"tripdetails":[{"starttime":"05:45","endtime":"06:45"},{"starttime":"08:05","endtime":"09:15"},{"starttime":"10:50","endtime":"12:00"},{"starttime":"16:05","endtime":"17:15"},{"starttime":"19:00","endtime":"20:10"}]}],"Message":"Success","Issuccess":true,"exception":null,"RowCount":1,"responsecode":200}