{"data":[{"fromstationname":"Bande Maramma Bus Station","tostationname":"Shivajinagara Bus Station","fromstationid":"29691","tostationid":"21173","apptime":"00:55:00","distance":"15.50","platformname":null,"platformnumber":null,"baynumber":null,"tripdetails":[{"starttime":"05:30","endtime":"06:25"},{"starttime":"07:30","endtime":"08:25"},{"starttime":"09:35","endtime":"10:35"},{"starttime":"14:55","endtime":"16:00"},{"starttime":"17:40","endtime":"18:45"},{"starttime":"20:00","endtime":"21:05"}]}],"Message":"Success","Issuccess":true,"exception":null,"RowCount":1,"responsecode":200}