{"data":[{"fromstationname":"Kempegowda Bus Station","tostationname":"Muddinapalya Junction","fromstationid":"20921","tostationid":"33149","apptime":"00:35:00","distance":"14.50","platformname":null,"platformnumber":null,"baynumber":null,"tripdetails":[{"starttime":"05:00","endtime":"05:35"},{"starttime":"05:00","endtime":"05:40"},{"starttime":"05:45","endtime":"06:30"},{"starttime":"07:30","endtime":"08:25"},{"starttime":"09:30","endtime":"10:25"},{"starttime":"14:55","endtime":"15:50"},{"starttime":"16:05","endtime":"17:00"},{"starttime":"16:05","endtime":"17:00"},{"starttime":"17:20","endtime":"18:20"},{"starttime":"18:30","endtime":"19:30"},{"starttime":"18:30","endtime":"19:30"},{"starttime":"19:30","endtime":"20:30"},{"starttime":"20:45","endtime":"21:35"},{"starttime":"20:45","endtime":"21:35"},{"starttime":"21:55","endtime":"22:40"}]}],"Message":"Success","Issuccess":true,"exception":null,"RowCount":1,"responsecode":200}