{"data":[{"fromstationname":"Kempegowda Bus Station","tostationname":"Lingadeeranahalli","fromstationid":"20921","tostationid":"33699","apptime":"00:45:00","distance":"14.80","platformname":null,"platformnumber":null,"baynumber":null,"tripdetails":[{"starttime":"05:20","endtime":"06:05"},{"starttime":"07:10","endtime":"08:05"},{"starttime":"13:50","endtime":"14:40"},{"starttime":"15:40","endtime":"16:30"},{"starttime":"17:55","endtime":"18:55"},{"starttime":"20:05","endtime":"21:00"}]}],"Message":"Success","Issuccess":true,"exception":null,"RowCount":1,"responsecode":200}