{"data":[{"fromstationname":"Kempegowda Bus Station","tostationname":"Brahma Devara Gudda","fromstationid":"20921","tostationid":"30192","apptime":"00:50:00","distance":"15.60","platformname":null,"platformnumber":null,"baynumber":null,"tripdetails":[{"starttime":"06:15","endtime":"07:05"},{"starttime":"06:15","endtime":"07:05"},{"starttime":"08:05","endtime":"08:55"},{"starttime":"08:05","endtime":"08:55"},{"starttime":"10:20","endtime":"11:10"},{"starttime":"10:20","endtime":"11:10"}]}],"Message":"Success","Issuccess":true,"exception":null,"RowCount":1,"responsecode":200}