{"data":[{"fromstationname":"Lakshmaiah Badavane","tostationname":"Kempegowda Bus Station","fromstationid":"33669","tostationid":"20922","apptime":"01:00:00","distance":"16.50","platformname":null,"platformnumber":null,"baynumber":null,"tripdetails":[{"starttime":"08:35","endtime":"09:35"},{"starttime":"11:35","endtime":"12:30"},{"starttime":"13:35","endtime":"14:30"},{"starttime":"16:25","endtime":"17:25"}]}],"Message":"Success","Issuccess":true,"exception":null,"RowCount":1,"responsecode":200}