{"data":[{"fromstationname":"Depot-35 Gate","tostationname":"KR Market (Kalasipalya)","fromstationid":"35809","tostationid":"20945","apptime":"00:59:00","distance":"19.90","platformname":null,"platformnumber":null,"baynumber":null,"tripdetails":[{"starttime":"09:01","endtime":"10:00"},{"starttime":"13:46","endtime":"14:45"},{"starttime":"13:56","endtime":"14:55"},{"starttime":"14:01","endtime":"15:15"},{"starttime":"14:16","endtime":"15:15"},{"starttime":"14:16","endtime":"15:30"}]}],"Message":"Success","Issuccess":true,"exception":null,"RowCount":1,"responsecode":200}