{"data":[{"fromstationname":"KR Market (Kalasipalya)","tostationname":"Depot-35 Gate","fromstationid":"20944","tostationid":"35809","apptime":"01:09:00","distance":"19.90","platformname":null,"platformnumber":null,"baynumber":null,"tripdetails":[{"starttime":"09:50","endtime":"10:59"},{"starttime":"10:00","endtime":"10:59"},{"starttime":"10:00","endtime":"10:58"},{"starttime":"10:05","endtime":"11:03"},{"starttime":"18:00","endtime":"18:59"}]}],"Message":"Success","Issuccess":true,"exception":null,"RowCount":1,"responsecode":200}