{"data":[{"fromstationname":"Depot-35 Gate","tostationname":"Tavarekere","fromstationid":"35809","tostationid":"21610","apptime":"00:14:00","distance":"6.40","platformname":null,"platformnumber":null,"baynumber":null,"tripdetails":[{"starttime":"07:31","endtime":"07:45"},{"starttime":"07:41","endtime":"07:55"},{"starttime":"07:51","endtime":"08:05"},{"starttime":"08:41","endtime":"08:55"},{"starttime":"09:01","endtime":"09:15"},{"starttime":"14:26","endtime":"14:40"},{"starttime":"14:31","endtime":"14:45"}]}],"Message":"Success","Issuccess":true,"exception":null,"RowCount":1,"responsecode":200}