{"data":[{"fromstationname":"Depot-35 Gate","tostationname":"Kempegowda Bus Station","fromstationid":"35809","tostationid":"20922","apptime":"00:54:00","distance":"18.90","platformname":null,"platformnumber":null,"baynumber":null,"tripdetails":[{"starttime":"06:16","endtime":"07:10"},{"starttime":"06:41","endtime":"07:40"},{"starttime":"12:46","endtime":"13:45"},{"starttime":"14:46","endtime":"15:45"},{"starttime":"19:01","endtime":"20:20"}]}],"Message":"Success","Issuccess":true,"exception":null,"RowCount":1,"responsecode":200}