{"data":[{"fromstationname":"KR Market (Kalasipalya)","tostationname":"Kittanahalli","fromstationid":"20944","tostationid":"33496","apptime":"01:10:00","distance":"26.90","platformname":null,"platformnumber":null,"baynumber":null,"tripdetails":[{"starttime":"06:05","endtime":"07:15"},{"starttime":"08:45","endtime":"10:10"},{"starttime":"15:20","endtime":"16:40"},{"starttime":"18:35","endtime":"19:55"},{"starttime":"21:15","endtime":"22:25"}]}],"Message":"Success","Issuccess":true,"exception":null,"RowCount":1,"responsecode":200}