{"data":[{"fromstationname":"Kempegowda Bus Station","tostationname":"Sri Kamadhenu Kshetra","fromstationid":"20921","tostationid":"38094","apptime":"01:00:00","distance":"23.00","platformname":null,"platformnumber":null,"baynumber":null,"tripdetails":[{"starttime":"06:40","endtime":"07:40"},{"starttime":"09:00","endtime":"10:10"},{"starttime":"11:50","endtime":"13:05"},{"starttime":"16:00","endtime":"17:15"},{"starttime":"18:55","endtime":"20:10"}]}],"Message":"Success","Issuccess":true,"exception":null,"RowCount":1,"responsecode":200}