{"data":[{"fromstationname":"Kempegowda Bus Station","tostationname":"Peenya 2nd Stage","fromstationid":"20921","tostationid":"21080","apptime":"00:50:00","distance":"13.20","platformname":null,"platformnumber":null,"baynumber":null,"tripdetails":[{"starttime":"05:00","endtime":"05:50"},{"starttime":"05:40","endtime":"06:30"},{"starttime":"06:25","endtime":"07:15"},{"starttime":"06:55","endtime":"07:45"},{"starttime":"07:15","endtime":"08:05"},{"starttime":"07:30","endtime":"08:20"},{"starttime":"07:40","endtime":"08:35"},{"starttime":"07:50","endtime":"08:45"},{"starttime":"08:50","endtime":"09:45"},{"starttime":"09:10","endtime":"10:05"},{"starttime":"09:25","endtime":"10:20"},{"starttime":"09:35","endtime":"10:30"},{"starttime":"09:50","endtime":"10:45"},{"starttime":"09:50","endtime":"10:45"},{"starttime":"10:00","endtime":"10:55"},{"starttime":"10:25","endtime":"11:15"},{"starttime":"11:15","endtime":"12:10"},{"starttime":"11:15","endtime":"12:05"},{"starttime":"11:20","endtime":"12:20"},{"starttime":"11:50","endtime":"12:25"},{"starttime":"12:15","endtime":"13:05"},{"starttime":"12:15","endtime":"13:10"},{"starttime":"12:25","endtime":"13:15"},{"starttime":"13:00","endtime":"13:50"},{"starttime":"13:15","endtime":"14:05"},{"starttime":"14:05","endtime":"14:55"},{"starttime":"14:15","endtime":"15:05"},{"starttime":"15:10","endtime":"16:00"},{"starttime":"15:10","endtime":"16:00"},{"starttime":"15:10","endtime":"16:00"},{"starttime":"15:10","endtime":"16:00"},{"starttime":"15:10","endtime":"16:00"},{"starttime":"15:10","endtime":"16:00"},{"starttime":"15:10","endtime":"16:00"},{"starttime":"15:10","endtime":"16:00"},{"starttime":"15:10","endtime":"16:00"},{"starttime":"15:10","endtime":"16:00"},{"starttime":"15:10","endtime":"16:00"},{"starttime":"15:10","endtime":"16:00"},{"starttime":"15:10","endtime":"16:00"},{"starttime":"15:10","endtime":"16:00"},{"starttime":"15:10","endtime":"16:00"},{"starttime":"15:10","endtime":"16:00"},{"starttime":"15:10","endtime":"16:00"},{"starttime":"15:10","endtime":"16:00"},{"starttime":"15:30","endtime":"16:25"},{"starttime":"15:55","endtime":"16:50"},{"starttime":"16:25","endtime":"17:15"},{"starttime":"16:35","endtime":"17:25"},{"starttime":"16:45","endtime":"17:40"},{"starttime":"16:55","endtime":"17:50"},{"starttime":"17:00","endtime":"17:55"},{"starttime":"18:00","endtime":"18:55"},{"starttime":"18:05","endtime":"19:00"},{"starttime":"18:20","endtime":"19:15"},{"starttime":"18:45","endtime":"19:40"},{"starttime":"18:50","endtime":"19:45"},{"starttime":"18:55","endtime":"19:50"},{"starttime":"19:00","endtime":"19:55"},{"starttime":"19:25","endtime":"20:20"},{"starttime":"19:30","endtime":"20:20"},{"starttime":"19:30","endtime":"20:20"},{"starttime":"19:30","endtime":"20:20"},{"starttime":"19:30","endtime":"20:20"},{"starttime":"19:30","endtime":"20:20"},{"starttime":"19:30","endtime":"20:20"},{"starttime":"19:30","endtime":"20:20"},{"starttime":"19:30","endtime":"20:20"},{"starttime":"19:30","endtime":"20:20"},{"starttime":"19:30","endtime":"20:20"},{"starttime":"19:30","endtime":"20:20"},{"starttime":"19:30","endtime":"20:20"},{"starttime":"19:30","endtime":"20:20"},{"starttime":"19:30","endtime":"20:20"},{"starttime":"19:30","endtime":"20:20"},{"starttime":"19:30","endtime":"20:20"},{"starttime":"19:30","endtime":"20:20"},{"starttime":"19:30","endtime":"20:20"},{"starttime":"20:05","endtime":"21:00"},{"starttime":"20:20","endtime":"21:15"},{"starttime":"20:45","endtime":"21:35"},{"starttime":"20:55","endtime":"21:50"},{"starttime":"21:00","endtime":"21:50"},{"starttime":"21:45","endtime":"22:35"},{"starttime":"21:45","endtime":"22:35"},{"starttime":"21:45","endtime":"22:35"},{"starttime":"21:45","endtime":"22:35"},{"starttime":"21:45","endtime":"22:35"},{"starttime":"21:45","endtime":"22:35"},{"starttime":"21:45","endtime":"22:35"}]}],"Message":"Success","Issuccess":true,"exception":null,"RowCount":1,"responsecode":200}