{"data":[{"fromstationname":"Peenya 2nd Stage","tostationname":"Kempegowda Bus Station","fromstationid":"21080","tostationid":"20922","apptime":"00:50:00","distance":"14.20","platformname":null,"platformnumber":null,"baynumber":null,"tripdetails":[{"starttime":"05:30","endtime":"06:20"},{"starttime":"06:00","endtime":"06:50"},{"starttime":"06:20","endtime":"07:10"},{"starttime":"06:35","endtime":"07:25"},{"starttime":"06:50","endtime":"07:40"},{"starttime":"06:50","endtime":"07:45"},{"starttime":"07:20","endtime":"08:10"},{"starttime":"07:45","endtime":"08:35"},{"starttime":"07:50","endtime":"08:45"},{"starttime":"08:10","endtime":"09:05"},{"starttime":"08:25","endtime":"09:20"},{"starttime":"08:35","endtime":"09:30"},{"starttime":"08:50","endtime":"09:45"},{"starttime":"08:50","endtime":"09:45"},{"starttime":"09:00","endtime":"09:55"},{"starttime":"09:55","endtime":"10:50"},{"starttime":"10:35","endtime":"11:30"},{"starttime":"10:50","endtime":"11:45"},{"starttime":"10:50","endtime":"11:45"},{"starttime":"11:00","endtime":"11:55"},{"starttime":"11:00","endtime":"11:55"},{"starttime":"11:15","endtime":"12:10"},{"starttime":"11:20","endtime":"12:10"},{"starttime":"12:35","endtime":"13:10"},{"starttime":"13:10","endtime":"14:00"},{"starttime":"13:20","endtime":"14:10"},{"starttime":"13:40","endtime":"14:40"},{"starttime":"14:00","endtime":"14:55"},{"starttime":"14:15","endtime":"15:10"},{"starttime":"14:20","endtime":"15:05"},{"starttime":"14:35","endtime":"15:25"},{"starttime":"14:55","endtime":"15:50"},{"starttime":"15:30","endtime":"16:25"},{"starttime":"15:30","endtime":"16:20"},{"starttime":"15:40","endtime":"16:30"},{"starttime":"16:05","endtime":"16:55"},{"starttime":"16:05","endtime":"16:55"},{"starttime":"16:05","endtime":"16:55"},{"starttime":"16:05","endtime":"16:55"},{"starttime":"16:05","endtime":"16:55"},{"starttime":"16:05","endtime":"16:55"},{"starttime":"16:05","endtime":"16:55"},{"starttime":"16:05","endtime":"16:55"},{"starttime":"16:05","endtime":"16:55"},{"starttime":"16:05","endtime":"16:55"},{"starttime":"16:05","endtime":"16:55"},{"starttime":"16:05","endtime":"16:55"},{"starttime":"16:05","endtime":"16:55"},{"starttime":"16:05","endtime":"16:55"},{"starttime":"16:05","endtime":"16:55"},{"starttime":"16:05","endtime":"16:55"},{"starttime":"16:05","endtime":"16:55"},{"starttime":"16:05","endtime":"16:55"},{"starttime":"16:55","endtime":"17:50"},{"starttime":"17:20","endtime":"18:15"},{"starttime":"17:45","endtime":"18:40"},{"starttime":"17:50","endtime":"18:45"},{"starttime":"17:55","endtime":"18:50"},{"starttime":"18:00","endtime":"18:55"},{"starttime":"18:25","endtime":"19:20"},{"starttime":"19:05","endtime":"20:00"},{"starttime":"19:20","endtime":"20:15"},{"starttime":"19:45","endtime":"20:40"},{"starttime":"19:55","endtime":"20:50"},{"starttime":"20:00","endtime":"20:55"},{"starttime":"20:25","endtime":"21:15"},{"starttime":"20:25","endtime":"21:15"},{"starttime":"20:25","endtime":"21:15"},{"starttime":"20:25","endtime":"21:15"},{"starttime":"20:25","endtime":"21:15"},{"starttime":"20:25","endtime":"21:15"},{"starttime":"20:25","endtime":"21:15"},{"starttime":"20:25","endtime":"21:15"},{"starttime":"20:25","endtime":"21:15"},{"starttime":"20:25","endtime":"21:15"},{"starttime":"20:25","endtime":"21:15"},{"starttime":"20:25","endtime":"21:15"},{"starttime":"20:25","endtime":"21:15"},{"starttime":"20:25","endtime":"21:15"},{"starttime":"20:25","endtime":"21:15"},{"starttime":"20:25","endtime":"21:15"},{"starttime":"20:25","endtime":"21:15"},{"starttime":"20:25","endtime":"21:15"},{"starttime":"21:20","endtime":"22:15"},{"starttime":"21:45","endtime":"22:30"}]}],"Message":"Success","Issuccess":true,"exception":null,"RowCount":1,"responsecode":200}