{"data":[{"fromstationname":"Hesaraghatta","tostationname":"Kempegowda Bus Station","fromstationid":"35751","tostationid":"20922","apptime":"01:20:00","distance":"26.60","platformname":null,"platformnumber":null,"baynumber":null,"tripdetails":[{"starttime":"05:10","endtime":"06:30"},{"starttime":"08:00","endtime":"09:30"},{"starttime":"08:25","endtime":"09:55"},{"starttime":"09:10","endtime":"10:40"},{"starttime":"10:05","endtime":"11:35"},{"starttime":"12:45","endtime":"14:15"},{"starttime":"15:25","endtime":"16:55"},{"starttime":"15:35","endtime":"17:05"},{"starttime":"16:15","endtime":"17:45"},{"starttime":"16:35","endtime":"18:05"},{"starttime":"19:10","endtime":"20:40"},{"starttime":"19:35","endtime":"21:05"},{"starttime":"19:45","endtime":"21:05"}]}],"Message":"Success","Issuccess":true,"exception":null,"RowCount":1,"responsecode":200}