{"data":[{"fromstationname":"Nelamangala Bus Station","tostationname":"KR Market","fromstationid":"22353","tostationid":"22199","apptime":"01:30:00","distance":"31.50","platformname":null,"platformnumber":null,"baynumber":null,"tripdetails":[{"starttime":"04:30","endtime":"06:00"},{"starttime":"04:45","endtime":"06:15"},{"starttime":"07:30","endtime":"09:10"},{"starttime":"08:00","endtime":"09:50"},{"starttime":"08:10","endtime":"09:50"},{"starttime":"08:10","endtime":"09:50"},{"starttime":"08:35","endtime":"10:15"},{"starttime":"10:00","endtime":"11:45"},{"starttime":"10:05","endtime":"11:45"},{"starttime":"12:05","endtime":"13:45"},{"starttime":"12:30","endtime":"14:10"},{"starttime":"12:35","endtime":"14:15"},{"starttime":"12:50","endtime":"14:20"},{"starttime":"13:55","endtime":"15:35"},{"starttime":"14:10","endtime":"15:50"},{"starttime":"14:15","endtime":"15:55"},{"starttime":"14:20","endtime":"15:50"},{"starttime":"14:20","endtime":"16:00"},{"starttime":"14:30","endtime":"16:05"},{"starttime":"14:45","endtime":"16:25"},{"starttime":"14:50","endtime":"16:30"},{"starttime":"15:00","endtime":"16:40"},{"starttime":"15:10","endtime":"16:50"},{"starttime":"16:05","endtime":"17:45"},{"starttime":"16:20","endtime":"18:00"},{"starttime":"16:45","endtime":"18:30"},{"starttime":"17:45","endtime":"19:25"},{"starttime":"19:10","endtime":"21:00"},{"starttime":"20:40","endtime":"22:10"}]}],"Message":"Success","Issuccess":true,"exception":null,"RowCount":1,"responsecode":200}