{"data":[{"fromstationname":"KR Market","tostationname":"Nelamangala Bus Station","fromstationid":"22199","tostationid":"27411","apptime":"01:30:00","distance":"31.50","platformname":null,"platformnumber":null,"baynumber":null,"tripdetails":[{"starttime":"06:05","endtime":"07:35"},{"starttime":"06:20","endtime":"08:00"},{"starttime":"07:05","endtime":"08:45"},{"starttime":"09:05","endtime":"10:50"},{"starttime":"09:30","endtime":"11:10"},{"starttime":"09:30","endtime":"11:10"},{"starttime":"09:40","endtime":"11:20"},{"starttime":"09:40","endtime":"11:25"},{"starttime":"09:50","endtime":"11:30"},{"starttime":"09:55","endtime":"11:35"},{"starttime":"09:55","endtime":"11:35"},{"starttime":"10:05","endtime":"11:45"},{"starttime":"10:10","endtime":"11:45"},{"starttime":"10:20","endtime":"12:00"},{"starttime":"10:25","endtime":"12:05"},{"starttime":"10:45","endtime":"12:25"},{"starttime":"11:15","endtime":"12:45"},{"starttime":"11:50","endtime":"13:30"},{"starttime":"11:50","endtime":"13:35"},{"starttime":"13:50","endtime":"15:30"},{"starttime":"14:20","endtime":"16:00"},{"starttime":"14:25","endtime":"16:05"},{"starttime":"14:40","endtime":"16:20"},{"starttime":"16:05","endtime":"17:55"},{"starttime":"16:05","endtime":"17:45"},{"starttime":"16:20","endtime":"18:00"},{"starttime":"16:35","endtime":"18:25"},{"starttime":"18:30","endtime":"20:10"}]}],"Message":"Success","Issuccess":true,"exception":null,"RowCount":1,"responsecode":200}