{"data":[{"fromstationname":"Kempegowda Bus Station","tostationname":"Nelamangala Bus Station","fromstationid":"20921","tostationid":"27411","apptime":"01:10:00","distance":"27.50","platformname":null,"platformnumber":null,"baynumber":null,"tripdetails":[{"starttime":"03:45","endtime":"04:55"},{"starttime":"04:15","endtime":"05:30"},{"starttime":"04:30","endtime":"05:50"},{"starttime":"05:00","endtime":"06:15"},{"starttime":"05:45","endtime":"07:15"},{"starttime":"06:35","endtime":"08:05"},{"starttime":"06:40","endtime":"07:55"},{"starttime":"06:40","endtime":"07:55"},{"starttime":"06:40","endtime":"07:55"},{"starttime":"06:40","endtime":"07:55"},{"starttime":"06:40","endtime":"07:55"},{"starttime":"06:40","endtime":"07:55"},{"starttime":"06:40","endtime":"07:55"},{"starttime":"06:40","endtime":"07:55"},{"starttime":"06:40","endtime":"07:55"},{"starttime":"06:40","endtime":"07:55"},{"starttime":"06:40","endtime":"07:55"},{"starttime":"06:40","endtime":"07:55"},{"starttime":"06:40","endtime":"07:55"},{"starttime":"06:40","endtime":"07:55"},{"starttime":"06:40","endtime":"07:55"},{"starttime":"06:40","endtime":"07:55"},{"starttime":"06:40","endtime":"07:55"},{"starttime":"06:40","endtime":"07:55"},{"starttime":"06:40","endtime":"07:55"},{"starttime":"06:40","endtime":"07:55"},{"starttime":"06:40","endtime":"07:55"},{"starttime":"06:40","endtime":"07:55"},{"starttime":"06:40","endtime":"07:55"},{"starttime":"06:40","endtime":"07:55"},{"starttime":"06:40","endtime":"07:55"},{"starttime":"06:40","endtime":"07:55"},{"starttime":"06:40","endtime":"07:55"},{"starttime":"06:40","endtime":"07:55"},{"starttime":"06:40","endtime":"07:55"},{"starttime":"09:05","endtime":"10:35"},{"starttime":"09:20","endtime":"10:40"},{"starttime":"09:35","endtime":"11:05"},{"starttime":"09:45","endtime":"11:05"},{"starttime":"09:50","endtime":"11:30"},{"starttime":"10:00","endtime":"11:20"},{"starttime":"10:00","endtime":"11:20"},{"starttime":"10:00","endtime":"11:20"},{"starttime":"10:00","endtime":"11:20"},{"starttime":"10:00","endtime":"11:20"},{"starttime":"10:00","endtime":"11:20"},{"starttime":"10:00","endtime":"11:20"},{"starttime":"10:00","endtime":"11:20"},{"starttime":"10:00","endtime":"11:20"},{"starttime":"10:00","endtime":"11:20"},{"starttime":"10:00","endtime":"11:20"},{"starttime":"10:00","endtime":"11:20"},{"starttime":"10:00","endtime":"11:30"},{"starttime":"10:00","endtime":"11:20"},{"starttime":"10:00","endtime":"11:20"},{"starttime":"10:00","endtime":"11:20"},{"starttime":"10:00","endtime":"11:20"},{"starttime":"10:00","endtime":"11:20"},{"starttime":"10:00","endtime":"11:20"},{"starttime":"10:00","endtime":"11:20"},{"starttime":"10:00","endtime":"11:20"},{"starttime":"10:00","endtime":"11:20"},{"starttime":"10:00","endtime":"11:20"},{"starttime":"10:00","endtime":"11:20"},{"starttime":"10:00","endtime":"11:20"},{"starttime":"10:00","endtime":"11:20"},{"starttime":"10:00","endtime":"11:20"},{"starttime":"10:00","endtime":"11:20"},{"starttime":"10:00","endtime":"11:20"},{"starttime":"10:00","endtime":"11:20"},{"starttime":"10:05","endtime":"11:35"},{"starttime":"10:10","endtime":"11:40"}]}],"Message":"Success","Issuccess":true,"exception":null,"RowCount":1,"responsecode":200}