{"data":[{"fromstationname":"Nelamangala Bus Station","tostationname":"Kempegowda Bus Station","fromstationid":"22353","tostationid":"20922","apptime":"01:15:00","distance":"27.50","platformname":null,"platformnumber":null,"baynumber":null,"tripdetails":[{"starttime":"05:15","endtime":"06:30"},{"starttime":"05:20","endtime":"06:35"},{"starttime":"05:20","endtime":"06:35"},{"starttime":"05:20","endtime":"06:35"},{"starttime":"05:20","endtime":"06:35"},{"starttime":"05:20","endtime":"06:35"},{"starttime":"05:20","endtime":"06:35"},{"starttime":"05:20","endtime":"06:35"},{"starttime":"05:20","endtime":"06:35"},{"starttime":"05:20","endtime":"06:35"},{"starttime":"05:20","endtime":"06:35"},{"starttime":"05:20","endtime":"06:35"},{"starttime":"05:20","endtime":"06:35"},{"starttime":"05:20","endtime":"06:35"},{"starttime":"05:20","endtime":"06:35"},{"starttime":"05:20","endtime":"06:35"},{"starttime":"05:20","endtime":"06:35"},{"starttime":"05:20","endtime":"06:35"},{"starttime":"05:20","endtime":"06:35"},{"starttime":"05:20","endtime":"06:35"},{"starttime":"05:20","endtime":"06:35"},{"starttime":"05:20","endtime":"06:35"},{"starttime":"05:20","endtime":"06:35"},{"starttime":"05:20","endtime":"06:35"},{"starttime":"05:20","endtime":"06:35"},{"starttime":"05:20","endtime":"06:35"},{"starttime":"05:20","endtime":"06:35"},{"starttime":"05:20","endtime":"06:35"},{"starttime":"05:20","endtime":"06:35"},{"starttime":"05:20","endtime":"06:35"},{"starttime":"05:25","endtime":"06:45"},{"starttime":"05:30","endtime":"06:55"},{"starttime":"05:40","endtime":"07:10"},{"starttime":"05:55","endtime":"07:15"},{"starttime":"08:05","endtime":"09:35"},{"starttime":"08:05","endtime":"09:45"},{"starttime":"08:25","endtime":"09:55"},{"starttime":"08:25","endtime":"09:55"},{"starttime":"08:25","endtime":"09:55"},{"starttime":"08:25","endtime":"09:55"},{"starttime":"08:25","endtime":"09:55"},{"starttime":"08:25","endtime":"09:55"},{"starttime":"08:25","endtime":"09:55"},{"starttime":"08:25","endtime":"09:55"},{"starttime":"08:25","endtime":"09:55"},{"starttime":"08:25","endtime":"09:55"},{"starttime":"08:25","endtime":"09:55"},{"starttime":"08:25","endtime":"09:55"},{"starttime":"08:25","endtime":"09:55"},{"starttime":"08:25","endtime":"09:55"},{"starttime":"08:25","endtime":"09:55"},{"starttime":"08:25","endtime":"09:55"},{"starttime":"08:25","endtime":"09:55"},{"starttime":"08:25","endtime":"09:55"},{"starttime":"08:25","endtime":"09:55"},{"starttime":"08:25","endtime":"09:55"},{"starttime":"08:25","endtime":"09:55"},{"starttime":"08:25","endtime":"09:55"},{"starttime":"08:25","endtime":"09:55"},{"starttime":"08:25","endtime":"09:55"},{"starttime":"08:25","endtime":"09:55"},{"starttime":"08:25","endtime":"09:55"},{"starttime":"08:25","endtime":"09:55"},{"starttime":"08:25","endtime":"09:55"},{"starttime":"08:25","endtime":"09:55"},{"starttime":"08:40","endtime":"10:10"},{"starttime":"08:40","endtime":"10:10"},{"starttime":"08:40","endtime":"10:10"},{"starttime":"08:40","endtime":"10:10"},{"starttime":"08:40","endtime":"10:10"},{"starttime":"08:40","endtime":"10:10"},{"starttime":"08:40","endtime":"10:10"},{"starttime":"08:40","endtime":"10:10"},{"starttime":"08:40","endtime":"10:10"},{"starttime":"08:40","endtime":"10:10"},{"starttime":"08:40","endtime":"10:10"},{"starttime":"08:40","endtime":"10:10"},{"starttime":"08:40","endtime":"10:10"},{"starttime":"08:40","endtime":"10:10"},{"starttime":"08:40","endtime":"10:10"},{"starttime":"08:40","endtime":"10:10"},{"starttime":"08:40","endtime":"10:10"},{"starttime":"08:40","endtime":"10:10"},{"starttime":"08:40","endtime":"10:10"},{"starttime":"08:40","endtime":"10:10"},{"starttime":"08:40","endtime":"10:10"},{"starttime":"08:40","endtime":"10:10"},{"starttime":"08:40","endtime":"10:10"},{"starttime":"08:40","endtime":"10:10"},{"starttime":"08:40","endtime":"10:10"},{"starttime":"08:40","endtime":"10:10"},{"starttime":"08:40","endtime":"10:10"},{"starttime":"08:40","endtime":"10:10"}]}],"Message":"Success","Issuccess":true,"exception":null,"RowCount":1,"responsecode":200}