{"data":[{"fromstationname":"Hebbala","tostationname":"Shivajinagara Bus Station","fromstationid":"20817","tostationid":"21173","apptime":"00:35:00","distance":"11.20","platformname":null,"platformnumber":null,"baynumber":null,"tripdetails":[{"starttime":"09:30","endtime":"10:05"},{"starttime":"10:10","endtime":"10:45"},{"starttime":"11:15","endtime":"11:50"},{"starttime":"11:55","endtime":"12:30"},{"starttime":"13:15","endtime":"13:50"},{"starttime":"15:00","endtime":"15:35"},{"starttime":"16:20","endtime":"16:55"},{"starttime":"18:00","endtime":"18:35"}]}],"Message":"Success","Issuccess":true,"exception":null,"RowCount":1,"responsecode":200}