{"data":[{"fromstationname":"Hebbala","tostationname":"Kempegowda Bus Station","fromstationid":"20817","tostationid":"20922","apptime":"00:45:00","distance":"11.90","platformname":null,"platformnumber":null,"baynumber":null,"tripdetails":[{"starttime":"06:50","endtime":"07:35"},{"starttime":"07:05","endtime":"07:50"},{"starttime":"07:15","endtime":"08:00"},{"starttime":"07:25","endtime":"08:10"},{"starttime":"08:20","endtime":"09:00"},{"starttime":"08:55","endtime":"09:35"},{"starttime":"09:10","endtime":"09:55"},{"starttime":"09:20","endtime":"10:05"},{"starttime":"09:40","endtime":"10:30"},{"starttime":"10:35","endtime":"11:20"},{"starttime":"10:50","endtime":"11:35"},{"starttime":"11:00","endtime":"11:45"},{"starttime":"11:45","endtime":"12:25"},{"starttime":"13:40","endtime":"14:20"},{"starttime":"14:15","endtime":"15:00"},{"starttime":"14:30","endtime":"15:15"},{"starttime":"14:35","endtime":"15:20"},{"starttime":"15:35","endtime":"16:15"},{"starttime":"16:35","endtime":"17:20"},{"starttime":"16:40","endtime":"17:25"},{"starttime":"17:05","endtime":"17:45"},{"starttime":"18:05","endtime":"18:55"},{"starttime":"18:20","endtime":"19:10"},{"starttime":"18:25","endtime":"19:15"},{"starttime":"19:50","endtime":"20:35"},{"starttime":"20:05","endtime":"20:50"},{"starttime":"20:10","endtime":"20:55"}]}],"Message":"Success","Issuccess":true,"exception":null,"RowCount":1,"responsecode":200}