{"data":[{"fromstationname":"Hebbala","tostationname":"Kempegowda Bus Station","fromstationid":"20817","tostationid":"20922","apptime":"00:45:00","distance":"11.90","platformname":null,"platformnumber":null,"baynumber":null,"tripdetails":[{"starttime":"07:05","endtime":"07:50"},{"starttime":"09:10","endtime":"09:55"},{"starttime":"10:50","endtime":"11:35"},{"starttime":"14:30","endtime":"15:15"},{"starttime":"16:35","endtime":"17:20"},{"starttime":"18:20","endtime":"19:10"},{"starttime":"20:05","endtime":"20:50"}]}],"Message":"Success","Issuccess":true,"exception":null,"RowCount":1,"responsecode":200}