{"data":[{"fromstationname":"Doddaballapura Bus Stand","tostationname":"Kempegowda Bus Station","fromstationid":"25068","tostationid":"20922","apptime":"01:35:00","distance":"38.30","platformname":null,"platformnumber":null,"baynumber":null,"tripdetails":[{"starttime":"07:05","endtime":"08:40"},{"starttime":"07:05","endtime":"08:40"},{"starttime":"07:05","endtime":"08:40"},{"starttime":"07:05","endtime":"08:40"},{"starttime":"07:05","endtime":"08:40"},{"starttime":"07:05","endtime":"08:40"},{"starttime":"07:05","endtime":"08:40"},{"starttime":"07:05","endtime":"08:40"},{"starttime":"07:05","endtime":"08:40"},{"starttime":"07:05","endtime":"08:40"},{"starttime":"07:05","endtime":"08:40"},{"starttime":"07:05","endtime":"08:40"},{"starttime":"07:05","endtime":"08:40"},{"starttime":"07:05","endtime":"08:40"},{"starttime":"07:05","endtime":"08:40"},{"starttime":"07:05","endtime":"08:40"},{"starttime":"07:05","endtime":"08:40"},{"starttime":"07:05","endtime":"08:40"},{"starttime":"07:05","endtime":"08:40"},{"starttime":"07:05","endtime":"08:40"},{"starttime":"07:05","endtime":"08:40"},{"starttime":"07:05","endtime":"08:40"},{"starttime":"07:05","endtime":"08:40"},{"starttime":"07:05","endtime":"08:40"},{"starttime":"07:05","endtime":"08:40"},{"starttime":"07:05","endtime":"08:40"},{"starttime":"07:05","endtime":"08:40"},{"starttime":"07:05","endtime":"08:40"},{"starttime":"07:05","endtime":"08:40"},{"starttime":"07:05","endtime":"08:40"},{"starttime":"07:05","endtime":"08:40"},{"starttime":"07:05","endtime":"08:40"},{"starttime":"07:05","endtime":"08:40"},{"starttime":"07:05","endtime":"08:40"},{"starttime":"07:05","endtime":"08:40"},{"starttime":"07:05","endtime":"08:40"},{"starttime":"07:05","endtime":"08:40"},{"starttime":"07:05","endtime":"08:40"},{"starttime":"07:05","endtime":"08:40"},{"starttime":"07:05","endtime":"08:40"},{"starttime":"08:10","endtime":"09:45"},{"starttime":"08:10","endtime":"09:45"},{"starttime":"14:25","endtime":"15:55"}]}],"Message":"Success","Issuccess":true,"exception":null,"RowCount":1,"responsecode":200}