{"data":[{"fromstationname":"Doddaballapura Bus Stand","tostationname":"NES Office","fromstationid":"25068","tostationid":"22357","apptime":"00:50:00","distance":"22.10","platformname":null,"platformnumber":null,"baynumber":null,"tripdetails":[{"starttime":"10:50","endtime":"11:40"},{"starttime":"10:50","endtime":"11:40"},{"starttime":"10:50","endtime":"11:40"},{"starttime":"10:50","endtime":"11:40"},{"starttime":"10:50","endtime":"11:40"},{"starttime":"10:50","endtime":"11:40"},{"starttime":"10:50","endtime":"11:40"},{"starttime":"10:50","endtime":"11:40"},{"starttime":"10:50","endtime":"11:40"},{"starttime":"10:50","endtime":"11:40"},{"starttime":"10:50","endtime":"11:40"},{"starttime":"10:50","endtime":"11:40"},{"starttime":"10:50","endtime":"11:40"},{"starttime":"10:50","endtime":"11:40"},{"starttime":"10:50","endtime":"11:40"},{"starttime":"10:50","endtime":"11:40"},{"starttime":"10:50","endtime":"11:40"},{"starttime":"10:50","endtime":"11:40"},{"starttime":"10:50","endtime":"11:40"},{"starttime":"10:50","endtime":"11:40"},{"starttime":"10:50","endtime":"11:40"},{"starttime":"10:50","endtime":"11:40"},{"starttime":"10:50","endtime":"11:40"},{"starttime":"10:50","endtime":"11:40"},{"starttime":"10:50","endtime":"11:40"},{"starttime":"10:50","endtime":"11:40"},{"starttime":"10:50","endtime":"11:40"},{"starttime":"10:50","endtime":"11:40"},{"starttime":"10:50","endtime":"11:40"},{"starttime":"10:50","endtime":"11:40"},{"starttime":"10:50","endtime":"11:40"},{"starttime":"10:50","endtime":"11:40"},{"starttime":"10:50","endtime":"11:40"},{"starttime":"10:50","endtime":"11:40"},{"starttime":"10:50","endtime":"11:40"},{"starttime":"10:50","endtime":"11:40"},{"starttime":"10:50","endtime":"11:40"},{"starttime":"10:50","endtime":"11:40"},{"starttime":"10:50","endtime":"11:40"},{"starttime":"10:50","endtime":"11:40"},{"starttime":"11:10","endtime":"12:10"}]}],"Message":"Success","Issuccess":true,"exception":null,"RowCount":1,"responsecode":200}