{"data":[{"fromstationname":"Bagalur","tostationname":"Yalahanka Satellite Town","fromstationid":"21699","tostationid":"22821","apptime":"00:45:00","distance":"13.00","platformname":null,"platformnumber":null,"baynumber":null,"tripdetails":[{"starttime":"07:05","endtime":"07:50"},{"starttime":"08:45","endtime":"09:30"},{"starttime":"10:50","endtime":"11:35"},{"starttime":"11:35","endtime":"12:20"},{"starttime":"13:15","endtime":"14:00"},{"starttime":"14:45","endtime":"15:30"},{"starttime":"16:25","endtime":"17:10"},{"starttime":"18:30","endtime":"19:15"}]}],"Message":"Success","Issuccess":true,"exception":null,"RowCount":1,"responsecode":200}