{"data":[{"fromstationname":"Yelahanka Old Town","tostationname":"Bande Kodigehallipalya Cross","fromstationid":"22640","tostationid":"31876","apptime":"00:35:00","distance":"15.80","platformname":null,"platformnumber":null,"baynumber":null,"tripdetails":[{"starttime":"09:30","endtime":"10:05"},{"starttime":"14:10","endtime":"14:45"},{"starttime":"18:55","endtime":"19:30"},{"starttime":"20:40","endtime":"21:15"}]}],"Message":"Success","Issuccess":true,"exception":null,"RowCount":1,"responsecode":200}