{"data":[{"fromstationname":"Yalahanka Satellite Town","tostationname":"Bagalur","fromstationid":"22821","tostationid":"21698","apptime":"00:45:00","distance":"13.00","platformname":null,"platformnumber":null,"baynumber":null,"tripdetails":[{"starttime":"07:55","endtime":"08:40"},{"starttime":"10:00","endtime":"10:45"},{"starttime":"10:45","endtime":"11:30"},{"starttime":"11:40","endtime":"12:25"},{"starttime":"12:25","endtime":"13:10"},{"starttime":"14:30","endtime":"15:15"},{"starttime":"15:35","endtime":"16:20"},{"starttime":"17:40","endtime":"18:25"},{"starttime":"19:20","endtime":"20:05"}]}],"Message":"Success","Issuccess":true,"exception":null,"RowCount":1,"responsecode":200}