{"data":[{"fromstationname":"Shivajinagara Bus Station","tostationname":"Yalahanka Satellite Town","fromstationid":"21172","tostationid":"22646","apptime":"01:30:00","distance":"24.50","platformname":null,"platformnumber":null,"baynumber":null,"tripdetails":[{"starttime":"08:35","endtime":"10:05"},{"starttime":"09:35","endtime":"11:05"},{"starttime":"13:05","endtime":"14:30"},{"starttime":"16:05","endtime":"17:35"}]}],"Message":"Success","Issuccess":true,"exception":null,"RowCount":1,"responsecode":200}