{"data":[{"fromstationname":"Nagaraesh Nagenahalli Dinne","tostationname":"Shivajinagara Bus Station","fromstationid":"29211","tostationid":"21173","apptime":"00:50:00","distance":"15.80","platformname":null,"platformnumber":null,"baynumber":null,"tripdetails":[{"starttime":"07:35","endtime":"08:25"},{"starttime":"09:25","endtime":"10:15"},{"starttime":"11:40","endtime":"12:30"},{"starttime":"13:30","endtime":"14:20"},{"starttime":"15:45","endtime":"16:35"}]}],"Message":"Success","Issuccess":true,"exception":null,"RowCount":1,"responsecode":200}