{"data":[{"fromstationname":"Shivajinagara Bus Station","tostationname":"K Narayanapura Main Bus Stand","fromstationid":"21172","tostationid":"33199","apptime":"00:50:00","distance":"16.20","platformname":null,"platformnumber":null,"baynumber":null,"tripdetails":[{"starttime":"08:40","endtime":"09:30"},{"starttime":"09:35","endtime":"10:30"},{"starttime":"11:55","endtime":"12:45"},{"starttime":"13:45","endtime":"14:35"},{"starttime":"16:00","endtime":"16:55"},{"starttime":"18:05","endtime":"19:05"}]}],"Message":"Success","Issuccess":true,"exception":null,"RowCount":1,"responsecode":200}