{"data":[{"fromstationname":"KR Market","tostationname":"Mylanahalli","fromstationid":"20940","tostationid":"34015","apptime":"01:30:00","distance":"32.70","platformname":null,"platformnumber":null,"baynumber":null,"tripdetails":[{"starttime":"07:20","endtime":"08:50"},{"starttime":"09:55","endtime":"11:40"},{"starttime":"14:55","endtime":"16:40"},{"starttime":"18:00","endtime":"19:30"},{"starttime":"19:00","endtime":"20:40"}]}],"Message":"Success","Issuccess":true,"exception":null,"RowCount":1,"responsecode":200}