{"data":[{"fromstationname":"Dodda Gubbi","tostationname":"Shivajinagara Bus Station","fromstationid":"32506","tostationid":"21173","apptime":"01:00:00","distance":"17.40","platformname":null,"platformnumber":null,"baynumber":null,"tripdetails":[{"starttime":"08:35","endtime":"09:35"},{"starttime":"11:10","endtime":"12:10"},{"starttime":"14:10","endtime":"15:10"},{"starttime":"16:45","endtime":"17:45"},{"starttime":"18:55","endtime":"19:55"}]}],"Message":"Success","Issuccess":true,"exception":null,"RowCount":1,"responsecode":200}