{"data":[{"fromstationname":"KR Market","tostationname":"Gundur Colony","fromstationid":"22199","tostationid":"32792","apptime":"01:20:00","distance":"28.80","platformname":null,"platformnumber":null,"baynumber":null,"tripdetails":[{"starttime":"06:45","endtime":"08:05"},{"starttime":"10:00","endtime":"11:20"},{"starttime":"16:35","endtime":"18:05"},{"starttime":"18:05","endtime":"19:30"},{"starttime":"20:00","endtime":"21:20"}]}],"Message":"Success","Issuccess":true,"exception":null,"RowCount":1,"responsecode":200}