{"data":[{"fromstationname":"Malleshpalya New Bus Station(Vignananagar)","tostationname":"Kempegowda Bus Station","fromstationid":"37193","tostationid":"20922","apptime":"01:00:00","distance":"16.40","platformname":null,"platformnumber":null,"baynumber":null,"tripdetails":[{"starttime":"08:25","endtime":"09:25"},{"starttime":"11:15","endtime":"12:15"},{"starttime":"13:25","endtime":"14:25"},{"starttime":"16:00","endtime":"17:00"}]}],"Message":"Success","Issuccess":true,"exception":null,"RowCount":1,"responsecode":200}