{"data":[{"fromstationname":"HSR Layout 2nd Sector","tostationname":"Kempegowda Bus Station","fromstationid":"22902","tostationid":"20922","apptime":"01:20:00","distance":"19.30","platformname":null,"platformnumber":null,"baynumber":null,"tripdetails":[{"starttime":"08:35","endtime":"09:55"},{"starttime":"09:05","endtime":"10:25"},{"starttime":"16:35","endtime":"17:55"},{"starttime":"16:50","endtime":"18:10"}]}],"Message":"Success","Issuccess":true,"exception":null,"RowCount":1,"responsecode":200}