{"data":[{"fromstationname":"Kempegowda Bus Station","tostationname":"HSR Layout 2nd Sector","fromstationid":"20921","tostationid":"24051","apptime":"01:20:00","distance":"19.30","platformname":null,"platformnumber":null,"baynumber":null,"tripdetails":[{"starttime":"14:30","endtime":"15:50"},{"starttime":"15:00","endtime":"16:20"},{"starttime":"18:00","endtime":"19:20"},{"starttime":"18:15","endtime":"19:35"}]}],"Message":"Success","Issuccess":true,"exception":null,"RowCount":1,"responsecode":200}