{"data":[{"fromstationname":"KR Market (Kalasipalya)","tostationname":"Kodandaramanagara","fromstationid":"20944","tostationid":"33509","apptime":"01:10:00","distance":"19.80","platformname":null,"platformnumber":null,"baynumber":null,"tripdetails":[{"starttime":"06:25","endtime":"07:35"},{"starttime":"09:15","endtime":"10:30"},{"starttime":"14:15","endtime":"15:25"},{"starttime":"17:15","endtime":"18:30"},{"starttime":"20:20","endtime":"21:30"}]}],"Message":"Success","Issuccess":true,"exception":null,"RowCount":1,"responsecode":200}