{"data":[{"fromstationname":"Vishwapriya Layout Cross","tostationname":"Kempegowda Bus Station","fromstationid":"23850","tostationid":"20922","apptime":"01:25:00","distance":"18.00","platformname":null,"platformnumber":null,"baynumber":null,"tripdetails":[{"starttime":"08:30","endtime":"09:55"},{"starttime":"11:15","endtime":"12:25"},{"starttime":"14:25","endtime":"15:35"},{"starttime":"16:10","endtime":"17:20"},{"starttime":"16:55","endtime":"18:05"}]}],"Message":"Success","Issuccess":true,"exception":null,"RowCount":1,"responsecode":200}