{"data":[{"fromstationname":"Bengaluru Central Jail","tostationname":"Shivajinagara Bus Station","fromstationid":"23389","tostationid":"21173","apptime":"01:05:00","distance":"16.50","platformname":null,"platformnumber":null,"baynumber":null,"tripdetails":[{"starttime":"07:35","endtime":"08:40"},{"starttime":"10:35","endtime":"11:35"},{"starttime":"12:45","endtime":"13:45"},{"starttime":"15:35","endtime":"16:40"}]}],"Message":"Success","Issuccess":true,"exception":null,"RowCount":1,"responsecode":200}