{"data":[{"fromstationname":"Kempegowda Bus Station","tostationname":"Hosapalya Kudlu Gate","fromstationid":"20921","tostationid":"23924","apptime":"00:55:00","distance":"19.00","platformname":null,"platformnumber":null,"baynumber":null,"tripdetails":[{"starttime":"06:30","endtime":"07:25"},{"starttime":"08:30","endtime":"09:55"},{"starttime":"14:00","endtime":"15:30"},{"starttime":"17:10","endtime":"18:40"},{"starttime":"20:45","endtime":"21:50"}]}],"Message":"Success","Issuccess":true,"exception":null,"RowCount":1,"responsecode":200}