{"data":[{"fromstationname":"Kempegowda Bus Station","tostationname":"Depot-27 Gate","fromstationid":"20921","tostationid":"36343","apptime":"01:29:00","distance":"32.40","platformname":null,"platformnumber":null,"baynumber":null,"tripdetails":[{"starttime":"04:50","endtime":"06:19"},{"starttime":"09:35","endtime":"11:24"},{"starttime":"10:05","endtime":"11:44"},{"starttime":"10:20","endtime":"12:09"},{"starttime":"10:35","endtime":"12:24"},{"starttime":"17:40","endtime":"19:24"}]}],"Message":"Success","Issuccess":true,"exception":null,"RowCount":1,"responsecode":200}