{"data":[{"fromstationname":"Chandapura","tostationname":"Anekal","fromstationid":"35916","tostationid":"23094","apptime":"00:30:00","distance":"11.40","platformname":null,"platformnumber":null,"baynumber":null,"tripdetails":[{"starttime":"09:15","endtime":"09:45"},{"starttime":"09:50","endtime":"10:20"},{"starttime":"11:05","endtime":"11:35"},{"starttime":"11:25","endtime":"11:55"},{"starttime":"12:15","endtime":"12:45"},{"starttime":"12:35","endtime":"13:05"},{"starttime":"13:25","endtime":"13:55"},{"starttime":"13:45","endtime":"14:15"},{"starttime":"15:00","endtime":"15:30"},{"starttime":"15:35","endtime":"16:05"},{"starttime":"16:10","endtime":"16:40"},{"starttime":"16:45","endtime":"17:15"}]}],"Message":"Success","Issuccess":true,"exception":null,"RowCount":1,"responsecode":200}