{"data":[{"fromstationname":"Bannerughatta National Park","tostationname":"Kempegowda Bus Station","fromstationid":"22757","tostationid":"20922","apptime":"01:25:00","distance":"25.10","platformname":null,"platformnumber":null,"baynumber":null,"tripdetails":[{"starttime":"04:50","endtime":"06:15"},{"starttime":"05:00","endtime":"06:10"},{"starttime":"05:30","endtime":"07:00"},{"starttime":"09:25","endtime":"10:55"},{"starttime":"12:35","endtime":"14:00"},{"starttime":"15:40","endtime":"17:10"},{"starttime":"15:50","endtime":"17:20"},{"starttime":"18:50","endtime":"20:20"},{"starttime":"19:40","endtime":"21:20"}]}],"Message":"Success","Issuccess":true,"exception":null,"RowCount":1,"responsecode":200}