{"data":[{"fromstationname":"Bannerughatta National Park","tostationname":"Depot-34 Gate","fromstationid":"22757","tostationid":"32430","apptime":"00:44:00","distance":"9.90","platformname":null,"platformnumber":null,"baynumber":null,"tripdetails":[{"starttime":"10:25","endtime":"11:09"},{"starttime":"10:50","endtime":"11:19"},{"starttime":"11:15","endtime":"11:44"},{"starttime":"11:40","endtime":"12:09"},{"starttime":"11:50","endtime":"12:49"}]}],"Message":"Success","Issuccess":true,"exception":null,"RowCount":1,"responsecode":200}