{"data":[{"fromstationname":"Bilavaradahalli","tostationname":"Kempegowda Bus Station","fromstationid":"23858","tostationid":"20922","apptime":"01:05:00","distance":"22.50","platformname":null,"platformnumber":null,"baynumber":null,"tripdetails":[{"starttime":"04:50","endtime":"05:55"},{"starttime":"05:20","endtime":"06:35"},{"starttime":"06:00","endtime":"07:15"},{"starttime":"07:10","endtime":"08:30"},{"starttime":"08:05","endtime":"09:20"},{"starttime":"08:10","endtime":"09:25"},{"starttime":"08:40","endtime":"09:55"},{"starttime":"10:30","endtime":"11:50"},{"starttime":"11:25","endtime":"12:40"},{"starttime":"11:40","endtime":"13:00"},{"starttime":"12:50","endtime":"14:05"},{"starttime":"15:00","endtime":"16:20"},{"starttime":"15:15","endtime":"16:30"},{"starttime":"16:10","endtime":"17:25"},{"starttime":"16:50","endtime":"18:10"},{"starttime":"17:15","endtime":"18:35"},{"starttime":"19:40","endtime":"21:00"},{"starttime":"20:35","endtime":"21:55"}]}],"Message":"Success","Issuccess":true,"exception":null,"RowCount":1,"responsecode":200}