{"data":[{"fromstationname":"Anekal","tostationname":"Depot-27 Gate","fromstationid":"23094","tostationid":"36343","apptime":"00:34:00","distance":"12.90","platformname":null,"platformnumber":null,"baynumber":null,"tripdetails":[{"starttime":"11:20","endtime":"11:54"},{"starttime":"11:25","endtime":"11:59"},{"starttime":"11:45","endtime":"12:14"},{"starttime":"11:45","endtime":"12:14"},{"starttime":"12:00","endtime":"12:29"},{"starttime":"12:00","endtime":"12:29"},{"starttime":"12:20","endtime":"12:49"},{"starttime":"12:35","endtime":"12:59"},{"starttime":"18:45","endtime":"19:14"}]}],"Message":"Success","Issuccess":true,"exception":null,"RowCount":1,"responsecode":200}