{"data":[{"fromstationname":"Bilavaradahalli","tostationname":"Kempegowda Bus Station","fromstationid":"23858","tostationid":"20922","apptime":"01:05:00","distance":"22.50","platformname":null,"platformnumber":null,"baynumber":null,"tripdetails":[{"starttime":"04:50","endtime":"05:55"},{"starttime":"08:05","endtime":"09:20"},{"starttime":"11:25","endtime":"12:40"},{"starttime":"12:50","endtime":"14:05"},{"starttime":"15:15","endtime":"16:30"}]}],"Message":"Success","Issuccess":true,"exception":null,"RowCount":1,"responsecode":200}