{"data":[{"fromstationname":"KR Market (Kalasipalya)","tostationname":"Anekal","fromstationid":"20944","tostationid":"23094","apptime":"02:00:00","distance":"39.40","platformname":null,"platformnumber":null,"baynumber":null,"tripdetails":[{"starttime":"07:35","endtime":"09:35"},{"starttime":"07:55","endtime":"09:55"},{"starttime":"11:50","endtime":"13:50"},{"starttime":"14:45","endtime":"16:45"},{"starttime":"15:25","endtime":"17:25"},{"starttime":"15:55","endtime":"17:55"},{"starttime":"16:40","endtime":"18:40"},{"starttime":"20:00","endtime":"22:00"}]}],"Message":"Success","Issuccess":true,"exception":null,"RowCount":1,"responsecode":200}