{"data":[{"fromstationname":"KR Market (Kalasipalya)","tostationname":"Hulimavu","fromstationid":"20944","tostationid":"32994","apptime":"00:55:00","distance":"14.70","platformname":null,"platformnumber":null,"baynumber":null,"tripdetails":[{"starttime":"06:15","endtime":"07:10"},{"starttime":"08:15","endtime":"09:10"},{"starttime":"08:40","endtime":"09:35"},{"starttime":"08:45","endtime":"09:40"},{"starttime":"10:40","endtime":"11:30"},{"starttime":"11:10","endtime":"12:05"},{"starttime":"11:35","endtime":"12:30"},{"starttime":"13:10","endtime":"14:05"},{"starttime":"16:25","endtime":"17:20"}]}],"Message":"Success","Issuccess":true,"exception":null,"RowCount":1,"responsecode":200}