{"data":[{"fromstationname":"KR Market (Kalasipalya)","tostationname":"Hulimavu","fromstationid":"20944","tostationid":"32994","apptime":"00:55:00","distance":"14.70","platformname":null,"platformnumber":null,"baynumber":null,"tripdetails":[{"starttime":"06:15","endtime":"07:10"},{"starttime":"08:15","endtime":"09:10"},{"starttime":"08:40","endtime":"09:35"},{"starttime":"10:40","endtime":"11:30"},{"starttime":"11:35","endtime":"12:30"}]}],"Message":"Success","Issuccess":true,"exception":null,"RowCount":1,"responsecode":200}