{"data":[{"fromstationname":"KR Market (Kalasipalya)","tostationname":"Yelenahalli","fromstationid":"20944","tostationid":"22823","apptime":"00:55:00","distance":"15.80","platformname":null,"platformnumber":null,"baynumber":null,"tripdetails":[{"starttime":"07:00","endtime":"07:55"},{"starttime":"09:00","endtime":"09:55"},{"starttime":"09:30","endtime":"10:25"},{"starttime":"11:15","endtime":"12:10"},{"starttime":"16:30","endtime":"17:25"},{"starttime":"17:00","endtime":"17:55"},{"starttime":"19:00","endtime":"19:55"},{"starttime":"21:00","endtime":"22:00"}]}],"Message":"Success","Issuccess":true,"exception":null,"RowCount":1,"responsecode":200}