{"data":[{"fromstationname":"KR Market (Kalasipalya)","tostationname":"Chikka Kammanahalli","fromstationid":"20944","tostationid":"32275","apptime":"00:50:00","distance":"15.10","platformname":null,"platformnumber":null,"baynumber":null,"tripdetails":[{"starttime":"06:05","endtime":"06:55"},{"starttime":"08:25","endtime":"09:20"},{"starttime":"09:20","endtime":"10:20"},{"starttime":"10:25","endtime":"11:20"},{"starttime":"11:15","endtime":"12:15"},{"starttime":"12:05","endtime":"13:05"},{"starttime":"13:25","endtime":"14:25"},{"starttime":"13:55","endtime":"14:45"},{"starttime":"14:40","endtime":"15:40"},{"starttime":"15:45","endtime":"16:35"},{"starttime":"15:55","endtime":"16:55"},{"starttime":"17:00","endtime":"18:00"},{"starttime":"17:45","endtime":"18:45"},{"starttime":"20:55","endtime":"21:55"}]}],"Message":"Success","Issuccess":true,"exception":null,"RowCount":1,"responsecode":200}