{"data":[{"fromstationname":"Hosakote Bus Stand (Old)","tostationname":"Vijayapura Bus Stand Jangamakote","fromstationid":"37685","tostationid":"22608","apptime":"01:15:00","distance":"32.00","platformname":null,"platformnumber":null,"baynumber":null,"tripdetails":[{"starttime":"05:30","endtime":"06:45"},{"starttime":"05:55","endtime":"07:00"},{"starttime":"06:10","endtime":"07:25"},{"starttime":"07:25","endtime":"08:40"},{"starttime":"08:10","endtime":"09:25"},{"starttime":"08:25","endtime":"09:40"},{"starttime":"08:50","endtime":"10:05"},{"starttime":"10:30","endtime":"11:45"},{"starttime":"11:35","endtime":"12:50"},{"starttime":"12:45","endtime":"14:00"},{"starttime":"13:30","endtime":"14:45"},{"starttime":"14:15","endtime":"15:35"},{"starttime":"15:00","endtime":"16:15"},{"starttime":"15:25","endtime":"16:40"},{"starttime":"16:10","endtime":"17:25"},{"starttime":"17:10","endtime":"18:30"},{"starttime":"17:40","endtime":"18:55"},{"starttime":"19:25","endtime":"20:40"},{"starttime":"20:20","endtime":"21:35"}]}],"Message":"Success","Issuccess":true,"exception":null,"RowCount":1,"responsecode":200}