{"data":[{"fromstationname":"Channammanakere Achukattu","tostationname":"Kempegowda Bus Station","fromstationid":"22727","tostationid":"20922","apptime":"00:45:00","distance":"12.50","platformname":null,"platformnumber":null,"baynumber":null,"tripdetails":[{"starttime":"05:50","endtime":"06:35"},{"starttime":"13:40","endtime":"14:25"},{"starttime":"13:40","endtime":"14:25"},{"starttime":"15:20","endtime":"16:05"},{"starttime":"15:20","endtime":"16:05"}]}],"Message":"Success","Issuccess":true,"exception":null,"RowCount":1,"responsecode":200}