{"data":[{"fromstationname":"Kempegowda Bus Station","tostationname":"Channammanakere Achukattu","fromstationid":"20921","tostationid":"22727","apptime":"01:00:00","distance":"13.40","platformname":null,"platformnumber":null,"baynumber":null,"tripdetails":[{"starttime":"07:50","endtime":"08:50"},{"starttime":"10:25","endtime":"11:25"},{"starttime":"12:35","endtime":"13:35"},{"starttime":"14:50","endtime":"15:50"},{"starttime":"17:30","endtime":"18:30"}]}],"Message":"Success","Issuccess":true,"exception":null,"RowCount":1,"responsecode":200}