{"data":[{"fromstationname":"Central Silk Board","tostationname":"Kadugodi Bus Station","fromstationid":"20707","tostationid":"20902","apptime":"01:25:00","distance":"24.50","platformname":null,"platformnumber":null,"baynumber":null,"tripdetails":[{"starttime":"07:25","endtime":"08:50"},{"starttime":"10:55","endtime":"12:20"},{"starttime":"11:15","endtime":"12:30"},{"starttime":"17:05","endtime":"18:35"},{"starttime":"21:00","endtime":"22:25"}]}],"Message":"Success","Issuccess":true,"exception":null,"RowCount":1,"responsecode":200}