{"data":[{"fromstationname":"Yeshawanthapura Bus Station","tostationname":"Central Silk Board","fromstationid":"24016","tostationid":"32213","apptime":"02:14:00","distance":"37.00","platformname":null,"platformnumber":null,"baynumber":null,"tripdetails":[{"starttime":"08:01","endtime":"10:15"},{"starttime":"08:46","endtime":"10:40"},{"starttime":"09:05","endtime":"11:20"},{"starttime":"09:06","endtime":"11:00"},{"starttime":"14:15","endtime":"16:30"},{"starttime":"14:21","endtime":"16:15"},{"starttime":"14:35","endtime":"16:50"},{"starttime":"14:36","endtime":"16:30"},{"starttime":"14:55","endtime":"17:10"}]}],"Message":"Success","Issuccess":true,"exception":null,"RowCount":1,"responsecode":200}