{"data":[{"fromstationname":"Jalahalli Cross","tostationname":"Krishnaraja Pura Govt Hospital","fromstationid":"22091","tostationid":"20946","apptime":"01:25:00","distance":"23.50","platformname":null,"platformnumber":null,"baynumber":null,"tripdetails":[{"starttime":"09:00","endtime":"10:25"},{"starttime":"09:30","endtime":"11:00"},{"starttime":"11:45","endtime":"13:05"},{"starttime":"12:25","endtime":"13:45"},{"starttime":"14:05","endtime":"15:25"},{"starttime":"15:00","endtime":"16:25"},{"starttime":"15:40","endtime":"17:05"},{"starttime":"17:30","endtime":"19:00"}]}],"Message":"Success","Issuccess":true,"exception":null,"RowCount":1,"responsecode":200}