{"data":[{"fromstationname":"Dwaraka Nagara","tostationname":"Krishnaraja Pura Govt Hospital","fromstationid":"21507","tostationid":"20946","apptime":"01:30:00","distance":"26.60","platformname":null,"platformnumber":null,"baynumber":null,"tripdetails":[{"starttime":"07:30","endtime":"09:00"},{"starttime":"08:15","endtime":"09:50"},{"starttime":"08:45","endtime":"10:20"},{"starttime":"10:45","endtime":"12:20"},{"starttime":"11:10","endtime":"12:40"},{"starttime":"12:10","endtime":"13:40"},{"starttime":"12:15","endtime":"13:45"},{"starttime":"14:30","endtime":"16:05"},{"starttime":"15:50","endtime":"17:25"},{"starttime":"16:00","endtime":"17:35"},{"starttime":"16:05","endtime":"17:40"},{"starttime":"17:45","endtime":"19:20"},{"starttime":"21:25","endtime":"22:45"}]}],"Message":"Success","Issuccess":true,"exception":null,"RowCount":1,"responsecode":200}