{"data":[{"fromstationname":"Banashankari Bus Station","tostationname":"Electronic City Wipro Main Gate","fromstationid":"20623","tostationid":"20772","apptime":"01:10:00","distance":"17.50","platformname":null,"platformnumber":null,"baynumber":null,"tripdetails":[{"starttime":"08:35","endtime":"09:45"},{"starttime":"10:00","endtime":"11:10"},{"starttime":"11:30","endtime":"12:30"},{"starttime":"11:40","endtime":"12:50"},{"starttime":"12:30","endtime":"13:30"},{"starttime":"13:40","endtime":"14:40"},{"starttime":"15:30","endtime":"16:50"},{"starttime":"16:30","endtime":"17:40"},{"starttime":"22:05","endtime":"23:10"}]}],"Message":"Success","Issuccess":true,"exception":null,"RowCount":1,"responsecode":200}