{"data":[{"fromstationname":"Jigani APC Circle","tostationname":"Banashankari Bus Station","fromstationid":"35298","tostationid":"20624","apptime":"01:20:00","distance":"25.50","platformname":null,"platformnumber":null,"baynumber":null,"tripdetails":[{"starttime":"05:15","endtime":"06:35"},{"starttime":"06:55","endtime":"08:15"},{"starttime":"08:15","endtime":"09:55"},{"starttime":"10:10","endtime":"11:40"},{"starttime":"10:45","endtime":"12:25"},{"starttime":"16:05","endtime":"17:35"},{"starttime":"17:15","endtime":"18:45"},{"starttime":"20:50","endtime":"22:20"}]}],"Message":"Success","Issuccess":true,"exception":null,"RowCount":1,"responsecode":200}