{"data":[{"fromstationname":"Chandra Layout 1st Stage","tostationname":"Kempegowda Bus Station","fromstationid":"20711","tostationid":"20922","apptime":"00:35:00","distance":"9.60","platformname":null,"platformnumber":null,"baynumber":null,"tripdetails":[{"starttime":"06:50","endtime":"07:25"},{"starttime":"07:40","endtime":"08:15"},{"starttime":"08:10","endtime":"08:45"},{"starttime":"09:00","endtime":"09:40"},{"starttime":"09:35","endtime":"10:15"},{"starttime":"10:30","endtime":"11:10"},{"starttime":"11:30","endtime":"12:05"},{"starttime":"12:20","endtime":"12:55"},{"starttime":"13:40","endtime":"14:15"},{"starttime":"15:30","endtime":"16:05"},{"starttime":"15:55","endtime":"16:35"},{"starttime":"16:55","endtime":"17:35"},{"starttime":"17:25","endtime":"18:05"},{"starttime":"18:25","endtime":"19:05"},{"starttime":"18:55","endtime":"19:35"},{"starttime":"19:55","endtime":"20:35"},{"starttime":"20:25","endtime":"21:05"}]}],"Message":"Success","Issuccess":true,"exception":null,"RowCount":1,"responsecode":200}