{"data":[{"fromstationname":"Nandini Layout Bus Stand","tostationname":"Shivajinagara Bus Station","fromstationid":"29301","tostationid":"21173","apptime":"00:45:00","distance":"12.80","platformname":null,"platformnumber":null,"baynumber":null,"tripdetails":[{"starttime":"06:55","endtime":"07:40"},{"starttime":"11:10","endtime":"11:55"},{"starttime":"12:50","endtime":"13:35"},{"starttime":"14:35","endtime":"15:20"},{"starttime":"18:45","endtime":"19:30"},{"starttime":"20:25","endtime":"21:10"}]}],"Message":"Success","Issuccess":true,"exception":null,"RowCount":1,"responsecode":200}