{"data":[{"fromstationname":"Vidhana Soudha Layout","tostationname":"Shivajinagara Bus Station","fromstationid":"34890","tostationid":"21173","apptime":"01:00:00","distance":"15.60","platformname":null,"platformnumber":null,"baynumber":null,"tripdetails":[{"starttime":"08:25","endtime":"09:25"},{"starttime":"11:00","endtime":"12:00"},{"starttime":"13:10","endtime":"14:10"},{"starttime":"15:45","endtime":"16:45"}]}],"Message":"Success","Issuccess":true,"exception":null,"RowCount":1,"responsecode":200}