{"data":[{"fromstationname":"Cauvery Nagara","tostationname":"Yeshawanthapura Bus Station","fromstationid":"24379","tostationid":"24016","apptime":"00:13:00","distance":"4.80","platformname":null,"platformnumber":null,"baynumber":null,"tripdetails":[{"starttime":"12:50","endtime":"13:03"},{"starttime":"12:50","endtime":"13:03"},{"starttime":"12:50","endtime":"13:03"},{"starttime":"12:50","endtime":"13:03"},{"starttime":"12:50","endtime":"13:03"},{"starttime":"12:50","endtime":"13:03"},{"starttime":"12:50","endtime":"13:03"},{"starttime":"12:50","endtime":"13:03"},{"starttime":"12:50","endtime":"13:03"},{"starttime":"12:50","endtime":"13:03"},{"starttime":"12:50","endtime":"13:03"},{"starttime":"12:50","endtime":"13:03"},{"starttime":"12:50","endtime":"13:03"},{"starttime":"12:50","endtime":"13:03"},{"starttime":"12:50","endtime":"13:03"},{"starttime":"12:50","endtime":"13:03"},{"starttime":"12:50","endtime":"13:03"},{"starttime":"19:05","endtime":"19:19"}]}],"Message":"Success","Issuccess":true,"exception":null,"RowCount":1,"responsecode":200}