{"data":[{"fromstationname":"Kempegowda Bus Station","tostationname":"Yeshawanthapura Bus Station","fromstationid":"20921","tostationid":"21288","apptime":"00:25:00","distance":"6.50","platformname":null,"platformnumber":null,"baynumber":null,"tripdetails":[{"starttime":"13:15","endtime":"13:40"},{"starttime":"13:25","endtime":"13:50"},{"starttime":"21:10","endtime":"21:34"},{"starttime":"21:25","endtime":"21:54"}]}],"Message":"Success","Issuccess":true,"exception":null,"RowCount":1,"responsecode":200}