{"data":[{"fromstationname":"Kempegowda Bus Station","tostationname":"Kamalanagara BEML Layout","fromstationid":"20921","tostationid":"24062","apptime":"00:35:00","distance":"9.50","platformname":null,"platformnumber":null,"baynumber":null,"tripdetails":[{"starttime":"07:10","endtime":"07:45"},{"starttime":"08:35","endtime":"09:15"},{"starttime":"09:45","endtime":"10:25"},{"starttime":"10:15","endtime":"10:55"},{"starttime":"10:35","endtime":"11:15"},{"starttime":"11:40","endtime":"12:20"},{"starttime":"12:00","endtime":"12:35"},{"starttime":"12:10","endtime":"12:50"},{"starttime":"13:10","endtime":"13:50"},{"starttime":"13:40","endtime":"14:20"},{"starttime":"14:20","endtime":"14:55"},{"starttime":"15:35","endtime":"16:15"},{"starttime":"15:35","endtime":"16:15"},{"starttime":"15:40","endtime":"16:20"},{"starttime":"17:05","endtime":"17:45"},{"starttime":"19:20","endtime":"20:05"}]}],"Message":"Success","Issuccess":true,"exception":null,"RowCount":1,"responsecode":200}