{"data":[{"fromstationname":"8th Mile Dasarahalli","tostationname":"8th Mile Dasarahalli","fromstationid":"35571","tostationid":"35572","apptime":"00:35:00","distance":"10.60","platformname":null,"platformnumber":null,"baynumber":null,"tripdetails":[{"starttime":"07:20","endtime":"07:55"},{"starttime":"08:00","endtime":"08:35"},{"starttime":"08:40","endtime":"09:15"},{"starttime":"10:45","endtime":"11:20"},{"starttime":"18:00","endtime":"18:35"},{"starttime":"18:40","endtime":"19:15"}]}],"Message":"Success","Issuccess":true,"exception":null,"RowCount":1,"responsecode":200}