{"data":[{"fromstationname":"Depot-11 Puttenahalli","tostationname":"Puttenahalli","fromstationid":"32425","tostationid":"34300","apptime":"00:02:00","distance":"0.10","platformname":null,"platformnumber":null,"baynumber":null,"tripdetails":[{"starttime":"07:00","endtime":"07:02"},{"starttime":"07:00","endtime":"07:01"},{"starttime":"07:00","endtime":"07:02"},{"starttime":"07:00","endtime":"07:02"},{"starttime":"08:00","endtime":"08:01"},{"starttime":"08:00","endtime":"08:01"},{"starttime":"08:00","endtime":"08:03"},{"starttime":"08:05","endtime":"08:06"},{"starttime":"08:30","endtime":"08:33"},{"starttime":"08:45","endtime":"08:46"},{"starttime":"08:50","endtime":"08:52"},{"starttime":"09:05","endtime":"09:06"},{"starttime":"12:20","endtime":"12:21"},{"starttime":"12:50","endtime":"12:51"},{"starttime":"12:55","endtime":"12:56"},{"starttime":"13:40","endtime":"13:42"},{"starttime":"13:40","endtime":"13:41"},{"starttime":"13:45","endtime":"13:47"},{"starttime":"13:45","endtime":"13:46"},{"starttime":"14:15","endtime":"14:16"},{"starttime":"14:20","endtime":"14:21"},{"starttime":"14:20","endtime":"14:21"},{"starttime":"14:30","endtime":"14:31"},{"starttime":"14:30","endtime":"14:31"},{"starttime":"14:35","endtime":"14:36"},{"starttime":"14:40","endtime":"14:41"},{"starttime":"14:40","endtime":"14:41"},{"starttime":"19:15","endtime":"19:17"}]}],"Message":"Success","Issuccess":true,"exception":null,"RowCount":1,"responsecode":200}