{"data":[{"fromstationname":"Puttenahalli","tostationname":"Depot-11 Puttenahalli","fromstationid":"34299","tostationid":"32425","apptime":"00:01:00","distance":"0.20","platformname":null,"platformnumber":null,"baynumber":null,"tripdetails":[{"starttime":"05:59","endtime":"06:00"},{"starttime":"06:03","endtime":"06:05"},{"starttime":"11:04","endtime":"11:05"},{"starttime":"11:09","endtime":"11:10"},{"starttime":"11:29","endtime":"11:30"},{"starttime":"11:31","endtime":"11:35"},{"starttime":"11:33","endtime":"11:35"},{"starttime":"11:34","endtime":"11:35"},{"starttime":"11:44","endtime":"11:45"},{"starttime":"11:49","endtime":"11:50"},{"starttime":"11:49","endtime":"11:50"},{"starttime":"11:49","endtime":"11:50"},{"starttime":"11:49","endtime":"11:50"},{"starttime":"11:49","endtime":"11:50"},{"starttime":"11:49","endtime":"11:50"},{"starttime":"11:49","endtime":"11:50"},{"starttime":"11:49","endtime":"11:50"},{"starttime":"11:49","endtime":"11:50"},{"starttime":"11:49","endtime":"11:50"},{"starttime":"11:49","endtime":"11:50"},{"starttime":"11:49","endtime":"11:50"},{"starttime":"11:49","endtime":"11:50"},{"starttime":"11:49","endtime":"11:50"},{"starttime":"11:49","endtime":"11:50"},{"starttime":"11:49","endtime":"11:50"},{"starttime":"11:49","endtime":"11:50"},{"starttime":"11:49","endtime":"11:50"},{"starttime":"11:49","endtime":"11:50"},{"starttime":"11:49","endtime":"11:50"},{"starttime":"11:49","endtime":"11:50"},{"starttime":"11:49","endtime":"11:50"},{"starttime":"11:49","endtime":"11:50"},{"starttime":"11:49","endtime":"11:50"},{"starttime":"11:49","endtime":"11:50"},{"starttime":"11:49","endtime":"11:50"},{"starttime":"11:49","endtime":"11:50"},{"starttime":"11:49","endtime":"11:50"},{"starttime":"11:49","endtime":"11:50"},{"starttime":"11:49","endtime":"11:50"},{"starttime":"11:49","endtime":"11:50"},{"starttime":"11:49","endtime":"11:50"},{"starttime":"11:49","endtime":"11:50"},{"starttime":"11:49","endtime":"11:50"},{"starttime":"11:49","endtime":"11:50"},{"starttime":"11:49","endtime":"11:50"},{"starttime":"11:49","endtime":"11:50"},{"starttime":"11:49","endtime":"11:50"},{"starttime":"11:49","endtime":"11:50"},{"starttime":"11:49","endtime":"11:50"},{"starttime":"11:54","endtime":"11:55"},{"starttime":"11:59","endtime":"12:00"},{"starttime":"12:09","endtime":"12:10"},{"starttime":"12:14","endtime":"12:15"},{"starttime":"12:29","endtime":"12:30"},{"starttime":"12:34","endtime":"12:35"},{"starttime":"12:49","endtime":"12:50"},{"starttime":"12:49","endtime":"12:50"},{"starttime":"12:59","endtime":"13:00"},{"starttime":"12:59","endtime":"13:00"},{"starttime":"17:59","endtime":"18:00"},{"starttime":"17:59","endtime":"18:00"},{"starttime":"18:19","endtime":"18:20"},{"starttime":"18:29","endtime":"18:30"},{"starttime":"18:29","endtime":"18:30"},{"starttime":"18:29","endtime":"18:30"},{"starttime":"18:39","endtime":"18:40"},{"starttime":"18:49","endtime":"18:50"},{"starttime":"19:04","endtime":"19:05"},{"starttime":"19:09","endtime":"19:10"},{"starttime":"19:24","endtime":"19:25"},{"starttime":"19:33","endtime":"19:35"},{"starttime":"19:34","endtime":"19:35"},{"starttime":"20:19","endtime":"20:20"},{"starttime":"21:29","endtime":"21:30"}]}],"Message":"Success","Issuccess":true,"exception":null,"RowCount":1,"responsecode":200}