{"data":[{"fromstationname":"Depot-12 Gate","tostationname":"Depot-12 Kengeri","fromstationid":"35721","tostationid":"24833","apptime":"00:01:00","distance":"0.10","platformname":null,"platformnumber":null,"baynumber":null,"tripdetails":[{"starttime":"11:04","endtime":"11:05"},{"starttime":"11:29","endtime":"11:30"},{"starttime":"11:43","endtime":"11:45"},{"starttime":"12:26","endtime":"12:30"},{"starttime":"12:53","endtime":"12:55"},{"starttime":"19:03","endtime":"19:05"},{"starttime":"21:03","endtime":"21:05"}]}],"Message":"Success","Issuccess":true,"exception":null,"RowCount":1,"responsecode":200}