{"data":[{"fromstationname":"Depot-13 Kathriguppe","tostationname":"Kamakya Talkies","fromstationid":"20745","tostationid":"35773","apptime":"00:01:00","distance":"0.10","platformname":null,"platformnumber":null,"baynumber":null,"tripdetails":[{"starttime":"06:00","endtime":"06:01"},{"starttime":"06:05","endtime":"06:06"},{"starttime":"06:15","endtime":"06:16"},{"starttime":"06:25","endtime":"06:26"},{"starttime":"06:30","endtime":"06:31"},{"starttime":"06:30","endtime":"06:31"},{"starttime":"06:50","endtime":"06:51"},{"starttime":"07:20","endtime":"07:21"},{"starttime":"08:45","endtime":"08:46"},{"starttime":"09:00","endtime":"09:01"},{"starttime":"14:55","endtime":"14:56"},{"starttime":"15:00","endtime":"15:01"},{"starttime":"15:05","endtime":"15:06"},{"starttime":"15:30","endtime":"15:32"},{"starttime":"15:45","endtime":"15:46"},{"starttime":"15:45","endtime":"15:46"},{"starttime":"16:00","endtime":"16:01"},{"starttime":"18:45","endtime":"18:46"}]}],"Message":"Success","Issuccess":true,"exception":null,"RowCount":1,"responsecode":200}