{"data":[{"fromstationname":"Depot-15 Koramangala","tostationname":"Koramangala Bus Station","fromstationid":"32426","tostationid":"31235","apptime":"00:00:00","distance":"0.00","platformname":null,"platformnumber":null,"baynumber":null,"tripdetails":[{"starttime":"06:00","endtime":"06:01"},{"starttime":"06:00","endtime":"06:01"},{"starttime":"06:05","endtime":"06:10"},{"starttime":"06:15","endtime":"06:16"},{"starttime":"06:20","endtime":"06:21"},{"starttime":"06:30","endtime":"06:31"},{"starttime":"06:40","endtime":"06:41"},{"starttime":"06:45","endtime":"06:46"},{"starttime":"07:00","endtime":"07:01"},{"starttime":"07:15","endtime":"07:16"},{"starttime":"07:15","endtime":"07:16"},{"starttime":"07:35","endtime":"07:36"},{"starttime":"07:40","endtime":"07:41"},{"starttime":"08:10","endtime":"08:11"},{"starttime":"08:40","endtime":"08:41"},{"starttime":"12:50","endtime":"12:51"},{"starttime":"12:50","endtime":"12:51"},{"starttime":"13:00","endtime":"13:01"},{"starttime":"13:30","endtime":"13:32"},{"starttime":"13:40","endtime":"13:41"},{"starttime":"13:45","endtime":"13:46"},{"starttime":"13:45","endtime":"13:46"},{"starttime":"14:00","endtime":"14:01"},{"starttime":"14:00","endtime":"14:01"},{"starttime":"14:15","endtime":"14:17"},{"starttime":"14:25","endtime":"14:26"},{"starttime":"14:35","endtime":"14:37"},{"starttime":"15:00","endtime":"15:01"},{"starttime":"15:20","endtime":"15:21"}]}],"Message":"Success","Issuccess":true,"exception":null,"RowCount":1,"responsecode":200}