{"data":[{"fromstationname":"Deepanjalinagara","tostationname":"Depot-16 Deepanajalinagara","fromstationid":"20739","tostationid":"20746","apptime":"00:02:00","distance":"0.10","platformname":null,"platformnumber":null,"baynumber":null,"tripdetails":[{"starttime":"11:48","endtime":"11:50"},{"starttime":"11:49","endtime":"11:50"},{"starttime":"11:59","endtime":"12:00"},{"starttime":"12:14","endtime":"12:15"},{"starttime":"12:29","endtime":"12:30"},{"starttime":"12:33","endtime":"12:35"},{"starttime":"12:39","endtime":"12:40"},{"starttime":"12:54","endtime":"12:55"},{"starttime":"13:04","endtime":"13:05"},{"starttime":"13:08","endtime":"13:10"},{"starttime":"18:04","endtime":"18:05"},{"starttime":"18:09","endtime":"18:10"},{"starttime":"18:24","endtime":"18:25"},{"starttime":"19:04","endtime":"19:05"},{"starttime":"19:04","endtime":"19:05"},{"starttime":"19:14","endtime":"19:15"},{"starttime":"19:19","endtime":"19:20"},{"starttime":"19:29","endtime":"19:30"},{"starttime":"19:44","endtime":"19:45"},{"starttime":"19:44","endtime":"19:45"},{"starttime":"21:03","endtime":"21:05"},{"starttime":"21:23","endtime":"21:25"},{"starttime":"21:29","endtime":"21:30"},{"starttime":"21:33","endtime":"21:35"}]}],"Message":"Success","Issuccess":true,"exception":null,"RowCount":1,"responsecode":200}