{"data":[{"fromstationname":"Deepanjalinagara","tostationname":"Depot-16 Deepanajalinagara","fromstationid":"20739","tostationid":"20746","apptime":"00:02:00","distance":"0.10","platformname":null,"platformnumber":null,"baynumber":null,"tripdetails":[{"starttime":"11:48","endtime":"11:50"},{"starttime":"11:59","endtime":"12:00"},{"starttime":"12:14","endtime":"12:15"},{"starttime":"13:04","endtime":"13:05"},{"starttime":"18:09","endtime":"18:10"},{"starttime":"19:04","endtime":"19:05"},{"starttime":"19:44","endtime":"19:45"},{"starttime":"21:03","endtime":"21:05"}]}],"Message":"Success","Issuccess":true,"exception":null,"RowCount":1,"responsecode":200}