{"data":[{"fromstationname":"Electronic City","tostationname":"Depot-19 Electronic City","fromstationid":"21933","tostationid":"24839","apptime":"00:01:00","distance":"0.20","platformname":null,"platformnumber":null,"baynumber":null,"tripdetails":[{"starttime":"11:14","endtime":"11:15"},{"starttime":"11:29","endtime":"11:30"},{"starttime":"11:40","endtime":"11:45"},{"starttime":"11:44","endtime":"11:45"},{"starttime":"11:48","endtime":"11:50"},{"starttime":"11:48","endtime":"11:50"},{"starttime":"11:59","endtime":"12:00"},{"starttime":"12:00","endtime":"12:05"},{"starttime":"12:03","endtime":"12:05"},{"starttime":"12:08","endtime":"12:10"},{"starttime":"12:09","endtime":"12:10"},{"starttime":"12:13","endtime":"12:15"},{"starttime":"12:14","endtime":"12:15"},{"starttime":"12:23","endtime":"12:25"},{"starttime":"12:29","endtime":"12:30"},{"starttime":"12:34","endtime":"12:35"},{"starttime":"12:43","endtime":"12:45"},{"starttime":"12:43","endtime":"12:45"},{"starttime":"12:44","endtime":"12:45"},{"starttime":"12:49","endtime":"12:50"},{"starttime":"12:54","endtime":"12:55"},{"starttime":"13:13","endtime":"13:15"},{"starttime":"13:38","endtime":"13:40"},{"starttime":"13:58","endtime":"14:00"},{"starttime":"18:04","endtime":"18:05"},{"starttime":"18:04","endtime":"18:05"},{"starttime":"18:09","endtime":"18:10"},{"starttime":"18:19","endtime":"18:20"},{"starttime":"18:29","endtime":"18:30"},{"starttime":"18:29","endtime":"18:30"},{"starttime":"18:59","endtime":"19:00"},{"starttime":"18:59","endtime":"19:00"},{"starttime":"19:14","endtime":"19:15"},{"starttime":"19:14","endtime":"19:15"},{"starttime":"19:22","endtime":"19:25"},{"starttime":"19:29","endtime":"19:30"},{"starttime":"19:29","endtime":"19:30"},{"starttime":"19:29","endtime":"19:30"},{"starttime":"19:39","endtime":"19:40"}]}],"Message":"Success","Issuccess":true,"exception":null,"RowCount":1,"responsecode":200}