{"data":[{"fromstationname":"Shanthinagara Bus Station","tostationname":"Depot-02 Shanthinagara","fromstationid":"21167","tostationid":"24824","apptime":"00:05:00","distance":"0.30","platformname":null,"platformnumber":null,"baynumber":null,"tripdetails":[{"starttime":"05:45","endtime":"05:50"},{"starttime":"05:55","endtime":"06:00"},{"starttime":"10:15","endtime":"10:20"},{"starttime":"10:25","endtime":"10:30"},{"starttime":"11:15","endtime":"11:20"},{"starttime":"11:15","endtime":"11:20"},{"starttime":"11:20","endtime":"11:25"},{"starttime":"11:30","endtime":"11:35"},{"starttime":"11:50","endtime":"11:55"},{"starttime":"11:55","endtime":"12:00"},{"starttime":"12:05","endtime":"12:10"},{"starttime":"12:10","endtime":"12:15"},{"starttime":"12:10","endtime":"12:15"},{"starttime":"12:15","endtime":"12:20"},{"starttime":"12:20","endtime":"12:25"},{"starttime":"12:25","endtime":"12:30"},{"starttime":"12:25","endtime":"12:30"},{"starttime":"12:25","endtime":"12:30"},{"starttime":"12:25","endtime":"12:30"},{"starttime":"12:25","endtime":"12:30"},{"starttime":"12:25","endtime":"12:30"},{"starttime":"12:25","endtime":"12:30"},{"starttime":"12:25","endtime":"12:30"},{"starttime":"12:25","endtime":"12:30"},{"starttime":"12:25","endtime":"12:30"},{"starttime":"12:25","endtime":"12:30"},{"starttime":"12:25","endtime":"12:30"},{"starttime":"12:25","endtime":"12:30"},{"starttime":"12:25","endtime":"12:30"},{"starttime":"12:25","endtime":"12:30"},{"starttime":"12:25","endtime":"12:30"},{"starttime":"12:25","endtime":"12:30"},{"starttime":"12:30","endtime":"12:35"},{"starttime":"12:35","endtime":"12:40"},{"starttime":"12:40","endtime":"12:45"},{"starttime":"12:40","endtime":"12:45"},{"starttime":"13:10","endtime":"13:15"},{"starttime":"13:10","endtime":"13:15"},{"starttime":"13:30","endtime":"13:35"},{"starttime":"16:30","endtime":"16:35"},{"starttime":"17:40","endtime":"17:45"},{"starttime":"17:45","endtime":"17:50"},{"starttime":"17:45","endtime":"17:50"},{"starttime":"18:00","endtime":"18:05"},{"starttime":"18:10","endtime":"18:15"},{"starttime":"18:15","endtime":"18:20"},{"starttime":"18:30","endtime":"18:35"},{"starttime":"18:35","endtime":"18:40"},{"starttime":"18:35","endtime":"18:40"},{"starttime":"18:50","endtime":"18:55"},{"starttime":"18:55","endtime":"19:00"},{"starttime":"18:55","endtime":"19:00"},{"starttime":"18:55","endtime":"19:00"},{"starttime":"18:55","endtime":"19:00"},{"starttime":"19:15","endtime":"19:20"},{"starttime":"19:20","endtime":"19:25"},{"starttime":"19:50","endtime":"19:55"},{"starttime":"21:05","endtime":"21:10"},{"starttime":"21:20","endtime":"21:25"},{"starttime":"21:25","endtime":"21:30"},{"starttime":"21:35","endtime":"21:40"},{"starttime":"21:40","endtime":"21:45"},{"starttime":"21:55","endtime":"22:00"}]}],"Message":"Success","Issuccess":true,"exception":null,"RowCount":1,"responsecode":200}