{"data":[{"fromstationname":"Depot-20 Banashankari","tostationname":"Banashankari Bus Station","fromstationid":"21503","tostationid":"20624","apptime":"00:05:00","distance":"1.00","platformname":null,"platformnumber":null,"baynumber":null,"tripdetails":[{"starttime":"06:55","endtime":"07:00"},{"starttime":"07:25","endtime":"07:30"},{"starttime":"07:30","endtime":"07:35"},{"starttime":"08:00","endtime":"08:05"},{"starttime":"08:00","endtime":"08:05"},{"starttime":"08:00","endtime":"08:05"},{"starttime":"08:10","endtime":"08:20"},{"starttime":"08:25","endtime":"08:30"},{"starttime":"08:40","endtime":"08:45"},{"starttime":"08:50","endtime":"08:55"},{"starttime":"08:50","endtime":"08:51"},{"starttime":"12:00","endtime":"12:05"},{"starttime":"12:15","endtime":"12:20"},{"starttime":"12:20","endtime":"12:25"},{"starttime":"12:20","endtime":"12:25"},{"starttime":"12:30","endtime":"12:35"},{"starttime":"12:30","endtime":"12:35"},{"starttime":"12:45","endtime":"12:50"},{"starttime":"12:50","endtime":"12:55"},{"starttime":"12:55","endtime":"13:00"},{"starttime":"13:00","endtime":"13:05"},{"starttime":"13:05","endtime":"13:10"},{"starttime":"13:20","endtime":"13:25"},{"starttime":"13:20","endtime":"13:25"},{"starttime":"13:25","endtime":"13:30"},{"starttime":"13:25","endtime":"13:30"},{"starttime":"13:25","endtime":"13:30"},{"starttime":"13:30","endtime":"13:35"},{"starttime":"13:30","endtime":"13:35"},{"starttime":"13:45","endtime":"13:50"},{"starttime":"14:00","endtime":"14:05"},{"starttime":"14:05","endtime":"14:10"},{"starttime":"14:10","endtime":"14:15"},{"starttime":"14:20","endtime":"14:25"},{"starttime":"14:45","endtime":"14:50"},{"starttime":"14:55","endtime":"15:00"},{"starttime":"15:10","endtime":"15:15"},{"starttime":"15:20","endtime":"15:25"},{"starttime":"15:50","endtime":"15:55"},{"starttime":"16:10","endtime":"16:15"},{"starttime":"18:45","endtime":"18:50"}]}],"Message":"Success","Issuccess":true,"exception":null,"RowCount":1,"responsecode":200}