{"data":[{"fromstationname":"BEML Layout 5th stage","tostationname":"Depot-21 BEML Layout","fromstationid":"29871","tostationid":"24840","apptime":"00:01:00","distance":"0.10","platformname":null,"platformnumber":null,"baynumber":null,"tripdetails":[{"starttime":"05:49","endtime":"05:50"},{"starttime":"06:58","endtime":"07:00"},{"starttime":"10:54","endtime":"10:55"},{"starttime":"10:59","endtime":"11:00"},{"starttime":"11:04","endtime":"11:05"},{"starttime":"11:09","endtime":"11:10"},{"starttime":"11:14","endtime":"11:15"},{"starttime":"11:19","endtime":"11:20"},{"starttime":"11:28","endtime":"11:30"},{"starttime":"11:29","endtime":"11:30"},{"starttime":"11:33","endtime":"11:35"},{"starttime":"11:38","endtime":"11:40"},{"starttime":"11:39","endtime":"11:40"},{"starttime":"11:44","endtime":"11:45"},{"starttime":"11:44","endtime":"11:45"},{"starttime":"11:44","endtime":"11:45"},{"starttime":"11:44","endtime":"11:45"},{"starttime":"11:48","endtime":"11:50"},{"starttime":"11:49","endtime":"11:50"},{"starttime":"11:49","endtime":"11:50"},{"starttime":"11:59","endtime":"12:00"},{"starttime":"11:59","endtime":"12:00"},{"starttime":"11:59","endtime":"12:00"},{"starttime":"12:14","endtime":"12:15"},{"starttime":"12:14","endtime":"12:15"},{"starttime":"12:19","endtime":"12:20"},{"starttime":"12:29","endtime":"12:30"},{"starttime":"12:29","endtime":"12:30"},{"starttime":"12:34","endtime":"12:35"},{"starttime":"12:39","endtime":"12:40"},{"starttime":"12:44","endtime":"12:45"},{"starttime":"12:49","endtime":"12:50"},{"starttime":"13:05","endtime":"13:10"},{"starttime":"15:58","endtime":"16:00"},{"starttime":"16:18","endtime":"16:20"},{"starttime":"17:09","endtime":"17:10"},{"starttime":"18:14","endtime":"18:15"},{"starttime":"18:14","endtime":"18:15"},{"starttime":"18:25","endtime":"18:30"},{"starttime":"18:29","endtime":"18:30"},{"starttime":"18:44","endtime":"18:45"},{"starttime":"19:29","endtime":"19:30"},{"starttime":"21:24","endtime":"21:25"},{"starttime":"21:28","endtime":"21:30"},{"starttime":"21:29","endtime":"21:30"},{"starttime":"21:44","endtime":"21:45"},{"starttime":"21:59","endtime":"22:00"},{"starttime":"22:09","endtime":"22:10"}]}],"Message":"Success","Issuccess":true,"exception":null,"RowCount":1,"responsecode":200}