{"data":[{"fromstationname":"Peenya 2nd Stage","tostationname":"Depot-22 Peenya","fromstationid":"21080","tostationid":"20747","apptime":"00:05:00","distance":"1.50","platformname":null,"platformnumber":null,"baynumber":null,"tripdetails":[{"starttime":"11:00","endtime":"11:05"},{"starttime":"12:00","endtime":"12:05"},{"starttime":"12:05","endtime":"12:10"},{"starttime":"12:10","endtime":"12:15"},{"starttime":"12:10","endtime":"12:15"},{"starttime":"12:20","endtime":"12:25"},{"starttime":"12:20","endtime":"12:25"},{"starttime":"12:25","endtime":"12:30"},{"starttime":"12:40","endtime":"12:45"},{"starttime":"12:45","endtime":"12:50"},{"starttime":"13:10","endtime":"13:15"},{"starttime":"18:00","endtime":"18:05"},{"starttime":"18:00","endtime":"18:05"},{"starttime":"18:45","endtime":"18:50"},{"starttime":"18:50","endtime":"18:55"},{"starttime":"19:00","endtime":"19:05"},{"starttime":"19:45","endtime":"19:50"},{"starttime":"19:50","endtime":"19:55"},{"starttime":"20:20","endtime":"20:25"},{"starttime":"21:35","endtime":"21:40"},{"starttime":"21:35","endtime":"21:40"},{"starttime":"21:40","endtime":"21:45"},{"starttime":"21:50","endtime":"21:55"},{"starttime":"21:55","endtime":"22:00"},{"starttime":"21:55","endtime":"22:00"}]}],"Message":"Success","Issuccess":true,"exception":null,"RowCount":1,"responsecode":200}