{"data":[{"fromstationname":"Depot-23 Kalyana Nagara","tostationname":"Kalyananagara","fromstationid":"24841","tostationid":"20903","apptime":"00:01:00","distance":"0.10","platformname":null,"platformnumber":null,"baynumber":null,"tripdetails":[{"starttime":"05:45","endtime":"05:46"},{"starttime":"06:30","endtime":"06:32"},{"starttime":"06:50","endtime":"06:51"},{"starttime":"07:40","endtime":"07:42"},{"starttime":"07:45","endtime":"07:46"},{"starttime":"07:50","endtime":"07:52"},{"starttime":"08:30","endtime":"08:31"},{"starttime":"14:15","endtime":"14:17"},{"starttime":"14:40","endtime":"14:42"},{"starttime":"15:40","endtime":"15:42"},{"starttime":"19:10","endtime":"19:11"}]}],"Message":"Success","Issuccess":true,"exception":null,"RowCount":1,"responsecode":200}