{"data":[{"fromstationname":"Depot-25 Gate","tostationname":"Depot-25 HSR Layout","fromstationid":"32427","tostationid":"24847","apptime":"00:01:00","distance":"0.20","platformname":null,"platformnumber":null,"baynumber":null,"tripdetails":[{"starttime":"14:14","endtime":"14:15"},{"starttime":"19:34","endtime":"19:35"},{"starttime":"19:45","endtime":"19:46"},{"starttime":"19:50","endtime":"19:51"},{"starttime":"20:04","endtime":"20:05"},{"starttime":"20:54","endtime":"20:55"}]}],"Message":"Success","Issuccess":true,"exception":null,"RowCount":1,"responsecode":200}