{"data":[{"fromstationname":"Jigani APC Circle","tostationname":"Depot-27 Jigani","fromstationid":"22786","tostationid":"24849","apptime":"00:05:00","distance":"0.10","platformname":null,"platformnumber":null,"baynumber":null,"tripdetails":[{"starttime":"11:10","endtime":"11:15"},{"starttime":"11:14","endtime":"11:15"},{"starttime":"11:24","endtime":"11:25"},{"starttime":"11:44","endtime":"11:45"},{"starttime":"11:54","endtime":"11:55"},{"starttime":"12:34","endtime":"12:35"},{"starttime":"13:19","endtime":"13:20"}]}],"Message":"Success","Issuccess":true,"exception":null,"RowCount":1,"responsecode":200}