{"data":[{"fromstationname":"Shanthinagara Bus Station","tostationname":"Depot-03 Shanthinagara","fromstationid":"21167","tostationid":"23652","apptime":"00:05:00","distance":"0.30","platformname":null,"platformnumber":null,"baynumber":null,"tripdetails":[{"starttime":"12:40","endtime":"12:45"},{"starttime":"18:05","endtime":"18:10"},{"starttime":"18:30","endtime":"18:35"},{"starttime":"18:55","endtime":"19:00"},{"starttime":"18:55","endtime":"19:00"},{"starttime":"19:40","endtime":"19:45"},{"starttime":"19:50","endtime":"19:55"}]}],"Message":"Success","Issuccess":true,"exception":null,"RowCount":1,"responsecode":200}