{"data":[{"fromstationname":"Depot-31 Summanahalli","tostationname":"Depot-31 Gate","fromstationid":"24854","tostationid":"21887","apptime":"00:01:00","distance":"0.10","platformname":null,"platformnumber":null,"baynumber":null,"tripdetails":[{"starttime":"06:15","endtime":"06:16"},{"starttime":"06:15","endtime":"06:16"},{"starttime":"06:30","endtime":"06:31"},{"starttime":"06:35","endtime":"06:36"},{"starttime":"07:40","endtime":"07:41"},{"starttime":"08:40","endtime":"08:41"},{"starttime":"12:45","endtime":"12:50"},{"starttime":"13:30","endtime":"13:31"},{"starttime":"14:05","endtime":"14:06"},{"starttime":"14:10","endtime":"14:11"},{"starttime":"14:25","endtime":"14:26"},{"starttime":"14:30","endtime":"14:31"},{"starttime":"14:40","endtime":"14:41"},{"starttime":"14:50","endtime":"14:51"},{"starttime":"15:00","endtime":"15:01"},{"starttime":"18:25","endtime":"18:26"},{"starttime":"18:28","endtime":"18:30"},{"starttime":"18:48","endtime":"18:50"},{"starttime":"19:08","endtime":"19:10"},{"starttime":"19:28","endtime":"19:30"},{"starttime":"19:43","endtime":"19:45"},{"starttime":"21:25","endtime":"21:35"}]}],"Message":"Success","Issuccess":true,"exception":null,"RowCount":1,"responsecode":200}