{"data":[{"fromstationname":"Depot-33 Poornapragna layout","tostationname":"Poornaprajna Layout","fromstationid":"35283","tostationid":"22395","apptime":"00:01:00","distance":"0.10","platformname":null,"platformnumber":null,"baynumber":null,"tripdetails":[{"starttime":"06:00","endtime":"06:01"},{"starttime":"06:05","endtime":"06:06"},{"starttime":"06:20","endtime":"06:21"},{"starttime":"06:20","endtime":"06:21"},{"starttime":"06:35","endtime":"06:36"},{"starttime":"07:20","endtime":"07:21"},{"starttime":"07:35","endtime":"07:36"},{"starttime":"07:35","endtime":"07:40"},{"starttime":"07:45","endtime":"07:46"},{"starttime":"07:55","endtime":"07:56"},{"starttime":"08:00","endtime":"08:02"},{"starttime":"08:30","endtime":"08:32"},{"starttime":"08:40","endtime":"08:41"},{"starttime":"09:00","endtime":"09:01"},{"starttime":"12:15","endtime":"12:20"},{"starttime":"12:43","endtime":"12:45"},{"starttime":"12:50","endtime":"12:55"},{"starttime":"12:50","endtime":"12:55"},{"starttime":"12:50","endtime":"12:55"},{"starttime":"12:50","endtime":"12:55"},{"starttime":"12:50","endtime":"12:55"},{"starttime":"12:50","endtime":"12:55"},{"starttime":"12:50","endtime":"12:55"},{"starttime":"12:50","endtime":"12:55"},{"starttime":"12:50","endtime":"12:55"},{"starttime":"12:50","endtime":"12:55"},{"starttime":"12:50","endtime":"12:55"},{"starttime":"12:50","endtime":"12:55"},{"starttime":"12:50","endtime":"12:55"},{"starttime":"12:50","endtime":"12:55"},{"starttime":"12:50","endtime":"12:55"},{"starttime":"12:50","endtime":"12:55"},{"starttime":"12:50","endtime":"12:55"},{"starttime":"12:50","endtime":"12:55"},{"starttime":"12:50","endtime":"12:55"},{"starttime":"12:50","endtime":"12:55"},{"starttime":"12:50","endtime":"12:55"},{"starttime":"12:50","endtime":"12:55"},{"starttime":"12:50","endtime":"12:55"},{"starttime":"12:50","endtime":"12:55"},{"starttime":"12:50","endtime":"12:55"},{"starttime":"12:50","endtime":"12:55"},{"starttime":"12:50","endtime":"12:55"},{"starttime":"12:50","endtime":"12:55"},{"starttime":"12:50","endtime":"12:55"},{"starttime":"12:50","endtime":"12:55"},{"starttime":"12:50","endtime":"12:55"},{"starttime":"12:50","endtime":"12:55"},{"starttime":"12:50","endtime":"12:55"},{"starttime":"12:50","endtime":"12:55"},{"starttime":"12:50","endtime":"12:55"},{"starttime":"12:50","endtime":"12:55"},{"starttime":"12:50","endtime":"12:55"},{"starttime":"12:50","endtime":"12:55"},{"starttime":"12:50","endtime":"12:55"},{"starttime":"12:50","endtime":"12:55"},{"starttime":"12:50","endtime":"12:55"},{"starttime":"12:50","endtime":"12:55"},{"starttime":"12:50","endtime":"12:55"},{"starttime":"12:50","endtime":"12:55"},{"starttime":"12:50","endtime":"12:55"},{"starttime":"12:50","endtime":"12:55"},{"starttime":"12:50","endtime":"12:55"},{"starttime":"12:50","endtime":"12:55"},{"starttime":"12:50","endtime":"12:55"},{"starttime":"12:50","endtime":"12:55"},{"starttime":"12:50","endtime":"12:55"},{"starttime":"12:50","endtime":"12:55"},{"starttime":"12:50","endtime":"12:55"},{"starttime":"12:50","endtime":"12:55"},{"starttime":"12:50","endtime":"12:55"},{"starttime":"12:50","endtime":"12:55"},{"starttime":"13:00","endtime":"13:05"},{"starttime":"13:15","endtime":"13:20"},{"starttime":"13:20","endtime":"13:21"},{"starttime":"13:30","endtime":"13:35"},{"starttime":"13:55","endtime":"13:57"},{"starttime":"14:00","endtime":"14:05"},{"starttime":"14:00","endtime":"14:01"},{"starttime":"14:10","endtime":"14:12"},{"starttime":"14:15","endtime":"14:16"},{"starttime":"14:20","endtime":"14:21"},{"starttime":"14:20","endtime":"14:21"},{"starttime":"14:20","endtime":"14:21"},{"starttime":"14:25","endtime":"14:26"},{"starttime":"14:25","endtime":"14:30"},{"starttime":"14:25","endtime":"14:26"},{"starttime":"14:30","endtime":"14:32"},{"starttime":"14:40","endtime":"14:42"},{"starttime":"14:45","endtime":"14:46"},{"starttime":"14:45","endtime":"14:46"},{"starttime":"14:55","endtime":"14:56"},{"starttime":"15:30","endtime":"15:32"},{"starttime":"18:24","endtime":"18:25"}]}],"Message":"Success","Issuccess":true,"exception":null,"RowCount":1,"responsecode":200}