{"data":[{"fromstationname":"Depot-34 Kottanur","tostationname":"Depot-34 Gate","fromstationid":"32431","tostationid":"32430","apptime":"00:01:00","distance":"0.20","platformname":null,"platformnumber":null,"baynumber":null,"tripdetails":[{"starttime":"06:00","endtime":"06:01"},{"starttime":"07:10","endtime":"07:11"},{"starttime":"07:10","endtime":"07:11"},{"starttime":"07:15","endtime":"07:16"},{"starttime":"07:20","endtime":"07:21"},{"starttime":"07:30","endtime":"07:31"},{"starttime":"07:35","endtime":"07:36"},{"starttime":"07:35","endtime":"07:36"},{"starttime":"07:40","endtime":"07:41"},{"starttime":"07:45","endtime":"07:46"},{"starttime":"07:45","endtime":"07:46"},{"starttime":"07:50","endtime":"07:51"},{"starttime":"08:00","endtime":"08:01"},{"starttime":"08:05","endtime":"08:06"},{"starttime":"08:25","endtime":"08:26"},{"starttime":"08:30","endtime":"08:31"},{"starttime":"08:30","endtime":"08:31"},{"starttime":"08:40","endtime":"08:41"},{"starttime":"13:00","endtime":"13:01"},{"starttime":"13:10","endtime":"13:11"},{"starttime":"13:10","endtime":"13:12"},{"starttime":"13:10","endtime":"13:11"},{"starttime":"13:15","endtime":"13:16"},{"starttime":"13:20","endtime":"13:21"},{"starttime":"13:25","endtime":"13:26"},{"starttime":"13:30","endtime":"13:31"},{"starttime":"13:30","endtime":"13:32"},{"starttime":"13:30","endtime":"13:31"},{"starttime":"13:40","endtime":"13:41"},{"starttime":"13:45","endtime":"13:47"},{"starttime":"14:05","endtime":"14:06"},{"starttime":"14:15","endtime":"14:16"},{"starttime":"14:20","endtime":"14:25"},{"starttime":"14:20","endtime":"14:22"},{"starttime":"14:30","endtime":"14:31"},{"starttime":"14:40","endtime":"14:41"},{"starttime":"14:45","endtime":"14:46"},{"starttime":"14:45","endtime":"14:46"},{"starttime":"14:55","endtime":"14:56"},{"starttime":"15:10","endtime":"15:11"},{"starttime":"15:30","endtime":"15:31"},{"starttime":"16:20","endtime":"16:21"},{"starttime":"18:39","endtime":"18:40"}]}],"Message":"Success","Issuccess":true,"exception":null,"RowCount":1,"responsecode":200}