{"data":[{"fromstationname":"Depot-35 Gate","tostationname":"Depot-35 Kannalli","fromstationid":"35809","tostationid":"24860","apptime":"00:00:00","distance":"0.00","platformname":null,"platformnumber":null,"baynumber":null,"tripdetails":[{"starttime":"06:19","endtime":"06:20"},{"starttime":"10:58","endtime":"11:00"},{"starttime":"10:58","endtime":"11:00"},{"starttime":"10:58","endtime":"11:00"},{"starttime":"10:59","endtime":"11:00"},{"starttime":"10:59","endtime":"11:00"},{"starttime":"11:03","endtime":"11:05"},{"starttime":"11:04","endtime":"11:05"},{"starttime":"11:04","endtime":"11:05"},{"starttime":"11:09","endtime":"11:10"},{"starttime":"11:14","endtime":"11:15"},{"starttime":"11:19","endtime":"11:20"},{"starttime":"11:29","endtime":"11:30"},{"starttime":"11:29","endtime":"11:30"},{"starttime":"11:34","endtime":"11:35"},{"starttime":"11:44","endtime":"11:45"},{"starttime":"11:49","endtime":"11:50"},{"starttime":"11:53","endtime":"11:55"},{"starttime":"11:59","endtime":"12:00"},{"starttime":"11:59","endtime":"12:00"},{"starttime":"12:04","endtime":"12:05"},{"starttime":"12:04","endtime":"12:05"},{"starttime":"12:09","endtime":"12:10"},{"starttime":"12:19","endtime":"12:20"},{"starttime":"12:23","endtime":"12:25"},{"starttime":"12:24","endtime":"12:25"},{"starttime":"12:33","endtime":"12:35"},{"starttime":"12:33","endtime":"12:35"},{"starttime":"12:33","endtime":"12:35"},{"starttime":"12:33","endtime":"12:35"},{"starttime":"12:33","endtime":"12:35"},{"starttime":"12:33","endtime":"12:35"},{"starttime":"12:33","endtime":"12:35"},{"starttime":"12:33","endtime":"12:35"},{"starttime":"12:33","endtime":"12:35"},{"starttime":"12:33","endtime":"12:35"},{"starttime":"12:33","endtime":"12:35"},{"starttime":"12:33","endtime":"12:35"},{"starttime":"12:39","endtime":"12:40"},{"starttime":"12:49","endtime":"12:50"},{"starttime":"12:58","endtime":"13:00"},{"starttime":"13:35","endtime":"13:36"},{"starttime":"17:44","endtime":"17:45"},{"starttime":"18:24","endtime":"18:25"},{"starttime":"18:29","endtime":"18:30"},{"starttime":"18:38","endtime":"18:40"},{"starttime":"18:58","endtime":"19:00"},{"starttime":"18:59","endtime":"19:00"},{"starttime":"18:59","endtime":"19:00"},{"starttime":"19:03","endtime":"19:05"},{"starttime":"19:04","endtime":"19:05"},{"starttime":"19:43","endtime":"19:45"},{"starttime":"19:59","endtime":"20:00"},{"starttime":"20:04","endtime":"20:05"},{"starttime":"21:08","endtime":"21:10"},{"starttime":"21:23","endtime":"21:25"},{"starttime":"21:24","endtime":"21:25"},{"starttime":"21:33","endtime":"21:35"}]}],"Message":"Success","Issuccess":true,"exception":null,"RowCount":1,"responsecode":200}