{"data":[{"fromstationname":"Depot-36 Bidadi","tostationname":"Depot-36 Gate","fromstationid":"24861","tostationid":"24863","apptime":"00:01:00","distance":"0.10","platformname":null,"platformnumber":null,"baynumber":null,"tripdetails":[{"starttime":"12:15","endtime":"12:16"},{"starttime":"12:20","endtime":"12:21"},{"starttime":"13:00","endtime":"13:01"},{"starttime":"13:15","endtime":"13:16"},{"starttime":"13:40","endtime":"13:41"},{"starttime":"14:15","endtime":"14:16"},{"starttime":"14:40","endtime":"14:42"},{"starttime":"14:50","endtime":"14:51"},{"starttime":"15:20","endtime":"15:21"}]}],"Message":"Success","Issuccess":true,"exception":null,"RowCount":1,"responsecode":200}