{"data":[{"fromstationname":"Kengeri Bus Station","tostationname":"Depot-37 Kengeri","fromstationid":"20925","tostationid":"35735","apptime":"00:02:00","distance":"0.20","platformname":null,"platformnumber":null,"baynumber":null,"tripdetails":[{"starttime":"11:08","endtime":"11:10"},{"starttime":"11:28","endtime":"11:30"},{"starttime":"11:44","endtime":"11:45"},{"starttime":"12:04","endtime":"12:05"},{"starttime":"12:29","endtime":"12:30"},{"starttime":"12:34","endtime":"12:35"},{"starttime":"12:39","endtime":"12:40"},{"starttime":"12:59","endtime":"13:00"},{"starttime":"13:09","endtime":"13:10"},{"starttime":"13:09","endtime":"13:10"},{"starttime":"13:09","endtime":"13:10"},{"starttime":"13:09","endtime":"13:10"},{"starttime":"13:09","endtime":"13:10"},{"starttime":"13:09","endtime":"13:10"},{"starttime":"13:09","endtime":"13:10"},{"starttime":"13:09","endtime":"13:10"},{"starttime":"13:09","endtime":"13:10"},{"starttime":"13:09","endtime":"13:10"},{"starttime":"13:09","endtime":"13:10"},{"starttime":"13:09","endtime":"13:10"},{"starttime":"13:09","endtime":"13:10"},{"starttime":"13:09","endtime":"13:10"},{"starttime":"13:09","endtime":"13:10"},{"starttime":"13:09","endtime":"13:10"},{"starttime":"13:09","endtime":"13:10"},{"starttime":"13:09","endtime":"13:10"},{"starttime":"13:09","endtime":"13:10"},{"starttime":"13:09","endtime":"13:10"},{"starttime":"13:09","endtime":"13:10"},{"starttime":"13:09","endtime":"13:10"},{"starttime":"13:09","endtime":"13:10"},{"starttime":"13:09","endtime":"13:10"},{"starttime":"13:09","endtime":"13:10"},{"starttime":"13:09","endtime":"13:10"},{"starttime":"13:09","endtime":"13:10"},{"starttime":"13:09","endtime":"13:10"},{"starttime":"13:09","endtime":"13:10"},{"starttime":"13:09","endtime":"13:10"},{"starttime":"13:09","endtime":"13:10"},{"starttime":"13:09","endtime":"13:10"},{"starttime":"13:09","endtime":"13:10"},{"starttime":"13:09","endtime":"13:10"},{"starttime":"13:09","endtime":"13:10"},{"starttime":"13:09","endtime":"13:10"},{"starttime":"13:09","endtime":"13:10"},{"starttime":"13:09","endtime":"13:10"},{"starttime":"13:09","endtime":"13:10"},{"starttime":"13:09","endtime":"13:10"},{"starttime":"13:09","endtime":"13:10"},{"starttime":"13:09","endtime":"13:10"},{"starttime":"13:09","endtime":"13:10"},{"starttime":"18:03","endtime":"18:05"},{"starttime":"19:08","endtime":"19:10"},{"starttime":"21:24","endtime":"21:25"},{"starttime":"21:24","endtime":"21:25"}]}],"Message":"Success","Issuccess":true,"exception":null,"RowCount":1,"responsecode":200}