{"data":[{"fromstationname":"Depot-39 Hoskote","tostationname":"Hosakote Bus Stand (Old)","fromstationid":"32434","tostationid":"22046","apptime":"00:05:00","distance":"2.00","platformname":null,"platformnumber":null,"baynumber":null,"tripdetails":[{"starttime":"07:45","endtime":"07:50"},{"starttime":"07:55","endtime":"08:00"},{"starttime":"08:00","endtime":"08:10"},{"starttime":"08:00","endtime":"08:05"},{"starttime":"08:15","endtime":"08:20"},{"starttime":"08:25","endtime":"08:30"},{"starttime":"08:35","endtime":"08:40"},{"starttime":"08:55","endtime":"09:00"},{"starttime":"12:30","endtime":"12:35"},{"starttime":"12:30","endtime":"12:35"},{"starttime":"12:30","endtime":"12:35"},{"starttime":"12:35","endtime":"12:40"},{"starttime":"12:40","endtime":"12:45"},{"starttime":"12:45","endtime":"12:50"},{"starttime":"12:50","endtime":"12:55"},{"starttime":"12:50","endtime":"12:55"},{"starttime":"13:05","endtime":"13:10"},{"starttime":"13:15","endtime":"13:20"},{"starttime":"13:20","endtime":"13:25"},{"starttime":"13:20","endtime":"13:25"},{"starttime":"13:30","endtime":"13:35"},{"starttime":"13:30","endtime":"13:35"},{"starttime":"13:30","endtime":"13:35"},{"starttime":"13:30","endtime":"13:35"},{"starttime":"13:35","endtime":"13:40"},{"starttime":"13:45","endtime":"13:50"},{"starttime":"13:50","endtime":"13:55"},{"starttime":"13:55","endtime":"14:00"},{"starttime":"14:00","endtime":"14:05"},{"starttime":"14:00","endtime":"14:05"},{"starttime":"14:00","endtime":"14:05"},{"starttime":"14:05","endtime":"14:10"},{"starttime":"14:05","endtime":"14:10"},{"starttime":"14:10","endtime":"14:15"},{"starttime":"14:20","endtime":"14:25"},{"starttime":"14:30","endtime":"14:35"},{"starttime":"14:50","endtime":"14:55"},{"starttime":"14:50","endtime":"14:55"}]}],"Message":"Success","Issuccess":true,"exception":null,"RowCount":1,"responsecode":200}