{"data":[{"fromstationname":"Hosakote Bus Stand (Old)","tostationname":"Depot-39 Hoskote","fromstationid":"22046","tostationid":"32434","apptime":"00:05:00","distance":"2.00","platformname":null,"platformnumber":null,"baynumber":null,"tripdetails":[{"starttime":"10:15","endtime":"10:20"},{"starttime":"10:25","endtime":"10:30"},{"starttime":"10:25","endtime":"10:30"},{"starttime":"10:35","endtime":"10:40"},{"starttime":"11:05","endtime":"11:10"},{"starttime":"11:05","endtime":"11:10"},{"starttime":"11:10","endtime":"11:15"},{"starttime":"11:15","endtime":"11:20"},{"starttime":"11:15","endtime":"11:20"},{"starttime":"11:20","endtime":"11:25"},{"starttime":"11:24","endtime":"11:25"},{"starttime":"11:25","endtime":"11:30"},{"starttime":"11:25","endtime":"11:30"},{"starttime":"11:40","endtime":"11:45"},{"starttime":"11:45","endtime":"11:50"},{"starttime":"11:45","endtime":"11:50"},{"starttime":"11:50","endtime":"11:55"},{"starttime":"11:50","endtime":"11:55"},{"starttime":"11:55","endtime":"12:00"},{"starttime":"12:00","endtime":"12:05"},{"starttime":"12:07","endtime":"12:10"},{"starttime":"12:20","endtime":"12:25"},{"starttime":"12:20","endtime":"12:25"},{"starttime":"12:30","endtime":"12:35"},{"starttime":"12:30","endtime":"12:35"},{"starttime":"12:35","endtime":"12:40"},{"starttime":"12:50","endtime":"12:55"},{"starttime":"13:00","endtime":"13:05"},{"starttime":"13:05","endtime":"13:10"},{"starttime":"17:55","endtime":"18:00"},{"starttime":"17:55","endtime":"18:00"},{"starttime":"18:35","endtime":"18:40"},{"starttime":"18:40","endtime":"18:45"},{"starttime":"18:55","endtime":"19:00"},{"starttime":"18:55","endtime":"19:00"},{"starttime":"18:55","endtime":"19:00"},{"starttime":"19:15","endtime":"19:20"},{"starttime":"19:35","endtime":"19:40"},{"starttime":"19:55","endtime":"20:00"}]}],"Message":"Success","Issuccess":true,"exception":null,"RowCount":1,"responsecode":200}