{"data":[{"fromstationname":"Dasanapura","tostationname":"Depot-40 Dasanapura","fromstationid":"21873","tostationid":"32435","apptime":"00:05:00","distance":"0.50","platformname":null,"platformnumber":null,"baynumber":null,"tripdetails":[{"starttime":"11:00","endtime":"11:05"},{"starttime":"11:10","endtime":"11:15"},{"starttime":"11:15","endtime":"11:20"},{"starttime":"11:15","endtime":"11:20"},{"starttime":"11:15","endtime":"11:20"},{"starttime":"11:15","endtime":"11:20"},{"starttime":"11:15","endtime":"11:20"},{"starttime":"11:15","endtime":"11:20"},{"starttime":"11:15","endtime":"11:20"},{"starttime":"11:15","endtime":"11:20"},{"starttime":"11:15","endtime":"11:20"},{"starttime":"11:15","endtime":"11:20"},{"starttime":"11:15","endtime":"11:20"},{"starttime":"11:15","endtime":"11:20"},{"starttime":"11:15","endtime":"11:20"},{"starttime":"11:15","endtime":"11:20"},{"starttime":"11:15","endtime":"11:20"},{"starttime":"11:15","endtime":"11:20"},{"starttime":"11:15","endtime":"11:20"},{"starttime":"11:15","endtime":"11:20"},{"starttime":"11:15","endtime":"11:20"},{"starttime":"11:15","endtime":"11:20"},{"starttime":"11:15","endtime":"11:20"},{"starttime":"11:15","endtime":"11:20"},{"starttime":"11:15","endtime":"11:20"},{"starttime":"11:15","endtime":"11:20"},{"starttime":"11:15","endtime":"11:20"},{"starttime":"11:15","endtime":"11:20"},{"starttime":"11:15","endtime":"11:20"},{"starttime":"11:15","endtime":"11:20"},{"starttime":"11:15","endtime":"11:20"},{"starttime":"11:15","endtime":"11:20"},{"starttime":"11:15","endtime":"11:20"},{"starttime":"11:20","endtime":"11:25"},{"starttime":"11:30","endtime":"11:35"},{"starttime":"11:34","endtime":"11:40"},{"starttime":"11:35","endtime":"11:40"},{"starttime":"11:40","endtime":"11:45"},{"starttime":"11:45","endtime":"11:50"},{"starttime":"11:45","endtime":"11:50"},{"starttime":"11:45","endtime":"11:50"},{"starttime":"11:45","endtime":"11:50"},{"starttime":"11:45","endtime":"11:50"},{"starttime":"11:45","endtime":"11:50"},{"starttime":"11:45","endtime":"11:50"},{"starttime":"11:45","endtime":"11:50"},{"starttime":"11:45","endtime":"11:50"},{"starttime":"11:45","endtime":"11:50"},{"starttime":"11:45","endtime":"11:50"},{"starttime":"11:45","endtime":"11:50"},{"starttime":"11:45","endtime":"11:50"},{"starttime":"11:45","endtime":"11:50"},{"starttime":"11:45","endtime":"11:50"},{"starttime":"11:45","endtime":"11:50"},{"starttime":"11:45","endtime":"11:50"},{"starttime":"11:45","endtime":"11:50"},{"starttime":"11:45","endtime":"11:50"},{"starttime":"11:45","endtime":"11:50"},{"starttime":"11:45","endtime":"11:50"},{"starttime":"11:45","endtime":"11:50"},{"starttime":"11:45","endtime":"11:50"},{"starttime":"11:45","endtime":"11:50"},{"starttime":"11:45","endtime":"11:50"},{"starttime":"11:45","endtime":"11:50"},{"starttime":"11:45","endtime":"11:50"},{"starttime":"11:45","endtime":"11:50"},{"starttime":"11:45","endtime":"11:50"},{"starttime":"11:50","endtime":"11:55"},{"starttime":"11:50","endtime":"11:55"},{"starttime":"12:09","endtime":"12:15"},{"starttime":"12:10","endtime":"12:15"},{"starttime":"12:35","endtime":"12:40"},{"starttime":"12:55","endtime":"13:00"},{"starttime":"13:50","endtime":"13:55"},{"starttime":"18:45","endtime":"18:50"},{"starttime":"19:25","endtime":"19:30"}]}],"Message":"Success","Issuccess":true,"exception":null,"RowCount":1,"responsecode":200}