{"data":[{"fromstationname":"Depot-41 Gunjuru","tostationname":"Depot-41 Gate","fromstationid":"24871","tostationid":"37149","apptime":"00:01:00","distance":"0.10","platformname":null,"platformnumber":null,"baynumber":null,"tripdetails":[{"starttime":"07:00","endtime":"07:01"},{"starttime":"07:00","endtime":"07:01"},{"starttime":"07:05","endtime":"07:06"},{"starttime":"07:05","endtime":"07:06"},{"starttime":"07:15","endtime":"07:16"},{"starttime":"07:20","endtime":"07:21"},{"starttime":"07:30","endtime":"07:31"},{"starttime":"07:55","endtime":"07:56"},{"starttime":"07:55","endtime":"07:56"},{"starttime":"08:00","endtime":"08:01"},{"starttime":"08:00","endtime":"08:01"},{"starttime":"08:05","endtime":"08:06"},{"starttime":"08:10","endtime":"08:11"},{"starttime":"08:20","endtime":"08:21"},{"starttime":"08:25","endtime":"08:26"},{"starttime":"12:45","endtime":"12:46"},{"starttime":"13:15","endtime":"13:17"},{"starttime":"13:20","endtime":"13:21"},{"starttime":"13:25","endtime":"13:27"},{"starttime":"13:35","endtime":"13:37"},{"starttime":"13:45","endtime":"13:47"},{"starttime":"13:45","endtime":"13:46"},{"starttime":"13:55","endtime":"13:56"},{"starttime":"14:15","endtime":"14:16"},{"starttime":"14:20","endtime":"14:21"},{"starttime":"14:20","endtime":"14:22"},{"starttime":"14:20","endtime":"14:25"},{"starttime":"14:20","endtime":"14:21"},{"starttime":"14:20","endtime":"14:22"},{"starttime":"14:20","endtime":"14:21"},{"starttime":"14:25","endtime":"14:26"},{"starttime":"14:30","endtime":"14:31"},{"starttime":"14:30","endtime":"14:31"},{"starttime":"14:30","endtime":"14:32"},{"starttime":"14:40","endtime":"14:41"},{"starttime":"14:45","endtime":"14:46"},{"starttime":"15:30","endtime":"15:32"}]}],"Message":"Success","Issuccess":true,"exception":null,"RowCount":1,"responsecode":200}