{"data":[{"fromstationname":"Depot-42 Gate  Arrival","tostationname":"Depot-42 Kodathi","fromstationid":"23510","tostationid":"38595","apptime":"00:01:00","distance":"0.10","platformname":null,"platformnumber":null,"baynumber":null,"tripdetails":[{"starttime":"11:14","endtime":"11:15"},{"starttime":"11:39","endtime":"11:40"},{"starttime":"11:49","endtime":"11:50"},{"starttime":"11:59","endtime":"12:00"},{"starttime":"12:24","endtime":"12:25"}]}],"Message":"Success","Issuccess":true,"exception":null,"RowCount":1,"responsecode":200}