{"data":[{"fromstationname":"Depot-44 Anjanapura","tostationname":"Anjanapura 10th Block","fromstationid":"24877","tostationid":"21294","apptime":"00:05:00","distance":"0.20","platformname":null,"platformnumber":null,"baynumber":null,"tripdetails":[{"starttime":"05:00","endtime":"05:05"},{"starttime":"07:00","endtime":"07:01"},{"starttime":"07:25","endtime":"07:26"},{"starttime":"07:30","endtime":"07:31"},{"starttime":"07:45","endtime":"07:46"},{"starttime":"08:00","endtime":"08:01"},{"starttime":"08:15","endtime":"08:16"},{"starttime":"08:35","endtime":"08:36"},{"starttime":"12:20","endtime":"12:21"},{"starttime":"13:20","endtime":"13:25"},{"starttime":"13:40","endtime":"13:42"},{"starttime":"13:45","endtime":"13:47"},{"starttime":"13:45","endtime":"13:46"},{"starttime":"13:45","endtime":"13:50"},{"starttime":"13:45","endtime":"13:46"},{"starttime":"14:00","endtime":"14:01"},{"starttime":"14:00","endtime":"14:01"},{"starttime":"14:05","endtime":"14:06"},{"starttime":"14:10","endtime":"14:12"},{"starttime":"14:20","endtime":"14:22"},{"starttime":"14:30","endtime":"14:31"},{"starttime":"14:30","endtime":"14:31"},{"starttime":"14:30","endtime":"14:32"},{"starttime":"14:30","endtime":"14:33"},{"starttime":"14:30","endtime":"14:35"},{"starttime":"14:40","endtime":"14:41"},{"starttime":"14:40","endtime":"14:41"},{"starttime":"14:45","endtime":"14:46"},{"starttime":"15:20","endtime":"15:21"}]}],"Message":"Success","Issuccess":true,"exception":null,"RowCount":1,"responsecode":200}