{"data":[{"fromstationname":"Depot-46 Sadenahalli","tostationname":"Patalamma Temple","fromstationid":"24884","tostationid":"27633","apptime":"00:05:00","distance":"0.40","platformname":null,"platformnumber":null,"baynumber":null,"tripdetails":[{"starttime":"07:10","endtime":"07:15"},{"starttime":"07:15","endtime":"07:16"},{"starttime":"07:15","endtime":"07:20"},{"starttime":"07:20","endtime":"07:25"},{"starttime":"12:10","endtime":"12:15"},{"starttime":"12:10","endtime":"12:15"},{"starttime":"13:25","endtime":"13:30"},{"starttime":"13:25","endtime":"13:30"},{"starttime":"13:45","endtime":"13:50"},{"starttime":"13:45","endtime":"13:50"},{"starttime":"14:45","endtime":"14:50"},{"starttime":"14:50","endtime":"14:55"}]}],"Message":"Success","Issuccess":true,"exception":null,"RowCount":1,"responsecode":200}