{"data":[{"fromstationname":"Devanahalli New Bus Station","tostationname":"Depot-50 Devanahalli","fromstationid":"32458","tostationid":"36234","apptime":"00:05:00","distance":"0.50","platformname":null,"platformnumber":null,"baynumber":null,"tripdetails":[{"starttime":"11:20","endtime":"11:25"},{"starttime":"12:10","endtime":"12:15"},{"starttime":"12:15","endtime":"12:20"},{"starttime":"18:00","endtime":"18:05"},{"starttime":"19:25","endtime":"19:30"}]}],"Message":"Success","Issuccess":true,"exception":null,"RowCount":1,"responsecode":200}