{"data":[{"fromstationname":"Depot-07 Subhashnagara","tostationname":"Kempegowda Bus Station","fromstationid":"22774","tostationid":"20922","apptime":"00:05:00","distance":"0.30","platformname":null,"platformnumber":null,"baynumber":null,"tripdetails":[{"starttime":"06:00","endtime":"06:05"},{"starttime":"06:30","endtime":"06:35"},{"starttime":"06:40","endtime":"06:45"},{"starttime":"07:40","endtime":"07:45"},{"starttime":"07:50","endtime":"07:55"},{"starttime":"08:20","endtime":"08:25"},{"starttime":"08:20","endtime":"08:25"},{"starttime":"08:30","endtime":"08:35"},{"starttime":"08:40","endtime":"08:45"},{"starttime":"08:40","endtime":"08:45"},{"starttime":"10:00","endtime":"10:05"},{"starttime":"14:00","endtime":"14:05"},{"starttime":"14:30","endtime":"14:35"},{"starttime":"15:35","endtime":"15:40"},{"starttime":"16:10","endtime":"16:15"},{"starttime":"17:30","endtime":"17:35"},{"starttime":"18:20","endtime":"18:25"},{"starttime":"19:35","endtime":"19:40"},{"starttime":"22:05","endtime":"22:10"}]}],"Message":"Success","Issuccess":true,"exception":null,"RowCount":1,"responsecode":200}