{"data":[{"fromstationname":"Depot-08 Yashawanthapura","tostationname":"Yeshawanthapura Bus Station","fromstationid":"32424","tostationid":"24016","apptime":"00:01:00","distance":"0.10","platformname":null,"platformnumber":null,"baynumber":null,"tripdetails":[{"starttime":"06:15","endtime":"06:16"},{"starttime":"06:20","endtime":"06:21"},{"starttime":"06:20","endtime":"06:21"},{"starttime":"06:35","endtime":"06:37"},{"starttime":"07:10","endtime":"07:11"},{"starttime":"07:20","endtime":"07:21"},{"starttime":"08:00","endtime":"08:01"},{"starttime":"08:00","endtime":"08:01"},{"starttime":"08:00","endtime":"08:01"},{"starttime":"08:05","endtime":"08:06"},{"starttime":"08:20","endtime":"08:21"},{"starttime":"08:25","endtime":"08:26"},{"starttime":"08:45","endtime":"08:46"},{"starttime":"15:00","endtime":"15:01"}]}],"Message":"Success","Issuccess":true,"exception":null,"RowCount":1,"responsecode":200}