{"data":[{"fromstationname":"5th Phase Yelahanka New Town","tostationname":"MG Road Metro Station","fromstationid":"22925","tostationid":"23821","apptime":"01:10:00","distance":"20.60","platformname":null,"platformnumber":null,"baynumber":null,"tripdetails":[{"starttime":"07:10","endtime":"08:20"},{"starttime":"08:10","endtime":"09:20"},{"starttime":"09:15","endtime":"10:25"},{"starttime":"10:15","endtime":"11:25"},{"starttime":"14:40","endtime":"15:40"},{"starttime":"15:40","endtime":"16:50"},{"starttime":"17:20","endtime":"18:30"},{"starttime":"17:40","endtime":"18:50"}]}],"Message":"Success","Issuccess":true,"exception":null,"RowCount":1,"responsecode":200}