{"data":[{"fromstationname":"Hosakote Bus Stand (Old)","tostationname":"Kempegowda Bus Station","fromstationid":"22046","tostationid":"20922","apptime":"01:15:00","distance":"29.90","platformname":null,"platformnumber":null,"baynumber":null,"tripdetails":[{"starttime":"05:30","endtime":"06:45"},{"starttime":"13:00","endtime":"14:40"},{"starttime":"15:00","endtime":"16:35"},{"starttime":"19:05","endtime":"20:40"},{"starttime":"20:50","endtime":"22:25"}]}],"Message":"Success","Issuccess":true,"exception":null,"RowCount":1,"responsecode":200}