{"data":[{"fromstationname":"Kempegowda Bus Station","tostationname":"Kadugodi Bus Station","fromstationid":"20921","tostationid":"20902","apptime":"01:00:00","distance":"27.20","platformname":null,"platformnumber":null,"baynumber":null,"tripdetails":[{"starttime":"04:59","endtime":"05:59"},{"starttime":"05:35","endtime":"06:40"},{"starttime":"05:45","endtime":"07:00"},{"starttime":"06:00","endtime":"07:15"},{"starttime":"06:20","endtime":"07:55"},{"starttime":"06:20","endtime":"07:50"},{"starttime":"06:30","endtime":"08:10"},{"starttime":"06:35","endtime":"08:20"},{"starttime":"06:40","endtime":"08:20"},{"starttime":"06:55","endtime":"08:40"},{"starttime":"07:27","endtime":"09:33"},{"starttime":"08:45","endtime":"10:25"},{"starttime":"08:55","endtime":"10:50"},{"starttime":"09:05","endtime":"10:45"},{"starttime":"09:40","endtime":"11:30"},{"starttime":"09:45","endtime":"11:25"},{"starttime":"10:00","endtime":"11:50"},{"starttime":"10:10","endtime":"11:45"},{"starttime":"10:35","endtime":"12:15"},{"starttime":"10:40","endtime":"12:25"},{"starttime":"10:40","endtime":"12:20"},{"starttime":"10:45","endtime":"12:30"},{"starttime":"11:30","endtime":"13:10"},{"starttime":"12:40","endtime":"14:20"},{"starttime":"13:00","endtime":"14:40"},{"starttime":"13:40","endtime":"15:20"},{"starttime":"14:05","endtime":"15:45"},{"starttime":"15:40","endtime":"17:30"},{"starttime":"15:55","endtime":"18:00"},{"starttime":"16:25","endtime":"18:25"},{"starttime":"16:30","endtime":"18:40"},{"starttime":"16:45","endtime":"19:00"},{"starttime":"17:20","endtime":"19:05"},{"starttime":"17:25","endtime":"19:50"},{"starttime":"17:45","endtime":"19:25"},{"starttime":"17:49","endtime":"20:17"},{"starttime":"18:05","endtime":"19:45"},{"starttime":"20:30","endtime":"22:00"},{"starttime":"20:45","endtime":"22:20"},{"starttime":"21:10","endtime":"22:30"},{"starttime":"21:15","endtime":"22:40"},{"starttime":"21:30","endtime":"22:50"},{"starttime":"21:35","endtime":"23:00"},{"starttime":"21:35","endtime":"22:50"},{"starttime":"21:45","endtime":"23:10"},{"starttime":"21:50","endtime":"23:20"},{"starttime":"22:25","endtime":"23:40"}]}],"Message":"Success","Issuccess":true,"exception":null,"RowCount":1,"responsecode":200}