{"data":[{"fromstationname":"Krishnaraja Pura Govt Hospital","tostationname":"Bayyappanahalli Metro Station  Back Gate","fromstationid":"20946","tostationid":"36295","apptime":"00:30:00","distance":"9.50","platformname":null,"platformnumber":null,"baynumber":null,"tripdetails":[{"starttime":"11:15","endtime":"11:45"},{"starttime":"15:00","endtime":"15:30"},{"starttime":"15:10","endtime":"15:40"},{"starttime":"16:10","endtime":"16:40"}]}],"Message":"Success","Issuccess":true,"exception":null,"RowCount":1,"responsecode":200}