{"data":[{"fromstationname":"Channasandra","tostationname":"Swamy Vivekananda Metro Station/Isolation Hospital","fromstationid":"21822","tostationid":"20862","apptime":"01:05:00","distance":"16.90","platformname":null,"platformnumber":null,"baynumber":null,"tripdetails":[{"starttime":"09:05","endtime":"10:10"},{"starttime":"12:00","endtime":"13:05"},{"starttime":"12:35","endtime":"13:45"},{"starttime":"14:15","endtime":"15:20"},{"starttime":"16:55","endtime":"18:00"}]}],"Message":"Success","Issuccess":true,"exception":null,"RowCount":1,"responsecode":200}