{"data":[{"fromstationname":"Vaddarapalya JP Nagara 8th Phase","tostationname":"Jayanagara Metro Station Arrival","fromstationid":"23462","tostationid":"23463","apptime":"00:40:00","distance":"11.80","platformname":null,"platformnumber":null,"baynumber":null,"tripdetails":[{"starttime":"07:00","endtime":"07:40"},{"starttime":"08:30","endtime":"09:10"},{"starttime":"10:25","endtime":"11:05"},{"starttime":"11:55","endtime":"12:35"},{"starttime":"14:50","endtime":"15:30"},{"starttime":"16:45","endtime":"17:25"},{"starttime":"18:25","endtime":"19:05"},{"starttime":"20:05","endtime":"20:45"}]}],"Message":"Success","Issuccess":true,"exception":null,"RowCount":1,"responsecode":200}