{"data":[{"fromstationname":"MS Palya","tostationname":"Jalahalli Cross Metro Station Arrival","fromstationid":"33956","tostationid":"36453","apptime":"00:45:00","distance":"12.50","platformname":null,"platformnumber":null,"baynumber":null,"tripdetails":[{"starttime":"10:10","endtime":"10:55"},{"starttime":"12:10","endtime":"12:50"},{"starttime":"13:40","endtime":"14:20"},{"starttime":"15:10","endtime":"15:50"},{"starttime":"19:40","endtime":"20:25"}]}],"Message":"Success","Issuccess":true,"exception":null,"RowCount":1,"responsecode":200}