{"data":[{"fromstationname":"Laggere New Bus Stand","tostationname":"Jalahalli Cross  Metro Station Departure","fromstationid":"28443","tostationid":"35866","apptime":"00:20:00","distance":"5.20","platformname":null,"platformnumber":null,"baynumber":null,"tripdetails":[{"starttime":"06:10","endtime":"06:30"},{"starttime":"07:00","endtime":"07:20"},{"starttime":"07:50","endtime":"08:10"},{"starttime":"08:40","endtime":"09:00"},{"starttime":"09:30","endtime":"09:50"},{"starttime":"10:45","endtime":"11:05"},{"starttime":"17:30","endtime":"17:50"},{"starttime":"18:20","endtime":"18:30"},{"starttime":"19:35","endtime":"19:55"},{"starttime":"20:25","endtime":"20:45"}]}],"Message":"Success","Issuccess":true,"exception":null,"RowCount":1,"responsecode":200}