{"data":[{"fromstationname":"Banashankari Bus Station","tostationname":"Mallasandra Poorvankara Apartment","fromstationid":"20623","tostationid":"33780","apptime":"00:45:00","distance":"10.80","platformname":null,"platformnumber":null,"baynumber":null,"tripdetails":[{"starttime":"07:35","endtime":"08:20"},{"starttime":"09:10","endtime":"09:50"},{"starttime":"11:35","endtime":"12:15"},{"starttime":"15:25","endtime":"16:05"},{"starttime":"16:55","endtime":"17:35"}]}],"Message":"Success","Issuccess":true,"exception":null,"RowCount":1,"responsecode":200}