{"data":[{"fromstationname":"Mallasandra Poorvankara Apartment","tostationname":"Banashankari Bus Station","fromstationid":"33780","tostationid":"20624","apptime":"00:40:00","distance":"10.80","platformname":null,"platformnumber":null,"baynumber":null,"tripdetails":[{"starttime":"08:25","endtime":"09:05"},{"starttime":"10:50","endtime":"11:30"},{"starttime":"12:20","endtime":"13:00"},{"starttime":"16:10","endtime":"16:50"},{"starttime":"17:40","endtime":"18:20"}]}],"Message":"Success","Issuccess":true,"exception":null,"RowCount":1,"responsecode":200}