{"data":[{"fromstationname":"Banashankari Bus Station","tostationname":"Kaggalipura","fromstationid":"20623","tostationid":"22137","apptime":"01:00:00","distance":"16.80","platformname":null,"platformnumber":null,"baynumber":null,"tripdetails":[{"starttime":"06:10","endtime":"07:10"},{"starttime":"08:30","endtime":"09:20"},{"starttime":"10:45","endtime":"11:35"},{"starttime":"10:50","endtime":"11:40"},{"starttime":"12:35","endtime":"13:25"},{"starttime":"14:30","endtime":"15:20"},{"starttime":"15:05","endtime":"15:55"},{"starttime":"19:40","endtime":"20:40"}]}],"Message":"Success","Issuccess":true,"exception":null,"RowCount":1,"responsecode":200}