{"data":[{"fromstationname":"Kadugodi Bus Station","tostationname":"Marathahalli","fromstationid":"20902","tostationid":"22261","apptime":"00:40:00","distance":"12.50","platformname":null,"platformnumber":null,"baynumber":null,"tripdetails":[{"starttime":"05:30","endtime":"06:10"},{"starttime":"07:05","endtime":"08:00"},{"starttime":"09:10","endtime":"10:10"},{"starttime":"15:45","endtime":"16:45"},{"starttime":"18:20","endtime":"19:20"},{"starttime":"20:30","endtime":"21:20"}]}],"Message":"Success","Issuccess":true,"exception":null,"RowCount":1,"responsecode":200}