{"data":[{"fromstationname":"Ramasandra","tostationname":"Bengaluru University Gate","fromstationid":"34372","tostationid":"20649","apptime":"00:30:00","distance":"7.00","platformname":null,"platformnumber":null,"baynumber":null,"tripdetails":[{"starttime":"07:10","endtime":"07:40"},{"starttime":"11:05","endtime":"11:35"},{"starttime":"12:15","endtime":"12:40"},{"starttime":"14:45","endtime":"15:15"},{"starttime":"16:10","endtime":"16:40"},{"starttime":"17:20","endtime":"17:50"}]}],"Message":"Success","Issuccess":true,"exception":null,"RowCount":1,"responsecode":200}