{"data":[{"fromstationname":"Tavarekere","tostationname":"Kengeri Bus Station","fromstationid":"34765","tostationid":"20925","apptime":"00:45:00","distance":"15.20","platformname":null,"platformnumber":null,"baynumber":null,"tripdetails":[{"starttime":"07:05","endtime":"07:50"},{"starttime":"08:45","endtime":"09:30"},{"starttime":"10:50","endtime":"11:35"},{"starttime":"12:30","endtime":"13:15"},{"starttime":"14:20","endtime":"15:05"},{"starttime":"17:10","endtime":"17:55"},{"starttime":"18:55","endtime":"19:40"},{"starttime":"20:40","endtime":"21:24"},{"starttime":"21:25","endtime":"22:05"}]}],"Message":"Success","Issuccess":true,"exception":null,"RowCount":1,"responsecode":200}