{"data":[{"fromstationname":"Electronic City Wipro Main Gate","tostationname":"Bayyappanahalli Metro Station","fromstationid":"20772","tostationid":"20635","apptime":"01:40:00","distance":"29.50","platformname":null,"platformnumber":null,"baynumber":null,"tripdetails":[{"starttime":"05:30","endtime":"07:10"},{"starttime":"06:00","endtime":"07:40"},{"starttime":"09:14","endtime":"10:45"},{"starttime":"09:15","endtime":"11:00"},{"starttime":"09:45","endtime":"11:30"},{"starttime":"10:05","endtime":"11:50"},{"starttime":"13:00","endtime":"14:30"},{"starttime":"17:00","endtime":"18:40"},{"starttime":"18:15","endtime":"20:00"},{"starttime":"19:15","endtime":"20:55"}]}],"Message":"Success","Issuccess":true,"exception":null,"RowCount":1,"responsecode":200}