{"data":[{"fromstationname":"KR Market (Kalasipalya)","tostationname":"Harohalli","fromstationid":"20944","tostationid":"35155","apptime":"01:50:00","distance":"38.50","platformname":null,"platformnumber":null,"baynumber":null,"tripdetails":[{"starttime":"07:10","endtime":"09:00"},{"starttime":"07:50","endtime":"09:35"},{"starttime":"08:20","endtime":"09:50"},{"starttime":"08:35","endtime":"10:25"},{"starttime":"12:00","endtime":"13:30"},{"starttime":"12:20","endtime":"13:50"},{"starttime":"13:05","endtime":"14:55"},{"starttime":"15:35","endtime":"17:25"},{"starttime":"16:50","endtime":"18:20"},{"starttime":"20:30","endtime":"22:15"},{"starttime":"21:20","endtime":"22:50"}]}],"Message":"Success","Issuccess":true,"exception":null,"RowCount":1,"responsecode":200}