{"data":[{"fromstationname":"Chandapura","tostationname":"Kempegowda Bus Station","fromstationid":"21818","tostationid":"20922","apptime":"01:50:00","distance":"29.20","platformname":null,"platformnumber":null,"baynumber":null,"tripdetails":[{"starttime":"12:30","endtime":"14:20"},{"starttime":"12:35","endtime":"14:25"},{"starttime":"16:25","endtime":"18:15"},{"starttime":"16:35","endtime":"18:25"},{"starttime":"17:21","endtime":"18:55"}]}],"Message":"Success","Issuccess":true,"exception":null,"RowCount":1,"responsecode":200}