{"data":[{"fromstationname":"Banashankari Bus Station","tostationname":"ITPL","fromstationid":"20623","tostationid":"20866","apptime":"01:45:00","distance":"27.00","platformname":null,"platformnumber":null,"baynumber":null,"tripdetails":[{"starttime":"05:35","endtime":"07:20"},{"starttime":"06:15","endtime":"07:55"},{"starttime":"06:20","endtime":"08:00"},{"starttime":"07:00","endtime":"08:40"},{"starttime":"09:35","endtime":"11:20"},{"starttime":"09:45","endtime":"11:20"},{"starttime":"09:55","endtime":"11:30"},{"starttime":"10:10","endtime":"11:55"},{"starttime":"10:15","endtime":"12:00"},{"starttime":"10:20","endtime":"12:05"},{"starttime":"10:35","endtime":"12:20"},{"starttime":"10:35","endtime":"12:20"},{"starttime":"11:00","endtime":"12:45"},{"starttime":"11:05","endtime":"12:45"},{"starttime":"12:25","endtime":"14:15"},{"starttime":"14:05","endtime":"15:45"},{"starttime":"14:15","endtime":"16:00"},{"starttime":"14:25","endtime":"16:05"},{"starttime":"14:40","endtime":"16:15"},{"starttime":"14:50","endtime":"16:30"},{"starttime":"16:15","endtime":"17:50"},{"starttime":"17:05","endtime":"18:45"},{"starttime":"17:25","endtime":"19:05"},{"starttime":"17:40","endtime":"19:25"},{"starttime":"17:55","endtime":"19:45"},{"starttime":"18:00","endtime":"19:45"},{"starttime":"18:25","endtime":"20:05"},{"starttime":"18:45","endtime":"20:25"},{"starttime":"18:55","endtime":"20:35"},{"starttime":"19:40","endtime":"21:20"},{"starttime":"20:00","endtime":"21:45"},{"starttime":"20:40","endtime":"22:20"}]}],"Message":"Success","Issuccess":true,"exception":null,"RowCount":1,"responsecode":200}