{"data":[{"latitude":"12.939555","longitude":"77.472897","responsecode":200},{"latitude":"12.939820000000001","longitude":"77.47308000000001","responsecode":200},{"latitude":"12.940190000000001","longitude":"77.47322000000001","responsecode":200},{"latitude":"12.940320000000002","longitude":"77.47329","responsecode":200},{"latitude":"12.940470000000001","longitude":"77.47337","responsecode":200},{"latitude":"12.940740000000002","longitude":"77.47354","responsecode":200},{"latitude":"12.94109","longitude":"77.4737","responsecode":200},{"latitude":"12.941270000000001","longitude":"77.47377999999999","responsecode":200},{"latitude":"12.941410000000001","longitude":"77.47386999999999","responsecode":200},{"latitude":"12.941530000000002","longitude":"77.47393","responsecode":200},{"latitude":"12.941680000000002","longitude":"77.47399","responsecode":200},{"latitude":"12.941778000000001","longitude":"77.474035","responsecode":200},{"latitude":"12.941778","longitude":"77.474035","responsecode":200},{"latitude":"12.941809999999998","longitude":"77.47405","responsecode":200},{"latitude":"12.941959999999998","longitude":"77.47414","responsecode":200},{"latitude":"12.942139999999998","longitude":"77.47423","responsecode":200},{"latitude":"12.94268","longitude":"77.47447000000001","responsecode":200},{"latitude":"12.94258","longitude":"77.47469000000001","responsecode":200},{"latitude":"12.94244","longitude":"77.47499","responsecode":200},{"latitude":"12.942359999999999","longitude":"77.47514000000001","responsecode":200},{"latitude":"12.94267","longitude":"77.47532000000001","responsecode":200},{"latitude":"12.9434","longitude":"77.47570000000002","responsecode":200},{"latitude":"12.94326","longitude":"77.47600000000001","responsecode":200},{"latitude":"12.94311","longitude":"77.47629000000002","responsecode":200},{"latitude":"12.943090000000002","longitude":"77.47640000000003","responsecode":200},{"latitude":"12.943090000000002","longitude":"77.47648000000002","responsecode":200},{"latitude":"12.94309","longitude":"77.47648","responsecode":200},{"latitude":"12.94309","longitude":"77.47648","responsecode":200},{"latitude":"12.94304","longitude":"77.47654","responsecode":200},{"latitude":"12.94299","longitude":"77.47665","responsecode":200},{"latitude":"12.94294","longitude":"77.47677","responsecode":200},{"latitude":"12.94285","longitude":"77.47701","responsecode":200},{"latitude":"12.94276","longitude":"77.47727","responsecode":200},{"latitude":"12.94273","longitude":"77.47738000000001","responsecode":200},{"latitude":"12.94271","longitude":"77.47746000000001","responsecode":200},{"latitude":"12.9427","longitude":"77.47756000000001","responsecode":200},{"latitude":"12.94269","longitude":"77.47774000000001","responsecode":200},{"latitude":"12.942680000000001","longitude":"77.47833000000001","responsecode":200},{"latitude":"12.942680000000001","longitude":"77.47842000000001","responsecode":200},{"latitude":"12.942680000000001","longitude":"77.47896000000001","responsecode":200},{"latitude":"12.94269","longitude":"77.47906000000002","responsecode":200},{"latitude":"12.94229","longitude":"77.47917000000002","responsecode":200},{"latitude":"12.94215","longitude":"77.47921000000002","responsecode":200},{"latitude":"12.94215","longitude":"77.47921","responsecode":200},{"latitude":"12.94215","longitude":"77.47921","responsecode":200},{"latitude":"12.94215","longitude":"77.47944","responsecode":200},{"latitude":"12.94214","longitude":"77.4799","responsecode":200},{"latitude":"12.94213","longitude":"77.48097","responsecode":200},{"latitude":"12.942120000000001","longitude":"77.48142","responsecode":200},{"latitude":"12.94208","longitude":"77.48251","responsecode":200},{"latitude":"12.94208","longitude":"77.48272","responsecode":200},{"latitude":"12.94208","longitude":"77.48285","responsecode":200},{"latitude":"12.94208","longitude":"77.48285","responsecode":200},{"latitude":"12.94208","longitude":"77.48285","responsecode":200},{"latitude":"12.942070000000001","longitude":"77.48315","responsecode":200},{"latitude":"12.942070000000001","longitude":"77.48326999999999","responsecode":200},{"latitude":"12.942060000000001","longitude":"77.48357999999999","responsecode":200},{"latitude":"12.942070000000001","longitude":"77.48423999999999","responsecode":200},{"latitude":"12.942070000000001","longitude":"77.48452999999999","responsecode":200},{"latitude":"12.942050000000002","longitude":"77.48464","responsecode":200},{"latitude":"12.942070000000001","longitude":"77.48469","responsecode":200},{"latitude":"12.94209","longitude":"77.48475","responsecode":200},{"latitude":"12.9421","longitude":"77.4848","responsecode":200},{"latitude":"12.9421","longitude":"77.48489000000001","responsecode":200},{"latitude":"12.94209","longitude":"77.48515","responsecode":200},{"latitude":"12.94209","longitude":"77.48545","responsecode":200},{"latitude":"12.9421","longitude":"77.4856","responsecode":200},{"latitude":"12.94211","longitude":"77.48575000000001","responsecode":200},{"latitude":"12.942129999999999","longitude":"77.48586000000002","responsecode":200},{"latitude":"12.942149999999998","longitude":"77.48595000000002","responsecode":200},{"latitude":"12.942179999999999","longitude":"77.48605000000002","responsecode":200},{"latitude":"12.942219999999999","longitude":"77.48618000000002","responsecode":200},{"latitude":"12.942269999999999","longitude":"77.48629000000003","responsecode":200},{"latitude":"12.942339999999998","longitude":"77.48645000000002","responsecode":200},{"latitude":"12.942419999999998","longitude":"77.48665000000003","responsecode":200},{"latitude":"12.94245","longitude":"77.48673000000002","responsecode":200},{"latitude":"12.94249","longitude":"77.48684000000003","responsecode":200},{"latitude":"12.94253","longitude":"77.48694000000003","responsecode":200},{"latitude":"12.94257","longitude":"77.48706000000003","responsecode":200},{"latitude":"12.94259","longitude":"77.48714000000002","responsecode":200},{"latitude":"12.94259","longitude":"77.48714","responsecode":200},{"latitude":"12.94259","longitude":"77.48714","responsecode":200},{"latitude":"12.94262","longitude":"77.48724","responsecode":200},{"latitude":"12.942639999999999","longitude":"77.48734","responsecode":200},{"latitude":"12.942639999999999","longitude":"77.48740000000001","responsecode":200},{"latitude":"12.942639999999999","longitude":"77.48748","responsecode":200},{"latitude":"12.94263","longitude":"77.48759000000001","responsecode":200},{"latitude":"12.94261","longitude":"77.48769000000001","responsecode":200},{"latitude":"12.94256","longitude":"77.48787000000002","responsecode":200},{"latitude":"12.94251","longitude":"77.48805000000002","responsecode":200},{"latitude":"12.94248","longitude":"77.48815000000002","responsecode":200},{"latitude":"12.94245","longitude":"77.48826000000003","responsecode":200},{"latitude":"12.94243","longitude":"77.48834000000002","responsecode":200},{"latitude":"12.94243","longitude":"77.48846000000002","responsecode":200},{"latitude":"12.94242","longitude":"77.48858000000001","responsecode":200},{"latitude":"12.94243","longitude":"77.48876000000001","responsecode":200},{"latitude":"12.94243","longitude":"77.48889000000001","responsecode":200},{"latitude":"12.94242","longitude":"77.48905","responsecode":200},{"latitude":"12.94238","longitude":"77.4894","responsecode":200},{"latitude":"12.94236","longitude":"77.48969000000001","responsecode":200},{"latitude":"12.94233","longitude":"77.49000000000001","responsecode":200},{"latitude":"12.94231","longitude":"77.49014000000001","responsecode":200},{"latitude":"12.942290000000002","longitude":"77.49026","responsecode":200},{"latitude":"12.94229","longitude":"77.49026","responsecode":200},{"latitude":"12.94229","longitude":"77.49026","responsecode":200},{"latitude":"12.94227","longitude":"77.49035","responsecode":200},{"latitude":"12.942250000000001","longitude":"77.49044","responsecode":200},{"latitude":"12.94222","longitude":"77.49055000000001","responsecode":200},{"latitude":"12.94218","longitude":"77.49067000000001","responsecode":200},{"latitude":"12.94213","longitude":"77.49081000000001","responsecode":200},{"latitude":"12.942020000000001","longitude":"77.49107000000001","responsecode":200},{"latitude":"12.941880000000001","longitude":"77.49134000000001","responsecode":200},{"latitude":"12.941820000000002","longitude":"77.49144000000001","responsecode":200},{"latitude":"12.941740000000001","longitude":"77.49159000000002","responsecode":200},{"latitude":"12.941690000000001","longitude":"77.49171000000001","responsecode":200},{"latitude":"12.941650000000001","longitude":"77.49182000000002","responsecode":200},{"latitude":"12.94162","longitude":"77.49192000000002","responsecode":200},{"latitude":"12.941600000000001","longitude":"77.49205000000002","responsecode":200},{"latitude":"12.94157","longitude":"77.49231000000002","responsecode":200},{"latitude":"12.94157","longitude":"77.49239000000001","responsecode":200},{"latitude":"12.94156","longitude":"77.49255000000001","responsecode":200},{"latitude":"12.94156","longitude":"77.49271","responsecode":200},{"latitude":"12.941550000000001","longitude":"77.49289","responsecode":200},{"latitude":"12.941540000000002","longitude":"77.49302","responsecode":200},{"latitude":"12.941530000000002","longitude":"77.49326","responsecode":200},{"latitude":"12.941530000000002","longitude":"77.49346000000001","responsecode":200},{"latitude":"12.94153","longitude":"77.49346","responsecode":200},{"latitude":"12.94153","longitude":"77.49346","responsecode":200},{"latitude":"12.941790000000001","longitude":"77.49357","responsecode":200},{"latitude":"12.94195","longitude":"77.49363000000001","responsecode":200},{"latitude":"12.94227","longitude":"77.49376000000001","responsecode":200},{"latitude":"12.94274","longitude":"77.49396000000002","responsecode":200},{"latitude":"12.942870000000001","longitude":"77.49402000000002","responsecode":200},{"latitude":"12.943050000000001","longitude":"77.49410000000002","responsecode":200},{"latitude":"12.943170000000002","longitude":"77.49416000000002","responsecode":200},{"latitude":"12.943410000000002","longitude":"77.49429000000002","responsecode":200},{"latitude":"12.943550000000002","longitude":"77.49436000000001","responsecode":200},{"latitude":"12.943810000000003","longitude":"77.49449000000001","responsecode":200},{"latitude":"12.943950000000003","longitude":"77.49456","responsecode":200},{"latitude":"12.944090000000003","longitude":"77.49463","responsecode":200},{"latitude":"12.944330000000003","longitude":"77.49477","responsecode":200},{"latitude":"12.944590000000003","longitude":"77.49494","responsecode":200},{"latitude":"12.944830000000003","longitude":"77.49511","responsecode":200},{"latitude":"12.945010000000003","longitude":"77.49524","responsecode":200},{"latitude":"12.945130000000004","longitude":"77.49533","responsecode":200},{"latitude":"12.945255000000005","longitude":"77.49542199999999","responsecode":200},{"latitude":"12.945255","longitude":"77.495422","responsecode":200},{"latitude":"12.94528","longitude":"77.49544","responsecode":200},{"latitude":"12.94547","longitude":"77.49559","responsecode":200},{"latitude":"12.94557","longitude":"77.49567","responsecode":200},{"latitude":"12.94569","longitude":"77.49574","responsecode":200},{"latitude":"12.94616","longitude":"77.49602","responsecode":200},{"latitude":"12.94632","longitude":"77.49612","responsecode":200},{"latitude":"12.94641","longitude":"77.49618000000001","responsecode":200},{"latitude":"12.9466","longitude":"77.4963","responsecode":200},{"latitude":"12.94678","longitude":"77.49642","responsecode":200},{"latitude":"12.94693","longitude":"77.49651","responsecode":200},{"latitude":"12.94708","longitude":"77.49659","responsecode":200},{"latitude":"12.9472","longitude":"77.49665","responsecode":200},{"latitude":"12.94729","longitude":"77.49669","responsecode":200},{"latitude":"12.94739","longitude":"77.49673","responsecode":200},{"latitude":"12.947650000000001","longitude":"77.49681","responsecode":200},{"latitude":"12.947940000000001","longitude":"77.4969","responsecode":200},{"latitude":"12.948210000000001","longitude":"77.49698","responsecode":200},{"latitude":"12.948450000000001","longitude":"77.49704999999999","responsecode":200},{"latitude":"12.94856","longitude":"77.49707999999998","responsecode":200},{"latitude":"12.948690000000001","longitude":"77.49711999999998","responsecode":200},{"latitude":"12.948830000000001","longitude":"77.49715999999998","responsecode":200},{"latitude":"12.94883","longitude":"77.49716","responsecode":200},{"latitude":"12.94883","longitude":"77.49716","responsecode":200},{"latitude":"12.94897","longitude":"77.49721","responsecode":200},{"latitude":"12.949119999999999","longitude":"77.49727999999999","responsecode":200},{"latitude":"12.94925","longitude":"77.49734999999998","responsecode":200},{"latitude":"12.94938","longitude":"77.49742999999998","responsecode":200},{"latitude":"12.949589999999999","longitude":"77.49757999999999","responsecode":200},{"latitude":"12.94972","longitude":"77.49767999999999","responsecode":200},{"latitude":"12.949829999999999","longitude":"77.49776999999999","responsecode":200},{"latitude":"12.949889999999998","longitude":"77.49783","responsecode":200},{"latitude":"12.949949999999998","longitude":"77.49789999999999","responsecode":200},{"latitude":"12.949999999999998","longitude":"77.49796999999998","responsecode":200},{"latitude":"12.950059999999997","longitude":"77.49804999999998","responsecode":200},{"latitude":"12.950109999999997","longitude":"77.49811999999997","responsecode":200},{"latitude":"12.950209999999997","longitude":"77.49826999999998","responsecode":200},{"latitude":"12.950369999999996","longitude":"77.49849999999998","responsecode":200},{"latitude":"12.950459999999996","longitude":"77.49864999999998","responsecode":200},{"latitude":"12.950579999999997","longitude":"77.49883999999999","responsecode":200},{"latitude":"12.950729999999997","longitude":"77.49905999999999","responsecode":200},{"latitude":"12.950829999999996","longitude":"77.49920999999999","responsecode":200},{"latitude":"12.950879999999996","longitude":"77.49927999999998","responsecode":200},{"latitude":"12.950959999999997","longitude":"77.49936999999998","responsecode":200},{"latitude":"12.951049999999997","longitude":"77.49943999999998","responsecode":200},{"latitude":"12.951209999999996","longitude":"77.49950999999997","responsecode":200},{"latitude":"12.951419999999995","longitude":"77.49956999999998","responsecode":200},{"latitude":"12.951559999999995","longitude":"77.49959999999997","responsecode":200},{"latitude":"12.951689999999996","longitude":"77.49962999999997","responsecode":200},{"latitude":"12.951869999999996","longitude":"77.49967999999997","responsecode":200},{"latitude":"12.952009999999996","longitude":"77.49970999999996","responsecode":200},{"latitude":"12.952029999999995","longitude":"77.49981999999997","responsecode":200},{"latitude":"12.952019999999996","longitude":"77.49996999999998","responsecode":200},{"latitude":"12.952009999999996","longitude":"77.50011999999998","responsecode":200},{"latitude":"12.951999999999996","longitude":"77.50017999999999","responsecode":200},{"latitude":"12.952","longitude":"77.50018","responsecode":200},{"latitude":"12.952","longitude":"77.50018","responsecode":200},{"latitude":"12.95196","longitude":"77.50022","responsecode":200},{"latitude":"12.95191","longitude":"77.50025","responsecode":200},{"latitude":"12.95182","longitude":"77.50027","responsecode":200},{"latitude":"12.95157","longitude":"77.5003","responsecode":200},{"latitude":"12.95133","longitude":"77.50035","responsecode":200},{"latitude":"12.95114","longitude":"77.50041","responsecode":200},{"latitude":"12.95096","longitude":"77.50047","responsecode":200},{"latitude":"12.95074","longitude":"77.50055","responsecode":200},{"latitude":"12.95054","longitude":"77.50063","responsecode":200},{"latitude":"12.95036","longitude":"77.5007","responsecode":200},{"latitude":"12.950042","longitude":"77.50084199999999","responsecode":200},{"latitude":"12.950042","longitude":"77.500842","responsecode":200},{"latitude":"12.94971","longitude":"77.50099","responsecode":200},{"latitude":"12.949119999999999","longitude":"77.50127","responsecode":200},{"latitude":"12.948949999999998","longitude":"77.50135","responsecode":200},{"latitude":"12.948729999999998","longitude":"77.50145","responsecode":200},{"latitude":"12.948549999999997","longitude":"77.50156000000001","responsecode":200},{"latitude":"12.948369999999997","longitude":"77.50167000000002","responsecode":200},{"latitude":"12.948049999999997","longitude":"77.50188000000001","responsecode":200},{"latitude":"12.946719999999997","longitude":"77.50278000000002","responsecode":200},{"latitude":"12.946319999999996","longitude":"77.50305000000002","responsecode":200},{"latitude":"12.946159999999997","longitude":"77.50316000000002","responsecode":200},{"latitude":"12.946079999999997","longitude":"77.50321000000002","responsecode":200},{"latitude":"12.945939999999997","longitude":"77.50330000000002","responsecode":200},{"latitude":"12.945529999999996","longitude":"77.50358000000003","responsecode":200},{"latitude":"12.944989999999995","longitude":"77.50394000000003","responsecode":200},{"latitude":"12.944859999999995","longitude":"77.50402000000003","responsecode":200},{"latitude":"12.944699999999996","longitude":"77.50412000000003","responsecode":200},{"latitude":"12.944689999999996","longitude":"77.50414000000004","responsecode":200},{"latitude":"12.944669999999997","longitude":"77.50417000000003","responsecode":200},{"latitude":"12.944649999999998","longitude":"77.50418000000003","responsecode":200},{"latitude":"12.944619999999997","longitude":"77.50419000000004","responsecode":200},{"latitude":"12.944599999999998","longitude":"77.50419000000004","responsecode":200},{"latitude":"12.944381999999997","longitude":"77.50433700000004","responsecode":200},{"latitude":"12.944382","longitude":"77.504337","responsecode":200},{"latitude":"12.944199999999999","longitude":"77.50446000000001","responsecode":200},{"latitude":"12.943999999999999","longitude":"77.50460000000001","responsecode":200},{"latitude":"12.943959999999999","longitude":"77.50463","responsecode":200},{"latitude":"12.943829999999998","longitude":"77.50471","responsecode":200},{"latitude":"12.943699999999998","longitude":"77.50479","responsecode":200},{"latitude":"12.943359999999998","longitude":"77.50501","responsecode":200},{"latitude":"12.943069999999999","longitude":"77.50521","responsecode":200},{"latitude":"12.942939999999998","longitude":"77.5053","responsecode":200},{"latitude":"12.942389999999998","longitude":"77.50567000000001","responsecode":200},{"latitude":"12.942259999999997","longitude":"77.50576000000001","responsecode":200},{"latitude":"12.942179999999997","longitude":"77.50581000000001","responsecode":200},{"latitude":"12.942079999999997","longitude":"77.50584","responsecode":200},{"latitude":"12.941999999999997","longitude":"77.50591","responsecode":200},{"latitude":"12.941919999999996","longitude":"77.50598","responsecode":200},{"latitude":"12.941869999999996","longitude":"77.50602099999999","responsecode":200},{"latitude":"12.94187","longitude":"77.506021","responsecode":200},{"latitude":"12.94181","longitude":"77.50607000000001","responsecode":200},{"latitude":"12.94164","longitude":"77.50619","responsecode":200},{"latitude":"12.94151","longitude":"77.50628","responsecode":200},{"latitude":"12.941099999999999","longitude":"77.50656000000001","responsecode":200},{"latitude":"12.940859999999999","longitude":"77.50674000000001","responsecode":200},{"latitude":"12.940679999999999","longitude":"77.50688000000001","responsecode":200},{"latitude":"12.94047","longitude":"77.50706000000001","responsecode":200},{"latitude":"12.94026","longitude":"77.50726000000002","responsecode":200},{"latitude":"12.940100000000001","longitude":"77.50742000000001","responsecode":200},{"latitude":"12.93969","longitude":"77.50780000000002","responsecode":200},{"latitude":"12.93943","longitude":"77.50806000000001","responsecode":200},{"latitude":"12.93932","longitude":"77.50816000000002","responsecode":200},{"latitude":"12.939160000000001","longitude":"77.50832000000001","responsecode":200},{"latitude":"12.939010000000001","longitude":"77.50847000000002","responsecode":200},{"latitude":"12.938760000000002","longitude":"77.50871000000002","responsecode":200},{"latitude":"12.938610000000002","longitude":"77.50887000000002","responsecode":200},{"latitude":"12.938500000000003","longitude":"77.50900000000001","responsecode":200},{"latitude":"12.938390000000004","longitude":"77.50915000000002","responsecode":200},{"latitude":"12.938240000000004","longitude":"77.50940000000001","responsecode":200},{"latitude":"12.938110000000004","longitude":"77.50961000000001","responsecode":200},{"latitude":"12.937970000000004","longitude":"77.50983000000001","responsecode":200},{"latitude":"12.937790000000003","longitude":"77.51016000000001","responsecode":200},{"latitude":"12.937670000000002","longitude":"77.51041000000001","responsecode":200},{"latitude":"12.937600000000003","longitude":"77.51058","responsecode":200},{"latitude":"12.937530000000004","longitude":"77.51077000000001","responsecode":200},{"latitude":"12.937400000000004","longitude":"77.51118000000001","responsecode":200},{"latitude":"12.937350000000004","longitude":"77.51133000000002","responsecode":200},{"latitude":"12.937290000000004","longitude":"77.51149000000001","responsecode":200},{"latitude":"12.937240000000005","longitude":"77.51160000000002","responsecode":200},{"latitude":"12.937170000000005","longitude":"77.51172000000001","responsecode":200},{"latitude":"12.937070000000006","longitude":"77.51186000000001","responsecode":200},{"latitude":"12.936990000000005","longitude":"77.51196000000002","responsecode":200},{"latitude":"12.936870000000004","longitude":"77.51208000000001","responsecode":200},{"latitude":"12.936690000000004","longitude":"77.51224","responsecode":200},{"latitude":"12.936520000000003","longitude":"77.51237","responsecode":200},{"latitude":"12.936370000000004","longitude":"77.51249","responsecode":200},{"latitude":"12.936230000000004","longitude":"77.51261","responsecode":200},{"latitude":"12.936070000000004","longitude":"77.51275","responsecode":200},{"latitude":"12.936070000000004","longitude":"77.51285","responsecode":200},{"latitude":"12.936050000000005","longitude":"77.51291","responsecode":200},{"latitude":"12.936000000000005","longitude":"77.51297000000001","responsecode":200},{"latitude":"12.935910000000005","longitude":"77.51303000000001","responsecode":200},{"latitude":"12.935720000000005","longitude":"77.51330000000002","responsecode":200},{"latitude":"12.93572","longitude":"77.5133","responsecode":200},{"latitude":"12.93572","longitude":"77.5133","responsecode":200},{"latitude":"12.93576","longitude":"77.51346","responsecode":200},{"latitude":"12.93581","longitude":"77.51366","responsecode":200},{"latitude":"12.93584","longitude":"77.51379","responsecode":200},{"latitude":"12.93589","longitude":"77.51396","responsecode":200},{"latitude":"12.93593","longitude":"77.51411999999999","responsecode":200},{"latitude":"12.935970000000001","longitude":"77.51427999999999","responsecode":200},{"latitude":"12.936000000000002","longitude":"77.51442999999999","responsecode":200},{"latitude":"12.936020000000001","longitude":"77.51454","responsecode":200},{"latitude":"12.936050000000002","longitude":"77.51472","responsecode":200},{"latitude":"12.93607","longitude":"77.51486","responsecode":200},{"latitude":"12.936150000000001","longitude":"77.51531","responsecode":200},{"latitude":"12.93621","longitude":"77.51579","responsecode":200},{"latitude":"12.936290000000001","longitude":"77.51634999999999","responsecode":200},{"latitude":"12.936320000000002","longitude":"77.51657999999999","responsecode":200},{"latitude":"12.936340000000001","longitude":"77.51674999999999","responsecode":200},{"latitude":"12.936370000000002","longitude":"77.51698999999999","responsecode":200},{"latitude":"12.936390000000001","longitude":"77.51719999999999","responsecode":200},{"latitude":"12.9364","longitude":"77.51736999999999","responsecode":200},{"latitude":"12.936430000000001","longitude":"77.51777999999999","responsecode":200},{"latitude":"12.936440000000001","longitude":"77.51811","responsecode":200},{"latitude":"12.93646","longitude":"77.51844","responsecode":200},{"latitude":"12.93647","longitude":"77.51856","responsecode":200},{"latitude":"12.93647","longitude":"77.51856","responsecode":200},{"latitude":"12.93647","longitude":"77.51856","responsecode":200},{"latitude":"12.93648","longitude":"77.5187","responsecode":200},{"latitude":"12.936499999999999","longitude":"77.51877999999999","responsecode":200},{"latitude":"12.936569999999998","longitude":"77.51902","responsecode":200},{"latitude":"12.936649999999998","longitude":"77.51928","responsecode":200},{"latitude":"12.936739999999999","longitude":"77.51955","responsecode":200},{"latitude":"12.936819999999999","longitude":"77.51978","responsecode":200},{"latitude":"12.9369","longitude":"77.52001","responsecode":200},{"latitude":"12.93696","longitude":"77.52016","responsecode":200},{"latitude":"12.93704","longitude":"77.52034","responsecode":200},{"latitude":"12.93713","longitude":"77.52048","responsecode":200},{"latitude":"12.93723","longitude":"77.52061","responsecode":200},{"latitude":"12.93733","longitude":"77.52072000000001","responsecode":200},{"latitude":"12.937429999999999","longitude":"77.52082000000001","responsecode":200},{"latitude":"12.93756","longitude":"77.52094000000001","responsecode":200},{"latitude":"12.937759999999999","longitude":"77.52113000000001","responsecode":200},{"latitude":"12.93789","longitude":"77.52124000000002","responsecode":200},{"latitude":"12.93799","longitude":"77.52134000000002","responsecode":200},{"latitude":"12.93808","longitude":"77.52144000000003","responsecode":200},{"latitude":"12.938189999999999","longitude":"77.52157000000003","responsecode":200},{"latitude":"12.938289999999999","longitude":"77.52170000000002","responsecode":200},{"latitude":"12.938379999999999","longitude":"77.52182000000002","responsecode":200},{"latitude":"12.93846","longitude":"77.52194000000001","responsecode":200},{"latitude":"12.938529999999998","longitude":"77.52205000000002","responsecode":200},{"latitude":"12.938649999999999","longitude":"77.52224000000002","responsecode":200},{"latitude":"12.93877","longitude":"77.52243000000003","responsecode":200},{"latitude":"12.9389","longitude":"77.52263000000004","responsecode":200},{"latitude":"12.93905","longitude":"77.52284000000003","responsecode":200},{"latitude":"12.93921","longitude":"77.52303000000003","responsecode":200},{"latitude":"12.93938","longitude":"77.52320000000003","responsecode":200},{"latitude":"12.9396","longitude":"77.52341000000003","responsecode":200},{"latitude":"12.939820000000001","longitude":"77.52362000000002","responsecode":200},{"latitude":"12.939839000000001","longitude":"77.52363700000002","responsecode":200},{"latitude":"12.939839","longitude":"77.523637","responsecode":200},{"latitude":"12.939919999999999","longitude":"77.52371","responsecode":200},{"latitude":"12.94004","longitude":"77.52382","responsecode":200},{"latitude":"12.94023","longitude":"77.52399","responsecode":200},{"latitude":"12.94038","longitude":"77.52411","responsecode":200},{"latitude":"12.940579999999999","longitude":"77.52426","responsecode":200},{"latitude":"12.940769999999999","longitude":"77.52439","responsecode":200},{"latitude":"12.940959999999999","longitude":"77.52452","responsecode":200},{"latitude":"12.941119999999998","longitude":"77.52462","responsecode":200},{"latitude":"12.941209999999998","longitude":"77.52468","responsecode":200},{"latitude":"12.941359999999998","longitude":"77.52477","responsecode":200},{"latitude":"12.942149999999998","longitude":"77.52527","responsecode":200},{"latitude":"12.942409999999999","longitude":"77.52544","responsecode":200},{"latitude":"12.94249","longitude":"77.52550000000001","responsecode":200},{"latitude":"12.942559999999999","longitude":"77.52555000000001","responsecode":200},{"latitude":"12.942689999999999","longitude":"77.52565000000001","responsecode":200},{"latitude":"12.942839999999999","longitude":"77.52575000000002","responsecode":200},{"latitude":"12.942870999999998","longitude":"77.52577300000002","responsecode":200},{"latitude":"12.942871","longitude":"77.525773","responsecode":200},{"latitude":"12.94299","longitude":"77.52586","responsecode":200},{"latitude":"12.94315","longitude":"77.52597999999999","responsecode":200},{"latitude":"12.94327","longitude":"77.52606999999999","responsecode":200},{"latitude":"12.94357","longitude":"77.52627999999999","responsecode":200},{"latitude":"12.94381","longitude":"77.52645999999999","responsecode":200},{"latitude":"12.944049999999999","longitude":"77.52665999999999","responsecode":200},{"latitude":"12.944139999999999","longitude":"77.52673999999999","responsecode":200},{"latitude":"12.94428","longitude":"77.52687999999999","responsecode":200},{"latitude":"12.9444","longitude":"77.52700999999999","responsecode":200},{"latitude":"12.94463","longitude":"77.52727999999999","responsecode":200},{"latitude":"12.94484","longitude":"77.52752","responsecode":200},{"latitude":"12.944949999999999","longitude":"77.52763999999999","responsecode":200},{"latitude":"12.945039999999999","longitude":"77.52774","responsecode":200},{"latitude":"12.94512","longitude":"77.52781999999999","responsecode":200},{"latitude":"12.945179999999999","longitude":"77.52787","responsecode":200},{"latitude":"12.945239999999998","longitude":"77.52790999999999","responsecode":200},{"latitude":"12.945339999999998","longitude":"77.52796","responsecode":200},{"latitude":"12.945469999999998","longitude":"77.52801","responsecode":200},{"latitude":"12.945569999999998","longitude":"77.52805","responsecode":200},{"latitude":"12.945639999999997","longitude":"77.5281","responsecode":200},{"latitude":"12.945699999999997","longitude":"77.52816","responsecode":200},{"latitude":"12.945759999999996","longitude":"77.52823","responsecode":200},{"latitude":"12.945809999999996","longitude":"77.52830999999999","responsecode":200},{"latitude":"12.945849999999997","longitude":"77.52838999999999","responsecode":200},{"latitude":"12.945889999999997","longitude":"77.52848999999999","responsecode":200},{"latitude":"12.945909999999996","longitude":"77.52857999999999","responsecode":200},{"latitude":"12.945909999999996","longitude":"77.52871999999999","responsecode":200},{"latitude":"12.945899999999996","longitude":"77.5289","responsecode":200},{"latitude":"12.946209999999997","longitude":"77.52959","responsecode":200},{"latitude":"12.946276999999997","longitude":"77.529744","responsecode":200},{"latitude":"12.946277","longitude":"77.529744","responsecode":200},{"latitude":"12.94656","longitude":"77.5304","responsecode":200},{"latitude":"12.946629999999999","longitude":"77.53053","responsecode":200},{"latitude":"12.94671","longitude":"77.53068999999999","responsecode":200},{"latitude":"12.94689","longitude":"77.53105","responsecode":200},{"latitude":"12.947","longitude":"77.53126999999999","responsecode":200},{"latitude":"12.94708","longitude":"77.53147999999999","responsecode":200},{"latitude":"12.947149999999999","longitude":"77.53168999999998","responsecode":200},{"latitude":"12.947209999999998","longitude":"77.53187999999999","responsecode":200},{"latitude":"12.947309999999998","longitude":"77.53224999999999","responsecode":200},{"latitude":"12.947429999999999","longitude":"77.53258999999998","responsecode":200},{"latitude":"12.947479999999999","longitude":"77.53276999999999","responsecode":200},{"latitude":"12.947489999999998","longitude":"77.53285999999999","responsecode":200},{"latitude":"12.947479999999999","longitude":"77.53297999999998","responsecode":200},{"latitude":"12.94756","longitude":"77.53318999999998","responsecode":200},{"latitude":"12.94764","longitude":"77.53347999999998","responsecode":200},{"latitude":"12.94772","longitude":"77.53370999999999","responsecode":200},{"latitude":"12.94779","longitude":"77.53390999999999","responsecode":200},{"latitude":"12.94783","longitude":"77.53402999999999","responsecode":200},{"latitude":"12.94788","longitude":"77.53414999999998","responsecode":200},{"latitude":"12.94793","longitude":"77.53423999999998","responsecode":200},{"latitude":"12.94798","longitude":"77.53432999999998","responsecode":200},{"latitude":"12.94806","longitude":"77.53447999999999","responsecode":200},{"latitude":"12.94814","longitude":"77.53460999999999","responsecode":200},{"latitude":"12.94828","longitude":"77.53485999999998","responsecode":200},{"latitude":"12.948550000000001","longitude":"77.53534999999998","responsecode":200},{"latitude":"12.9487","longitude":"77.53559999999997","responsecode":200},{"latitude":"12.9487","longitude":"77.5356","responsecode":200},{"latitude":"12.9487","longitude":"77.5356","responsecode":200},{"latitude":"12.94886","longitude":"77.53583","responsecode":200},{"latitude":"12.94898","longitude":"77.536","responsecode":200},{"latitude":"12.94913","longitude":"77.53617","responsecode":200},{"latitude":"12.9494","longitude":"77.53648","responsecode":200},{"latitude":"12.949760000000001","longitude":"77.53684","responsecode":200},{"latitude":"12.949910000000001","longitude":"77.53701","responsecode":200},{"latitude":"12.950080000000002","longitude":"77.53721","responsecode":200},{"latitude":"12.950170000000002","longitude":"77.53729","responsecode":200},{"latitude":"12.950250000000002","longitude":"77.53735","responsecode":200},{"latitude":"12.950330000000003","longitude":"77.53739","responsecode":200},{"latitude":"12.950420000000003","longitude":"77.53743","responsecode":200},{"latitude":"12.950540000000004","longitude":"77.53746","responsecode":200},{"latitude":"12.950670000000004","longitude":"77.53748999999999","responsecode":200},{"latitude":"12.950790000000005","longitude":"77.5375","responsecode":200},{"latitude":"12.950870000000005","longitude":"77.53747999999999","responsecode":200},{"latitude":"12.951280000000006","longitude":"77.53728999999998","responsecode":200},{"latitude":"12.951377000000006","longitude":"77.53724899999999","responsecode":200},{"latitude":"12.951377","longitude":"77.537249","responsecode":200},{"latitude":"12.951590000000001","longitude":"77.53716","responsecode":200},{"latitude":"12.951950000000002","longitude":"77.53704","responsecode":200},{"latitude":"12.951980000000002","longitude":"77.53712","responsecode":200},{"latitude":"12.952120000000003","longitude":"77.53715","responsecode":200},{"latitude":"12.952190000000002","longitude":"77.53716","responsecode":200},{"latitude":"12.952310000000002","longitude":"77.5372","responsecode":200},{"latitude":"12.952410000000002","longitude":"77.53724","responsecode":200},{"latitude":"12.952490000000003","longitude":"77.53728","responsecode":200},{"latitude":"12.952690000000002","longitude":"77.53742","responsecode":200},{"latitude":"12.952740000000002","longitude":"77.53744999999999","responsecode":200},{"latitude":"12.952820000000003","longitude":"77.5375","responsecode":200},{"latitude":"12.952900000000003","longitude":"77.53756","responsecode":200},{"latitude":"12.952960000000003","longitude":"77.53763","responsecode":200},{"latitude":"12.953020000000002","longitude":"77.53770999999999","responsecode":200},{"latitude":"12.953070000000002","longitude":"77.53778999999999","responsecode":200},{"latitude":"12.953110000000002","longitude":"77.5379","responsecode":200},{"latitude":"12.953150000000003","longitude":"77.53802999999999","responsecode":200},{"latitude":"12.953230000000003","longitude":"77.53831","responsecode":200},{"latitude":"12.953150000000003","longitude":"77.5389","responsecode":200},{"latitude":"12.953050000000003","longitude":"77.53975","responsecode":200},{"latitude":"12.953010000000003","longitude":"77.54001","responsecode":200},{"latitude":"12.952980000000002","longitude":"77.54015","responsecode":200},{"latitude":"12.952940000000002","longitude":"77.5403","responsecode":200},{"latitude":"12.952890000000002","longitude":"77.54047","responsecode":200},{"latitude":"12.952890000000002","longitude":"77.54074","responsecode":200},{"latitude":"12.952890000000002","longitude":"77.54091","responsecode":200},{"latitude":"12.952910000000001","longitude":"77.54111999999999","responsecode":200},{"latitude":"12.95293","longitude":"77.54127999999999","responsecode":200},{"latitude":"12.95295","longitude":"77.54136999999999","responsecode":200},{"latitude":"12.95298","longitude":"77.54146999999999","responsecode":200},{"latitude":"12.95301","longitude":"77.54153","responsecode":200},{"latitude":"12.953050000000001","longitude":"77.54159999999999","responsecode":200},{"latitude":"12.953090000000001","longitude":"77.54166999999998","responsecode":200},{"latitude":"12.953140000000001","longitude":"77.54174999999998","responsecode":200},{"latitude":"12.953199000000001","longitude":"77.54182899999998","responsecode":200},{"latitude":"12.953199","longitude":"77.541829","responsecode":200},{"latitude":"12.95323","longitude":"77.54187","responsecode":200},{"latitude":"12.953389999999999","longitude":"77.54206","responsecode":200},{"latitude":"12.953489999999999","longitude":"77.54218","responsecode":200},{"latitude":"12.953529999999999","longitude":"77.54224","responsecode":200},{"latitude":"12.953579999999999","longitude":"77.54232","responsecode":200},{"latitude":"12.953629999999999","longitude":"77.54242","responsecode":200},{"latitude":"12.953669999999999","longitude":"77.54251000000001","responsecode":200},{"latitude":"12.953829999999998","longitude":"77.54299","responsecode":200},{"latitude":"12.953879999999998","longitude":"77.54314000000001","responsecode":200},{"latitude":"12.953929999999998","longitude":"77.54326","responsecode":200},{"latitude":"12.953989999999997","longitude":"77.54338","responsecode":200},{"latitude":"12.954049999999997","longitude":"77.54349","responsecode":200},{"latitude":"12.954109999999996","longitude":"77.54359000000001","responsecode":200},{"latitude":"12.954219999999996","longitude":"77.54375","responsecode":200},{"latitude":"12.954279999999995","longitude":"77.54383","responsecode":200},{"latitude":"12.954349999999994","longitude":"77.54392","responsecode":200},{"latitude":"12.954459999999994","longitude":"77.54406","responsecode":200},{"latitude":"12.954939999999993","longitude":"77.54462","responsecode":200},{"latitude":"12.955109999999994","longitude":"77.54482","responsecode":200},{"latitude":"12.955239999999995","longitude":"77.54498","responsecode":200},{"latitude":"12.955349999999994","longitude":"77.54513","responsecode":200},{"latitude":"12.955439999999994","longitude":"77.54527","responsecode":200},{"latitude":"12.955559999999995","longitude":"77.54545","responsecode":200},{"latitude":"12.955659999999995","longitude":"77.54561","responsecode":200},{"latitude":"12.955739999999995","longitude":"77.54575","responsecode":200},{"latitude":"12.955856999999995","longitude":"77.545967","responsecode":200},{"latitude":"12.955857","longitude":"77.545967","responsecode":200},{"latitude":"12.95588","longitude":"77.54601000000001","responsecode":200},{"latitude":"12.95598","longitude":"77.54618","responsecode":200},{"latitude":"12.95605","longitude":"77.54631","responsecode":200},{"latitude":"12.956159999999999","longitude":"77.54653","responsecode":200},{"latitude":"12.95624","longitude":"77.54669","responsecode":200},{"latitude":"12.956309999999998","longitude":"77.54684","responsecode":200},{"latitude":"12.956369999999998","longitude":"77.54703","responsecode":200},{"latitude":"12.956409999999998","longitude":"77.54719","responsecode":200},{"latitude":"12.956439999999999","longitude":"77.54734","responsecode":200},{"latitude":"12.95652","longitude":"77.54780000000001","responsecode":200},{"latitude":"12.956629999999999","longitude":"77.54837","responsecode":200},{"latitude":"12.956669999999999","longitude":"77.54858","responsecode":200},{"latitude":"12.956719999999999","longitude":"77.54887000000001","responsecode":200},{"latitude":"12.95675","longitude":"77.54906000000001","responsecode":200},{"latitude":"12.956819999999999","longitude":"77.54956000000001","responsecode":200},{"latitude":"12.956839999999998","longitude":"77.54970000000002","responsecode":200},{"latitude":"12.956899999999997","longitude":"77.55005000000001","responsecode":200},{"latitude":"12.956999999999997","longitude":"77.55051000000002","responsecode":200},{"latitude":"12.957049999999997","longitude":"77.55074000000002","responsecode":200},{"latitude":"12.957089999999997","longitude":"77.55090000000001","responsecode":200},{"latitude":"12.957139999999997","longitude":"77.55106","responsecode":200},{"latitude":"12.957159999999996","longitude":"77.55113","responsecode":200},{"latitude":"12.957209999999996","longitude":"77.55129","responsecode":200},{"latitude":"12.957329999999997","longitude":"77.55167999999999","responsecode":200},{"latitude":"12.957366999999998","longitude":"77.551785","responsecode":200},{"latitude":"12.957367","longitude":"77.551785","responsecode":200},{"latitude":"12.95739","longitude":"77.55185","responsecode":200},{"latitude":"12.95745","longitude":"77.55204","responsecode":200},{"latitude":"12.95748","longitude":"77.55215000000001","responsecode":200},{"latitude":"12.95757","longitude":"77.55247000000001","responsecode":200},{"latitude":"12.9577","longitude":"77.55288000000002","responsecode":200},{"latitude":"12.95781","longitude":"77.55321000000002","responsecode":200},{"latitude":"12.95792","longitude":"77.55352000000002","responsecode":200},{"latitude":"12.95802","longitude":"77.55382000000002","responsecode":200},{"latitude":"12.95811","longitude":"77.55410000000002","responsecode":200},{"latitude":"12.958179999999999","longitude":"77.55431000000002","responsecode":200},{"latitude":"12.958269999999999","longitude":"77.55454000000002","responsecode":200},{"latitude":"12.958329999999998","longitude":"77.55468000000002","responsecode":200},{"latitude":"12.958409999999999","longitude":"77.55483000000002","responsecode":200},{"latitude":"12.958519999999998","longitude":"77.55498000000003","responsecode":200},{"latitude":"12.958609999999998","longitude":"77.55510000000002","responsecode":200},{"latitude":"12.958709999999998","longitude":"77.55520000000003","responsecode":200},{"latitude":"12.958809999999998","longitude":"77.55528000000002","responsecode":200},{"latitude":"12.958929999999999","longitude":"77.55536000000002","responsecode":200},{"latitude":"12.9591","longitude":"77.55546000000002","responsecode":200},{"latitude":"12.959209999999999","longitude":"77.55552000000003","responsecode":200},{"latitude":"12.959299999999999","longitude":"77.55557000000003","responsecode":200},{"latitude":"12.959399999999999","longitude":"77.55563000000004","responsecode":200},{"latitude":"12.959489999999999","longitude":"77.55569000000004","responsecode":200},{"latitude":"12.95961","longitude":"77.55578000000004","responsecode":200},{"latitude":"12.959719999999999","longitude":"77.55594000000004","responsecode":200},{"latitude":"12.959869999999999","longitude":"77.55611000000003","responsecode":200},{"latitude":"12.959979999999998","longitude":"77.55629000000003","responsecode":200},{"latitude":"12.960089999999997","longitude":"77.55647000000003","responsecode":200},{"latitude":"12.960249999999997","longitude":"77.55671000000004","responsecode":200},{"latitude":"12.960361999999996","longitude":"77.55687300000004","responsecode":200},{"latitude":"12.960362","longitude":"77.556873","responsecode":200},{"latitude":"12.96038","longitude":"77.5569","responsecode":200},{"latitude":"12.96049","longitude":"77.55707","responsecode":200},{"latitude":"12.96058","longitude":"77.55718999999999","responsecode":200},{"latitude":"12.96067","longitude":"77.55731999999999","responsecode":200},{"latitude":"12.96074","longitude":"77.55735999999999","responsecode":200},{"latitude":"12.960799999999999","longitude":"77.55740999999999","responsecode":200},{"latitude":"12.960859999999998","longitude":"77.55751","responsecode":200},{"latitude":"12.960891999999998","longitude":"77.55757899999999","responsecode":200},{"latitude":"12.960892","longitude":"77.557579","responsecode":200},{"latitude":"12.96092","longitude":"77.55764","responsecode":200},{"latitude":"12.96098","longitude":"77.55778000000001","responsecode":200},{"latitude":"12.96106","longitude":"77.55798000000001","responsecode":200},{"latitude":"12.96112","longitude":"77.55814000000001","responsecode":200},{"latitude":"12.961179999999999","longitude":"77.55834000000002","responsecode":200},{"latitude":"12.961239999999998","longitude":"77.55855000000001","responsecode":200},{"latitude":"12.961289999999998","longitude":"77.55875000000002","responsecode":200},{"latitude":"12.961329999999998","longitude":"77.55895000000002","responsecode":200},{"latitude":"12.961349999999998","longitude":"77.55905000000003","responsecode":200},{"latitude":"12.961379999999998","longitude":"77.55924000000003","responsecode":200},{"latitude":"12.961409999999999","longitude":"77.55939000000004","responsecode":200},{"latitude":"12.961429999999998","longitude":"77.55949000000004","responsecode":200},{"latitude":"12.961459999999999","longitude":"77.55964000000004","responsecode":200},{"latitude":"12.9615","longitude":"77.55983000000005","responsecode":200},{"latitude":"12.96164","longitude":"77.56052000000005","responsecode":200},{"latitude":"12.96168","longitude":"77.56073000000005","responsecode":200},{"latitude":"12.961699999999999","longitude":"77.56092000000005","responsecode":200},{"latitude":"12.961709999999998","longitude":"77.56112000000006","responsecode":200},{"latitude":"12.961699999999999","longitude":"77.56147000000006","responsecode":200},{"latitude":"12.961699999999999","longitude":"77.56170000000006","responsecode":200},{"latitude":"12.961719999999998","longitude":"77.56204000000005","responsecode":200},{"latitude":"12.961739999999997","longitude":"77.56224000000006","responsecode":200},{"latitude":"12.961769999999998","longitude":"77.56239000000006","responsecode":200},{"latitude":"12.961809999999998","longitude":"77.56255000000006","responsecode":200},{"latitude":"12.961929999999999","longitude":"77.56303000000005","responsecode":200},{"latitude":"12.961989999999998","longitude":"77.56324000000005","responsecode":200},{"latitude":"12.96211","longitude":"77.56358000000004","responsecode":200},{"latitude":"12.96234","longitude":"77.56420000000004","responsecode":200},{"latitude":"12.96243","longitude":"77.56444000000005","responsecode":200},{"latitude":"12.96285","longitude":"77.56576000000005","responsecode":200},{"latitude":"12.9629","longitude":"77.56593000000005","responsecode":200},{"latitude":"12.963","longitude":"77.56628000000005","responsecode":200},{"latitude":"12.963099999999999","longitude":"77.56664000000005","responsecode":200},{"latitude":"12.963169999999998","longitude":"77.56688000000005","responsecode":200},{"latitude":"12.963229999999998","longitude":"77.56706000000005","responsecode":200},{"latitude":"12.963289999999997","longitude":"77.56721000000006","responsecode":200},{"latitude":"12.963349999999997","longitude":"77.56736000000006","responsecode":200},{"latitude":"12.963389999999997","longitude":"77.56745000000006","responsecode":200},{"latitude":"12.963469999999997","longitude":"77.56763000000007","responsecode":200},{"latitude":"12.963769999999997","longitude":"77.56832000000007","responsecode":200},{"latitude":"12.963929999999996","longitude":"77.56871000000007","responsecode":200},{"latitude":"12.964009999999996","longitude":"77.56894000000007","responsecode":200},{"latitude":"12.964099999999997","longitude":"77.56921000000007","responsecode":200},{"latitude":"12.964159999999996","longitude":"77.56941000000008","responsecode":200},{"latitude":"12.964199999999996","longitude":"77.56957000000007","responsecode":200},{"latitude":"12.964249999999996","longitude":"77.56981000000007","responsecode":200},{"latitude":"12.964269999999996","longitude":"77.56993000000007","responsecode":200},{"latitude":"12.964299999999996","longitude":"77.57008000000008","responsecode":200},{"latitude":"12.964319999999995","longitude":"77.57022000000008","responsecode":200},{"latitude":"12.964369999999995","longitude":"77.57063000000008","responsecode":200},{"latitude":"12.964399999999996","longitude":"77.57097000000007","responsecode":200},{"latitude":"12.964419999999995","longitude":"77.57120000000008","responsecode":200},{"latitude":"12.964489999999994","longitude":"77.57211000000008","responsecode":200},{"latitude":"12.964509999999994","longitude":"77.57238000000008","responsecode":200},{"latitude":"12.964539999999994","longitude":"77.57267000000009","responsecode":200},{"latitude":"12.964619999999995","longitude":"77.57369000000008","responsecode":200},{"latitude":"12.964639999999994","longitude":"77.57388000000009","responsecode":200},{"latitude":"12.964659999999993","longitude":"77.57415000000009","responsecode":200},{"latitude":"12.964679999999992","longitude":"77.57433000000009","responsecode":200},{"latitude":"12.964699999999992","longitude":"77.5744400000001","responsecode":200},{"latitude":"12.964729999999992","longitude":"77.57456000000009","responsecode":200},{"latitude":"12.964759999999993","longitude":"77.5746600000001","responsecode":200},{"latitude":"12.964799999999993","longitude":"77.5748000000001","responsecode":200},{"latitude":"12.964829999999994","longitude":"77.5749800000001","responsecode":200},{"latitude":"12.964839999999993","longitude":"77.57519000000009","responsecode":200},{"latitude":"12.964829999999994","longitude":"77.57536000000009","responsecode":200},{"latitude":"12.964809999999995","longitude":"77.57549000000009","responsecode":200},{"latitude":"12.964759999999995","longitude":"77.57564000000009","responsecode":200},{"latitude":"12.964499999999994","longitude":"77.57620000000009","responsecode":200},{"latitude":"12.964439999999994","longitude":"77.57635000000009","responsecode":200},{"latitude":"12.964389999999995","longitude":"77.57649000000009","responsecode":200},{"latitude":"12.964349999999994","longitude":"77.5766300000001","responsecode":200},{"latitude":"12.964309999999994","longitude":"77.57676000000009","responsecode":200},{"latitude":"12.964269999999994","longitude":"77.57689000000009","responsecode":200},{"latitude":"12.964399999999994","longitude":"77.57696000000008","responsecode":200},{"latitude":"12.964389999999995","longitude":"77.57706000000009","responsecode":200},{"latitude":"12.964399999999994","longitude":"77.5771700000001","responsecode":200},{"latitude":"12.964418999999994","longitude":"77.5773550000001","responsecode":200},{"latitude":"12.964419","longitude":"77.577355","responsecode":200},{"latitude":"12.96443","longitude":"77.57746999999999","responsecode":200},{"latitude":"12.96444","longitude":"77.57751999999999","responsecode":200},{"latitude":"12.96444","longitude":"77.57758","responsecode":200},{"latitude":"12.96444","longitude":"77.57764","responsecode":200},{"latitude":"12.96442","longitude":"77.57794","responsecode":200},{"latitude":"12.96438","longitude":"77.57836","responsecode":200},{"latitude":"12.964310000000001","longitude":"77.57901","responsecode":200},{"latitude":"12.96418","longitude":"77.58037","responsecode":200},{"latitude":"12.96414","longitude":"77.58081","responsecode":200},{"latitude":"12.96411","longitude":"77.58116","responsecode":200},{"latitude":"12.96408","longitude":"77.58155","responsecode":200},{"latitude":"12.96406","longitude":"77.58179999999999","responsecode":200},{"latitude":"12.96403","longitude":"77.58221999999999","responsecode":200},{"latitude":"12.96401","longitude":"77.58237999999999","responsecode":200},{"latitude":"12.96398","longitude":"77.58271999999998","responsecode":200},{"latitude":"12.96396","longitude":"77.58295999999999","responsecode":200},{"latitude":"12.96393","longitude":"77.58345999999999","responsecode":200},{"latitude":"12.96392","longitude":"77.58375999999998","responsecode":200},{"latitude":"12.96391","longitude":"77.58394999999999","responsecode":200},{"latitude":"12.96391","longitude":"77.58401999999998","responsecode":200},{"latitude":"12.96387","longitude":"77.58411999999998","responsecode":200},{"latitude":"12.96385","longitude":"77.58421999999999","responsecode":200},{"latitude":"12.963830000000002","longitude":"77.58433999999998","responsecode":200},{"latitude":"12.96383","longitude":"77.58434","responsecode":200},{"latitude":"12.96382","longitude":"77.58447","responsecode":200},{"latitude":"12.96381","longitude":"77.58461","responsecode":200},{"latitude":"12.96381","longitude":"77.58472","responsecode":200},{"latitude":"12.96382","longitude":"77.58484","responsecode":200},{"latitude":"12.96384","longitude":"77.58497","responsecode":200},{"latitude":"12.96387","longitude":"77.58511","responsecode":200},{"latitude":"12.96391","longitude":"77.58524","responsecode":200},{"latitude":"12.96397","longitude":"77.58532","responsecode":200},{"latitude":"12.96406","longitude":"77.58542","responsecode":200},{"latitude":"12.96462","longitude":"77.58591","responsecode":200},{"latitude":"12.96527","longitude":"77.58649","responsecode":200},{"latitude":"12.96533","longitude":"77.58654","responsecode":200},{"latitude":"12.96539","longitude":"77.58659","responsecode":200},{"latitude":"12.96548","longitude":"77.58664","responsecode":200},{"latitude":"12.9656","longitude":"77.58669","responsecode":200},{"latitude":"12.96567","longitude":"77.58671000000001","responsecode":200},{"latitude":"12.965729999999999","longitude":"77.58672000000001","responsecode":200},{"latitude":"12.965799999999998","longitude":"77.58674000000002","responsecode":200},{"latitude":"12.965899999999998","longitude":"77.58678000000002","responsecode":200},{"latitude":"12.966039999999998","longitude":"77.58689000000003","responsecode":200},{"latitude":"12.966359999999998","longitude":"77.58719000000002","responsecode":200},{"latitude":"12.966469999999997","longitude":"77.58726000000001","responsecode":200},{"latitude":"12.966569999999997","longitude":"77.58730000000001","responsecode":200},{"latitude":"12.966689999999998","longitude":"77.58734000000001","responsecode":200},{"latitude":"12.966819999999998","longitude":"77.58737","responsecode":200},{"latitude":"12.966929999999998","longitude":"77.58739000000001","responsecode":200},{"latitude":"12.967099999999999","longitude":"77.58741000000002","responsecode":200},{"latitude":"12.967479999999998","longitude":"77.58744000000002","responsecode":200},{"latitude":"12.967799999999999","longitude":"77.58725000000001","responsecode":200},{"latitude":"12.967989999999999","longitude":"77.58719","responsecode":200},{"latitude":"12.968390999999999","longitude":"77.586751","responsecode":200},{"latitude":"12.968391","longitude":"77.586751","responsecode":200},{"latitude":"12.968530000000001","longitude":"77.5866","responsecode":200},{"latitude":"12.96868","longitude":"77.58643000000001","responsecode":200},{"latitude":"12.96887","longitude":"77.58623","responsecode":200},{"latitude":"12.96897","longitude":"77.58611","responsecode":200},{"latitude":"12.96913","longitude":"77.58591","responsecode":200},{"latitude":"12.9696","longitude":"77.58537","responsecode":200},{"latitude":"12.96978","longitude":"77.58516","responsecode":200},{"latitude":"12.97017","longitude":"77.5847","responsecode":200},{"latitude":"12.97101","longitude":"77.5838","responsecode":200},{"latitude":"12.971119999999999","longitude":"77.58368","responsecode":200},{"latitude":"12.97168","longitude":"77.583","responsecode":200},{"latitude":"12.97205","longitude":"77.58261","responsecode":200},{"latitude":"12.97217","longitude":"77.58249","responsecode":200},{"latitude":"12.97227","longitude":"77.58236000000001","responsecode":200},{"latitude":"12.97248","longitude":"77.58208","responsecode":200},{"latitude":"12.972579999999999","longitude":"77.58194","responsecode":200},{"latitude":"12.972689999999998","longitude":"77.58173000000001","responsecode":200},{"latitude":"12.972809999999999","longitude":"77.58153","responsecode":200},{"latitude":"12.972869999999999","longitude":"77.58158","responsecode":200},{"latitude":"12.972909999999999","longitude":"77.58163","responsecode":200},{"latitude":"12.972949999999999","longitude":"77.5817","responsecode":200},{"latitude":"12.97321","longitude":"77.58212","responsecode":200},{"latitude":"12.97333","longitude":"77.58232000000001","responsecode":200},{"latitude":"12.973412000000001","longitude":"77.58244300000001","responsecode":200},{"latitude":"12.973412","longitude":"77.582443","responsecode":200},{"latitude":"12.97351","longitude":"77.58259","responsecode":200},{"latitude":"12.97368","longitude":"77.58285","responsecode":200},{"latitude":"12.97402","longitude":"77.58340999999999","responsecode":200},{"latitude":"12.974699999999999","longitude":"77.58453999999999","responsecode":200},{"latitude":"12.974909999999998","longitude":"77.58489999999999","responsecode":200},{"latitude":"12.975029999999999","longitude":"77.58514","responsecode":200},{"latitude":"12.975099999999998","longitude":"77.58529999999999","responsecode":200},{"latitude":"12.975159999999997","longitude":"77.58542999999999","responsecode":200},{"latitude":"12.975239999999998","longitude":"77.58561999999999","responsecode":200},{"latitude":"12.975379999999998","longitude":"77.58596999999999","responsecode":200},{"latitude":"12.975449999999997","longitude":"77.58615999999999","responsecode":200},{"latitude":"12.975546999999997","longitude":"77.586401","responsecode":200},{"latitude":"12.975547","longitude":"77.586401","responsecode":200},{"latitude":"12.975570000000001","longitude":"77.58645999999999","responsecode":200},{"latitude":"12.975670000000001","longitude":"77.58668999999999","responsecode":200},{"latitude":"12.97574","longitude":"77.58684999999998","responsecode":200},{"latitude":"12.97581","longitude":"77.58700999999998","responsecode":200},{"latitude":"12.975859999999999","longitude":"77.58700999999998","responsecode":200},{"latitude":"12.975909999999999","longitude":"77.58701999999998","responsecode":200},{"latitude":"12.97594","longitude":"77.58703999999999","responsecode":200},{"latitude":"12.975959999999999","longitude":"77.58706","responsecode":200},{"latitude":"12.97599","longitude":"77.58709999999999","responsecode":200},{"latitude":"12.976009999999999","longitude":"77.58712999999999","responsecode":200},{"latitude":"12.976009999999999","longitude":"77.58715999999998","responsecode":200},{"latitude":"12.976009999999999","longitude":"77.58720999999998","responsecode":200},{"latitude":"12.975999999999999","longitude":"77.58724999999998","responsecode":200},{"latitude":"12.975969999999998","longitude":"77.58729999999998","responsecode":200},{"latitude":"12.976029999999998","longitude":"77.58747999999999","responsecode":200},{"latitude":"12.976079999999998","longitude":"77.58760999999998","responsecode":200},{"latitude":"12.976159999999998","longitude":"77.58776999999998","responsecode":200},{"latitude":"12.976249999999999","longitude":"77.58794999999998","responsecode":200},{"latitude":"12.976349999999998","longitude":"77.58812999999998","responsecode":200},{"latitude":"12.976459999999998","longitude":"77.58833999999997","responsecode":200},{"latitude":"12.976559999999997","longitude":"77.58853999999998","responsecode":200},{"latitude":"12.976629999999997","longitude":"77.58868999999999","responsecode":200},{"latitude":"12.976709999999997","longitude":"77.58883999999999","responsecode":200},{"latitude":"12.976769999999997","longitude":"77.58895999999999","responsecode":200},{"latitude":"12.976949999999997","longitude":"77.58929999999998","responsecode":200},{"latitude":"12.976999999999997","longitude":"77.58939999999998","responsecode":200},{"latitude":"12.977339999999996","longitude":"77.59006999999998","responsecode":200},{"latitude":"12.977409999999995","longitude":"77.59020999999998","responsecode":200},{"latitude":"12.977509999999995","longitude":"77.59036999999998","responsecode":200},{"latitude":"12.977619999999995","longitude":"77.59049999999998","responsecode":200},{"latitude":"12.977719999999994","longitude":"77.59061999999997","responsecode":200},{"latitude":"12.977829999999994","longitude":"77.59072999999998","responsecode":200},{"latitude":"12.977979999999993","longitude":"77.59086999999998","responsecode":200},{"latitude":"12.978559999999993","longitude":"77.59143999999998","responsecode":200},{"latitude":"12.978699999999993","longitude":"77.59157999999998","responsecode":200},{"latitude":"12.978899999999992","longitude":"77.59176999999998","responsecode":200},{"latitude":"12.979729999999993","longitude":"77.59255999999998","responsecode":200},{"latitude":"12.980049999999993","longitude":"77.59286999999998","responsecode":200},{"latitude":"12.980172999999994","longitude":"77.59298899999997","responsecode":200},{"latitude":"12.980173","longitude":"77.592989","responsecode":200},{"latitude":"12.980400000000001","longitude":"77.59321","responsecode":200},{"latitude":"12.9806","longitude":"77.5934","responsecode":200},{"latitude":"12.98074","longitude":"77.59354","responsecode":200},{"latitude":"12.98088","longitude":"77.59368","responsecode":200},{"latitude":"12.980960000000001","longitude":"77.59376","responsecode":200},{"latitude":"12.981110000000001","longitude":"77.59392","responsecode":200},{"latitude":"12.98164","longitude":"77.59443","responsecode":200},{"latitude":"12.98175","longitude":"77.59453","responsecode":200},{"latitude":"12.98188","longitude":"77.5946","responsecode":200},{"latitude":"12.98215","longitude":"77.59479","responsecode":200},{"latitude":"12.982420000000001","longitude":"77.59499000000001","responsecode":200},{"latitude":"12.982550000000002","longitude":"77.59511","responsecode":200},{"latitude":"12.982780000000002","longitude":"77.59533","responsecode":200},{"latitude":"12.982950000000002","longitude":"77.59549","responsecode":200},{"latitude":"12.983270000000003","longitude":"77.59576","responsecode":200},{"latitude":"12.983400000000003","longitude":"77.59591","responsecode":200},{"latitude":"12.983530000000004","longitude":"77.59607","responsecode":200},{"latitude":"12.983770000000003","longitude":"77.59638","responsecode":200},{"latitude":"12.984060000000003","longitude":"77.59676","responsecode":200},{"latitude":"12.984090000000004","longitude":"77.59681","responsecode":200},{"latitude":"12.984140000000004","longitude":"77.59687000000001","responsecode":200},{"latitude":"12.984210000000003","longitude":"77.59695","responsecode":200},{"latitude":"12.984300000000003","longitude":"77.59701000000001","responsecode":200},{"latitude":"12.984360000000002","longitude":"77.59704","responsecode":200},{"latitude":"12.984440000000003","longitude":"77.59709000000001","responsecode":200},{"latitude":"12.984510000000002","longitude":"77.59715000000001","responsecode":200},{"latitude":"12.984480000000001","longitude":"77.59721000000002","responsecode":200},{"latitude":"12.984440000000001","longitude":"77.59725000000002","responsecode":200},{"latitude":"12.98436","longitude":"77.59731000000002","responsecode":200},{"latitude":"12.984290000000001","longitude":"77.59737000000003","responsecode":200},{"latitude":"12.984190000000002","longitude":"77.59750000000003","responsecode":200},{"latitude":"12.984090000000002","longitude":"77.59766000000002","responsecode":200},{"latitude":"12.984060000000001","longitude":"77.59775000000002","responsecode":200},{"latitude":"12.984040000000002","longitude":"77.59782000000001","responsecode":200},{"latitude":"12.984030000000002","longitude":"77.59788000000002","responsecode":200},{"latitude":"12.984030000000002","longitude":"77.59799000000002","responsecode":200},{"latitude":"12.984050000000002","longitude":"77.59816000000002","responsecode":200},{"latitude":"12.984085000000002","longitude":"77.59832500000002","responsecode":200},{"latitude":"12.984085","longitude":"77.598325","responsecode":200},{"latitude":"12.98409","longitude":"77.59835","responsecode":200},{"latitude":"12.98411","longitude":"77.59845","responsecode":200},{"latitude":"12.984129999999999","longitude":"77.59853","responsecode":200},{"latitude":"12.984199999999998","longitude":"77.59882999999999","responsecode":200},{"latitude":"12.984219999999997","longitude":"77.59900999999999","responsecode":200},{"latitude":"12.984249999999998","longitude":"77.59917999999999","responsecode":200},{"latitude":"12.984339999999998","longitude":"77.59966999999999","responsecode":200},{"latitude":"12.984389999999998","longitude":"77.59996","responsecode":200},{"latitude":"12.984499999999997","longitude":"77.60054","responsecode":200},{"latitude":"12.984539999999997","longitude":"77.60074","responsecode":200},{"latitude":"12.984579999999998","longitude":"77.60098","responsecode":200},{"latitude":"12.984609999999998","longitude":"77.60118000000001","responsecode":200},{"latitude":"12.984629999999997","longitude":"77.60139000000001","responsecode":200},{"latitude":"12.984639999999997","longitude":"77.60163000000001","responsecode":200},{"latitude":"12.984659999999996","longitude":"77.60164000000002","responsecode":200},{"latitude":"12.984669999999996","longitude":"77.60166000000002","responsecode":200},{"latitude":"12.984679999999996","longitude":"77.60169000000002","responsecode":200},{"latitude":"12.984679999999996","longitude":"77.60173000000002","responsecode":200},{"latitude":"12.984669999999996","longitude":"77.60175000000002","responsecode":200},{"latitude":"12.984659999999996","longitude":"77.60177000000003","responsecode":200},{"latitude":"12.984639999999997","longitude":"77.60178000000003","responsecode":200},{"latitude":"12.984599999999997","longitude":"77.60179000000004","responsecode":200},{"latitude":"12.984559999999997","longitude":"77.60178000000003","responsecode":200},{"latitude":"12.984499999999997","longitude":"77.60196000000003","responsecode":200},{"latitude":"12.984459999999997","longitude":"77.60214000000003","responsecode":200},{"latitude":"12.984389999999998","longitude":"77.60249000000003","responsecode":200},{"latitude":"12.984359999999997","longitude":"77.60263000000003","responsecode":200},{"latitude":"12.984249999999998","longitude":"77.60310000000004","responsecode":200},{"latitude":"12.984219999999997","longitude":"77.60321000000005","responsecode":200},{"latitude":"12.984199999999998","longitude":"77.60327000000005","responsecode":200},{"latitude":"12.984179999999999","longitude":"77.60336000000005","responsecode":200},{"latitude":"12.98416","longitude":"77.60343000000005","responsecode":200},{"latitude":"12.98414","longitude":"77.60348000000005","responsecode":200},{"latitude":"12.98412","longitude":"77.60351000000004","responsecode":200},{"latitude":"12.98409","longitude":"77.60354000000004","responsecode":200},{"latitude":"12.98405","longitude":"77.60356000000004","responsecode":200},{"latitude":"12.98397","longitude":"77.60359000000004","responsecode":200},{"latitude":"12.98388","longitude":"77.60361000000005","responsecode":200},{"latitude":"12.983789999999999","longitude":"77.60359000000004","responsecode":200},{"latitude":"12.983619999999998","longitude":"77.60352000000005","responsecode":200},{"latitude":"12.983119999999998","longitude":"77.60337000000004","responsecode":200},{"latitude":"12.982969999999998","longitude":"77.60333000000004","responsecode":200},{"latitude":"12.982869999999998","longitude":"77.60332000000004","responsecode":200},{"latitude":"12.98287","longitude":"77.60332","responsecode":200},{"latitude":"12.98287","longitude":"77.60332","responsecode":200},{"latitude":"12.98287","longitude":"77.60331","responsecode":200},{"latitude":"12.98295","longitude":"77.60297","responsecode":200},{"latitude":"12.98328","longitude":"77.60304","responsecode":200}],"Message":"Success","Issuccess":true,"exception":null,"RowCount":880,"responsecode":200}