{"data":[{"latitude":"12.767605","longitude":"77.438555","responsecode":200},{"latitude":"12.7677","longitude":"77.43845999999999","responsecode":200},{"latitude":"12.76775","longitude":"77.43839999999999","responsecode":200},{"latitude":"12.76798","longitude":"77.43815","responsecode":200},{"latitude":"12.76816","longitude":"77.43802","responsecode":200},{"latitude":"12.76816","longitude":"77.43799999999999","responsecode":200},{"latitude":"12.76817","longitude":"77.43793999999998","responsecode":200},{"latitude":"12.7682","longitude":"77.43785999999999","responsecode":200},{"latitude":"12.76824","longitude":"77.43773999999999","responsecode":200},{"latitude":"12.76828","longitude":"77.43762999999998","responsecode":200},{"latitude":"12.7683","longitude":"77.43745999999999","responsecode":200},{"latitude":"12.76834","longitude":"77.43722999999999","responsecode":200},{"latitude":"12.76843","longitude":"77.43661999999999","responsecode":200},{"latitude":"12.76849","longitude":"77.43619","responsecode":200},{"latitude":"12.76863","longitude":"77.43545","responsecode":200},{"latitude":"12.76869","longitude":"77.43515000000001","responsecode":200},{"latitude":"12.76874","longitude":"77.43498000000001","responsecode":200},{"latitude":"12.768889999999999","longitude":"77.43462000000001","responsecode":200},{"latitude":"12.76902","longitude":"77.43429","responsecode":200},{"latitude":"12.76919","longitude":"77.43387","responsecode":200},{"latitude":"12.76923","longitude":"77.43373","responsecode":200},{"latitude":"12.76923","longitude":"77.43361999999999","responsecode":200},{"latitude":"12.76922","longitude":"77.43325999999999","responsecode":200},{"latitude":"12.76923","longitude":"77.4331","responsecode":200},{"latitude":"12.76924","longitude":"77.43303999999999","responsecode":200},{"latitude":"12.76927","longitude":"77.43296","responsecode":200},{"latitude":"12.76931","longitude":"77.43288","responsecode":200},{"latitude":"12.76952","longitude":"77.43263999999999","responsecode":200},{"latitude":"12.76991","longitude":"77.43212999999999","responsecode":200},{"latitude":"12.76999","longitude":"77.43203999999999","responsecode":200},{"latitude":"12.77002","longitude":"77.43200999999999","responsecode":200},{"latitude":"12.77002","longitude":"77.43201","responsecode":200},{"latitude":"12.77002","longitude":"77.43201","responsecode":200},{"latitude":"12.77022","longitude":"77.43197","responsecode":200},{"latitude":"12.77033","longitude":"77.43197","responsecode":200},{"latitude":"12.77074","longitude":"77.43198000000001","responsecode":200},{"latitude":"12.77086","longitude":"77.43201","responsecode":200},{"latitude":"12.77097","longitude":"77.43205","responsecode":200},{"latitude":"12.77115","longitude":"77.43216000000001","responsecode":200},{"latitude":"12.77153","longitude":"77.43246","responsecode":200},{"latitude":"12.77188","longitude":"77.43275000000001","responsecode":200},{"latitude":"12.77193","longitude":"77.43279000000001","responsecode":200},{"latitude":"12.77219","longitude":"77.43290000000002","responsecode":200},{"latitude":"12.77264","longitude":"77.43306000000001","responsecode":200},{"latitude":"12.77299","longitude":"77.43321000000002","responsecode":200},{"latitude":"12.77336","longitude":"77.43345000000002","responsecode":200},{"latitude":"12.77345","longitude":"77.43351000000003","responsecode":200},{"latitude":"12.7735","longitude":"77.43360000000003","responsecode":200},{"latitude":"12.773530000000001","longitude":"77.43363000000002","responsecode":200},{"latitude":"12.773570000000001","longitude":"77.43366000000002","responsecode":200},{"latitude":"12.77391","longitude":"77.43377000000002","responsecode":200},{"latitude":"12.774980000000001","longitude":"77.43406000000003","responsecode":200},{"latitude":"12.77616","longitude":"77.43437000000003","responsecode":200},{"latitude":"12.776810000000001","longitude":"77.43453000000002","responsecode":200},{"latitude":"12.77758","longitude":"77.43474000000002","responsecode":200},{"latitude":"12.77815","longitude":"77.43489000000002","responsecode":200},{"latitude":"12.77838","longitude":"77.43498000000002","responsecode":200},{"latitude":"12.778550000000001","longitude":"77.43508000000003","responsecode":200},{"latitude":"12.7788","longitude":"77.43526000000003","responsecode":200},{"latitude":"12.7791","longitude":"77.43552000000003","responsecode":200},{"latitude":"12.77923","longitude":"77.43567000000003","responsecode":200},{"latitude":"12.77927","longitude":"77.43578000000004","responsecode":200},{"latitude":"12.77928","longitude":"77.43583000000004","responsecode":200},{"latitude":"12.77928","longitude":"77.43593000000004","responsecode":200},{"latitude":"12.77924","longitude":"77.43615000000004","responsecode":200},{"latitude":"12.77915","longitude":"77.43666000000005","responsecode":200},{"latitude":"12.77913","longitude":"77.43673000000004","responsecode":200},{"latitude":"12.77907","longitude":"77.43691000000004","responsecode":200},{"latitude":"12.778910000000002","longitude":"77.43724000000005","responsecode":200},{"latitude":"12.778870000000001","longitude":"77.43738000000005","responsecode":200},{"latitude":"12.77884","longitude":"77.43753000000005","responsecode":200},{"latitude":"12.7788","longitude":"77.43785000000005","responsecode":200},{"latitude":"12.7788","longitude":"77.43793000000005","responsecode":200},{"latitude":"12.778730000000001","longitude":"77.43824000000005","responsecode":200},{"latitude":"12.7787","longitude":"77.43850000000005","responsecode":200},{"latitude":"12.7787","longitude":"77.43861000000005","responsecode":200},{"latitude":"12.77872","longitude":"77.43867000000006","responsecode":200},{"latitude":"12.778739999999999","longitude":"77.43873000000006","responsecode":200},{"latitude":"12.77877","longitude":"77.43877000000006","responsecode":200},{"latitude":"12.77881","longitude":"77.43880000000006","responsecode":200},{"latitude":"12.77894","longitude":"77.43887000000005","responsecode":200},{"latitude":"12.77943","longitude":"77.43899000000005","responsecode":200},{"latitude":"12.779779999999999","longitude":"77.43891000000005","responsecode":200},{"latitude":"12.779969999999999","longitude":"77.43887000000005","responsecode":200},{"latitude":"12.780579999999999","longitude":"77.43876000000004","responsecode":200},{"latitude":"12.780789999999998","longitude":"77.43879000000004","responsecode":200},{"latitude":"12.780879999999998","longitude":"77.43881000000005","responsecode":200},{"latitude":"12.780989999999997","longitude":"77.43895000000005","responsecode":200},{"latitude":"12.781069999999998","longitude":"77.43921000000005","responsecode":200},{"latitude":"12.781129999999997","longitude":"77.43937000000004","responsecode":200},{"latitude":"12.781269999999997","longitude":"77.43946000000004","responsecode":200},{"latitude":"12.782699999999997","longitude":"77.44024000000005","responsecode":200},{"latitude":"12.782869999999997","longitude":"77.44032000000004","responsecode":200},{"latitude":"12.783249999999997","longitude":"77.44048000000004","responsecode":200},{"latitude":"12.783389999999997","longitude":"77.44053000000004","responsecode":200},{"latitude":"12.783539999999997","longitude":"77.44058000000004","responsecode":200},{"latitude":"12.783689999999996","longitude":"77.44060000000005","responsecode":200},{"latitude":"12.783959999999997","longitude":"77.44062000000005","responsecode":200},{"latitude":"12.784159999999996","longitude":"77.44063000000006","responsecode":200},{"latitude":"12.784359999999996","longitude":"77.44066000000005","responsecode":200},{"latitude":"12.784549999999996","longitude":"77.44070000000005","responsecode":200},{"latitude":"12.785059999999996","longitude":"77.44084000000005","responsecode":200},{"latitude":"12.785249999999996","longitude":"77.44088000000005","responsecode":200},{"latitude":"12.785389999999996","longitude":"77.44089000000005","responsecode":200},{"latitude":"12.785509999999997","longitude":"77.44089000000005","responsecode":200},{"latitude":"12.786719999999997","longitude":"77.44069000000005","responsecode":200},{"latitude":"12.786899999999997","longitude":"77.44066000000005","responsecode":200},{"latitude":"12.787069999999998","longitude":"77.44064000000004","responsecode":200},{"latitude":"12.787219999999998","longitude":"77.44064000000004","responsecode":200},{"latitude":"12.787339999999999","longitude":"77.44066000000005","responsecode":200},{"latitude":"12.787469999999999","longitude":"77.44070000000005","responsecode":200},{"latitude":"12.787849999999999","longitude":"77.44080000000005","responsecode":200},{"latitude":"12.788009999999998","longitude":"77.44083000000005","responsecode":200},{"latitude":"12.789269999999998","longitude":"77.44096000000005","responsecode":200},{"latitude":"12.789449999999999","longitude":"77.44099000000004","responsecode":200},{"latitude":"12.789629999999999","longitude":"77.44104000000004","responsecode":200},{"latitude":"12.789779999999999","longitude":"77.44110000000005","responsecode":200},{"latitude":"12.7899","longitude":"77.44116000000005","responsecode":200},{"latitude":"12.79004","longitude":"77.44125000000005","responsecode":200},{"latitude":"12.79004","longitude":"77.44125","responsecode":200},{"latitude":"12.79004","longitude":"77.44125","responsecode":200},{"latitude":"12.79013","longitude":"77.44117","responsecode":200},{"latitude":"12.79026","longitude":"77.44106","responsecode":200},{"latitude":"12.7904","longitude":"77.44094","responsecode":200},{"latitude":"12.7905","longitude":"77.44084","responsecode":200},{"latitude":"12.79065","longitude":"77.44069999999999","responsecode":200},{"latitude":"12.79144","longitude":"77.43992999999999","responsecode":200},{"latitude":"12.791509999999999","longitude":"77.43984999999999","responsecode":200},{"latitude":"12.791569999999998","longitude":"77.43977","responsecode":200},{"latitude":"12.791609999999999","longitude":"77.43970999999999","responsecode":200},{"latitude":"12.79164","longitude":"77.43964999999999","responsecode":200},{"latitude":"12.79169","longitude":"77.43954999999998","responsecode":200},{"latitude":"12.79173","longitude":"77.43945999999998","responsecode":200},{"latitude":"12.79177","longitude":"77.43936999999998","responsecode":200},{"latitude":"12.791839999999999","longitude":"77.43917999999998","responsecode":200},{"latitude":"12.791879999999999","longitude":"77.43908999999998","responsecode":200},{"latitude":"12.79192","longitude":"77.43901999999999","responsecode":200},{"latitude":"12.79197","longitude":"77.43893999999999","responsecode":200},{"latitude":"12.792029999999999","longitude":"77.43882999999998","responsecode":200},{"latitude":"12.79211","longitude":"77.43868999999998","responsecode":200},{"latitude":"12.79211","longitude":"77.43869","responsecode":200},{"latitude":"12.79211","longitude":"77.43869","responsecode":200},{"latitude":"12.792259999999999","longitude":"77.43839999999999","responsecode":200},{"latitude":"12.792319999999998","longitude":"77.43828999999998","responsecode":200},{"latitude":"12.792459999999998","longitude":"77.43803999999999","responsecode":200},{"latitude":"12.792739999999998","longitude":"77.43755999999999","responsecode":200},{"latitude":"12.792879999999998","longitude":"77.43728999999999","responsecode":200},{"latitude":"12.792979999999998","longitude":"77.43704","responsecode":200},{"latitude":"12.793059999999999","longitude":"77.43677","responsecode":200},{"latitude":"12.79318","longitude":"77.43632","responsecode":200},{"latitude":"12.79331","longitude":"77.43579","responsecode":200},{"latitude":"12.793379999999999","longitude":"77.43553","responsecode":200},{"latitude":"12.793439999999999","longitude":"77.43536","responsecode":200},{"latitude":"12.793539999999998","longitude":"77.43513","responsecode":200},{"latitude":"12.793739999999998","longitude":"77.43471","responsecode":200},{"latitude":"12.793939999999997","longitude":"77.43426","responsecode":200},{"latitude":"12.793999999999997","longitude":"77.43412","responsecode":200},{"latitude":"12.794139999999997","longitude":"77.43377","responsecode":200},{"latitude":"12.794259999999998","longitude":"77.43334","responsecode":200},{"latitude":"12.794309999999998","longitude":"77.43305","responsecode":200},{"latitude":"12.794359999999998","longitude":"77.43281999999999","responsecode":200},{"latitude":"12.79436","longitude":"77.43282","responsecode":200},{"latitude":"12.79436","longitude":"77.43282","responsecode":200},{"latitude":"12.794419999999999","longitude":"77.43268","responsecode":200},{"latitude":"12.794489999999998","longitude":"77.43257","responsecode":200},{"latitude":"12.794609999999999","longitude":"77.43241","responsecode":200},{"latitude":"12.79464","longitude":"77.43238000000001","responsecode":200},{"latitude":"12.794789999999999","longitude":"77.43217000000001","responsecode":200},{"latitude":"12.794859999999998","longitude":"77.43204000000001","responsecode":200},{"latitude":"12.794889999999999","longitude":"77.43195000000001","responsecode":200},{"latitude":"12.794899999999998","longitude":"77.43190000000001","responsecode":200},{"latitude":"12.794929999999999","longitude":"77.43164000000002","responsecode":200},{"latitude":"12.794939999999999","longitude":"77.43156000000002","responsecode":200},{"latitude":"12.794959999999998","longitude":"77.43142000000002","responsecode":200},{"latitude":"12.794999999999998","longitude":"77.43129000000002","responsecode":200},{"latitude":"12.795069999999997","longitude":"77.43118000000001","responsecode":200},{"latitude":"12.795159999999997","longitude":"77.43108000000001","responsecode":200},{"latitude":"12.795209999999997","longitude":"77.43103","responsecode":200},{"latitude":"12.795289999999998","longitude":"77.43097","responsecode":200},{"latitude":"12.795479999999998","longitude":"77.43077","responsecode":200},{"latitude":"12.795769999999997","longitude":"77.43051","responsecode":200},{"latitude":"12.796169999999998","longitude":"77.43015","responsecode":200},{"latitude":"12.796719999999999","longitude":"77.42963999999999","responsecode":200},{"latitude":"12.797069999999998","longitude":"77.42934","responsecode":200},{"latitude":"12.797239999999999","longitude":"77.42916","responsecode":200},{"latitude":"12.797559999999999","longitude":"77.42886","responsecode":200},{"latitude":"12.797839999999999","longitude":"77.42863","responsecode":200},{"latitude":"12.798129999999999","longitude":"77.42837","responsecode":200},{"latitude":"12.798449999999999","longitude":"77.42806","responsecode":200},{"latitude":"12.798919999999999","longitude":"77.42764","responsecode":200},{"latitude":"12.79932","longitude":"77.42727","responsecode":200},{"latitude":"12.79998","longitude":"77.42667999999999","responsecode":200},{"latitude":"12.80071","longitude":"77.42599999999999","responsecode":200},{"latitude":"12.80127","longitude":"77.42548999999998","responsecode":200},{"latitude":"12.80145","longitude":"77.42530999999998","responsecode":200},{"latitude":"12.80145","longitude":"77.42531","responsecode":200},{"latitude":"12.80145","longitude":"77.42531","responsecode":200},{"latitude":"12.8015","longitude":"77.42526","responsecode":200},{"latitude":"12.801530000000001","longitude":"77.42522","responsecode":200},{"latitude":"12.80155","longitude":"77.42515999999999","responsecode":200},{"latitude":"12.8016","longitude":"77.42506999999999","responsecode":200},{"latitude":"12.80171","longitude":"77.42483999999999","responsecode":200},{"latitude":"12.8018","longitude":"77.42469999999999","responsecode":200},{"latitude":"12.80188","longitude":"77.42460999999999","responsecode":200},{"latitude":"12.801960000000001","longitude":"77.42454","responsecode":200},{"latitude":"12.802140000000001","longitude":"77.42439999999999","responsecode":200},{"latitude":"12.802470000000001","longitude":"77.42415","responsecode":200},{"latitude":"12.80277","longitude":"77.42393","responsecode":200},{"latitude":"12.803130000000001","longitude":"77.42365","responsecode":200},{"latitude":"12.803410000000001","longitude":"77.42344","responsecode":200},{"latitude":"12.803700000000001","longitude":"77.42323","responsecode":200},{"latitude":"12.80414","longitude":"77.42291","responsecode":200},{"latitude":"12.80436","longitude":"77.42273","responsecode":200},{"latitude":"12.80452","longitude":"77.4226","responsecode":200},{"latitude":"12.804688","longitude":"77.42246","responsecode":200},{"latitude":"12.804688","longitude":"77.42246","responsecode":200},{"latitude":"12.8047","longitude":"77.42245","responsecode":200},{"latitude":"12.80476","longitude":"77.42241","responsecode":200},{"latitude":"12.80487","longitude":"77.42234","responsecode":200},{"latitude":"12.80499","longitude":"77.42225","responsecode":200},{"latitude":"12.80511","longitude":"77.42217000000001","responsecode":200},{"latitude":"12.805340000000001","longitude":"77.42199000000001","responsecode":200},{"latitude":"12.805480000000001","longitude":"77.42187000000001","responsecode":200},{"latitude":"12.805510000000002","longitude":"77.42185","responsecode":200},{"latitude":"12.805620000000001","longitude":"77.42178000000001","responsecode":200},{"latitude":"12.80573","longitude":"77.42170000000002","responsecode":200},{"latitude":"12.805990000000001","longitude":"77.42147000000001","responsecode":200},{"latitude":"12.806040000000001","longitude":"77.42137000000001","responsecode":200},{"latitude":"12.807070000000001","longitude":"77.42042000000001","responsecode":200},{"latitude":"12.80718","longitude":"77.42031","responsecode":200},{"latitude":"12.807590000000001","longitude":"77.41991","responsecode":200},{"latitude":"12.80779","longitude":"77.41971","responsecode":200},{"latitude":"12.80779","longitude":"77.41971","responsecode":200},{"latitude":"12.80779","longitude":"77.41971","responsecode":200},{"latitude":"12.808","longitude":"77.41948","responsecode":200},{"latitude":"12.80838","longitude":"77.41901999999999","responsecode":200},{"latitude":"12.808819999999999","longitude":"77.41843999999999","responsecode":200},{"latitude":"12.809339999999999","longitude":"77.41778","responsecode":200},{"latitude":"12.809389999999999","longitude":"77.41771","responsecode":200},{"latitude":"12.809619999999999","longitude":"77.41743","responsecode":200},{"latitude":"12.810459999999999","longitude":"77.41637","responsecode":200},{"latitude":"12.810545999999999","longitude":"77.416265","responsecode":200},{"latitude":"12.810546","longitude":"77.416265","responsecode":200},{"latitude":"12.8106","longitude":"77.41619999999999","responsecode":200},{"latitude":"12.81065","longitude":"77.41613","responsecode":200},{"latitude":"12.810920000000001","longitude":"77.41579","responsecode":200},{"latitude":"12.811620000000001","longitude":"77.41485","responsecode":200},{"latitude":"12.81173","longitude":"77.41469000000001","responsecode":200},{"latitude":"12.81222","longitude":"77.41405","responsecode":200},{"latitude":"12.81228","longitude":"77.41397","responsecode":200},{"latitude":"12.81236","longitude":"77.41385000000001","responsecode":200},{"latitude":"12.81266","longitude":"77.41343","responsecode":200},{"latitude":"12.81298","longitude":"77.41295000000001","responsecode":200},{"latitude":"12.813139999999999","longitude":"77.41267","responsecode":200},{"latitude":"12.81327","longitude":"77.41239","responsecode":200},{"latitude":"12.81369","longitude":"77.4115","responsecode":200},{"latitude":"12.814","longitude":"77.41093000000001","responsecode":200},{"latitude":"12.81419","longitude":"77.41051","responsecode":200},{"latitude":"12.81437","longitude":"77.40998","responsecode":200},{"latitude":"12.81448","longitude":"77.40955000000001","responsecode":200},{"latitude":"12.814639999999999","longitude":"77.40908","responsecode":200},{"latitude":"12.814829999999999","longitude":"77.4086","responsecode":200},{"latitude":"12.81495","longitude":"77.40828","responsecode":200},{"latitude":"12.815019999999999","longitude":"77.40806","responsecode":200},{"latitude":"12.815129999999998","longitude":"77.40783","responsecode":200},{"latitude":"12.815329999999998","longitude":"77.40736","responsecode":200},{"latitude":"12.815409999999998","longitude":"77.40723","responsecode":200},{"latitude":"12.81541","longitude":"77.40723","responsecode":200},{"latitude":"12.81541","longitude":"77.40723","responsecode":200},{"latitude":"12.815479999999999","longitude":"77.40729999999999","responsecode":200},{"latitude":"12.815829999999998","longitude":"77.40762","responsecode":200},{"latitude":"12.816109999999998","longitude":"77.40784","responsecode":200},{"latitude":"12.816269999999998","longitude":"77.40795999999999","responsecode":200},{"latitude":"12.816539999999998","longitude":"77.40813999999999","responsecode":200},{"latitude":"12.817029999999997","longitude":"77.40847999999998","responsecode":200},{"latitude":"12.817349999999998","longitude":"77.40871999999999","responsecode":200},{"latitude":"12.817659999999998","longitude":"77.40894999999999","responsecode":200},{"latitude":"12.817769999999998","longitude":"77.40899999999999","responsecode":200},{"latitude":"12.817889999999998","longitude":"77.40897","responsecode":200},{"latitude":"12.817969999999999","longitude":"77.40894","responsecode":200},{"latitude":"12.818039999999998","longitude":"77.4089","responsecode":200},{"latitude":"12.818179999999998","longitude":"77.40881","responsecode":200},{"latitude":"12.818329999999998","longitude":"77.40868","responsecode":200},{"latitude":"12.818469999999998","longitude":"77.40859","responsecode":200},{"latitude":"12.818559999999998","longitude":"77.40856000000001","responsecode":200},{"latitude":"12.818639999999998","longitude":"77.40856000000001","responsecode":200},{"latitude":"12.818719999999999","longitude":"77.40858000000001","responsecode":200},{"latitude":"12.818999999999999","longitude":"77.40893000000001","responsecode":200},{"latitude":"12.819339999999999","longitude":"77.40929000000001","responsecode":200},{"latitude":"12.819619999999999","longitude":"77.40951000000001","responsecode":200},{"latitude":"12.819919999999998","longitude":"77.40971000000002","responsecode":200},{"latitude":"12.819989999999997","longitude":"77.40974000000001","responsecode":200},{"latitude":"12.820309999999997","longitude":"77.40990000000001","responsecode":200},{"latitude":"12.820609999999997","longitude":"77.41003","responsecode":200},{"latitude":"12.820889999999997","longitude":"77.41013000000001","responsecode":200},{"latitude":"12.821079999999997","longitude":"77.41018000000001","responsecode":200},{"latitude":"12.821479999999998","longitude":"77.4103","responsecode":200},{"latitude":"12.821709999999998","longitude":"77.41035000000001","responsecode":200},{"latitude":"12.821999999999997","longitude":"77.41041000000001","responsecode":200},{"latitude":"12.822619999999997","longitude":"77.41054000000001","responsecode":200},{"latitude":"12.822779999999996","longitude":"77.41056000000002","responsecode":200},{"latitude":"12.823619999999996","longitude":"77.41077000000001","responsecode":200},{"latitude":"12.823818999999997","longitude":"77.41081600000001","responsecode":200},{"latitude":"12.823819","longitude":"77.410816","responsecode":200},{"latitude":"12.82388","longitude":"77.41082999999999","responsecode":200},{"latitude":"12.8245","longitude":"77.41098","responsecode":200},{"latitude":"12.826780000000001","longitude":"77.41161","responsecode":200},{"latitude":"12.828130000000002","longitude":"77.41198","responsecode":200},{"latitude":"12.829038000000002","longitude":"77.412148","responsecode":200},{"latitude":"12.829038","longitude":"77.412148","responsecode":200},{"latitude":"12.82975","longitude":"77.41228","responsecode":200},{"latitude":"12.83041","longitude":"77.41238","responsecode":200},{"latitude":"12.8312","longitude":"77.41257","responsecode":200},{"latitude":"12.83177","longitude":"77.41277000000001","responsecode":200},{"latitude":"12.8324","longitude":"77.41303","responsecode":200},{"latitude":"12.83386","longitude":"77.41378","responsecode":200},{"latitude":"12.83419","longitude":"77.41393000000001","responsecode":200},{"latitude":"12.83434","longitude":"77.41399000000001","responsecode":200},{"latitude":"12.83467","longitude":"77.41415","responsecode":200},{"latitude":"12.834758999999998","longitude":"77.41421100000001","responsecode":200},{"latitude":"12.834759","longitude":"77.414211","responsecode":200},{"latitude":"12.83493","longitude":"77.41432999999999","responsecode":200},{"latitude":"12.83542","longitude":"77.41457","responsecode":200},{"latitude":"12.835669999999999","longitude":"77.41469","responsecode":200},{"latitude":"12.83617","longitude":"77.41493999999999","responsecode":200},{"latitude":"12.836559999999999","longitude":"77.41514999999998","responsecode":200},{"latitude":"12.837029999999999","longitude":"77.41540999999998","responsecode":200},{"latitude":"12.83715","longitude":"77.41548999999998","responsecode":200},{"latitude":"12.83739","longitude":"77.41564999999997","responsecode":200},{"latitude":"12.837629999999999","longitude":"77.41580999999996","responsecode":200},{"latitude":"12.838149999999999","longitude":"77.41617999999997","responsecode":200},{"latitude":"12.838769999999998","longitude":"77.41664999999998","responsecode":200},{"latitude":"12.839109999999998","longitude":"77.41689999999997","responsecode":200},{"latitude":"12.839439999999998","longitude":"77.41703999999997","responsecode":200},{"latitude":"12.839569999999998","longitude":"77.41706999999997","responsecode":200},{"latitude":"12.83969","longitude":"77.41707999999997","responsecode":200},{"latitude":"12.840019999999999","longitude":"77.41704999999997","responsecode":200},{"latitude":"12.8402","longitude":"77.41706999999998","responsecode":200},{"latitude":"12.840269999999999","longitude":"77.41708999999999","responsecode":200},{"latitude":"12.840369999999998","longitude":"77.41711999999998","responsecode":200},{"latitude":"12.840529999999998","longitude":"77.41720999999998","responsecode":200},{"latitude":"12.840709999999998","longitude":"77.41733999999998","responsecode":200},{"latitude":"12.841209999999998","longitude":"77.41777999999998","responsecode":200},{"latitude":"12.841429999999999","longitude":"77.41797999999999","responsecode":200},{"latitude":"12.84169","longitude":"77.41820999999999","responsecode":200},{"latitude":"12.84181","longitude":"77.41834999999999","responsecode":200},{"latitude":"12.841890000000001","longitude":"77.41847999999999","responsecode":200},{"latitude":"12.84195","longitude":"77.41861999999999","responsecode":200},{"latitude":"12.841990000000001","longitude":"77.41874999999999","responsecode":200},{"latitude":"12.84205","longitude":"77.41926999999998","responsecode":200},{"latitude":"12.84206","longitude":"77.41937999999999","responsecode":200},{"latitude":"12.8421","longitude":"77.41953","responsecode":200},{"latitude":"12.84215","longitude":"77.41968","responsecode":200},{"latitude":"12.84226","longitude":"77.41983","responsecode":200},{"latitude":"12.842369999999999","longitude":"77.41996","responsecode":200},{"latitude":"12.842899999999998","longitude":"77.4205","responsecode":200},{"latitude":"12.843079999999999","longitude":"77.42067","responsecode":200},{"latitude":"12.843229999999998","longitude":"77.42079","responsecode":200},{"latitude":"12.843585","longitude":"77.421027","responsecode":200},{"latitude":"12.843585","longitude":"77.421027","responsecode":200},{"latitude":"12.843649999999998","longitude":"77.42107","responsecode":200},{"latitude":"12.843789999999998","longitude":"77.42115","responsecode":200},{"latitude":"12.844439999999999","longitude":"77.42144","responsecode":200},{"latitude":"12.844969999999998","longitude":"77.42163000000001","responsecode":200},{"latitude":"12.845059999999998","longitude":"77.42166","responsecode":200},{"latitude":"12.845629999999998","longitude":"77.42189","responsecode":200},{"latitude":"12.845729999999998","longitude":"77.42193","responsecode":200},{"latitude":"12.846389999999998","longitude":"77.42216","responsecode":200},{"latitude":"12.847409999999998","longitude":"77.42261","responsecode":200},{"latitude":"12.848819999999998","longitude":"77.42325000000001","responsecode":200},{"latitude":"12.849079999999999","longitude":"77.42338000000001","responsecode":200},{"latitude":"12.849779999999999","longitude":"77.42367000000002","responsecode":200},{"latitude":"12.850551999999999","longitude":"77.42410400000001","responsecode":200},{"latitude":"12.850552","longitude":"77.424104","responsecode":200},{"latitude":"12.85138","longitude":"77.42457","responsecode":200},{"latitude":"12.8521","longitude":"77.42501","responsecode":200},{"latitude":"12.85273","longitude":"77.42533","responsecode":200},{"latitude":"12.852929999999999","longitude":"77.42542","responsecode":200},{"latitude":"12.853349999999999","longitude":"77.4256","responsecode":200},{"latitude":"12.85371","longitude":"77.42573","responsecode":200},{"latitude":"12.85397","longitude":"77.42583","responsecode":200},{"latitude":"12.85406","longitude":"77.42586","responsecode":200},{"latitude":"12.85439","longitude":"77.42598","responsecode":200},{"latitude":"12.854650000000001","longitude":"77.42607","responsecode":200},{"latitude":"12.85495","longitude":"77.42618999999999","responsecode":200},{"latitude":"12.85518","longitude":"77.4263","responsecode":200},{"latitude":"12.855375","longitude":"77.426424","responsecode":200},{"latitude":"12.855375","longitude":"77.426424","responsecode":200},{"latitude":"12.855400000000001","longitude":"77.42644","responsecode":200},{"latitude":"12.855540000000001","longitude":"77.42654","responsecode":200},{"latitude":"12.855990000000002","longitude":"77.42684","responsecode":200},{"latitude":"12.856470000000002","longitude":"77.42722","responsecode":200},{"latitude":"12.857380000000001","longitude":"77.42811","responsecode":200},{"latitude":"12.85773","longitude":"77.42847","responsecode":200},{"latitude":"12.858","longitude":"77.42876000000001","responsecode":200},{"latitude":"12.85807","longitude":"77.42883","responsecode":200},{"latitude":"12.85817","longitude":"77.42894000000001","responsecode":200},{"latitude":"12.85817","longitude":"77.42894","responsecode":200},{"latitude":"12.85817","longitude":"77.42894","responsecode":200},{"latitude":"12.85844","longitude":"77.42925","responsecode":200},{"latitude":"12.858789999999999","longitude":"77.42963999999999","responsecode":200},{"latitude":"12.85915","longitude":"77.42999999999999","responsecode":200},{"latitude":"12.85923","longitude":"77.43007999999999","responsecode":200},{"latitude":"12.85962","longitude":"77.43045","responsecode":200},{"latitude":"12.860109999999999","longitude":"77.43088999999999","responsecode":200},{"latitude":"12.860619999999999","longitude":"77.43131","responsecode":200},{"latitude":"12.860859999999999","longitude":"77.43151","responsecode":200},{"latitude":"12.861379999999999","longitude":"77.43196","responsecode":200},{"latitude":"12.861569999999999","longitude":"77.43213","responsecode":200},{"latitude":"12.862039999999999","longitude":"77.43254","responsecode":200},{"latitude":"12.862739999999999","longitude":"77.43314000000001","responsecode":200},{"latitude":"12.862899999999998","longitude":"77.43329000000001","responsecode":200},{"latitude":"12.863166999999997","longitude":"77.43352300000001","responsecode":200},{"latitude":"12.863167","longitude":"77.433523","responsecode":200},{"latitude":"12.863290000000001","longitude":"77.43363","responsecode":200},{"latitude":"12.863700000000001","longitude":"77.43396999999999","responsecode":200},{"latitude":"12.863870000000002","longitude":"77.43412","responsecode":200},{"latitude":"12.864280000000003","longitude":"77.43446999999999","responsecode":200},{"latitude":"12.864600000000003","longitude":"77.43473999999999","responsecode":200},{"latitude":"12.864920000000003","longitude":"77.43502","responsecode":200},{"latitude":"12.865040000000004","longitude":"77.43512","responsecode":200},{"latitude":"12.865520000000004","longitude":"77.43554999999999","responsecode":200},{"latitude":"12.865700000000004","longitude":"77.43572999999999","responsecode":200},{"latitude":"12.866070000000004","longitude":"77.43603999999999","responsecode":200},{"latitude":"12.866630000000004","longitude":"77.43651999999999","responsecode":200},{"latitude":"12.866706000000004","longitude":"77.43658299999998","responsecode":200},{"latitude":"12.866706","longitude":"77.436583","responsecode":200},{"latitude":"12.867040000000001","longitude":"77.43686","responsecode":200},{"latitude":"12.86724","longitude":"77.437","responsecode":200},{"latitude":"12.86758","longitude":"77.43718","responsecode":200},{"latitude":"12.8679","longitude":"77.43732","responsecode":200},{"latitude":"12.86829","longitude":"77.43747","responsecode":200},{"latitude":"12.86871","longitude":"77.43765","responsecode":200},{"latitude":"12.86891","longitude":"77.43774","responsecode":200},{"latitude":"12.869959999999999","longitude":"77.43819","responsecode":200},{"latitude":"12.870629999999998","longitude":"77.43849","responsecode":200},{"latitude":"12.871419999999999","longitude":"77.43885","responsecode":200},{"latitude":"12.87187","longitude":"77.43904","responsecode":200},{"latitude":"12.87206","longitude":"77.43914000000001","responsecode":200},{"latitude":"12.872399999999999","longitude":"77.43937000000001","responsecode":200},{"latitude":"12.8724","longitude":"77.43937","responsecode":200},{"latitude":"12.8724","longitude":"77.43937","responsecode":200},{"latitude":"12.87255","longitude":"77.43948999999999","responsecode":200},{"latitude":"12.8726","longitude":"77.43952999999999","responsecode":200},{"latitude":"12.87275","longitude":"77.43964999999999","responsecode":200},{"latitude":"12.873","longitude":"77.43986999999998","responsecode":200},{"latitude":"12.873299999999999","longitude":"77.44023999999999","responsecode":200},{"latitude":"12.873539999999998","longitude":"77.44053999999998","responsecode":200},{"latitude":"12.874789999999999","longitude":"77.44217999999998","responsecode":200},{"latitude":"12.87497","longitude":"77.44241999999998","responsecode":200},{"latitude":"12.875039999999998","longitude":"77.44251999999999","responsecode":200},{"latitude":"12.875289999999998","longitude":"77.44283999999999","responsecode":200},{"latitude":"12.875689999999999","longitude":"77.44326999999998","responsecode":200},{"latitude":"12.876069999999999","longitude":"77.44363999999999","responsecode":200},{"latitude":"12.876579999999999","longitude":"77.44406","responsecode":200},{"latitude":"12.876879999999998","longitude":"77.44429","responsecode":200},{"latitude":"12.877109999999998","longitude":"77.44444","responsecode":200},{"latitude":"12.878489999999998","longitude":"77.44532","responsecode":200},{"latitude":"12.878607999999998","longitude":"77.445393","responsecode":200},{"latitude":"12.878608","longitude":"77.445393","responsecode":200},{"latitude":"12.87896","longitude":"77.44561","responsecode":200},{"latitude":"12.879919999999998","longitude":"77.44623","responsecode":200},{"latitude":"12.882069999999999","longitude":"77.44754","responsecode":200},{"latitude":"12.883489999999998","longitude":"77.44835","responsecode":200},{"latitude":"12.883759999999999","longitude":"77.44851","responsecode":200},{"latitude":"12.883949999999999","longitude":"77.44866","responsecode":200},{"latitude":"12.884519999999998","longitude":"77.44909","responsecode":200},{"latitude":"12.885539999999999","longitude":"77.44991","responsecode":200},{"latitude":"12.886519999999999","longitude":"77.45072","responsecode":200},{"latitude":"12.886759999999999","longitude":"77.45092000000001","responsecode":200},{"latitude":"12.886999999999999","longitude":"77.45111000000001","responsecode":200},{"latitude":"12.887","longitude":"77.45111","responsecode":200},{"latitude":"12.887","longitude":"77.45111","responsecode":200},{"latitude":"12.88732","longitude":"77.45135","responsecode":200},{"latitude":"12.887580000000002","longitude":"77.45156","responsecode":200},{"latitude":"12.888360000000002","longitude":"77.45218","responsecode":200},{"latitude":"12.888710000000001","longitude":"77.45246","responsecode":200},{"latitude":"12.88896","longitude":"77.45266000000001","responsecode":200},{"latitude":"12.88945","longitude":"77.45313000000002","responsecode":200},{"latitude":"12.88964","longitude":"77.45335000000001","responsecode":200},{"latitude":"12.88994","longitude":"77.45370000000001","responsecode":200},{"latitude":"12.89067","longitude":"77.45461000000002","responsecode":200},{"latitude":"12.89099","longitude":"77.45507000000002","responsecode":200},{"latitude":"12.891056","longitude":"77.45517300000002","responsecode":200},{"latitude":"12.891056","longitude":"77.455173","responsecode":200},{"latitude":"12.89141","longitude":"77.45573","responsecode":200},{"latitude":"12.89155","longitude":"77.45595","responsecode":200},{"latitude":"12.89204","longitude":"77.45672","responsecode":200},{"latitude":"12.89222","longitude":"77.45701000000001","responsecode":200},{"latitude":"12.8924","longitude":"77.45729000000001","responsecode":200},{"latitude":"12.892588","longitude":"77.45753900000001","responsecode":200},{"latitude":"12.892588","longitude":"77.457539","responsecode":200},{"latitude":"12.89271","longitude":"77.4577","responsecode":200},{"latitude":"12.89298","longitude":"77.45799000000001","responsecode":200},{"latitude":"12.89348","longitude":"77.45841000000001","responsecode":200},{"latitude":"12.89385","longitude":"77.45870000000002","responsecode":200},{"latitude":"12.89592","longitude":"77.46028000000003","responsecode":200},{"latitude":"12.896324","longitude":"77.46058800000003","responsecode":200},{"latitude":"12.896324","longitude":"77.460588","responsecode":200},{"latitude":"12.89634","longitude":"77.4606","responsecode":200},{"latitude":"12.896700000000001","longitude":"77.46088","responsecode":200},{"latitude":"12.897100000000002","longitude":"77.46126000000001","responsecode":200},{"latitude":"12.897400000000001","longitude":"77.46158000000001","responsecode":200},{"latitude":"12.897900000000002","longitude":"77.46221000000001","responsecode":200},{"latitude":"12.898290000000001","longitude":"77.46275000000001","responsecode":200},{"latitude":"12.898560000000002","longitude":"77.46317000000002","responsecode":200},{"latitude":"12.898700000000002","longitude":"77.46339000000002","responsecode":200},{"latitude":"12.89877","longitude":"77.46351000000001","responsecode":200},{"latitude":"12.89884","longitude":"77.46363000000001","responsecode":200},{"latitude":"12.8989","longitude":"77.46375","responsecode":200},{"latitude":"12.89895","longitude":"77.46386000000001","responsecode":200},{"latitude":"12.899","longitude":"77.46397000000002","responsecode":200},{"latitude":"12.899009999999999","longitude":"77.46408000000002","responsecode":200},{"latitude":"12.899309999999998","longitude":"77.46450000000003","responsecode":200},{"latitude":"12.899499999999998","longitude":"77.46477000000003","responsecode":200},{"latitude":"12.899679999999998","longitude":"77.46503000000003","responsecode":200},{"latitude":"12.899859999999999","longitude":"77.46531000000003","responsecode":200},{"latitude":"12.900049999999998","longitude":"77.46558000000003","responsecode":200},{"latitude":"12.900159999999998","longitude":"77.46575000000003","responsecode":200},{"latitude":"12.900379999999998","longitude":"77.46608000000003","responsecode":200},{"latitude":"12.900889999999999","longitude":"77.46699000000004","responsecode":200},{"latitude":"12.900989999999998","longitude":"77.46716000000004","responsecode":200},{"latitude":"12.901059999999998","longitude":"77.46729000000003","responsecode":200},{"latitude":"12.901077999999998","longitude":"77.46731700000004","responsecode":200},{"latitude":"12.901078","longitude":"77.467317","responsecode":200},{"latitude":"12.9011","longitude":"77.46735","responsecode":200},{"latitude":"12.90129","longitude":"77.46766","responsecode":200},{"latitude":"12.90166","longitude":"77.46826999999999","responsecode":200},{"latitude":"12.90185","longitude":"77.46853999999999","responsecode":200},{"latitude":"12.90204","longitude":"77.46880999999999","responsecode":200},{"latitude":"12.902149999999999","longitude":"77.46892999999999","responsecode":200},{"latitude":"12.902249999999999","longitude":"77.46903999999999","responsecode":200},{"latitude":"12.90242","longitude":"77.46920999999999","responsecode":200},{"latitude":"12.90254","longitude":"77.46932","responsecode":200},{"latitude":"12.90268","longitude":"77.46943","responsecode":200},{"latitude":"12.902745","longitude":"77.469477","responsecode":200},{"latitude":"12.902745","longitude":"77.469477","responsecode":200},{"latitude":"12.90282","longitude":"77.46952999999999","responsecode":200},{"latitude":"12.90293","longitude":"77.46960999999999","responsecode":200},{"latitude":"12.90305","longitude":"77.46968999999999","responsecode":200},{"latitude":"12.90329","longitude":"77.46982999999999","responsecode":200},{"latitude":"12.90353","longitude":"77.46997999999999","responsecode":200},{"latitude":"12.90378","longitude":"77.47012","responsecode":200},{"latitude":"12.90396","longitude":"77.47021","responsecode":200},{"latitude":"12.904259999999999","longitude":"77.47036","responsecode":200},{"latitude":"12.904509999999998","longitude":"77.4705","responsecode":200},{"latitude":"12.904659999999998","longitude":"77.47059","responsecode":200},{"latitude":"12.904839999999998","longitude":"77.47072","responsecode":200},{"latitude":"12.905009999999999","longitude":"77.47086","responsecode":200},{"latitude":"12.90514","longitude":"77.47101","responsecode":200},{"latitude":"12.905249999999999","longitude":"77.47119","responsecode":200},{"latitude":"12.90537","longitude":"77.47136","responsecode":200},{"latitude":"12.90546","longitude":"77.47155000000001","responsecode":200},{"latitude":"12.905759999999999","longitude":"77.47198","responsecode":200},{"latitude":"12.90594","longitude":"77.47223","responsecode":200},{"latitude":"12.90613","longitude":"77.47249","responsecode":200},{"latitude":"12.9064","longitude":"77.47285","responsecode":200},{"latitude":"12.90654","longitude":"77.47301999999999","responsecode":200},{"latitude":"12.90662","longitude":"77.47314999999999","responsecode":200},{"latitude":"12.90669","longitude":"77.47326","responsecode":200},{"latitude":"12.906759999999998","longitude":"77.47337","responsecode":200},{"latitude":"12.906869999999998","longitude":"77.47358","responsecode":200},{"latitude":"12.906959999999998","longitude":"77.47376","responsecode":200},{"latitude":"12.907029999999997","longitude":"77.47393","responsecode":200},{"latitude":"12.907069999999997","longitude":"77.47404999999999","responsecode":200},{"latitude":"12.907139999999997","longitude":"77.47429","responsecode":200},{"latitude":"12.907199999999996","longitude":"77.47455","responsecode":200},{"latitude":"12.907259999999996","longitude":"77.47488999999999","responsecode":200},{"latitude":"12.907319999999995","longitude":"77.47513999999998","responsecode":200},{"latitude":"12.907349999999996","longitude":"77.47522999999998","responsecode":200},{"latitude":"12.907399999999996","longitude":"77.47536999999998","responsecode":200},{"latitude":"12.907459999999995","longitude":"77.47550999999999","responsecode":200},{"latitude":"12.907539999999996","longitude":"77.47569999999999","responsecode":200},{"latitude":"12.907599999999995","longitude":"77.47581999999998","responsecode":200},{"latitude":"12.907809999999994","longitude":"77.47613999999999","responsecode":200},{"latitude":"12.907899999999994","longitude":"77.47626999999999","responsecode":200},{"latitude":"12.908179999999994","longitude":"77.47668999999999","responsecode":200},{"latitude":"12.908299999999995","longitude":"77.47689","responsecode":200},{"latitude":"12.908489999999995","longitude":"77.47717","responsecode":200},{"latitude":"12.908649999999994","longitude":"77.47742","responsecode":200},{"latitude":"12.908749999999994","longitude":"77.4776","responsecode":200},{"latitude":"12.908859999999994","longitude":"77.47782","responsecode":200},{"latitude":"12.908959999999993","longitude":"77.47804","responsecode":200},{"latitude":"12.909009999999993","longitude":"77.47819","responsecode":200},{"latitude":"12.909079999999992","longitude":"77.47834999999999","responsecode":200},{"latitude":"12.909119999999993","longitude":"77.47842999999999","responsecode":200},{"latitude":"12.909159999999993","longitude":"77.47851999999999","responsecode":200},{"latitude":"12.909199999999993","longitude":"77.47861999999999","responsecode":200},{"latitude":"12.909249999999993","longitude":"77.47874999999999","responsecode":200},{"latitude":"12.909399999999993","longitude":"77.47913","responsecode":200},{"latitude":"12.909739999999992","longitude":"77.48013","responsecode":200},{"latitude":"12.909799999999992","longitude":"77.48033000000001","responsecode":200},{"latitude":"12.909859999999991","longitude":"77.4805","responsecode":200},{"latitude":"12.90991999999999","longitude":"77.48069000000001","responsecode":200},{"latitude":"12.910099999999991","longitude":"77.48111000000002","responsecode":200},{"latitude":"12.910179999999992","longitude":"77.48131000000002","responsecode":200},{"latitude":"12.91024999999999","longitude":"77.48148000000002","responsecode":200},{"latitude":"12.91031999999999","longitude":"77.48166000000002","responsecode":200},{"latitude":"12.91035999999999","longitude":"77.48177000000003","responsecode":200},{"latitude":"12.91038999999999","longitude":"77.48187000000003","responsecode":200},{"latitude":"12.910419999999991","longitude":"77.48200000000003","responsecode":200},{"latitude":"12.91042","longitude":"77.482","responsecode":200},{"latitude":"12.91042","longitude":"77.482","responsecode":200},{"latitude":"12.91043","longitude":"77.48207","responsecode":200},{"latitude":"12.91044","longitude":"77.48216","responsecode":200},{"latitude":"12.910449999999999","longitude":"77.48240999999999","responsecode":200},{"latitude":"12.910459999999999","longitude":"77.48259999999999","responsecode":200},{"latitude":"12.910459999999999","longitude":"77.48272999999999","responsecode":200},{"latitude":"12.91044","longitude":"77.4831","responsecode":200},{"latitude":"12.91043","longitude":"77.48339999999999","responsecode":200},{"latitude":"12.91043","longitude":"77.48373999999998","responsecode":200},{"latitude":"12.91044","longitude":"77.48383999999999","responsecode":200},{"latitude":"12.910459999999999","longitude":"77.48395","responsecode":200},{"latitude":"12.910479999999998","longitude":"77.48404","responsecode":200},{"latitude":"12.910509999999999","longitude":"77.48411999999999","responsecode":200},{"latitude":"12.910549999999999","longitude":"77.48418","responsecode":200},{"latitude":"12.910599999999999","longitude":"77.48424","responsecode":200},{"latitude":"12.910659999999998","longitude":"77.4843","responsecode":200},{"latitude":"12.910729999999997","longitude":"77.48437","responsecode":200},{"latitude":"12.910799999999997","longitude":"77.48443","responsecode":200},{"latitude":"12.910869999999996","longitude":"77.48448","responsecode":200},{"latitude":"12.910929999999995","longitude":"77.48452","responsecode":200},{"latitude":"12.910999999999994","longitude":"77.48456","responsecode":200},{"latitude":"12.911069999999993","longitude":"77.48459","responsecode":200},{"latitude":"12.911289999999994","longitude":"77.48465999999999","responsecode":200},{"latitude":"12.911429999999994","longitude":"77.48470999999999","responsecode":200},{"latitude":"12.912009999999993","longitude":"77.48487999999999","responsecode":200},{"latitude":"12.912229999999994","longitude":"77.48494","responsecode":200},{"latitude":"12.912329999999994","longitude":"77.48496999999999","responsecode":200},{"latitude":"12.912459999999994","longitude":"77.48500999999999","responsecode":200},{"latitude":"12.912569999999993","longitude":"77.48505999999999","responsecode":200},{"latitude":"12.912659999999994","longitude":"77.48510999999999","responsecode":200},{"latitude":"12.912739999999994","longitude":"77.48517","responsecode":200},{"latitude":"12.912809999999993","longitude":"77.48523","responsecode":200},{"latitude":"12.912879999999992","longitude":"77.4853","responsecode":200},{"latitude":"12.913209999999992","longitude":"77.48564999999999","responsecode":200},{"latitude":"12.913289999999993","longitude":"77.48573999999999","responsecode":200},{"latitude":"12.913549999999994","longitude":"77.48601","responsecode":200},{"latitude":"12.913819999999994","longitude":"77.48626999999999","responsecode":200},{"latitude":"12.914038999999994","longitude":"77.48647399999999","responsecode":200},{"latitude":"12.914039","longitude":"77.486474","responsecode":200},{"latitude":"12.91427","longitude":"77.48669","responsecode":200},{"latitude":"12.91445","longitude":"77.48684999999999","responsecode":200},{"latitude":"12.91482","longitude":"77.48719999999999","responsecode":200},{"latitude":"12.91511","longitude":"77.48749999999998","responsecode":200},{"latitude":"12.91526","longitude":"77.48766999999998","responsecode":200},{"latitude":"12.91542","longitude":"77.48785999999998","responsecode":200},{"latitude":"12.9155","longitude":"77.48795999999999","responsecode":200},{"latitude":"12.91558","longitude":"77.48807999999998","responsecode":200},{"latitude":"12.91592","longitude":"77.48859999999998","responsecode":200},{"latitude":"12.91628","longitude":"77.48912999999997","responsecode":200},{"latitude":"12.916500000000001","longitude":"77.48943999999997","responsecode":200},{"latitude":"12.91666","longitude":"77.48963999999998","responsecode":200},{"latitude":"12.91686","longitude":"77.48986999999998","responsecode":200},{"latitude":"12.917069999999999","longitude":"77.49005999999999","responsecode":200},{"latitude":"12.91739","longitude":"77.49031999999998","responsecode":200},{"latitude":"12.917494","longitude":"77.49040899999999","responsecode":200},{"latitude":"12.917494","longitude":"77.490409","responsecode":200},{"latitude":"12.91753","longitude":"77.49044","responsecode":200},{"latitude":"12.91765","longitude":"77.49053","responsecode":200},{"latitude":"12.91776","longitude":"77.49061","responsecode":200},{"latitude":"12.91793","longitude":"77.49072000000001","responsecode":200},{"latitude":"12.91803","longitude":"77.49079","responsecode":200},{"latitude":"12.91814","longitude":"77.49086","responsecode":200},{"latitude":"12.918239999999999","longitude":"77.49091","responsecode":200},{"latitude":"12.918339999999999","longitude":"77.49095","responsecode":200},{"latitude":"12.918529999999999","longitude":"77.49101999999999","responsecode":200},{"latitude":"12.9187","longitude":"77.49108999999999","responsecode":200},{"latitude":"12.91889","longitude":"77.49117999999999","responsecode":200},{"latitude":"12.91901","longitude":"77.49124999999998","responsecode":200},{"latitude":"12.91914","longitude":"77.49134999999998","responsecode":200},{"latitude":"12.919260000000001","longitude":"77.49144999999999","responsecode":200},{"latitude":"12.919380000000002","longitude":"77.49155999999999","responsecode":200},{"latitude":"12.919490000000001","longitude":"77.49167","responsecode":200},{"latitude":"12.919590000000001","longitude":"77.49178","responsecode":200},{"latitude":"12.9197","longitude":"77.49191","responsecode":200},{"latitude":"12.919870000000001","longitude":"77.49212","responsecode":200},{"latitude":"12.919970000000001","longitude":"77.49225","responsecode":200},{"latitude":"12.920110000000001","longitude":"77.49243","responsecode":200},{"latitude":"12.920200000000001","longitude":"77.49254","responsecode":200},{"latitude":"12.920290000000001","longitude":"77.49263","responsecode":200},{"latitude":"12.920470000000002","longitude":"77.49279","responsecode":200},{"latitude":"12.920620000000001","longitude":"77.4929","responsecode":200},{"latitude":"12.920740000000002","longitude":"77.49298","responsecode":200},{"latitude":"12.920850000000002","longitude":"77.49304000000001","responsecode":200},{"latitude":"12.920980000000002","longitude":"77.49313000000001","responsecode":200},{"latitude":"12.921260000000002","longitude":"77.49333000000001","responsecode":200},{"latitude":"12.921460000000002","longitude":"77.49351000000001","responsecode":200},{"latitude":"12.921660000000001","longitude":"77.49373000000001","responsecode":200},{"latitude":"12.92176","longitude":"77.49383000000002","responsecode":200},{"latitude":"12.92183","longitude":"77.49395000000001","responsecode":200},{"latitude":"12.921899999999999","longitude":"77.49408000000001","responsecode":200},{"latitude":"12.921969999999998","longitude":"77.49422000000001","responsecode":200},{"latitude":"12.922079999999998","longitude":"77.49443000000001","responsecode":200},{"latitude":"12.922189999999997","longitude":"77.49463000000002","responsecode":200},{"latitude":"12.922399999999996","longitude":"77.49501000000002","responsecode":200},{"latitude":"12.922649999999996","longitude":"77.49544000000002","responsecode":200},{"latitude":"12.922749999999995","longitude":"77.49561000000001","responsecode":200},{"latitude":"12.922829999999996","longitude":"77.49576000000002","responsecode":200},{"latitude":"12.922869999999996","longitude":"77.49584500000002","responsecode":200},{"latitude":"12.92287","longitude":"77.495845","responsecode":200},{"latitude":"12.92291","longitude":"77.49593","responsecode":200},{"latitude":"12.922979999999999","longitude":"77.4961","responsecode":200},{"latitude":"12.923049999999998","longitude":"77.49628","responsecode":200},{"latitude":"12.923089999999998","longitude":"77.49639","responsecode":200},{"latitude":"12.923119999999999","longitude":"77.49648","responsecode":200},{"latitude":"12.923169999999999","longitude":"77.49664","responsecode":200},{"latitude":"12.923219999999999","longitude":"77.49678","responsecode":200},{"latitude":"12.923269999999999","longitude":"77.4969","responsecode":200},{"latitude":"12.923329999999998","longitude":"77.49703","responsecode":200},{"latitude":"12.923379999999998","longitude":"77.49712","responsecode":200},{"latitude":"12.923439999999998","longitude":"77.49722","responsecode":200},{"latitude":"12.923519999999998","longitude":"77.49734","responsecode":200},{"latitude":"12.923609999999998","longitude":"77.49745","responsecode":200},{"latitude":"12.923869999999999","longitude":"77.49776","responsecode":200},{"latitude":"12.924009999999999","longitude":"77.49791","responsecode":200},{"latitude":"12.92414","longitude":"77.49806000000001","responsecode":200},{"latitude":"12.92431","longitude":"77.49822","responsecode":200},{"latitude":"12.9246","longitude":"77.4985","responsecode":200},{"latitude":"12.92477","longitude":"77.49870000000001","responsecode":200},{"latitude":"12.92484","longitude":"77.49877000000001","responsecode":200},{"latitude":"12.92497","longitude":"77.4989","responsecode":200},{"latitude":"12.92518","longitude":"77.49913000000001","responsecode":200},{"latitude":"12.925256","longitude":"77.49921300000001","responsecode":200},{"latitude":"12.925256","longitude":"77.499213","responsecode":200},{"latitude":"12.925289999999999","longitude":"77.49925","responsecode":200},{"latitude":"12.925419999999999","longitude":"77.49938","responsecode":200},{"latitude":"12.92578","longitude":"77.49976000000001","responsecode":200},{"latitude":"12.92591","longitude":"77.49989000000001","responsecode":200},{"latitude":"12.926","longitude":"77.49999000000001","responsecode":200},{"latitude":"12.92607","longitude":"77.50007000000001","responsecode":200},{"latitude":"12.926269999999999","longitude":"77.50033","responsecode":200},{"latitude":"12.9264","longitude":"77.50051","responsecode":200},{"latitude":"12.926499999999999","longitude":"77.50063","responsecode":200},{"latitude":"12.92663","longitude":"77.5008","responsecode":200},{"latitude":"12.926699999999999","longitude":"77.5009","responsecode":200},{"latitude":"12.92687","longitude":"77.50114","responsecode":200},{"latitude":"12.927069999999999","longitude":"77.50143000000001","responsecode":200},{"latitude":"12.92715","longitude":"77.50154000000002","responsecode":200},{"latitude":"12.92747","longitude":"77.50199000000002","responsecode":200},{"latitude":"12.927579999999999","longitude":"77.50214000000003","responsecode":200},{"latitude":"12.927689999999998","longitude":"77.50227000000002","responsecode":200},{"latitude":"12.927789999999998","longitude":"77.50238000000003","responsecode":200},{"latitude":"12.927909999999999","longitude":"77.50250000000003","responsecode":200},{"latitude":"12.928109999999998","longitude":"77.50270000000003","responsecode":200},{"latitude":"12.928309999999998","longitude":"77.50289000000004","responsecode":200},{"latitude":"12.928499999999998","longitude":"77.50304000000004","responsecode":200},{"latitude":"12.928679999999998","longitude":"77.50320000000004","responsecode":200},{"latitude":"12.928839999999997","longitude":"77.50335000000004","responsecode":200},{"latitude":"12.928919999999998","longitude":"77.50343000000004","responsecode":200},{"latitude":"12.929029999999997","longitude":"77.50356000000004","responsecode":200},{"latitude":"12.929139999999997","longitude":"77.50372000000003","responsecode":200},{"latitude":"12.929229999999997","longitude":"77.50388000000002","responsecode":200},{"latitude":"12.929309999999997","longitude":"77.50406000000002","responsecode":200},{"latitude":"12.929369999999997","longitude":"77.50422000000002","responsecode":200},{"latitude":"12.929479999999996","longitude":"77.50458000000002","responsecode":200},{"latitude":"12.929509999999997","longitude":"77.50472000000002","responsecode":200},{"latitude":"12.929549999999997","longitude":"77.50485000000002","responsecode":200},{"latitude":"12.929599999999997","longitude":"77.50499000000002","responsecode":200},{"latitude":"12.929669999999996","longitude":"77.50514000000003","responsecode":200},{"latitude":"12.929729999999996","longitude":"77.50524000000003","responsecode":200},{"latitude":"12.929799999999995","longitude":"77.50535000000004","responsecode":200},{"latitude":"12.929869999999994","longitude":"77.50545000000004","responsecode":200},{"latitude":"12.929949999999995","longitude":"77.50554000000004","responsecode":200},{"latitude":"12.930009999999994","longitude":"77.50560000000004","responsecode":200},{"latitude":"12.930071999999994","longitude":"77.50565000000005","responsecode":200},{"latitude":"12.930072","longitude":"77.50565","responsecode":200},{"latitude":"12.930109999999999","longitude":"77.50568","responsecode":200},{"latitude":"12.93029","longitude":"77.50581","responsecode":200},{"latitude":"12.930449999999999","longitude":"77.5059","responsecode":200},{"latitude":"12.930789999999998","longitude":"77.50608","responsecode":200},{"latitude":"12.930949999999998","longitude":"77.50617","responsecode":200},{"latitude":"12.931119999999998","longitude":"77.50628","responsecode":200},{"latitude":"12.931219999999998","longitude":"77.50636","responsecode":200},{"latitude":"12.931319999999998","longitude":"77.50646","responsecode":200},{"latitude":"12.931419999999997","longitude":"77.50658","responsecode":200},{"latitude":"12.931489999999997","longitude":"77.50668","responsecode":200},{"latitude":"12.931579999999997","longitude":"77.50681","responsecode":200},{"latitude":"12.932449999999998","longitude":"77.50812","responsecode":200},{"latitude":"12.932549999999997","longitude":"77.50825","responsecode":200},{"latitude":"12.932699999999997","longitude":"77.50844000000001","responsecode":200},{"latitude":"12.932839999999997","longitude":"77.5086","responsecode":200},{"latitude":"12.932999999999996","longitude":"77.50878","responsecode":200},{"latitude":"12.933119999999997","longitude":"77.5089","responsecode":200},{"latitude":"12.933419999999996","longitude":"77.50918","responsecode":200},{"latitude":"12.933709999999996","longitude":"77.50951","responsecode":200},{"latitude":"12.933939999999996","longitude":"77.50979000000001","responsecode":200},{"latitude":"12.934219999999996","longitude":"77.51011000000001","responsecode":200},{"latitude":"12.934389999999997","longitude":"77.51032000000001","responsecode":200},{"latitude":"12.934539999999997","longitude":"77.51052000000001","responsecode":200},{"latitude":"12.934659999999997","longitude":"77.51070000000001","responsecode":200},{"latitude":"12.934799999999997","longitude":"77.51093000000002","responsecode":200},{"latitude":"12.934929999999998","longitude":"77.51116000000002","responsecode":200},{"latitude":"12.935009999999998","longitude":"77.51132000000001","responsecode":200},{"latitude":"12.935059999999998","longitude":"77.51143000000002","responsecode":200},{"latitude":"12.935109999999998","longitude":"77.51155000000001","responsecode":200},{"latitude":"12.935149999999998","longitude":"77.51165000000002","responsecode":200},{"latitude":"12.935259999999998","longitude":"77.51194000000002","responsecode":200},{"latitude":"12.935619999999998","longitude":"77.51294000000003","responsecode":200},{"latitude":"12.935659999999999","longitude":"77.51307000000003","responsecode":200},{"latitude":"12.935719999999998","longitude":"77.51330000000003","responsecode":200},{"latitude":"12.93572","longitude":"77.5133","responsecode":200},{"latitude":"12.93572","longitude":"77.5133","responsecode":200},{"latitude":"12.93576","longitude":"77.51346","responsecode":200},{"latitude":"12.93581","longitude":"77.51366","responsecode":200},{"latitude":"12.93584","longitude":"77.51379","responsecode":200},{"latitude":"12.93589","longitude":"77.51396","responsecode":200},{"latitude":"12.93593","longitude":"77.51411999999999","responsecode":200},{"latitude":"12.935970000000001","longitude":"77.51427999999999","responsecode":200},{"latitude":"12.936000000000002","longitude":"77.51442999999999","responsecode":200},{"latitude":"12.936020000000001","longitude":"77.51454","responsecode":200},{"latitude":"12.936050000000002","longitude":"77.51472","responsecode":200},{"latitude":"12.93607","longitude":"77.51486","responsecode":200},{"latitude":"12.936150000000001","longitude":"77.51531","responsecode":200},{"latitude":"12.93621","longitude":"77.51579","responsecode":200},{"latitude":"12.936290000000001","longitude":"77.51634999999999","responsecode":200},{"latitude":"12.936320000000002","longitude":"77.51657999999999","responsecode":200},{"latitude":"12.936340000000001","longitude":"77.51674999999999","responsecode":200},{"latitude":"12.936370000000002","longitude":"77.51698999999999","responsecode":200},{"latitude":"12.936390000000001","longitude":"77.51719999999999","responsecode":200},{"latitude":"12.9364","longitude":"77.51736999999999","responsecode":200},{"latitude":"12.936430000000001","longitude":"77.51777999999999","responsecode":200},{"latitude":"12.936440000000001","longitude":"77.51811","responsecode":200},{"latitude":"12.93646","longitude":"77.51844","responsecode":200},{"latitude":"12.93647","longitude":"77.51856","responsecode":200},{"latitude":"12.93647","longitude":"77.51856","responsecode":200},{"latitude":"12.93647","longitude":"77.51856","responsecode":200},{"latitude":"12.93648","longitude":"77.5187","responsecode":200},{"latitude":"12.936499999999999","longitude":"77.51877999999999","responsecode":200},{"latitude":"12.936569999999998","longitude":"77.51902","responsecode":200},{"latitude":"12.936649999999998","longitude":"77.51928","responsecode":200},{"latitude":"12.936739999999999","longitude":"77.51955","responsecode":200},{"latitude":"12.936819999999999","longitude":"77.51978","responsecode":200},{"latitude":"12.9369","longitude":"77.52001","responsecode":200},{"latitude":"12.93696","longitude":"77.52016","responsecode":200},{"latitude":"12.93704","longitude":"77.52034","responsecode":200},{"latitude":"12.93713","longitude":"77.52048","responsecode":200},{"latitude":"12.93723","longitude":"77.52061","responsecode":200},{"latitude":"12.93733","longitude":"77.52072000000001","responsecode":200},{"latitude":"12.937429999999999","longitude":"77.52082000000001","responsecode":200},{"latitude":"12.93756","longitude":"77.52094000000001","responsecode":200},{"latitude":"12.937759999999999","longitude":"77.52113000000001","responsecode":200},{"latitude":"12.93789","longitude":"77.52124000000002","responsecode":200},{"latitude":"12.93799","longitude":"77.52134000000002","responsecode":200},{"latitude":"12.93808","longitude":"77.52144000000003","responsecode":200},{"latitude":"12.938189999999999","longitude":"77.52157000000003","responsecode":200},{"latitude":"12.938289999999999","longitude":"77.52170000000002","responsecode":200},{"latitude":"12.938379999999999","longitude":"77.52182000000002","responsecode":200},{"latitude":"12.93846","longitude":"77.52194000000001","responsecode":200},{"latitude":"12.938529999999998","longitude":"77.52205000000002","responsecode":200},{"latitude":"12.938649999999999","longitude":"77.52224000000002","responsecode":200},{"latitude":"12.93877","longitude":"77.52243000000003","responsecode":200},{"latitude":"12.9389","longitude":"77.52263000000004","responsecode":200},{"latitude":"12.93905","longitude":"77.52284000000003","responsecode":200},{"latitude":"12.93921","longitude":"77.52303000000003","responsecode":200},{"latitude":"12.93938","longitude":"77.52320000000003","responsecode":200},{"latitude":"12.9396","longitude":"77.52341000000003","responsecode":200},{"latitude":"12.939820000000001","longitude":"77.52362000000002","responsecode":200},{"latitude":"12.939839000000001","longitude":"77.52363700000002","responsecode":200},{"latitude":"12.939839","longitude":"77.523637","responsecode":200},{"latitude":"12.939919999999999","longitude":"77.52371","responsecode":200},{"latitude":"12.94004","longitude":"77.52382","responsecode":200},{"latitude":"12.94023","longitude":"77.52399","responsecode":200},{"latitude":"12.94038","longitude":"77.52411","responsecode":200},{"latitude":"12.940579999999999","longitude":"77.52426","responsecode":200},{"latitude":"12.940769999999999","longitude":"77.52439","responsecode":200},{"latitude":"12.940959999999999","longitude":"77.52452","responsecode":200},{"latitude":"12.941119999999998","longitude":"77.52462","responsecode":200},{"latitude":"12.941209999999998","longitude":"77.52468","responsecode":200},{"latitude":"12.941359999999998","longitude":"77.52477","responsecode":200},{"latitude":"12.942149999999998","longitude":"77.52527","responsecode":200},{"latitude":"12.942409999999999","longitude":"77.52544","responsecode":200},{"latitude":"12.94249","longitude":"77.52550000000001","responsecode":200},{"latitude":"12.942559999999999","longitude":"77.52555000000001","responsecode":200},{"latitude":"12.942689999999999","longitude":"77.52565000000001","responsecode":200},{"latitude":"12.942839999999999","longitude":"77.52575000000002","responsecode":200},{"latitude":"12.942870999999998","longitude":"77.52577300000002","responsecode":200},{"latitude":"12.942871","longitude":"77.525773","responsecode":200},{"latitude":"12.94299","longitude":"77.52586","responsecode":200},{"latitude":"12.94315","longitude":"77.52597999999999","responsecode":200},{"latitude":"12.94327","longitude":"77.52606999999999","responsecode":200},{"latitude":"12.94357","longitude":"77.52627999999999","responsecode":200},{"latitude":"12.94381","longitude":"77.52645999999999","responsecode":200},{"latitude":"12.944049999999999","longitude":"77.52665999999999","responsecode":200},{"latitude":"12.944139999999999","longitude":"77.52673999999999","responsecode":200},{"latitude":"12.94428","longitude":"77.52687999999999","responsecode":200},{"latitude":"12.9444","longitude":"77.52700999999999","responsecode":200},{"latitude":"12.94463","longitude":"77.52727999999999","responsecode":200},{"latitude":"12.94484","longitude":"77.52752","responsecode":200},{"latitude":"12.944949999999999","longitude":"77.52763999999999","responsecode":200},{"latitude":"12.945039999999999","longitude":"77.52774","responsecode":200},{"latitude":"12.94512","longitude":"77.52781999999999","responsecode":200},{"latitude":"12.945179999999999","longitude":"77.52787","responsecode":200},{"latitude":"12.945239999999998","longitude":"77.52790999999999","responsecode":200},{"latitude":"12.945339999999998","longitude":"77.52796","responsecode":200},{"latitude":"12.945469999999998","longitude":"77.52801","responsecode":200},{"latitude":"12.945569999999998","longitude":"77.52805","responsecode":200},{"latitude":"12.945639999999997","longitude":"77.5281","responsecode":200},{"latitude":"12.945699999999997","longitude":"77.52816","responsecode":200},{"latitude":"12.945759999999996","longitude":"77.52823","responsecode":200},{"latitude":"12.945809999999996","longitude":"77.52830999999999","responsecode":200},{"latitude":"12.945849999999997","longitude":"77.52838999999999","responsecode":200},{"latitude":"12.945889999999997","longitude":"77.52848999999999","responsecode":200},{"latitude":"12.945909999999996","longitude":"77.52857999999999","responsecode":200},{"latitude":"12.945909999999996","longitude":"77.52871999999999","responsecode":200},{"latitude":"12.945899999999996","longitude":"77.5289","responsecode":200},{"latitude":"12.946209999999997","longitude":"77.52959","responsecode":200},{"latitude":"12.946276999999997","longitude":"77.529744","responsecode":200},{"latitude":"12.946277","longitude":"77.529744","responsecode":200},{"latitude":"12.94656","longitude":"77.5304","responsecode":200},{"latitude":"12.946629999999999","longitude":"77.53053","responsecode":200},{"latitude":"12.94671","longitude":"77.53068999999999","responsecode":200},{"latitude":"12.94689","longitude":"77.53105","responsecode":200},{"latitude":"12.947","longitude":"77.53126999999999","responsecode":200},{"latitude":"12.94708","longitude":"77.53147999999999","responsecode":200},{"latitude":"12.947149999999999","longitude":"77.53168999999998","responsecode":200},{"latitude":"12.947209999999998","longitude":"77.53187999999999","responsecode":200},{"latitude":"12.947309999999998","longitude":"77.53224999999999","responsecode":200},{"latitude":"12.947429999999999","longitude":"77.53258999999998","responsecode":200},{"latitude":"12.947479999999999","longitude":"77.53276999999999","responsecode":200},{"latitude":"12.947489999999998","longitude":"77.53285999999999","responsecode":200},{"latitude":"12.947479999999999","longitude":"77.53297999999998","responsecode":200},{"latitude":"12.94756","longitude":"77.53318999999998","responsecode":200},{"latitude":"12.94764","longitude":"77.53347999999998","responsecode":200},{"latitude":"12.94772","longitude":"77.53370999999999","responsecode":200},{"latitude":"12.94779","longitude":"77.53390999999999","responsecode":200},{"latitude":"12.94783","longitude":"77.53402999999999","responsecode":200},{"latitude":"12.94788","longitude":"77.53414999999998","responsecode":200},{"latitude":"12.94793","longitude":"77.53423999999998","responsecode":200},{"latitude":"12.94798","longitude":"77.53432999999998","responsecode":200},{"latitude":"12.94806","longitude":"77.53447999999999","responsecode":200},{"latitude":"12.94814","longitude":"77.53460999999999","responsecode":200},{"latitude":"12.94828","longitude":"77.53485999999998","responsecode":200},{"latitude":"12.948550000000001","longitude":"77.53534999999998","responsecode":200},{"latitude":"12.9487","longitude":"77.53559999999997","responsecode":200},{"latitude":"12.9487","longitude":"77.5356","responsecode":200},{"latitude":"12.9487","longitude":"77.5356","responsecode":200},{"latitude":"12.94886","longitude":"77.53583","responsecode":200},{"latitude":"12.94898","longitude":"77.536","responsecode":200},{"latitude":"12.94913","longitude":"77.53617","responsecode":200},{"latitude":"12.9494","longitude":"77.53648","responsecode":200},{"latitude":"12.949760000000001","longitude":"77.53684","responsecode":200},{"latitude":"12.949910000000001","longitude":"77.53701","responsecode":200},{"latitude":"12.950080000000002","longitude":"77.53721","responsecode":200},{"latitude":"12.950170000000002","longitude":"77.53729","responsecode":200},{"latitude":"12.950250000000002","longitude":"77.53735","responsecode":200},{"latitude":"12.950330000000003","longitude":"77.53739","responsecode":200},{"latitude":"12.950420000000003","longitude":"77.53743","responsecode":200},{"latitude":"12.950540000000004","longitude":"77.53746","responsecode":200},{"latitude":"12.950670000000004","longitude":"77.53748999999999","responsecode":200},{"latitude":"12.950790000000005","longitude":"77.5375","responsecode":200},{"latitude":"12.950870000000005","longitude":"77.53747999999999","responsecode":200},{"latitude":"12.951280000000006","longitude":"77.53728999999998","responsecode":200},{"latitude":"12.951377000000006","longitude":"77.53724899999999","responsecode":200},{"latitude":"12.951377","longitude":"77.537249","responsecode":200},{"latitude":"12.951590000000001","longitude":"77.53716","responsecode":200},{"latitude":"12.951950000000002","longitude":"77.53704","responsecode":200},{"latitude":"12.951980000000002","longitude":"77.53712","responsecode":200},{"latitude":"12.952120000000003","longitude":"77.53715","responsecode":200},{"latitude":"12.952190000000002","longitude":"77.53716","responsecode":200},{"latitude":"12.952310000000002","longitude":"77.5372","responsecode":200},{"latitude":"12.952410000000002","longitude":"77.53724","responsecode":200},{"latitude":"12.952490000000003","longitude":"77.53728","responsecode":200},{"latitude":"12.952690000000002","longitude":"77.53742","responsecode":200},{"latitude":"12.952740000000002","longitude":"77.53744999999999","responsecode":200},{"latitude":"12.952820000000003","longitude":"77.5375","responsecode":200},{"latitude":"12.952900000000003","longitude":"77.53756","responsecode":200},{"latitude":"12.952960000000003","longitude":"77.53763","responsecode":200},{"latitude":"12.953020000000002","longitude":"77.53770999999999","responsecode":200},{"latitude":"12.953070000000002","longitude":"77.53778999999999","responsecode":200},{"latitude":"12.953110000000002","longitude":"77.5379","responsecode":200},{"latitude":"12.953150000000003","longitude":"77.53802999999999","responsecode":200},{"latitude":"12.953230000000003","longitude":"77.53831","responsecode":200},{"latitude":"12.953150000000003","longitude":"77.5389","responsecode":200},{"latitude":"12.953050000000003","longitude":"77.53975","responsecode":200},{"latitude":"12.953010000000003","longitude":"77.54001","responsecode":200},{"latitude":"12.952980000000002","longitude":"77.54015","responsecode":200},{"latitude":"12.952940000000002","longitude":"77.5403","responsecode":200},{"latitude":"12.952890000000002","longitude":"77.54047","responsecode":200},{"latitude":"12.952890000000002","longitude":"77.54074","responsecode":200},{"latitude":"12.952890000000002","longitude":"77.54091","responsecode":200},{"latitude":"12.952910000000001","longitude":"77.54111999999999","responsecode":200},{"latitude":"12.95293","longitude":"77.54127999999999","responsecode":200},{"latitude":"12.95295","longitude":"77.54136999999999","responsecode":200},{"latitude":"12.95298","longitude":"77.54146999999999","responsecode":200},{"latitude":"12.95301","longitude":"77.54153","responsecode":200},{"latitude":"12.953050000000001","longitude":"77.54159999999999","responsecode":200},{"latitude":"12.953090000000001","longitude":"77.54166999999998","responsecode":200},{"latitude":"12.953140000000001","longitude":"77.54174999999998","responsecode":200},{"latitude":"12.953199000000001","longitude":"77.54182899999998","responsecode":200},{"latitude":"12.953199","longitude":"77.541829","responsecode":200},{"latitude":"12.95323","longitude":"77.54187","responsecode":200},{"latitude":"12.953389999999999","longitude":"77.54206","responsecode":200},{"latitude":"12.953489999999999","longitude":"77.54218","responsecode":200},{"latitude":"12.953529999999999","longitude":"77.54224","responsecode":200},{"latitude":"12.953579999999999","longitude":"77.54232","responsecode":200},{"latitude":"12.953629999999999","longitude":"77.54242","responsecode":200},{"latitude":"12.953669999999999","longitude":"77.54251000000001","responsecode":200},{"latitude":"12.953829999999998","longitude":"77.54299","responsecode":200},{"latitude":"12.953879999999998","longitude":"77.54314000000001","responsecode":200},{"latitude":"12.953929999999998","longitude":"77.54326","responsecode":200},{"latitude":"12.953989999999997","longitude":"77.54338","responsecode":200},{"latitude":"12.954049999999997","longitude":"77.54349","responsecode":200},{"latitude":"12.954109999999996","longitude":"77.54359000000001","responsecode":200},{"latitude":"12.954219999999996","longitude":"77.54375","responsecode":200},{"latitude":"12.954279999999995","longitude":"77.54383","responsecode":200},{"latitude":"12.954349999999994","longitude":"77.54392","responsecode":200},{"latitude":"12.954459999999994","longitude":"77.54406","responsecode":200},{"latitude":"12.954939999999993","longitude":"77.54462","responsecode":200},{"latitude":"12.955109999999994","longitude":"77.54482","responsecode":200},{"latitude":"12.955239999999995","longitude":"77.54498","responsecode":200},{"latitude":"12.955349999999994","longitude":"77.54513","responsecode":200},{"latitude":"12.955439999999994","longitude":"77.54527","responsecode":200},{"latitude":"12.955559999999995","longitude":"77.54545","responsecode":200},{"latitude":"12.955659999999995","longitude":"77.54561","responsecode":200},{"latitude":"12.955739999999995","longitude":"77.54575","responsecode":200},{"latitude":"12.955856999999995","longitude":"77.545967","responsecode":200},{"latitude":"12.955857","longitude":"77.545967","responsecode":200},{"latitude":"12.95588","longitude":"77.54601000000001","responsecode":200},{"latitude":"12.95598","longitude":"77.54618","responsecode":200},{"latitude":"12.95605","longitude":"77.54631","responsecode":200},{"latitude":"12.956159999999999","longitude":"77.54653","responsecode":200},{"latitude":"12.95624","longitude":"77.54669","responsecode":200},{"latitude":"12.956309999999998","longitude":"77.54684","responsecode":200},{"latitude":"12.956369999999998","longitude":"77.54703","responsecode":200},{"latitude":"12.956409999999998","longitude":"77.54719","responsecode":200},{"latitude":"12.956439999999999","longitude":"77.54734","responsecode":200},{"latitude":"12.95652","longitude":"77.54780000000001","responsecode":200},{"latitude":"12.956629999999999","longitude":"77.54837","responsecode":200},{"latitude":"12.956669999999999","longitude":"77.54858","responsecode":200},{"latitude":"12.956719999999999","longitude":"77.54887000000001","responsecode":200},{"latitude":"12.95675","longitude":"77.54906000000001","responsecode":200},{"latitude":"12.956819999999999","longitude":"77.54956000000001","responsecode":200},{"latitude":"12.956839999999998","longitude":"77.54970000000002","responsecode":200},{"latitude":"12.956899999999997","longitude":"77.55005000000001","responsecode":200},{"latitude":"12.956999999999997","longitude":"77.55051000000002","responsecode":200},{"latitude":"12.957049999999997","longitude":"77.55074000000002","responsecode":200},{"latitude":"12.957089999999997","longitude":"77.55090000000001","responsecode":200},{"latitude":"12.957139999999997","longitude":"77.55106","responsecode":200},{"latitude":"12.957159999999996","longitude":"77.55113","responsecode":200},{"latitude":"12.957209999999996","longitude":"77.55129","responsecode":200},{"latitude":"12.957329999999997","longitude":"77.55167999999999","responsecode":200},{"latitude":"12.957366999999998","longitude":"77.551785","responsecode":200},{"latitude":"12.957367","longitude":"77.551785","responsecode":200},{"latitude":"12.95739","longitude":"77.55185","responsecode":200},{"latitude":"12.95745","longitude":"77.55204","responsecode":200},{"latitude":"12.95748","longitude":"77.55215000000001","responsecode":200},{"latitude":"12.95757","longitude":"77.55247000000001","responsecode":200},{"latitude":"12.9577","longitude":"77.55288000000002","responsecode":200},{"latitude":"12.95781","longitude":"77.55321000000002","responsecode":200},{"latitude":"12.95792","longitude":"77.55352000000002","responsecode":200},{"latitude":"12.95802","longitude":"77.55382000000002","responsecode":200},{"latitude":"12.95811","longitude":"77.55410000000002","responsecode":200},{"latitude":"12.958179999999999","longitude":"77.55431000000002","responsecode":200},{"latitude":"12.958269999999999","longitude":"77.55454000000002","responsecode":200},{"latitude":"12.958329999999998","longitude":"77.55468000000002","responsecode":200},{"latitude":"12.958409999999999","longitude":"77.55483000000002","responsecode":200},{"latitude":"12.958519999999998","longitude":"77.55498000000003","responsecode":200},{"latitude":"12.958609999999998","longitude":"77.55510000000002","responsecode":200},{"latitude":"12.958709999999998","longitude":"77.55520000000003","responsecode":200},{"latitude":"12.958809999999998","longitude":"77.55528000000002","responsecode":200},{"latitude":"12.958929999999999","longitude":"77.55536000000002","responsecode":200},{"latitude":"12.9591","longitude":"77.55546000000002","responsecode":200},{"latitude":"12.959209999999999","longitude":"77.55552000000003","responsecode":200},{"latitude":"12.959299999999999","longitude":"77.55557000000003","responsecode":200},{"latitude":"12.959399999999999","longitude":"77.55563000000004","responsecode":200},{"latitude":"12.959489999999999","longitude":"77.55569000000004","responsecode":200},{"latitude":"12.95961","longitude":"77.55578000000004","responsecode":200},{"latitude":"12.959719999999999","longitude":"77.55594000000004","responsecode":200},{"latitude":"12.959869999999999","longitude":"77.55611000000003","responsecode":200},{"latitude":"12.959979999999998","longitude":"77.55629000000003","responsecode":200},{"latitude":"12.960089999999997","longitude":"77.55647000000003","responsecode":200},{"latitude":"12.960249999999997","longitude":"77.55671000000004","responsecode":200},{"latitude":"12.960361999999996","longitude":"77.55687300000004","responsecode":200},{"latitude":"12.960362","longitude":"77.556873","responsecode":200},{"latitude":"12.96038","longitude":"77.5569","responsecode":200},{"latitude":"12.96049","longitude":"77.55707","responsecode":200},{"latitude":"12.96058","longitude":"77.55718999999999","responsecode":200},{"latitude":"12.96067","longitude":"77.55731999999999","responsecode":200},{"latitude":"12.96074","longitude":"77.55735999999999","responsecode":200},{"latitude":"12.960799999999999","longitude":"77.55740999999999","responsecode":200},{"latitude":"12.960859999999998","longitude":"77.55751","responsecode":200},{"latitude":"12.960919999999998","longitude":"77.55763999999999","responsecode":200},{"latitude":"12.960979999999998","longitude":"77.55778","responsecode":200},{"latitude":"12.961059999999998","longitude":"77.55798","responsecode":200},{"latitude":"12.961119999999998","longitude":"77.55814","responsecode":200},{"latitude":"12.961179999999997","longitude":"77.55834","responsecode":200},{"latitude":"12.961239999999997","longitude":"77.55855","responsecode":200},{"latitude":"12.961289999999996","longitude":"77.55875","responsecode":200},{"latitude":"12.961329999999997","longitude":"77.55895000000001","responsecode":200},{"latitude":"12.961349999999996","longitude":"77.55905000000001","responsecode":200},{"latitude":"12.961379999999997","longitude":"77.55924000000002","responsecode":200},{"latitude":"12.961409999999997","longitude":"77.55939000000002","responsecode":200},{"latitude":"12.961429999999996","longitude":"77.55949000000003","responsecode":200},{"latitude":"12.961459999999997","longitude":"77.55964000000003","responsecode":200},{"latitude":"12.961499999999997","longitude":"77.55983000000003","responsecode":200},{"latitude":"12.961639999999997","longitude":"77.56052000000004","responsecode":200},{"latitude":"12.961679999999998","longitude":"77.56073000000004","responsecode":200},{"latitude":"12.961699999999997","longitude":"77.56092000000004","responsecode":200},{"latitude":"12.961709999999997","longitude":"77.56112000000005","responsecode":200},{"latitude":"12.961699999999997","longitude":"77.56147000000004","responsecode":200},{"latitude":"12.961699999999997","longitude":"77.56170000000004","responsecode":200},{"latitude":"12.961719999999996","longitude":"77.56204000000004","responsecode":200},{"latitude":"12.961739999999995","longitude":"77.56224000000005","responsecode":200},{"latitude":"12.961769999999996","longitude":"77.56239000000005","responsecode":200},{"latitude":"12.961809999999996","longitude":"77.56255000000004","responsecode":200},{"latitude":"12.961929999999997","longitude":"77.56303000000004","responsecode":200},{"latitude":"12.961989999999997","longitude":"77.56324000000004","responsecode":200},{"latitude":"12.962109999999997","longitude":"77.56358000000003","responsecode":200},{"latitude":"12.962339999999998","longitude":"77.56420000000003","responsecode":200},{"latitude":"12.962429999999998","longitude":"77.56444000000003","responsecode":200},{"latitude":"12.962849999999998","longitude":"77.56576000000004","responsecode":200},{"latitude":"12.962899999999998","longitude":"77.56593000000004","responsecode":200},{"latitude":"12.962999999999997","longitude":"77.56628000000003","responsecode":200},{"latitude":"12.963099999999997","longitude":"77.56664000000004","responsecode":200},{"latitude":"12.963169999999996","longitude":"77.56688000000004","responsecode":200},{"latitude":"12.963229999999996","longitude":"77.56706000000004","responsecode":200},{"latitude":"12.963289999999995","longitude":"77.56721000000005","responsecode":200},{"latitude":"12.963349999999995","longitude":"77.56736000000005","responsecode":200},{"latitude":"12.963389999999995","longitude":"77.56745000000005","responsecode":200},{"latitude":"12.963469999999996","longitude":"77.56763000000005","responsecode":200},{"latitude":"12.963769999999995","longitude":"77.56832000000006","responsecode":200},{"latitude":"12.96377","longitude":"77.56832","responsecode":200},{"latitude":"12.96377","longitude":"77.56832","responsecode":200},{"latitude":"12.96393","longitude":"77.56871","responsecode":200},{"latitude":"12.96401","longitude":"77.56894","responsecode":200},{"latitude":"12.9641","longitude":"77.56921","responsecode":200},{"latitude":"12.96416","longitude":"77.56941","responsecode":200},{"latitude":"12.9642","longitude":"77.56957","responsecode":200},{"latitude":"12.96425","longitude":"77.56981","responsecode":200},{"latitude":"12.964269999999999","longitude":"77.56993","responsecode":200},{"latitude":"12.964239999999998","longitude":"77.56991","responsecode":200},{"latitude":"12.964159999999998","longitude":"77.56987","responsecode":200},{"latitude":"12.964079999999997","longitude":"77.56979","responsecode":200},{"latitude":"12.963989999999997","longitude":"77.56972999999999","responsecode":200},{"latitude":"12.963909999999997","longitude":"77.56969","responsecode":200},{"latitude":"12.963819999999997","longitude":"77.56965","responsecode":200},{"latitude":"12.963519999999997","longitude":"77.56954999999999","responsecode":200},{"latitude":"12.963109999999997","longitude":"77.56939999999999","responsecode":200},{"latitude":"12.962739999999997","longitude":"77.56925999999999","responsecode":200},{"latitude":"12.962649999999996","longitude":"77.56923999999998","responsecode":200},{"latitude":"12.962529999999996","longitude":"77.56923999999998","responsecode":200},{"latitude":"12.962349999999995","longitude":"77.56918999999998","responsecode":200},{"latitude":"12.962169999999995","longitude":"77.56913999999998","responsecode":200},{"latitude":"12.961889999999995","longitude":"77.56904999999998","responsecode":200},{"latitude":"12.961769999999994","longitude":"77.56900999999998","responsecode":200},{"latitude":"12.961358999999995","longitude":"77.56889399999997","responsecode":200},{"latitude":"12.961359","longitude":"77.568894","responsecode":200},{"latitude":"12.96092","longitude":"77.56877","responsecode":200},{"latitude":"12.96079","longitude":"77.56875","responsecode":200},{"latitude":"12.96065","longitude":"77.56873999999999","responsecode":200},{"latitude":"12.9605","longitude":"77.56872999999999","responsecode":200},{"latitude":"12.960519999999999","longitude":"77.56877999999999","responsecode":200},{"latitude":"12.960529999999999","longitude":"77.56884","responsecode":200},{"latitude":"12.960529999999999","longitude":"77.56895","responsecode":200},{"latitude":"12.960539999999998","longitude":"77.56944","responsecode":200},{"latitude":"12.960539999999998","longitude":"77.56953","responsecode":200},{"latitude":"12.960569999999999","longitude":"77.57012","responsecode":200},{"latitude":"12.960569999999999","longitude":"77.57022","responsecode":200},{"latitude":"12.960569999999999","longitude":"77.57038","responsecode":200},{"latitude":"12.96056","longitude":"77.57062","responsecode":200},{"latitude":"12.96056","longitude":"77.57076","responsecode":200},{"latitude":"12.960569999999999","longitude":"77.57113000000001","responsecode":200},{"latitude":"12.960569999999999","longitude":"77.57131000000001","responsecode":200},{"latitude":"12.960579999999998","longitude":"77.57172000000001","responsecode":200},{"latitude":"12.96056","longitude":"77.57197000000001","responsecode":200},{"latitude":"12.960519999999999","longitude":"77.57214","responsecode":200},{"latitude":"12.960439999999998","longitude":"77.57244","responsecode":200},{"latitude":"12.960309999999998","longitude":"77.57294","responsecode":200},{"latitude":"12.960219999999998","longitude":"77.57322","responsecode":200},{"latitude":"12.960139999999997","longitude":"77.57348","responsecode":200},{"latitude":"12.960089999999997","longitude":"77.57364","responsecode":200},{"latitude":"12.960029999999998","longitude":"77.57386","responsecode":200},{"latitude":"12.959959999999999","longitude":"77.57408","responsecode":200},{"latitude":"12.959919999999999","longitude":"77.57421","responsecode":200},{"latitude":"12.95985","longitude":"77.57445","responsecode":200},{"latitude":"12.95978","longitude":"77.57456","responsecode":200},{"latitude":"12.96005","longitude":"77.57462000000001","responsecode":200},{"latitude":"12.96073","longitude":"77.57490000000001","responsecode":200},{"latitude":"12.961079999999999","longitude":"77.57507000000001","responsecode":200},{"latitude":"12.961379999999998","longitude":"77.57523","responsecode":200},{"latitude":"12.961479999999998","longitude":"77.57528","responsecode":200},{"latitude":"12.961849999999998","longitude":"77.5755","responsecode":200},{"latitude":"12.961919999999997","longitude":"77.57555","responsecode":200},{"latitude":"12.961999999999998","longitude":"77.57562","responsecode":200},{"latitude":"12.962079999999998","longitude":"77.57571","responsecode":200},{"latitude":"12.96225","longitude":"77.57592","responsecode":200},{"latitude":"12.96173","longitude":"77.57703","responsecode":200},{"latitude":"12.96158","longitude":"77.577378","responsecode":200},{"latitude":"12.96158","longitude":"77.577378","responsecode":200},{"latitude":"12.96158","longitude":"77.577378","responsecode":200}],"Message":"Success","Issuccess":true,"exception":null,"RowCount":1191,"responsecode":200}