{"data":[{"latitude":"12.964418","longitude":"77.577355","responsecode":200},{"latitude":"12.96443","longitude":"77.57746999999999","responsecode":200},{"latitude":"12.96444","longitude":"77.57751999999999","responsecode":200},{"latitude":"12.96444","longitude":"77.57758","responsecode":200},{"latitude":"12.96444","longitude":"77.57764","responsecode":200},{"latitude":"12.96442","longitude":"77.57794","responsecode":200},{"latitude":"12.96438","longitude":"77.57836","responsecode":200},{"latitude":"12.964310000000001","longitude":"77.57901","responsecode":200},{"latitude":"12.96418","longitude":"77.58037","responsecode":200},{"latitude":"12.96414","longitude":"77.58081","responsecode":200},{"latitude":"12.96411","longitude":"77.58116","responsecode":200},{"latitude":"12.96408","longitude":"77.58155","responsecode":200},{"latitude":"12.96406","longitude":"77.58179999999999","responsecode":200},{"latitude":"12.96403","longitude":"77.58221999999999","responsecode":200},{"latitude":"12.96401","longitude":"77.58237999999999","responsecode":200},{"latitude":"12.96398","longitude":"77.58271999999998","responsecode":200},{"latitude":"12.96396","longitude":"77.58295999999999","responsecode":200},{"latitude":"12.96393","longitude":"77.58345999999999","responsecode":200},{"latitude":"12.96392","longitude":"77.58375999999998","responsecode":200},{"latitude":"12.96391","longitude":"77.58394999999999","responsecode":200},{"latitude":"12.96391","longitude":"77.58401999999998","responsecode":200},{"latitude":"12.96387","longitude":"77.58411999999998","responsecode":200},{"latitude":"12.96385","longitude":"77.58421999999999","responsecode":200},{"latitude":"12.963830000000002","longitude":"77.58433999999998","responsecode":200},{"latitude":"12.96383","longitude":"77.58434","responsecode":200},{"latitude":"12.96382","longitude":"77.58447","responsecode":200},{"latitude":"12.96381","longitude":"77.58461","responsecode":200},{"latitude":"12.96381","longitude":"77.58472","responsecode":200},{"latitude":"12.96382","longitude":"77.58484","responsecode":200},{"latitude":"12.96384","longitude":"77.58497","responsecode":200},{"latitude":"12.96387","longitude":"77.58511","responsecode":200},{"latitude":"12.96391","longitude":"77.58524","responsecode":200},{"latitude":"12.96397","longitude":"77.58532","responsecode":200},{"latitude":"12.96406","longitude":"77.58542","responsecode":200},{"latitude":"12.96462","longitude":"77.58591","responsecode":200},{"latitude":"12.96527","longitude":"77.58649","responsecode":200},{"latitude":"12.96533","longitude":"77.58654","responsecode":200},{"latitude":"12.96539","longitude":"77.58659","responsecode":200},{"latitude":"12.96548","longitude":"77.58664","responsecode":200},{"latitude":"12.96562","longitude":"77.58670000000001","responsecode":200},{"latitude":"12.96567","longitude":"77.58671000000001","responsecode":200},{"latitude":"12.965729999999999","longitude":"77.58672000000001","responsecode":200},{"latitude":"12.965799999999998","longitude":"77.58674000000002","responsecode":200},{"latitude":"12.965859999999997","longitude":"77.58677000000002","responsecode":200},{"latitude":"12.965959999999997","longitude":"77.58683000000002","responsecode":200},{"latitude":"12.966039999999998","longitude":"77.58689000000003","responsecode":200},{"latitude":"12.966359999999998","longitude":"77.58719000000002","responsecode":200},{"latitude":"12.966469999999997","longitude":"77.58726000000001","responsecode":200},{"latitude":"12.966569999999997","longitude":"77.58730000000001","responsecode":200},{"latitude":"12.966689999999998","longitude":"77.58734000000001","responsecode":200},{"latitude":"12.966819999999998","longitude":"77.58737","responsecode":200},{"latitude":"12.966929999999998","longitude":"77.58739000000001","responsecode":200},{"latitude":"12.967099999999999","longitude":"77.58741000000002","responsecode":200},{"latitude":"12.967479999999998","longitude":"77.58744000000002","responsecode":200},{"latitude":"12.967799999999999","longitude":"77.58725000000001","responsecode":200},{"latitude":"12.967989999999999","longitude":"77.58719","responsecode":200},{"latitude":"12.968390999999999","longitude":"77.586751","responsecode":200},{"latitude":"12.968391","longitude":"77.586751","responsecode":200},{"latitude":"12.968530000000001","longitude":"77.5866","responsecode":200},{"latitude":"12.96868","longitude":"77.58643000000001","responsecode":200},{"latitude":"12.96887","longitude":"77.58623","responsecode":200},{"latitude":"12.96897","longitude":"77.58611","responsecode":200},{"latitude":"12.96913","longitude":"77.58591","responsecode":200},{"latitude":"12.9696","longitude":"77.58537","responsecode":200},{"latitude":"12.96978","longitude":"77.58516","responsecode":200},{"latitude":"12.97017","longitude":"77.5847","responsecode":200},{"latitude":"12.97101","longitude":"77.5838","responsecode":200},{"latitude":"12.971119999999999","longitude":"77.58368","responsecode":200},{"latitude":"12.97168","longitude":"77.583","responsecode":200},{"latitude":"12.97205","longitude":"77.58261","responsecode":200},{"latitude":"12.97217","longitude":"77.58249","responsecode":200},{"latitude":"12.97227","longitude":"77.58236000000001","responsecode":200},{"latitude":"12.97248","longitude":"77.58208","responsecode":200},{"latitude":"12.972539","longitude":"77.581997","responsecode":200},{"latitude":"12.972539","longitude":"77.581997","responsecode":200},{"latitude":"12.972579999999999","longitude":"77.58194","responsecode":200},{"latitude":"12.972689999999998","longitude":"77.58173000000001","responsecode":200},{"latitude":"12.972809999999999","longitude":"77.58153","responsecode":200},{"latitude":"12.97293","longitude":"77.58128","responsecode":200},{"latitude":"12.97302","longitude":"77.58109","responsecode":200},{"latitude":"12.97314","longitude":"77.58084000000001","responsecode":200},{"latitude":"12.973360000000001","longitude":"77.58035000000001","responsecode":200},{"latitude":"12.97361","longitude":"77.57979000000002","responsecode":200},{"latitude":"12.97376","longitude":"77.57944000000002","responsecode":200},{"latitude":"12.97397","longitude":"77.57895000000002","responsecode":200},{"latitude":"12.97406","longitude":"77.57877000000002","responsecode":200},{"latitude":"12.97414","longitude":"77.57858000000002","responsecode":200},{"latitude":"12.97419","longitude":"77.57846000000002","responsecode":200},{"latitude":"12.97427","longitude":"77.57830000000003","responsecode":200},{"latitude":"12.974310000000001","longitude":"77.57822000000003","responsecode":200},{"latitude":"12.97437","longitude":"77.57808000000003","responsecode":200},{"latitude":"12.974540000000001","longitude":"77.57768000000003","responsecode":200},{"latitude":"12.9747","longitude":"77.57726000000002","responsecode":200},{"latitude":"12.97476","longitude":"77.57712000000002","responsecode":200},{"latitude":"12.9748","longitude":"77.57704000000003","responsecode":200},{"latitude":"12.97485","longitude":"77.57696000000003","responsecode":200},{"latitude":"12.97492","longitude":"77.57691000000003","responsecode":200},{"latitude":"12.97496","longitude":"77.57686000000002","responsecode":200},{"latitude":"12.97508","longitude":"77.57668000000002","responsecode":200},{"latitude":"12.97518","longitude":"77.57648000000002","responsecode":200},{"latitude":"12.97526","longitude":"77.57632000000002","responsecode":200},{"latitude":"12.97536","longitude":"77.57611000000003","responsecode":200},{"latitude":"12.97538","longitude":"77.57604000000003","responsecode":200},{"latitude":"12.975399999999999","longitude":"77.57597000000004","responsecode":200},{"latitude":"12.975409999999998","longitude":"77.57588000000004","responsecode":200},{"latitude":"12.975419999999998","longitude":"77.57581000000005","responsecode":200},{"latitude":"12.975449999999999","longitude":"77.57553000000004","responsecode":200},{"latitude":"12.97545","longitude":"77.57553","responsecode":200},{"latitude":"12.97551","longitude":"77.57497000000001","responsecode":200},{"latitude":"12.97553","longitude":"77.57478","responsecode":200},{"latitude":"12.975539999999999","longitude":"77.57464","responsecode":200},{"latitude":"12.97554","longitude":"77.57464","responsecode":200},{"latitude":"12.97554","longitude":"77.57464","responsecode":200},{"latitude":"12.975900000000001","longitude":"77.57469","responsecode":200},{"latitude":"12.97606","longitude":"77.5747","responsecode":200},{"latitude":"12.97622","longitude":"77.5747","responsecode":200},{"latitude":"12.97635","longitude":"77.57469","responsecode":200},{"latitude":"12.97646","longitude":"77.57467","responsecode":200},{"latitude":"12.97659","longitude":"77.57463","responsecode":200},{"latitude":"12.97676","longitude":"77.57457","responsecode":200},{"latitude":"12.97692","longitude":"77.57450999999999","responsecode":200},{"latitude":"12.97703","longitude":"77.57445999999999","responsecode":200},{"latitude":"12.977129999999999","longitude":"77.57439999999998","responsecode":200},{"latitude":"12.977219999999999","longitude":"77.57431999999999","responsecode":200},{"latitude":"12.977279999999999","longitude":"77.57425999999998","responsecode":200},{"latitude":"12.977306999999998","longitude":"77.57423599999998","responsecode":200},{"latitude":"12.977307","longitude":"77.574236","responsecode":200},{"latitude":"12.977307","longitude":"77.574236","responsecode":200},{"latitude":"12.97731","longitude":"77.57424","responsecode":200},{"latitude":"12.97746","longitude":"77.57409","responsecode":200},{"latitude":"12.97751","longitude":"77.57141","responsecode":200},{"latitude":"12.97751","longitude":"77.57141","responsecode":200},{"latitude":"12.97749","longitude":"77.57098","responsecode":200},{"latitude":"12.97932","longitude":"77.57111","responsecode":200},{"latitude":"12.97954","longitude":"77.57115","responsecode":200},{"latitude":"12.97954","longitude":"77.57115","responsecode":200},{"latitude":"12.97967","longitude":"77.57124","responsecode":200},{"latitude":"12.97978","longitude":"77.57133","responsecode":200},{"latitude":"12.97988","longitude":"77.57142","responsecode":200},{"latitude":"12.97998","longitude":"77.57152","responsecode":200},{"latitude":"12.980049999999999","longitude":"77.57161","responsecode":200},{"latitude":"12.980109999999998","longitude":"77.5717","responsecode":200},{"latitude":"12.980159999999998","longitude":"77.57178","responsecode":200},{"latitude":"12.980249999999998","longitude":"77.57191","responsecode":200},{"latitude":"12.980279999999999","longitude":"77.57207","responsecode":200},{"latitude":"12.98031","longitude":"77.57222999999999","responsecode":200},{"latitude":"12.980319999999999","longitude":"77.57229999999998","responsecode":200},{"latitude":"12.980329999999999","longitude":"77.57238999999998","responsecode":200},{"latitude":"12.980339999999998","longitude":"77.57247999999998","responsecode":200},{"latitude":"12.980359999999997","longitude":"77.57258999999999","responsecode":200},{"latitude":"12.980349999999998","longitude":"77.57267999999999","responsecode":200},{"latitude":"12.980359999999997","longitude":"77.57275999999999","responsecode":200},{"latitude":"12.980489999999998","longitude":"77.57323999999998","responsecode":200},{"latitude":"12.980519999999999","longitude":"77.57335999999998","responsecode":200},{"latitude":"12.98055","longitude":"77.57350999999998","responsecode":200},{"latitude":"12.98058","longitude":"77.57367999999998","responsecode":200},{"latitude":"12.980649999999999","longitude":"77.57428999999998","responsecode":200},{"latitude":"12.980749999999999","longitude":"77.57454999999997","responsecode":200},{"latitude":"12.980839999999999","longitude":"77.57470999999997","responsecode":200},{"latitude":"12.980899999999998","longitude":"77.57477999999996","responsecode":200},{"latitude":"12.980969999999997","longitude":"77.57484999999996","responsecode":200},{"latitude":"12.981039999999997","longitude":"77.57490999999996","responsecode":200},{"latitude":"12.981129999999997","longitude":"77.57496999999996","responsecode":200},{"latitude":"12.981269999999997","longitude":"77.57504999999996","responsecode":200},{"latitude":"12.981449999999997","longitude":"77.57513999999996","responsecode":200},{"latitude":"12.981649999999997","longitude":"77.57523999999997","responsecode":200},{"latitude":"12.981759999999996","longitude":"77.57530999999996","responsecode":200},{"latitude":"12.981899999999996","longitude":"77.57539999999996","responsecode":200},{"latitude":"12.982089999999996","longitude":"77.57553999999996","responsecode":200},{"latitude":"12.982219999999996","longitude":"77.57564999999997","responsecode":200},{"latitude":"12.982349999999997","longitude":"77.57577999999997","responsecode":200},{"latitude":"12.982419999999996","longitude":"77.57585999999996","responsecode":200},{"latitude":"12.982679999999997","longitude":"77.57616999999996","responsecode":200},{"latitude":"12.982729999999997","longitude":"77.57626999999997","responsecode":200},{"latitude":"12.982863999999996","longitude":"77.57642599999997","responsecode":200},{"latitude":"12.982864","longitude":"77.576426","responsecode":200},{"latitude":"12.98297","longitude":"77.57655","responsecode":200},{"latitude":"12.98312","longitude":"77.57670999999999","responsecode":200},{"latitude":"12.983189999999999","longitude":"77.57681","responsecode":200},{"latitude":"12.983239999999999","longitude":"77.5769","responsecode":200},{"latitude":"12.98327","longitude":"77.57696999999999","responsecode":200},{"latitude":"12.98335","longitude":"77.57708","responsecode":200},{"latitude":"12.98343","longitude":"77.57718","responsecode":200},{"latitude":"12.98351","longitude":"77.5773","responsecode":200},{"latitude":"12.98358","longitude":"77.57741999999999","responsecode":200},{"latitude":"12.983649999999999","longitude":"77.57755999999999","responsecode":200},{"latitude":"12.983699999999999","longitude":"77.57768999999999","responsecode":200},{"latitude":"12.983769999999998","longitude":"77.57789999999999","responsecode":200},{"latitude":"12.983839999999997","longitude":"77.57816999999999","responsecode":200},{"latitude":"12.983859999999996","longitude":"77.57825999999999","responsecode":200},{"latitude":"12.984039999999997","longitude":"77.57826999999999","responsecode":200},{"latitude":"12.984119999999997","longitude":"77.57827999999999","responsecode":200},{"latitude":"12.984189999999996","longitude":"77.5783","responsecode":200},{"latitude":"12.984279999999996","longitude":"77.57835","responsecode":200},{"latitude":"12.984339999999996","longitude":"77.57839","responsecode":200},{"latitude":"12.984429999999996","longitude":"77.57844","responsecode":200},{"latitude":"12.984549999999997","longitude":"77.57851","responsecode":200},{"latitude":"12.984769999999997","longitude":"77.57866","responsecode":200},{"latitude":"12.984899999999998","longitude":"77.57874","responsecode":200},{"latitude":"12.985209999999999","longitude":"77.57892","responsecode":200},{"latitude":"12.985389999999999","longitude":"77.57901","responsecode":200},{"latitude":"12.985819999999999","longitude":"77.57924","responsecode":200},{"latitude":"12.985979999999998","longitude":"77.57933","responsecode":200},{"latitude":"12.986119999999998","longitude":"77.57941","responsecode":200},{"latitude":"12.986219999999998","longitude":"77.57943999999999","responsecode":200},{"latitude":"12.986309999999998","longitude":"77.5795","responsecode":200},{"latitude":"12.986459999999997","longitude":"77.57961","responsecode":200},{"latitude":"12.986509999999997","longitude":"77.57964","responsecode":200},{"latitude":"12.986569999999997","longitude":"77.57969","responsecode":200},{"latitude":"12.986609999999997","longitude":"77.57972","responsecode":200},{"latitude":"12.986969999999998","longitude":"77.57997999999999","responsecode":200},{"latitude":"12.987029999999997","longitude":"77.58003","responsecode":200},{"latitude":"12.987089999999997","longitude":"77.58008","responsecode":200},{"latitude":"12.987159999999996","longitude":"77.58017","responsecode":200},{"latitude":"12.987249999999996","longitude":"77.58019999999999","responsecode":200},{"latitude":"12.987340999999995","longitude":"77.58024099999999","responsecode":200},{"latitude":"12.987341","longitude":"77.580241","responsecode":200},{"latitude":"12.98736","longitude":"77.58025","responsecode":200},{"latitude":"12.98746","longitude":"77.58031000000001","responsecode":200},{"latitude":"12.98781","longitude":"77.58052","responsecode":200},{"latitude":"12.98799","longitude":"77.58065","responsecode":200},{"latitude":"12.98821","longitude":"77.58079000000001","responsecode":200},{"latitude":"12.98851","longitude":"77.58099000000001","responsecode":200},{"latitude":"12.98883","longitude":"77.58111000000001","responsecode":200},{"latitude":"12.98898","longitude":"77.58121000000001","responsecode":200},{"latitude":"12.98955","longitude":"77.58155000000001","responsecode":200},{"latitude":"12.99019","longitude":"77.58187000000001","responsecode":200},{"latitude":"12.99081","longitude":"77.58223000000001","responsecode":200},{"latitude":"12.99109","longitude":"77.58241000000001","responsecode":200},{"latitude":"12.99118","longitude":"77.58247000000001","responsecode":200},{"latitude":"12.99214","longitude":"77.58312000000001","responsecode":200},{"latitude":"12.992249999999999","longitude":"77.5832","responsecode":200},{"latitude":"12.992569999999999","longitude":"77.58346","responsecode":200},{"latitude":"12.992779999999998","longitude":"77.58365","responsecode":200},{"latitude":"12.993099999999998","longitude":"77.58394000000001","responsecode":200},{"latitude":"12.993289999999998","longitude":"77.58407000000001","responsecode":200},{"latitude":"12.993379999999998","longitude":"77.58413000000002","responsecode":200},{"latitude":"12.993459999999999","longitude":"77.58421000000001","responsecode":200},{"latitude":"12.993599999999999","longitude":"77.58433000000001","responsecode":200},{"latitude":"12.993689999999999","longitude":"77.58441","responsecode":200},{"latitude":"12.993739999999999","longitude":"77.58447000000001","responsecode":200},{"latitude":"12.99378","longitude":"77.58455000000001","responsecode":200},{"latitude":"12.993799999999998","longitude":"77.58464000000001","responsecode":200},{"latitude":"12.993819999999998","longitude":"77.58476","responsecode":200},{"latitude":"12.993839999999997","longitude":"77.58486","responsecode":200},{"latitude":"12.993819999999998","longitude":"77.58493","responsecode":200},{"latitude":"12.993789999999997","longitude":"77.58507","responsecode":200},{"latitude":"12.993799999999997","longitude":"77.5851","responsecode":200},{"latitude":"12.993869999999996","longitude":"77.5851","responsecode":200},{"latitude":"12.994039999999996","longitude":"77.5851","responsecode":200},{"latitude":"12.994189999999996","longitude":"77.58507","responsecode":200},{"latitude":"12.994369999999996","longitude":"77.58505","responsecode":200},{"latitude":"12.994539999999997","longitude":"77.58502999999999","responsecode":200},{"latitude":"12.994839999999996","longitude":"77.58497999999999","responsecode":200},{"latitude":"12.995109999999997","longitude":"77.58492999999999","responsecode":200},{"latitude":"12.995339999999997","longitude":"77.58488999999999","responsecode":200},{"latitude":"12.995499999999996","longitude":"77.58485999999999","responsecode":200},{"latitude":"12.995719999999997","longitude":"77.58480999999999","responsecode":200},{"latitude":"12.995939999999997","longitude":"77.58474999999999","responsecode":200},{"latitude":"12.996079999999997","longitude":"77.58469999999998","responsecode":200},{"latitude":"12.996199999999998","longitude":"77.58466999999999","responsecode":200},{"latitude":"12.996279999999999","longitude":"77.58464","responsecode":200},{"latitude":"12.9965","longitude":"77.58458999999999","responsecode":200},{"latitude":"12.996939999999999","longitude":"77.58451","responsecode":200},{"latitude":"12.997219999999999","longitude":"77.58445999999999","responsecode":200},{"latitude":"12.99762","longitude":"77.58439","responsecode":200},{"latitude":"12.99772","longitude":"77.58436999999999","responsecode":200},{"latitude":"12.9978","longitude":"77.58435999999999","responsecode":200},{"latitude":"12.99786","longitude":"77.58434999999999","responsecode":200},{"latitude":"12.99846","longitude":"77.58422999999999","responsecode":200},{"latitude":"12.99869","longitude":"77.5842","responsecode":200},{"latitude":"12.99899","longitude":"77.58408999999999","responsecode":200},{"latitude":"12.99916","longitude":"77.58403999999999","responsecode":200},{"latitude":"12.9993","longitude":"77.58399999999999","responsecode":200},{"latitude":"12.99942","longitude":"77.58397","responsecode":200},{"latitude":"12.99957","longitude":"77.58394999999999","responsecode":200},{"latitude":"12.99971","longitude":"77.58388","responsecode":200},{"latitude":"12.99971","longitude":"77.58388","responsecode":200},{"latitude":"12.99971","longitude":"77.58388","responsecode":200},{"latitude":"12.9998","longitude":"77.5839","responsecode":200},{"latitude":"12.99994","longitude":"77.58392","responsecode":200},{"latitude":"13.00018","longitude":"77.58397000000001","responsecode":200},{"latitude":"13.0006","longitude":"77.58406000000001","responsecode":200},{"latitude":"13.00103","longitude":"77.58407000000001","responsecode":200},{"latitude":"13.00185","longitude":"77.58406000000001","responsecode":200},{"latitude":"13.002379999999999","longitude":"77.58406000000001","responsecode":200},{"latitude":"13.002569999999999","longitude":"77.58404","responsecode":200},{"latitude":"13.002729999999998","longitude":"77.58403","responsecode":200},{"latitude":"13.002779999999998","longitude":"77.58402","responsecode":200},{"latitude":"13.002889999999997","longitude":"77.58404","responsecode":200},{"latitude":"13.003079999999997","longitude":"77.58404","responsecode":200},{"latitude":"13.003259999999997","longitude":"77.58405","responsecode":200},{"latitude":"13.003539999999997","longitude":"77.58407000000001","responsecode":200},{"latitude":"13.003699999999997","longitude":"77.58407000000001","responsecode":200},{"latitude":"13.003849999999996","longitude":"77.58407000000001","responsecode":200},{"latitude":"13.004039999999996","longitude":"77.58406000000001","responsecode":200},{"latitude":"13.004199999999996","longitude":"77.58406000000001","responsecode":200},{"latitude":"13.004629999999995","longitude":"77.58407000000001","responsecode":200},{"latitude":"13.004939999999996","longitude":"77.58406000000001","responsecode":200},{"latitude":"13.005689999999996","longitude":"77.58402000000001","responsecode":200},{"latitude":"13.005839999999996","longitude":"77.584","responsecode":200},{"latitude":"13.005899999999995","longitude":"77.584","responsecode":200},{"latitude":"13.006139999999995","longitude":"77.58398","responsecode":200},{"latitude":"13.006609999999995","longitude":"77.58395","responsecode":200},{"latitude":"13.006769999999994","longitude":"77.58394","responsecode":200},{"latitude":"13.007079999999995","longitude":"77.58393","responsecode":200},{"latitude":"13.007849999999994","longitude":"77.5839","responsecode":200},{"latitude":"13.008679999999995","longitude":"77.58384","responsecode":200},{"latitude":"13.009009999999995","longitude":"77.58382999999999","responsecode":200},{"latitude":"13.009559999999995","longitude":"77.58382999999999","responsecode":200},{"latitude":"13.009819999999996","longitude":"77.58381999999999","responsecode":200},{"latitude":"13.010009999999996","longitude":"77.58381999999999","responsecode":200},{"latitude":"13.010169999999995","longitude":"77.58381999999999","responsecode":200},{"latitude":"13.010479999999996","longitude":"77.58380999999999","responsecode":200},{"latitude":"13.010569999999996","longitude":"77.58380999999999","responsecode":200},{"latitude":"13.01057","longitude":"77.58381","responsecode":200},{"latitude":"13.01066","longitude":"77.58381","responsecode":200},{"latitude":"13.01085","longitude":"77.58381","responsecode":200},{"latitude":"13.011","longitude":"77.58381","responsecode":200},{"latitude":"13.01194","longitude":"77.58382","responsecode":200},{"latitude":"13.014249999999999","longitude":"77.58387","responsecode":200},{"latitude":"13.014479999999999","longitude":"77.58391","responsecode":200},{"latitude":"13.014589999999998","longitude":"77.58391","responsecode":200},{"latitude":"13.014789999999998","longitude":"77.58392","responsecode":200},{"latitude":"13.015549999999998","longitude":"77.58393000000001","responsecode":200},{"latitude":"13.016499999999997","longitude":"77.58389000000001","responsecode":200},{"latitude":"13.016819999999997","longitude":"77.58389000000001","responsecode":200},{"latitude":"13.017229999999998","longitude":"77.58387","responsecode":200},{"latitude":"13.017488999999998","longitude":"77.583861","responsecode":200},{"latitude":"13.017489","longitude":"77.583861","responsecode":200},{"latitude":"13.01752","longitude":"77.58386","responsecode":200},{"latitude":"13.01925","longitude":"77.58383","responsecode":200},{"latitude":"13.01933","longitude":"77.58383","responsecode":200},{"latitude":"13.01949","longitude":"77.58383","responsecode":200},{"latitude":"13.01957","longitude":"77.58383","responsecode":200},{"latitude":"13.01977","longitude":"77.58384000000001","responsecode":200},{"latitude":"13.01999","longitude":"77.58385000000001","responsecode":200},{"latitude":"13.02012","longitude":"77.58387000000002","responsecode":200},{"latitude":"13.02033","longitude":"77.58389000000003","responsecode":200},{"latitude":"13.0206","longitude":"77.58392000000002","responsecode":200},{"latitude":"13.02131","longitude":"77.58410000000002","responsecode":200},{"latitude":"13.02165","longitude":"77.58420000000002","responsecode":200},{"latitude":"13.022039999999999","longitude":"77.58429000000002","responsecode":200},{"latitude":"13.02212","longitude":"77.58431000000003","responsecode":200},{"latitude":"13.022279999999999","longitude":"77.58435000000003","responsecode":200},{"latitude":"13.022629999999998","longitude":"77.58444000000003","responsecode":200},{"latitude":"13.022929999999997","longitude":"77.58448000000003","responsecode":200},{"latitude":"13.023139999999996","longitude":"77.58452000000003","responsecode":200},{"latitude":"13.023589999999997","longitude":"77.58462000000003","responsecode":200},{"latitude":"13.023809999999997","longitude":"77.58468000000003","responsecode":200},{"latitude":"13.024409999999998","longitude":"77.58483000000004","responsecode":200},{"latitude":"13.025129999999997","longitude":"77.58504000000003","responsecode":200},{"latitude":"13.025319999999997","longitude":"77.58508000000003","responsecode":200},{"latitude":"13.025519999999997","longitude":"77.58513000000004","responsecode":200},{"latitude":"13.025659999999997","longitude":"77.58516000000003","responsecode":200},{"latitude":"13.025919999999998","longitude":"77.58521000000003","responsecode":200},{"latitude":"13.026049999999998","longitude":"77.58516000000003","responsecode":200},{"latitude":"13.02605","longitude":"77.58516","responsecode":200},{"latitude":"13.02605","longitude":"77.58516","responsecode":200},{"latitude":"13.02623","longitude":"77.58518000000001","responsecode":200},{"latitude":"13.0269","longitude":"77.58534","responsecode":200},{"latitude":"13.02708","longitude":"77.5854","responsecode":200},{"latitude":"13.0274","longitude":"77.58550000000001","responsecode":200},{"latitude":"13.02802","longitude":"77.58569000000001","responsecode":200},{"latitude":"13.02836","longitude":"77.58584000000002","responsecode":200},{"latitude":"13.028659999999999","longitude":"77.58599000000002","responsecode":200},{"latitude":"13.028909999999998","longitude":"77.58610000000003","responsecode":200},{"latitude":"13.029259999999997","longitude":"77.58623000000003","responsecode":200},{"latitude":"13.029469999999996","longitude":"77.58630000000002","responsecode":200},{"latitude":"13.029679999999995","longitude":"77.58641000000003","responsecode":200},{"latitude":"13.030769999999995","longitude":"77.58686000000003","responsecode":200},{"latitude":"13.031819999999994","longitude":"77.58733000000004","responsecode":200},{"latitude":"13.031999999999995","longitude":"77.58743000000004","responsecode":200},{"latitude":"13.032179999999995","longitude":"77.58751000000004","responsecode":200},{"latitude":"13.032289999999994","longitude":"77.58755000000004","responsecode":200},{"latitude":"13.032509999999995","longitude":"77.58764000000004","responsecode":200},{"latitude":"13.032579999999994","longitude":"77.58768000000003","responsecode":200},{"latitude":"13.03258","longitude":"77.58768","responsecode":200},{"latitude":"13.03258","longitude":"77.58768","responsecode":200},{"latitude":"13.03276","longitude":"77.58779000000001","responsecode":200},{"latitude":"13.03312","longitude":"77.58797000000001","responsecode":200},{"latitude":"13.03344","longitude":"77.58807000000002","responsecode":200},{"latitude":"13.033700000000001","longitude":"77.58813000000002","responsecode":200},{"latitude":"13.03386","longitude":"77.58813000000002","responsecode":200},{"latitude":"13.03411","longitude":"77.58817000000002","responsecode":200},{"latitude":"13.0343","longitude":"77.58820000000001","responsecode":200},{"latitude":"13.03466","longitude":"77.58831000000002","responsecode":200},{"latitude":"13.03489","longitude":"77.58841000000002","responsecode":200},{"latitude":"13.03556","longitude":"77.58868000000002","responsecode":200},{"latitude":"13.03564","longitude":"77.58871000000002","responsecode":200},{"latitude":"13.035836000000002","longitude":"77.58880200000002","responsecode":200},{"latitude":"13.035836","longitude":"77.588802","responsecode":200},{"latitude":"13.03596","longitude":"77.58886","responsecode":200},{"latitude":"13.03614","longitude":"77.58892999999999","responsecode":200},{"latitude":"13.03628","longitude":"77.58897999999999","responsecode":200},{"latitude":"13.036439999999999","longitude":"77.58903","responsecode":200},{"latitude":"13.03657","longitude":"77.58905","responsecode":200},{"latitude":"13.036769999999999","longitude":"77.58908","responsecode":200},{"latitude":"13.03741","longitude":"77.58909","responsecode":200},{"latitude":"13.0376","longitude":"77.5891","responsecode":200},{"latitude":"13.038079999999999","longitude":"77.58912000000001","responsecode":200},{"latitude":"13.038279999999999","longitude":"77.58913000000001","responsecode":200},{"latitude":"13.038474999999998","longitude":"77.58915300000001","responsecode":200},{"latitude":"13.038475","longitude":"77.589153","responsecode":200},{"latitude":"13.03853","longitude":"77.58915999999999","responsecode":200},{"latitude":"13.03862","longitude":"77.58917","responsecode":200},{"latitude":"13.03894","longitude":"77.58924999999999","responsecode":200},{"latitude":"13.03914","longitude":"77.58928999999999","responsecode":200},{"latitude":"13.03928","longitude":"77.58931","responsecode":200},{"latitude":"13.03947","longitude":"77.58935","responsecode":200},{"latitude":"13.0397","longitude":"77.5894","responsecode":200},{"latitude":"13.04046","longitude":"77.58953","responsecode":200},{"latitude":"13.0407","longitude":"77.58959","responsecode":200},{"latitude":"13.0412","longitude":"77.58972","responsecode":200},{"latitude":"13.04144","longitude":"77.58979","responsecode":200},{"latitude":"13.041649999999999","longitude":"77.58984","responsecode":200},{"latitude":"13.041979999999999","longitude":"77.58993","responsecode":200},{"latitude":"13.042169999999999","longitude":"77.58999","responsecode":200},{"latitude":"13.042349999999999","longitude":"77.59004","responsecode":200},{"latitude":"13.04261","longitude":"77.59013","responsecode":200},{"latitude":"13.04274","longitude":"77.59018","responsecode":200},{"latitude":"13.043000000000001","longitude":"77.59029000000001","responsecode":200},{"latitude":"13.043170000000002","longitude":"77.59037000000001","responsecode":200},{"latitude":"13.043710000000003","longitude":"77.59063","responsecode":200},{"latitude":"13.043840000000003","longitude":"77.59068","responsecode":200},{"latitude":"13.044030000000003","longitude":"77.59077","responsecode":200},{"latitude":"13.044180000000003","longitude":"77.59082000000001","responsecode":200},{"latitude":"13.044350000000003","longitude":"77.59088000000001","responsecode":200},{"latitude":"13.044600000000003","longitude":"77.59095","responsecode":200},{"latitude":"13.044880000000003","longitude":"77.59102","responsecode":200},{"latitude":"13.045170000000002","longitude":"77.59108","responsecode":200},{"latitude":"13.045480000000003","longitude":"77.59112","responsecode":200},{"latitude":"13.045720000000003","longitude":"77.59115","responsecode":200},{"latitude":"13.046000000000003","longitude":"77.59118","responsecode":200},{"latitude":"13.046110000000002","longitude":"77.5912","responsecode":200},{"latitude":"13.046190000000003","longitude":"77.59122","responsecode":200},{"latitude":"13.046250000000002","longitude":"77.59125","responsecode":200},{"latitude":"13.046320000000001","longitude":"77.59131000000001","responsecode":200},{"latitude":"13.046470000000001","longitude":"77.59135","responsecode":200},{"latitude":"13.04668","longitude":"77.59142","responsecode":200},{"latitude":"13.04688","longitude":"77.5915","responsecode":200},{"latitude":"13.04741","longitude":"77.59174999999999","responsecode":200},{"latitude":"13.047649999999999","longitude":"77.59186999999999","responsecode":200},{"latitude":"13.047789999999999","longitude":"77.59193999999998","responsecode":200},{"latitude":"13.048089999999998","longitude":"77.59208999999998","responsecode":200},{"latitude":"13.048389999999998","longitude":"77.59222999999999","responsecode":200},{"latitude":"13.048709999999998","longitude":"77.59236999999999","responsecode":200},{"latitude":"13.048989999999998","longitude":"77.59248","responsecode":200},{"latitude":"13.049329999999998","longitude":"77.59259","responsecode":200},{"latitude":"13.049489999999997","longitude":"77.59264","responsecode":200},{"latitude":"13.049738999999997","longitude":"77.592714","responsecode":200},{"latitude":"13.049739","longitude":"77.592714","responsecode":200},{"latitude":"13.049760000000001","longitude":"77.59272","responsecode":200},{"latitude":"13.049880000000002","longitude":"77.59271","responsecode":200},{"latitude":"13.04995","longitude":"77.59271","responsecode":200},{"latitude":"13.050320000000001","longitude":"77.5928","responsecode":200},{"latitude":"13.051950000000001","longitude":"77.59321","responsecode":200},{"latitude":"13.05239","longitude":"77.59331","responsecode":200},{"latitude":"13.05267","longitude":"77.59336","responsecode":200},{"latitude":"13.052940000000001","longitude":"77.59337000000001","responsecode":200},{"latitude":"13.053230000000001","longitude":"77.59337000000001","responsecode":200},{"latitude":"13.05343","longitude":"77.59336","responsecode":200},{"latitude":"13.05354","longitude":"77.59335","responsecode":200},{"latitude":"13.05365","longitude":"77.59333","responsecode":200},{"latitude":"13.0548","longitude":"77.59325","responsecode":200},{"latitude":"13.05521","longitude":"77.59322","responsecode":200},{"latitude":"13.055670000000001","longitude":"77.59321","responsecode":200},{"latitude":"13.05606","longitude":"77.5932","responsecode":200},{"latitude":"13.056420000000001","longitude":"77.59318999999999","responsecode":200},{"latitude":"13.056700000000001","longitude":"77.59317999999999","responsecode":200},{"latitude":"13.05705","longitude":"77.59317999999999","responsecode":200},{"latitude":"13.05711","longitude":"77.59317999999999","responsecode":200},{"latitude":"13.05711","longitude":"77.59318","responsecode":200},{"latitude":"13.05734","longitude":"77.59318","responsecode":200},{"latitude":"13.05758","longitude":"77.59318","responsecode":200},{"latitude":"13.0582","longitude":"77.59319","responsecode":200},{"latitude":"13.058409999999999","longitude":"77.59319","responsecode":200},{"latitude":"13.058649999999998","longitude":"77.59320000000001","responsecode":200},{"latitude":"13.058919999999999","longitude":"77.59321000000001","responsecode":200},{"latitude":"13.05923","longitude":"77.59323000000002","responsecode":200},{"latitude":"13.05952","longitude":"77.59324000000002","responsecode":200},{"latitude":"13.0598","longitude":"77.59325000000003","responsecode":200},{"latitude":"13.060379999999999","longitude":"77.59324000000002","responsecode":200},{"latitude":"13.06074","longitude":"77.59322000000002","responsecode":200},{"latitude":"13.060849999999999","longitude":"77.59322000000002","responsecode":200},{"latitude":"13.061509999999998","longitude":"77.59319000000002","responsecode":200},{"latitude":"13.06252","longitude":"77.59314000000002","responsecode":200},{"latitude":"13.06271","longitude":"77.59313000000002","responsecode":200},{"latitude":"13.06297","longitude":"77.59312000000001","responsecode":200},{"latitude":"13.06318","longitude":"77.59311000000001","responsecode":200},{"latitude":"13.06363","longitude":"77.59307000000001","responsecode":200},{"latitude":"13.06393","longitude":"77.59306000000001","responsecode":200},{"latitude":"13.06421","longitude":"77.59306000000001","responsecode":200},{"latitude":"13.064459999999999","longitude":"77.59306000000001","responsecode":200},{"latitude":"13.064699999999998","longitude":"77.59307000000001","responsecode":200},{"latitude":"13.065169999999998","longitude":"77.59307000000001","responsecode":200},{"latitude":"13.065389999999999","longitude":"77.59307000000001","responsecode":200},{"latitude":"13.0658","longitude":"77.59307000000001","responsecode":200},{"latitude":"13.06621","longitude":"77.59303000000001","responsecode":200},{"latitude":"13.06647","longitude":"77.59298000000001","responsecode":200},{"latitude":"13.06647","longitude":"77.59298","responsecode":200},{"latitude":"13.06677","longitude":"77.59291","responsecode":200},{"latitude":"13.06695","longitude":"77.59289","responsecode":200},{"latitude":"13.067070000000001","longitude":"77.59288","responsecode":200},{"latitude":"13.06723","longitude":"77.59286999999999","responsecode":200},{"latitude":"13.06741","longitude":"77.59285999999999","responsecode":200},{"latitude":"13.06778","longitude":"77.59283999999998","responsecode":200},{"latitude":"13.068240000000001","longitude":"77.59277999999998","responsecode":200},{"latitude":"13.068620000000001","longitude":"77.59274999999998","responsecode":200},{"latitude":"13.068980000000002","longitude":"77.59272999999997","responsecode":200},{"latitude":"13.069450000000002","longitude":"77.59267999999997","responsecode":200},{"latitude":"13.069640000000001","longitude":"77.59264999999998","responsecode":200},{"latitude":"13.070100000000002","longitude":"77.59257999999998","responsecode":200},{"latitude":"13.070440000000001","longitude":"77.59252999999998","responsecode":200},{"latitude":"13.070640000000001","longitude":"77.59250999999998","responsecode":200},{"latitude":"13.07126","longitude":"77.59246999999998","responsecode":200},{"latitude":"13.07206","longitude":"77.59244999999997","responsecode":200},{"latitude":"13.072539","longitude":"77.59243099999998","responsecode":200},{"latitude":"13.072539","longitude":"77.592431","responsecode":200},{"latitude":"13.07257","longitude":"77.59243000000001","responsecode":200},{"latitude":"13.073110000000002","longitude":"77.59242","responsecode":200},{"latitude":"13.073300000000001","longitude":"77.59242","responsecode":200},{"latitude":"13.073480000000002","longitude":"77.59241","responsecode":200},{"latitude":"13.073780000000001","longitude":"77.59239","responsecode":200},{"latitude":"13.07446","longitude":"77.59237999999999","responsecode":200},{"latitude":"13.07522","longitude":"77.59240999999999","responsecode":200},{"latitude":"13.07598","longitude":"77.59246999999999","responsecode":200},{"latitude":"13.076319999999999","longitude":"77.59249999999999","responsecode":200},{"latitude":"13.076559999999999","longitude":"77.59252999999998","responsecode":200},{"latitude":"13.07701","longitude":"77.59257799999999","responsecode":200},{"latitude":"13.07701","longitude":"77.592578","responsecode":200},{"latitude":"13.07721","longitude":"77.5926","responsecode":200},{"latitude":"13.077499999999999","longitude":"77.59263","responsecode":200},{"latitude":"13.078109999999999","longitude":"77.59272","responsecode":200},{"latitude":"13.078389999999999","longitude":"77.59275","responsecode":200},{"latitude":"13.07871","longitude":"77.59279","responsecode":200},{"latitude":"13.0796","longitude":"77.59286999999999","responsecode":200},{"latitude":"13.080449999999999","longitude":"77.59294999999999","responsecode":200},{"latitude":"13.081209999999999","longitude":"77.59300999999999","responsecode":200},{"latitude":"13.081399999999999","longitude":"77.59302","responsecode":200},{"latitude":"13.081629999999999","longitude":"77.59304999999999","responsecode":200},{"latitude":"13.08203","longitude":"77.59311","responsecode":200},{"latitude":"13.08232","longitude":"77.59315","responsecode":200},{"latitude":"13.08246","longitude":"77.59317","responsecode":200},{"latitude":"13.0826","longitude":"77.59319","responsecode":200},{"latitude":"13.082759999999999","longitude":"77.59323","responsecode":200},{"latitude":"13.082909999999998","longitude":"77.59327","responsecode":200},{"latitude":"13.083559999999999","longitude":"77.59351000000001","responsecode":200},{"latitude":"13.084109999999999","longitude":"77.59371000000002","responsecode":200},{"latitude":"13.08447","longitude":"77.59386000000002","responsecode":200},{"latitude":"13.08447","longitude":"77.59386","responsecode":200},{"latitude":"13.08447","longitude":"77.59386","responsecode":200},{"latitude":"13.08469","longitude":"77.59395","responsecode":200},{"latitude":"13.08577","longitude":"77.59438","responsecode":200},{"latitude":"13.08647","longitude":"77.59468","responsecode":200},{"latitude":"13.08704","longitude":"77.59496","responsecode":200},{"latitude":"13.08829","longitude":"77.59552","responsecode":200},{"latitude":"13.089210000000001","longitude":"77.59589","responsecode":200},{"latitude":"13.089760000000002","longitude":"77.59612","responsecode":200},{"latitude":"13.090020000000003","longitude":"77.59621","responsecode":200},{"latitude":"13.090280000000003","longitude":"77.59629","responsecode":200},{"latitude":"13.090550000000004","longitude":"77.59637","responsecode":200},{"latitude":"13.090730000000004","longitude":"77.59642","responsecode":200},{"latitude":"13.091000000000005","longitude":"77.59648","responsecode":200},{"latitude":"13.091370000000005","longitude":"77.59656","responsecode":200},{"latitude":"13.092640000000005","longitude":"77.59676","responsecode":200},{"latitude":"13.092890000000004","longitude":"77.59679","responsecode":200},{"latitude":"13.093010000000005","longitude":"77.59681","responsecode":200},{"latitude":"13.093140000000005","longitude":"77.59684","responsecode":200},{"latitude":"13.093250000000005","longitude":"77.59687","responsecode":200},{"latitude":"13.093480000000005","longitude":"77.59693999999999","responsecode":200},{"latitude":"13.093760000000005","longitude":"77.59702999999999","responsecode":200},{"latitude":"13.094160000000006","longitude":"77.59715999999999","responsecode":200},{"latitude":"13.094330000000006","longitude":"77.59722","responsecode":200},{"latitude":"13.094560000000007","longitude":"77.59728999999999","responsecode":200},{"latitude":"13.094760000000006","longitude":"77.59734999999999","responsecode":200},{"latitude":"13.094980000000007","longitude":"77.59741999999999","responsecode":200},{"latitude":"13.095110000000007","longitude":"77.59745999999998","responsecode":200},{"latitude":"13.095310000000007","longitude":"77.59753999999998","responsecode":200},{"latitude":"13.095620000000007","longitude":"77.59766999999998","responsecode":200},{"latitude":"13.096040000000007","longitude":"77.59784999999998","responsecode":200},{"latitude":"13.096590000000008","longitude":"77.59808999999998","responsecode":200},{"latitude":"13.097820000000008","longitude":"77.59854999999999","responsecode":200},{"latitude":"13.098020000000007","longitude":"77.59861999999998","responsecode":200},{"latitude":"13.098090000000006","longitude":"77.59864999999998","responsecode":200},{"latitude":"13.09809","longitude":"77.59865","responsecode":200},{"latitude":"13.09809","longitude":"77.59865","responsecode":200},{"latitude":"13.09813","longitude":"77.59858000000001","responsecode":200},{"latitude":"13.09823","longitude":"77.59843000000001","responsecode":200},{"latitude":"13.09869","longitude":"77.59778000000001","responsecode":200},{"latitude":"13.09888","longitude":"77.59753000000002","responsecode":200},{"latitude":"13.099029999999999","longitude":"77.59733000000001","responsecode":200},{"latitude":"13.099079999999999","longitude":"77.59726000000002","responsecode":200},{"latitude":"13.099129999999999","longitude":"77.59730000000002","responsecode":200},{"latitude":"13.09913","longitude":"77.5973","responsecode":200},{"latitude":"13.09913","longitude":"77.5973","responsecode":200},{"latitude":"13.09929","longitude":"77.59743","responsecode":200},{"latitude":"13.0994","longitude":"77.59751","responsecode":200},{"latitude":"13.09963","longitude":"77.59767","responsecode":200},{"latitude":"13.09987","longitude":"77.59782999999999","responsecode":200},{"latitude":"13.09996","longitude":"77.59787999999999","responsecode":200},{"latitude":"13.100069999999999","longitude":"77.59794999999998","responsecode":200},{"latitude":"13.100139999999998","longitude":"77.59798999999998","responsecode":200},{"latitude":"13.100249999999997","longitude":"77.59805999999998","responsecode":200},{"latitude":"13.100519999999998","longitude":"77.59821999999997","responsecode":200},{"latitude":"13.100769999999997","longitude":"77.59836999999997","responsecode":200},{"latitude":"13.101309999999998","longitude":"77.59867999999997","responsecode":200},{"latitude":"13.101389999999999","longitude":"77.59872999999997","responsecode":200},{"latitude":"13.1017","longitude":"77.59891999999998","responsecode":200},{"latitude":"13.10196","longitude":"77.59907999999997","responsecode":200},{"latitude":"13.10245","longitude":"77.59936999999998","responsecode":200},{"latitude":"13.102939999999998","longitude":"77.59966999999997","responsecode":200},{"latitude":"13.103029999999999","longitude":"77.59971999999998","responsecode":200},{"latitude":"13.10329","longitude":"77.59986999999998","responsecode":200},{"latitude":"13.10348","longitude":"77.59997999999999","responsecode":200},{"latitude":"13.103589999999999","longitude":"77.60003999999999","responsecode":200},{"latitude":"13.103629999999999","longitude":"77.60006999999999","responsecode":200},{"latitude":"13.103649999999998","longitude":"77.60009999999998","responsecode":200},{"latitude":"13.103679999999999","longitude":"77.60015999999999","responsecode":200},{"latitude":"13.103689999999999","longitude":"77.60019999999999","responsecode":200},{"latitude":"13.103819999999999","longitude":"77.60026999999998","responsecode":200},{"latitude":"13.10382","longitude":"77.60027","responsecode":200},{"latitude":"13.10382","longitude":"77.60027","responsecode":200},{"latitude":"13.10393","longitude":"77.60033","responsecode":200},{"latitude":"13.10415","longitude":"77.60043","responsecode":200},{"latitude":"13.10422","longitude":"77.60046","responsecode":200},{"latitude":"13.10428","longitude":"77.60049","responsecode":200},{"latitude":"13.10433","longitude":"77.60051","responsecode":200},{"latitude":"13.104489999999998","longitude":"77.60056","responsecode":200},{"latitude":"13.104689999999998","longitude":"77.60063","responsecode":200},{"latitude":"13.104759999999997","longitude":"77.60065999999999","responsecode":200},{"latitude":"13.104889999999997","longitude":"77.60070999999999","responsecode":200},{"latitude":"13.105159999999998","longitude":"77.60085","responsecode":200},{"latitude":"13.105299999999998","longitude":"77.60091999999999","responsecode":200},{"latitude":"13.105569999999998","longitude":"77.60105999999999","responsecode":200},{"latitude":"13.105659999999999","longitude":"77.60110999999999","responsecode":200},{"latitude":"13.105849999999998","longitude":"77.60122","responsecode":200},{"latitude":"13.106469999999998","longitude":"77.60162","responsecode":200},{"latitude":"13.10647","longitude":"77.60162","responsecode":200},{"latitude":"13.10647","longitude":"77.60162","responsecode":200},{"latitude":"13.10673","longitude":"77.60177999999999","responsecode":200},{"latitude":"13.107850000000001","longitude":"77.60244999999999","responsecode":200},{"latitude":"13.108110000000002","longitude":"77.60260999999998","responsecode":200},{"latitude":"13.108540000000001","longitude":"77.60284999999999","responsecode":200},{"latitude":"13.108850000000002","longitude":"77.60304","responsecode":200},{"latitude":"13.108930000000003","longitude":"77.60307999999999","responsecode":200},{"latitude":"13.109280000000002","longitude":"77.60328999999999","responsecode":200},{"latitude":"13.109850000000002","longitude":"77.60363999999998","responsecode":200},{"latitude":"13.110020000000002","longitude":"77.60374999999999","responsecode":200},{"latitude":"13.110530000000002","longitude":"77.60405999999999","responsecode":200},{"latitude":"13.110710000000003","longitude":"77.60417","responsecode":200},{"latitude":"13.110930000000003","longitude":"77.6043","responsecode":200},{"latitude":"13.111260000000003","longitude":"77.60450999999999","responsecode":200},{"latitude":"13.111380000000004","longitude":"77.60457799999999","responsecode":200},{"latitude":"13.11138","longitude":"77.604578","responsecode":200},{"latitude":"13.11142","longitude":"77.6046","responsecode":200},{"latitude":"13.11161","longitude":"77.60474","responsecode":200},{"latitude":"13.112150000000002","longitude":"77.60506000000001","responsecode":200},{"latitude":"13.112570000000002","longitude":"77.60531","responsecode":200},{"latitude":"13.112910000000001","longitude":"77.60552","responsecode":200},{"latitude":"13.11381","longitude":"77.60607","responsecode":200},{"latitude":"13.11453","longitude":"77.60652","responsecode":200},{"latitude":"13.11487","longitude":"77.60672000000001","responsecode":200},{"latitude":"13.11518","longitude":"77.60692000000002","responsecode":200},{"latitude":"13.11548","longitude":"77.60710000000002","responsecode":200},{"latitude":"13.1164","longitude":"77.60765000000002","responsecode":200},{"latitude":"13.11651","longitude":"77.60772000000001","responsecode":200},{"latitude":"13.116859999999999","longitude":"77.60793000000001","responsecode":200},{"latitude":"13.117085999999999","longitude":"77.60805900000001","responsecode":200},{"latitude":"13.117086","longitude":"77.608059","responsecode":200},{"latitude":"13.11735","longitude":"77.60821","responsecode":200},{"latitude":"13.117750000000001","longitude":"77.60846","responsecode":200},{"latitude":"13.118670000000002","longitude":"77.60891","responsecode":200},{"latitude":"13.119470000000002","longitude":"77.60933","responsecode":200},{"latitude":"13.120070000000002","longitude":"77.60964","responsecode":200},{"latitude":"13.120250000000002","longitude":"77.60973","responsecode":200},{"latitude":"13.120460000000001","longitude":"77.60983","responsecode":200},{"latitude":"13.120730000000002","longitude":"77.60996","responsecode":200},{"latitude":"13.120800000000001","longitude":"77.61","responsecode":200},{"latitude":"13.121300000000002","longitude":"77.61024","responsecode":200},{"latitude":"13.121520000000002","longitude":"77.61034000000001","responsecode":200},{"latitude":"13.121690000000003","longitude":"77.61041","responsecode":200},{"latitude":"13.121770000000003","longitude":"77.61045","responsecode":200},{"latitude":"13.121950000000004","longitude":"77.61055","responsecode":200},{"latitude":"13.121996000000003","longitude":"77.61057100000001","responsecode":200},{"latitude":"13.121996","longitude":"77.610571","responsecode":200},{"latitude":"13.12204","longitude":"77.61058999999999","responsecode":200},{"latitude":"13.12222","longitude":"77.61065999999998","responsecode":200},{"latitude":"13.12245","longitude":"77.61075999999998","responsecode":200},{"latitude":"13.122900000000001","longitude":"77.61097999999998","responsecode":200},{"latitude":"13.123210000000002","longitude":"77.61112999999999","responsecode":200},{"latitude":"13.123850000000003","longitude":"77.61143999999999","responsecode":200},{"latitude":"13.124590000000003","longitude":"77.61178999999998","responsecode":200},{"latitude":"13.124760000000004","longitude":"77.61186999999998","responsecode":200},{"latitude":"13.124930000000004","longitude":"77.61195999999998","responsecode":200},{"latitude":"13.125500000000004","longitude":"77.61222999999998","responsecode":200},{"latitude":"13.126160000000004","longitude":"77.61253999999998","responsecode":200},{"latitude":"13.126330000000005","longitude":"77.61261999999998","responsecode":200},{"latitude":"13.126630000000004","longitude":"77.61275999999998","responsecode":200},{"latitude":"13.126800000000005","longitude":"77.61283999999998","responsecode":200},{"latitude":"13.127210000000005","longitude":"77.61304999999997","responsecode":200},{"latitude":"13.127380000000006","longitude":"77.61312999999997","responsecode":200},{"latitude":"13.127510000000006","longitude":"77.61320999999997","responsecode":200},{"latitude":"13.127590000000007","longitude":"77.61326999999997","responsecode":200},{"latitude":"13.127680000000007","longitude":"77.61334999999997","responsecode":200},{"latitude":"13.127750000000006","longitude":"77.61342999999997","responsecode":200},{"latitude":"13.127820000000005","longitude":"77.61350999999996","responsecode":200},{"latitude":"13.128420000000006","longitude":"77.61377999999996","responsecode":200},{"latitude":"13.129040000000005","longitude":"77.61407999999996","responsecode":200},{"latitude":"13.129860000000004","longitude":"77.61446999999995","responsecode":200},{"latitude":"13.130510000000005","longitude":"77.61478999999996","responsecode":200},{"latitude":"13.130920000000005","longitude":"77.61496999999996","responsecode":200},{"latitude":"13.131033000000006","longitude":"77.61502299999995","responsecode":200},{"latitude":"13.131033","longitude":"77.615023","responsecode":200},{"latitude":"13.13124","longitude":"77.61511999999999","responsecode":200},{"latitude":"13.1314","longitude":"77.61519999999999","responsecode":200},{"latitude":"13.131609999999998","longitude":"77.61531","responsecode":200},{"latitude":"13.131699999999999","longitude":"77.61534999999999","responsecode":200},{"latitude":"13.132229999999998","longitude":"77.61561999999999","responsecode":200},{"latitude":"13.132669999999997","longitude":"77.6158","responsecode":200},{"latitude":"13.133529999999997","longitude":"77.61618999999999","responsecode":200},{"latitude":"13.134209999999996","longitude":"77.61652999999998","responsecode":200},{"latitude":"13.134559999999995","longitude":"77.61668999999998","responsecode":200},{"latitude":"13.135119999999995","longitude":"77.61691999999998","responsecode":200},{"latitude":"13.135739999999995","longitude":"77.61716999999997","responsecode":200},{"latitude":"13.136009999999995","longitude":"77.61726999999998","responsecode":200},{"latitude":"13.136199999999995","longitude":"77.61732999999998","responsecode":200},{"latitude":"13.136339999999995","longitude":"77.61736999999998","responsecode":200},{"latitude":"13.136519999999996","longitude":"77.61740999999998","responsecode":200},{"latitude":"13.136609999999996","longitude":"77.61741999999998","responsecode":200},{"latitude":"13.136699999999996","longitude":"77.61742999999998","responsecode":200},{"latitude":"13.136859999999995","longitude":"77.61744999999999","responsecode":200},{"latitude":"13.136989999999996","longitude":"77.61746","responsecode":200},{"latitude":"13.137149999999995","longitude":"77.61746","responsecode":200},{"latitude":"13.137359999999994","longitude":"77.61746","responsecode":200},{"latitude":"13.137399999999994","longitude":"77.617458","responsecode":200},{"latitude":"13.1374","longitude":"77.617458","responsecode":200},{"latitude":"13.13755","longitude":"77.61745","responsecode":200},{"latitude":"13.138079999999999","longitude":"77.61744","responsecode":200},{"latitude":"13.138209999999999","longitude":"77.61743","responsecode":200},{"latitude":"13.13847","longitude":"77.61742","responsecode":200},{"latitude":"13.13855","longitude":"77.61738","responsecode":200},{"latitude":"13.138670000000001","longitude":"77.61734","responsecode":200},{"latitude":"13.138800000000002","longitude":"77.61731","responsecode":200},{"latitude":"13.138920000000002","longitude":"77.61729","responsecode":200},{"latitude":"13.139190000000003","longitude":"77.61726","responsecode":200},{"latitude":"13.139480000000002","longitude":"77.61726","responsecode":200},{"latitude":"13.141570000000003","longitude":"77.6172","responsecode":200},{"latitude":"13.142080000000004","longitude":"77.61719","responsecode":200},{"latitude":"13.142370000000003","longitude":"77.61719","responsecode":200},{"latitude":"13.142720000000002","longitude":"77.61719","responsecode":200},{"latitude":"13.142900000000003","longitude":"77.61719","responsecode":200},{"latitude":"13.143150000000002","longitude":"77.61719","responsecode":200},{"latitude":"13.143370000000003","longitude":"77.6172","responsecode":200},{"latitude":"13.144020000000003","longitude":"77.61724","responsecode":200},{"latitude":"13.144200000000003","longitude":"77.61726","responsecode":200},{"latitude":"13.144320000000004","longitude":"77.61728000000001","responsecode":200},{"latitude":"13.144500000000004","longitude":"77.61730000000001","responsecode":200},{"latitude":"13.145030000000004","longitude":"77.61737000000001","responsecode":200},{"latitude":"13.145191000000004","longitude":"77.61739100000001","responsecode":200},{"latitude":"13.145191","longitude":"77.617391","responsecode":200},{"latitude":"13.145480000000001","longitude":"77.61743","responsecode":200},{"latitude":"13.146080000000001","longitude":"77.61749999999999","responsecode":200},{"latitude":"13.146460000000001","longitude":"77.61755","responsecode":200},{"latitude":"13.146870000000002","longitude":"77.61761","responsecode":200},{"latitude":"13.147120000000001","longitude":"77.61767","responsecode":200},{"latitude":"13.147380000000002","longitude":"77.61774","responsecode":200},{"latitude":"13.147610000000002","longitude":"77.61783","responsecode":200},{"latitude":"13.147810000000002","longitude":"77.61791","responsecode":200},{"latitude":"13.148200000000001","longitude":"77.6181","responsecode":200},{"latitude":"13.149650000000001","longitude":"77.61885","responsecode":200},{"latitude":"13.149970000000001","longitude":"77.61901999999999","responsecode":200},{"latitude":"13.15027","longitude":"77.61917999999999","responsecode":200},{"latitude":"13.15043","longitude":"77.61925999999998","responsecode":200},{"latitude":"13.1506","longitude":"77.61934999999998","responsecode":200},{"latitude":"13.15098","longitude":"77.61954999999999","responsecode":200},{"latitude":"13.15113","longitude":"77.61962999999999","responsecode":200},{"latitude":"13.15141","longitude":"77.61976999999999","responsecode":200},{"latitude":"13.151720000000001","longitude":"77.61993999999999","responsecode":200},{"latitude":"13.15188","longitude":"77.62002999999999","responsecode":200},{"latitude":"13.15195","longitude":"77.62005999999998","responsecode":200},{"latitude":"13.152092999999999","longitude":"77.62014399999998","responsecode":200},{"latitude":"13.152093","longitude":"77.620144","responsecode":200},{"latitude":"13.15217","longitude":"77.62019","responsecode":200},{"latitude":"13.15267","longitude":"77.62043999999999","responsecode":200},{"latitude":"13.152890000000001","longitude":"77.62055999999998","responsecode":200},{"latitude":"13.15324","longitude":"77.62073999999998","responsecode":200},{"latitude":"13.15359","longitude":"77.62094999999998","responsecode":200},{"latitude":"13.15386","longitude":"77.62110999999997","responsecode":200},{"latitude":"13.15401","longitude":"77.62120999999998","responsecode":200},{"latitude":"13.15448","longitude":"77.62151999999998","responsecode":200},{"latitude":"13.154969999999999","longitude":"77.62185999999997","responsecode":200},{"latitude":"13.155159999999999","longitude":"77.62198999999997","responsecode":200},{"latitude":"13.155729999999998","longitude":"77.62238999999997","responsecode":200},{"latitude":"13.155919999999998","longitude":"77.62251999999997","responsecode":200},{"latitude":"13.156149999999998","longitude":"77.62266999999997","responsecode":200},{"latitude":"13.156449999999998","longitude":"77.62286999999998","responsecode":200},{"latitude":"13.156599999999997","longitude":"77.62297999999998","responsecode":200},{"latitude":"13.156819999999998","longitude":"77.62314999999998","responsecode":200},{"latitude":"13.157029999999997","longitude":"77.62330999999998","responsecode":200},{"latitude":"13.157098999999997","longitude":"77.62336099999997","responsecode":200},{"latitude":"13.157099","longitude":"77.623361","responsecode":200},{"latitude":"13.15726","longitude":"77.62348","responsecode":200},{"latitude":"13.157800000000002","longitude":"77.62388","responsecode":200},{"latitude":"13.158000000000001","longitude":"77.62405","responsecode":200},{"latitude":"13.158230000000001","longitude":"77.62422","responsecode":200},{"latitude":"13.158510000000001","longitude":"77.62443999999999","responsecode":200},{"latitude":"13.158660000000001","longitude":"77.62455","responsecode":200},{"latitude":"13.15895","longitude":"77.62478","responsecode":200},{"latitude":"13.1591","longitude":"77.62489000000001","responsecode":200},{"latitude":"13.159270000000001","longitude":"77.62502","responsecode":200},{"latitude":"13.15948","longitude":"77.62519","responsecode":200},{"latitude":"13.15964","longitude":"77.62529","responsecode":200},{"latitude":"13.15973","longitude":"77.62535000000001","responsecode":200},{"latitude":"13.16005","longitude":"77.62559000000002","responsecode":200},{"latitude":"13.16036","longitude":"77.62585000000001","responsecode":200},{"latitude":"13.160580000000001","longitude":"77.62600000000002","responsecode":200},{"latitude":"13.16092","longitude":"77.62622000000002","responsecode":200},{"latitude":"13.16108","longitude":"77.62632000000002","responsecode":200},{"latitude":"13.16124","longitude":"77.62642000000002","responsecode":200},{"latitude":"13.16142","longitude":"77.62654000000002","responsecode":200},{"latitude":"13.16142","longitude":"77.62654","responsecode":200},{"latitude":"13.16142","longitude":"77.62654","responsecode":200},{"latitude":"13.16161","longitude":"77.62666","responsecode":200},{"latitude":"13.16193","longitude":"77.62688","responsecode":200},{"latitude":"13.16224","longitude":"77.62714","responsecode":200},{"latitude":"13.162980000000001","longitude":"77.6278","responsecode":200},{"latitude":"13.163170000000001","longitude":"77.62795999999999","responsecode":200},{"latitude":"13.16342","longitude":"77.62816999999998","responsecode":200},{"latitude":"13.163640000000001","longitude":"77.62834999999998","responsecode":200},{"latitude":"13.164570000000001","longitude":"77.62907999999999","responsecode":200},{"latitude":"13.164810000000001","longitude":"77.62928","responsecode":200},{"latitude":"13.16519","longitude":"77.62956","responsecode":200},{"latitude":"13.165450000000002","longitude":"77.62971999999999","responsecode":200},{"latitude":"13.165620000000002","longitude":"77.62983","responsecode":200},{"latitude":"13.166150000000002","longitude":"77.6301","responsecode":200},{"latitude":"13.166330000000002","longitude":"77.63018","responsecode":200},{"latitude":"13.167300000000003","longitude":"77.63064","responsecode":200},{"latitude":"13.168050000000003","longitude":"77.63098","responsecode":200},{"latitude":"13.168220000000003","longitude":"77.63105999999999","responsecode":200},{"latitude":"13.168360000000003","longitude":"77.63112","responsecode":200},{"latitude":"13.16836","longitude":"77.63112","responsecode":200},{"latitude":"13.16836","longitude":"77.63112","responsecode":200},{"latitude":"13.168989999999999","longitude":"77.63143","responsecode":200},{"latitude":"13.16973","longitude":"77.63177999999999","responsecode":200},{"latitude":"13.169929999999999","longitude":"77.63188","responsecode":200},{"latitude":"13.170169999999999","longitude":"77.63199","responsecode":200},{"latitude":"13.170519999999998","longitude":"77.63215","responsecode":200},{"latitude":"13.170879999999999","longitude":"77.63231999999999","responsecode":200},{"latitude":"13.171249999999999","longitude":"77.6325","responsecode":200},{"latitude":"13.17151","longitude":"77.63261999999999","responsecode":200},{"latitude":"13.17161","longitude":"77.63266999999999","responsecode":200},{"latitude":"13.17226","longitude":"77.63295","responsecode":200},{"latitude":"13.17243","longitude":"77.63301999999999","responsecode":200},{"latitude":"13.17258","longitude":"77.63307999999999","responsecode":200},{"latitude":"13.172776","longitude":"77.63316599999999","responsecode":200},{"latitude":"13.172776","longitude":"77.633166","responsecode":200},{"latitude":"13.172920000000001","longitude":"77.63323","responsecode":200},{"latitude":"13.173240000000002","longitude":"77.63336","responsecode":200},{"latitude":"13.173500000000002","longitude":"77.63347999999999","responsecode":200},{"latitude":"13.1735","longitude":"77.63348","responsecode":200},{"latitude":"13.1735","longitude":"77.63348","responsecode":200},{"latitude":"13.17352","longitude":"77.63355","responsecode":200},{"latitude":"13.17351","longitude":"77.63363","responsecode":200},{"latitude":"13.17347","longitude":"77.63381","responsecode":200},{"latitude":"13.17343","longitude":"77.63395","responsecode":200},{"latitude":"13.17337","longitude":"77.634","responsecode":200},{"latitude":"13.17337","longitude":"77.634","responsecode":200},{"latitude":"13.17337","longitude":"77.634","responsecode":200},{"latitude":"13.17335","longitude":"77.63394","responsecode":200},{"latitude":"13.17334","longitude":"77.63397","responsecode":200},{"latitude":"13.17416","longitude":"77.63439","responsecode":200},{"latitude":"13.1758","longitude":"77.63557","responsecode":200},{"latitude":"13.17761","longitude":"77.6369","responsecode":200},{"latitude":"13.177605","longitude":"77.636908","responsecode":200},{"latitude":"13.17774","longitude":"77.637","responsecode":200},{"latitude":"13.1779","longitude":"77.63708","responsecode":200},{"latitude":"13.177999999999999","longitude":"77.63713","responsecode":200},{"latitude":"13.178099999999999","longitude":"77.63719","responsecode":200},{"latitude":"13.178199999999999","longitude":"77.63725000000001","responsecode":200},{"latitude":"13.178279999999999","longitude":"77.63731000000001","responsecode":200},{"latitude":"13.17841","longitude":"77.63744000000001","responsecode":200},{"latitude":"13.17854","longitude":"77.63758000000001","responsecode":200},{"latitude":"13.178749999999999","longitude":"77.63777000000002","responsecode":200},{"latitude":"13.179219999999999","longitude":"77.63812000000001","responsecode":200},{"latitude":"13.179889999999999","longitude":"77.63861000000001","responsecode":200},{"latitude":"13.179969999999999","longitude":"77.63868000000001","responsecode":200},{"latitude":"13.180019999999999","longitude":"77.63873000000001","responsecode":200},{"latitude":"13.18006","longitude":"77.63879000000001","responsecode":200},{"latitude":"13.18009","longitude":"77.63885000000002","responsecode":200},{"latitude":"13.18012","longitude":"77.63893000000002","responsecode":200},{"latitude":"13.18013","longitude":"77.63905000000001","responsecode":200},{"latitude":"13.18014","longitude":"77.63922000000001","responsecode":200},{"latitude":"13.18017","longitude":"77.6397","responsecode":200},{"latitude":"13.18018","longitude":"77.63989000000001","responsecode":200},{"latitude":"13.18019","longitude":"77.64016000000001","responsecode":200},{"latitude":"13.180209999999999","longitude":"77.64038000000001","responsecode":200},{"latitude":"13.180229999999998","longitude":"77.64052000000001","responsecode":200},{"latitude":"13.180339999999998","longitude":"77.64089000000001","responsecode":200},{"latitude":"13.180469999999998","longitude":"77.64130000000002","responsecode":200},{"latitude":"13.180529999999997","longitude":"77.64158000000002","responsecode":200},{"latitude":"13.180579999999997","longitude":"77.64187000000003","responsecode":200},{"latitude":"13.180589999999997","longitude":"77.64198000000003","responsecode":200},{"latitude":"13.180600999999998","longitude":"77.64210300000003","responsecode":200},{"latitude":"13.180601","longitude":"77.642103","responsecode":200},{"latitude":"13.18061","longitude":"77.6422","responsecode":200},{"latitude":"13.18061","longitude":"77.64244000000001","responsecode":200},{"latitude":"13.18059","longitude":"77.64268000000001","responsecode":200},{"latitude":"13.180570000000001","longitude":"77.64286000000001","responsecode":200},{"latitude":"13.180500000000002","longitude":"77.64318000000002","responsecode":200},{"latitude":"13.180450000000002","longitude":"77.64337000000002","responsecode":200},{"latitude":"13.180360000000002","longitude":"77.64369000000002","responsecode":200},{"latitude":"13.180300000000003","longitude":"77.64386000000002","responsecode":200},{"latitude":"13.180100000000003","longitude":"77.64433000000002","responsecode":200},{"latitude":"13.180050000000003","longitude":"77.64448000000003","responsecode":200},{"latitude":"13.179780000000003","longitude":"77.64524000000003","responsecode":200},{"latitude":"13.179690000000003","longitude":"77.64554000000003","responsecode":200},{"latitude":"13.179590000000003","longitude":"77.64587000000003","responsecode":200},{"latitude":"13.179520000000004","longitude":"77.64616000000004","responsecode":200},{"latitude":"13.179460000000004","longitude":"77.64638000000004","responsecode":200},{"latitude":"13.179370000000004","longitude":"77.64664000000003","responsecode":200},{"latitude":"13.179330000000004","longitude":"77.64675000000004","responsecode":200},{"latitude":"13.178920000000003","longitude":"77.64770000000004","responsecode":200},{"latitude":"13.178830000000003","longitude":"77.64792000000004","responsecode":200},{"latitude":"13.178770000000004","longitude":"77.64809000000004","responsecode":200},{"latitude":"13.178680000000004","longitude":"77.64843000000003","responsecode":200},{"latitude":"13.178620000000004","longitude":"77.64864000000003","responsecode":200},{"latitude":"13.178580000000004","longitude":"77.64878000000003","responsecode":200},{"latitude":"13.178540000000003","longitude":"77.64895000000003","responsecode":200},{"latitude":"13.178490000000004","longitude":"77.64917000000003","responsecode":200},{"latitude":"13.178450000000003","longitude":"77.64931000000003","responsecode":200},{"latitude":"13.178420000000003","longitude":"77.64939000000003","responsecode":200},{"latitude":"13.178390000000002","longitude":"77.64945000000003","responsecode":200},{"latitude":"13.178350000000002","longitude":"77.64949000000003","responsecode":200},{"latitude":"13.178290000000002","longitude":"77.64953000000003","responsecode":200},{"latitude":"13.178010000000002","longitude":"77.64965000000002","responsecode":200},{"latitude":"13.177970000000002","longitude":"77.64968000000002","responsecode":200},{"latitude":"13.177920000000002","longitude":"77.64973000000002","responsecode":200},{"latitude":"13.177890000000001","longitude":"77.64978000000002","responsecode":200},{"latitude":"13.17786","longitude":"77.64984000000003","responsecode":200},{"latitude":"13.177840000000002","longitude":"77.64990000000003","responsecode":200},{"latitude":"13.177820000000002","longitude":"77.64998000000003","responsecode":200},{"latitude":"13.177710000000003","longitude":"77.65067000000003","responsecode":200},{"latitude":"13.177650000000003","longitude":"77.65120000000003","responsecode":200},{"latitude":"13.177610000000003","longitude":"77.65212000000002","responsecode":200},{"latitude":"13.177590000000004","longitude":"77.65261000000002","responsecode":200},{"latitude":"13.177580000000004","longitude":"77.65295000000002","responsecode":200},{"latitude":"13.177590000000004","longitude":"77.65316000000001","responsecode":200},{"latitude":"13.177580000000004","longitude":"77.65322000000002","responsecode":200},{"latitude":"13.177570000000005","longitude":"77.65325000000001","responsecode":200},{"latitude":"13.177540000000004","longitude":"77.65329000000001","responsecode":200},{"latitude":"13.177500000000004","longitude":"77.65332000000001","responsecode":200},{"latitude":"13.177450000000004","longitude":"77.65335","responsecode":200},{"latitude":"13.177410000000004","longitude":"77.65336","responsecode":200},{"latitude":"13.177370000000003","longitude":"77.65336","responsecode":200},{"latitude":"13.177356000000003","longitude":"77.653356","responsecode":200},{"latitude":"13.177356","longitude":"77.653356","responsecode":200},{"latitude":"13.17719","longitude":"77.65331","responsecode":200},{"latitude":"13.1768","longitude":"77.65322","responsecode":200},{"latitude":"13.176730000000001","longitude":"77.6532","responsecode":200},{"latitude":"13.17665","longitude":"77.65317","responsecode":200},{"latitude":"13.17656","longitude":"77.65313","responsecode":200},{"latitude":"13.176490000000001","longitude":"77.65322","responsecode":200},{"latitude":"13.17646","longitude":"77.65327","responsecode":200},{"latitude":"13.176440000000001","longitude":"77.65334","responsecode":200},{"latitude":"13.17641","longitude":"77.65345","responsecode":200},{"latitude":"13.17637","longitude":"77.65353","responsecode":200},{"latitude":"13.17632","longitude":"77.6536","responsecode":200},{"latitude":"13.176260000000001","longitude":"77.65366","responsecode":200},{"latitude":"13.17614","longitude":"77.65377000000001","responsecode":200},{"latitude":"13.17606","longitude":"77.65386000000001","responsecode":200},{"latitude":"13.176","longitude":"77.65396000000001","responsecode":200},{"latitude":"13.17597","longitude":"77.65405000000001","responsecode":200},{"latitude":"13.17596","longitude":"77.65410000000001","responsecode":200},{"latitude":"13.17595","longitude":"77.65419000000001","responsecode":200},{"latitude":"13.17594","longitude":"77.65439000000002","responsecode":200},{"latitude":"13.175930000000001","longitude":"77.65478000000002","responsecode":200},{"latitude":"13.175920000000001","longitude":"77.65516000000002","responsecode":200},{"latitude":"13.175920000000001","longitude":"77.65550000000002","responsecode":200},{"latitude":"13.175930000000001","longitude":"77.65560000000002","responsecode":200},{"latitude":"13.175960000000002","longitude":"77.65572000000002","responsecode":200},{"latitude":"13.176010000000002","longitude":"77.65584000000001","responsecode":200},{"latitude":"13.176050000000002","longitude":"77.65593000000001","responsecode":200},{"latitude":"13.176070000000001","longitude":"77.65599000000002","responsecode":200},{"latitude":"13.17608","longitude":"77.65606000000001","responsecode":200},{"latitude":"13.17609","longitude":"77.65619000000001","responsecode":200},{"latitude":"13.1761","longitude":"77.65677000000001","responsecode":200},{"latitude":"13.17608","longitude":"77.65848000000001","responsecode":200},{"latitude":"13.17608","longitude":"77.65889000000001","responsecode":200},{"latitude":"13.176070000000001","longitude":"77.65929000000001","responsecode":200},{"latitude":"13.176070000000001","longitude":"77.66023000000001","responsecode":200},{"latitude":"13.17608","longitude":"77.66089000000001","responsecode":200},{"latitude":"13.176110000000001","longitude":"77.66128","responsecode":200},{"latitude":"13.17613","longitude":"77.66153","responsecode":200},{"latitude":"13.17617","longitude":"77.66183","responsecode":200},{"latitude":"13.17622","longitude":"77.66211","responsecode":200},{"latitude":"13.17633","longitude":"77.66282","responsecode":200},{"latitude":"13.17636","longitude":"77.66297999999999","responsecode":200},{"latitude":"13.17638","longitude":"77.66305999999999","responsecode":200},{"latitude":"13.17641","longitude":"77.66311999999999","responsecode":200},{"latitude":"13.17645","longitude":"77.66317","responsecode":200},{"latitude":"13.1765","longitude":"77.66322","responsecode":200},{"latitude":"13.17665","longitude":"77.66332","responsecode":200},{"latitude":"13.177","longitude":"77.66352","responsecode":200},{"latitude":"13.17712","longitude":"77.66359","responsecode":200},{"latitude":"13.17727","longitude":"77.66373","responsecode":200},{"latitude":"13.17732","longitude":"77.66379","responsecode":200},{"latitude":"13.1774","longitude":"77.66392","responsecode":200},{"latitude":"13.177480000000001","longitude":"77.66407000000001","responsecode":200},{"latitude":"13.177570000000001","longitude":"77.66423","responsecode":200},{"latitude":"13.177610000000001","longitude":"77.66431","responsecode":200},{"latitude":"13.177700000000002","longitude":"77.6645","responsecode":200},{"latitude":"13.177830000000002","longitude":"77.66477","responsecode":200},{"latitude":"13.177860000000003","longitude":"77.66483000000001","responsecode":200},{"latitude":"13.177930000000002","longitude":"77.66501000000001","responsecode":200},{"latitude":"13.177970000000002","longitude":"77.66509","responsecode":200},{"latitude":"13.178140000000003","longitude":"77.66539","responsecode":200},{"latitude":"13.178320000000003","longitude":"77.66569","responsecode":200},{"latitude":"13.178400000000003","longitude":"77.66583","responsecode":200},{"latitude":"13.178500000000003","longitude":"77.66598","responsecode":200},{"latitude":"13.178570000000002","longitude":"77.66607","responsecode":200},{"latitude":"13.178640000000001","longitude":"77.66615","responsecode":200},{"latitude":"13.17885","longitude":"77.66637","responsecode":200},{"latitude":"13.179020000000001","longitude":"77.66653","responsecode":200},{"latitude":"13.179060000000002","longitude":"77.66658","responsecode":200},{"latitude":"13.179100000000002","longitude":"77.66666","responsecode":200},{"latitude":"13.179140000000002","longitude":"77.66678999999999","responsecode":200},{"latitude":"13.179170000000003","longitude":"77.66687999999999","responsecode":200},{"latitude":"13.17917","longitude":"77.66688","responsecode":200},{"latitude":"13.1792","longitude":"77.66694000000001","responsecode":200},{"latitude":"13.17924","longitude":"77.66699000000001","responsecode":200},{"latitude":"13.17929","longitude":"77.66703000000001","responsecode":200},{"latitude":"13.17948","longitude":"77.66714000000002","responsecode":200},{"latitude":"13.17957","longitude":"77.66718000000002","responsecode":200},{"latitude":"13.17965","longitude":"77.66720000000002","responsecode":200},{"latitude":"13.17975","longitude":"77.66722000000003","responsecode":200},{"latitude":"13.17984","longitude":"77.66723000000003","responsecode":200},{"latitude":"13.18","longitude":"77.66725000000004","responsecode":200},{"latitude":"13.180209999999999","longitude":"77.66728000000003","responsecode":200},{"latitude":"13.18034","longitude":"77.66731000000003","responsecode":200},{"latitude":"13.180449999999999","longitude":"77.66734000000002","responsecode":200},{"latitude":"13.18062","longitude":"77.66739000000003","responsecode":200},{"latitude":"13.181009999999999","longitude":"77.66750000000003","responsecode":200},{"latitude":"13.181099999999999","longitude":"77.66753000000003","responsecode":200},{"latitude":"13.181159999999998","longitude":"77.66757000000003","responsecode":200},{"latitude":"13.181189999999999","longitude":"77.66762000000003","responsecode":200},{"latitude":"13.181199999999999","longitude":"77.66768000000003","responsecode":200},{"latitude":"13.181189999999999","longitude":"77.66775000000003","responsecode":200},{"latitude":"13.181149999999999","longitude":"77.66789000000003","responsecode":200},{"latitude":"13.181109999999999","longitude":"77.66804000000003","responsecode":200},{"latitude":"13.18109","longitude":"77.66814000000004","responsecode":200},{"latitude":"13.18107","longitude":"77.66827000000004","responsecode":200},{"latitude":"13.18105","longitude":"77.66842000000004","responsecode":200},{"latitude":"13.18105","longitude":"77.66854000000004","responsecode":200},{"latitude":"13.18106","longitude":"77.66869000000004","responsecode":200},{"latitude":"13.18113","longitude":"77.66951000000005","responsecode":200},{"latitude":"13.181149999999999","longitude":"77.66960000000005","responsecode":200},{"latitude":"13.181189999999999","longitude":"77.66971000000005","responsecode":200},{"latitude":"13.181329999999999","longitude":"77.66997000000005","responsecode":200},{"latitude":"13.18142","longitude":"77.67014000000005","responsecode":200},{"latitude":"13.181479999999999","longitude":"77.67025000000005","responsecode":200},{"latitude":"13.181569999999999","longitude":"77.67044000000006","responsecode":200},{"latitude":"13.18174","longitude":"77.67087000000005","responsecode":200},{"latitude":"13.18177","longitude":"77.67097000000005","responsecode":200},{"latitude":"13.18179","longitude":"77.67110000000005","responsecode":200},{"latitude":"13.181809999999999","longitude":"77.67129000000006","responsecode":200},{"latitude":"13.181829999999998","longitude":"77.67165000000006","responsecode":200},{"latitude":"13.181839999999998","longitude":"77.67262000000005","responsecode":200},{"latitude":"13.181849999999997","longitude":"77.67271000000005","responsecode":200},{"latitude":"13.181869999999996","longitude":"77.67279000000005","responsecode":200},{"latitude":"13.181899999999997","longitude":"77.67286000000004","responsecode":200},{"latitude":"13.181949999999997","longitude":"77.67291000000004","responsecode":200},{"latitude":"13.182029999999997","longitude":"77.67295000000004","responsecode":200},{"latitude":"13.182129999999997","longitude":"77.67298000000004","responsecode":200},{"latitude":"13.182289999999997","longitude":"77.67301000000003","responsecode":200},{"latitude":"13.182389999999996","longitude":"77.67303000000004","responsecode":200},{"latitude":"13.182449999999996","longitude":"77.67305000000005","responsecode":200},{"latitude":"13.182489999999996","longitude":"77.67307000000005","responsecode":200},{"latitude":"13.18249","longitude":"77.67307","responsecode":200},{"latitude":"13.18249","longitude":"77.67307","responsecode":200},{"latitude":"13.18252","longitude":"77.67312","responsecode":200},{"latitude":"13.18254","longitude":"77.6732","responsecode":200},{"latitude":"13.18254","longitude":"77.6734","responsecode":200},{"latitude":"13.18254","longitude":"77.67358","responsecode":200},{"latitude":"13.18253","longitude":"77.67379","responsecode":200},{"latitude":"13.18252","longitude":"77.67399","responsecode":200},{"latitude":"13.18252","longitude":"77.67423000000001","responsecode":200},{"latitude":"13.18252","longitude":"77.67433000000001","responsecode":200},{"latitude":"13.18253","longitude":"77.67443000000002","responsecode":200},{"latitude":"13.182549999999999","longitude":"77.67451000000001","responsecode":200},{"latitude":"13.182599999999999","longitude":"77.67468000000001","responsecode":200},{"latitude":"13.182659999999998","longitude":"77.67484","responsecode":200},{"latitude":"13.182799999999999","longitude":"77.67518","responsecode":200},{"latitude":"13.18283","longitude":"77.67527","responsecode":200},{"latitude":"13.182849999999998","longitude":"77.67536","responsecode":200},{"latitude":"13.182859999999998","longitude":"77.67545","responsecode":200},{"latitude":"13.182859999999998","longitude":"77.67593","responsecode":200},{"latitude":"13.182869999999998","longitude":"77.67622999999999","responsecode":200},{"latitude":"13.182879999999997","longitude":"77.67631999999999","responsecode":200},{"latitude":"13.182909999999998","longitude":"77.67647","responsecode":200},{"latitude":"13.182979999999997","longitude":"77.67658999999999","responsecode":200},{"latitude":"13.183049999999996","longitude":"77.67666999999999","responsecode":200},{"latitude":"13.183079999999997","longitude":"77.67674999999998","responsecode":200},{"latitude":"13.183129999999997","longitude":"77.67718999999998","responsecode":200},{"latitude":"13.183189999999996","longitude":"77.67765999999999","responsecode":200},{"latitude":"13.183239999999996","longitude":"77.67811999999999","responsecode":200},{"latitude":"13.183279999999996","longitude":"77.67855999999999","responsecode":200},{"latitude":"13.183319999999997","longitude":"77.67891999999999","responsecode":200},{"latitude":"13.183349999999997","longitude":"77.67912999999999","responsecode":200},{"latitude":"13.183399999999997","longitude":"77.67931999999999","responsecode":200},{"latitude":"13.183519999999998","longitude":"77.67958999999999","responsecode":200},{"latitude":"13.183559999999998","longitude":"77.67969","responsecode":200},{"latitude":"13.18356","longitude":"77.67969","responsecode":200},{"latitude":"13.18356","longitude":"77.67969","responsecode":200},{"latitude":"13.1836","longitude":"77.67981999999999","responsecode":200},{"latitude":"13.18362","longitude":"77.67992","responsecode":200},{"latitude":"13.183629999999999","longitude":"77.68006","responsecode":200},{"latitude":"13.183629999999999","longitude":"77.68041","responsecode":200},{"latitude":"13.183629999999999","longitude":"77.68072","responsecode":200},{"latitude":"13.18362","longitude":"77.68088999999999","responsecode":200},{"latitude":"13.183629999999999","longitude":"77.68109","responsecode":200},{"latitude":"13.183649999999998","longitude":"77.68123","responsecode":200},{"latitude":"13.183669999999998","longitude":"77.68137","responsecode":200},{"latitude":"13.183709999999998","longitude":"77.68152","responsecode":200},{"latitude":"13.183729999999997","longitude":"77.68162000000001","responsecode":200},{"latitude":"13.183739999999997","longitude":"77.68173000000002","responsecode":200},{"latitude":"13.183749999999996","longitude":"77.68184000000002","responsecode":200},{"latitude":"13.183749999999996","longitude":"77.68191000000002","responsecode":200},{"latitude":"13.183729999999997","longitude":"77.68206000000002","responsecode":200},{"latitude":"13.183669999999998","longitude":"77.68277000000002","responsecode":200},{"latitude":"13.183669999999998","longitude":"77.68302000000001","responsecode":200},{"latitude":"13.183679999999997","longitude":"77.68327000000001","responsecode":200},{"latitude":"13.183689999999997","longitude":"77.68344","responsecode":200},{"latitude":"13.183739999999997","longitude":"77.68407","responsecode":200},{"latitude":"13.183799999999996","longitude":"77.68457000000001","responsecode":200},{"latitude":"13.183829999999997","longitude":"77.68494000000001","responsecode":200},{"latitude":"13.183879999999997","longitude":"77.68558000000002","responsecode":200},{"latitude":"13.183899999999996","longitude":"77.68605000000002","responsecode":200},{"latitude":"13.183909999999996","longitude":"77.68626000000002","responsecode":200},{"latitude":"13.183929999999995","longitude":"77.68674000000001","responsecode":200},{"latitude":"13.183959999999995","longitude":"77.68734000000002","responsecode":200},{"latitude":"13.183969999999995","longitude":"77.68769000000002","responsecode":200},{"latitude":"13.183969999999995","longitude":"77.68778000000002","responsecode":200},{"latitude":"13.183949999999996","longitude":"77.68798000000002","responsecode":200},{"latitude":"13.183909999999996","longitude":"77.68807000000002","responsecode":200},{"latitude":"13.183904999999996","longitude":"77.68816800000002","responsecode":200},{"latitude":"13.183905","longitude":"77.688168","responsecode":200},{"latitude":"13.1839","longitude":"77.68827","responsecode":200},{"latitude":"13.1839","longitude":"77.68844","responsecode":200},{"latitude":"13.18391","longitude":"77.68871","responsecode":200},{"latitude":"13.183919999999999","longitude":"77.68889","responsecode":200},{"latitude":"13.183939999999998","longitude":"77.68901","responsecode":200},{"latitude":"13.183959999999997","longitude":"77.6891","responsecode":200},{"latitude":"13.183989999999998","longitude":"77.6892","responsecode":200},{"latitude":"13.184029999999998","longitude":"77.68931","responsecode":200},{"latitude":"13.184079999999998","longitude":"77.68942000000001","responsecode":200},{"latitude":"13.184159999999999","longitude":"77.68957000000002","responsecode":200},{"latitude":"13.18428","longitude":"77.68983000000001","responsecode":200},{"latitude":"13.18432","longitude":"77.68995000000001","responsecode":200},{"latitude":"13.184339999999999","longitude":"77.69004000000001","responsecode":200},{"latitude":"13.184349999999998","longitude":"77.69019000000002","responsecode":200},{"latitude":"13.184399999999998","longitude":"77.69028000000002","responsecode":200},{"latitude":"13.184409999999998","longitude":"77.69035000000001","responsecode":200},{"latitude":"13.184419999999998","longitude":"77.69056","responsecode":200},{"latitude":"13.184419999999998","longitude":"77.69072","responsecode":200},{"latitude":"13.184429999999997","longitude":"77.69113","responsecode":200},{"latitude":"13.184439999999997","longitude":"77.69137","responsecode":200},{"latitude":"13.184449999999996","longitude":"77.69151000000001","responsecode":200},{"latitude":"13.184459999999996","longitude":"77.69159","responsecode":200},{"latitude":"13.184589999999996","longitude":"77.69248","responsecode":200},{"latitude":"13.184619999999997","longitude":"77.69279","responsecode":200},{"latitude":"13.184639999999996","longitude":"77.69297","responsecode":200},{"latitude":"13.184659999999996","longitude":"77.69322","responsecode":200},{"latitude":"13.184659999999996","longitude":"77.69358","responsecode":200},{"latitude":"13.184609999999996","longitude":"77.69403","responsecode":200},{"latitude":"13.184579999999995","longitude":"77.69418","responsecode":200},{"latitude":"13.184519999999996","longitude":"77.69448","responsecode":200},{"latitude":"13.184469999999996","longitude":"77.69472","responsecode":200},{"latitude":"13.184279999999996","longitude":"77.69549","responsecode":200},{"latitude":"13.184209999999997","longitude":"77.69578000000001","responsecode":200},{"latitude":"13.184179999999996","longitude":"77.69585000000001","responsecode":200},{"latitude":"13.184139999999996","longitude":"77.69589","responsecode":200},{"latitude":"13.184059999999995","longitude":"77.69607","responsecode":200},{"latitude":"13.184189999999996","longitude":"77.69617000000001","responsecode":200},{"latitude":"13.184299999999995","longitude":"77.69625","responsecode":200},{"latitude":"13.184459999999994","longitude":"77.69635000000001","responsecode":200},{"latitude":"13.184599999999994","longitude":"77.69643","responsecode":200},{"latitude":"13.184759999999994","longitude":"77.69652","responsecode":200},{"latitude":"13.185069999999994","longitude":"77.69668","responsecode":200},{"latitude":"13.185229999999994","longitude":"77.69677","responsecode":200},{"latitude":"13.185329999999993","longitude":"77.69683","responsecode":200},{"latitude":"13.185409999999994","longitude":"77.69689000000001","responsecode":200},{"latitude":"13.185469999999993","longitude":"77.69695000000002","responsecode":200},{"latitude":"13.18547","longitude":"77.69695","responsecode":200},{"latitude":"13.18547","longitude":"77.69695","responsecode":200}],"Message":"Success","Issuccess":true,"exception":null,"RowCount":1195,"responsecode":200}