{"data":[{"latitude":"12.913724","longitude":"77.788799","responsecode":200},{"latitude":"12.91372","longitude":"77.78887999999999","responsecode":200},{"latitude":"12.91347","longitude":"77.79029","responsecode":200},{"latitude":"12.91325","longitude":"77.79178999999999","responsecode":200},{"latitude":"12.91312","longitude":"77.79263999999999","responsecode":200},{"latitude":"12.91303","longitude":"77.79306999999999","responsecode":200},{"latitude":"12.912889999999999","longitude":"77.79397999999999","responsecode":200},{"latitude":"12.91278","longitude":"77.79445","responsecode":200},{"latitude":"12.91278","longitude":"77.79445","responsecode":200},{"latitude":"12.91278","longitude":"77.79445","responsecode":200},{"latitude":"12.912989999999999","longitude":"77.79451999999999","responsecode":200},{"latitude":"12.91358","longitude":"77.79472999999999","responsecode":200},{"latitude":"12.91492","longitude":"77.79516999999998","responsecode":200},{"latitude":"12.91519","longitude":"77.79525999999998","responsecode":200},{"latitude":"12.91543","longitude":"77.79533999999998","responsecode":200},{"latitude":"12.91567","longitude":"77.79541999999998","responsecode":200},{"latitude":"12.91613","longitude":"77.79559999999998","responsecode":200},{"latitude":"12.91648","longitude":"77.79572999999998","responsecode":200},{"latitude":"12.91667","longitude":"77.79580999999997","responsecode":200},{"latitude":"12.91686","longitude":"77.79588999999997","responsecode":200},{"latitude":"12.9173","longitude":"77.79608999999998","responsecode":200},{"latitude":"12.917369999999998","longitude":"77.79611999999997","responsecode":200},{"latitude":"12.917539999999999","longitude":"77.79618999999997","responsecode":200},{"latitude":"12.917679999999999","longitude":"77.79623999999997","responsecode":200},{"latitude":"12.917769999999999","longitude":"77.79613999999997","responsecode":200},{"latitude":"12.917829999999999","longitude":"77.79605299999997","responsecode":200},{"latitude":"12.91783","longitude":"77.796053","responsecode":200},{"latitude":"12.917860000000001","longitude":"77.79601","responsecode":200},{"latitude":"12.91802","longitude":"77.79574","responsecode":200},{"latitude":"12.91824","longitude":"77.7954","responsecode":200},{"latitude":"12.918420000000001","longitude":"77.79513","responsecode":200},{"latitude":"12.91858","longitude":"77.79487","responsecode":200},{"latitude":"12.91886","longitude":"77.79445","responsecode":200},{"latitude":"12.91891","longitude":"77.79437","responsecode":200},{"latitude":"12.91912","longitude":"77.79405","responsecode":200},{"latitude":"12.919329999999999","longitude":"77.79373","responsecode":200},{"latitude":"12.919469999999999","longitude":"77.79354","responsecode":200},{"latitude":"12.91964","longitude":"77.79332","responsecode":200},{"latitude":"12.91977","longitude":"77.79315","responsecode":200},{"latitude":"12.9199","longitude":"77.79299","responsecode":200},{"latitude":"12.91998","longitude":"77.79288","responsecode":200},{"latitude":"12.92003","longitude":"77.79279","responsecode":200},{"latitude":"12.920060000000001","longitude":"77.79269","responsecode":200},{"latitude":"12.92008","longitude":"77.79258999999999","responsecode":200},{"latitude":"12.9201","longitude":"77.79248999999999","responsecode":200},{"latitude":"12.92011","longitude":"77.79237999999998","responsecode":200},{"latitude":"12.920129999999999","longitude":"77.79226999999997","responsecode":200},{"latitude":"12.920169999999999","longitude":"77.79214999999998","responsecode":200},{"latitude":"12.92025","longitude":"77.79188999999998","responsecode":200},{"latitude":"12.92038","longitude":"77.79157999999998","responsecode":200},{"latitude":"12.92049","longitude":"77.79126999999998","responsecode":200},{"latitude":"12.920599999999999","longitude":"77.79099999999998","responsecode":200},{"latitude":"12.920659999999998","longitude":"77.79083999999999","responsecode":200},{"latitude":"12.920689999999999","longitude":"77.79072999999998","responsecode":200},{"latitude":"12.92072","longitude":"77.79058999999998","responsecode":200},{"latitude":"12.92075","longitude":"77.79042999999999","responsecode":200},{"latitude":"12.92077","longitude":"77.79027999999998","responsecode":200},{"latitude":"12.920779999999999","longitude":"77.79011999999999","responsecode":200},{"latitude":"12.920779999999999","longitude":"77.78999999999999","responsecode":200},{"latitude":"12.92076","longitude":"77.78989999999999","responsecode":200},{"latitude":"12.92074","longitude":"77.78976999999999","responsecode":200},{"latitude":"12.920720000000001","longitude":"77.78956999999998","responsecode":200},{"latitude":"12.920720000000001","longitude":"77.78929999999998","responsecode":200},{"latitude":"12.92073","longitude":"77.78903999999999","responsecode":200},{"latitude":"12.92075","longitude":"77.78882999999999","responsecode":200},{"latitude":"12.92078","longitude":"77.78868999999999","responsecode":200},{"latitude":"12.92082","longitude":"77.78855999999999","responsecode":200},{"latitude":"12.92087","longitude":"77.78842999999999","responsecode":200},{"latitude":"12.92092","longitude":"77.78827999999999","responsecode":200},{"latitude":"12.92097","longitude":"77.78811999999999","responsecode":200},{"latitude":"12.921000000000001","longitude":"77.78802999999999","responsecode":200},{"latitude":"12.921040000000001","longitude":"77.78796999999999","responsecode":200},{"latitude":"12.921100000000001","longitude":"77.78791999999999","responsecode":200},{"latitude":"12.92117","longitude":"77.78788999999999","responsecode":200},{"latitude":"12.92127","longitude":"77.78786","responsecode":200},{"latitude":"12.9214","longitude":"77.78784999999999","responsecode":200},{"latitude":"12.9216","longitude":"77.78787999999999","responsecode":200},{"latitude":"12.92178","longitude":"77.78790999999998","responsecode":200},{"latitude":"12.92199","longitude":"77.78796999999999","responsecode":200},{"latitude":"12.92208","longitude":"77.78799","responsecode":200},{"latitude":"12.922139999999999","longitude":"77.788","responsecode":200},{"latitude":"12.922279999999999","longitude":"77.78802","responsecode":200},{"latitude":"12.922349999999998","longitude":"77.78802","responsecode":200},{"latitude":"12.922449999999998","longitude":"77.78802","responsecode":200},{"latitude":"12.922609999999997","longitude":"77.78802","responsecode":200},{"latitude":"12.922909999999996","longitude":"77.788","responsecode":200},{"latitude":"12.922989999999997","longitude":"77.788","responsecode":200},{"latitude":"12.923049999999996","longitude":"77.78797999999999","responsecode":200},{"latitude":"12.923109999999996","longitude":"77.78795","responsecode":200},{"latitude":"12.923169999999995","longitude":"77.78792","responsecode":200},{"latitude":"12.923199999999996","longitude":"77.78786","responsecode":200},{"latitude":"12.923239999999996","longitude":"77.78779999999999","responsecode":200},{"latitude":"12.923399999999996","longitude":"77.78755999999998","responsecode":200},{"latitude":"12.923619999999996","longitude":"77.78722999999998","responsecode":200},{"latitude":"12.923749999999997","longitude":"77.78700999999998","responsecode":200},{"latitude":"12.923769999999996","longitude":"77.78697999999999","responsecode":200},{"latitude":"12.923869999999996","longitude":"77.78682999999998","responsecode":200},{"latitude":"12.923969999999995","longitude":"77.78664999999998","responsecode":200},{"latitude":"12.924029999999995","longitude":"77.78651999999998","responsecode":200},{"latitude":"12.924069999999995","longitude":"77.78640999999998","responsecode":200},{"latitude":"12.924089999999994","longitude":"77.78635999999997","responsecode":200},{"latitude":"12.924129999999995","longitude":"77.78620999999997","responsecode":200},{"latitude":"12.924159999999995","longitude":"77.78607999999997","responsecode":200},{"latitude":"12.924169999999995","longitude":"77.78595999999997","responsecode":200},{"latitude":"12.924189999999994","longitude":"77.78584999999997","responsecode":200},{"latitude":"12.924199999999994","longitude":"77.78575999999997","responsecode":200},{"latitude":"12.924209999999993","longitude":"77.78565999999996","responsecode":200},{"latitude":"12.924239999999994","longitude":"77.78554999999996","responsecode":200},{"latitude":"12.92424","longitude":"77.78555","responsecode":200},{"latitude":"12.92424","longitude":"77.78555","responsecode":200},{"latitude":"12.924299999999999","longitude":"77.78544","responsecode":200},{"latitude":"12.924369999999998","longitude":"77.78537","responsecode":200},{"latitude":"12.924439999999997","longitude":"77.78531","responsecode":200},{"latitude":"12.924509999999996","longitude":"77.78522","responsecode":200},{"latitude":"12.925589999999996","longitude":"77.78375","responsecode":200},{"latitude":"12.925919999999996","longitude":"77.78316","responsecode":200},{"latitude":"12.926029999999995","longitude":"77.78291","responsecode":200},{"latitude":"12.926489999999996","longitude":"77.78190000000001","responsecode":200},{"latitude":"12.926500999999996","longitude":"77.78187500000001","responsecode":200},{"latitude":"12.926501","longitude":"77.781875","responsecode":200},{"latitude":"12.92652","longitude":"77.78183","responsecode":200},{"latitude":"12.92657","longitude":"77.78177","responsecode":200},{"latitude":"12.92663","longitude":"77.78174999999999","responsecode":200},{"latitude":"12.926699999999999","longitude":"77.78173999999999","responsecode":200},{"latitude":"12.926769999999998","longitude":"77.78166999999999","responsecode":200},{"latitude":"12.926809999999998","longitude":"77.78159","responsecode":200},{"latitude":"12.926979999999999","longitude":"77.78107999999999","responsecode":200},{"latitude":"12.927059999999999","longitude":"77.78087999999998","responsecode":200},{"latitude":"12.927129999999998","longitude":"77.78074999999998","responsecode":200},{"latitude":"12.927209999999999","longitude":"77.78063999999998","responsecode":200},{"latitude":"12.927279999999998","longitude":"77.78055999999998","responsecode":200},{"latitude":"12.927389999999997","longitude":"77.78042999999998","responsecode":200},{"latitude":"12.927459999999996","longitude":"77.78028999999998","responsecode":200},{"latitude":"12.927509999999996","longitude":"77.78011999999998","responsecode":200},{"latitude":"12.927649999999996","longitude":"77.77946999999999","responsecode":200},{"latitude":"12.927809999999996","longitude":"77.77870999999999","responsecode":200},{"latitude":"12.927859999999995","longitude":"77.77843999999999","responsecode":200},{"latitude":"12.927979999999996","longitude":"77.77781999999999","responsecode":200},{"latitude":"12.928009999999997","longitude":"77.77753999999999","responsecode":200},{"latitude":"12.928019999999997","longitude":"77.77727999999999","responsecode":200},{"latitude":"12.928009999999997","longitude":"77.77703999999999","responsecode":200},{"latitude":"12.928009999999997","longitude":"77.77679999999998","responsecode":200},{"latitude":"12.927989999999998","longitude":"77.77665999999998","responsecode":200},{"latitude":"12.927939999999998","longitude":"77.77650999999997","responsecode":200},{"latitude":"12.927889999999998","longitude":"77.77637999999997","responsecode":200},{"latitude":"12.927859999999997","longitude":"77.77623999999997","responsecode":200},{"latitude":"12.927849999999998","longitude":"77.77606999999998","responsecode":200},{"latitude":"12.927851999999998","longitude":"77.77603999999998","responsecode":200},{"latitude":"12.927852","longitude":"77.77604","responsecode":200},{"latitude":"12.927859999999999","longitude":"77.77593999999999","responsecode":200},{"latitude":"12.92785","longitude":"77.77579999999999","responsecode":200},{"latitude":"12.927859999999999","longitude":"77.77562999999999","responsecode":200},{"latitude":"12.92785","longitude":"77.77542999999999","responsecode":200},{"latitude":"12.9278","longitude":"77.77504999999998","responsecode":200},{"latitude":"12.92778","longitude":"77.77485999999998","responsecode":200},{"latitude":"12.9278","longitude":"77.77461999999997","responsecode":200},{"latitude":"12.92785","longitude":"77.77437999999997","responsecode":200},{"latitude":"12.928009999999999","longitude":"77.77371999999997","responsecode":200},{"latitude":"12.92832","longitude":"77.77264999999997","responsecode":200},{"latitude":"12.928379999999999","longitude":"77.77236999999997","responsecode":200},{"latitude":"12.929269999999999","longitude":"77.76894999999996","responsecode":200},{"latitude":"12.92945","longitude":"77.76800999999996","responsecode":200},{"latitude":"12.92949","longitude":"77.76774999999996","responsecode":200},{"latitude":"12.929599999999999","longitude":"77.76714999999996","responsecode":200},{"latitude":"12.92964","longitude":"77.76693999999996","responsecode":200},{"latitude":"12.92973","longitude":"77.76642999999996","responsecode":200},{"latitude":"12.92977","longitude":"77.76622999999995","responsecode":200},{"latitude":"12.929829999999999","longitude":"77.76597999999996","responsecode":200},{"latitude":"12.929889999999999","longitude":"77.76578999999995","responsecode":200},{"latitude":"12.92989","longitude":"77.76579","responsecode":200},{"latitude":"12.92989","longitude":"77.76579","responsecode":200},{"latitude":"12.92996","longitude":"77.76558999999999","responsecode":200},{"latitude":"12.93005","longitude":"77.76535999999999","responsecode":200},{"latitude":"12.93014","longitude":"77.76514999999999","responsecode":200},{"latitude":"12.93017","longitude":"77.76508","responsecode":200},{"latitude":"12.9304","longitude":"77.76460999999999","responsecode":200},{"latitude":"12.93049","longitude":"77.7644","responsecode":200},{"latitude":"12.93102","longitude":"77.7633","responsecode":200},{"latitude":"12.93112","longitude":"77.7631","responsecode":200},{"latitude":"12.93125","longitude":"77.76284","responsecode":200},{"latitude":"12.93133","longitude":"77.76267","responsecode":200},{"latitude":"12.93133","longitude":"77.76267","responsecode":200},{"latitude":"12.93133","longitude":"77.76267","responsecode":200},{"latitude":"12.93138","longitude":"77.76255","responsecode":200},{"latitude":"12.93167","longitude":"77.76193","responsecode":200},{"latitude":"12.93192","longitude":"77.76143","responsecode":200},{"latitude":"12.93214","longitude":"77.76100000000001","responsecode":200},{"latitude":"12.9322","longitude":"77.7609","responsecode":200},{"latitude":"12.932287","longitude":"77.760762","responsecode":200},{"latitude":"12.932287","longitude":"77.760762","responsecode":200},{"latitude":"12.93232","longitude":"77.76071","responsecode":200},{"latitude":"12.93237","longitude":"77.76062","responsecode":200},{"latitude":"12.932400000000001","longitude":"77.76055000000001","responsecode":200},{"latitude":"12.932450000000001","longitude":"77.76044","responsecode":200},{"latitude":"12.932490000000001","longitude":"77.76031","responsecode":200},{"latitude":"12.932520000000002","longitude":"77.76017","responsecode":200},{"latitude":"12.932640000000003","longitude":"77.75935","responsecode":200},{"latitude":"12.932670000000003","longitude":"77.7591","responsecode":200},{"latitude":"12.932710000000004","longitude":"77.75891","responsecode":200},{"latitude":"12.932770000000003","longitude":"77.75865","responsecode":200},{"latitude":"12.932800000000004","longitude":"77.75855","responsecode":200},{"latitude":"12.932850000000004","longitude":"77.75841","responsecode":200},{"latitude":"12.932920000000003","longitude":"77.75825999999999","responsecode":200},{"latitude":"12.93292","longitude":"77.75826","responsecode":200},{"latitude":"12.93292","longitude":"77.75826","responsecode":200},{"latitude":"12.932989999999998","longitude":"77.75813000000001","responsecode":200},{"latitude":"12.933069999999999","longitude":"77.75797000000001","responsecode":200},{"latitude":"12.93315","longitude":"77.75780000000002","responsecode":200},{"latitude":"12.93344","longitude":"77.75727000000002","responsecode":200},{"latitude":"12.93356","longitude":"77.75703000000001","responsecode":200},{"latitude":"12.93376","longitude":"77.75659000000002","responsecode":200},{"latitude":"12.933969999999999","longitude":"77.75613000000001","responsecode":200},{"latitude":"12.934119999999998","longitude":"77.75582000000001","responsecode":200},{"latitude":"12.934289999999999","longitude":"77.75546000000001","responsecode":200},{"latitude":"12.934389999999999","longitude":"77.75522000000001","responsecode":200},{"latitude":"12.934449999999998","longitude":"77.75503","responsecode":200},{"latitude":"12.934489999999998","longitude":"77.75489","responsecode":200},{"latitude":"12.93452","longitude":"77.75476","responsecode":200},{"latitude":"12.93455","longitude":"77.75462","responsecode":200},{"latitude":"12.93459","longitude":"77.75441000000001","responsecode":200},{"latitude":"12.93459","longitude":"77.75432","responsecode":200},{"latitude":"12.93459","longitude":"77.75408","responsecode":200},{"latitude":"12.93461","longitude":"77.75385","responsecode":200},{"latitude":"12.93465","longitude":"77.75361","responsecode":200},{"latitude":"12.93468","longitude":"77.75345999999999","responsecode":200},{"latitude":"12.93473","longitude":"77.75334","responsecode":200},{"latitude":"12.93477","longitude":"77.75325","responsecode":200},{"latitude":"12.9349","longitude":"77.75298","responsecode":200},{"latitude":"12.93519","longitude":"77.75237","responsecode":200},{"latitude":"12.93534","longitude":"77.75207999999999","responsecode":200},{"latitude":"12.9354","longitude":"77.75197999999999","responsecode":200},{"latitude":"12.9355","longitude":"77.75179999999999","responsecode":200},{"latitude":"12.93562","longitude":"77.75156999999999","responsecode":200},{"latitude":"12.93571","longitude":"77.75141999999998","responsecode":200},{"latitude":"12.93587","longitude":"77.75117999999998","responsecode":200},{"latitude":"12.936119999999999","longitude":"77.75084999999997","responsecode":200},{"latitude":"12.936369999999998","longitude":"77.75050999999998","responsecode":200},{"latitude":"12.936419999999998","longitude":"77.75043999999998","responsecode":200},{"latitude":"12.936459999999999","longitude":"77.75037999999998","responsecode":200},{"latitude":"12.93663","longitude":"77.75013999999997","responsecode":200},{"latitude":"12.93672","longitude":"77.75002999999997","responsecode":200},{"latitude":"12.93681","longitude":"77.74988999999997","responsecode":200},{"latitude":"12.93693","longitude":"77.74969999999996","responsecode":200},{"latitude":"12.93697","longitude":"77.74962999999997","responsecode":200},{"latitude":"12.937050000000001","longitude":"77.74942999999996","responsecode":200},{"latitude":"12.93711","longitude":"77.74926999999997","responsecode":200},{"latitude":"12.937190000000001","longitude":"77.74905999999997","responsecode":200},{"latitude":"12.937270000000002","longitude":"77.74883999999997","responsecode":200},{"latitude":"12.93734","longitude":"77.74858999999998","responsecode":200},{"latitude":"12.9374","longitude":"77.74839999999998","responsecode":200},{"latitude":"12.93764","longitude":"77.74766999999997","responsecode":200},{"latitude":"12.93779","longitude":"77.74727999999998","responsecode":200},{"latitude":"12.93784","longitude":"77.74712999999997","responsecode":200},{"latitude":"12.937859999999999","longitude":"77.74707999999997","responsecode":200},{"latitude":"12.938009999999998","longitude":"77.74664999999997","responsecode":200},{"latitude":"12.938239999999999","longitude":"77.74689999999997","responsecode":200},{"latitude":"12.93824","longitude":"77.7469","responsecode":200},{"latitude":"12.93824","longitude":"77.7469","responsecode":200},{"latitude":"12.9384","longitude":"77.74708","responsecode":200},{"latitude":"12.938509999999999","longitude":"77.74719","responsecode":200},{"latitude":"12.93859","longitude":"77.74726","responsecode":200},{"latitude":"12.93867","longitude":"77.74732","responsecode":200},{"latitude":"12.93878","longitude":"77.74737","responsecode":200},{"latitude":"12.938889999999999","longitude":"77.74741","responsecode":200},{"latitude":"12.939029999999999","longitude":"77.74744","responsecode":200},{"latitude":"12.939219999999999","longitude":"77.74746","responsecode":200},{"latitude":"12.93939","longitude":"77.74747","responsecode":200},{"latitude":"12.93951","longitude":"77.74746","responsecode":200},{"latitude":"12.93976","longitude":"77.74742","responsecode":200},{"latitude":"12.93991","longitude":"77.74738","responsecode":200},{"latitude":"12.93996","longitude":"77.74737","responsecode":200},{"latitude":"12.94013","longitude":"77.74731","responsecode":200},{"latitude":"12.94038","longitude":"77.74725","responsecode":200},{"latitude":"12.9405","longitude":"77.74723999999999","responsecode":200},{"latitude":"12.940692","longitude":"77.74721399999999","responsecode":200},{"latitude":"12.940692","longitude":"77.747214","responsecode":200},{"latitude":"12.940800000000001","longitude":"77.7472","responsecode":200},{"latitude":"12.941060000000002","longitude":"77.74718","responsecode":200},{"latitude":"12.941290000000002","longitude":"77.74715","responsecode":200},{"latitude":"12.941470000000002","longitude":"77.74712000000001","responsecode":200},{"latitude":"12.941570000000002","longitude":"77.7471","responsecode":200},{"latitude":"12.941730000000002","longitude":"77.74709","responsecode":200},{"latitude":"12.94208","longitude":"77.74707","responsecode":200},{"latitude":"12.94219","longitude":"77.74705999999999","responsecode":200},{"latitude":"12.94249","longitude":"77.74703","responsecode":200},{"latitude":"12.942642","longitude":"77.74702099999999","responsecode":200},{"latitude":"12.942642","longitude":"77.747021","responsecode":200},{"latitude":"12.94266","longitude":"77.74702","responsecode":200},{"latitude":"12.94277","longitude":"77.74702","responsecode":200},{"latitude":"12.94301","longitude":"77.74703000000001","responsecode":200},{"latitude":"12.94333","longitude":"77.74703000000001","responsecode":200},{"latitude":"12.94365","longitude":"77.74702","responsecode":200},{"latitude":"12.94389","longitude":"77.74702","responsecode":200},{"latitude":"12.944099999999999","longitude":"77.74703000000001","responsecode":200},{"latitude":"12.944259999999998","longitude":"77.74703000000001","responsecode":200},{"latitude":"12.944409999999998","longitude":"77.74704000000001","responsecode":200},{"latitude":"12.944529999999999","longitude":"77.74706000000002","responsecode":200},{"latitude":"12.944679999999998","longitude":"77.74708000000003","responsecode":200},{"latitude":"12.944799999999999","longitude":"77.74709000000003","responsecode":200},{"latitude":"12.945419999999999","longitude":"77.74717000000003","responsecode":200},{"latitude":"12.94554","longitude":"77.74717000000003","responsecode":200},{"latitude":"12.94563","longitude":"77.74715000000002","responsecode":200},{"latitude":"12.94571","longitude":"77.74712000000002","responsecode":200},{"latitude":"12.94578","longitude":"77.74708000000003","responsecode":200},{"latitude":"12.946029999999999","longitude":"77.74691000000003","responsecode":200},{"latitude":"12.946209999999999","longitude":"77.74680000000002","responsecode":200},{"latitude":"12.94638","longitude":"77.74667000000002","responsecode":200},{"latitude":"12.94655","longitude":"77.74648000000002","responsecode":200},{"latitude":"12.94665","longitude":"77.74641000000003","responsecode":200},{"latitude":"12.94672","longitude":"77.74638000000003","responsecode":200},{"latitude":"12.946819999999999","longitude":"77.74636000000002","responsecode":200},{"latitude":"12.947049999999999","longitude":"77.74635000000002","responsecode":200},{"latitude":"12.94717","longitude":"77.74632000000003","responsecode":200},{"latitude":"12.94728","longitude":"77.74628000000003","responsecode":200},{"latitude":"12.947629999999998","longitude":"77.74614000000003","responsecode":200},{"latitude":"12.947969999999998","longitude":"77.74601000000003","responsecode":200},{"latitude":"12.948099999999998","longitude":"77.74596000000003","responsecode":200},{"latitude":"12.948489999999998","longitude":"77.74580000000003","responsecode":200},{"latitude":"12.948789999999997","longitude":"77.74568000000004","responsecode":200},{"latitude":"12.948849999999997","longitude":"77.74565000000004","responsecode":200},{"latitude":"12.948919999999996","longitude":"77.74560000000004","responsecode":200},{"latitude":"12.949049999999996","longitude":"77.74545000000003","responsecode":200},{"latitude":"12.949119999999995","longitude":"77.74539000000003","responsecode":200},{"latitude":"12.949199999999996","longitude":"77.74534000000003","responsecode":200},{"latitude":"12.949329999999996","longitude":"77.74529000000003","responsecode":200},{"latitude":"12.949419999999996","longitude":"77.74527000000002","responsecode":200},{"latitude":"12.949689999999997","longitude":"77.74521000000001","responsecode":200},{"latitude":"12.949859999999997","longitude":"77.74517000000002","responsecode":200},{"latitude":"12.950089999999998","longitude":"77.74507000000001","responsecode":200},{"latitude":"12.950229999999998","longitude":"77.74500000000002","responsecode":200},{"latitude":"12.950329999999997","longitude":"77.74497000000002","responsecode":200},{"latitude":"12.950459999999998","longitude":"77.74494000000003","responsecode":200},{"latitude":"12.950629999999999","longitude":"77.74491000000003","responsecode":200},{"latitude":"12.950819999999998","longitude":"77.74489000000003","responsecode":200},{"latitude":"12.951029999999998","longitude":"77.74485000000003","responsecode":200},{"latitude":"12.951639999999998","longitude":"77.74468000000003","responsecode":200},{"latitude":"12.951939999999997","longitude":"77.74459000000003","responsecode":200},{"latitude":"12.952209999999997","longitude":"77.74448000000002","responsecode":200},{"latitude":"12.952499999999997","longitude":"77.74432000000003","responsecode":200},{"latitude":"12.952839999999997","longitude":"77.74421000000002","responsecode":200},{"latitude":"12.953219999999996","longitude":"77.74411000000002","responsecode":200},{"latitude":"12.953319999999996","longitude":"77.74409000000001","responsecode":200},{"latitude":"12.953439999999997","longitude":"77.74410000000002","responsecode":200},{"latitude":"12.953549999999996","longitude":"77.74414000000002","responsecode":200},{"latitude":"12.953729999999997","longitude":"77.74424000000002","responsecode":200},{"latitude":"12.953799999999996","longitude":"77.74426000000003","responsecode":200},{"latitude":"12.953929999999996","longitude":"77.74429000000002","responsecode":200},{"latitude":"12.954059999999997","longitude":"77.74430000000002","responsecode":200},{"latitude":"12.954279999999997","longitude":"77.74427000000003","responsecode":200},{"latitude":"12.954459999999997","longitude":"77.74422000000003","responsecode":200},{"latitude":"12.954579999999998","longitude":"77.74421000000002","responsecode":200},{"latitude":"12.954699999999999","longitude":"77.74423000000003","responsecode":200},{"latitude":"12.95487","longitude":"77.74427000000003","responsecode":200},{"latitude":"12.95519","longitude":"77.74433000000003","responsecode":200},{"latitude":"12.95537","longitude":"77.74437000000003","responsecode":200},{"latitude":"12.9555","longitude":"77.74441000000003","responsecode":200},{"latitude":"12.9556","longitude":"77.74446000000003","responsecode":200},{"latitude":"12.955860000000001","longitude":"77.74460000000003","responsecode":200},{"latitude":"12.955980000000002","longitude":"77.74466000000004","responsecode":200},{"latitude":"12.956100000000003","longitude":"77.74473000000003","responsecode":200},{"latitude":"12.956240000000003","longitude":"77.74486000000003","responsecode":200},{"latitude":"12.956300000000002","longitude":"77.74497000000004","responsecode":200},{"latitude":"12.956340000000003","longitude":"77.74507000000004","responsecode":200},{"latitude":"12.956400000000002","longitude":"77.74519000000004","responsecode":200},{"latitude":"12.956460000000002","longitude":"77.74528000000004","responsecode":200},{"latitude":"12.956620000000001","longitude":"77.74533000000004","responsecode":200},{"latitude":"12.956760000000001","longitude":"77.74538000000004","responsecode":200},{"latitude":"12.956790000000002","longitude":"77.74536000000003","responsecode":200},{"latitude":"12.956730000000002","longitude":"77.74515000000004","responsecode":200},{"latitude":"12.956710000000003","longitude":"77.74505000000003","responsecode":200},{"latitude":"12.956699000000002","longitude":"77.74500800000004","responsecode":200},{"latitude":"12.956699","longitude":"77.745008","responsecode":200},{"latitude":"12.95669","longitude":"77.74497","responsecode":200},{"latitude":"12.95666","longitude":"77.74485","responsecode":200},{"latitude":"12.95665","longitude":"77.74471","responsecode":200},{"latitude":"12.95666","longitude":"77.74457","responsecode":200},{"latitude":"12.95669","longitude":"77.74441999999999","responsecode":200},{"latitude":"12.95685","longitude":"77.74387999999999","responsecode":200},{"latitude":"12.9569","longitude":"77.74363","responsecode":200},{"latitude":"12.956919999999998","longitude":"77.74347","responsecode":200},{"latitude":"12.956929999999998","longitude":"77.7433","responsecode":200},{"latitude":"12.956939999999998","longitude":"77.74298","responsecode":200},{"latitude":"12.956939999999998","longitude":"77.74281","responsecode":200},{"latitude":"12.956939999999998","longitude":"77.74229000000001","responsecode":200},{"latitude":"12.956949999999997","longitude":"77.74209","responsecode":200},{"latitude":"12.956949999999997","longitude":"77.74196","responsecode":200},{"latitude":"12.956949999999997","longitude":"77.74165","responsecode":200},{"latitude":"12.956949999999997","longitude":"77.74145","responsecode":200},{"latitude":"12.956949999999997","longitude":"77.74126","responsecode":200},{"latitude":"12.956959999999997","longitude":"77.74078999999999","responsecode":200},{"latitude":"12.956959999999997","longitude":"77.74063","responsecode":200},{"latitude":"12.956959999999997","longitude":"77.74049","responsecode":200},{"latitude":"12.956959999999997","longitude":"77.74031","responsecode":200},{"latitude":"12.956959999999997","longitude":"77.74016999999999","responsecode":200},{"latitude":"12.956969999999997","longitude":"77.73986","responsecode":200},{"latitude":"12.956969999999997","longitude":"77.73949999999999","responsecode":200},{"latitude":"12.95697","longitude":"77.7395","responsecode":200},{"latitude":"12.95697","longitude":"77.7395","responsecode":200},{"latitude":"12.95698","longitude":"77.73915000000001","responsecode":200},{"latitude":"12.95699","longitude":"77.73894000000001","responsecode":200},{"latitude":"12.95699","longitude":"77.73879000000001","responsecode":200},{"latitude":"12.956999999999999","longitude":"77.73854000000001","responsecode":200},{"latitude":"12.956999999999999","longitude":"77.73823000000002","responsecode":200},{"latitude":"12.957009999999999","longitude":"77.73794000000001","responsecode":200},{"latitude":"12.957009999999999","longitude":"77.73761","responsecode":200},{"latitude":"12.957019999999998","longitude":"77.73712","responsecode":200},{"latitude":"12.957019999999998","longitude":"77.73695000000001","responsecode":200},{"latitude":"12.957009999999999","longitude":"77.73674000000001","responsecode":200},{"latitude":"12.95699","longitude":"77.73657000000001","responsecode":200},{"latitude":"12.956959999999999","longitude":"77.73636000000002","responsecode":200},{"latitude":"12.956929999999998","longitude":"77.73617000000002","responsecode":200},{"latitude":"12.956889999999998","longitude":"77.73594000000001","responsecode":200},{"latitude":"12.956739999999998","longitude":"77.73509000000001","responsecode":200},{"latitude":"12.956679999999999","longitude":"77.73472000000001","responsecode":200},{"latitude":"12.95662","longitude":"77.73435","responsecode":200},{"latitude":"12.95655","longitude":"77.73391000000001","responsecode":200},{"latitude":"12.95646","longitude":"77.73343000000001","responsecode":200},{"latitude":"12.956339999999999","longitude":"77.73274","responsecode":200},{"latitude":"12.956209999999999","longitude":"77.73193","responsecode":200},{"latitude":"12.956179999999998","longitude":"77.73166","responsecode":200},{"latitude":"12.956169999999998","longitude":"77.73149000000001","responsecode":200},{"latitude":"12.956159999999999","longitude":"77.73132000000001","responsecode":200},{"latitude":"12.956129999999998","longitude":"77.73102000000002","responsecode":200},{"latitude":"12.956119999999999","longitude":"77.73086000000002","responsecode":200},{"latitude":"12.956109999999999","longitude":"77.73062000000002","responsecode":200},{"latitude":"12.956107","longitude":"77.73056800000002","responsecode":200},{"latitude":"12.956107","longitude":"77.730568","responsecode":200},{"latitude":"12.9561","longitude":"77.73046000000001","responsecode":200},{"latitude":"12.95609","longitude":"77.73030000000001","responsecode":200},{"latitude":"12.95608","longitude":"77.73014000000002","responsecode":200},{"latitude":"12.95606","longitude":"77.72989000000003","responsecode":200},{"latitude":"12.95603","longitude":"77.72942000000002","responsecode":200},{"latitude":"12.955960000000001","longitude":"77.72854000000002","responsecode":200},{"latitude":"12.955950000000001","longitude":"77.72831000000002","responsecode":200},{"latitude":"12.955900000000002","longitude":"77.72709000000002","responsecode":200},{"latitude":"12.955890000000002","longitude":"77.72645000000001","responsecode":200},{"latitude":"12.955870000000003","longitude":"77.72581000000001","responsecode":200},{"latitude":"12.955860000000003","longitude":"77.72497000000001","responsecode":200},{"latitude":"12.955850000000003","longitude":"77.72476000000002","responsecode":200},{"latitude":"12.955850000000003","longitude":"77.72457000000001","responsecode":200},{"latitude":"12.955840000000004","longitude":"77.72442000000001","responsecode":200},{"latitude":"12.955840000000004","longitude":"77.72394000000001","responsecode":200},{"latitude":"12.955840000000004","longitude":"77.72380000000001","responsecode":200},{"latitude":"12.955830000000004","longitude":"77.72353000000001","responsecode":200},{"latitude":"12.955820000000005","longitude":"77.72322000000001","responsecode":200},{"latitude":"12.955820000000005","longitude":"77.72313000000001","responsecode":200},{"latitude":"12.955820000000005","longitude":"77.72304000000001","responsecode":200},{"latitude":"12.955800000000005","longitude":"77.72283000000002","responsecode":200},{"latitude":"12.955800000000005","longitude":"77.72261000000002","responsecode":200},{"latitude":"12.955800000000005","longitude":"77.72228000000001","responsecode":200},{"latitude":"12.955800000000005","longitude":"77.72185000000002","responsecode":200},{"latitude":"12.955780000000006","longitude":"77.72127000000002","responsecode":200},{"latitude":"12.955780000000006","longitude":"77.72104000000002","responsecode":200},{"latitude":"12.955780000000006","longitude":"77.72097000000002","responsecode":200},{"latitude":"12.955780000000006","longitude":"77.72085000000003","responsecode":200},{"latitude":"12.955770000000006","longitude":"77.72035000000002","responsecode":200},{"latitude":"12.95577","longitude":"77.72035","responsecode":200},{"latitude":"12.95577","longitude":"77.72035","responsecode":200},{"latitude":"12.95577","longitude":"77.72006999999999","responsecode":200},{"latitude":"12.95577","longitude":"77.71982","responsecode":200},{"latitude":"12.955729999999999","longitude":"77.71846","responsecode":200},{"latitude":"12.95572","longitude":"77.71771","responsecode":200},{"latitude":"12.955729999999999","longitude":"77.71728999999999","responsecode":200},{"latitude":"12.955739999999999","longitude":"77.71692999999999","responsecode":200},{"latitude":"12.955739999999999","longitude":"77.71668","responsecode":200},{"latitude":"12.955739999999999","longitude":"77.7165","responsecode":200},{"latitude":"12.955749999999998","longitude":"77.71632","responsecode":200},{"latitude":"12.955789999999999","longitude":"77.71569","responsecode":200},{"latitude":"12.955809999999998","longitude":"77.71540999999999","responsecode":200},{"latitude":"12.955869999999997","longitude":"77.71473999999999","responsecode":200},{"latitude":"12.955879999999997","longitude":"77.71462","responsecode":200},{"latitude":"12.955935999999998","longitude":"77.713781","responsecode":200},{"latitude":"12.955936","longitude":"77.713781","responsecode":200},{"latitude":"12.95595","longitude":"77.71357","responsecode":200},{"latitude":"12.95596","longitude":"77.71347","responsecode":200},{"latitude":"12.955979999999998","longitude":"77.7132","responsecode":200},{"latitude":"12.955999999999998","longitude":"77.71296","responsecode":200},{"latitude":"12.956039999999998","longitude":"77.71234","responsecode":200},{"latitude":"12.956069999999999","longitude":"77.71204999999999","responsecode":200},{"latitude":"12.956079999999998","longitude":"77.71184999999998","responsecode":200},{"latitude":"12.956109999999999","longitude":"77.71141999999999","responsecode":200},{"latitude":"12.956129999999998","longitude":"77.71110999999999","responsecode":200},{"latitude":"12.956179999999998","longitude":"77.71063999999998","responsecode":200},{"latitude":"12.956209999999999","longitude":"77.71025999999998","responsecode":200},{"latitude":"12.956219999999998","longitude":"77.71006999999997","responsecode":200},{"latitude":"12.956239999999998","longitude":"77.70984999999997","responsecode":200},{"latitude":"12.956259999999997","longitude":"77.70957999999997","responsecode":200},{"latitude":"12.956279999999996","longitude":"77.70942999999997","responsecode":200},{"latitude":"12.956299999999995","longitude":"77.70928999999997","responsecode":200},{"latitude":"12.956329999999996","longitude":"77.70907999999997","responsecode":200},{"latitude":"12.956339999999996","longitude":"77.70900999999998","responsecode":200},{"latitude":"12.956349999999995","longitude":"77.70890999999997","responsecode":200},{"latitude":"12.956359999999995","longitude":"77.70880999999997","responsecode":200},{"latitude":"12.956361999999995","longitude":"77.70878199999997","responsecode":200},{"latitude":"12.956362","longitude":"77.708782","responsecode":200},{"latitude":"12.95637","longitude":"77.70868","responsecode":200},{"latitude":"12.95638","longitude":"77.70844","responsecode":200},{"latitude":"12.956449999999998","longitude":"77.70725999999999","responsecode":200},{"latitude":"12.95662","longitude":"77.70497999999999","responsecode":200},{"latitude":"12.956629999999999","longitude":"77.70488999999999","responsecode":200},{"latitude":"12.956639999999998","longitude":"77.70478999999999","responsecode":200},{"latitude":"12.956649999999998","longitude":"77.70465999999999","responsecode":200},{"latitude":"12.956659999999998","longitude":"77.70441999999998","responsecode":200},{"latitude":"12.956689999999998","longitude":"77.70382999999998","responsecode":200},{"latitude":"12.956709999999998","longitude":"77.70346999999998","responsecode":200},{"latitude":"12.956719999999997","longitude":"77.70325999999999","responsecode":200},{"latitude":"12.956739999999996","longitude":"77.70303999999999","responsecode":200},{"latitude":"12.956749999999996","longitude":"77.70282999999999","responsecode":200},{"latitude":"12.956769999999995","longitude":"77.70257","responsecode":200},{"latitude":"12.956799999999996","longitude":"77.70223","responsecode":200},{"latitude":"12.956819999999995","longitude":"77.70201","responsecode":200},{"latitude":"12.956839999999994","longitude":"77.70174","responsecode":200},{"latitude":"12.956859999999994","longitude":"77.70154","responsecode":200},{"latitude":"12.956879999999993","longitude":"77.70134999999999","responsecode":200},{"latitude":"12.956889999999992","longitude":"77.70127","responsecode":200},{"latitude":"12.956889999999992","longitude":"77.70123","responsecode":200},{"latitude":"12.956899999999992","longitude":"77.70111","responsecode":200},{"latitude":"12.956909999999992","longitude":"77.70104","responsecode":200},{"latitude":"12.956909999999992","longitude":"77.70094","responsecode":200},{"latitude":"12.956919999999991","longitude":"77.70081","responsecode":200},{"latitude":"12.956929999999991","longitude":"77.7007","responsecode":200},{"latitude":"12.95693","longitude":"77.7007","responsecode":200},{"latitude":"12.95693","longitude":"77.7007","responsecode":200},{"latitude":"12.95696","longitude":"77.70048","responsecode":200},{"latitude":"12.957","longitude":"77.70015","responsecode":200},{"latitude":"12.95702","longitude":"77.69993","responsecode":200},{"latitude":"12.95704","longitude":"77.69972999999999","responsecode":200},{"latitude":"12.957049999999999","longitude":"77.69955999999999","responsecode":200},{"latitude":"12.957049999999999","longitude":"77.69924999999999","responsecode":200},{"latitude":"12.957049999999999","longitude":"77.69912","responsecode":200},{"latitude":"12.95704","longitude":"77.69897999999999","responsecode":200},{"latitude":"12.957009999999999","longitude":"77.69879999999999","responsecode":200},{"latitude":"12.9569","longitude":"77.69814","responsecode":200},{"latitude":"12.956859999999999","longitude":"77.69793","responsecode":200},{"latitude":"12.95684","longitude":"77.69785","responsecode":200},{"latitude":"12.95679","longitude":"77.69760000000001","responsecode":200},{"latitude":"12.95678","longitude":"77.69754","responsecode":200},{"latitude":"12.95673","longitude":"77.69731","responsecode":200},{"latitude":"12.956620000000001","longitude":"77.69666000000001","responsecode":200},{"latitude":"12.956570000000001","longitude":"77.69638","responsecode":200},{"latitude":"12.95649","longitude":"77.69590000000001","responsecode":200},{"latitude":"12.95639","longitude":"77.69533000000001","responsecode":200},{"latitude":"12.95634","longitude":"77.69507000000002","responsecode":200},{"latitude":"12.9563","longitude":"77.69490000000002","responsecode":200},{"latitude":"12.95625","longitude":"77.69461000000001","responsecode":200},{"latitude":"12.956230000000001","longitude":"77.69447000000001","responsecode":200},{"latitude":"12.956170000000002","longitude":"77.69404000000002","responsecode":200},{"latitude":"12.956120000000002","longitude":"77.69374000000002","responsecode":200},{"latitude":"12.95612","longitude":"77.69374","responsecode":200},{"latitude":"12.95612","longitude":"77.69374","responsecode":200},{"latitude":"12.956050000000001","longitude":"77.69336","responsecode":200},{"latitude":"12.956030000000002","longitude":"77.69324","responsecode":200},{"latitude":"12.956000000000001","longitude":"77.69307","responsecode":200},{"latitude":"12.95597","longitude":"77.69288","responsecode":200},{"latitude":"12.95594","longitude":"77.69273","responsecode":200},{"latitude":"12.95585","longitude":"77.69225999999999","responsecode":200},{"latitude":"12.9558","longitude":"77.69197999999999","responsecode":200},{"latitude":"12.95576","longitude":"77.69176999999999","responsecode":200},{"latitude":"12.95571","longitude":"77.69149999999999","responsecode":200},{"latitude":"12.95567","longitude":"77.69126999999999","responsecode":200},{"latitude":"12.9556","longitude":"77.69091999999999","responsecode":200},{"latitude":"12.95548","longitude":"77.69031999999999","responsecode":200},{"latitude":"12.95537","longitude":"77.68979999999999","responsecode":200},{"latitude":"12.95532","longitude":"77.68955","responsecode":200},{"latitude":"12.955300000000001","longitude":"77.68945","responsecode":200},{"latitude":"12.955190000000002","longitude":"77.6888","responsecode":200},{"latitude":"12.955110000000001","longitude":"77.68837","responsecode":200},{"latitude":"12.955070000000001","longitude":"77.68809","responsecode":200},{"latitude":"12.955050000000002","longitude":"77.68797","responsecode":200},{"latitude":"12.955020000000001","longitude":"77.68778","responsecode":200},{"latitude":"12.95499","longitude":"77.68759","responsecode":200},{"latitude":"12.954985","longitude":"77.687559","responsecode":200},{"latitude":"12.954985","longitude":"77.687559","responsecode":200},{"latitude":"12.95495","longitude":"77.68735","responsecode":200},{"latitude":"12.95492","longitude":"77.6871","responsecode":200},{"latitude":"12.954889999999999","longitude":"77.68677","responsecode":200},{"latitude":"12.95482","longitude":"77.68611","responsecode":200},{"latitude":"12.95474","longitude":"77.68534","responsecode":200},{"latitude":"12.954649999999999","longitude":"77.68433999999999","responsecode":200},{"latitude":"12.954619999999998","longitude":"77.68401999999999","responsecode":200},{"latitude":"12.954559999999999","longitude":"77.68319999999999","responsecode":200},{"latitude":"12.954519999999999","longitude":"77.68275999999999","responsecode":200},{"latitude":"12.954479999999998","longitude":"77.68237999999998","responsecode":200},{"latitude":"12.954467","longitude":"77.68225099999998","responsecode":200},{"latitude":"12.954467","longitude":"77.682251","responsecode":200},{"latitude":"12.95446","longitude":"77.68217999999999","responsecode":200},{"latitude":"12.954379999999999","longitude":"77.68124999999999","responsecode":200},{"latitude":"12.95436","longitude":"77.68095999999998","responsecode":200},{"latitude":"12.95435","longitude":"77.68075999999998","responsecode":200},{"latitude":"12.95435","longitude":"77.68049999999998","responsecode":200},{"latitude":"12.95435","longitude":"77.68039999999998","responsecode":200},{"latitude":"12.95436","longitude":"77.68030999999998","responsecode":200},{"latitude":"12.954369999999999","longitude":"77.68022999999998","responsecode":200},{"latitude":"12.954389999999998","longitude":"77.68014999999998","responsecode":200},{"latitude":"12.954409999999998","longitude":"77.68007999999999","responsecode":200},{"latitude":"12.954429999999997","longitude":"77.68001","responsecode":200},{"latitude":"12.954459999999997","longitude":"77.67993","responsecode":200},{"latitude":"12.954499999999998","longitude":"77.67984","responsecode":200},{"latitude":"12.954599999999997","longitude":"77.67959","responsecode":200},{"latitude":"12.955369999999997","longitude":"77.67792","responsecode":200},{"latitude":"12.955459999999997","longitude":"77.67775","responsecode":200},{"latitude":"12.955679999999997","longitude":"77.67727000000001","responsecode":200},{"latitude":"12.956469999999998","longitude":"77.67569","responsecode":200},{"latitude":"12.956589999999998","longitude":"77.67544000000001","responsecode":200},{"latitude":"12.956649999999998","longitude":"77.67532000000001","responsecode":200},{"latitude":"12.95665","longitude":"77.67532","responsecode":200},{"latitude":"12.95665","longitude":"77.67532","responsecode":200},{"latitude":"12.95674","longitude":"77.67514","responsecode":200},{"latitude":"12.95701","longitude":"77.67458","responsecode":200},{"latitude":"12.95709","longitude":"77.6744","responsecode":200},{"latitude":"12.9572","longitude":"77.67417","responsecode":200},{"latitude":"12.95728","longitude":"77.67397","responsecode":200},{"latitude":"12.95743","longitude":"77.67362","responsecode":200},{"latitude":"12.95754","longitude":"77.67336","responsecode":200},{"latitude":"12.95762","longitude":"77.67315","responsecode":200},{"latitude":"12.95769","longitude":"77.67293000000001","responsecode":200},{"latitude":"12.95774","longitude":"77.67274","responsecode":200},{"latitude":"12.95778","longitude":"77.67252","responsecode":200},{"latitude":"12.95782","longitude":"77.67228","responsecode":200},{"latitude":"12.95785","longitude":"77.67198","responsecode":200},{"latitude":"12.95786","longitude":"77.67189","responsecode":200},{"latitude":"12.95788","longitude":"77.67174","responsecode":200},{"latitude":"12.957889999999999","longitude":"77.67161","responsecode":200},{"latitude":"12.957959999999998","longitude":"77.67043","responsecode":200},{"latitude":"12.958019999999998","longitude":"77.66954","responsecode":200},{"latitude":"12.958049999999998","longitude":"77.66888","responsecode":200},{"latitude":"12.958059999999998","longitude":"77.66869","responsecode":200},{"latitude":"12.958119999999997","longitude":"77.66817999999999","responsecode":200},{"latitude":"12.958149999999998","longitude":"77.66765","responsecode":200},{"latitude":"12.958169999999997","longitude":"77.66726999999999","responsecode":200},{"latitude":"12.958199999999998","longitude":"77.66698999999998","responsecode":200},{"latitude":"12.958249999999998","longitude":"77.66664999999999","responsecode":200},{"latitude":"12.958309999999997","longitude":"77.66631999999998","responsecode":200},{"latitude":"12.958369999999997","longitude":"77.66605999999999","responsecode":200},{"latitude":"12.958561999999997","longitude":"77.66505399999998","responsecode":200},{"latitude":"12.958562","longitude":"77.665054","responsecode":200},{"latitude":"12.958580000000001","longitude":"77.66496","responsecode":200},{"latitude":"12.958620000000002","longitude":"77.66467999999999","responsecode":200},{"latitude":"12.95878","longitude":"77.66402","responsecode":200},{"latitude":"12.958820000000001","longitude":"77.66384","responsecode":200},{"latitude":"12.958870000000001","longitude":"77.66363","responsecode":200},{"latitude":"12.958900000000002","longitude":"77.66349","responsecode":200},{"latitude":"12.959030000000002","longitude":"77.66288999999999","responsecode":200},{"latitude":"12.959130000000002","longitude":"77.66232","responsecode":200},{"latitude":"12.959160000000002","longitude":"77.66201","responsecode":200},{"latitude":"12.959190000000003","longitude":"77.6618","responsecode":200},{"latitude":"12.959200000000003","longitude":"77.6617","responsecode":200},{"latitude":"12.959230000000003","longitude":"77.66150999999999","responsecode":200},{"latitude":"12.959240000000003","longitude":"77.66139999999999","responsecode":200},{"latitude":"12.959250000000003","longitude":"77.66111999999998","responsecode":200},{"latitude":"12.959250000000003","longitude":"77.66098999999998","responsecode":200},{"latitude":"12.959230000000003","longitude":"77.66084999999998","responsecode":200},{"latitude":"12.959170000000004","longitude":"77.66051999999998","responsecode":200},{"latitude":"12.959100000000005","longitude":"77.66014999999997","responsecode":200},{"latitude":"12.959050000000005","longitude":"77.65992999999997","responsecode":200},{"latitude":"12.959030000000006","longitude":"77.65979999999998","responsecode":200},{"latitude":"12.959030000000006","longitude":"77.65969999999997","responsecode":200},{"latitude":"12.959030000000006","longitude":"77.65955999999997","responsecode":200},{"latitude":"12.959034000000006","longitude":"77.65946099999996","responsecode":200},{"latitude":"12.959034","longitude":"77.659461","responsecode":200},{"latitude":"12.959040000000002","longitude":"77.65932","responsecode":200},{"latitude":"12.959060000000001","longitude":"77.65862999999999","responsecode":200},{"latitude":"12.95908","longitude":"77.65835999999999","responsecode":200},{"latitude":"12.95911","longitude":"77.65806999999998","responsecode":200},{"latitude":"12.95913","longitude":"77.65786999999997","responsecode":200},{"latitude":"12.95916","longitude":"77.65763999999997","responsecode":200},{"latitude":"12.95917","longitude":"77.65749999999997","responsecode":200},{"latitude":"12.95918","longitude":"77.65737999999997","responsecode":200},{"latitude":"12.9592","longitude":"77.65717999999997","responsecode":200},{"latitude":"12.95923","longitude":"77.65688999999996","responsecode":200},{"latitude":"12.95923","longitude":"77.65677999999996","responsecode":200},{"latitude":"12.95924","longitude":"77.65661999999996","responsecode":200},{"latitude":"12.959249999999999","longitude":"77.65641999999995","responsecode":200},{"latitude":"12.959269999999998","longitude":"77.65620999999996","responsecode":200},{"latitude":"12.959279999999998","longitude":"77.65603999999996","responsecode":200},{"latitude":"12.95928","longitude":"77.65604","responsecode":200},{"latitude":"12.95928","longitude":"77.65604","responsecode":200},{"latitude":"12.959299999999999","longitude":"77.65534000000001","responsecode":200},{"latitude":"12.959299999999999","longitude":"77.65518000000002","responsecode":200},{"latitude":"12.959309999999999","longitude":"77.65487000000002","responsecode":200},{"latitude":"12.959329999999998","longitude":"77.65443000000002","responsecode":200},{"latitude":"12.959339999999997","longitude":"77.65428000000001","responsecode":200},{"latitude":"12.959349999999997","longitude":"77.65421000000002","responsecode":200},{"latitude":"12.959359999999997","longitude":"77.65408000000002","responsecode":200},{"latitude":"12.959379999999996","longitude":"77.65366000000002","responsecode":200},{"latitude":"12.959379999999996","longitude":"77.65350000000002","responsecode":200},{"latitude":"12.959409999999997","longitude":"77.65319000000002","responsecode":200},{"latitude":"12.959429999999996","longitude":"77.65279000000002","responsecode":200},{"latitude":"12.959459999999996","longitude":"77.65234000000002","responsecode":200},{"latitude":"12.959499999999997","longitude":"77.65150000000003","responsecode":200},{"latitude":"12.959529999999997","longitude":"77.65090000000002","responsecode":200},{"latitude":"12.959569999999998","longitude":"77.65045000000002","responsecode":200},{"latitude":"12.959609999999998","longitude":"77.65003000000002","responsecode":200},{"latitude":"12.959620999999999","longitude":"77.64991100000002","responsecode":200},{"latitude":"12.959621","longitude":"77.649911","responsecode":200},{"latitude":"12.95963","longitude":"77.64982","responsecode":200},{"latitude":"12.95969","longitude":"77.64941","responsecode":200},{"latitude":"12.95973","longitude":"77.64917","responsecode":200},{"latitude":"12.95973","longitude":"77.64908","responsecode":200},{"latitude":"12.95977","longitude":"77.64878999999999","responsecode":200},{"latitude":"12.959810000000001","longitude":"77.64842999999999","responsecode":200},{"latitude":"12.95987","longitude":"77.64787999999999","responsecode":200},{"latitude":"12.959900000000001","longitude":"77.64752999999999","responsecode":200},{"latitude":"12.959940000000001","longitude":"77.64717999999999","responsecode":200},{"latitude":"12.95996","longitude":"77.64699999999999","responsecode":200},{"latitude":"12.959976000000001","longitude":"77.64687099999999","responsecode":200},{"latitude":"12.959976","longitude":"77.646871","responsecode":200},{"latitude":"12.96002","longitude":"77.64652000000001","responsecode":200},{"latitude":"12.96005","longitude":"77.64627000000002","responsecode":200},{"latitude":"12.96007","longitude":"77.64606000000002","responsecode":200},{"latitude":"12.96008","longitude":"77.64597000000002","responsecode":200},{"latitude":"12.96012","longitude":"77.64563000000003","responsecode":200},{"latitude":"12.96013","longitude":"77.64558000000002","responsecode":200},{"latitude":"12.96025","longitude":"77.64469000000003","responsecode":200},{"latitude":"12.96029","longitude":"77.64434000000003","responsecode":200},{"latitude":"12.9603","longitude":"77.64423000000002","responsecode":200},{"latitude":"12.96033","longitude":"77.64395000000002","responsecode":200},{"latitude":"12.96038","longitude":"77.64343000000002","responsecode":200},{"latitude":"12.9604","longitude":"77.64307000000002","responsecode":200},{"latitude":"12.9604","longitude":"77.64294000000002","responsecode":200},{"latitude":"12.96043","longitude":"77.64267000000002","responsecode":200},{"latitude":"12.960452","longitude":"77.64251000000003","responsecode":200},{"latitude":"12.960452","longitude":"77.64251","responsecode":200},{"latitude":"12.96048","longitude":"77.6423","responsecode":200},{"latitude":"12.96049","longitude":"77.64224","responsecode":200},{"latitude":"12.9605","longitude":"77.64216","responsecode":200},{"latitude":"12.96053","longitude":"77.64201","responsecode":200},{"latitude":"12.96055","longitude":"77.64195","responsecode":200},{"latitude":"12.9606","longitude":"77.64188","responsecode":200},{"latitude":"12.960609999999999","longitude":"77.64176","responsecode":200},{"latitude":"12.960609999999999","longitude":"77.64167","responsecode":200},{"latitude":"12.960609999999999","longitude":"77.64156","responsecode":200},{"latitude":"12.96064","longitude":"77.6411","responsecode":200},{"latitude":"12.96073","longitude":"77.64025","responsecode":200},{"latitude":"12.960749999999999","longitude":"77.64012","responsecode":200},{"latitude":"12.960749999999999","longitude":"77.64004","responsecode":200},{"latitude":"12.960759999999999","longitude":"77.63995","responsecode":200},{"latitude":"12.960779999999998","longitude":"77.63974999999999","responsecode":200},{"latitude":"12.960829999999998","longitude":"77.63935","responsecode":200},{"latitude":"12.960849999999997","longitude":"77.63915999999999","responsecode":200},{"latitude":"12.960879999999998","longitude":"77.63887999999999","responsecode":200},{"latitude":"12.960909999999998","longitude":"77.63863999999998","responsecode":200},{"latitude":"12.960929999999998","longitude":"77.63846999999998","responsecode":200},{"latitude":"12.960959999999998","longitude":"77.63823999999998","responsecode":200},{"latitude":"12.960989999999999","longitude":"77.63803999999998","responsecode":200},{"latitude":"12.961149999999998","longitude":"77.63703999999997","responsecode":200},{"latitude":"12.961213999999998","longitude":"77.63666899999997","responsecode":200},{"latitude":"12.961214","longitude":"77.636669","responsecode":200},{"latitude":"12.96124","longitude":"77.63652","responsecode":200},{"latitude":"12.96131","longitude":"77.6362","responsecode":200},{"latitude":"12.961369999999999","longitude":"77.63593","responsecode":200},{"latitude":"12.9614","longitude":"77.63574","responsecode":200},{"latitude":"12.96144","longitude":"77.63551","responsecode":200},{"latitude":"12.96147","longitude":"77.63532","responsecode":200},{"latitude":"12.96149","longitude":"77.63519","responsecode":200},{"latitude":"12.96153","longitude":"77.63495999999999","responsecode":200},{"latitude":"12.961549999999999","longitude":"77.63486999999999","responsecode":200},{"latitude":"12.96158","longitude":"77.6347","responsecode":200},{"latitude":"12.961599999999999","longitude":"77.63459999999999","responsecode":200},{"latitude":"12.961619999999998","longitude":"77.63448999999999","responsecode":200},{"latitude":"12.961629999999998","longitude":"77.63435999999999","responsecode":200},{"latitude":"12.961629999999998","longitude":"77.63425999999998","responsecode":200},{"latitude":"12.961629999999998","longitude":"77.63416999999998","responsecode":200},{"latitude":"12.961619999999998","longitude":"77.63406999999998","responsecode":200},{"latitude":"12.961609999999999","longitude":"77.63397999999998","responsecode":200},{"latitude":"12.961579999999998","longitude":"77.63385999999998","responsecode":200},{"latitude":"12.961549999999997","longitude":"77.63372999999999","responsecode":200},{"latitude":"12.961509999999997","longitude":"77.63356999999999","responsecode":200},{"latitude":"12.961469999999997","longitude":"77.63341999999999","responsecode":200},{"latitude":"12.961429999999996","longitude":"77.63327999999998","responsecode":200},{"latitude":"12.961379999999997","longitude":"77.63312999999998","responsecode":200},{"latitude":"12.961269999999997","longitude":"77.63282999999998","responsecode":200},{"latitude":"12.961219999999997","longitude":"77.63268999999998","responsecode":200},{"latitude":"12.961189999999997","longitude":"77.63259999999998","responsecode":200},{"latitude":"12.961169999999997","longitude":"77.63250999999998","responsecode":200},{"latitude":"12.961159999999998","longitude":"77.63242999999999","responsecode":200},{"latitude":"12.961159999999998","longitude":"77.63233999999999","responsecode":200},{"latitude":"12.961169999999997","longitude":"77.63226999999999","responsecode":200},{"latitude":"12.961179999999997","longitude":"77.63217999999999","responsecode":200},{"latitude":"12.961199999999996","longitude":"77.63207999999999","responsecode":200},{"latitude":"12.961459999999997","longitude":"77.63118999999999","responsecode":200},{"latitude":"12.961659999999997","longitude":"77.63053","responsecode":200},{"latitude":"12.961829999999997","longitude":"77.63001","responsecode":200},{"latitude":"12.961889999999997","longitude":"77.62982","responsecode":200},{"latitude":"12.961939999999997","longitude":"77.62965","responsecode":200},{"latitude":"12.961979999999997","longitude":"77.62951","responsecode":200},{"latitude":"12.962029999999997","longitude":"77.6293","responsecode":200},{"latitude":"12.962069999999997","longitude":"77.62912","responsecode":200},{"latitude":"12.962099999999998","longitude":"77.62895","responsecode":200},{"latitude":"12.962149999999998","longitude":"77.62878","responsecode":200},{"latitude":"12.962179999999998","longitude":"77.62867","responsecode":200},{"latitude":"12.962209999999999","longitude":"77.62856","responsecode":200},{"latitude":"12.962279999999998","longitude":"77.62836999999999","responsecode":200},{"latitude":"12.962339999999998","longitude":"77.62822999999999","responsecode":200},{"latitude":"12.962419999999998","longitude":"77.62807999999998","responsecode":200},{"latitude":"12.962539999999999","longitude":"77.62786999999999","responsecode":200},{"latitude":"12.962722","longitude":"77.62756699999998","responsecode":200},{"latitude":"12.962722","longitude":"77.627567","responsecode":200},{"latitude":"12.96275","longitude":"77.62752","responsecode":200},{"latitude":"12.962959999999999","longitude":"77.62714","responsecode":200},{"latitude":"12.963209999999998","longitude":"77.62671999999999","responsecode":200},{"latitude":"12.963269999999998","longitude":"77.62662999999999","responsecode":200},{"latitude":"12.963339999999997","longitude":"77.62653999999999","responsecode":200},{"latitude":"12.963429999999997","longitude":"77.62646","responsecode":200},{"latitude":"12.963499999999996","longitude":"77.62639999999999","responsecode":200},{"latitude":"12.963589999999996","longitude":"77.62633999999998","responsecode":200},{"latitude":"12.963739999999996","longitude":"77.62624999999998","responsecode":200},{"latitude":"12.964029999999996","longitude":"77.62608999999999","responsecode":200},{"latitude":"12.964249999999996","longitude":"77.62595999999999","responsecode":200},{"latitude":"12.964479999999996","longitude":"77.62584","responsecode":200},{"latitude":"12.965029999999997","longitude":"77.62557","responsecode":200},{"latitude":"12.965469999999996","longitude":"77.62536","responsecode":200},{"latitude":"12.965609999999996","longitude":"77.62529","responsecode":200},{"latitude":"12.965749999999996","longitude":"77.62521000000001","responsecode":200},{"latitude":"12.965919999999997","longitude":"77.62511","responsecode":200},{"latitude":"12.965979999999997","longitude":"77.62507000000001","responsecode":200},{"latitude":"12.966029999999996","longitude":"77.62503000000001","responsecode":200},{"latitude":"12.966089999999996","longitude":"77.62495000000001","responsecode":200},{"latitude":"12.966169999999996","longitude":"77.62483000000002","responsecode":200},{"latitude":"12.966239999999996","longitude":"77.62471000000002","responsecode":200},{"latitude":"12.966359999999996","longitude":"77.62447000000002","responsecode":200},{"latitude":"12.966509999999996","longitude":"77.62414000000001","responsecode":200},{"latitude":"12.966659999999996","longitude":"77.62381","responsecode":200},{"latitude":"12.966789999999996","longitude":"77.62352","responsecode":200},{"latitude":"12.966909999999997","longitude":"77.62322999999999","responsecode":200},{"latitude":"12.966959999999997","longitude":"77.62308999999999","responsecode":200},{"latitude":"12.967019999999996","longitude":"77.62290999999999","responsecode":200},{"latitude":"12.967059999999996","longitude":"77.62276999999999","responsecode":200},{"latitude":"12.967099999999997","longitude":"77.62257999999999","responsecode":200},{"latitude":"12.967119999999996","longitude":"77.62244999999999","responsecode":200},{"latitude":"12.967139999999995","longitude":"77.62225999999998","responsecode":200},{"latitude":"12.967149999999995","longitude":"77.62204999999999","responsecode":200},{"latitude":"12.967149999999995","longitude":"77.62191999999999","responsecode":200},{"latitude":"12.967139999999995","longitude":"77.62180999999998","responsecode":200},{"latitude":"12.967119999999996","longitude":"77.62170999999998","responsecode":200},{"latitude":"12.967099999999997","longitude":"77.62162999999998","responsecode":200},{"latitude":"12.967069999999996","longitude":"77.62153999999998","responsecode":200},{"latitude":"12.967029999999996","longitude":"77.62142999999998","responsecode":200},{"latitude":"12.966989999999996","longitude":"77.62131999999997","responsecode":200},{"latitude":"12.966928999999995","longitude":"77.62116199999997","responsecode":200},{"latitude":"12.966929","longitude":"77.621162","responsecode":200},{"latitude":"12.96692","longitude":"77.62114","responsecode":200},{"latitude":"12.9668","longitude":"77.62089","responsecode":200},{"latitude":"12.966759999999999","longitude":"77.6208","responsecode":200},{"latitude":"12.966679999999998","longitude":"77.62063","responsecode":200},{"latitude":"12.966639999999998","longitude":"77.62056000000001","responsecode":200},{"latitude":"12.966589999999998","longitude":"77.62048000000001","responsecode":200},{"latitude":"12.966549999999998","longitude":"77.62042000000001","responsecode":200},{"latitude":"12.966489999999999","longitude":"77.62034000000001","responsecode":200},{"latitude":"12.966399999999998","longitude":"77.62025000000001","responsecode":200},{"latitude":"12.966289999999999","longitude":"77.62015000000001","responsecode":200},{"latitude":"12.96613","longitude":"77.62002000000001","responsecode":200},{"latitude":"12.96606","longitude":"77.61997000000001","responsecode":200},{"latitude":"12.96597","longitude":"77.61993000000001","responsecode":200},{"latitude":"12.965810000000001","longitude":"77.61988000000001","responsecode":200},{"latitude":"12.96568","longitude":"77.61982","responsecode":200},{"latitude":"12.96563","longitude":"77.61979000000001","responsecode":200},{"latitude":"12.965580000000001","longitude":"77.61975000000001","responsecode":200},{"latitude":"12.96554","longitude":"77.61970000000001","responsecode":200},{"latitude":"12.9655","longitude":"77.61964","responsecode":200},{"latitude":"12.96547","longitude":"77.61955","responsecode":200},{"latitude":"12.96545","longitude":"77.61945","responsecode":200},{"latitude":"12.965440000000001","longitude":"77.61932","responsecode":200},{"latitude":"12.965420000000002","longitude":"77.61917","responsecode":200},{"latitude":"12.965400000000002","longitude":"77.61896999999999","responsecode":200},{"latitude":"12.965370000000002","longitude":"77.61863","responsecode":200},{"latitude":"12.965340000000001","longitude":"77.61816999999999","responsecode":200},{"latitude":"12.965330000000002","longitude":"77.61806999999999","responsecode":200},{"latitude":"12.965310000000002","longitude":"77.61796999999999","responsecode":200},{"latitude":"12.965300000000003","longitude":"77.61775999999999","responsecode":200},{"latitude":"12.965290000000003","longitude":"77.61766999999999","responsecode":200},{"latitude":"12.965420000000003","longitude":"77.61739999999999","responsecode":200},{"latitude":"12.965580000000003","longitude":"77.61693999999999","responsecode":200},{"latitude":"12.965690000000002","longitude":"77.61660999999998","responsecode":200},{"latitude":"12.966000000000003","longitude":"77.61553999999998","responsecode":200},{"latitude":"12.966140000000003","longitude":"77.61500999999998","responsecode":200},{"latitude":"12.966210000000002","longitude":"77.61478999999999","responsecode":200},{"latitude":"12.966280000000001","longitude":"77.61457999999999","responsecode":200},{"latitude":"12.9663","longitude":"77.61449999999999","responsecode":200},{"latitude":"12.9664","longitude":"77.61421999999999","responsecode":200},{"latitude":"12.96648","longitude":"77.61395999999999","responsecode":200},{"latitude":"12.966510000000001","longitude":"77.61384999999999","responsecode":200},{"latitude":"12.96671","longitude":"77.61303999999998","responsecode":200},{"latitude":"12.966750000000001","longitude":"77.61287999999999","responsecode":200},{"latitude":"12.966813000000002","longitude":"77.612603","responsecode":200},{"latitude":"12.966813","longitude":"77.612603","responsecode":200},{"latitude":"12.96685","longitude":"77.61243999999999","responsecode":200},{"latitude":"12.96692","longitude":"77.61213","responsecode":200},{"latitude":"12.96702","longitude":"77.61174","responsecode":200},{"latitude":"12.96706","longitude":"77.61157","responsecode":200},{"latitude":"12.96708","longitude":"77.61147","responsecode":200},{"latitude":"12.967099999999999","longitude":"77.61135999999999","responsecode":200},{"latitude":"12.967109999999998","longitude":"77.61129","responsecode":200},{"latitude":"12.967109999999998","longitude":"77.61124","responsecode":200},{"latitude":"12.967109999999998","longitude":"77.61112","responsecode":200},{"latitude":"12.967099999999999","longitude":"77.61102","responsecode":200},{"latitude":"12.967089999999999","longitude":"77.61092","responsecode":200},{"latitude":"12.967059999999998","longitude":"77.61077999999999","responsecode":200},{"latitude":"12.966999999999999","longitude":"77.61045999999999","responsecode":200},{"latitude":"12.966947","longitude":"77.61017499999998","responsecode":200},{"latitude":"12.966947","longitude":"77.610175","responsecode":200},{"latitude":"12.96693","longitude":"77.61008","responsecode":200},{"latitude":"12.96688","longitude":"77.60983999999999","responsecode":200},{"latitude":"12.96684","longitude":"77.60968999999999","responsecode":200},{"latitude":"12.966759999999999","longitude":"77.60934999999999","responsecode":200},{"latitude":"12.96661","longitude":"77.60874","responsecode":200},{"latitude":"12.966529999999999","longitude":"77.60831999999999","responsecode":200},{"latitude":"12.966499999999998","longitude":"77.60816999999999","responsecode":200},{"latitude":"12.966439999999999","longitude":"77.60782999999999","responsecode":200},{"latitude":"12.966359999999998","longitude":"77.60744","responsecode":200},{"latitude":"12.966279999999998","longitude":"77.60705999999999","responsecode":200},{"latitude":"12.966229999999998","longitude":"77.60685999999998","responsecode":200},{"latitude":"12.966209999999998","longitude":"77.60676999999998","responsecode":200},{"latitude":"12.966169999999998","longitude":"77.60657999999998","responsecode":200},{"latitude":"12.966119999999998","longitude":"77.60619999999997","responsecode":200},{"latitude":"12.966069999999998","longitude":"77.60590999999997","responsecode":200},{"latitude":"12.96605","longitude":"77.60578999999997","responsecode":200},{"latitude":"12.966019999999999","longitude":"77.60557999999997","responsecode":200},{"latitude":"12.96591","longitude":"77.60495999999998","responsecode":200},{"latitude":"12.965869999999999","longitude":"77.60468999999998","responsecode":200},{"latitude":"12.965817","longitude":"77.60432699999998","responsecode":200},{"latitude":"12.965817","longitude":"77.604327","responsecode":200},{"latitude":"12.96576","longitude":"77.60392999999999","responsecode":200},{"latitude":"12.96574","longitude":"77.60381","responsecode":200},{"latitude":"12.96561","longitude":"77.60269","responsecode":200},{"latitude":"12.96556","longitude":"77.60230999999999","responsecode":200},{"latitude":"12.96548","longitude":"77.60175999999998","responsecode":200},{"latitude":"12.96543","longitude":"77.60139999999998","responsecode":200},{"latitude":"12.96539","longitude":"77.60108999999999","responsecode":200},{"latitude":"12.965359999999999","longitude":"77.60093999999998","responsecode":200},{"latitude":"12.96534","longitude":"77.60083999999998","responsecode":200},{"latitude":"12.96529","longitude":"77.60052999999998","responsecode":200},{"latitude":"12.96527","longitude":"77.60034999999998","responsecode":200},{"latitude":"12.965200000000001","longitude":"77.59971999999998","responsecode":200},{"latitude":"12.96522","longitude":"77.59965999999997","responsecode":200},{"latitude":"12.96523","longitude":"77.59959999999997","responsecode":200},{"latitude":"12.96523","longitude":"77.59951999999997","responsecode":200},{"latitude":"12.9652","longitude":"77.59924999999997","responsecode":200},{"latitude":"12.96505","longitude":"77.59805999999998","responsecode":200},{"latitude":"12.965019999999999","longitude":"77.59776999999997","responsecode":200},{"latitude":"12.96496","longitude":"77.59741999999997","responsecode":200},{"latitude":"12.96495","longitude":"77.59726999999997","responsecode":200},{"latitude":"12.96494","longitude":"77.59717999999997","responsecode":200},{"latitude":"12.964920000000001","longitude":"77.59709999999997","responsecode":200},{"latitude":"12.964900000000002","longitude":"77.59702999999998","responsecode":200},{"latitude":"12.964860000000002","longitude":"77.59694999999998","responsecode":200},{"latitude":"12.964840000000002","longitude":"77.59684999999998","responsecode":200},{"latitude":"12.964840000000002","longitude":"77.59679999999997","responsecode":200},{"latitude":"12.964840000000002","longitude":"77.59675999999997","responsecode":200},{"latitude":"12.964840000000002","longitude":"77.59665999999997","responsecode":200},{"latitude":"12.964890000000002","longitude":"77.59636999999996","responsecode":200},{"latitude":"12.964920000000003","longitude":"77.59626999999996","responsecode":200},{"latitude":"12.964960000000003","longitude":"77.59616999999996","responsecode":200},{"latitude":"12.965020000000003","longitude":"77.59605999999995","responsecode":200},{"latitude":"12.965090000000002","longitude":"77.59594999999995","responsecode":200},{"latitude":"12.965160000000001","longitude":"77.59585999999994","responsecode":200},{"latitude":"12.96523","longitude":"77.59577999999995","responsecode":200},{"latitude":"12.96535","longitude":"77.59567999999994","responsecode":200},{"latitude":"12.96545","longitude":"77.59561999999994","responsecode":200},{"latitude":"12.965900000000001","longitude":"77.59531999999994","responsecode":200},{"latitude":"12.9661","longitude":"77.59520999999994","responsecode":200},{"latitude":"12.96643","longitude":"77.59504999999994","responsecode":200},{"latitude":"12.96654","longitude":"77.59497999999995","responsecode":200},{"latitude":"12.96679","longitude":"77.59481999999996","responsecode":200},{"latitude":"12.96688","longitude":"77.59474999999996","responsecode":200},{"latitude":"12.96697","longitude":"77.59467999999997","responsecode":200},{"latitude":"12.96711","longitude":"77.59455999999997","responsecode":200},{"latitude":"12.96738","longitude":"77.59427999999997","responsecode":200},{"latitude":"12.96745","longitude":"77.59419999999997","responsecode":200},{"latitude":"12.96753","longitude":"77.59408999999997","responsecode":200},{"latitude":"12.9676","longitude":"77.59396999999997","responsecode":200},{"latitude":"12.967669999999998","longitude":"77.59382999999997","responsecode":200},{"latitude":"12.967719999999998","longitude":"77.59367999999996","responsecode":200},{"latitude":"12.967769999999998","longitude":"77.59350999999997","responsecode":200},{"latitude":"12.967969999999998","longitude":"77.59270999999997","responsecode":200},{"latitude":"12.967989999999997","longitude":"77.59260999999996","responsecode":200},{"latitude":"12.968059999999996","longitude":"77.59223999999996","responsecode":200},{"latitude":"12.968079999999995","longitude":"77.59209999999996","responsecode":200},{"latitude":"12.968099999999994","longitude":"77.59191999999996","responsecode":200},{"latitude":"12.968099999999994","longitude":"77.59174999999996","responsecode":200},{"latitude":"12.968079999999995","longitude":"77.59156999999996","responsecode":200},{"latitude":"12.968059999999996","longitude":"77.59142999999996","responsecode":200},{"latitude":"12.968019999999996","longitude":"77.59128999999996","responsecode":200},{"latitude":"12.967959999999996","longitude":"77.59112999999996","responsecode":200},{"latitude":"12.967910999999996","longitude":"77.59101499999997","responsecode":200},{"latitude":"12.967911","longitude":"77.591015","responsecode":200},{"latitude":"12.9679","longitude":"77.59099","responsecode":200},{"latitude":"12.96784","longitude":"77.59084","responsecode":200},{"latitude":"12.96779","longitude":"77.5907","responsecode":200},{"latitude":"12.96775","longitude":"77.59056","responsecode":200},{"latitude":"12.96772","longitude":"77.5904","responsecode":200},{"latitude":"12.96768","longitude":"77.5901","responsecode":200},{"latitude":"12.967649999999999","longitude":"77.58978","responsecode":200},{"latitude":"12.967619999999998","longitude":"77.58939000000001","responsecode":200},{"latitude":"12.967589999999998","longitude":"77.58923000000001","responsecode":200},{"latitude":"12.967559999999997","longitude":"77.58909000000001","responsecode":200},{"latitude":"12.967509999999997","longitude":"77.58890000000001","responsecode":200},{"latitude":"12.967459999999997","longitude":"77.58876000000001","responsecode":200},{"latitude":"12.967429999999997","longitude":"77.58869000000001","responsecode":200},{"latitude":"12.967369999999997","longitude":"77.58856000000002","responsecode":200},{"latitude":"12.967289999999997","longitude":"77.58841000000001","responsecode":200},{"latitude":"12.966949999999997","longitude":"77.58813","responsecode":200},{"latitude":"12.966759999999997","longitude":"77.58797000000001","responsecode":200},{"latitude":"12.966759999999997","longitude":"77.58777","responsecode":200},{"latitude":"12.966779999999996","longitude":"77.58766","responsecode":200},{"latitude":"12.966809999999997","longitude":"77.58758","responsecode":200},{"latitude":"12.966859999999997","longitude":"77.58751000000001","responsecode":200},{"latitude":"12.966929999999996","longitude":"77.58739000000001","responsecode":200},{"latitude":"12.967099999999997","longitude":"77.58741000000002","responsecode":200},{"latitude":"12.967479999999997","longitude":"77.58744000000002","responsecode":200},{"latitude":"12.967799999999997","longitude":"77.58725000000001","responsecode":200},{"latitude":"12.967989999999997","longitude":"77.58719","responsecode":200},{"latitude":"12.968400999999997","longitude":"77.586741","responsecode":200},{"latitude":"12.968401","longitude":"77.586741","responsecode":200},{"latitude":"12.96853","longitude":"77.5866","responsecode":200},{"latitude":"12.968679999999999","longitude":"77.58643000000001","responsecode":200},{"latitude":"12.968869999999999","longitude":"77.58623","responsecode":200},{"latitude":"12.968969999999999","longitude":"77.58611","responsecode":200},{"latitude":"12.969129999999998","longitude":"77.58591","responsecode":200},{"latitude":"12.969599999999998","longitude":"77.58537","responsecode":200},{"latitude":"12.969779999999998","longitude":"77.58516","responsecode":200},{"latitude":"12.970169999999998","longitude":"77.5847","responsecode":200},{"latitude":"12.971009999999998","longitude":"77.5838","responsecode":200},{"latitude":"12.971119999999997","longitude":"77.58368","responsecode":200},{"latitude":"12.971679999999997","longitude":"77.583","responsecode":200},{"latitude":"12.972049999999998","longitude":"77.58261","responsecode":200},{"latitude":"12.972169999999998","longitude":"77.58249","responsecode":200},{"latitude":"12.972269999999998","longitude":"77.58236000000001","responsecode":200},{"latitude":"12.972479999999997","longitude":"77.58208","responsecode":200},{"latitude":"12.972579999999997","longitude":"77.58194","responsecode":200},{"latitude":"12.972627999999997","longitude":"77.581849","responsecode":200},{"latitude":"12.972628","longitude":"77.581849","responsecode":200},{"latitude":"12.97269","longitude":"77.58173000000001","responsecode":200},{"latitude":"12.97281","longitude":"77.58153","responsecode":200},{"latitude":"12.972930000000002","longitude":"77.58128","responsecode":200},{"latitude":"12.973020000000002","longitude":"77.58109","responsecode":200},{"latitude":"12.973140000000003","longitude":"77.58084000000001","responsecode":200},{"latitude":"12.973360000000003","longitude":"77.58035000000001","responsecode":200},{"latitude":"12.973610000000003","longitude":"77.57979000000002","responsecode":200},{"latitude":"12.973760000000002","longitude":"77.57944000000002","responsecode":200},{"latitude":"12.973970000000001","longitude":"77.57895000000002","responsecode":200},{"latitude":"12.974060000000001","longitude":"77.57877000000002","responsecode":200},{"latitude":"12.974140000000002","longitude":"77.57858000000002","responsecode":200},{"latitude":"12.974190000000002","longitude":"77.57846000000002","responsecode":200},{"latitude":"12.974270000000002","longitude":"77.57830000000003","responsecode":200},{"latitude":"12.974310000000003","longitude":"77.57822000000003","responsecode":200},{"latitude":"12.974370000000002","longitude":"77.57808000000003","responsecode":200},{"latitude":"12.974540000000003","longitude":"77.57768000000003","responsecode":200},{"latitude":"12.974700000000002","longitude":"77.57726000000002","responsecode":200},{"latitude":"12.974760000000002","longitude":"77.57712000000002","responsecode":200},{"latitude":"12.974800000000002","longitude":"77.57704000000003","responsecode":200},{"latitude":"12.974850000000002","longitude":"77.57696000000003","responsecode":200},{"latitude":"12.974920000000001","longitude":"77.57691000000003","responsecode":200},{"latitude":"12.974960000000001","longitude":"77.57686000000002","responsecode":200},{"latitude":"12.975080000000002","longitude":"77.57668000000002","responsecode":200},{"latitude":"12.975180000000002","longitude":"77.57648000000002","responsecode":200},{"latitude":"12.975260000000002","longitude":"77.57632000000002","responsecode":200},{"latitude":"12.975360000000002","longitude":"77.57611000000003","responsecode":200},{"latitude":"12.975380000000001","longitude":"77.57604000000003","responsecode":200},{"latitude":"12.9754","longitude":"77.57597000000004","responsecode":200},{"latitude":"12.97541","longitude":"77.57588000000004","responsecode":200},{"latitude":"12.97542","longitude":"77.57581000000005","responsecode":200},{"latitude":"12.97551","longitude":"77.57497000000005","responsecode":200},{"latitude":"12.97553","longitude":"77.57478000000005","responsecode":200},{"latitude":"12.97589","longitude":"77.57482000000005","responsecode":200},{"latitude":"12.97613","longitude":"77.57482000000005","responsecode":200},{"latitude":"12.97635","longitude":"77.57480000000004","responsecode":200},{"latitude":"12.97653","longitude":"77.57476000000004","responsecode":200},{"latitude":"12.97666","longitude":"77.57472000000004","responsecode":200},{"latitude":"12.97681","longitude":"77.57465000000005","responsecode":200},{"latitude":"12.97694","longitude":"77.57459000000004","responsecode":200},{"latitude":"12.977120000000001","longitude":"77.57450000000004","responsecode":200},{"latitude":"12.977290000000002","longitude":"77.57440000000004","responsecode":200},{"latitude":"12.977380000000002","longitude":"77.57432000000004","responsecode":200},{"latitude":"12.977370000000002","longitude":"77.57418000000004","responsecode":200},{"latitude":"12.97737","longitude":"77.57418","responsecode":200},{"latitude":"12.97737","longitude":"77.57418","responsecode":200},{"latitude":"12.97731","longitude":"77.57424","responsecode":200},{"latitude":"12.97746","longitude":"77.57409","responsecode":200},{"latitude":"12.97749","longitude":"77.57327","responsecode":200}],"Message":"Success","Issuccess":true,"exception":null,"RowCount":1080,"responsecode":200}