{"data":[{"latitude":"12.93078","longitude":"77.53969","responsecode":200},{"latitude":"12.9308","longitude":"77.53969","responsecode":200},{"latitude":"12.930909999999999","longitude":"77.53969","responsecode":200},{"latitude":"12.93085","longitude":"77.54003999999999","responsecode":200},{"latitude":"12.93079","longitude":"77.54035999999999","responsecode":200},{"latitude":"12.93168","longitude":"77.54073","responsecode":200},{"latitude":"12.93191","longitude":"77.54083","responsecode":200},{"latitude":"12.93239","longitude":"77.54104","responsecode":200},{"latitude":"12.9325","longitude":"77.54088999999999","responsecode":200},{"latitude":"12.932998999999999","longitude":"77.540179","responsecode":200},{"latitude":"12.932999","longitude":"77.540179","responsecode":200},{"latitude":"12.93302","longitude":"77.54015","responsecode":200},{"latitude":"12.93323","longitude":"77.53985999999999","responsecode":200},{"latitude":"12.93334","longitude":"77.5397","responsecode":200},{"latitude":"12.933409999999999","longitude":"77.5396","responsecode":200},{"latitude":"12.933569999999998","longitude":"77.53938","responsecode":200},{"latitude":"12.933639999999997","longitude":"77.53927999999999","responsecode":200},{"latitude":"12.933719999999997","longitude":"77.53916","responsecode":200},{"latitude":"12.933849999999998","longitude":"77.53893","responsecode":200},{"latitude":"12.933899999999998","longitude":"77.53895999999999","responsecode":200},{"latitude":"12.933979999999998","longitude":"77.53899999999999","responsecode":200},{"latitude":"12.934059999999999","longitude":"77.53903999999999","responsecode":200},{"latitude":"12.93414","longitude":"77.53906999999998","responsecode":200},{"latitude":"12.934239999999999","longitude":"77.53909999999998","responsecode":200},{"latitude":"12.9346","longitude":"77.53918999999998","responsecode":200},{"latitude":"12.93456","longitude":"77.53938999999998","responsecode":200},{"latitude":"12.93454","longitude":"77.53948999999999","responsecode":200},{"latitude":"12.934520000000001","longitude":"77.53956999999998","responsecode":200},{"latitude":"12.934470000000001","longitude":"77.53979999999999","responsecode":200},{"latitude":"12.93444","longitude":"77.53983999999998","responsecode":200},{"latitude":"12.93431","longitude":"77.53984999999999","responsecode":200},{"latitude":"12.93431","longitude":"77.53985","responsecode":200},{"latitude":"12.93431","longitude":"77.53985","responsecode":200},{"latitude":"12.93412","longitude":"77.53986","responsecode":200},{"latitude":"12.93407","longitude":"77.53987000000001","responsecode":200},{"latitude":"12.93403","longitude":"77.53989000000001","responsecode":200},{"latitude":"12.934","longitude":"77.53993000000001","responsecode":200},{"latitude":"12.93399","longitude":"77.53998000000001","responsecode":200},{"latitude":"12.93399","longitude":"77.54006000000001","responsecode":200},{"latitude":"12.93399","longitude":"77.54023000000001","responsecode":200},{"latitude":"12.93399","longitude":"77.54043000000001","responsecode":200},{"latitude":"12.93397","longitude":"77.54064000000001","responsecode":200},{"latitude":"12.933950000000001","longitude":"77.5408","responsecode":200},{"latitude":"12.933900000000001","longitude":"77.54103","responsecode":200},{"latitude":"12.933840000000002","longitude":"77.54125","responsecode":200},{"latitude":"12.933720000000001","longitude":"77.54164","responsecode":200},{"latitude":"12.93359","longitude":"77.54206","responsecode":200},{"latitude":"12.93359","longitude":"77.54206","responsecode":200},{"latitude":"12.93359","longitude":"77.54206","responsecode":200},{"latitude":"12.9335","longitude":"77.54235000000001","responsecode":200},{"latitude":"12.9335","longitude":"77.54247000000001","responsecode":200},{"latitude":"12.93346","longitude":"77.54260000000001","responsecode":200},{"latitude":"12.933300000000001","longitude":"77.54313","responsecode":200},{"latitude":"12.933100000000001","longitude":"77.54374","responsecode":200},{"latitude":"12.932890000000002","longitude":"77.54441","responsecode":200},{"latitude":"12.932720000000002","longitude":"77.54489","responsecode":200},{"latitude":"12.932620000000002","longitude":"77.54518","responsecode":200},{"latitude":"12.932730000000001","longitude":"77.54528","responsecode":200},{"latitude":"12.932910000000001","longitude":"77.54543000000001","responsecode":200},{"latitude":"12.93291","longitude":"77.54543","responsecode":200},{"latitude":"12.93291","longitude":"77.54543","responsecode":200},{"latitude":"12.93325","longitude":"77.54569","responsecode":200},{"latitude":"12.933449999999999","longitude":"77.54584999999999","responsecode":200},{"latitude":"12.933819999999999","longitude":"77.54615999999999","responsecode":200},{"latitude":"12.93399","longitude":"77.54629999999999","responsecode":200},{"latitude":"12.93425","longitude":"77.54651999999999","responsecode":200},{"latitude":"12.9345","longitude":"77.54670999999999","responsecode":200},{"latitude":"12.9346","longitude":"77.54678999999999","responsecode":200},{"latitude":"12.93505","longitude":"77.54717999999998","responsecode":200},{"latitude":"12.93524","longitude":"77.54734999999998","responsecode":200},{"latitude":"12.93544","longitude":"77.54750999999997","responsecode":200},{"latitude":"12.93554","longitude":"77.54758999999997","responsecode":200},{"latitude":"12.935609999999999","longitude":"77.54763999999997","responsecode":200},{"latitude":"12.935679999999998","longitude":"77.54770999999997","responsecode":200},{"latitude":"12.935779999999998","longitude":"77.54778999999996","responsecode":200},{"latitude":"12.936389999999998","longitude":"77.54830999999996","responsecode":200},{"latitude":"12.936549999999997","longitude":"77.54844999999996","responsecode":200},{"latitude":"12.936689999999997","longitude":"77.54856999999996","responsecode":200},{"latitude":"12.937033999999997","longitude":"77.54884099999995","responsecode":200},{"latitude":"12.937034","longitude":"77.548841","responsecode":200},{"latitude":"12.93707","longitude":"77.54887","responsecode":200},{"latitude":"12.93748","longitude":"77.54920999999999","responsecode":200},{"latitude":"12.937700000000001","longitude":"77.54942999999999","responsecode":200},{"latitude":"12.937790000000001","longitude":"77.54951999999999","responsecode":200},{"latitude":"12.937910000000002","longitude":"77.54964999999999","responsecode":200},{"latitude":"12.937990000000003","longitude":"77.54974999999999","responsecode":200},{"latitude":"12.938150000000002","longitude":"77.54995999999998","responsecode":200},{"latitude":"12.938270000000003","longitude":"77.55009999999999","responsecode":200},{"latitude":"12.938510000000003","longitude":"77.55039","responsecode":200},{"latitude":"12.938720000000002","longitude":"77.55071","responsecode":200},{"latitude":"12.938780000000001","longitude":"77.5508","responsecode":200},{"latitude":"12.938880000000001","longitude":"77.55098","responsecode":200},{"latitude":"12.938960000000002","longitude":"77.55114999999999","responsecode":200},{"latitude":"12.939020000000001","longitude":"77.55130999999999","responsecode":200},{"latitude":"12.939070000000001","longitude":"77.55145999999999","responsecode":200},{"latitude":"12.93909","longitude":"77.55157","responsecode":200},{"latitude":"12.93909","longitude":"77.55167","responsecode":200},{"latitude":"12.93908","longitude":"77.55181","responsecode":200},{"latitude":"12.939","longitude":"77.55209","responsecode":200},{"latitude":"12.9389","longitude":"77.55237000000001","responsecode":200},{"latitude":"12.93885","longitude":"77.55252000000002","responsecode":200},{"latitude":"12.93875","longitude":"77.55283000000001","responsecode":200},{"latitude":"12.93871","longitude":"77.55296000000001","responsecode":200},{"latitude":"12.93866","longitude":"77.55304000000001","responsecode":200},{"latitude":"12.93861","longitude":"77.5532","responsecode":200},{"latitude":"12.93861","longitude":"77.5532","responsecode":200},{"latitude":"12.93861","longitude":"77.5532","responsecode":200},{"latitude":"12.93857","longitude":"77.55337","responsecode":200},{"latitude":"12.93854","longitude":"77.55355","responsecode":200},{"latitude":"12.93853","longitude":"77.55368","responsecode":200},{"latitude":"12.9385","longitude":"77.55399","responsecode":200},{"latitude":"12.93848","longitude":"77.55433","responsecode":200},{"latitude":"12.938460000000001","longitude":"77.55469","responsecode":200},{"latitude":"12.93843","longitude":"77.55502999999999","responsecode":200},{"latitude":"12.93838","longitude":"77.55545999999998","responsecode":200},{"latitude":"12.93835","longitude":"77.55571999999998","responsecode":200},{"latitude":"12.93831","longitude":"77.55608999999998","responsecode":200},{"latitude":"12.93827","longitude":"77.55632999999999","responsecode":200},{"latitude":"12.93825","longitude":"77.55644999999998","responsecode":200},{"latitude":"12.93821","longitude":"77.55660999999998","responsecode":200},{"latitude":"12.93813","longitude":"77.55681999999997","responsecode":200},{"latitude":"12.93806","longitude":"77.55697999999997","responsecode":200},{"latitude":"12.93793","longitude":"77.55726999999997","responsecode":200},{"latitude":"12.93812","longitude":"77.55731999999998","responsecode":200},{"latitude":"12.93812","longitude":"77.55732","responsecode":200},{"latitude":"12.93812","longitude":"77.55732","responsecode":200},{"latitude":"12.93849","longitude":"77.55738000000001","responsecode":200},{"latitude":"12.93876","longitude":"77.55743000000001","responsecode":200},{"latitude":"12.939","longitude":"77.55747000000001","responsecode":200},{"latitude":"12.93917","longitude":"77.5575","responsecode":200},{"latitude":"12.939440000000001","longitude":"77.55755","responsecode":200},{"latitude":"12.93983","longitude":"77.55762","responsecode":200},{"latitude":"12.94017","longitude":"77.55767","responsecode":200},{"latitude":"12.94051","longitude":"77.55772","responsecode":200},{"latitude":"12.94074","longitude":"77.55776","responsecode":200},{"latitude":"12.94103","longitude":"77.55781","responsecode":200},{"latitude":"12.941139999999999","longitude":"77.55783000000001","responsecode":200},{"latitude":"12.941659999999999","longitude":"77.55793000000001","responsecode":200},{"latitude":"12.941939999999999","longitude":"77.55796000000001","responsecode":200},{"latitude":"12.942229999999999","longitude":"77.55801000000001","responsecode":200},{"latitude":"12.942559999999999","longitude":"77.55806000000001","responsecode":200},{"latitude":"12.943129999999998","longitude":"77.55818000000001","responsecode":200},{"latitude":"12.943529999999999","longitude":"77.55824000000001","responsecode":200},{"latitude":"12.94346","longitude":"77.55828000000001","responsecode":200},{"latitude":"12.94346","longitude":"77.55851000000001","responsecode":200},{"latitude":"12.94346","longitude":"77.55851","responsecode":200},{"latitude":"12.94346","longitude":"77.55862","responsecode":200},{"latitude":"12.94346","longitude":"77.55876","responsecode":200},{"latitude":"12.94346","longitude":"77.5591","responsecode":200},{"latitude":"12.94347","longitude":"77.55949","responsecode":200},{"latitude":"12.94347","longitude":"77.55982999999999","responsecode":200},{"latitude":"12.94347","longitude":"77.56021","responsecode":200},{"latitude":"12.94348","longitude":"77.56081","responsecode":200},{"latitude":"12.943489999999999","longitude":"77.56108","responsecode":200},{"latitude":"12.943489999999999","longitude":"77.56124","responsecode":200},{"latitude":"12.943509999999998","longitude":"77.56165","responsecode":200},{"latitude":"12.94351","longitude":"77.56165","responsecode":200},{"latitude":"12.94351","longitude":"77.56165","responsecode":200},{"latitude":"12.943529999999999","longitude":"77.56206","responsecode":200},{"latitude":"12.943539999999999","longitude":"77.56254","responsecode":200},{"latitude":"12.943549999999998","longitude":"77.56318999999999","responsecode":200},{"latitude":"12.943569999999998","longitude":"77.56407999999999","responsecode":200},{"latitude":"12.943579999999997","longitude":"77.56428","responsecode":200},{"latitude":"12.943909999999997","longitude":"77.56427","responsecode":200},{"latitude":"12.944109999999997","longitude":"77.564264","responsecode":200},{"latitude":"12.94411","longitude":"77.564264","responsecode":200},{"latitude":"12.944230000000001","longitude":"77.56425999999999","responsecode":200},{"latitude":"12.944460000000001","longitude":"77.56425999999999","responsecode":200},{"latitude":"12.94475","longitude":"77.56425999999999","responsecode":200},{"latitude":"12.94527","longitude":"77.56424999999999","responsecode":200},{"latitude":"12.945440000000001","longitude":"77.56424999999999","responsecode":200},{"latitude":"12.945810000000002","longitude":"77.56424999999999","responsecode":200},{"latitude":"12.946220000000002","longitude":"77.56425999999999","responsecode":200},{"latitude":"12.946660000000001","longitude":"77.56424999999999","responsecode":200},{"latitude":"12.94666","longitude":"77.56425","responsecode":200},{"latitude":"12.94666","longitude":"77.56425","responsecode":200},{"latitude":"12.94702","longitude":"77.56424","responsecode":200},{"latitude":"12.94721","longitude":"77.56424","responsecode":200},{"latitude":"12.94728","longitude":"77.56424","responsecode":200},{"latitude":"12.94746","longitude":"77.56424","responsecode":200},{"latitude":"12.947379999999999","longitude":"77.56435","responsecode":200},{"latitude":"12.947299999999998","longitude":"77.56448","responsecode":200},{"latitude":"12.947289999999999","longitude":"77.56474","responsecode":200},{"latitude":"12.94728","longitude":"77.56516","responsecode":200},{"latitude":"12.94728","longitude":"77.56551","responsecode":200},{"latitude":"12.947289999999999","longitude":"77.56588","responsecode":200},{"latitude":"12.947289999999999","longitude":"77.56624000000001","responsecode":200},{"latitude":"12.94729","longitude":"77.56624","responsecode":200},{"latitude":"12.94729","longitude":"77.56624","responsecode":200},{"latitude":"12.94729","longitude":"77.56657","responsecode":200},{"latitude":"12.9473","longitude":"77.56692","responsecode":200},{"latitude":"12.9473","longitude":"77.56698999999999","responsecode":200},{"latitude":"12.94729","longitude":"77.56730999999999","responsecode":200},{"latitude":"12.947320000000001","longitude":"77.56736","responsecode":200},{"latitude":"12.947320000000001","longitude":"77.56772","responsecode":200},{"latitude":"12.947540000000002","longitude":"77.56772","responsecode":200},{"latitude":"12.947630000000002","longitude":"77.56772","responsecode":200},{"latitude":"12.947790000000001","longitude":"77.56774","responsecode":200},{"latitude":"12.947830000000002","longitude":"77.56772","responsecode":200},{"latitude":"12.947880000000001","longitude":"77.56769999999999","responsecode":200},{"latitude":"12.947920000000002","longitude":"77.56769999999999","responsecode":200},{"latitude":"12.947950000000002","longitude":"77.56769999999999","responsecode":200},{"latitude":"12.947980000000003","longitude":"77.56769999999999","responsecode":200},{"latitude":"12.948020000000003","longitude":"77.56770999999999","responsecode":200},{"latitude":"12.948060000000003","longitude":"77.56773","responsecode":200},{"latitude":"12.948150000000004","longitude":"77.56770999999999","responsecode":200},{"latitude":"12.948210000000003","longitude":"77.56769999999999","responsecode":200},{"latitude":"12.948290000000004","longitude":"77.56768999999998","responsecode":200},{"latitude":"12.948420000000004","longitude":"77.56767999999998","responsecode":200},{"latitude":"12.948850000000004","longitude":"77.56764999999999","responsecode":200},{"latitude":"12.948980000000004","longitude":"77.56764699999998","responsecode":200},{"latitude":"12.94898","longitude":"77.567647","responsecode":200},{"latitude":"12.94928","longitude":"77.56764","responsecode":200},{"latitude":"12.94967","longitude":"77.56763","responsecode":200},{"latitude":"12.95003","longitude":"77.56761999999999","responsecode":200},{"latitude":"12.95033","longitude":"77.56760999999999","responsecode":200},{"latitude":"12.950719999999999","longitude":"77.56758999999998","responsecode":200},{"latitude":"12.95094","longitude":"77.56757999999998","responsecode":200},{"latitude":"12.9514","longitude":"77.56755999999997","responsecode":200},{"latitude":"12.95159","longitude":"77.56754999999997","responsecode":200},{"latitude":"12.95178","longitude":"77.56754999999997","responsecode":200},{"latitude":"12.952091999999999","longitude":"77.56753699999997","responsecode":200},{"latitude":"12.952092","longitude":"77.567537","responsecode":200},{"latitude":"12.95226","longitude":"77.56753","responsecode":200},{"latitude":"12.952430000000001","longitude":"77.56752","responsecode":200},{"latitude":"12.95278","longitude":"77.56751","responsecode":200},{"latitude":"12.95298","longitude":"77.5675","responsecode":200},{"latitude":"12.953240000000001","longitude":"77.56748999999999","responsecode":200},{"latitude":"12.95343","longitude":"77.56747999999999","responsecode":200},{"latitude":"12.95359","longitude":"77.56748999999999","responsecode":200},{"latitude":"12.95368","longitude":"77.56754","responsecode":200},{"latitude":"12.95383","longitude":"77.56752999999999","responsecode":200},{"latitude":"12.95396","longitude":"77.56751999999999","responsecode":200},{"latitude":"12.95411","longitude":"77.56750999999998","responsecode":200},{"latitude":"12.95425","longitude":"77.56750999999998","responsecode":200},{"latitude":"12.9545","longitude":"77.56749999999998","responsecode":200},{"latitude":"12.954609999999999","longitude":"77.56749999999998","responsecode":200},{"latitude":"12.954849999999999","longitude":"77.56748999999998","responsecode":200},{"latitude":"12.95521","longitude":"77.56746999999997","responsecode":200},{"latitude":"12.955409999999999","longitude":"77.56745999999997","responsecode":200},{"latitude":"12.95577","longitude":"77.56744999999997","responsecode":200},{"latitude":"12.95586","longitude":"77.56744999999997","responsecode":200},{"latitude":"12.95673","longitude":"77.56741999999997","responsecode":200},{"latitude":"12.95711","longitude":"77.56739999999996","responsecode":200},{"latitude":"12.95714","longitude":"77.56748999999996","responsecode":200},{"latitude":"12.957130000000001","longitude":"77.56776999999997","responsecode":200},{"latitude":"12.957130000000001","longitude":"77.56795999999997","responsecode":200},{"latitude":"12.957133","longitude":"77.56800999999997","responsecode":200},{"latitude":"12.957133","longitude":"77.56801","responsecode":200},{"latitude":"12.95714","longitude":"77.56814","responsecode":200},{"latitude":"12.95715","longitude":"77.56831","responsecode":200},{"latitude":"12.95715","longitude":"77.56846999999999","responsecode":200},{"latitude":"12.95715","longitude":"77.56854999999999","responsecode":200},{"latitude":"12.9572","longitude":"77.56961999999999","responsecode":200},{"latitude":"12.9572","longitude":"77.56979999999999","responsecode":200},{"latitude":"12.95719","longitude":"77.56987999999998","responsecode":200},{"latitude":"12.95716","longitude":"77.56993999999999","responsecode":200},{"latitude":"12.95719","longitude":"77.57074999999999","responsecode":200},{"latitude":"12.957220000000001","longitude":"77.57167999999999","responsecode":200},{"latitude":"12.957250000000002","longitude":"77.57213999999999","responsecode":200},{"latitude":"12.957290000000002","longitude":"77.57222999999999","responsecode":200},{"latitude":"12.957280000000003","longitude":"77.57271999999999","responsecode":200},{"latitude":"12.957300000000002","longitude":"77.57334999999999","responsecode":200},{"latitude":"12.957380000000002","longitude":"77.57345","responsecode":200},{"latitude":"12.957410000000003","longitude":"77.57351","responsecode":200},{"latitude":"12.957460000000003","longitude":"77.57357","responsecode":200},{"latitude":"12.957510000000003","longitude":"77.57365","responsecode":200},{"latitude":"12.957660000000002","longitude":"77.57373","responsecode":200},{"latitude":"12.957860000000002","longitude":"77.57381","responsecode":200},{"latitude":"12.958024000000002","longitude":"77.57386699999999","responsecode":200},{"latitude":"12.958024","longitude":"77.573867","responsecode":200},{"latitude":"12.95812","longitude":"77.57390000000001","responsecode":200},{"latitude":"12.95825","longitude":"77.57395000000001","responsecode":200},{"latitude":"12.958599999999999","longitude":"77.57410000000002","responsecode":200},{"latitude":"12.959069999999999","longitude":"77.57426000000001","responsecode":200},{"latitude":"12.959249999999999","longitude":"77.57433","responsecode":200},{"latitude":"12.959579999999999","longitude":"77.57446","responsecode":200},{"latitude":"12.959729999999999","longitude":"77.57451","responsecode":200},{"latitude":"12.959779999999999","longitude":"77.57456","responsecode":200},{"latitude":"12.960049999999999","longitude":"77.57462000000001","responsecode":200},{"latitude":"12.960729999999998","longitude":"77.57487","responsecode":200},{"latitude":"12.961089999999999","longitude":"77.57506000000001","responsecode":200},{"latitude":"12.961379999999998","longitude":"77.57523","responsecode":200},{"latitude":"12.961479999999998","longitude":"77.57528","responsecode":200},{"latitude":"12.961859999999998","longitude":"77.57549","responsecode":200},{"latitude":"12.961929999999997","longitude":"77.57554","responsecode":200},{"latitude":"12.962009999999998","longitude":"77.57561","responsecode":200},{"latitude":"12.962031999999997","longitude":"77.57563499999999","responsecode":200},{"latitude":"12.962032","longitude":"77.575635","responsecode":200},{"latitude":"12.96209","longitude":"77.57570000000001","responsecode":200},{"latitude":"12.96226","longitude":"77.57590000000002","responsecode":200},{"latitude":"12.96241","longitude":"77.57603000000002","responsecode":200},{"latitude":"12.962530000000001","longitude":"77.57612000000002","responsecode":200},{"latitude":"12.96268","longitude":"77.57622000000002","responsecode":200},{"latitude":"12.96298","longitude":"77.57634000000002","responsecode":200},{"latitude":"12.9634","longitude":"77.57651000000001","responsecode":200},{"latitude":"12.96385","longitude":"77.57671000000002","responsecode":200},{"latitude":"12.964","longitude":"77.57677000000002","responsecode":200},{"latitude":"12.96406","longitude":"77.57680000000002","responsecode":200},{"latitude":"12.96412","longitude":"77.57683000000002","responsecode":200},{"latitude":"12.964189999999999","longitude":"77.57686000000001","responsecode":200},{"latitude":"12.964269999999999","longitude":"77.57689","responsecode":200},{"latitude":"12.9644","longitude":"77.57696","responsecode":200},{"latitude":"12.96439","longitude":"77.57706","responsecode":200},{"latitude":"12.9644","longitude":"77.57717000000001","responsecode":200},{"latitude":"12.96443","longitude":"77.57747","responsecode":200},{"latitude":"12.96444","longitude":"77.57752","responsecode":200},{"latitude":"12.96444","longitude":"77.57758000000001","responsecode":200},{"latitude":"12.96444","longitude":"77.57764000000002","responsecode":200},{"latitude":"12.96442","longitude":"77.57794000000001","responsecode":200},{"latitude":"12.96438","longitude":"77.57836000000002","responsecode":200},{"latitude":"12.964310000000001","longitude":"77.57901000000001","responsecode":200},{"latitude":"12.96418","longitude":"77.58037000000002","responsecode":200},{"latitude":"12.96414","longitude":"77.58081000000001","responsecode":200},{"latitude":"12.96411","longitude":"77.58116000000001","responsecode":200},{"latitude":"12.96408","longitude":"77.58155000000001","responsecode":200},{"latitude":"12.96406","longitude":"77.5818","responsecode":200},{"latitude":"12.96403","longitude":"77.58222","responsecode":200},{"latitude":"12.96401","longitude":"77.58238","responsecode":200},{"latitude":"12.96398","longitude":"77.58272","responsecode":200},{"latitude":"12.96396","longitude":"77.58296","responsecode":200},{"latitude":"12.96393","longitude":"77.58346","responsecode":200},{"latitude":"12.96392","longitude":"77.58376","responsecode":200},{"latitude":"12.96391","longitude":"77.58395","responsecode":200},{"latitude":"12.96391","longitude":"77.58402","responsecode":200},{"latitude":"12.96387","longitude":"77.58412","responsecode":200},{"latitude":"12.96385","longitude":"77.58422","responsecode":200},{"latitude":"12.963830000000002","longitude":"77.58434","responsecode":200},{"latitude":"12.96383","longitude":"77.58434","responsecode":200},{"latitude":"12.96382","longitude":"77.58447","responsecode":200},{"latitude":"12.96381","longitude":"77.58461","responsecode":200},{"latitude":"12.96381","longitude":"77.58472","responsecode":200},{"latitude":"12.96382","longitude":"77.58484","responsecode":200},{"latitude":"12.96384","longitude":"77.58497","responsecode":200},{"latitude":"12.96387","longitude":"77.58511","responsecode":200},{"latitude":"12.96391","longitude":"77.58524","responsecode":200},{"latitude":"12.96397","longitude":"77.58532","responsecode":200},{"latitude":"12.96406","longitude":"77.58542","responsecode":200},{"latitude":"12.96462","longitude":"77.58591","responsecode":200},{"latitude":"12.964689","longitude":"77.585971","responsecode":200},{"latitude":"12.964689","longitude":"77.585971","responsecode":200},{"latitude":"12.96527","longitude":"77.58649","responsecode":200},{"latitude":"12.96533","longitude":"77.58654","responsecode":200},{"latitude":"12.96539","longitude":"77.58659","responsecode":200},{"latitude":"12.96548","longitude":"77.58664","responsecode":200},{"latitude":"12.9656","longitude":"77.58669","responsecode":200},{"latitude":"12.96567","longitude":"77.58671000000001","responsecode":200},{"latitude":"12.965729999999999","longitude":"77.58672000000001","responsecode":200},{"latitude":"12.965799999999998","longitude":"77.58674000000002","responsecode":200},{"latitude":"12.965899999999998","longitude":"77.58678000000002","responsecode":200},{"latitude":"12.966039999999998","longitude":"77.58689000000003","responsecode":200},{"latitude":"12.966359999999998","longitude":"77.58719000000002","responsecode":200},{"latitude":"12.966469999999997","longitude":"77.58726000000001","responsecode":200},{"latitude":"12.966569999999997","longitude":"77.58730000000001","responsecode":200},{"latitude":"12.966689999999998","longitude":"77.58734000000001","responsecode":200},{"latitude":"12.966819999999998","longitude":"77.58737","responsecode":200},{"latitude":"12.966929999999998","longitude":"77.58739000000001","responsecode":200},{"latitude":"12.967099999999999","longitude":"77.58741000000002","responsecode":200},{"latitude":"12.967479999999998","longitude":"77.58744000000002","responsecode":200},{"latitude":"12.967799999999999","longitude":"77.58725000000001","responsecode":200},{"latitude":"12.967989999999999","longitude":"77.58719","responsecode":200},{"latitude":"12.968400999999998","longitude":"77.586741","responsecode":200},{"latitude":"12.968401","longitude":"77.586741","responsecode":200},{"latitude":"12.96853","longitude":"77.5866","responsecode":200},{"latitude":"12.968679999999999","longitude":"77.58643000000001","responsecode":200},{"latitude":"12.968869999999999","longitude":"77.58623","responsecode":200},{"latitude":"12.968969999999999","longitude":"77.58611","responsecode":200},{"latitude":"12.969129999999998","longitude":"77.58591","responsecode":200},{"latitude":"12.969599999999998","longitude":"77.58537","responsecode":200},{"latitude":"12.969779999999998","longitude":"77.58516","responsecode":200},{"latitude":"12.970169999999998","longitude":"77.5847","responsecode":200},{"latitude":"12.971009999999998","longitude":"77.5838","responsecode":200},{"latitude":"12.971119999999997","longitude":"77.58368","responsecode":200},{"latitude":"12.971679999999997","longitude":"77.583","responsecode":200},{"latitude":"12.972049999999998","longitude":"77.58261","responsecode":200},{"latitude":"12.972169999999998","longitude":"77.58249","responsecode":200},{"latitude":"12.972269999999998","longitude":"77.58236000000001","responsecode":200},{"latitude":"12.972479999999997","longitude":"77.58208","responsecode":200},{"latitude":"12.972579999999997","longitude":"77.58194","responsecode":200},{"latitude":"12.972627999999997","longitude":"77.581849","responsecode":200},{"latitude":"12.972628","longitude":"77.581849","responsecode":200},{"latitude":"12.97269","longitude":"77.58173000000001","responsecode":200},{"latitude":"12.97281","longitude":"77.58153","responsecode":200},{"latitude":"12.972930000000002","longitude":"77.58128","responsecode":200},{"latitude":"12.973020000000002","longitude":"77.58109","responsecode":200},{"latitude":"12.973140000000003","longitude":"77.58084000000001","responsecode":200},{"latitude":"12.973360000000003","longitude":"77.58035000000001","responsecode":200},{"latitude":"12.973610000000003","longitude":"77.57979000000002","responsecode":200},{"latitude":"12.973760000000002","longitude":"77.57944000000002","responsecode":200},{"latitude":"12.973970000000001","longitude":"77.57895000000002","responsecode":200},{"latitude":"12.974060000000001","longitude":"77.57877000000002","responsecode":200},{"latitude":"12.974140000000002","longitude":"77.57858000000002","responsecode":200},{"latitude":"12.974190000000002","longitude":"77.57846000000002","responsecode":200},{"latitude":"12.974270000000002","longitude":"77.57830000000003","responsecode":200},{"latitude":"12.974310000000003","longitude":"77.57822000000003","responsecode":200},{"latitude":"12.974370000000002","longitude":"77.57808000000003","responsecode":200},{"latitude":"12.974540000000003","longitude":"77.57768000000003","responsecode":200},{"latitude":"12.974700000000002","longitude":"77.57726000000002","responsecode":200},{"latitude":"12.974760000000002","longitude":"77.57712000000002","responsecode":200},{"latitude":"12.974800000000002","longitude":"77.57704000000003","responsecode":200},{"latitude":"12.974850000000002","longitude":"77.57696000000003","responsecode":200},{"latitude":"12.974920000000001","longitude":"77.57691000000003","responsecode":200},{"latitude":"12.974960000000001","longitude":"77.57686000000002","responsecode":200},{"latitude":"12.975080000000002","longitude":"77.57668000000002","responsecode":200},{"latitude":"12.975180000000002","longitude":"77.57648000000002","responsecode":200},{"latitude":"12.975260000000002","longitude":"77.57632000000002","responsecode":200},{"latitude":"12.975360000000002","longitude":"77.57611000000003","responsecode":200},{"latitude":"12.975380000000001","longitude":"77.57604000000003","responsecode":200},{"latitude":"12.9754","longitude":"77.57597000000004","responsecode":200},{"latitude":"12.97541","longitude":"77.57588000000004","responsecode":200},{"latitude":"12.97542","longitude":"77.57581000000005","responsecode":200},{"latitude":"12.97551","longitude":"77.57497000000005","responsecode":200},{"latitude":"12.97553","longitude":"77.57478000000005","responsecode":200},{"latitude":"12.97589","longitude":"77.57482000000005","responsecode":200},{"latitude":"12.97613","longitude":"77.57482000000005","responsecode":200},{"latitude":"12.97635","longitude":"77.57480000000004","responsecode":200},{"latitude":"12.97653","longitude":"77.57476000000004","responsecode":200},{"latitude":"12.97666","longitude":"77.57472000000004","responsecode":200},{"latitude":"12.97681","longitude":"77.57465000000005","responsecode":200},{"latitude":"12.97694","longitude":"77.57459000000004","responsecode":200},{"latitude":"12.977120000000001","longitude":"77.57450000000004","responsecode":200},{"latitude":"12.977290000000002","longitude":"77.57440000000004","responsecode":200},{"latitude":"12.977380000000002","longitude":"77.57432000000004","responsecode":200},{"latitude":"12.977370000000002","longitude":"77.57418000000004","responsecode":200},{"latitude":"12.97737","longitude":"77.57418","responsecode":200},{"latitude":"12.97737","longitude":"77.57418","responsecode":200},{"latitude":"12.97731","longitude":"77.57424","responsecode":200},{"latitude":"12.97746","longitude":"77.57409","responsecode":200},{"latitude":"12.97749","longitude":"77.57327","responsecode":200}],"Message":"Success","Issuccess":true,"exception":null,"RowCount":429,"responsecode":200}