{"data":[{"latitude":"12.81382","longitude":"77.58128","responsecode":200},{"latitude":"12.81385","longitude":"77.58133000000001","responsecode":200},{"latitude":"12.81389","longitude":"77.58141","responsecode":200},{"latitude":"12.813920000000001","longitude":"77.58149","responsecode":200},{"latitude":"12.81398","longitude":"77.58165","responsecode":200},{"latitude":"12.81408","longitude":"77.58194","responsecode":200},{"latitude":"12.81418","longitude":"77.58216","responsecode":200},{"latitude":"12.81425","longitude":"77.58229","responsecode":200},{"latitude":"12.8143","longitude":"77.58237","responsecode":200},{"latitude":"12.814359999999999","longitude":"77.58245","responsecode":200},{"latitude":"12.814449999999999","longitude":"77.58254","responsecode":200},{"latitude":"12.81453","longitude":"77.5826","responsecode":200},{"latitude":"12.814639999999999","longitude":"77.58266","responsecode":200},{"latitude":"12.814789999999999","longitude":"77.58275","responsecode":200},{"latitude":"12.814879999999999","longitude":"77.58279","responsecode":200},{"latitude":"12.815069999999999","longitude":"77.58286","responsecode":200},{"latitude":"12.815269999999998","longitude":"77.58294","responsecode":200},{"latitude":"12.815539999999999","longitude":"77.58304","responsecode":200},{"latitude":"12.81554","longitude":"77.58304","responsecode":200},{"latitude":"12.81554","longitude":"77.58304","responsecode":200},{"latitude":"12.816600000000001","longitude":"77.58341","responsecode":200},{"latitude":"12.81709","longitude":"77.58359","responsecode":200},{"latitude":"12.81725","longitude":"77.58365","responsecode":200},{"latitude":"12.81739","longitude":"77.58370000000001","responsecode":200},{"latitude":"12.81756","longitude":"77.58377","responsecode":200},{"latitude":"12.81769","longitude":"77.58383","responsecode":200},{"latitude":"12.81794","longitude":"77.58395","responsecode":200},{"latitude":"12.81829","longitude":"77.58413","responsecode":200},{"latitude":"12.81838","longitude":"77.58417","responsecode":200},{"latitude":"12.81867","longitude":"77.58432","responsecode":200},{"latitude":"12.819249999999998","longitude":"77.58461000000001","responsecode":200},{"latitude":"12.819399999999998","longitude":"77.58467000000002","responsecode":200},{"latitude":"12.819489999999998","longitude":"77.58470000000001","responsecode":200},{"latitude":"12.819589999999998","longitude":"77.58473000000001","responsecode":200},{"latitude":"12.81959","longitude":"77.58473","responsecode":200},{"latitude":"12.81959","longitude":"77.58473","responsecode":200},{"latitude":"12.819749999999999","longitude":"77.58476999999999","responsecode":200},{"latitude":"12.820099999999998","longitude":"77.58484999999999","responsecode":200},{"latitude":"12.820989999999998","longitude":"77.58500999999998","responsecode":200},{"latitude":"12.821299999999999","longitude":"77.58504999999998","responsecode":200},{"latitude":"12.82195","longitude":"77.58513999999998","responsecode":200},{"latitude":"12.82217","longitude":"77.58516999999998","responsecode":200},{"latitude":"12.82248","longitude":"77.58518999999998","responsecode":200},{"latitude":"12.82329","longitude":"77.58526999999998","responsecode":200},{"latitude":"12.82352","longitude":"77.58528999999999","responsecode":200},{"latitude":"12.82365","longitude":"77.58530999999999","responsecode":200},{"latitude":"12.823770000000001","longitude":"77.58533999999999","responsecode":200},{"latitude":"12.823890000000002","longitude":"77.58539999999999","responsecode":200},{"latitude":"12.824060000000003","longitude":"77.58549","responsecode":200},{"latitude":"12.824340000000003","longitude":"77.58563","responsecode":200},{"latitude":"12.824750000000003","longitude":"77.58583999999999","responsecode":200},{"latitude":"12.824949000000004","longitude":"77.58593199999999","responsecode":200},{"latitude":"12.824949","longitude":"77.585932","responsecode":200},{"latitude":"12.82516","longitude":"77.58603","responsecode":200},{"latitude":"12.82537","longitude":"77.58610999999999","responsecode":200},{"latitude":"12.82552","longitude":"77.58615999999999","responsecode":200},{"latitude":"12.825729999999998","longitude":"77.58622","responsecode":200},{"latitude":"12.826219999999998","longitude":"77.58637","responsecode":200},{"latitude":"12.826429999999997","longitude":"77.58644","responsecode":200},{"latitude":"12.826539999999996","longitude":"77.58646999999999","responsecode":200},{"latitude":"12.827549999999997","longitude":"77.58679","responsecode":200},{"latitude":"12.827779999999997","longitude":"77.58685999999999","responsecode":200},{"latitude":"12.827899999999998","longitude":"77.58689999999999","responsecode":200},{"latitude":"12.828089999999998","longitude":"77.58695999999999","responsecode":200},{"latitude":"12.828219999999998","longitude":"77.58700999999999","responsecode":200},{"latitude":"12.828529999999999","longitude":"77.58712999999999","responsecode":200},{"latitude":"12.82889","longitude":"77.58727999999999","responsecode":200},{"latitude":"12.82934","longitude":"77.58748","responsecode":200},{"latitude":"12.82947","longitude":"77.58753","responsecode":200},{"latitude":"12.829640000000001","longitude":"77.5876","responsecode":200},{"latitude":"12.830069000000002","longitude":"77.587802","responsecode":200},{"latitude":"12.830069","longitude":"77.587802","responsecode":200},{"latitude":"12.83164","longitude":"77.58854","responsecode":200},{"latitude":"12.832327","longitude":"77.588837","responsecode":200},{"latitude":"12.832327","longitude":"77.588837","responsecode":200},{"latitude":"12.832379999999999","longitude":"77.58886","responsecode":200},{"latitude":"12.83264","longitude":"77.58895","responsecode":200},{"latitude":"12.83288","longitude":"77.58903","responsecode":200},{"latitude":"12.83307","longitude":"77.58908","responsecode":200},{"latitude":"12.8332","longitude":"77.58910999999999","responsecode":200},{"latitude":"12.833309999999999","longitude":"77.58913","responsecode":200},{"latitude":"12.83354","longitude":"77.58915","responsecode":200},{"latitude":"12.83377","longitude":"77.58917000000001","responsecode":200},{"latitude":"12.83409","longitude":"77.58918000000001","responsecode":200},{"latitude":"12.83423","longitude":"77.58918000000001","responsecode":200},{"latitude":"12.83438","longitude":"77.58918000000001","responsecode":200},{"latitude":"12.83455","longitude":"77.58917000000001","responsecode":200},{"latitude":"12.83474","longitude":"77.58915","responsecode":200},{"latitude":"12.83507","longitude":"77.58911","responsecode":200},{"latitude":"12.83534","longitude":"77.58907","responsecode":200},{"latitude":"12.8355","longitude":"77.58905","responsecode":200},{"latitude":"12.835709999999999","longitude":"77.58903","responsecode":200},{"latitude":"12.835919999999998","longitude":"77.58900999999999","responsecode":200},{"latitude":"12.836069999999998","longitude":"77.58899999999998","responsecode":200},{"latitude":"12.836799999999998","longitude":"77.58896999999999","responsecode":200},{"latitude":"12.837519999999998","longitude":"77.58895999999999","responsecode":200},{"latitude":"12.837729999999997","longitude":"77.58894999999998","responsecode":200},{"latitude":"12.837959999999997","longitude":"77.58892999999998","responsecode":200},{"latitude":"12.838149999999997","longitude":"77.58890999999997","responsecode":200},{"latitude":"12.838409999999998","longitude":"77.58887999999997","responsecode":200},{"latitude":"12.838689999999998","longitude":"77.58883999999998","responsecode":200},{"latitude":"12.840099999999998","longitude":"77.58863999999997","responsecode":200},{"latitude":"12.840429999999998","longitude":"77.58859999999997","responsecode":200},{"latitude":"12.841269999999998","longitude":"77.58851999999997","responsecode":200},{"latitude":"12.841449999999998","longitude":"77.58849999999997","responsecode":200},{"latitude":"12.84145","longitude":"77.5885","responsecode":200},{"latitude":"12.84145","longitude":"77.5885","responsecode":200},{"latitude":"12.84173","longitude":"77.58847999999999","responsecode":200},{"latitude":"12.84173","longitude":"77.58854999999998","responsecode":200},{"latitude":"12.84172","longitude":"77.58886999999999","responsecode":200},{"latitude":"12.84171","longitude":"77.58908999999998","responsecode":200},{"latitude":"12.841700000000001","longitude":"77.58931999999999","responsecode":200},{"latitude":"12.841640000000002","longitude":"77.58982999999999","responsecode":200},{"latitude":"12.841630000000002","longitude":"77.58990999999999","responsecode":200},{"latitude":"12.841610000000003","longitude":"77.59003999999999","responsecode":200},{"latitude":"12.841580000000002","longitude":"77.59024","responsecode":200},{"latitude":"12.841550000000002","longitude":"77.59043","responsecode":200},{"latitude":"12.841510000000001","longitude":"77.59058999999999","responsecode":200},{"latitude":"12.841410000000002","longitude":"77.59091","responsecode":200},{"latitude":"12.841220000000002","longitude":"77.59146999999999","responsecode":200},{"latitude":"12.840890000000002","longitude":"77.59245999999999","responsecode":200},{"latitude":"12.840820000000003","longitude":"77.59266999999998","responsecode":200},{"latitude":"12.840730000000002","longitude":"77.59294999999999","responsecode":200},{"latitude":"12.840660000000003","longitude":"77.59316999999999","responsecode":200},{"latitude":"12.840531000000004","longitude":"77.59356399999999","responsecode":200},{"latitude":"12.840531","longitude":"77.593564","responsecode":200},{"latitude":"12.8405","longitude":"77.59366","responsecode":200},{"latitude":"12.84046","longitude":"77.59381","responsecode":200},{"latitude":"12.84038","longitude":"77.59410000000001","responsecode":200},{"latitude":"12.84032","longitude":"77.59443000000002","responsecode":200},{"latitude":"12.84027","longitude":"77.59466000000002","responsecode":200},{"latitude":"12.84023","longitude":"77.59484000000002","responsecode":200},{"latitude":"12.84019","longitude":"77.59502000000002","responsecode":200},{"latitude":"12.84017","longitude":"77.59511000000002","responsecode":200},{"latitude":"12.84014","longitude":"77.59531000000003","responsecode":200},{"latitude":"12.84013","longitude":"77.59541000000003","responsecode":200},{"latitude":"12.84013","longitude":"77.59549000000003","responsecode":200},{"latitude":"12.84013","longitude":"77.59557000000002","responsecode":200},{"latitude":"12.84014","longitude":"77.59564000000002","responsecode":200},{"latitude":"12.84015","longitude":"77.59570000000002","responsecode":200},{"latitude":"12.840169999999999","longitude":"77.59577000000002","responsecode":200},{"latitude":"12.8402","longitude":"77.59585000000001","responsecode":200},{"latitude":"12.840309999999999","longitude":"77.5961","responsecode":200},{"latitude":"12.840369999999998","longitude":"77.59625000000001","responsecode":200},{"latitude":"12.840619999999998","longitude":"77.59680000000002","responsecode":200},{"latitude":"12.840649999999998","longitude":"77.59688000000001","responsecode":200},{"latitude":"12.840679999999999","longitude":"77.59696000000001","responsecode":200},{"latitude":"12.840699999999998","longitude":"77.59701000000001","responsecode":200},{"latitude":"12.840719999999997","longitude":"77.59707000000002","responsecode":200},{"latitude":"12.840729999999997","longitude":"77.59712000000002","responsecode":200},{"latitude":"12.840739999999997","longitude":"77.59719000000001","responsecode":200},{"latitude":"12.840739999999997","longitude":"77.59723000000001","responsecode":200},{"latitude":"12.840736999999997","longitude":"77.59724800000001","responsecode":200},{"latitude":"12.840737","longitude":"77.597248","responsecode":200},{"latitude":"12.84073","longitude":"77.59728999999999","responsecode":200},{"latitude":"12.840720000000001","longitude":"77.59735999999998","responsecode":200},{"latitude":"12.84093","longitude":"77.59743999999998","responsecode":200},{"latitude":"12.84125","longitude":"77.59752999999998","responsecode":200},{"latitude":"12.841380000000001","longitude":"77.59754999999998","responsecode":200},{"latitude":"12.84181","longitude":"77.59762999999998","responsecode":200},{"latitude":"12.842","longitude":"77.59765999999998","responsecode":200},{"latitude":"12.842360000000001","longitude":"77.59776999999998","responsecode":200},{"latitude":"12.842530000000002","longitude":"77.59779999999998","responsecode":200},{"latitude":"12.842670000000002","longitude":"77.59781999999998","responsecode":200},{"latitude":"12.842840000000002","longitude":"77.59784999999998","responsecode":200},{"latitude":"12.843350000000003","longitude":"77.59791999999997","responsecode":200},{"latitude":"12.843790000000002","longitude":"77.59800999999997","responsecode":200},{"latitude":"12.844050000000003","longitude":"77.59802999999998","responsecode":200},{"latitude":"12.844480000000003","longitude":"77.59804999999999","responsecode":200},{"latitude":"12.84448","longitude":"77.59805","responsecode":200},{"latitude":"12.84448","longitude":"77.59805","responsecode":200},{"latitude":"12.844520000000001","longitude":"77.59883","responsecode":200},{"latitude":"12.84453","longitude":"77.599","responsecode":200},{"latitude":"12.84455","longitude":"77.59927","responsecode":200},{"latitude":"12.84458","longitude":"77.59943","responsecode":200},{"latitude":"12.84464","longitude":"77.5996","responsecode":200},{"latitude":"12.84488","longitude":"77.60002","responsecode":200},{"latitude":"12.84502","longitude":"77.60026","responsecode":200},{"latitude":"12.84507","longitude":"77.60033","responsecode":200},{"latitude":"12.8451","longitude":"77.60041","responsecode":200},{"latitude":"12.84512","longitude":"77.6005","responsecode":200},{"latitude":"12.84512","longitude":"77.6006","responsecode":200},{"latitude":"12.84512","longitude":"77.60079","responsecode":200},{"latitude":"12.84503","longitude":"77.60131","responsecode":200},{"latitude":"12.84498","longitude":"77.60157","responsecode":200},{"latitude":"12.84497","longitude":"77.60166","responsecode":200},{"latitude":"12.84488","longitude":"77.60186","responsecode":200},{"latitude":"12.84451","longitude":"77.60233000000001","responsecode":200},{"latitude":"12.84441","longitude":"77.60249","responsecode":200},{"latitude":"12.84436","longitude":"77.60261","responsecode":200},{"latitude":"12.84432","longitude":"77.60276999999999","responsecode":200},{"latitude":"12.84428","longitude":"77.60298999999999","responsecode":200},{"latitude":"12.844289999999999","longitude":"77.60311999999999","responsecode":200},{"latitude":"12.844299999999999","longitude":"77.60350999999999","responsecode":200},{"latitude":"12.844299999999999","longitude":"77.60361999999999","responsecode":200},{"latitude":"12.84428","longitude":"77.60372","responsecode":200},{"latitude":"12.84423","longitude":"77.60382","responsecode":200},{"latitude":"12.84403","longitude":"77.60421","responsecode":200},{"latitude":"12.844","longitude":"77.60432","responsecode":200},{"latitude":"12.84394","longitude":"77.6046","responsecode":200},{"latitude":"12.84394","longitude":"77.60485","responsecode":200},{"latitude":"12.84396","longitude":"77.60507","responsecode":200},{"latitude":"12.84395","longitude":"77.60538","responsecode":200},{"latitude":"12.84393","longitude":"77.60585","responsecode":200},{"latitude":"12.843923","longitude":"77.605959","responsecode":200},{"latitude":"12.843923","longitude":"77.605959","responsecode":200},{"latitude":"12.843910000000001","longitude":"77.60616","responsecode":200},{"latitude":"12.843900000000001","longitude":"77.60641","responsecode":200},{"latitude":"12.843900000000001","longitude":"77.60656999999999","responsecode":200},{"latitude":"12.843890000000002","longitude":"77.60664999999999","responsecode":200},{"latitude":"12.843880000000002","longitude":"77.60670999999999","responsecode":200},{"latitude":"12.843870000000003","longitude":"77.60677","responsecode":200},{"latitude":"12.843830000000002","longitude":"77.60692999999999","responsecode":200},{"latitude":"12.843840000000002","longitude":"77.60696999999999","responsecode":200},{"latitude":"12.843830000000002","longitude":"77.60704999999999","responsecode":200},{"latitude":"12.843800000000002","longitude":"77.60721999999998","responsecode":200},{"latitude":"12.843780000000002","longitude":"77.60736999999999","responsecode":200},{"latitude":"12.843750000000002","longitude":"77.60773999999999","responsecode":200},{"latitude":"12.843750000000002","longitude":"77.60785","responsecode":200},{"latitude":"12.843750000000002","longitude":"77.60795","responsecode":200},{"latitude":"12.843760000000001","longitude":"77.60807","responsecode":200},{"latitude":"12.843770000000001","longitude":"77.60815","responsecode":200},{"latitude":"12.84379","longitude":"77.60822999999999","responsecode":200},{"latitude":"12.843820000000001","longitude":"77.60830999999999","responsecode":200},{"latitude":"12.843860000000001","longitude":"77.60837","responsecode":200},{"latitude":"12.843900000000001","longitude":"77.60840999999999","responsecode":200},{"latitude":"12.843940000000002","longitude":"77.60843999999999","responsecode":200},{"latitude":"12.84401","longitude":"77.60846999999998","responsecode":200},{"latitude":"12.844090000000001","longitude":"77.60847999999999","responsecode":200},{"latitude":"12.8442","longitude":"77.60848999999999","responsecode":200},{"latitude":"12.84434","longitude":"77.60851999999998","responsecode":200},{"latitude":"12.84445","longitude":"77.60855999999998","responsecode":200},{"latitude":"12.84455","longitude":"77.60860999999998","responsecode":200},{"latitude":"12.84539","longitude":"77.60909999999998","responsecode":200},{"latitude":"12.84556","longitude":"77.60917999999998","responsecode":200},{"latitude":"12.84577","longitude":"77.60927999999998","responsecode":200},{"latitude":"12.84604","longitude":"77.60932999999999","responsecode":200},{"latitude":"12.845930000000001","longitude":"77.60938999999999","responsecode":200},{"latitude":"12.84593","longitude":"77.60939","responsecode":200},{"latitude":"12.846039999999999","longitude":"77.60933","responsecode":200},{"latitude":"12.846089999999998","longitude":"77.60931","responsecode":200},{"latitude":"12.846179999999999","longitude":"77.60928","responsecode":200},{"latitude":"12.84626","longitude":"77.60925999999999","responsecode":200},{"latitude":"12.846359999999999","longitude":"77.60923999999999","responsecode":200},{"latitude":"12.84701","longitude":"77.60912999999998","responsecode":200},{"latitude":"12.84718","longitude":"77.60909999999998","responsecode":200},{"latitude":"12.84736","longitude":"77.60907999999998","responsecode":200},{"latitude":"12.84751","longitude":"77.60906999999997","responsecode":200},{"latitude":"12.847669999999999","longitude":"77.60905999999997","responsecode":200},{"latitude":"12.847779999999998","longitude":"77.60905999999997","responsecode":200},{"latitude":"12.84818","longitude":"77.60907999999998","responsecode":200},{"latitude":"12.84864","longitude":"77.60910999999997","responsecode":200},{"latitude":"12.849549999999999","longitude":"77.60911999999998","responsecode":200},{"latitude":"12.84982","longitude":"77.60911999999998","responsecode":200},{"latitude":"12.85008","longitude":"77.60910999999997","responsecode":200},{"latitude":"12.850340000000001","longitude":"77.60908999999997","responsecode":200},{"latitude":"12.851140000000001","longitude":"77.60902999999996","responsecode":200},{"latitude":"12.85138","longitude":"77.60901999999996","responsecode":200},{"latitude":"12.85158","longitude":"77.60901999999996","responsecode":200},{"latitude":"12.8518","longitude":"77.60902999999996","responsecode":200},{"latitude":"12.853010000000001","longitude":"77.60913999999997","responsecode":200},{"latitude":"12.8533","longitude":"77.60917999999997","responsecode":200},{"latitude":"12.85346","longitude":"77.60920999999996","responsecode":200},{"latitude":"12.85363","longitude":"77.60922999999997","responsecode":200},{"latitude":"12.85377","longitude":"77.60926999999997","responsecode":200},{"latitude":"12.853950000000001","longitude":"77.60930999999997","responsecode":200},{"latitude":"12.854140000000001","longitude":"77.60935999999997","responsecode":200},{"latitude":"12.85452","longitude":"77.60946999999997","responsecode":200},{"latitude":"12.85452","longitude":"77.60947","responsecode":200},{"latitude":"12.85452","longitude":"77.60947","responsecode":200},{"latitude":"12.854640000000002","longitude":"77.60952","responsecode":200},{"latitude":"12.854750000000001","longitude":"77.60958000000001","responsecode":200},{"latitude":"12.855","longitude":"77.60972000000001","responsecode":200},{"latitude":"12.855120000000001","longitude":"77.6098","responsecode":200},{"latitude":"12.855260000000001","longitude":"77.60989000000001","responsecode":200},{"latitude":"12.855770000000001","longitude":"77.61022000000001","responsecode":200},{"latitude":"12.856370000000002","longitude":"77.61059000000002","responsecode":200},{"latitude":"12.856760000000001","longitude":"77.61081000000001","responsecode":200},{"latitude":"12.85676","longitude":"77.61081","responsecode":200},{"latitude":"12.85676","longitude":"77.61081","responsecode":200},{"latitude":"12.85703","longitude":"77.61096","responsecode":200},{"latitude":"12.85825","longitude":"77.61162","responsecode":200},{"latitude":"12.85838","longitude":"77.61169","responsecode":200},{"latitude":"12.85862","longitude":"77.61183","responsecode":200},{"latitude":"12.858762","longitude":"77.61191099999999","responsecode":200},{"latitude":"12.858762","longitude":"77.611911","responsecode":200},{"latitude":"12.85937","longitude":"77.61226","responsecode":200},{"latitude":"12.859960000000001","longitude":"77.61257","responsecode":200},{"latitude":"12.860700000000001","longitude":"77.61290000000001","responsecode":200},{"latitude":"12.86081","longitude":"77.61295000000001","responsecode":200},{"latitude":"12.86092","longitude":"77.61301000000002","responsecode":200},{"latitude":"12.86102","longitude":"77.61308000000001","responsecode":200},{"latitude":"12.86111","longitude":"77.61316000000001","responsecode":200},{"latitude":"12.86119","longitude":"77.61326000000001","responsecode":200},{"latitude":"12.86128","longitude":"77.61337000000002","responsecode":200},{"latitude":"12.8618","longitude":"77.61401000000002","responsecode":200},{"latitude":"12.86199","longitude":"77.61423000000002","responsecode":200},{"latitude":"12.86236","longitude":"77.61463000000002","responsecode":200},{"latitude":"12.86257","longitude":"77.61485000000002","responsecode":200},{"latitude":"12.8627","longitude":"77.61500000000002","responsecode":200},{"latitude":"12.86285","longitude":"77.61517000000002","responsecode":200},{"latitude":"12.86297","longitude":"77.61532000000003","responsecode":200},{"latitude":"12.863090000000001","longitude":"77.61547000000003","responsecode":200},{"latitude":"12.863180000000002","longitude":"77.61560000000003","responsecode":200},{"latitude":"12.86325","longitude":"77.61570000000003","responsecode":200},{"latitude":"12.863330000000001","longitude":"77.61583000000003","responsecode":200},{"latitude":"12.8634","longitude":"77.61594000000004","responsecode":200},{"latitude":"12.86349","longitude":"77.61610000000003","responsecode":200},{"latitude":"12.86363","longitude":"77.61637000000003","responsecode":200},{"latitude":"12.863710000000001","longitude":"77.61651000000003","responsecode":200},{"latitude":"12.863790000000002","longitude":"77.61664000000003","responsecode":200},{"latitude":"12.863870000000002","longitude":"77.61676000000003","responsecode":200},{"latitude":"12.863950000000003","longitude":"77.61687000000003","responsecode":200},{"latitude":"12.864030000000003","longitude":"77.61698000000004","responsecode":200},{"latitude":"12.864120000000003","longitude":"77.61710000000004","responsecode":200},{"latitude":"12.864210000000003","longitude":"77.61722000000003","responsecode":200},{"latitude":"12.864560000000003","longitude":"77.61761000000003","responsecode":200},{"latitude":"12.864770000000002","longitude":"77.61784000000003","responsecode":200},{"latitude":"12.864870000000002","longitude":"77.61795000000004","responsecode":200},{"latitude":"12.864980000000001","longitude":"77.61808000000003","responsecode":200},{"latitude":"12.865060000000001","longitude":"77.61818000000004","responsecode":200},{"latitude":"12.865140000000002","longitude":"77.61830000000003","responsecode":200},{"latitude":"12.865320000000002","longitude":"77.61858000000004","responsecode":200},{"latitude":"12.865420000000002","longitude":"77.61875000000003","responsecode":200},{"latitude":"12.865620000000002","longitude":"77.61907000000004","responsecode":200},{"latitude":"12.865750000000002","longitude":"77.61932000000003","responsecode":200},{"latitude":"12.865800000000002","longitude":"77.61941000000003","responsecode":200},{"latitude":"12.865870000000001","longitude":"77.61951000000003","responsecode":200},{"latitude":"12.865920000000001","longitude":"77.61958000000003","responsecode":200},{"latitude":"12.86597","longitude":"77.61964000000003","responsecode":200},{"latitude":"12.86603","longitude":"77.61970000000004","responsecode":200},{"latitude":"12.86611","longitude":"77.61978000000003","responsecode":200},{"latitude":"12.86622","longitude":"77.61988000000004","responsecode":200},{"latitude":"12.86645","longitude":"77.62009000000003","responsecode":200},{"latitude":"12.86663","longitude":"77.62024000000004","responsecode":200},{"latitude":"12.86677","longitude":"77.62035000000004","responsecode":200},{"latitude":"12.86691","longitude":"77.62045000000005","responsecode":200},{"latitude":"12.86716","longitude":"77.62061000000004","responsecode":200},{"latitude":"12.86763","longitude":"77.62085000000005","responsecode":200},{"latitude":"12.86807","longitude":"77.62106000000004","responsecode":200},{"latitude":"12.869169999999999","longitude":"77.62160000000004","responsecode":200},{"latitude":"12.869269999999998","longitude":"77.62167000000004","responsecode":200},{"latitude":"12.869339999999998","longitude":"77.62173000000004","responsecode":200},{"latitude":"12.869399999999997","longitude":"77.62180000000004","responsecode":200},{"latitude":"12.869449999999997","longitude":"77.62188000000003","responsecode":200},{"latitude":"12.869489999999997","longitude":"77.62199000000004","responsecode":200},{"latitude":"12.869519999999998","longitude":"77.62209000000004","responsecode":200},{"latitude":"12.869539999999997","longitude":"77.62217000000004","responsecode":200},{"latitude":"12.869559999999996","longitude":"77.62227000000004","responsecode":200},{"latitude":"12.869579999999996","longitude":"77.62238000000005","responsecode":200},{"latitude":"12.869589999999995","longitude":"77.62248000000005","responsecode":200},{"latitude":"12.869599999999995","longitude":"77.62267000000006","responsecode":200},{"latitude":"12.869619999999994","longitude":"77.62280000000005","responsecode":200},{"latitude":"12.869649999999995","longitude":"77.62291000000006","responsecode":200},{"latitude":"12.869689999999995","longitude":"77.62303000000006","responsecode":200},{"latitude":"12.869879999999995","longitude":"77.62348000000006","responsecode":200},{"latitude":"12.869949999999994","longitude":"77.62361000000006","responsecode":200},{"latitude":"12.870029999999995","longitude":"77.62374000000005","responsecode":200},{"latitude":"12.870109999999995","longitude":"77.62384000000006","responsecode":200},{"latitude":"12.870179999999994","longitude":"77.62392000000006","responsecode":200},{"latitude":"12.870279999999994","longitude":"77.62402000000006","responsecode":200},{"latitude":"12.870369999999994","longitude":"77.62409000000005","responsecode":200},{"latitude":"12.870409999999994","longitude":"77.62413000000005","responsecode":200},{"latitude":"12.870449999999995","longitude":"77.62419000000006","responsecode":200},{"latitude":"12.870529999999995","longitude":"77.62436000000005","responsecode":200},{"latitude":"12.870549999999994","longitude":"77.62440000000005","responsecode":200},{"latitude":"12.870569999999994","longitude":"77.62443000000005","responsecode":200},{"latitude":"12.870609999999994","longitude":"77.62447000000004","responsecode":200},{"latitude":"12.870659999999994","longitude":"77.62449000000005","responsecode":200},{"latitude":"12.870719999999993","longitude":"77.62450000000005","responsecode":200},{"latitude":"12.870799999999994","longitude":"77.62450000000005","responsecode":200},{"latitude":"12.870889999999994","longitude":"77.62449000000005","responsecode":200},{"latitude":"12.871119999999994","longitude":"77.62447000000004","responsecode":200},{"latitude":"12.871239999999995","longitude":"77.62446000000004","responsecode":200},{"latitude":"12.871369999999995","longitude":"77.62445000000004","responsecode":200},{"latitude":"12.871499999999996","longitude":"77.62445000000004","responsecode":200},{"latitude":"12.871599999999995","longitude":"77.62446000000004","responsecode":200},{"latitude":"12.871729999999996","longitude":"77.62448000000005","responsecode":200},{"latitude":"12.871929999999995","longitude":"77.62452000000005","responsecode":200},{"latitude":"12.872079999999995","longitude":"77.62455000000004","responsecode":200},{"latitude":"12.872169999999995","longitude":"77.62457000000005","responsecode":200},{"latitude":"12.872309999999995","longitude":"77.62460000000004","responsecode":200},{"latitude":"12.872729999999995","longitude":"77.62470000000005","responsecode":200},{"latitude":"12.872822999999995","longitude":"77.62472300000005","responsecode":200},{"latitude":"12.872823","longitude":"77.624723","responsecode":200},{"latitude":"12.87285","longitude":"77.62473","responsecode":200},{"latitude":"12.87297","longitude":"77.62477","responsecode":200},{"latitude":"12.87308","longitude":"77.62482","responsecode":200},{"latitude":"12.87317","longitude":"77.62487","responsecode":200},{"latitude":"12.87325","longitude":"77.62492","responsecode":200},{"latitude":"12.8733","longitude":"77.62496","responsecode":200},{"latitude":"12.87349","longitude":"77.62511","responsecode":200},{"latitude":"12.87358","longitude":"77.62533","responsecode":200},{"latitude":"12.873594","longitude":"77.625358","responsecode":200},{"latitude":"12.873594","longitude":"77.625358","responsecode":200},{"latitude":"12.87363","longitude":"77.62543000000001","responsecode":200},{"latitude":"12.87369","longitude":"77.62554000000002","responsecode":200},{"latitude":"12.87377","longitude":"77.62566000000001","responsecode":200},{"latitude":"12.87383","longitude":"77.62574000000001","responsecode":200},{"latitude":"12.87391","longitude":"77.62583000000001","responsecode":200},{"latitude":"12.87398","longitude":"77.62589000000001","responsecode":200},{"latitude":"12.874049999999999","longitude":"77.62593000000001","responsecode":200},{"latitude":"12.874149999999998","longitude":"77.62597000000001","responsecode":200},{"latitude":"12.874239999999999","longitude":"77.626","responsecode":200},{"latitude":"12.874399999999998","longitude":"77.62603","responsecode":200},{"latitude":"12.874629999999998","longitude":"77.62607","responsecode":200},{"latitude":"12.874779999999998","longitude":"77.62609","responsecode":200},{"latitude":"12.874979999999997","longitude":"77.62611000000001","responsecode":200},{"latitude":"12.875299999999998","longitude":"77.62612000000001","responsecode":200},{"latitude":"12.875429999999998","longitude":"77.62611000000001","responsecode":200},{"latitude":"12.875809999999998","longitude":"77.62614","responsecode":200},{"latitude":"12.876049999999998","longitude":"77.62617","responsecode":200},{"latitude":"12.876139999999998","longitude":"77.62618","responsecode":200},{"latitude":"12.876219999999998","longitude":"77.62617","responsecode":200},{"latitude":"12.876299999999999","longitude":"77.62613","responsecode":200},{"latitude":"12.87643","longitude":"77.62604","responsecode":200},{"latitude":"12.876499999999998","longitude":"77.626","responsecode":200},{"latitude":"12.876569999999997","longitude":"77.62597000000001","responsecode":200},{"latitude":"12.876759999999997","longitude":"77.62591","responsecode":200},{"latitude":"12.876809999999997","longitude":"77.62589","responsecode":200},{"latitude":"12.876919999999997","longitude":"77.62583","responsecode":200},{"latitude":"12.877029999999996","longitude":"77.62576999999999","responsecode":200},{"latitude":"12.877139999999995","longitude":"77.62571999999999","responsecode":200},{"latitude":"12.877259999999996","longitude":"77.62567999999999","responsecode":200},{"latitude":"12.877379999999997","longitude":"77.62563999999999","responsecode":200},{"latitude":"12.877519999999997","longitude":"77.62559999999999","responsecode":200},{"latitude":"12.877609999999997","longitude":"77.62557999999999","responsecode":200},{"latitude":"12.877729999999998","longitude":"77.62554999999999","responsecode":200},{"latitude":"12.877829999999998","longitude":"77.62552999999998","responsecode":200},{"latitude":"12.87783","longitude":"77.62553","responsecode":200},{"latitude":"12.87783","longitude":"77.62553","responsecode":200},{"latitude":"12.877899999999999","longitude":"77.62539","responsecode":200},{"latitude":"12.877969999999998","longitude":"77.62526","responsecode":200},{"latitude":"12.878039999999997","longitude":"77.62514999999999","responsecode":200},{"latitude":"12.878119999999997","longitude":"77.62503999999998","responsecode":200},{"latitude":"12.878209999999997","longitude":"77.62493999999998","responsecode":200},{"latitude":"12.878319999999997","longitude":"77.62483999999998","responsecode":200},{"latitude":"12.878409999999997","longitude":"77.62477999999997","responsecode":200},{"latitude":"12.878509999999997","longitude":"77.62473999999997","responsecode":200},{"latitude":"12.878629999999998","longitude":"77.62471999999997","responsecode":200},{"latitude":"12.878739999999997","longitude":"77.62470999999996","responsecode":200},{"latitude":"12.878949999999996","longitude":"77.62468999999996","responsecode":200},{"latitude":"12.879059999999996","longitude":"77.62467999999996","responsecode":200},{"latitude":"12.879169999999995","longitude":"77.62466999999995","responsecode":200},{"latitude":"12.879279999999994","longitude":"77.62464999999995","responsecode":200},{"latitude":"12.879399999999995","longitude":"77.62461999999995","responsecode":200},{"latitude":"12.879509999999994","longitude":"77.62459999999994","responsecode":200},{"latitude":"12.879649999999994","longitude":"77.62457999999994","responsecode":200},{"latitude":"12.879719999999994","longitude":"77.62456999999993","responsecode":200},{"latitude":"12.879869999999993","longitude":"77.62455999999993","responsecode":200},{"latitude":"12.87987","longitude":"77.62456","responsecode":200},{"latitude":"12.87987","longitude":"77.62456","responsecode":200},{"latitude":"12.88006","longitude":"77.62456","responsecode":200},{"latitude":"12.88029","longitude":"77.62457","responsecode":200},{"latitude":"12.88057","longitude":"77.6246","responsecode":200},{"latitude":"12.8809","longitude":"77.62464","responsecode":200},{"latitude":"12.88128","longitude":"77.62467","responsecode":200},{"latitude":"12.88139","longitude":"77.62468","responsecode":200},{"latitude":"12.88161","longitude":"77.6247","responsecode":200},{"latitude":"12.88182","longitude":"77.62471000000001","responsecode":200},{"latitude":"12.88185","longitude":"77.624712","responsecode":200},{"latitude":"12.88185","longitude":"77.624712","responsecode":200},{"latitude":"12.88196","longitude":"77.62472","responsecode":200},{"latitude":"12.88204","longitude":"77.62472","responsecode":200},{"latitude":"12.88224","longitude":"77.62473","responsecode":200},{"latitude":"12.88233","longitude":"77.62474","responsecode":200},{"latitude":"12.88255","longitude":"77.62476000000001","responsecode":200},{"latitude":"12.882950000000001","longitude":"77.62479","responsecode":200},{"latitude":"12.883070000000002","longitude":"77.62480000000001","responsecode":200},{"latitude":"12.883260000000002","longitude":"77.62481000000001","responsecode":200},{"latitude":"12.883880000000001","longitude":"77.62485000000001","responsecode":200},{"latitude":"12.88409","longitude":"77.62486000000001","responsecode":200},{"latitude":"12.88427","longitude":"77.62488000000002","responsecode":200},{"latitude":"12.884390000000002","longitude":"77.62490000000003","responsecode":200},{"latitude":"12.884530000000002","longitude":"77.62493000000002","responsecode":200},{"latitude":"12.884700000000002","longitude":"77.62498000000002","responsecode":200},{"latitude":"12.884830000000003","longitude":"77.62502000000002","responsecode":200},{"latitude":"12.885030000000002","longitude":"77.62510000000002","responsecode":200},{"latitude":"12.88503","longitude":"77.6251","responsecode":200},{"latitude":"12.88503","longitude":"77.6251","responsecode":200},{"latitude":"12.88519","longitude":"77.62515","responsecode":200},{"latitude":"12.88534","longitude":"77.62519","responsecode":200},{"latitude":"12.88558","longitude":"77.62525000000001","responsecode":200},{"latitude":"12.885689999999999","longitude":"77.62528","responsecode":200},{"latitude":"12.885979999999998","longitude":"77.62535","responsecode":200},{"latitude":"12.886279999999998","longitude":"77.62543","responsecode":200},{"latitude":"12.886599999999998","longitude":"77.62549","responsecode":200},{"latitude":"12.886819999999998","longitude":"77.62553","responsecode":200},{"latitude":"12.887019999999998","longitude":"77.62554","responsecode":200},{"latitude":"12.887129999999997","longitude":"77.62555","responsecode":200},{"latitude":"12.887199999999996","longitude":"77.62556000000001","responsecode":200},{"latitude":"12.887429999999997","longitude":"77.62558000000001","responsecode":200},{"latitude":"12.887629999999996","longitude":"77.62559000000002","responsecode":200},{"latitude":"12.887789999999995","longitude":"77.62559000000002","responsecode":200},{"latitude":"12.887939999999995","longitude":"77.62558000000001","responsecode":200},{"latitude":"12.888099999999994","longitude":"77.62558000000001","responsecode":200},{"latitude":"12.888199999999994","longitude":"77.62558000000001","responsecode":200},{"latitude":"12.888339999999994","longitude":"77.62559000000002","responsecode":200},{"latitude":"12.888539999999994","longitude":"77.62561000000002","responsecode":200},{"latitude":"12.888809999999994","longitude":"77.62565000000002","responsecode":200},{"latitude":"12.88881","longitude":"77.62565","responsecode":200},{"latitude":"12.88881","longitude":"77.62565","responsecode":200},{"latitude":"12.88899","longitude":"77.62567","responsecode":200},{"latitude":"12.88914","longitude":"77.62569","responsecode":200},{"latitude":"12.889249999999999","longitude":"77.62570000000001","responsecode":200},{"latitude":"12.889539999999998","longitude":"77.62571000000001","responsecode":200},{"latitude":"12.88971","longitude":"77.62572000000002","responsecode":200},{"latitude":"12.889859999999999","longitude":"77.62573000000002","responsecode":200},{"latitude":"12.890149999999998","longitude":"77.62575000000002","responsecode":200},{"latitude":"12.890449999999998","longitude":"77.62577000000003","responsecode":200},{"latitude":"12.890609999999997","longitude":"77.62578000000003","responsecode":200},{"latitude":"12.890759999999997","longitude":"77.62580000000004","responsecode":200},{"latitude":"12.890899999999997","longitude":"77.62582000000005","responsecode":200},{"latitude":"12.891029999999997","longitude":"77.62584000000005","responsecode":200},{"latitude":"12.891299999999998","longitude":"77.62586000000006","responsecode":200},{"latitude":"12.891619999999998","longitude":"77.62586700000006","responsecode":200},{"latitude":"12.89162","longitude":"77.625867","responsecode":200},{"latitude":"12.89179","longitude":"77.62587","responsecode":200},{"latitude":"12.892100000000001","longitude":"77.62588000000001","responsecode":200},{"latitude":"12.892460000000002","longitude":"77.62588000000001","responsecode":200},{"latitude":"12.89253","longitude":"77.62588000000001","responsecode":200},{"latitude":"12.89276","longitude":"77.62587","responsecode":200},{"latitude":"12.89287","longitude":"77.62586","responsecode":200},{"latitude":"12.89303","longitude":"77.62584","responsecode":200},{"latitude":"12.89336","longitude":"77.6258","responsecode":200},{"latitude":"12.89367","longitude":"77.62575","responsecode":200},{"latitude":"12.893930000000001","longitude":"77.62571","responsecode":200},{"latitude":"12.894010000000002","longitude":"77.6257","responsecode":200},{"latitude":"12.894190000000002","longitude":"77.6257","responsecode":200},{"latitude":"12.894300000000001","longitude":"77.62571","responsecode":200},{"latitude":"12.894380000000002","longitude":"77.62573","responsecode":200},{"latitude":"12.894480000000001","longitude":"77.62577","responsecode":200},{"latitude":"12.894540000000001","longitude":"77.62579000000001","responsecode":200},{"latitude":"12.8947","longitude":"77.62585000000001","responsecode":200},{"latitude":"12.894820000000001","longitude":"77.62589000000001","responsecode":200},{"latitude":"12.894910000000001","longitude":"77.62592000000001","responsecode":200},{"latitude":"12.895030000000002","longitude":"77.62595","responsecode":200},{"latitude":"12.895150000000003","longitude":"77.62597000000001","responsecode":200},{"latitude":"12.895300000000002","longitude":"77.62599000000002","responsecode":200},{"latitude":"12.895480000000003","longitude":"77.62601000000002","responsecode":200},{"latitude":"12.895610000000003","longitude":"77.62603000000003","responsecode":200},{"latitude":"12.895730000000004","longitude":"77.62605000000003","responsecode":200},{"latitude":"12.895830000000004","longitude":"77.62606000000004","responsecode":200},{"latitude":"12.895960000000004","longitude":"77.62606000000004","responsecode":200},{"latitude":"12.896080000000005","longitude":"77.62606000000004","responsecode":200},{"latitude":"12.896220000000005","longitude":"77.62607000000004","responsecode":200},{"latitude":"12.896370000000005","longitude":"77.62609000000005","responsecode":200},{"latitude":"12.896510000000005","longitude":"77.62611000000005","responsecode":200},{"latitude":"12.896650000000005","longitude":"77.62613000000006","responsecode":200},{"latitude":"12.896780000000005","longitude":"77.62615000000007","responsecode":200},{"latitude":"12.897130000000004","longitude":"77.62620000000007","responsecode":200},{"latitude":"12.89713","longitude":"77.6262","responsecode":200},{"latitude":"12.89713","longitude":"77.6262","responsecode":200},{"latitude":"12.897260000000001","longitude":"77.62622","responsecode":200},{"latitude":"12.897380000000002","longitude":"77.62624000000001","responsecode":200},{"latitude":"12.897590000000001","longitude":"77.62629000000001","responsecode":200},{"latitude":"12.897820000000001","longitude":"77.62635000000002","responsecode":200},{"latitude":"12.898130000000002","longitude":"77.62644000000002","responsecode":200},{"latitude":"12.898290000000001","longitude":"77.62649000000002","responsecode":200},{"latitude":"12.89835","longitude":"77.62651000000002","responsecode":200},{"latitude":"12.898470000000001","longitude":"77.62654000000002","responsecode":200},{"latitude":"12.89882","longitude":"77.62662000000002","responsecode":200},{"latitude":"12.89897","longitude":"77.62665000000001","responsecode":200},{"latitude":"12.89908","longitude":"77.62668000000001","responsecode":200},{"latitude":"12.899239999999999","longitude":"77.62672","responsecode":200},{"latitude":"12.899339999999999","longitude":"77.62675","responsecode":200},{"latitude":"12.899674","longitude":"77.626844","responsecode":200},{"latitude":"12.899674","longitude":"77.626844","responsecode":200},{"latitude":"12.899909999999998","longitude":"77.62691000000001","responsecode":200},{"latitude":"12.900439999999998","longitude":"77.62704000000001","responsecode":200},{"latitude":"12.900779999999997","longitude":"77.62713000000001","responsecode":200},{"latitude":"12.900989999999997","longitude":"77.62718000000001","responsecode":200},{"latitude":"12.901149999999996","longitude":"77.62721","responsecode":200},{"latitude":"12.901399999999995","longitude":"77.62725","responsecode":200},{"latitude":"12.901669999999996","longitude":"77.62729","responsecode":200},{"latitude":"12.901819999999995","longitude":"77.62732","responsecode":200},{"latitude":"12.901999999999996","longitude":"77.62734999999999","responsecode":200},{"latitude":"12.902149999999995","longitude":"77.62737999999999","responsecode":200},{"latitude":"12.902339999999995","longitude":"77.62740999999998","responsecode":200},{"latitude":"12.902467999999995","longitude":"77.62742599999999","responsecode":200},{"latitude":"12.902468","longitude":"77.627426","responsecode":200},{"latitude":"12.9025","longitude":"77.62743","responsecode":200},{"latitude":"12.90266","longitude":"77.62743","responsecode":200},{"latitude":"12.902899999999999","longitude":"77.62740000000001","responsecode":200},{"latitude":"12.903039999999999","longitude":"77.62737000000001","responsecode":200},{"latitude":"12.90316","longitude":"77.62733000000001","responsecode":200},{"latitude":"12.90327","longitude":"77.62728000000001","responsecode":200},{"latitude":"12.90335","longitude":"77.62725000000002","responsecode":200},{"latitude":"12.903419999999999","longitude":"77.62723000000001","responsecode":200},{"latitude":"12.9035","longitude":"77.62723000000001","responsecode":200},{"latitude":"12.90359","longitude":"77.62721","responsecode":200},{"latitude":"12.90367","longitude":"77.62721","responsecode":200},{"latitude":"12.90396","longitude":"77.62726","responsecode":200},{"latitude":"12.9043","longitude":"77.62733","responsecode":200},{"latitude":"12.90475","longitude":"77.6274","responsecode":200},{"latitude":"12.90502","longitude":"77.62743999999999","responsecode":200},{"latitude":"12.90529","longitude":"77.6275","responsecode":200},{"latitude":"12.905560000000001","longitude":"77.62756999999999","responsecode":200},{"latitude":"12.905830000000002","longitude":"77.62764999999999","responsecode":200},{"latitude":"12.906080000000001","longitude":"77.62771999999998","responsecode":200},{"latitude":"12.906210000000002","longitude":"77.62775999999998","responsecode":200},{"latitude":"12.906330000000002","longitude":"77.62780999999998","responsecode":200},{"latitude":"12.906440000000002","longitude":"77.62786999999999","responsecode":200},{"latitude":"12.906550000000001","longitude":"77.62795999999999","responsecode":200},{"latitude":"12.906630000000002","longitude":"77.62804999999999","responsecode":200},{"latitude":"12.906710000000002","longitude":"77.62814999999999","responsecode":200},{"latitude":"12.906790000000003","longitude":"77.62826","responsecode":200},{"latitude":"12.906860000000002","longitude":"77.62837","responsecode":200},{"latitude":"12.906920000000001","longitude":"77.62847000000001","responsecode":200},{"latitude":"12.90694","longitude":"77.62851","responsecode":200},{"latitude":"12.90694","longitude":"77.62851","responsecode":200},{"latitude":"12.90695","longitude":"77.62853000000001","responsecode":200},{"latitude":"12.90697","longitude":"77.62859000000002","responsecode":200},{"latitude":"12.90697","longitude":"77.62866000000001","responsecode":200},{"latitude":"12.907129999999999","longitude":"77.62855","responsecode":200},{"latitude":"12.907989999999998","longitude":"77.628","responsecode":200},{"latitude":"12.908129999999998","longitude":"77.62792","responsecode":200},{"latitude":"12.908419999999998","longitude":"77.62774","responsecode":200},{"latitude":"12.908929999999998","longitude":"77.62743","responsecode":200},{"latitude":"12.909279999999997","longitude":"77.62722000000001","responsecode":200},{"latitude":"12.909619999999997","longitude":"77.62701000000001","responsecode":200},{"latitude":"12.909949999999997","longitude":"77.62682000000001","responsecode":200},{"latitude":"12.910119999999997","longitude":"77.62671","responsecode":200},{"latitude":"12.910269999999997","longitude":"77.62661","responsecode":200},{"latitude":"12.911139999999998","longitude":"77.62603","responsecode":200},{"latitude":"12.911329999999998","longitude":"77.62593","responsecode":200},{"latitude":"12.911584999999997","longitude":"77.6258","responsecode":200},{"latitude":"12.911585","longitude":"77.6258","responsecode":200},{"latitude":"12.911760000000001","longitude":"77.62571","responsecode":200},{"latitude":"12.912","longitude":"77.62559","responsecode":200},{"latitude":"12.91225","longitude":"77.62544","responsecode":200},{"latitude":"12.91283","longitude":"77.62508","responsecode":200},{"latitude":"12.91293","longitude":"77.62503","responsecode":200},{"latitude":"12.913419999999999","longitude":"77.62473999999999","responsecode":200},{"latitude":"12.913669999999998","longitude":"77.62456999999999","responsecode":200},{"latitude":"12.913739999999997","longitude":"77.62451999999999","responsecode":200},{"latitude":"12.913829999999997","longitude":"77.62445999999998","responsecode":200},{"latitude":"12.913929999999997","longitude":"77.62439999999998","responsecode":200},{"latitude":"12.914019999999997","longitude":"77.62434999999998","responsecode":200},{"latitude":"12.914119999999997","longitude":"77.62428999999997","responsecode":200},{"latitude":"12.914229999999996","longitude":"77.62422999999997","responsecode":200},{"latitude":"12.914349999999997","longitude":"77.62416999999996","responsecode":200},{"latitude":"12.914379999999998","longitude":"77.62429999999996","responsecode":200},{"latitude":"12.914919999999999","longitude":"77.62402999999996","responsecode":200},{"latitude":"12.91523","longitude":"77.62385999999996","responsecode":200},{"latitude":"12.91593","longitude":"77.62344999999996","responsecode":200},{"latitude":"12.91644","longitude":"77.62315999999996","responsecode":200},{"latitude":"12.916789999999999","longitude":"77.62294999999996","responsecode":200},{"latitude":"12.91705","longitude":"77.62279999999996","responsecode":200},{"latitude":"12.91722","longitude":"77.62268999999995","responsecode":200},{"latitude":"12.917300000000001","longitude":"77.62264999999995","responsecode":200},{"latitude":"12.917390000000001","longitude":"77.62259999999995","responsecode":200},{"latitude":"12.917480000000001","longitude":"77.62254999999995","responsecode":200},{"latitude":"12.918090000000001","longitude":"77.62217999999994","responsecode":200},{"latitude":"12.918320000000001","longitude":"77.62202999999994","responsecode":200},{"latitude":"12.918490000000002","longitude":"77.62191999999993","responsecode":200},{"latitude":"12.918910000000002","longitude":"77.62161999999994","responsecode":200},{"latitude":"12.919410000000003","longitude":"77.62125999999994","responsecode":200},{"latitude":"12.919610000000002","longitude":"77.62112999999994","responsecode":200},{"latitude":"12.919760000000002","longitude":"77.62102999999993","responsecode":200},{"latitude":"12.920120000000002","longitude":"77.62080999999993","responsecode":200},{"latitude":"12.920270000000002","longitude":"77.62071999999993","responsecode":200},{"latitude":"12.92027","longitude":"77.62072","responsecode":200},{"latitude":"12.92027","longitude":"77.62072","responsecode":200},{"latitude":"12.92042","longitude":"77.62063","responsecode":200},{"latitude":"12.92059","longitude":"77.62052","responsecode":200},{"latitude":"12.920760000000001","longitude":"77.62042","responsecode":200},{"latitude":"12.920960000000001","longitude":"77.62030999999999","responsecode":200},{"latitude":"12.92101","longitude":"77.62028","responsecode":200},{"latitude":"12.921130000000002","longitude":"77.62021","responsecode":200},{"latitude":"12.9212","longitude":"77.62017","responsecode":200},{"latitude":"12.921280000000001","longitude":"77.62012","responsecode":200},{"latitude":"12.92153","longitude":"77.61997","responsecode":200},{"latitude":"12.92202","longitude":"77.61967999999999","responsecode":200},{"latitude":"12.92219","longitude":"77.61957999999998","responsecode":200},{"latitude":"12.92239","longitude":"77.61945999999999","responsecode":200},{"latitude":"12.92259","longitude":"77.61934","responsecode":200},{"latitude":"12.92295","longitude":"77.61912","responsecode":200},{"latitude":"12.92351","longitude":"77.61877","responsecode":200},{"latitude":"12.92374","longitude":"77.61863","responsecode":200},{"latitude":"12.92439","longitude":"77.61824","responsecode":200},{"latitude":"12.92454","longitude":"77.61815","responsecode":200},{"latitude":"12.92461","longitude":"77.61811","responsecode":200},{"latitude":"12.924809999999999","longitude":"77.61799","responsecode":200},{"latitude":"12.925899999999999","longitude":"77.6173","responsecode":200},{"latitude":"12.926029999999999","longitude":"77.61723","responsecode":200},{"latitude":"12.92621","longitude":"77.61713","responsecode":200},{"latitude":"12.92701","longitude":"77.61665","responsecode":200},{"latitude":"12.92781","longitude":"77.61612000000001","responsecode":200},{"latitude":"12.92864","longitude":"77.61560000000001","responsecode":200},{"latitude":"12.929095","longitude":"77.61531900000001","responsecode":200},{"latitude":"12.929095","longitude":"77.615319","responsecode":200},{"latitude":"12.929095","longitude":"77.615319","responsecode":200}],"Message":"Success","Issuccess":true,"exception":null,"RowCount":693,"responsecode":200}