{"data":[{"latitude":"12.87018","longitude":"77.58569","responsecode":200},{"latitude":"12.87023","longitude":"77.58556","responsecode":200},{"latitude":"12.870299999999999","longitude":"77.58537","responsecode":200},{"latitude":"12.870339999999999","longitude":"77.58523","responsecode":200},{"latitude":"12.870439999999999","longitude":"77.58497","responsecode":200},{"latitude":"12.87047","longitude":"77.58485","responsecode":200},{"latitude":"12.87047","longitude":"77.58477","responsecode":200},{"latitude":"12.870479999999999","longitude":"77.58444","responsecode":200},{"latitude":"12.870479999999999","longitude":"77.58426","responsecode":200},{"latitude":"12.870499999999998","longitude":"77.58395","responsecode":200},{"latitude":"12.870529999999999","longitude":"77.58367","responsecode":200},{"latitude":"12.870539999999998","longitude":"77.58358","responsecode":200},{"latitude":"12.870569999999999","longitude":"77.58328999999999","responsecode":200},{"latitude":"12.8706","longitude":"77.58315999999999","responsecode":200},{"latitude":"12.8706","longitude":"77.58316","responsecode":200},{"latitude":"12.8706","longitude":"77.58316","responsecode":200},{"latitude":"12.87061","longitude":"77.58293","responsecode":200},{"latitude":"12.870629999999998","longitude":"77.58277000000001","responsecode":200},{"latitude":"12.870679999999998","longitude":"77.58260000000001","responsecode":200},{"latitude":"12.870669999999999","longitude":"77.58253000000002","responsecode":200},{"latitude":"12.8707","longitude":"77.58234000000002","responsecode":200},{"latitude":"12.8707","longitude":"77.58230000000002","responsecode":200},{"latitude":"12.87069","longitude":"77.58226000000002","responsecode":200},{"latitude":"12.870659999999999","longitude":"77.58221000000002","responsecode":200},{"latitude":"12.8706","longitude":"77.58219000000001","responsecode":200},{"latitude":"12.870479999999999","longitude":"77.58218000000001","responsecode":200},{"latitude":"12.87042","longitude":"77.58217","responsecode":200},{"latitude":"12.870289999999999","longitude":"77.58214000000001","responsecode":200},{"latitude":"12.87018","longitude":"77.58211000000001","responsecode":200},{"latitude":"12.87013","longitude":"77.58209000000001","responsecode":200},{"latitude":"12.87009","longitude":"77.58207","responsecode":200},{"latitude":"12.87004","longitude":"77.58203","responsecode":200},{"latitude":"12.869959999999999","longitude":"77.58201","responsecode":200},{"latitude":"12.86985","longitude":"77.58198999999999","responsecode":200},{"latitude":"12.86967","longitude":"77.58196999999998","responsecode":200},{"latitude":"12.86897","longitude":"77.58190999999998","responsecode":200},{"latitude":"12.86867","longitude":"77.58187999999998","responsecode":200},{"latitude":"12.86839","longitude":"77.58185999999998","responsecode":200},{"latitude":"12.8681","longitude":"77.58185999999998","responsecode":200},{"latitude":"12.86778","longitude":"77.58187999999998","responsecode":200},{"latitude":"12.86768","longitude":"77.58187999999998","responsecode":200},{"latitude":"12.86758","longitude":"77.58186999999998","responsecode":200},{"latitude":"12.86753","longitude":"77.58185999999998","responsecode":200},{"latitude":"12.86749","longitude":"77.58183999999997","responsecode":200},{"latitude":"12.86749","longitude":"77.58184","responsecode":200},{"latitude":"12.86749","longitude":"77.58184","responsecode":200},{"latitude":"12.86745","longitude":"77.58179","responsecode":200},{"latitude":"12.86743","longitude":"77.58172","responsecode":200},{"latitude":"12.8674","longitude":"77.58158","responsecode":200},{"latitude":"12.86738","longitude":"77.58148","responsecode":200},{"latitude":"12.86735","longitude":"77.5814","responsecode":200},{"latitude":"12.86731","longitude":"77.58135","responsecode":200},{"latitude":"12.86726","longitude":"77.58131","responsecode":200},{"latitude":"12.86719","longitude":"77.58127","responsecode":200},{"latitude":"12.86705","longitude":"77.58122","responsecode":200},{"latitude":"12.866990000000001","longitude":"77.5812","responsecode":200},{"latitude":"12.866850000000001","longitude":"77.58116","responsecode":200},{"latitude":"12.866780000000002","longitude":"77.58113999999999","responsecode":200},{"latitude":"12.866620000000003","longitude":"77.58109999999999","responsecode":200},{"latitude":"12.866440000000003","longitude":"77.58103999999999","responsecode":200},{"latitude":"12.866220000000002","longitude":"77.58097999999998","responsecode":200},{"latitude":"12.866030000000002","longitude":"77.58093999999998","responsecode":200},{"latitude":"12.865960000000003","longitude":"77.58092999999998","responsecode":200},{"latitude":"12.865880000000002","longitude":"77.58091999999998","responsecode":200},{"latitude":"12.865810000000003","longitude":"77.58091999999998","responsecode":200},{"latitude":"12.865760000000003","longitude":"77.58092999999998","responsecode":200},{"latitude":"12.865710000000004","longitude":"77.58094999999999","responsecode":200},{"latitude":"12.86571","longitude":"77.58095","responsecode":200},{"latitude":"12.86571","longitude":"77.58095","responsecode":200},{"latitude":"12.86565","longitude":"77.58099","responsecode":200},{"latitude":"12.86555","longitude":"77.58108","responsecode":200},{"latitude":"12.865440000000001","longitude":"77.5812","responsecode":200},{"latitude":"12.865310000000001","longitude":"77.58131999999999","responsecode":200},{"latitude":"12.86509","longitude":"77.58153999999999","responsecode":200},{"latitude":"12.865","longitude":"77.58165","responsecode":200},{"latitude":"12.86491","longitude":"77.58178","responsecode":200},{"latitude":"12.86485","longitude":"77.58185999999999","responsecode":200},{"latitude":"12.864790000000001","longitude":"77.58196","responsecode":200},{"latitude":"12.864720000000002","longitude":"77.58214","responsecode":200},{"latitude":"12.864650000000003","longitude":"77.58233","responsecode":200},{"latitude":"12.864620000000002","longitude":"77.58241","responsecode":200},{"latitude":"12.864480000000002","longitude":"77.58273","responsecode":200},{"latitude":"12.864410000000003","longitude":"77.5829","responsecode":200},{"latitude":"12.864340000000004","longitude":"77.5831","responsecode":200},{"latitude":"12.864300000000004","longitude":"77.58318","responsecode":200},{"latitude":"12.864190000000004","longitude":"77.58353","responsecode":200},{"latitude":"12.864140000000004","longitude":"77.5837","responsecode":200},{"latitude":"12.864020000000004","longitude":"77.58404999999999","responsecode":200},{"latitude":"12.863980000000003","longitude":"77.58413999999999","responsecode":200},{"latitude":"12.863950000000003","longitude":"77.5842","responsecode":200},{"latitude":"12.863910000000002","longitude":"77.58424","responsecode":200},{"latitude":"12.863830000000002","longitude":"77.58429","responsecode":200},{"latitude":"12.863720000000002","longitude":"77.58433","responsecode":200},{"latitude":"12.863600000000002","longitude":"77.58435999999999","responsecode":200},{"latitude":"12.863540000000002","longitude":"77.58436999999999","responsecode":200},{"latitude":"12.863410000000002","longitude":"77.58439999999999","responsecode":200},{"latitude":"12.863230000000001","longitude":"77.58444999999999","responsecode":200},{"latitude":"12.863070000000002","longitude":"77.58451999999998","responsecode":200},{"latitude":"12.862890000000002","longitude":"77.58462999999999","responsecode":200},{"latitude":"12.862500000000002","longitude":"77.58484999999999","responsecode":200},{"latitude":"12.862280000000002","longitude":"77.58496999999998","responsecode":200},{"latitude":"12.862200000000001","longitude":"77.58500999999998","responsecode":200},{"latitude":"12.86212","longitude":"77.58504999999998","responsecode":200},{"latitude":"12.86203","longitude":"77.58506999999999","responsecode":200},{"latitude":"12.861930000000001","longitude":"77.58509999999998","responsecode":200},{"latitude":"12.861740000000001","longitude":"77.58514999999998","responsecode":200},{"latitude":"12.86162","longitude":"77.58517999999998","responsecode":200},{"latitude":"12.86143","longitude":"77.58521999999998","responsecode":200},{"latitude":"12.861270000000001","longitude":"77.58525999999998","responsecode":200},{"latitude":"12.861170000000001","longitude":"77.58528999999997","responsecode":200},{"latitude":"12.861060000000002","longitude":"77.58532999999997","responsecode":200},{"latitude":"12.860980000000001","longitude":"77.58536999999997","responsecode":200},{"latitude":"12.860910000000002","longitude":"77.58541999999997","responsecode":200},{"latitude":"12.860905000000002","longitude":"77.58542499999997","responsecode":200},{"latitude":"12.860905","longitude":"77.585425","responsecode":200},{"latitude":"12.86087","longitude":"77.58546","responsecode":200},{"latitude":"12.86083","longitude":"77.58557","responsecode":200},{"latitude":"12.8608","longitude":"77.5857","responsecode":200},{"latitude":"12.860759999999999","longitude":"77.58585000000001","responsecode":200},{"latitude":"12.860719999999999","longitude":"77.58598","responsecode":200},{"latitude":"12.860679999999999","longitude":"77.5861","responsecode":200},{"latitude":"12.860619999999999","longitude":"77.58625","responsecode":200},{"latitude":"12.86055","longitude":"77.58640000000001","responsecode":200},{"latitude":"12.86046","longitude":"77.58658000000001","responsecode":200},{"latitude":"12.86039","longitude":"77.58673000000002","responsecode":200},{"latitude":"12.86034","longitude":"77.58683000000002","responsecode":200},{"latitude":"12.86029","longitude":"77.58691000000002","responsecode":200},{"latitude":"12.860220000000002","longitude":"77.58700000000002","responsecode":200},{"latitude":"12.860140000000001","longitude":"77.58709000000002","responsecode":200},{"latitude":"12.86006","longitude":"77.58718000000002","responsecode":200},{"latitude":"12.85987","longitude":"77.58738000000002","responsecode":200},{"latitude":"12.85973","longitude":"77.58753000000003","responsecode":200},{"latitude":"12.85964","longitude":"77.58762000000003","responsecode":200},{"latitude":"12.859570000000001","longitude":"77.58768000000003","responsecode":200},{"latitude":"12.859520000000002","longitude":"77.58770000000004","responsecode":200},{"latitude":"12.859450000000002","longitude":"77.58772000000005","responsecode":200},{"latitude":"12.859360000000002","longitude":"77.58773000000005","responsecode":200},{"latitude":"12.859250000000003","longitude":"77.58773000000005","responsecode":200},{"latitude":"12.859110000000003","longitude":"77.58772000000005","responsecode":200},{"latitude":"12.858980000000003","longitude":"77.58770000000004","responsecode":200},{"latitude":"12.858890000000002","longitude":"77.58768000000003","responsecode":200},{"latitude":"12.858780000000003","longitude":"77.58766000000003","responsecode":200},{"latitude":"12.858690000000003","longitude":"77.58766000000003","responsecode":200},{"latitude":"12.858630000000003","longitude":"77.58768000000003","responsecode":200},{"latitude":"12.858590000000003","longitude":"77.58773000000004","responsecode":200},{"latitude":"12.858550000000003","longitude":"77.58782000000004","responsecode":200},{"latitude":"12.858520000000002","longitude":"77.58793000000004","responsecode":200},{"latitude":"12.858490000000002","longitude":"77.58807000000004","responsecode":200},{"latitude":"12.858460000000001","longitude":"77.58816000000004","responsecode":200},{"latitude":"12.85843","longitude":"77.58823000000004","responsecode":200},{"latitude":"12.85838","longitude":"77.58829000000004","responsecode":200},{"latitude":"12.8583","longitude":"77.58834000000004","responsecode":200},{"latitude":"12.8582","longitude":"77.58838000000004","responsecode":200},{"latitude":"12.85802","longitude":"77.58843000000005","responsecode":200},{"latitude":"12.85795","longitude":"77.58846000000004","responsecode":200},{"latitude":"12.857880000000002","longitude":"77.58850000000004","responsecode":200},{"latitude":"12.857820000000002","longitude":"77.58854000000004","responsecode":200},{"latitude":"12.857710000000003","longitude":"77.58860000000004","responsecode":200},{"latitude":"12.857600000000003","longitude":"77.58867000000004","responsecode":200},{"latitude":"12.857510000000003","longitude":"77.58874000000003","responsecode":200},{"latitude":"12.857480000000002","longitude":"77.58879000000003","responsecode":200},{"latitude":"12.857460000000003","longitude":"77.58886000000003","responsecode":200},{"latitude":"12.857460000000003","longitude":"77.58894000000002","responsecode":200},{"latitude":"12.857260000000004","longitude":"77.58893000000002","responsecode":200},{"latitude":"12.857100000000004","longitude":"77.58892000000002","responsecode":200},{"latitude":"12.856910000000005","longitude":"77.58891000000001","responsecode":200},{"latitude":"12.856510000000004","longitude":"77.58888000000002","responsecode":200},{"latitude":"12.85651","longitude":"77.58888","responsecode":200},{"latitude":"12.85651","longitude":"77.58888","responsecode":200},{"latitude":"12.856440000000001","longitude":"77.58888","responsecode":200},{"latitude":"12.855620000000002","longitude":"77.58879","responsecode":200},{"latitude":"12.855210000000001","longitude":"77.58874","responsecode":200},{"latitude":"12.854930000000001","longitude":"77.58871","responsecode":200},{"latitude":"12.854550000000001","longitude":"77.58867000000001","responsecode":200},{"latitude":"12.854340000000002","longitude":"77.58865","responsecode":200},{"latitude":"12.853650000000002","longitude":"77.58855","responsecode":200},{"latitude":"12.853510000000002","longitude":"77.58852999999999","responsecode":200},{"latitude":"12.852810000000002","longitude":"77.58846","responsecode":200},{"latitude":"12.85194","longitude":"77.58838","responsecode":200},{"latitude":"12.85186","longitude":"77.58837","responsecode":200},{"latitude":"12.8516","longitude":"77.58834999999999","responsecode":200},{"latitude":"12.851519999999999","longitude":"77.58837999999999","responsecode":200},{"latitude":"12.851399999999998","longitude":"77.58837999999999","responsecode":200},{"latitude":"12.851259999999998","longitude":"77.58836999999998","responsecode":200},{"latitude":"12.850939999999998","longitude":"77.58834999999998","responsecode":200},{"latitude":"12.850859999999997","longitude":"77.58834999999998","responsecode":200},{"latitude":"12.850799999999998","longitude":"77.58833999999997","responsecode":200},{"latitude":"12.850719999999997","longitude":"77.58829999999998","responsecode":200},{"latitude":"12.850679999999997","longitude":"77.58829999999998","responsecode":200},{"latitude":"12.850649999999996","longitude":"77.58829999999998","responsecode":200},{"latitude":"12.850529999999996","longitude":"77.58829999999998","responsecode":200},{"latitude":"12.850339999999996","longitude":"77.58830999999998","responsecode":200},{"latitude":"12.850279999999996","longitude":"77.58830999999998","responsecode":200},{"latitude":"12.850229999999996","longitude":"77.58830999999998","responsecode":200},{"latitude":"12.850159999999997","longitude":"77.58830999999998","responsecode":200},{"latitude":"12.849969999999997","longitude":"77.58831999999998","responsecode":200},{"latitude":"12.849839999999997","longitude":"77.58831999999998","responsecode":200},{"latitude":"12.84984","longitude":"77.58832","responsecode":200},{"latitude":"12.84974","longitude":"77.58832","responsecode":200},{"latitude":"12.84937","longitude":"77.58832","responsecode":200},{"latitude":"12.84924","longitude":"77.58832","responsecode":200},{"latitude":"12.849","longitude":"77.58832","responsecode":200},{"latitude":"12.84877","longitude":"77.58832","responsecode":200},{"latitude":"12.84856","longitude":"77.58830999999999","responsecode":200},{"latitude":"12.84825","longitude":"77.58829999999999","responsecode":200},{"latitude":"12.84802","longitude":"77.58827999999998","responsecode":200},{"latitude":"12.84784","longitude":"77.58826999999998","responsecode":200},{"latitude":"12.84766","longitude":"77.58825999999998","responsecode":200},{"latitude":"12.847119999999999","longitude":"77.58823999999997","responsecode":200},{"latitude":"12.846849999999998","longitude":"77.58822999999997","responsecode":200},{"latitude":"12.846639999999999","longitude":"77.58821999999996","responsecode":200},{"latitude":"12.846359999999999","longitude":"77.58819999999996","responsecode":200},{"latitude":"12.84636","longitude":"77.5882","responsecode":200},{"latitude":"12.84636","longitude":"77.5882","responsecode":200},{"latitude":"12.84551","longitude":"77.58814","responsecode":200},{"latitude":"12.845210000000002","longitude":"77.58811999999999","responsecode":200},{"latitude":"12.845020000000002","longitude":"77.58810999999999","responsecode":200},{"latitude":"12.844810000000003","longitude":"77.58810999999999","responsecode":200},{"latitude":"12.844400000000002","longitude":"77.58810999999999","responsecode":200},{"latitude":"12.844060000000002","longitude":"77.58810999999999","responsecode":200},{"latitude":"12.843750000000002","longitude":"77.58811999999999","responsecode":200},{"latitude":"12.843560000000002","longitude":"77.58812999999999","responsecode":200},{"latitude":"12.843350000000003","longitude":"77.58815999999999","responsecode":200},{"latitude":"12.843190000000003","longitude":"77.58819999999999","responsecode":200},{"latitude":"12.843100000000003","longitude":"77.58821999999999","responsecode":200},{"latitude":"12.842730000000003","longitude":"77.58830999999999","responsecode":200},{"latitude":"12.842500000000003","longitude":"77.58837","responsecode":200},{"latitude":"12.842400000000003","longitude":"77.58843999999999","responsecode":200},{"latitude":"12.842210000000003","longitude":"77.58849","responsecode":200},{"latitude":"12.842100000000004","longitude":"77.58851","responsecode":200},{"latitude":"12.841960000000004","longitude":"77.58853","responsecode":200},{"latitude":"12.841730000000004","longitude":"77.58855000000001","responsecode":200},{"latitude":"12.841727000000004","longitude":"77.588648","responsecode":200},{"latitude":"12.841727","longitude":"77.588648","responsecode":200},{"latitude":"12.84172","longitude":"77.58887","responsecode":200},{"latitude":"12.84171","longitude":"77.58909","responsecode":200},{"latitude":"12.841700000000001","longitude":"77.58932","responsecode":200},{"latitude":"12.841640000000002","longitude":"77.58983","responsecode":200},{"latitude":"12.841630000000002","longitude":"77.58991","responsecode":200},{"latitude":"12.841610000000003","longitude":"77.59004","responsecode":200},{"latitude":"12.841580000000002","longitude":"77.59024000000001","responsecode":200},{"latitude":"12.841550000000002","longitude":"77.59043000000001","responsecode":200},{"latitude":"12.841510000000001","longitude":"77.59059","responsecode":200},{"latitude":"12.841410000000002","longitude":"77.59091000000001","responsecode":200},{"latitude":"12.841220000000002","longitude":"77.59147","responsecode":200},{"latitude":"12.840890000000002","longitude":"77.59246","responsecode":200},{"latitude":"12.840820000000003","longitude":"77.59267","responsecode":200},{"latitude":"12.840730000000002","longitude":"77.59295","responsecode":200},{"latitude":"12.840660000000003","longitude":"77.59317","responsecode":200},{"latitude":"12.840531000000004","longitude":"77.593563","responsecode":200},{"latitude":"12.840531","longitude":"77.593563","responsecode":200},{"latitude":"12.8405","longitude":"77.59366","responsecode":200},{"latitude":"12.84046","longitude":"77.59381","responsecode":200},{"latitude":"12.84038","longitude":"77.59410000000001","responsecode":200},{"latitude":"12.84032","longitude":"77.59443000000002","responsecode":200},{"latitude":"12.84027","longitude":"77.59466000000002","responsecode":200},{"latitude":"12.84023","longitude":"77.59484000000002","responsecode":200},{"latitude":"12.84019","longitude":"77.59502000000002","responsecode":200},{"latitude":"12.84017","longitude":"77.59511000000002","responsecode":200},{"latitude":"12.84014","longitude":"77.59531000000003","responsecode":200},{"latitude":"12.84013","longitude":"77.59541000000003","responsecode":200},{"latitude":"12.84013","longitude":"77.59549000000003","responsecode":200},{"latitude":"12.84013","longitude":"77.59557000000002","responsecode":200},{"latitude":"12.84014","longitude":"77.59564000000002","responsecode":200},{"latitude":"12.84015","longitude":"77.59570000000002","responsecode":200},{"latitude":"12.840169999999999","longitude":"77.59577000000002","responsecode":200},{"latitude":"12.8402","longitude":"77.59585000000001","responsecode":200},{"latitude":"12.840309999999999","longitude":"77.5961","responsecode":200},{"latitude":"12.840369999999998","longitude":"77.59625000000001","responsecode":200},{"latitude":"12.840619999999998","longitude":"77.59680000000002","responsecode":200},{"latitude":"12.840649999999998","longitude":"77.59688000000001","responsecode":200},{"latitude":"12.840679999999999","longitude":"77.59696000000001","responsecode":200},{"latitude":"12.840699999999998","longitude":"77.59701000000001","responsecode":200},{"latitude":"12.840719999999997","longitude":"77.59707000000002","responsecode":200},{"latitude":"12.840729999999997","longitude":"77.59712000000002","responsecode":200},{"latitude":"12.840739999999997","longitude":"77.59719000000001","responsecode":200},{"latitude":"12.840739999999997","longitude":"77.59723000000001","responsecode":200},{"latitude":"12.840736999999997","longitude":"77.59724800000001","responsecode":200},{"latitude":"12.840737","longitude":"77.597248","responsecode":200},{"latitude":"12.84073","longitude":"77.59728999999999","responsecode":200},{"latitude":"12.840720000000001","longitude":"77.59735999999998","responsecode":200},{"latitude":"12.84093","longitude":"77.59743999999998","responsecode":200},{"latitude":"12.84125","longitude":"77.59752999999998","responsecode":200},{"latitude":"12.84145","longitude":"77.59757999999998","responsecode":200},{"latitude":"12.8418","longitude":"77.59767999999998","responsecode":200},{"latitude":"12.84193","longitude":"77.59770999999998","responsecode":200},{"latitude":"12.84236","longitude":"77.59776999999998","responsecode":200},{"latitude":"12.84253","longitude":"77.59779999999998","responsecode":200},{"latitude":"12.84267","longitude":"77.59781999999998","responsecode":200},{"latitude":"12.84284","longitude":"77.59784999999998","responsecode":200},{"latitude":"12.843340000000001","longitude":"77.59791999999997","responsecode":200},{"latitude":"12.843520000000002","longitude":"77.59795999999997","responsecode":200},{"latitude":"12.843790000000002","longitude":"77.59800999999997","responsecode":200},{"latitude":"12.844050000000003","longitude":"77.59802999999998","responsecode":200},{"latitude":"12.844480000000003","longitude":"77.59804999999999","responsecode":200},{"latitude":"12.84448","longitude":"77.59805","responsecode":200},{"latitude":"12.84448","longitude":"77.59805","responsecode":200},{"latitude":"12.8445","longitude":"77.59843000000001","responsecode":200},{"latitude":"12.84451","longitude":"77.59869","responsecode":200},{"latitude":"12.84452","longitude":"77.59883","responsecode":200},{"latitude":"12.844529999999999","longitude":"77.599","responsecode":200},{"latitude":"12.844549999999998","longitude":"77.59927","responsecode":200},{"latitude":"12.844579999999999","longitude":"77.59943","responsecode":200},{"latitude":"12.844639999999998","longitude":"77.5996","responsecode":200},{"latitude":"12.844879999999998","longitude":"77.60002","responsecode":200},{"latitude":"12.845019999999998","longitude":"77.60026","responsecode":200},{"latitude":"12.845069999999998","longitude":"77.60033","responsecode":200},{"latitude":"12.845099999999999","longitude":"77.60041","responsecode":200},{"latitude":"12.845119999999998","longitude":"77.6005","responsecode":200},{"latitude":"12.845119999999998","longitude":"77.6006","responsecode":200},{"latitude":"12.845119999999998","longitude":"77.60079","responsecode":200},{"latitude":"12.845029999999998","longitude":"77.60131","responsecode":200},{"latitude":"12.844979999999998","longitude":"77.60157","responsecode":200},{"latitude":"12.844969999999998","longitude":"77.60166","responsecode":200},{"latitude":"12.844879999999998","longitude":"77.60186","responsecode":200},{"latitude":"12.844509999999998","longitude":"77.60233000000001","responsecode":200},{"latitude":"12.844409999999998","longitude":"77.60249","responsecode":200},{"latitude":"12.844359999999998","longitude":"77.60261","responsecode":200},{"latitude":"12.844319999999998","longitude":"77.60276999999999","responsecode":200},{"latitude":"12.844279999999998","longitude":"77.60298999999999","responsecode":200},{"latitude":"12.844289999999997","longitude":"77.60311999999999","responsecode":200},{"latitude":"12.844299999999997","longitude":"77.60350999999999","responsecode":200},{"latitude":"12.844299999999997","longitude":"77.60361999999999","responsecode":200},{"latitude":"12.844279999999998","longitude":"77.60372","responsecode":200},{"latitude":"12.844229999999998","longitude":"77.60382","responsecode":200},{"latitude":"12.844029999999998","longitude":"77.60421","responsecode":200},{"latitude":"12.843999999999998","longitude":"77.60432","responsecode":200},{"latitude":"12.843939999999998","longitude":"77.6046","responsecode":200},{"latitude":"12.843939999999998","longitude":"77.60485","responsecode":200},{"latitude":"12.843959999999997","longitude":"77.60507","responsecode":200},{"latitude":"12.843949999999998","longitude":"77.60538","responsecode":200},{"latitude":"12.843929999999999","longitude":"77.60585","responsecode":200},{"latitude":"12.843922999999998","longitude":"77.605959","responsecode":200},{"latitude":"12.843923","longitude":"77.605959","responsecode":200},{"latitude":"12.843910000000001","longitude":"77.60616","responsecode":200},{"latitude":"12.843900000000001","longitude":"77.60641","responsecode":200},{"latitude":"12.843900000000001","longitude":"77.60656999999999","responsecode":200},{"latitude":"12.843890000000002","longitude":"77.60664999999999","responsecode":200},{"latitude":"12.843880000000002","longitude":"77.60670999999999","responsecode":200},{"latitude":"12.843870000000003","longitude":"77.60677","responsecode":200},{"latitude":"12.843830000000002","longitude":"77.60692999999999","responsecode":200},{"latitude":"12.843840000000002","longitude":"77.60696999999999","responsecode":200},{"latitude":"12.843830000000002","longitude":"77.60704999999999","responsecode":200},{"latitude":"12.843800000000002","longitude":"77.60721999999998","responsecode":200},{"latitude":"12.843780000000002","longitude":"77.60736999999999","responsecode":200},{"latitude":"12.843750000000002","longitude":"77.60773999999999","responsecode":200},{"latitude":"12.843750000000002","longitude":"77.60785","responsecode":200},{"latitude":"12.843750000000002","longitude":"77.60795","responsecode":200},{"latitude":"12.843760000000001","longitude":"77.60807","responsecode":200},{"latitude":"12.843770000000001","longitude":"77.60815","responsecode":200},{"latitude":"12.84379","longitude":"77.60822999999999","responsecode":200},{"latitude":"12.843820000000001","longitude":"77.60830999999999","responsecode":200},{"latitude":"12.843860000000001","longitude":"77.60837","responsecode":200},{"latitude":"12.843900000000001","longitude":"77.60840999999999","responsecode":200},{"latitude":"12.843940000000002","longitude":"77.60843999999999","responsecode":200},{"latitude":"12.84401","longitude":"77.60846999999998","responsecode":200},{"latitude":"12.844090000000001","longitude":"77.60847999999999","responsecode":200},{"latitude":"12.8442","longitude":"77.60848999999999","responsecode":200},{"latitude":"12.84434","longitude":"77.60851999999998","responsecode":200},{"latitude":"12.84445","longitude":"77.60855999999998","responsecode":200},{"latitude":"12.84455","longitude":"77.60860999999998","responsecode":200},{"latitude":"12.84539","longitude":"77.60909999999998","responsecode":200},{"latitude":"12.84556","longitude":"77.60917999999998","responsecode":200},{"latitude":"12.84577","longitude":"77.60927999999998","responsecode":200},{"latitude":"12.84604","longitude":"77.60932999999999","responsecode":200},{"latitude":"12.845930000000001","longitude":"77.60938999999999","responsecode":200},{"latitude":"12.845922000000002","longitude":"77.60939499999999","responsecode":200},{"latitude":"12.845922","longitude":"77.609395","responsecode":200},{"latitude":"12.84585","longitude":"77.60945000000001","responsecode":200},{"latitude":"12.84577","longitude":"77.60952","responsecode":200},{"latitude":"12.84567","longitude":"77.60963000000001","responsecode":200},{"latitude":"12.84559","longitude":"77.60971","responsecode":200},{"latitude":"12.84545","longitude":"77.60986000000001","responsecode":200},{"latitude":"12.84524","longitude":"77.61010000000002","responsecode":200},{"latitude":"12.845","longitude":"77.61036000000001","responsecode":200},{"latitude":"12.84492","longitude":"77.61045000000001","responsecode":200},{"latitude":"12.844850000000001","longitude":"77.61054000000001","responsecode":200},{"latitude":"12.84477","longitude":"77.61066000000001","responsecode":200},{"latitude":"12.844560000000001","longitude":"77.61097000000001","responsecode":200},{"latitude":"12.844470000000001","longitude":"77.61109","responsecode":200},{"latitude":"12.844370000000001","longitude":"77.61122","responsecode":200},{"latitude":"12.843940000000002","longitude":"77.61175","responsecode":200},{"latitude":"12.843880000000002","longitude":"77.61186000000001","responsecode":200},{"latitude":"12.843856000000002","longitude":"77.61192700000001","responsecode":200},{"latitude":"12.843856","longitude":"77.611927","responsecode":200},{"latitude":"12.84384","longitude":"77.61197","responsecode":200},{"latitude":"12.84381","longitude":"77.61207","responsecode":200},{"latitude":"12.84363","longitude":"77.61281","responsecode":200},{"latitude":"12.843511999999999","longitude":"77.61331799999999","responsecode":200},{"latitude":"12.843512","longitude":"77.613318","responsecode":200},{"latitude":"12.84347","longitude":"77.6135","responsecode":200},{"latitude":"12.84333","longitude":"77.61397000000001","responsecode":200},{"latitude":"12.8433","longitude":"77.61408000000002","responsecode":200},{"latitude":"12.84324","longitude":"77.61433000000001","responsecode":200},{"latitude":"12.84316","longitude":"77.61463","responsecode":200},{"latitude":"12.843129999999999","longitude":"77.61476","responsecode":200},{"latitude":"12.843099999999998","longitude":"77.61491000000001","responsecode":200},{"latitude":"12.843069999999997","longitude":"77.61507","responsecode":200},{"latitude":"12.843049999999998","longitude":"77.61526","responsecode":200},{"latitude":"12.843039999999998","longitude":"77.61542","responsecode":200},{"latitude":"12.843039999999998","longitude":"77.61558","responsecode":200},{"latitude":"12.843049999999998","longitude":"77.61627999999999","responsecode":200},{"latitude":"12.843049999999998","longitude":"77.61666","responsecode":200},{"latitude":"12.843039999999998","longitude":"77.61686","responsecode":200},{"latitude":"12.84302","longitude":"77.61702","responsecode":200},{"latitude":"12.842979999999999","longitude":"77.61717999999999","responsecode":200},{"latitude":"12.842939999999999","longitude":"77.61729999999999","responsecode":200},{"latitude":"12.84278","longitude":"77.61777","responsecode":200},{"latitude":"12.84274","longitude":"77.61788","responsecode":200},{"latitude":"12.84269","longitude":"77.618","responsecode":200},{"latitude":"12.84263","longitude":"77.61814","responsecode":200},{"latitude":"12.84255","longitude":"77.61829","responsecode":200},{"latitude":"12.84248","longitude":"77.61840000000001","responsecode":200},{"latitude":"12.84243","longitude":"77.61848","responsecode":200},{"latitude":"12.84237","longitude":"77.61856","responsecode":200},{"latitude":"12.84228","longitude":"77.61866","responsecode":200},{"latitude":"12.84228","longitude":"77.61866","responsecode":200},{"latitude":"12.84228","longitude":"77.61866","responsecode":200},{"latitude":"12.84214","longitude":"77.61880000000001","responsecode":200},{"latitude":"12.84204","longitude":"77.61890000000001","responsecode":200},{"latitude":"12.84187","longitude":"77.61904000000001","responsecode":200},{"latitude":"12.84142","longitude":"77.61941000000002","responsecode":200},{"latitude":"12.84126","longitude":"77.61954000000001","responsecode":200},{"latitude":"12.841190000000001","longitude":"77.61960000000002","responsecode":200},{"latitude":"12.84111","longitude":"77.61967000000001","responsecode":200},{"latitude":"12.841000000000001","longitude":"77.61978000000002","responsecode":200},{"latitude":"12.84092","longitude":"77.61986000000002","responsecode":200},{"latitude":"12.840860000000001","longitude":"77.61993000000001","responsecode":200},{"latitude":"12.84078","longitude":"77.62003000000001","responsecode":200},{"latitude":"12.8407","longitude":"77.62012000000001","responsecode":200},{"latitude":"12.84059","longitude":"77.62026000000002","responsecode":200},{"latitude":"12.84019","longitude":"77.62076000000002","responsecode":200},{"latitude":"12.840069999999999","longitude":"77.62090000000002","responsecode":200},{"latitude":"12.839979999999999","longitude":"77.62100000000002","responsecode":200},{"latitude":"12.83987","longitude":"77.62111000000003","responsecode":200},{"latitude":"12.83976","longitude":"77.62121000000003","responsecode":200},{"latitude":"12.83939","longitude":"77.62151000000003","responsecode":200},{"latitude":"12.8393","longitude":"77.62159000000003","responsecode":200},{"latitude":"12.839179999999999","longitude":"77.62171000000002","responsecode":200},{"latitude":"12.83907","longitude":"77.62183000000002","responsecode":200},{"latitude":"12.83873","longitude":"77.62224000000002","responsecode":200},{"latitude":"12.83853","longitude":"77.62248000000002","responsecode":200},{"latitude":"12.83831","longitude":"77.62274000000002","responsecode":200},{"latitude":"12.83826","longitude":"77.62280000000003","responsecode":200},{"latitude":"12.83818","longitude":"77.62291000000003","responsecode":200},{"latitude":"12.83807","longitude":"77.62306000000004","responsecode":200},{"latitude":"12.837860000000001","longitude":"77.62337000000004","responsecode":200},{"latitude":"12.83769","longitude":"77.62360000000004","responsecode":200},{"latitude":"12.837250000000001","longitude":"77.62416000000003","responsecode":200},{"latitude":"12.83703","longitude":"77.62443000000003","responsecode":200},{"latitude":"12.83691","longitude":"77.62456000000003","responsecode":200},{"latitude":"12.836789999999999","longitude":"77.62468000000003","responsecode":200},{"latitude":"12.836669999999998","longitude":"77.62479000000003","responsecode":200},{"latitude":"12.836539999999998","longitude":"77.62490000000004","responsecode":200},{"latitude":"12.836429999999998","longitude":"77.62497000000003","responsecode":200},{"latitude":"12.83643","longitude":"77.62497","responsecode":200},{"latitude":"12.83643","longitude":"77.62497","responsecode":200},{"latitude":"12.83623","longitude":"77.62506","responsecode":200},{"latitude":"12.83632","longitude":"77.62526000000001","responsecode":200},{"latitude":"12.83639","longitude":"77.62541000000002","responsecode":200},{"latitude":"12.83653","longitude":"77.62565000000002","responsecode":200},{"latitude":"12.83656","longitude":"77.62570000000002","responsecode":200},{"latitude":"12.83684","longitude":"77.62619000000002","responsecode":200},{"latitude":"12.83699","longitude":"77.62645000000002","responsecode":200},{"latitude":"12.83712","longitude":"77.62668000000002","responsecode":200},{"latitude":"12.83718","longitude":"77.62676000000002","responsecode":200},{"latitude":"12.83724","longitude":"77.62683000000001","responsecode":200},{"latitude":"12.83734","longitude":"77.62694000000002","responsecode":200},{"latitude":"12.83747","longitude":"77.62704000000002","responsecode":200},{"latitude":"12.83761","longitude":"77.62712000000002","responsecode":200},{"latitude":"12.83774","longitude":"77.62718000000002","responsecode":200},{"latitude":"12.83794","longitude":"77.62725000000002","responsecode":200},{"latitude":"12.83803","longitude":"77.62729000000002","responsecode":200},{"latitude":"12.83811","longitude":"77.62732000000001","responsecode":200},{"latitude":"12.838230000000001","longitude":"77.62737000000001","responsecode":200},{"latitude":"12.838360000000002","longitude":"77.62746000000001","responsecode":200},{"latitude":"12.838480000000002","longitude":"77.62762000000001","responsecode":200},{"latitude":"12.838600000000003","longitude":"77.62781000000001","responsecode":200},{"latitude":"12.838710000000003","longitude":"77.62802","responsecode":200},{"latitude":"12.838730000000002","longitude":"77.62807000000001","responsecode":200},{"latitude":"12.838750000000001","longitude":"77.62814","responsecode":200},{"latitude":"12.83876","longitude":"77.62821","responsecode":200},{"latitude":"12.838750000000001","longitude":"77.62841999999999","responsecode":200},{"latitude":"12.83876","longitude":"77.62854999999999","responsecode":200},{"latitude":"12.838790000000001","longitude":"77.6287","responsecode":200},{"latitude":"12.83946","longitude":"77.62988999999999","responsecode":200},{"latitude":"12.83966","longitude":"77.63022999999998","responsecode":200},{"latitude":"12.83984","longitude":"77.63057999999998","responsecode":200},{"latitude":"12.83993","longitude":"77.63074999999998","responsecode":200},{"latitude":"12.84002","longitude":"77.63095999999997","responsecode":200},{"latitude":"12.84009","longitude":"77.63117999999997","responsecode":200},{"latitude":"12.84014","longitude":"77.63131999999997","responsecode":200},{"latitude":"12.84018","longitude":"77.63140999999997","responsecode":200},{"latitude":"12.84023","longitude":"77.63147999999997","responsecode":200},{"latitude":"12.84029","longitude":"77.63152999999997","responsecode":200},{"latitude":"12.840349999999999","longitude":"77.63155999999996","responsecode":200},{"latitude":"12.84043","longitude":"77.63157999999997","responsecode":200},{"latitude":"12.840539999999999","longitude":"77.63159999999998","responsecode":200},{"latitude":"12.841239999999999","longitude":"77.63163999999998","responsecode":200},{"latitude":"12.84141","longitude":"77.63163999999998","responsecode":200},{"latitude":"12.84147","longitude":"77.63165999999998","responsecode":200},{"latitude":"12.841539999999998","longitude":"77.63170999999998","responsecode":200},{"latitude":"12.84154","longitude":"77.63171","responsecode":200},{"latitude":"12.84154","longitude":"77.63171","responsecode":200},{"latitude":"12.84156","longitude":"77.63177999999999","responsecode":200},{"latitude":"12.841619999999999","longitude":"77.63204999999999","responsecode":200},{"latitude":"12.841629999999999","longitude":"77.63220999999999","responsecode":200},{"latitude":"12.84161","longitude":"77.6325","responsecode":200},{"latitude":"12.841629999999999","longitude":"77.63261","responsecode":200},{"latitude":"12.841689999999998","longitude":"77.6327","responsecode":200},{"latitude":"12.841749999999998","longitude":"77.63278","responsecode":200},{"latitude":"12.841849999999997","longitude":"77.6328","responsecode":200},{"latitude":"12.841959999999997","longitude":"77.6328","responsecode":200},{"latitude":"12.842099999999997","longitude":"77.6328","responsecode":200},{"latitude":"12.842499999999998","longitude":"77.63281","responsecode":200},{"latitude":"12.842739999999997","longitude":"77.63283000000001","responsecode":200},{"latitude":"12.842789999999997","longitude":"77.63284000000002","responsecode":200},{"latitude":"12.842849999999997","longitude":"77.63286000000002","responsecode":200},{"latitude":"12.842889999999997","longitude":"77.63289000000002","responsecode":200},{"latitude":"12.842939999999997","longitude":"77.63294000000002","responsecode":200},{"latitude":"12.843029999999997","longitude":"77.63313000000002","responsecode":200},{"latitude":"12.843369999999997","longitude":"77.63384000000002","responsecode":200},{"latitude":"12.843793999999997","longitude":"77.63470800000002","responsecode":200},{"latitude":"12.843794","longitude":"77.634708","responsecode":200},{"latitude":"12.843810000000001","longitude":"77.63474000000001","responsecode":200},{"latitude":"12.84387","longitude":"77.63494000000001","responsecode":200},{"latitude":"12.843900000000001","longitude":"77.63507000000001","responsecode":200},{"latitude":"12.843910000000001","longitude":"77.63518000000002","responsecode":200},{"latitude":"12.843910000000001","longitude":"77.63526000000002","responsecode":200},{"latitude":"12.843900000000001","longitude":"77.63540000000002","responsecode":200},{"latitude":"12.843880000000002","longitude":"77.63553000000002","responsecode":200},{"latitude":"12.843800000000002","longitude":"77.63596000000001","responsecode":200},{"latitude":"12.843780000000002","longitude":"77.63608","responsecode":200},{"latitude":"12.843750000000002","longitude":"77.63622000000001","responsecode":200},{"latitude":"12.843650000000002","longitude":"77.63671000000001","responsecode":200},{"latitude":"12.843560000000002","longitude":"77.6372","responsecode":200},{"latitude":"12.843530000000001","longitude":"77.63737","responsecode":200},{"latitude":"12.8434","longitude":"77.63806000000001","responsecode":200},{"latitude":"12.843330000000002","longitude":"77.63846000000001","responsecode":200},{"latitude":"12.843270000000002","longitude":"77.63870000000001","responsecode":200},{"latitude":"12.843200000000003","longitude":"77.63902000000002","responsecode":200},{"latitude":"12.843100000000003","longitude":"77.63949000000002","responsecode":200},{"latitude":"12.843080000000004","longitude":"77.63957000000002","responsecode":200},{"latitude":"12.842990000000004","longitude":"77.64001000000002","responsecode":200},{"latitude":"12.842950000000004","longitude":"77.64023000000002","responsecode":200},{"latitude":"12.842890000000004","longitude":"77.64049000000001","responsecode":200},{"latitude":"12.842750000000004","longitude":"77.64114000000001","responsecode":200},{"latitude":"12.842720000000003","longitude":"77.64128000000001","responsecode":200},{"latitude":"12.842700000000004","longitude":"77.64139000000002","responsecode":200},{"latitude":"12.842690000000005","longitude":"77.64146000000001","responsecode":200},{"latitude":"12.842680000000005","longitude":"77.64159000000001","responsecode":200},{"latitude":"12.842690000000005","longitude":"77.64170000000001","responsecode":200},{"latitude":"12.842720000000005","longitude":"77.64185000000002","responsecode":200},{"latitude":"12.842780000000005","longitude":"77.64204000000002","responsecode":200},{"latitude":"12.842910000000005","longitude":"77.64239000000002","responsecode":200},{"latitude":"12.843060000000005","longitude":"77.64284000000002","responsecode":200},{"latitude":"12.843130000000004","longitude":"77.64303000000002","responsecode":200},{"latitude":"12.843230000000004","longitude":"77.64331000000003","responsecode":200},{"latitude":"12.843380000000003","longitude":"77.64372000000003","responsecode":200},{"latitude":"12.843440000000003","longitude":"77.64390000000003","responsecode":200},{"latitude":"12.843500000000002","longitude":"77.64408000000003","responsecode":200},{"latitude":"12.843570000000001","longitude":"77.64427000000003","responsecode":200},{"latitude":"12.84357","longitude":"77.64427","responsecode":200},{"latitude":"12.84357","longitude":"77.64427","responsecode":200},{"latitude":"12.84349","longitude":"77.64427","responsecode":200},{"latitude":"12.84335","longitude":"77.64427","responsecode":200},{"latitude":"12.8432","longitude":"77.64427","responsecode":200},{"latitude":"12.843","longitude":"77.64425","responsecode":200},{"latitude":"12.84282","longitude":"77.64424","responsecode":200},{"latitude":"12.84226","longitude":"77.64421","responsecode":200},{"latitude":"12.84222","longitude":"77.64421","responsecode":200},{"latitude":"12.84212","longitude":"77.6442","responsecode":200},{"latitude":"12.84194","longitude":"77.64417999999999","responsecode":200},{"latitude":"12.841769999999999","longitude":"77.64415999999999","responsecode":200},{"latitude":"12.84175","longitude":"77.64436999999998","responsecode":200},{"latitude":"12.84173","longitude":"77.64457999999998","responsecode":200},{"latitude":"12.84172","longitude":"77.64482999999997","responsecode":200},{"latitude":"12.84172","longitude":"77.64496999999997","responsecode":200},{"latitude":"12.84174","longitude":"77.64510999999997","responsecode":200},{"latitude":"12.84177","longitude":"77.64519999999997","responsecode":200},{"latitude":"12.84181","longitude":"77.64527999999997","responsecode":200},{"latitude":"12.84186","longitude":"77.64535999999997","responsecode":200},{"latitude":"12.8419","longitude":"77.64544999999997","responsecode":200},{"latitude":"12.841940000000001","longitude":"77.64554999999997","responsecode":200},{"latitude":"12.84196","longitude":"77.64563999999997","responsecode":200},{"latitude":"12.84196","longitude":"77.64573999999998","responsecode":200},{"latitude":"12.84196","longitude":"77.64589999999997","responsecode":200},{"latitude":"12.84195","longitude":"77.64599999999997","responsecode":200},{"latitude":"12.841930000000001","longitude":"77.64609999999998","responsecode":200},{"latitude":"12.841920000000002","longitude":"77.64617999999997","responsecode":200},{"latitude":"12.841880000000002","longitude":"77.64638999999997","responsecode":200},{"latitude":"12.841810000000002","longitude":"77.64668999999996","responsecode":200},{"latitude":"12.841750000000003","longitude":"77.64696999999997","responsecode":200},{"latitude":"12.841690000000003","longitude":"77.64718999999997","responsecode":200},{"latitude":"12.841610000000003","longitude":"77.64748999999996","responsecode":200},{"latitude":"12.841560000000003","longitude":"77.64769999999996","responsecode":200},{"latitude":"12.841516000000002","longitude":"77.64788199999995","responsecode":200},{"latitude":"12.841516","longitude":"77.647882","responsecode":200},{"latitude":"12.8415","longitude":"77.64795","responsecode":200},{"latitude":"12.84148","longitude":"77.64804","responsecode":200},{"latitude":"12.841460000000001","longitude":"77.64811999999999","responsecode":200},{"latitude":"12.841400000000002","longitude":"77.64833999999999","responsecode":200},{"latitude":"12.841320000000001","longitude":"77.64863","responsecode":200},{"latitude":"12.841250000000002","longitude":"77.64892","responsecode":200},{"latitude":"12.841160000000002","longitude":"77.64933","responsecode":200},{"latitude":"12.841120000000002","longitude":"77.64949","responsecode":200},{"latitude":"12.841040000000001","longitude":"77.64982","responsecode":200},{"latitude":"12.84101","longitude":"77.64995","responsecode":200},{"latitude":"12.840950000000001","longitude":"77.65026","responsecode":200},{"latitude":"12.84092","longitude":"77.65041000000001","responsecode":200},{"latitude":"12.840850000000001","longitude":"77.65070000000001","responsecode":200},{"latitude":"12.840770000000001","longitude":"77.65104000000001","responsecode":200},{"latitude":"12.84068","longitude":"77.65139","responsecode":200},{"latitude":"12.84063","longitude":"77.65159000000001","responsecode":200},{"latitude":"12.840594000000001","longitude":"77.65171500000001","responsecode":200},{"latitude":"12.840594","longitude":"77.651715","responsecode":200},{"latitude":"12.84052","longitude":"77.65196999999999","responsecode":200},{"latitude":"12.84047","longitude":"77.65214999999999","responsecode":200},{"latitude":"12.84045","longitude":"77.65222999999999","responsecode":200},{"latitude":"12.84041","longitude":"77.65236999999999","responsecode":200},{"latitude":"12.84038","longitude":"77.65247","responsecode":200},{"latitude":"12.840349999999999","longitude":"77.65256","responsecode":200},{"latitude":"12.8403","longitude":"77.65267","responsecode":200},{"latitude":"12.84025","longitude":"77.65278","responsecode":200},{"latitude":"12.840219999999999","longitude":"77.65289000000001","responsecode":200},{"latitude":"12.84016","longitude":"77.65301000000001","responsecode":200},{"latitude":"12.84005","longitude":"77.65321000000002","responsecode":200},{"latitude":"12.83997","longitude":"77.65337000000001","responsecode":200},{"latitude":"12.839749999999999","longitude":"77.65378000000001","responsecode":200},{"latitude":"12.839659999999999","longitude":"77.65395000000001","responsecode":200},{"latitude":"12.83959","longitude":"77.65411","responsecode":200},{"latitude":"12.83955","longitude":"77.6542","responsecode":200},{"latitude":"12.839509999999999","longitude":"77.65431000000001","responsecode":200},{"latitude":"12.839479999999998","longitude":"77.65441000000001","responsecode":200},{"latitude":"12.839449999999998","longitude":"77.65454000000001","responsecode":200},{"latitude":"12.839429999999998","longitude":"77.65464000000001","responsecode":200},{"latitude":"12.839389999999998","longitude":"77.65482000000002","responsecode":200},{"latitude":"12.839239999999998","longitude":"77.65544000000001","responsecode":200},{"latitude":"12.839209999999998","longitude":"77.65557000000001","responsecode":200},{"latitude":"12.839189999999999","longitude":"77.65568000000002","responsecode":200},{"latitude":"12.839179999999999","longitude":"77.65576000000001","responsecode":200},{"latitude":"12.83917","longitude":"77.65587000000002","responsecode":200},{"latitude":"12.83915","longitude":"77.65601000000002","responsecode":200},{"latitude":"12.83914","longitude":"77.65615000000003","responsecode":200},{"latitude":"12.83913","longitude":"77.65638000000003","responsecode":200},{"latitude":"12.8391","longitude":"77.65706000000003","responsecode":200},{"latitude":"12.839080000000001","longitude":"77.65776000000002","responsecode":200},{"latitude":"12.839070000000001","longitude":"77.65831000000003","responsecode":200},{"latitude":"12.839070000000001","longitude":"77.65880000000003","responsecode":200},{"latitude":"12.839070000000001","longitude":"77.65891000000003","responsecode":200},{"latitude":"12.839050000000002","longitude":"77.65899000000003","responsecode":200},{"latitude":"12.83905","longitude":"77.65899","responsecode":200},{"latitude":"12.83905","longitude":"77.65899","responsecode":200},{"latitude":"12.83906","longitude":"77.65903","responsecode":200},{"latitude":"12.83909","longitude":"77.65913","responsecode":200},{"latitude":"12.839120000000001","longitude":"77.6592","responsecode":200},{"latitude":"12.839150000000002","longitude":"77.65926","responsecode":200},{"latitude":"12.839200000000002","longitude":"77.65935","responsecode":200},{"latitude":"12.839260000000001","longitude":"77.65944","responsecode":200},{"latitude":"12.83933","longitude":"77.65951","responsecode":200},{"latitude":"12.83941","longitude":"77.65957","responsecode":200},{"latitude":"12.83951","longitude":"77.65963","responsecode":200},{"latitude":"12.839640000000001","longitude":"77.6597","responsecode":200},{"latitude":"12.83993","longitude":"77.65984","responsecode":200},{"latitude":"12.84007","longitude":"77.65991","responsecode":200},{"latitude":"12.84018","longitude":"77.65988999999999","responsecode":200},{"latitude":"12.84029","longitude":"77.65988999999999","responsecode":200},{"latitude":"12.840449999999999","longitude":"77.6599","responsecode":200},{"latitude":"12.84062","longitude":"77.65992999999999","responsecode":200},{"latitude":"12.84088","longitude":"77.65999999999998","responsecode":200},{"latitude":"12.84116","longitude":"77.66007999999998","responsecode":200},{"latitude":"12.84177","longitude":"77.66026999999998","responsecode":200},{"latitude":"12.841940000000001","longitude":"77.66031999999998","responsecode":200},{"latitude":"12.842120000000001","longitude":"77.66034999999998","responsecode":200},{"latitude":"12.84228","longitude":"77.66035999999998","responsecode":200},{"latitude":"12.842640000000001","longitude":"77.66033999999998","responsecode":200},{"latitude":"12.842820000000001","longitude":"77.66031999999997","responsecode":200},{"latitude":"12.843000000000002","longitude":"77.66029999999996","responsecode":200},{"latitude":"12.843500000000002","longitude":"77.66024999999996","responsecode":200},{"latitude":"12.843730000000003","longitude":"77.66022999999996","responsecode":200},{"latitude":"12.843920000000002","longitude":"77.66020999999995","responsecode":200},{"latitude":"12.844170000000002","longitude":"77.66018999999994","responsecode":200},{"latitude":"12.844420000000001","longitude":"77.66016999999994","responsecode":200},{"latitude":"12.84486","longitude":"77.66012999999994","responsecode":200},{"latitude":"12.84505","longitude":"77.66011999999994","responsecode":200},{"latitude":"12.84514","longitude":"77.66015999999993","responsecode":200},{"latitude":"12.845157","longitude":"77.66026699999993","responsecode":200},{"latitude":"12.845157","longitude":"77.660267","responsecode":200},{"latitude":"12.84517","longitude":"77.66035000000001","responsecode":200},{"latitude":"12.8452","longitude":"77.66050000000001","responsecode":200},{"latitude":"12.84523","longitude":"77.66061000000002","responsecode":200},{"latitude":"12.845270000000001","longitude":"77.66074000000002","responsecode":200},{"latitude":"12.84533","longitude":"77.66091000000002","responsecode":200},{"latitude":"12.84539","longitude":"77.66107000000001","responsecode":200},{"latitude":"12.84542","longitude":"77.66117000000001","responsecode":200},{"latitude":"12.84544","longitude":"77.66128000000002","responsecode":200},{"latitude":"12.84545","longitude":"77.66138000000002","responsecode":200},{"latitude":"12.84546","longitude":"77.66148000000003","responsecode":200},{"latitude":"12.84546","longitude":"77.66158000000003","responsecode":200},{"latitude":"12.8455","longitude":"77.66166000000003","responsecode":200},{"latitude":"12.8455","longitude":"77.66175000000003","responsecode":200},{"latitude":"12.8455","longitude":"77.66195000000003","responsecode":200},{"latitude":"12.8455","longitude":"77.66215000000004","responsecode":200},{"latitude":"12.8455","longitude":"77.66215","responsecode":200},{"latitude":"12.8455","longitude":"77.66266999999999","responsecode":200},{"latitude":"12.8455","longitude":"77.66283999999999","responsecode":200},{"latitude":"12.84549","longitude":"77.66344999999998","responsecode":200},{"latitude":"12.84549","longitude":"77.66369999999998","responsecode":200},{"latitude":"12.84548","longitude":"77.66401999999998","responsecode":200},{"latitude":"12.84549","longitude":"77.66450999999998","responsecode":200},{"latitude":"12.84549","longitude":"77.66469999999998","responsecode":200},{"latitude":"12.84549","longitude":"77.66486999999998","responsecode":200},{"latitude":"12.84549","longitude":"77.66505999999998","responsecode":200},{"latitude":"12.84548","longitude":"77.66543999999999","responsecode":200},{"latitude":"12.84547","longitude":"77.66551999999999","responsecode":200},{"latitude":"12.84543","longitude":"77.66561999999999","responsecode":200},{"latitude":"12.84547","longitude":"77.66572","responsecode":200},{"latitude":"12.84549","longitude":"77.66583","responsecode":200},{"latitude":"12.845509999999999","longitude":"77.66612","responsecode":200},{"latitude":"12.845529999999998","longitude":"77.66643","responsecode":200},{"latitude":"12.845569999999999","longitude":"77.66671000000001","responsecode":200},{"latitude":"12.845629999999998","longitude":"77.66700000000002","responsecode":200},{"latitude":"12.845679999999998","longitude":"77.66722000000001","responsecode":200},{"latitude":"12.845749999999997","longitude":"77.66746000000002","responsecode":200},{"latitude":"12.845829999999998","longitude":"77.66772000000002","responsecode":200},{"latitude":"12.845929999999997","longitude":"77.66799000000002","responsecode":200},{"latitude":"12.846029999999997","longitude":"77.66824000000001","responsecode":200},{"latitude":"12.846159999999998","longitude":"77.66853000000002","responsecode":200},{"latitude":"12.846319999999997","longitude":"77.66889000000002","responsecode":200},{"latitude":"12.846509999999997","longitude":"77.66926000000002","responsecode":200},{"latitude":"12.846659999999996","longitude":"77.66956000000002","responsecode":200},{"latitude":"12.846829999999997","longitude":"77.66989000000002","responsecode":200},{"latitude":"12.847009999999997","longitude":"77.67022000000003","responsecode":200},{"latitude":"12.847119999999997","longitude":"77.67040000000003","responsecode":200},{"latitude":"12.847172999999996","longitude":"77.67048800000003","responsecode":200},{"latitude":"12.847173","longitude":"77.670488","responsecode":200},{"latitude":"12.84721","longitude":"77.67055","responsecode":200},{"latitude":"12.847290000000001","longitude":"77.67064","responsecode":200},{"latitude":"12.847380000000001","longitude":"77.67070000000001","responsecode":200},{"latitude":"12.847460000000002","longitude":"77.67073","responsecode":200},{"latitude":"12.847740000000002","longitude":"77.67056000000001","responsecode":200},{"latitude":"12.848040000000001","longitude":"77.67035000000001","responsecode":200},{"latitude":"12.848320000000001","longitude":"77.67014000000002","responsecode":200},{"latitude":"12.84894","longitude":"77.66964000000002","responsecode":200},{"latitude":"12.849120000000001","longitude":"77.66949000000001","responsecode":200},{"latitude":"12.849300000000001","longitude":"77.66934","responsecode":200},{"latitude":"12.849620000000002","longitude":"77.66909000000001","responsecode":200},{"latitude":"12.850010000000001","longitude":"77.66879000000002","responsecode":200},{"latitude":"12.85087","longitude":"77.66812000000002","responsecode":200},{"latitude":"12.851040000000001","longitude":"77.66799000000002","responsecode":200},{"latitude":"12.851410000000001","longitude":"77.66769000000002","responsecode":200},{"latitude":"12.851700000000001","longitude":"77.66746000000002","responsecode":200},{"latitude":"12.851920000000002","longitude":"77.66727000000002","responsecode":200},{"latitude":"12.852320000000002","longitude":"77.66694000000001","responsecode":200},{"latitude":"12.852700000000002","longitude":"77.66665","responsecode":200},{"latitude":"12.853930000000002","longitude":"77.66569","responsecode":200},{"latitude":"12.854330000000003","longitude":"77.66538","responsecode":200},{"latitude":"12.854970000000003","longitude":"77.66488","responsecode":200},{"latitude":"12.855130000000003","longitude":"77.66474","responsecode":200},{"latitude":"12.855450000000003","longitude":"77.66449","responsecode":200},{"latitude":"12.855740000000003","longitude":"77.6643","responsecode":200},{"latitude":"12.855930000000003","longitude":"77.66417","responsecode":200},{"latitude":"12.856050000000003","longitude":"77.66429","responsecode":200},{"latitude":"12.856150000000003","longitude":"77.66439","responsecode":200},{"latitude":"12.855940000000004","longitude":"77.66454999999999","responsecode":200},{"latitude":"12.855620000000004","longitude":"77.66479999999999","responsecode":200},{"latitude":"12.854910000000004","longitude":"77.66534999999999","responsecode":200},{"latitude":"12.854090000000005","longitude":"77.66599","responsecode":200},{"latitude":"12.853750000000005","longitude":"77.66626","responsecode":200},{"latitude":"12.853330000000005","longitude":"77.66659999999999","responsecode":200},{"latitude":"12.853020000000004","longitude":"77.66684","responsecode":200},{"latitude":"12.852540000000005","longitude":"77.66722","responsecode":200},{"latitude":"12.851830000000005","longitude":"77.66776","responsecode":200},{"latitude":"12.850970000000006","longitude":"77.66847","responsecode":200},{"latitude":"12.850080000000005","longitude":"77.66913","responsecode":200},{"latitude":"12.849520000000005","longitude":"77.66958","responsecode":200},{"latitude":"12.849340000000005","longitude":"77.66972","responsecode":200},{"latitude":"12.848550000000005","longitude":"77.67035","responsecode":200},{"latitude":"12.848420000000004","longitude":"77.67045","responsecode":200},{"latitude":"12.847960000000004","longitude":"77.67079","responsecode":200},{"latitude":"12.847910000000004","longitude":"77.67089","responsecode":200},{"latitude":"12.847850000000005","longitude":"77.67098","responsecode":200},{"latitude":"12.847770000000004","longitude":"77.67106","responsecode":200},{"latitude":"12.847620000000004","longitude":"77.6712","responsecode":200},{"latitude":"12.847270000000005","longitude":"77.67149","responsecode":200},{"latitude":"12.846830000000006","longitude":"77.67183","responsecode":200},{"latitude":"12.846640000000006","longitude":"77.67198","responsecode":200},{"latitude":"12.846490000000006","longitude":"77.6721","responsecode":200},{"latitude":"12.846280000000007","longitude":"77.67225","responsecode":200},{"latitude":"12.845750000000008","longitude":"77.67264","responsecode":200},{"latitude":"12.845410000000008","longitude":"77.67292","responsecode":200},{"latitude":"12.844540000000007","longitude":"77.67361000000001","responsecode":200},{"latitude":"12.844180000000007","longitude":"77.67389000000001","responsecode":200},{"latitude":"12.844010000000006","longitude":"77.67402000000001","responsecode":200},{"latitude":"12.843910000000006","longitude":"77.67409","responsecode":200},{"latitude":"12.843800000000007","longitude":"77.67417","responsecode":200},{"latitude":"12.842890000000008","longitude":"77.67489","responsecode":200},{"latitude":"12.842680000000009","longitude":"77.67507","responsecode":200},{"latitude":"12.842360000000008","longitude":"77.67536000000001","responsecode":200},{"latitude":"12.842080000000008","longitude":"77.67559000000001","responsecode":200},{"latitude":"12.841690000000009","longitude":"77.67587000000002","responsecode":200},{"latitude":"12.841600000000009","longitude":"77.67592000000002","responsecode":200},{"latitude":"12.841520000000008","longitude":"77.67596000000002","responsecode":200},{"latitude":"12.841430000000008","longitude":"77.67598000000002","responsecode":200},{"latitude":"12.841340000000008","longitude":"77.67599000000003","responsecode":200},{"latitude":"12.841060000000008","longitude":"77.67621000000003","responsecode":200},{"latitude":"12.840660000000007","longitude":"77.67653000000003","responsecode":200},{"latitude":"12.839980000000008","longitude":"77.67709000000002","responsecode":200},{"latitude":"12.83998","longitude":"77.67709","responsecode":200},{"latitude":"12.83998","longitude":"77.67709","responsecode":200},{"latitude":"12.83972","longitude":"77.67733000000001","responsecode":200},{"latitude":"12.83934","longitude":"77.67762000000002","responsecode":200},{"latitude":"12.8387","longitude":"77.67810000000001","responsecode":200},{"latitude":"12.83831","longitude":"77.67837000000002","responsecode":200},{"latitude":"12.83808","longitude":"77.67851000000002","responsecode":200},{"latitude":"12.83795","longitude":"77.67859000000001","responsecode":200},{"latitude":"12.83772","longitude":"77.67871000000001","responsecode":200},{"latitude":"12.837159999999999","longitude":"77.67895000000001","responsecode":200},{"latitude":"12.836659999999998","longitude":"77.67915000000002","responsecode":200},{"latitude":"12.836099999999998","longitude":"77.67939000000003","responsecode":200},{"latitude":"12.8361","longitude":"77.67939","responsecode":200},{"latitude":"12.8361","longitude":"77.67939","responsecode":200},{"latitude":"12.83549","longitude":"77.67958","responsecode":200},{"latitude":"12.8349","longitude":"77.67976","responsecode":200},{"latitude":"12.83461","longitude":"77.67987000000001","responsecode":200},{"latitude":"12.83408","longitude":"77.68007000000001","responsecode":200},{"latitude":"12.8338","longitude":"77.68017100000002","responsecode":200},{"latitude":"12.8338","longitude":"77.680171","responsecode":200},{"latitude":"12.83319","longitude":"77.68039","responsecode":200},{"latitude":"12.83248","longitude":"77.68061","responsecode":200},{"latitude":"12.830540000000001","longitude":"77.6812","responsecode":200},{"latitude":"12.830290000000002","longitude":"77.68127","responsecode":200},{"latitude":"12.830020000000001","longitude":"77.68136","responsecode":200},{"latitude":"12.828510000000001","longitude":"77.68183","responsecode":200},{"latitude":"12.828400000000002","longitude":"77.68187","responsecode":200},{"latitude":"12.828150000000003","longitude":"77.68196","responsecode":200},{"latitude":"12.827920000000002","longitude":"77.68205","responsecode":200},{"latitude":"12.827710000000003","longitude":"77.68214","responsecode":200},{"latitude":"12.827514000000003","longitude":"77.682226","responsecode":200},{"latitude":"12.827514","longitude":"77.682226","responsecode":200},{"latitude":"12.827300000000001","longitude":"77.68232","responsecode":200},{"latitude":"12.82703","longitude":"77.68245","responsecode":200},{"latitude":"12.82663","longitude":"77.68266","responsecode":200},{"latitude":"12.8262","longitude":"77.6829","responsecode":200},{"latitude":"12.82574","longitude":"77.68317","responsecode":200},{"latitude":"12.82544","longitude":"77.68335","responsecode":200},{"latitude":"12.82518","longitude":"77.68351","responsecode":200},{"latitude":"12.824919999999999","longitude":"77.68369","responsecode":200},{"latitude":"12.82471","longitude":"77.68384999999999","responsecode":200},{"latitude":"12.82447","longitude":"77.68405","responsecode":200},{"latitude":"12.82403","longitude":"77.68441","responsecode":200},{"latitude":"12.82377","longitude":"77.68467","responsecode":200},{"latitude":"12.82333","longitude":"77.68506","responsecode":200},{"latitude":"12.822890000000001","longitude":"77.68548999999999","responsecode":200},{"latitude":"12.821930000000002","longitude":"77.68636999999998","responsecode":200},{"latitude":"12.821150000000001","longitude":"77.68709999999999","responsecode":200},{"latitude":"12.82046","longitude":"77.68775999999998","responsecode":200},{"latitude":"12.82041","longitude":"77.68780999999998","responsecode":200},{"latitude":"12.82036","longitude":"77.68784999999998","responsecode":200},{"latitude":"12.81944","longitude":"77.68870999999999","responsecode":200},{"latitude":"12.81916","longitude":"77.68895999999998","responsecode":200},{"latitude":"12.81894","longitude":"77.68913999999998","responsecode":200},{"latitude":"12.81867","longitude":"77.68935999999998","responsecode":200},{"latitude":"12.818639","longitude":"77.68938499999997","responsecode":200},{"latitude":"12.818639","longitude":"77.689385","responsecode":200},{"latitude":"12.81846","longitude":"77.68953","responsecode":200},{"latitude":"12.8173","longitude":"77.69046","responsecode":200},{"latitude":"12.81723","longitude":"77.69051","responsecode":200},{"latitude":"12.81717","longitude":"77.69056","responsecode":200},{"latitude":"12.816590000000001","longitude":"77.69103000000001","responsecode":200},{"latitude":"12.816110000000002","longitude":"77.69142000000001","responsecode":200},{"latitude":"12.815220000000002","longitude":"77.69214000000001","responsecode":200},{"latitude":"12.814690000000002","longitude":"77.69256000000001","responsecode":200},{"latitude":"12.814530000000003","longitude":"77.69269000000001","responsecode":200},{"latitude":"12.814380000000003","longitude":"77.69281000000001","responsecode":200},{"latitude":"12.814120000000003","longitude":"77.69301000000002","responsecode":200},{"latitude":"12.813560000000003","longitude":"77.69346000000002","responsecode":200},{"latitude":"12.812030000000002","longitude":"77.69469000000002","responsecode":200},{"latitude":"12.811842000000002","longitude":"77.69484000000003","responsecode":200},{"latitude":"12.811842","longitude":"77.69484","responsecode":200},{"latitude":"12.81124","longitude":"77.69532","responsecode":200},{"latitude":"12.81106","longitude":"77.69546","responsecode":200},{"latitude":"12.81087","longitude":"77.69561999999999","responsecode":200},{"latitude":"12.81072","longitude":"77.69573","responsecode":200},{"latitude":"12.8104","longitude":"77.69599","responsecode":200},{"latitude":"12.81001","longitude":"77.6963","responsecode":200},{"latitude":"12.80961","longitude":"77.69662","responsecode":200},{"latitude":"12.80905","longitude":"77.69707","responsecode":200},{"latitude":"12.808159999999999","longitude":"77.69778","responsecode":200},{"latitude":"12.807989999999998","longitude":"77.69792","responsecode":200},{"latitude":"12.807869999999998","longitude":"77.69802","responsecode":200},{"latitude":"12.807389999999998","longitude":"77.6984","responsecode":200},{"latitude":"12.806755999999998","longitude":"77.698915","responsecode":200},{"latitude":"12.806756","longitude":"77.698915","responsecode":200},{"latitude":"12.80637","longitude":"77.69923","responsecode":200},{"latitude":"12.806289999999999","longitude":"77.69929","responsecode":200},{"latitude":"12.805729999999999","longitude":"77.69973","responsecode":200},{"latitude":"12.80501","longitude":"77.70031","responsecode":200},{"latitude":"12.80492","longitude":"77.70039","responsecode":200},{"latitude":"12.804749999999999","longitude":"77.70053","responsecode":200},{"latitude":"12.804579999999998","longitude":"77.70067","responsecode":200},{"latitude":"12.804449999999997","longitude":"77.70078000000001","responsecode":200},{"latitude":"12.804189999999997","longitude":"77.70102000000001","responsecode":200},{"latitude":"12.804149999999996","longitude":"77.70111000000001","responsecode":200},{"latitude":"12.804109999999996","longitude":"77.70115000000001","responsecode":200},{"latitude":"12.804059999999996","longitude":"77.70120000000001","responsecode":200},{"latitude":"12.803709999999997","longitude":"77.70160000000001","responsecode":200},{"latitude":"12.803569999999997","longitude":"77.70180000000002","responsecode":200},{"latitude":"12.803419999999997","longitude":"77.70202000000002","responsecode":200},{"latitude":"12.803279999999997","longitude":"77.70228000000002","responsecode":200},{"latitude":"12.803179999999998","longitude":"77.70248000000002","responsecode":200},{"latitude":"12.803099999999997","longitude":"77.70266000000002","responsecode":200},{"latitude":"12.803009999999997","longitude":"77.70286000000003","responsecode":200},{"latitude":"12.802909999999997","longitude":"77.70313000000003","responsecode":200},{"latitude":"12.802789999999996","longitude":"77.70354000000003","responsecode":200},{"latitude":"12.802739999999996","longitude":"77.70374000000004","responsecode":200},{"latitude":"12.802709999999996","longitude":"77.70388000000004","responsecode":200},{"latitude":"12.802629999999995","longitude":"77.70428000000004","responsecode":200},{"latitude":"12.802599999999995","longitude":"77.70446000000004","responsecode":200},{"latitude":"12.802579999999995","longitude":"77.70458000000004","responsecode":200},{"latitude":"12.802649999999995","longitude":"77.70460000000004","responsecode":200},{"latitude":"12.802746999999995","longitude":"77.70461800000004","responsecode":200},{"latitude":"12.802747","longitude":"77.704618","responsecode":200},{"latitude":"12.80292","longitude":"77.70465","responsecode":200},{"latitude":"12.803090000000001","longitude":"77.70468","responsecode":200},{"latitude":"12.803370000000001","longitude":"77.70473","responsecode":200},{"latitude":"12.80348","longitude":"77.70476","responsecode":200},{"latitude":"12.80359","longitude":"77.70478999999999","responsecode":200},{"latitude":"12.80372","longitude":"77.70482999999999","responsecode":200},{"latitude":"12.80401","longitude":"77.70495999999999","responsecode":200},{"latitude":"12.80407","longitude":"77.70498999999998","responsecode":200},{"latitude":"12.80412","longitude":"77.70504999999999","responsecode":200},{"latitude":"12.80429","longitude":"77.70514999999999","responsecode":200},{"latitude":"12.80441","longitude":"77.70522999999999","responsecode":200},{"latitude":"12.80447","longitude":"77.70527999999999","responsecode":200},{"latitude":"12.804730000000001","longitude":"77.70551999999999","responsecode":200},{"latitude":"12.80488","longitude":"77.70567","responsecode":200},{"latitude":"12.805240000000001","longitude":"77.70609","responsecode":200},{"latitude":"12.805380000000001","longitude":"77.70621","responsecode":200},{"latitude":"12.805470000000001","longitude":"77.70626","responsecode":200},{"latitude":"12.805590000000002","longitude":"77.7063","responsecode":200},{"latitude":"12.805970000000002","longitude":"77.70638","responsecode":200},{"latitude":"12.806160000000002","longitude":"77.70644","responsecode":200},{"latitude":"12.806490000000002","longitude":"77.70658","responsecode":200},{"latitude":"12.807660000000002","longitude":"77.70708","responsecode":200},{"latitude":"12.807980000000002","longitude":"77.7072","responsecode":200},{"latitude":"12.808060000000003","longitude":"77.70724","responsecode":200},{"latitude":"12.808110000000003","longitude":"77.70728","responsecode":200},{"latitude":"12.808150000000003","longitude":"77.70734","responsecode":200},{"latitude":"12.808190000000003","longitude":"77.70743","responsecode":200},{"latitude":"12.808220000000004","longitude":"77.70753","responsecode":200},{"latitude":"12.808290000000003","longitude":"77.70791000000001","responsecode":200},{"latitude":"12.808310000000002","longitude":"77.70801000000002","responsecode":200},{"latitude":"12.808340000000003","longitude":"77.70813000000001","responsecode":200},{"latitude":"12.808360000000002","longitude":"77.70821000000001","responsecode":200},{"latitude":"12.808390000000003","longitude":"77.70828","responsecode":200},{"latitude":"12.808610000000003","longitude":"77.70871","responsecode":200},{"latitude":"12.808712000000003","longitude":"77.7089","responsecode":200},{"latitude":"12.808712","longitude":"77.7089","responsecode":200},{"latitude":"12.80875","longitude":"77.70897","responsecode":200},{"latitude":"12.80881","longitude":"77.70909999999999","responsecode":200},{"latitude":"12.808869999999999","longitude":"77.70922999999999","responsecode":200},{"latitude":"12.809099999999999","longitude":"77.70965","responsecode":200},{"latitude":"12.809249999999999","longitude":"77.70989999999999","responsecode":200},{"latitude":"12.809359999999998","longitude":"77.71005999999998","responsecode":200},{"latitude":"12.809489999999998","longitude":"77.71029999999999","responsecode":200},{"latitude":"12.80961","longitude":"77.71049","responsecode":200},{"latitude":"12.80969","longitude":"77.7106","responsecode":200},{"latitude":"12.80972","longitude":"77.71065","responsecode":200},{"latitude":"12.80974","longitude":"77.7107","responsecode":200},{"latitude":"12.809759999999999","longitude":"77.71076000000001","responsecode":200},{"latitude":"12.809759999999999","longitude":"77.71082000000001","responsecode":200},{"latitude":"12.80975","longitude":"77.71091000000001","responsecode":200},{"latitude":"12.809759999999999","longitude":"77.71098","responsecode":200},{"latitude":"12.80979","longitude":"77.71105","responsecode":200},{"latitude":"12.80984","longitude":"77.71111","responsecode":200},{"latitude":"12.80989","longitude":"77.71115","responsecode":200},{"latitude":"12.809949999999999","longitude":"77.7112","responsecode":200},{"latitude":"12.81013","longitude":"77.71132","responsecode":200},{"latitude":"12.81021","longitude":"77.71138","responsecode":200},{"latitude":"12.81036","longitude":"77.7115","responsecode":200},{"latitude":"12.810429999999998","longitude":"77.71157","responsecode":200},{"latitude":"12.810479999999998","longitude":"77.71163","responsecode":200},{"latitude":"12.810519999999999","longitude":"77.71171","responsecode":200},{"latitude":"12.81055","longitude":"77.71179","responsecode":200},{"latitude":"12.81058","longitude":"77.71185999999999","responsecode":200},{"latitude":"12.81063","longitude":"77.71193999999998","responsecode":200},{"latitude":"12.81067","longitude":"77.71197999999998","responsecode":200},{"latitude":"12.81077","longitude":"77.71205999999998","responsecode":200},{"latitude":"12.81092","longitude":"77.71216999999999","responsecode":200},{"latitude":"12.811029999999999","longitude":"77.71225999999999","responsecode":200},{"latitude":"12.811119999999999","longitude":"77.71233999999998","responsecode":200},{"latitude":"12.8112","longitude":"77.71241999999998","responsecode":200},{"latitude":"12.81132","longitude":"77.71253999999998","responsecode":200},{"latitude":"12.8114","longitude":"77.71260999999997","responsecode":200},{"latitude":"12.811490000000001","longitude":"77.71266999999997","responsecode":200},{"latitude":"12.811580000000001","longitude":"77.71271999999998","responsecode":200},{"latitude":"12.81188","longitude":"77.71285999999998","responsecode":200},{"latitude":"12.81199","longitude":"77.71289999999998","responsecode":200},{"latitude":"12.8124","longitude":"77.71301999999997","responsecode":200},{"latitude":"12.812660000000001","longitude":"77.71309999999997","responsecode":200},{"latitude":"12.812750000000001","longitude":"77.71313999999997","responsecode":200},{"latitude":"12.81281","longitude":"77.71316999999996","responsecode":200},{"latitude":"12.81288","longitude":"77.71320999999996","responsecode":200},{"latitude":"12.81296","longitude":"77.71326999999997","responsecode":200},{"latitude":"12.81311","longitude":"77.71340999999997","responsecode":200},{"latitude":"12.8132","longitude":"77.71349999999997","responsecode":200},{"latitude":"12.81357","longitude":"77.71391999999997","responsecode":200},{"latitude":"12.81384","longitude":"77.71418999999997","responsecode":200},{"latitude":"12.813960000000002","longitude":"77.71429999999998","responsecode":200},{"latitude":"12.814210000000001","longitude":"77.71449999999999","responsecode":200},{"latitude":"12.81442","longitude":"77.71467999999999","responsecode":200},{"latitude":"12.81447","longitude":"77.71470999999998","responsecode":200},{"latitude":"12.81451","longitude":"77.71472999999999","responsecode":200},{"latitude":"12.81456","longitude":"77.71475","responsecode":200},{"latitude":"12.81461","longitude":"77.71476","responsecode":200},{"latitude":"12.81467","longitude":"77.71476","responsecode":200},{"latitude":"12.814729999999999","longitude":"77.71475","responsecode":200},{"latitude":"12.814789999999999","longitude":"77.71472999999999","responsecode":200},{"latitude":"12.81505","longitude":"77.71461999999998","responsecode":200},{"latitude":"12.81513","longitude":"77.71458999999999","responsecode":200},{"latitude":"12.815199999999999","longitude":"77.71456999999998","responsecode":200},{"latitude":"12.81528","longitude":"77.71455999999998","responsecode":200},{"latitude":"12.81536","longitude":"77.71456999999998","responsecode":200},{"latitude":"12.81543","longitude":"77.71458999999999","responsecode":200},{"latitude":"12.815489999999999","longitude":"77.71461999999998","responsecode":200},{"latitude":"12.815529999999999","longitude":"77.71464999999998","responsecode":200},{"latitude":"12.81557","longitude":"77.71468999999998","responsecode":200},{"latitude":"12.8156","longitude":"77.71473999999998","responsecode":200},{"latitude":"12.81565","longitude":"77.71483999999998","responsecode":200},{"latitude":"12.815669999999999","longitude":"77.71488999999998","responsecode":200},{"latitude":"12.815689999999998","longitude":"77.71495999999998","responsecode":200},{"latitude":"12.815789999999998","longitude":"77.71534999999997","responsecode":200},{"latitude":"12.815809999999997","longitude":"77.71540999999998","responsecode":200},{"latitude":"12.815839999999998","longitude":"77.71545999999998","responsecode":200},{"latitude":"12.815869999999999","longitude":"77.71549999999998","responsecode":200},{"latitude":"12.815909999999999","longitude":"77.71553999999998","responsecode":200},{"latitude":"12.81603","longitude":"77.71561999999997","responsecode":200},{"latitude":"12.81627","longitude":"77.71569999999997","responsecode":200},{"latitude":"12.81653","longitude":"77.71577999999997","responsecode":200},{"latitude":"12.8166","longitude":"77.71580999999996","responsecode":200},{"latitude":"12.81665","longitude":"77.71583999999996","responsecode":200},{"latitude":"12.81669","longitude":"77.71586999999995","responsecode":200},{"latitude":"12.81673","longitude":"77.71590999999995","responsecode":200},{"latitude":"12.81677","longitude":"77.71596999999996","responsecode":200},{"latitude":"12.8168","longitude":"77.71605999999996","responsecode":200},{"latitude":"12.81705","longitude":"77.71680999999995","responsecode":200},{"latitude":"12.81715","longitude":"77.71695999999996","responsecode":200},{"latitude":"12.81719","longitude":"77.71700999999996","responsecode":200},{"latitude":"12.81734","longitude":"77.71714999999996","responsecode":200},{"latitude":"12.81745","longitude":"77.71722999999996","responsecode":200},{"latitude":"12.81762","longitude":"77.71719999999996","responsecode":200},{"latitude":"12.81775","longitude":"77.71723999999996","responsecode":200},{"latitude":"12.81799","longitude":"77.71729999999997","responsecode":200},{"latitude":"12.81829","longitude":"77.71740999999997","responsecode":200},{"latitude":"12.81875","longitude":"77.71756999999997","responsecode":200},{"latitude":"12.81902","longitude":"77.71764999999996","responsecode":200},{"latitude":"12.8191","longitude":"77.71766999999997","responsecode":200},{"latitude":"12.81919","longitude":"77.71767999999997","responsecode":200},{"latitude":"12.81929","longitude":"77.71766999999997","responsecode":200},{"latitude":"12.8194","longitude":"77.71763999999997","responsecode":200},{"latitude":"12.81957","longitude":"77.71757999999997","responsecode":200},{"latitude":"12.81972","longitude":"77.71751999999996","responsecode":200},{"latitude":"12.8199","longitude":"77.71751999999996","responsecode":200},{"latitude":"12.82004","longitude":"77.71750999999996","responsecode":200},{"latitude":"12.82014","longitude":"77.71750999999996","responsecode":200},{"latitude":"12.82021","longitude":"77.71753999999996","responsecode":200},{"latitude":"12.82026","longitude":"77.71758999999996","responsecode":200},{"latitude":"12.820329999999998","longitude":"77.71771999999996","responsecode":200},{"latitude":"12.820469999999998","longitude":"77.71804999999996","responsecode":200},{"latitude":"12.820539999999998","longitude":"77.71818999999996","responsecode":200},{"latitude":"12.820599999999997","longitude":"77.71829999999997","responsecode":200},{"latitude":"12.820699999999997","longitude":"77.71848999999997","responsecode":200},{"latitude":"12.820759999999996","longitude":"77.71859999999998","responsecode":200},{"latitude":"12.820809999999996","longitude":"77.71870999999999","responsecode":200},{"latitude":"12.82081","longitude":"77.71871","responsecode":200},{"latitude":"12.82081","longitude":"77.71871","responsecode":200},{"latitude":"12.82086","longitude":"77.71877","responsecode":200},{"latitude":"12.8209","longitude":"77.71879000000001","responsecode":200},{"latitude":"12.82098","longitude":"77.71878000000001","responsecode":200},{"latitude":"12.82126","longitude":"77.71874000000001","responsecode":200},{"latitude":"12.821480000000001","longitude":"77.71878000000001","responsecode":200},{"latitude":"12.82168","longitude":"77.71888000000001","responsecode":200},{"latitude":"12.821850000000001","longitude":"77.71898000000002","responsecode":200},{"latitude":"12.82205","longitude":"77.71910000000001","responsecode":200},{"latitude":"12.8222","longitude":"77.71915000000001","responsecode":200},{"latitude":"12.82235","longitude":"77.71919000000001","responsecode":200},{"latitude":"12.82255","longitude":"77.71929000000002","responsecode":200},{"latitude":"12.82294","longitude":"77.71931000000002","responsecode":200},{"latitude":"12.82326","longitude":"77.71934000000002","responsecode":200},{"latitude":"12.82348","longitude":"77.71935000000002","responsecode":200},{"latitude":"12.82379","longitude":"77.71937000000003","responsecode":200},{"latitude":"12.82399","longitude":"77.71938000000003","responsecode":200},{"latitude":"12.82409","longitude":"77.71938000000003","responsecode":200},{"latitude":"12.82436","longitude":"77.71940000000004","responsecode":200},{"latitude":"12.824720000000001","longitude":"77.71942000000004","responsecode":200},{"latitude":"12.824840000000002","longitude":"77.71942000000004","responsecode":200},{"latitude":"12.824950000000001","longitude":"77.71941000000004","responsecode":200},{"latitude":"12.825050000000001","longitude":"77.71938000000004","responsecode":200},{"latitude":"12.82515","longitude":"77.71933000000004","responsecode":200},{"latitude":"12.825380000000001","longitude":"77.71920000000004","responsecode":200},{"latitude":"12.82554","longitude":"77.71915000000004","responsecode":200},{"latitude":"12.82572","longitude":"77.71914000000004","responsecode":200},{"latitude":"12.82586","longitude":"77.71914000000004","responsecode":200},{"latitude":"12.826220000000001","longitude":"77.71917000000003","responsecode":200},{"latitude":"12.8267","longitude":"77.71923000000004","responsecode":200},{"latitude":"12.82708","longitude":"77.71929000000004","responsecode":200},{"latitude":"12.8274","longitude":"77.71936000000004","responsecode":200},{"latitude":"12.82793","longitude":"77.71948000000003","responsecode":200},{"latitude":"12.82828","longitude":"77.71958000000004","responsecode":200},{"latitude":"12.828579999999999","longitude":"77.71968000000004","responsecode":200},{"latitude":"12.828769999999999","longitude":"77.71977000000004","responsecode":200},{"latitude":"12.828805999999998","longitude":"77.71979100000004","responsecode":200},{"latitude":"12.828806","longitude":"77.719791","responsecode":200},{"latitude":"12.82889","longitude":"77.71984","responsecode":200},{"latitude":"12.82897","longitude":"77.71988","responsecode":200},{"latitude":"12.82908","longitude":"77.71992","responsecode":200},{"latitude":"12.82925","longitude":"77.71994000000001","responsecode":200},{"latitude":"12.82943","longitude":"77.71994000000001","responsecode":200},{"latitude":"12.83009","longitude":"77.71989","responsecode":200},{"latitude":"12.83029","longitude":"77.71988","responsecode":200},{"latitude":"12.83052","longitude":"77.71989","responsecode":200},{"latitude":"12.83089","longitude":"77.71995000000001","responsecode":200},{"latitude":"12.83107","longitude":"77.71996000000001","responsecode":200},{"latitude":"12.83146","longitude":"77.71995000000001","responsecode":200},{"latitude":"12.83184","longitude":"77.71992000000002","responsecode":200},{"latitude":"12.83241","longitude":"77.71986000000001","responsecode":200},{"latitude":"12.83278","longitude":"77.7198","responsecode":200},{"latitude":"12.83291","longitude":"77.71977000000001","responsecode":200},{"latitude":"12.83308","longitude":"77.71971","responsecode":200},{"latitude":"12.83327","longitude":"77.71965","responsecode":200},{"latitude":"12.83338","longitude":"77.71958000000001","responsecode":200},{"latitude":"12.8335","longitude":"77.71949000000001","responsecode":200},{"latitude":"12.83369","longitude":"77.71933000000001","responsecode":200},{"latitude":"12.83389","longitude":"77.71917000000002","responsecode":200},{"latitude":"12.834","longitude":"77.71910000000003","responsecode":200},{"latitude":"12.834159999999999","longitude":"77.71904000000002","responsecode":200},{"latitude":"12.83428","longitude":"77.71900000000002","responsecode":200},{"latitude":"12.83436","longitude":"77.71898000000002","responsecode":200},{"latitude":"12.83463","longitude":"77.71891000000002","responsecode":200},{"latitude":"12.83473","longitude":"77.71889000000002","responsecode":200},{"latitude":"12.83482","longitude":"77.71889000000002","responsecode":200},{"latitude":"12.83487","longitude":"77.71891000000002","responsecode":200},{"latitude":"12.83491","longitude":"77.71893000000003","responsecode":200},{"latitude":"12.834950000000001","longitude":"77.71897000000003","responsecode":200},{"latitude":"12.834980000000002","longitude":"77.71901000000003","responsecode":200},{"latitude":"12.835010000000002","longitude":"77.71894000000003","responsecode":200},{"latitude":"12.83501","longitude":"77.71894","responsecode":200},{"latitude":"12.83498","longitude":"77.71901","responsecode":200},{"latitude":"12.83517","longitude":"77.71936","responsecode":200},{"latitude":"12.83549","longitude":"77.71988999999999","responsecode":200},{"latitude":"12.83563","longitude":"77.72014999999999","responsecode":200},{"latitude":"12.83574","longitude":"77.72036999999999","responsecode":200},{"latitude":"12.83582","longitude":"77.72055999999999","responsecode":200},{"latitude":"12.83588","longitude":"77.72073999999999","responsecode":200},{"latitude":"12.83591","longitude":"77.72088","responsecode":200},{"latitude":"12.83593","longitude":"77.72103","responsecode":200},{"latitude":"12.835939999999999","longitude":"77.7212","responsecode":200},{"latitude":"12.83597","longitude":"77.72138","responsecode":200},{"latitude":"12.83602","longitude":"77.72158999999999","responsecode":200},{"latitude":"12.836089999999999","longitude":"77.72179999999999","responsecode":200},{"latitude":"12.836149999999998","longitude":"77.72193999999999","responsecode":200},{"latitude":"12.836239999999998","longitude":"77.72210999999999","responsecode":200},{"latitude":"12.836329999999998","longitude":"77.72224999999999","responsecode":200},{"latitude":"12.836469999999998","longitude":"77.72242999999999","responsecode":200},{"latitude":"12.836529999999998","longitude":"77.72250999999999","responsecode":200},{"latitude":"12.836629999999998","longitude":"77.72261999999999","responsecode":200},{"latitude":"12.836729999999998","longitude":"77.72274999999999","responsecode":200},{"latitude":"12.836799999999997","longitude":"77.72283999999999","responsecode":200},{"latitude":"12.836849999999997","longitude":"77.72295999999999","responsecode":200},{"latitude":"12.836869999999996","longitude":"77.72305999999999","responsecode":200},{"latitude":"12.836899999999996","longitude":"77.72326","responsecode":200},{"latitude":"12.836929999999997","longitude":"77.72339","responsecode":200},{"latitude":"12.836989999999997","longitude":"77.72357","responsecode":200},{"latitude":"12.837059999999996","longitude":"77.72372","responsecode":200},{"latitude":"12.837209999999995","longitude":"77.72399","responsecode":200},{"latitude":"12.837299999999995","longitude":"77.72413","responsecode":200},{"latitude":"12.837359999999995","longitude":"77.72421","responsecode":200},{"latitude":"12.837439999999996","longitude":"77.7243","responsecode":200},{"latitude":"12.837499999999995","longitude":"77.72436","responsecode":200},{"latitude":"12.837559999999995","longitude":"77.72441","responsecode":200},{"latitude":"12.837785999999994","longitude":"77.724591","responsecode":200},{"latitude":"12.837786","longitude":"77.724591","responsecode":200},{"latitude":"12.83786","longitude":"77.72465","responsecode":200},{"latitude":"12.838109999999999","longitude":"77.72485999999999","responsecode":200},{"latitude":"12.838219999999998","longitude":"77.72496","responsecode":200},{"latitude":"12.838299999999998","longitude":"77.72506","responsecode":200},{"latitude":"12.838379999999999","longitude":"77.72518","responsecode":200},{"latitude":"12.83846","longitude":"77.72531","responsecode":200},{"latitude":"12.83861","longitude":"77.72558","responsecode":200},{"latitude":"12.838719999999999","longitude":"77.72578","responsecode":200},{"latitude":"12.83884","longitude":"77.72596","responsecode":200},{"latitude":"12.83894","longitude":"77.72608","responsecode":200},{"latitude":"12.839039999999999","longitude":"77.72618","responsecode":200},{"latitude":"12.839179999999999","longitude":"77.72627","responsecode":200},{"latitude":"12.839269999999999","longitude":"77.72632","responsecode":200},{"latitude":"12.839409999999999","longitude":"77.72639","responsecode":200},{"latitude":"12.83959","longitude":"77.72645","responsecode":200},{"latitude":"12.83977","longitude":"77.72651","responsecode":200},{"latitude":"12.83997","longitude":"77.72657000000001","responsecode":200},{"latitude":"12.840119999999999","longitude":"77.72661000000001","responsecode":200},{"latitude":"12.840269999999999","longitude":"77.72665","responsecode":200},{"latitude":"12.840379999999998","longitude":"77.72667000000001","responsecode":200},{"latitude":"12.840719999999997","longitude":"77.72674","responsecode":200},{"latitude":"12.840889999999998","longitude":"77.72678","responsecode":200},{"latitude":"12.841029999999998","longitude":"77.72681","responsecode":200},{"latitude":"12.841169999999998","longitude":"77.72685","responsecode":200},{"latitude":"12.841269999999998","longitude":"77.72688","responsecode":200},{"latitude":"12.841449999999998","longitude":"77.72694999999999","responsecode":200},{"latitude":"12.841579999999999","longitude":"77.72700999999999","responsecode":200},{"latitude":"12.842199999999998","longitude":"77.72728","responsecode":200},{"latitude":"12.842309999999998","longitude":"77.72731999999999","responsecode":200},{"latitude":"12.842439999999998","longitude":"77.72737","responsecode":200},{"latitude":"12.842639999999998","longitude":"77.72744999999999","responsecode":200},{"latitude":"12.842769999999998","longitude":"77.72747999999999","responsecode":200},{"latitude":"12.842889999999999","longitude":"77.72750999999998","responsecode":200},{"latitude":"12.842999999999998","longitude":"77.72752999999999","responsecode":200},{"latitude":"12.843","longitude":"77.72753","responsecode":200},{"latitude":"12.843","longitude":"77.72753","responsecode":200},{"latitude":"12.84323","longitude":"77.72756","responsecode":200},{"latitude":"12.84345","longitude":"77.7276","responsecode":200},{"latitude":"12.84351","longitude":"77.72757999999999","responsecode":200},{"latitude":"12.84357","longitude":"77.72757999999999","responsecode":200},{"latitude":"12.8437","longitude":"77.7276","responsecode":200},{"latitude":"12.843960000000001","longitude":"77.72765","responsecode":200},{"latitude":"12.84416","longitude":"77.72767999999999","responsecode":200},{"latitude":"12.84458","longitude":"77.72774999999999","responsecode":200},{"latitude":"12.84506","longitude":"77.72787999999998","responsecode":200},{"latitude":"12.84525","longitude":"77.72791999999998","responsecode":200},{"latitude":"12.84561","longitude":"77.72796999999998","responsecode":200},{"latitude":"12.84594","longitude":"77.72796999999998","responsecode":200},{"latitude":"12.84638","longitude":"77.72796999999998","responsecode":200},{"latitude":"12.84658","longitude":"77.72796999999998","responsecode":200},{"latitude":"12.84698","longitude":"77.72796999999998","responsecode":200},{"latitude":"12.84722","longitude":"77.72797999999999","responsecode":200},{"latitude":"12.84741","longitude":"77.72798999999999","responsecode":200},{"latitude":"12.84758","longitude":"77.72801999999999","responsecode":200},{"latitude":"12.847800000000001","longitude":"77.72806999999999","responsecode":200},{"latitude":"12.848020000000002","longitude":"77.72813","responsecode":200},{"latitude":"12.848200000000002","longitude":"77.72819","responsecode":200},{"latitude":"12.848400000000002","longitude":"77.72825999999999","responsecode":200},{"latitude":"12.84889","longitude":"77.72847999999999","responsecode":200},{"latitude":"12.849060000000001","longitude":"77.72855999999999","responsecode":200},{"latitude":"12.849910000000001","longitude":"77.72887999999999","responsecode":200},{"latitude":"12.85115","longitude":"77.72935999999999","responsecode":200},{"latitude":"12.851650000000001","longitude":"77.72955999999999","responsecode":200},{"latitude":"12.85208","longitude":"77.72972999999999","responsecode":200},{"latitude":"12.85251","longitude":"77.72988799999999","responsecode":200},{"latitude":"12.85251","longitude":"77.729888","responsecode":200},{"latitude":"12.85257","longitude":"77.72991","responsecode":200},{"latitude":"12.85328","longitude":"77.73014","responsecode":200},{"latitude":"12.8538","longitude":"77.73032","responsecode":200},{"latitude":"12.854619999999999","longitude":"77.73065000000001","responsecode":200},{"latitude":"12.85503","longitude":"77.73083000000001","responsecode":200},{"latitude":"12.85517","longitude":"77.73089000000002","responsecode":200},{"latitude":"12.855469999999999","longitude":"77.73102000000002","responsecode":200},{"latitude":"12.855868999999998","longitude":"77.73119600000001","responsecode":200},{"latitude":"12.855869","longitude":"77.731196","responsecode":200},{"latitude":"12.8559","longitude":"77.73120999999999","responsecode":200},{"latitude":"12.85598","longitude":"77.73123999999999","responsecode":200},{"latitude":"12.85603","longitude":"77.73125999999999","responsecode":200},{"latitude":"12.85626","longitude":"77.73136","responsecode":200},{"latitude":"12.85646","longitude":"77.73142999999999","responsecode":200},{"latitude":"12.856630000000001","longitude":"77.73147999999999","responsecode":200},{"latitude":"12.85688","longitude":"77.73154","responsecode":200},{"latitude":"12.85727","longitude":"77.73163","responsecode":200},{"latitude":"12.858319999999999","longitude":"77.73187","responsecode":200},{"latitude":"12.859029999999999","longitude":"77.732","responsecode":200},{"latitude":"12.860129999999998","longitude":"77.73222","responsecode":200},{"latitude":"12.860389999999999","longitude":"77.73226","responsecode":200},{"latitude":"12.860899999999999","longitude":"77.73235","responsecode":200},{"latitude":"12.86099","longitude":"77.73236","responsecode":200},{"latitude":"12.861059999999998","longitude":"77.73236","responsecode":200},{"latitude":"12.861219999999998","longitude":"77.73235","responsecode":200},{"latitude":"12.861199999999998","longitude":"77.73246","responsecode":200},{"latitude":"12.861079999999998","longitude":"77.73281","responsecode":200},{"latitude":"12.860899999999997","longitude":"77.73333","responsecode":200},{"latitude":"12.860799999999998","longitude":"77.73371","responsecode":200},{"latitude":"12.860729999999998","longitude":"77.73400000000001","responsecode":200},{"latitude":"12.860599999999998","longitude":"77.73459000000001","responsecode":200},{"latitude":"12.860555999999997","longitude":"77.73473200000001","responsecode":200},{"latitude":"12.860556","longitude":"77.734732","responsecode":200},{"latitude":"12.860556","longitude":"77.734732","responsecode":200}],"Message":"Success","Issuccess":true,"exception":null,"RowCount":1283,"responsecode":200}