{"data":[{"latitude":"12.928304","longitude":"77.556497","responsecode":200},{"latitude":"12.928130000000001","longitude":"77.55623999999999","responsecode":200},{"latitude":"12.928110000000002","longitude":"77.55621","responsecode":200},{"latitude":"12.927980000000002","longitude":"77.55608","responsecode":200},{"latitude":"12.927850000000001","longitude":"77.55583999999999","responsecode":200},{"latitude":"12.92773","longitude":"77.55557999999999","responsecode":200},{"latitude":"12.927620000000001","longitude":"77.55506","responsecode":200},{"latitude":"12.927600000000002","longitude":"77.55472999999999","responsecode":200},{"latitude":"12.927520000000001","longitude":"77.55465","responsecode":200},{"latitude":"12.926870000000001","longitude":"77.55412","responsecode":200},{"latitude":"12.926496","longitude":"77.553753","responsecode":200},{"latitude":"12.926496","longitude":"77.553753","responsecode":200},{"latitude":"12.92636","longitude":"77.55362","responsecode":200},{"latitude":"12.92628","longitude":"77.55355","responsecode":200},{"latitude":"12.92611","longitude":"77.55344","responsecode":200},{"latitude":"12.92494","longitude":"77.55341","responsecode":200},{"latitude":"12.924489999999999","longitude":"77.55342","responsecode":200},{"latitude":"12.924199999999999","longitude":"77.55339000000001","responsecode":200},{"latitude":"12.924","longitude":"77.55333","responsecode":200},{"latitude":"12.923919999999999","longitude":"77.55330000000001","responsecode":200},{"latitude":"12.92392","longitude":"77.5533","responsecode":200},{"latitude":"12.92392","longitude":"77.5533","responsecode":200},{"latitude":"12.924050000000001","longitude":"77.5529","responsecode":200},{"latitude":"12.92412","longitude":"77.55268","responsecode":200},{"latitude":"12.92432","longitude":"77.5521","responsecode":200},{"latitude":"12.924479999999999","longitude":"77.55169","responsecode":200},{"latitude":"12.924719999999999","longitude":"77.55113","responsecode":200},{"latitude":"12.92489","longitude":"77.55079","responsecode":200},{"latitude":"12.925049999999999","longitude":"77.55049000000001","responsecode":200},{"latitude":"12.925349999999998","longitude":"77.54996000000001","responsecode":200},{"latitude":"12.92535","longitude":"77.54996","responsecode":200},{"latitude":"12.92535","longitude":"77.54996","responsecode":200},{"latitude":"12.92541","longitude":"77.54995","responsecode":200},{"latitude":"12.925469999999999","longitude":"77.54997","responsecode":200},{"latitude":"12.92597","longitude":"77.55027","responsecode":200},{"latitude":"12.92615","longitude":"77.55039","responsecode":200},{"latitude":"12.92627","longitude":"77.55046999999999","responsecode":200},{"latitude":"12.92643","longitude":"77.55058","responsecode":200},{"latitude":"12.92659","longitude":"77.55069","responsecode":200},{"latitude":"12.9269","longitude":"77.55088","responsecode":200},{"latitude":"12.92713","longitude":"77.55101","responsecode":200},{"latitude":"12.92754","longitude":"77.55126","responsecode":200},{"latitude":"12.927591","longitude":"77.551287","responsecode":200},{"latitude":"12.927591","longitude":"77.551287","responsecode":200},{"latitude":"12.92771","longitude":"77.55135","responsecode":200},{"latitude":"12.92794","longitude":"77.5515","responsecode":200},{"latitude":"12.928139999999999","longitude":"77.55164","responsecode":200},{"latitude":"12.92823","longitude":"77.55170000000001","responsecode":200},{"latitude":"12.92832","longitude":"77.55175000000001","responsecode":200},{"latitude":"12.92846","longitude":"77.55180000000001","responsecode":200},{"latitude":"12.9287","longitude":"77.55188000000001","responsecode":200},{"latitude":"12.92915","longitude":"77.55201000000001","responsecode":200},{"latitude":"12.92933","longitude":"77.55206000000001","responsecode":200},{"latitude":"12.92956","longitude":"77.55213","responsecode":200},{"latitude":"12.92971","longitude":"77.55217","responsecode":200},{"latitude":"12.92984","longitude":"77.55222","responsecode":200},{"latitude":"12.92991","longitude":"77.55226","responsecode":200},{"latitude":"12.929969999999999","longitude":"77.55231","responsecode":200},{"latitude":"12.93001","longitude":"77.55236000000001","responsecode":200},{"latitude":"12.93005","longitude":"77.55244","responsecode":200},{"latitude":"12.930069999999999","longitude":"77.55249","responsecode":200},{"latitude":"12.9301","longitude":"77.55258","responsecode":200},{"latitude":"12.930209999999999","longitude":"77.55284","responsecode":200},{"latitude":"12.930259999999999","longitude":"77.553","responsecode":200},{"latitude":"12.930279999999998","longitude":"77.55306","responsecode":200},{"latitude":"12.930279999999998","longitude":"77.55314","responsecode":200},{"latitude":"12.930349999999997","longitude":"77.55329","responsecode":200},{"latitude":"12.93035","longitude":"77.55329","responsecode":200},{"latitude":"12.93035","longitude":"77.55329","responsecode":200},{"latitude":"12.93044","longitude":"77.55349000000001","responsecode":200},{"latitude":"12.930480000000001","longitude":"77.55358000000001","responsecode":200},{"latitude":"12.930530000000001","longitude":"77.55369000000002","responsecode":200},{"latitude":"12.930620000000001","longitude":"77.55385000000001","responsecode":200},{"latitude":"12.93069","longitude":"77.55397","responsecode":200},{"latitude":"12.930810000000001","longitude":"77.55417000000001","responsecode":200},{"latitude":"12.930930000000002","longitude":"77.55436000000002","responsecode":200},{"latitude":"12.930970000000002","longitude":"77.55442000000002","responsecode":200},{"latitude":"12.931150000000002","longitude":"77.55473000000002","responsecode":200},{"latitude":"12.931240000000003","longitude":"77.55488000000003","responsecode":200},{"latitude":"12.931310000000002","longitude":"77.55497000000003","responsecode":200},{"latitude":"12.931360000000002","longitude":"77.55503000000003","responsecode":200},{"latitude":"12.931420000000001","longitude":"77.55509000000004","responsecode":200},{"latitude":"12.93162","longitude":"77.55528000000004","responsecode":200},{"latitude":"12.93186","longitude":"77.55552000000004","responsecode":200},{"latitude":"12.932030000000001","longitude":"77.55570000000004","responsecode":200},{"latitude":"12.93203","longitude":"77.5557","responsecode":200},{"latitude":"12.93203","longitude":"77.5557","responsecode":200},{"latitude":"12.93208","longitude":"77.55575","responsecode":200},{"latitude":"12.932369999999999","longitude":"77.55603","responsecode":200},{"latitude":"12.93264","longitude":"77.55635000000001","responsecode":200},{"latitude":"12.932739999999999","longitude":"77.55651","responsecode":200},{"latitude":"12.93278","longitude":"77.55658","responsecode":200},{"latitude":"12.932929999999999","longitude":"77.55684","responsecode":200},{"latitude":"12.932999999999998","longitude":"77.55695999999999","responsecode":200},{"latitude":"12.933109999999997","longitude":"77.5572","responsecode":200},{"latitude":"12.933189999999998","longitude":"77.55733","responsecode":200},{"latitude":"12.933299999999997","longitude":"77.55753999999999","responsecode":200},{"latitude":"12.933369999999996","longitude":"77.55767999999999","responsecode":200},{"latitude":"12.933427999999996","longitude":"77.55778799999999","responsecode":200},{"latitude":"12.933428","longitude":"77.557788","responsecode":200},{"latitude":"12.933499999999999","longitude":"77.55792","responsecode":200},{"latitude":"12.933569999999998","longitude":"77.55805","responsecode":200},{"latitude":"12.933659999999998","longitude":"77.55820999999999","responsecode":200},{"latitude":"12.933759999999998","longitude":"77.55837999999999","responsecode":200},{"latitude":"12.933839999999998","longitude":"77.55851999999999","responsecode":200},{"latitude":"12.933939999999998","longitude":"77.55869999999999","responsecode":200},{"latitude":"12.933989999999998","longitude":"77.55879999999999","responsecode":200},{"latitude":"12.934099999999997","longitude":"77.55900999999999","responsecode":200},{"latitude":"12.934259999999997","longitude":"77.55932999999999","responsecode":200},{"latitude":"12.934369999999996","longitude":"77.55959999999999","responsecode":200},{"latitude":"12.934439999999995","longitude":"77.55978999999999","responsecode":200},{"latitude":"12.934499999999995","longitude":"77.56000999999999","responsecode":200},{"latitude":"12.934579999999995","longitude":"77.56033","responsecode":200},{"latitude":"12.934629999999995","longitude":"77.56047","responsecode":200},{"latitude":"12.934679999999995","longitude":"77.56056","responsecode":200},{"latitude":"12.934769999999995","longitude":"77.56057","responsecode":200},{"latitude":"12.934899999999995","longitude":"77.56063","responsecode":200},{"latitude":"12.935009999999995","longitude":"77.56066","responsecode":200},{"latitude":"12.935129999999996","longitude":"77.56067","responsecode":200},{"latitude":"12.935199999999995","longitude":"77.56066","responsecode":200},{"latitude":"12.9352","longitude":"77.56066","responsecode":200},{"latitude":"12.9352","longitude":"77.56066","responsecode":200},{"latitude":"12.93528","longitude":"77.56063","responsecode":200},{"latitude":"12.93533","longitude":"77.56060000000001","responsecode":200},{"latitude":"12.935410000000001","longitude":"77.56053000000001","responsecode":200},{"latitude":"12.93561","longitude":"77.56034000000001","responsecode":200},{"latitude":"12.9357","longitude":"77.56026000000001","responsecode":200},{"latitude":"12.93577","longitude":"77.56024000000001","responsecode":200},{"latitude":"12.9359","longitude":"77.56013","responsecode":200},{"latitude":"12.93604","longitude":"77.56002","responsecode":200},{"latitude":"12.93615","longitude":"77.55993","responsecode":200},{"latitude":"12.93629","longitude":"77.55981","responsecode":200},{"latitude":"12.93642","longitude":"77.55969999999999","responsecode":200},{"latitude":"12.93642","longitude":"77.55967","responsecode":200},{"latitude":"12.93644","longitude":"77.55964999999999","responsecode":200},{"latitude":"12.936459999999999","longitude":"77.55963999999999","responsecode":200},{"latitude":"12.936525999999999","longitude":"77.55955199999998","responsecode":200},{"latitude":"12.936526","longitude":"77.559552","responsecode":200},{"latitude":"12.93664","longitude":"77.5594","responsecode":200},{"latitude":"12.93699","longitude":"77.55896","responsecode":200},{"latitude":"12.93726","longitude":"77.55856","responsecode":200},{"latitude":"12.93744","longitude":"77.55825","responsecode":200},{"latitude":"12.93754","longitude":"77.55808","responsecode":200},{"latitude":"12.937618","longitude":"77.557941","responsecode":200},{"latitude":"12.937618","longitude":"77.557941","responsecode":200},{"latitude":"12.937618","longitude":"77.557941","responsecode":200},{"latitude":"12.9376","longitude":"77.55793","responsecode":200},{"latitude":"12.93792","longitude":"77.5573","responsecode":200},{"latitude":"12.93814","longitude":"77.55734","responsecode":200},{"latitude":"12.93812","longitude":"77.55734","responsecode":200},{"latitude":"12.93844","longitude":"77.55740999999999","responsecode":200},{"latitude":"12.93872","longitude":"77.55744999999999","responsecode":200},{"latitude":"12.939","longitude":"77.55749999999999","responsecode":200},{"latitude":"12.93913","longitude":"77.55752","responsecode":200},{"latitude":"12.93942","longitude":"77.55757","responsecode":200},{"latitude":"12.93981","longitude":"77.55763999999999","responsecode":200},{"latitude":"12.940159999999999","longitude":"77.55769","responsecode":200},{"latitude":"12.940489999999999","longitude":"77.55774","responsecode":200},{"latitude":"12.940719999999999","longitude":"77.55776999999999","responsecode":200},{"latitude":"12.94103","longitude":"77.55780999999999","responsecode":200},{"latitude":"12.94112","longitude":"77.55783","responsecode":200},{"latitude":"12.94164","longitude":"77.55792","responsecode":200},{"latitude":"12.94191","longitude":"77.55797","responsecode":200},{"latitude":"12.94221","longitude":"77.55802","responsecode":200},{"latitude":"12.94252","longitude":"77.55807","responsecode":200},{"latitude":"12.94313","longitude":"77.55818000000001","responsecode":200},{"latitude":"12.94353","longitude":"77.55823000000001","responsecode":200},{"latitude":"12.943460000000002","longitude":"77.55828000000001","responsecode":200},{"latitude":"12.943460000000002","longitude":"77.55851000000001","responsecode":200},{"latitude":"12.94346","longitude":"77.55851","responsecode":200},{"latitude":"12.94346","longitude":"77.55862","responsecode":200},{"latitude":"12.94346","longitude":"77.55876","responsecode":200},{"latitude":"12.94346","longitude":"77.5591","responsecode":200},{"latitude":"12.94347","longitude":"77.55949","responsecode":200},{"latitude":"12.94347","longitude":"77.55982999999999","responsecode":200},{"latitude":"12.94347","longitude":"77.56021","responsecode":200},{"latitude":"12.94348","longitude":"77.56081","responsecode":200},{"latitude":"12.943489999999999","longitude":"77.56108","responsecode":200},{"latitude":"12.943489999999999","longitude":"77.56124","responsecode":200},{"latitude":"12.943509999999998","longitude":"77.56165","responsecode":200},{"latitude":"12.94351","longitude":"77.56165","responsecode":200},{"latitude":"12.94351","longitude":"77.56165","responsecode":200},{"latitude":"12.943529999999999","longitude":"77.56206","responsecode":200},{"latitude":"12.943539999999999","longitude":"77.56254","responsecode":200},{"latitude":"12.943549999999998","longitude":"77.56318999999999","responsecode":200},{"latitude":"12.943569999999998","longitude":"77.56407999999999","responsecode":200},{"latitude":"12.943589999999997","longitude":"77.56434999999999","responsecode":200},{"latitude":"12.943909999999997","longitude":"77.56430999999999","responsecode":200},{"latitude":"12.944112999999998","longitude":"77.56427799999999","responsecode":200},{"latitude":"12.944113","longitude":"77.564278","responsecode":200},{"latitude":"12.94423","longitude":"77.56426","responsecode":200},{"latitude":"12.94446","longitude":"77.56426","responsecode":200},{"latitude":"12.944749999999999","longitude":"77.56426","responsecode":200},{"latitude":"12.945269999999999","longitude":"77.56425","responsecode":200},{"latitude":"12.94544","longitude":"77.56425","responsecode":200},{"latitude":"12.94576","longitude":"77.56425","responsecode":200},{"latitude":"12.94622","longitude":"77.56426","responsecode":200},{"latitude":"12.94666","longitude":"77.56425","responsecode":200},{"latitude":"12.94666","longitude":"77.56425","responsecode":200},{"latitude":"12.94666","longitude":"77.56425","responsecode":200},{"latitude":"12.94702","longitude":"77.56424","responsecode":200},{"latitude":"12.94721","longitude":"77.56424","responsecode":200},{"latitude":"12.94728","longitude":"77.56424","responsecode":200},{"latitude":"12.94746","longitude":"77.56424","responsecode":200},{"latitude":"12.947379999999999","longitude":"77.56435","responsecode":200},{"latitude":"12.947299999999998","longitude":"77.56448","responsecode":200},{"latitude":"12.947289999999999","longitude":"77.56474","responsecode":200},{"latitude":"12.94728","longitude":"77.56516","responsecode":200},{"latitude":"12.947289999999999","longitude":"77.56551","responsecode":200},{"latitude":"12.947299999999998","longitude":"77.56588","responsecode":200},{"latitude":"12.947309999999998","longitude":"77.56624000000001","responsecode":200},{"latitude":"12.94731","longitude":"77.56624","responsecode":200},{"latitude":"12.94731","longitude":"77.56624","responsecode":200},{"latitude":"12.94731","longitude":"77.56657","responsecode":200},{"latitude":"12.94731","longitude":"77.56692","responsecode":200},{"latitude":"12.94731","longitude":"77.56698999999999","responsecode":200},{"latitude":"12.94731","longitude":"77.56730999999999","responsecode":200},{"latitude":"12.94734","longitude":"77.56736","responsecode":200},{"latitude":"12.94734","longitude":"77.56774","responsecode":200},{"latitude":"12.94754","longitude":"77.56775","responsecode":200},{"latitude":"12.94779","longitude":"77.56775","responsecode":200},{"latitude":"12.94783","longitude":"77.56772000000001","responsecode":200},{"latitude":"12.94788","longitude":"77.5677","responsecode":200},{"latitude":"12.94792","longitude":"77.5677","responsecode":200},{"latitude":"12.94795","longitude":"77.5677","responsecode":200},{"latitude":"12.947980000000001","longitude":"77.5677","responsecode":200},{"latitude":"12.948020000000001","longitude":"77.56771","responsecode":200},{"latitude":"12.948060000000002","longitude":"77.56773000000001","responsecode":200},{"latitude":"12.948090000000002","longitude":"77.56776","responsecode":200},{"latitude":"12.948210000000003","longitude":"77.56774","responsecode":200},{"latitude":"12.948300000000003","longitude":"77.56773","responsecode":200},{"latitude":"12.948420000000004","longitude":"77.56772","responsecode":200},{"latitude":"12.948850000000004","longitude":"77.56768","responsecode":200},{"latitude":"12.948980000000004","longitude":"77.56767699999999","responsecode":200},{"latitude":"12.94898","longitude":"77.567677","responsecode":200},{"latitude":"12.94928","longitude":"77.56767","responsecode":200},{"latitude":"12.94967","longitude":"77.56764000000001","responsecode":200},{"latitude":"12.95003","longitude":"77.56764000000001","responsecode":200},{"latitude":"12.95033","longitude":"77.56761000000002","responsecode":200},{"latitude":"12.950719999999999","longitude":"77.56759000000001","responsecode":200},{"latitude":"12.95094","longitude":"77.56758","responsecode":200},{"latitude":"12.9514","longitude":"77.56756","responsecode":200},{"latitude":"12.95159","longitude":"77.56755","responsecode":200},{"latitude":"12.95178","longitude":"77.56755","responsecode":200},{"latitude":"12.952091999999999","longitude":"77.56752999999999","responsecode":200},{"latitude":"12.952092","longitude":"77.56753","responsecode":200},{"latitude":"12.95226","longitude":"77.56752","responsecode":200},{"latitude":"12.952430000000001","longitude":"77.56752","responsecode":200},{"latitude":"12.95278","longitude":"77.5675","responsecode":200},{"latitude":"12.95297","longitude":"77.56748999999999","responsecode":200},{"latitude":"12.953240000000001","longitude":"77.56747999999999","responsecode":200},{"latitude":"12.95345","longitude":"77.56745999999998","responsecode":200},{"latitude":"12.95355","longitude":"77.56744999999998","responsecode":200},{"latitude":"12.95361","longitude":"77.56744999999998","responsecode":200},{"latitude":"12.95369","longitude":"77.56748999999998","responsecode":200},{"latitude":"12.95383","longitude":"77.56749999999998","responsecode":200},{"latitude":"12.95396","longitude":"77.56749999999998","responsecode":200},{"latitude":"12.95411","longitude":"77.56750999999998","responsecode":200},{"latitude":"12.95425","longitude":"77.56750999999998","responsecode":200},{"latitude":"12.9545","longitude":"77.56749999999998","responsecode":200},{"latitude":"12.954609999999999","longitude":"77.56749999999998","responsecode":200},{"latitude":"12.954849999999999","longitude":"77.56748999999998","responsecode":200},{"latitude":"12.955219999999999","longitude":"77.56741999999998","responsecode":200},{"latitude":"12.955419999999998","longitude":"77.56741999999998","responsecode":200},{"latitude":"12.955759999999998","longitude":"77.56741999999998","responsecode":200},{"latitude":"12.955859999999998","longitude":"77.56740999999998","responsecode":200},{"latitude":"12.956729999999999","longitude":"77.56740999999998","responsecode":200},{"latitude":"12.957109999999998","longitude":"77.56738999999997","responsecode":200},{"latitude":"12.957139999999999","longitude":"77.56748999999998","responsecode":200},{"latitude":"12.95713","longitude":"77.56776999999998","responsecode":200},{"latitude":"12.95713","longitude":"77.56795999999999","responsecode":200},{"latitude":"12.957132999999999","longitude":"77.56800999999999","responsecode":200},{"latitude":"12.957133","longitude":"77.56801","responsecode":200},{"latitude":"12.95714","longitude":"77.56814","responsecode":200},{"latitude":"12.95715","longitude":"77.56831","responsecode":200},{"latitude":"12.95715","longitude":"77.56846999999999","responsecode":200},{"latitude":"12.95715","longitude":"77.56854999999999","responsecode":200},{"latitude":"12.9572","longitude":"77.56961999999999","responsecode":200},{"latitude":"12.9572","longitude":"77.56979999999999","responsecode":200},{"latitude":"12.95719","longitude":"77.56987999999998","responsecode":200},{"latitude":"12.95716","longitude":"77.56993999999999","responsecode":200},{"latitude":"12.95719","longitude":"77.57074999999999","responsecode":200},{"latitude":"12.957220000000001","longitude":"77.57167999999999","responsecode":200},{"latitude":"12.957250000000002","longitude":"77.57213999999999","responsecode":200},{"latitude":"12.957290000000002","longitude":"77.57222999999999","responsecode":200},{"latitude":"12.957280000000003","longitude":"77.57271999999999","responsecode":200},{"latitude":"12.957300000000002","longitude":"77.57334999999999","responsecode":200},{"latitude":"12.957380000000002","longitude":"77.57345","responsecode":200},{"latitude":"12.957410000000003","longitude":"77.57351","responsecode":200},{"latitude":"12.957460000000003","longitude":"77.57357","responsecode":200},{"latitude":"12.957510000000003","longitude":"77.57365","responsecode":200},{"latitude":"12.957660000000002","longitude":"77.57373","responsecode":200},{"latitude":"12.957860000000002","longitude":"77.57381","responsecode":200},{"latitude":"12.958024000000002","longitude":"77.57386699999999","responsecode":200},{"latitude":"12.958024","longitude":"77.573867","responsecode":200},{"latitude":"12.95812","longitude":"77.57390000000001","responsecode":200},{"latitude":"12.95825","longitude":"77.57395000000001","responsecode":200},{"latitude":"12.958599999999999","longitude":"77.57410000000002","responsecode":200},{"latitude":"12.959069999999999","longitude":"77.57426000000001","responsecode":200},{"latitude":"12.959249999999999","longitude":"77.57433","responsecode":200},{"latitude":"12.959579999999999","longitude":"77.57446","responsecode":200},{"latitude":"12.959729999999999","longitude":"77.57451","responsecode":200},{"latitude":"12.959779999999999","longitude":"77.57456","responsecode":200},{"latitude":"12.960049999999999","longitude":"77.57462000000001","responsecode":200},{"latitude":"12.960729999999998","longitude":"77.57490000000001","responsecode":200},{"latitude":"12.961079999999997","longitude":"77.57507000000001","responsecode":200},{"latitude":"12.961379999999997","longitude":"77.57523","responsecode":200},{"latitude":"12.961479999999996","longitude":"77.57528","responsecode":200},{"latitude":"12.961849999999997","longitude":"77.5755","responsecode":200},{"latitude":"12.961919999999996","longitude":"77.57555","responsecode":200},{"latitude":"12.961999999999996","longitude":"77.57562","responsecode":200},{"latitude":"12.962021999999996","longitude":"77.575645","responsecode":200},{"latitude":"12.962022","longitude":"77.575645","responsecode":200},{"latitude":"12.962079999999998","longitude":"77.57571","responsecode":200},{"latitude":"12.96225","longitude":"77.57592","responsecode":200},{"latitude":"12.962409999999998","longitude":"77.57603999999999","responsecode":200},{"latitude":"12.96253","longitude":"77.57611999999999","responsecode":200},{"latitude":"12.962679999999999","longitude":"77.57621999999999","responsecode":200},{"latitude":"12.962979999999998","longitude":"77.57633999999999","responsecode":200},{"latitude":"12.963399999999998","longitude":"77.57650999999998","responsecode":200},{"latitude":"12.963839999999998","longitude":"77.57672999999998","responsecode":200},{"latitude":"12.963999999999997","longitude":"77.57680999999998","responsecode":200},{"latitude":"12.964059999999996","longitude":"77.57683999999998","responsecode":200},{"latitude":"12.964109999999996","longitude":"77.57685999999998","responsecode":200},{"latitude":"12.964179999999995","longitude":"77.57688999999998","responsecode":200},{"latitude":"12.964269999999996","longitude":"77.57688999999998","responsecode":200},{"latitude":"12.964399999999996","longitude":"77.57695999999997","responsecode":200},{"latitude":"12.964389999999996","longitude":"77.57705999999997","responsecode":200},{"latitude":"12.964399999999996","longitude":"77.57716999999998","responsecode":200},{"latitude":"12.964429999999997","longitude":"77.57746999999998","responsecode":200},{"latitude":"12.964439999999996","longitude":"77.57751999999998","responsecode":200},{"latitude":"12.964439999999996","longitude":"77.57757999999998","responsecode":200},{"latitude":"12.964439999999996","longitude":"77.57763999999999","responsecode":200},{"latitude":"12.964419999999997","longitude":"77.57793999999998","responsecode":200},{"latitude":"12.964379999999997","longitude":"77.57835999999999","responsecode":200},{"latitude":"12.964309999999998","longitude":"77.57900999999998","responsecode":200},{"latitude":"12.964179999999997","longitude":"77.58036999999999","responsecode":200},{"latitude":"12.964139999999997","longitude":"77.58080999999999","responsecode":200},{"latitude":"12.964109999999996","longitude":"77.58115999999998","responsecode":200},{"latitude":"12.964079999999996","longitude":"77.58154999999998","responsecode":200},{"latitude":"12.964059999999996","longitude":"77.58179999999997","responsecode":200},{"latitude":"12.964029999999996","longitude":"77.58221999999998","responsecode":200},{"latitude":"12.964009999999996","longitude":"77.58237999999997","responsecode":200},{"latitude":"12.963979999999996","longitude":"77.58271999999997","responsecode":200},{"latitude":"12.963959999999997","longitude":"77.58295999999997","responsecode":200},{"latitude":"12.963929999999996","longitude":"77.58345999999997","responsecode":200},{"latitude":"12.963919999999996","longitude":"77.58375999999997","responsecode":200},{"latitude":"12.963909999999997","longitude":"77.58394999999997","responsecode":200},{"latitude":"12.963909999999997","longitude":"77.58401999999997","responsecode":200},{"latitude":"12.963869999999996","longitude":"77.58411999999997","responsecode":200},{"latitude":"12.963849999999997","longitude":"77.58421999999997","responsecode":200},{"latitude":"12.963829999999998","longitude":"77.58433999999997","responsecode":200},{"latitude":"12.96383","longitude":"77.58434","responsecode":200},{"latitude":"12.96382","longitude":"77.58447","responsecode":200},{"latitude":"12.96381","longitude":"77.58461","responsecode":200},{"latitude":"12.96381","longitude":"77.58472","responsecode":200},{"latitude":"12.96382","longitude":"77.58484","responsecode":200},{"latitude":"12.96384","longitude":"77.58497","responsecode":200},{"latitude":"12.96387","longitude":"77.58511","responsecode":200},{"latitude":"12.96391","longitude":"77.58524","responsecode":200},{"latitude":"12.96397","longitude":"77.58532","responsecode":200},{"latitude":"12.96406","longitude":"77.58542","responsecode":200},{"latitude":"12.96462","longitude":"77.58591","responsecode":200},{"latitude":"12.96527","longitude":"77.58649","responsecode":200},{"latitude":"12.96533","longitude":"77.58654","responsecode":200},{"latitude":"12.96539","longitude":"77.58659","responsecode":200},{"latitude":"12.96548","longitude":"77.58664","responsecode":200},{"latitude":"12.9656","longitude":"77.58669","responsecode":200},{"latitude":"12.96567","longitude":"77.58671000000001","responsecode":200},{"latitude":"12.965729999999999","longitude":"77.58672000000001","responsecode":200},{"latitude":"12.965799999999998","longitude":"77.58674000000002","responsecode":200},{"latitude":"12.965899999999998","longitude":"77.58678000000002","responsecode":200},{"latitude":"12.966039999999998","longitude":"77.58689000000003","responsecode":200},{"latitude":"12.966359999999998","longitude":"77.58719000000002","responsecode":200},{"latitude":"12.966469999999997","longitude":"77.58726000000001","responsecode":200},{"latitude":"12.966569999999997","longitude":"77.58730000000001","responsecode":200},{"latitude":"12.966689999999998","longitude":"77.58734000000001","responsecode":200},{"latitude":"12.966819999999998","longitude":"77.58737","responsecode":200},{"latitude":"12.966929999999998","longitude":"77.58739000000001","responsecode":200},{"latitude":"12.967099999999999","longitude":"77.58741000000002","responsecode":200},{"latitude":"12.967479999999998","longitude":"77.58744000000002","responsecode":200},{"latitude":"12.967799999999999","longitude":"77.58725000000001","responsecode":200},{"latitude":"12.967989999999999","longitude":"77.58719","responsecode":200},{"latitude":"12.968400999999998","longitude":"77.586741","responsecode":200},{"latitude":"12.968401","longitude":"77.586741","responsecode":200},{"latitude":"12.96853","longitude":"77.5866","responsecode":200},{"latitude":"12.968679999999999","longitude":"77.58643000000001","responsecode":200},{"latitude":"12.968869999999999","longitude":"77.58623","responsecode":200},{"latitude":"12.968969999999999","longitude":"77.58611","responsecode":200},{"latitude":"12.969129999999998","longitude":"77.58591","responsecode":200},{"latitude":"12.969599999999998","longitude":"77.58537","responsecode":200},{"latitude":"12.969779999999998","longitude":"77.58516","responsecode":200},{"latitude":"12.970169999999998","longitude":"77.5847","responsecode":200},{"latitude":"12.971009999999998","longitude":"77.5838","responsecode":200},{"latitude":"12.971119999999997","longitude":"77.58368","responsecode":200},{"latitude":"12.971679999999997","longitude":"77.583","responsecode":200},{"latitude":"12.972049999999998","longitude":"77.58261","responsecode":200},{"latitude":"12.972169999999998","longitude":"77.58249","responsecode":200},{"latitude":"12.972269999999998","longitude":"77.58236000000001","responsecode":200},{"latitude":"12.972479999999997","longitude":"77.58208","responsecode":200},{"latitude":"12.972579999999997","longitude":"77.58194","responsecode":200},{"latitude":"12.972627999999997","longitude":"77.581849","responsecode":200},{"latitude":"12.972628","longitude":"77.581849","responsecode":200},{"latitude":"12.97269","longitude":"77.58173000000001","responsecode":200},{"latitude":"12.97281","longitude":"77.58153","responsecode":200},{"latitude":"12.972930000000002","longitude":"77.58128","responsecode":200},{"latitude":"12.973020000000002","longitude":"77.58109","responsecode":200},{"latitude":"12.973140000000003","longitude":"77.58084000000001","responsecode":200},{"latitude":"12.973360000000003","longitude":"77.58035000000001","responsecode":200},{"latitude":"12.973610000000003","longitude":"77.57979000000002","responsecode":200},{"latitude":"12.973760000000002","longitude":"77.57944000000002","responsecode":200},{"latitude":"12.973970000000001","longitude":"77.57895000000002","responsecode":200},{"latitude":"12.974060000000001","longitude":"77.57877000000002","responsecode":200},{"latitude":"12.974140000000002","longitude":"77.57858000000002","responsecode":200},{"latitude":"12.974190000000002","longitude":"77.57846000000002","responsecode":200},{"latitude":"12.974270000000002","longitude":"77.57830000000003","responsecode":200},{"latitude":"12.974310000000003","longitude":"77.57822000000003","responsecode":200},{"latitude":"12.974370000000002","longitude":"77.57808000000003","responsecode":200},{"latitude":"12.974540000000003","longitude":"77.57768000000003","responsecode":200},{"latitude":"12.974700000000002","longitude":"77.57726000000002","responsecode":200},{"latitude":"12.974760000000002","longitude":"77.57712000000002","responsecode":200},{"latitude":"12.974800000000002","longitude":"77.57704000000003","responsecode":200},{"latitude":"12.974850000000002","longitude":"77.57696000000003","responsecode":200},{"latitude":"12.974920000000001","longitude":"77.57691000000003","responsecode":200},{"latitude":"12.974960000000001","longitude":"77.57686000000002","responsecode":200},{"latitude":"12.975080000000002","longitude":"77.57668000000002","responsecode":200},{"latitude":"12.975180000000002","longitude":"77.57648000000002","responsecode":200},{"latitude":"12.975260000000002","longitude":"77.57632000000002","responsecode":200},{"latitude":"12.975360000000002","longitude":"77.57611000000003","responsecode":200},{"latitude":"12.975380000000001","longitude":"77.57604000000003","responsecode":200},{"latitude":"12.9754","longitude":"77.57597000000004","responsecode":200},{"latitude":"12.97541","longitude":"77.57588000000004","responsecode":200},{"latitude":"12.97542","longitude":"77.57581000000005","responsecode":200},{"latitude":"12.97551","longitude":"77.57497000000005","responsecode":200},{"latitude":"12.97553","longitude":"77.57478000000005","responsecode":200},{"latitude":"12.975539999999999","longitude":"77.57464000000004","responsecode":200},{"latitude":"12.97554","longitude":"77.57464","responsecode":200},{"latitude":"12.97554","longitude":"77.57464","responsecode":200},{"latitude":"12.975900000000001","longitude":"77.57469","responsecode":200},{"latitude":"12.97606","longitude":"77.5747","responsecode":200},{"latitude":"12.97622","longitude":"77.5747","responsecode":200},{"latitude":"12.97635","longitude":"77.57469","responsecode":200},{"latitude":"12.97646","longitude":"77.57467","responsecode":200},{"latitude":"12.97659","longitude":"77.57463","responsecode":200},{"latitude":"12.97676","longitude":"77.57457","responsecode":200},{"latitude":"12.97692","longitude":"77.57450999999999","responsecode":200},{"latitude":"12.97703","longitude":"77.57445999999999","responsecode":200},{"latitude":"12.977129999999999","longitude":"77.57439999999998","responsecode":200},{"latitude":"12.977219999999999","longitude":"77.57431999999999","responsecode":200},{"latitude":"12.977279999999999","longitude":"77.57425999999998","responsecode":200},{"latitude":"12.977369999999999","longitude":"77.57417999999998","responsecode":200},{"latitude":"12.97737","longitude":"77.57418","responsecode":200},{"latitude":"12.97737","longitude":"77.57418","responsecode":200},{"latitude":"12.97731","longitude":"77.57424","responsecode":200},{"latitude":"12.97746","longitude":"77.57409","responsecode":200},{"latitude":"12.97749","longitude":"77.57327","responsecode":200}],"Message":"Success","Issuccess":true,"exception":null,"RowCount":456,"responsecode":200}