{"data":[{"latitude":"12.921305","longitude":"77.742379","responsecode":200},{"latitude":"12.92075","longitude":"77.74211","responsecode":200},{"latitude":"12.9205","longitude":"77.74195999999999","responsecode":200},{"latitude":"12.92026","longitude":"77.74171","responsecode":200},{"latitude":"12.92026","longitude":"77.74171","responsecode":200},{"latitude":"12.92026","longitude":"77.74171","responsecode":200},{"latitude":"12.92027","longitude":"77.74163","responsecode":200},{"latitude":"12.92029","longitude":"77.74142","responsecode":200},{"latitude":"12.9203","longitude":"77.74132","responsecode":200},{"latitude":"12.920309999999999","longitude":"77.74096","responsecode":200},{"latitude":"12.920319999999998","longitude":"77.74079","responsecode":200},{"latitude":"12.920339999999998","longitude":"77.74065","responsecode":200},{"latitude":"12.920359999999997","longitude":"77.74057","responsecode":200},{"latitude":"12.920399999999997","longitude":"77.74047","responsecode":200},{"latitude":"12.920479999999998","longitude":"77.74033","responsecode":200},{"latitude":"12.920549999999997","longitude":"77.74022","responsecode":200},{"latitude":"12.920619999999996","longitude":"77.74009","responsecode":200},{"latitude":"12.920669999999996","longitude":"77.73996","responsecode":200},{"latitude":"12.920689999999995","longitude":"77.73989","responsecode":200},{"latitude":"12.920699999999995","longitude":"77.7398","responsecode":200},{"latitude":"12.920699999999995","longitude":"77.73965","responsecode":200},{"latitude":"12.920679999999996","longitude":"77.73938","responsecode":200},{"latitude":"12.920659999999996","longitude":"77.73925","responsecode":200},{"latitude":"12.920639999999997","longitude":"77.73917","responsecode":200},{"latitude":"12.920589999999997","longitude":"77.739","responsecode":200},{"latitude":"12.920579999999998","longitude":"77.73896","responsecode":200},{"latitude":"12.920559999999998","longitude":"77.73885","responsecode":200},{"latitude":"12.920539999999999","longitude":"77.7387","responsecode":200},{"latitude":"12.92053","longitude":"77.73859999999999","responsecode":200},{"latitude":"12.92053","longitude":"77.73849999999999","responsecode":200},{"latitude":"12.920539999999999","longitude":"77.73843","responsecode":200},{"latitude":"12.92057","longitude":"77.73832999999999","responsecode":200},{"latitude":"12.92062","longitude":"77.73814999999999","responsecode":200},{"latitude":"12.92067","longitude":"77.73795999999999","responsecode":200},{"latitude":"12.92072","longitude":"77.73773999999999","responsecode":200},{"latitude":"12.92075","longitude":"77.73758999999998","responsecode":200},{"latitude":"12.92079","longitude":"77.73735999999998","responsecode":200},{"latitude":"12.92083","longitude":"77.73707999999998","responsecode":200},{"latitude":"12.920860000000001","longitude":"77.73684999999998","responsecode":200},{"latitude":"12.920884000000001","longitude":"77.73649499999998","responsecode":200},{"latitude":"12.920884","longitude":"77.736495","responsecode":200},{"latitude":"12.92089","longitude":"77.7364","responsecode":200},{"latitude":"12.92041","longitude":"77.73641","responsecode":200},{"latitude":"12.92012","longitude":"77.73642000000001","responsecode":200},{"latitude":"12.919210000000001","longitude":"77.7365","responsecode":200},{"latitude":"12.919210000000001","longitude":"77.73618","responsecode":200},{"latitude":"12.919210000000001","longitude":"77.73611000000001","responsecode":200},{"latitude":"12.919220000000001","longitude":"77.73580000000001","responsecode":200},{"latitude":"12.919220000000001","longitude":"77.73557000000001","responsecode":200},{"latitude":"12.919210000000001","longitude":"77.73546","responsecode":200},{"latitude":"12.91918","longitude":"77.73537","responsecode":200},{"latitude":"12.919110000000002","longitude":"77.73524","responsecode":200},{"latitude":"12.919030000000001","longitude":"77.73514","responsecode":200},{"latitude":"12.918920000000002","longitude":"77.73499","responsecode":200},{"latitude":"12.918890000000001","longitude":"77.73494","responsecode":200},{"latitude":"12.91886","longitude":"77.73487999999999","responsecode":200},{"latitude":"12.91882","longitude":"77.73476999999998","responsecode":200},{"latitude":"12.91879","longitude":"77.73468999999999","responsecode":200},{"latitude":"12.91875","longitude":"77.73452999999999","responsecode":200},{"latitude":"12.91875","longitude":"77.73446","responsecode":200},{"latitude":"12.91874","longitude":"77.73433","responsecode":200},{"latitude":"12.91873","longitude":"77.73427","responsecode":200},{"latitude":"12.91869","longitude":"77.73404","responsecode":200},{"latitude":"12.91866","longitude":"77.73375999999999","responsecode":200},{"latitude":"12.918619999999999","longitude":"77.73344999999999","responsecode":200},{"latitude":"12.9186","longitude":"77.73334999999999","responsecode":200},{"latitude":"12.91855","longitude":"77.73299999999999","responsecode":200},{"latitude":"12.91851","longitude":"77.73267999999999","responsecode":200},{"latitude":"12.918479999999999","longitude":"77.73247999999998","responsecode":200},{"latitude":"12.91837","longitude":"77.73168999999999","responsecode":200},{"latitude":"12.91831","longitude":"77.73127999999998","responsecode":200},{"latitude":"12.91826","longitude":"77.73087999999998","responsecode":200},{"latitude":"12.91823","longitude":"77.73066999999999","responsecode":200},{"latitude":"12.918199999999999","longitude":"77.73033","responsecode":200},{"latitude":"12.91819","longitude":"77.73021","responsecode":200},{"latitude":"12.91818","longitude":"77.73012","responsecode":200},{"latitude":"12.91816","longitude":"77.72977","responsecode":200},{"latitude":"12.91808","longitude":"77.72864","responsecode":200},{"latitude":"12.918","longitude":"77.72779","responsecode":200},{"latitude":"12.91798","longitude":"77.7276","responsecode":200},{"latitude":"12.91789","longitude":"77.72695999999999","responsecode":200},{"latitude":"12.917769999999999","longitude":"77.72634","responsecode":200},{"latitude":"12.917739999999998","longitude":"77.72622","responsecode":200},{"latitude":"12.917709999999998","longitude":"77.72614","responsecode":200},{"latitude":"12.917659999999998","longitude":"77.726","responsecode":200},{"latitude":"12.917629999999997","longitude":"77.72594","responsecode":200},{"latitude":"12.917499999999997","longitude":"77.72574999999999","responsecode":200},{"latitude":"12.917389999999997","longitude":"77.72563","responsecode":200},{"latitude":"12.917329999999998","longitude":"77.72556","responsecode":200},{"latitude":"12.917229999999998","longitude":"77.72546","responsecode":200},{"latitude":"12.91723","longitude":"77.72546","responsecode":200},{"latitude":"12.91723","longitude":"77.72546","responsecode":200},{"latitude":"12.91706","longitude":"77.72532","responsecode":200},{"latitude":"12.91692","longitude":"77.72523","responsecode":200},{"latitude":"12.91672","longitude":"77.72511999999999","responsecode":200},{"latitude":"12.91636","longitude":"77.72496","responsecode":200},{"latitude":"12.91603","longitude":"77.7248","responsecode":200},{"latitude":"12.91583","longitude":"77.72468","responsecode":200},{"latitude":"12.91575","longitude":"77.72459","responsecode":200},{"latitude":"12.915709999999999","longitude":"77.72446000000001","responsecode":200},{"latitude":"12.915659999999999","longitude":"77.72422","responsecode":200},{"latitude":"12.915619999999999","longitude":"77.72386","responsecode":200},{"latitude":"12.9156","longitude":"77.72364","responsecode":200},{"latitude":"12.9156","longitude":"77.72364","responsecode":200},{"latitude":"12.9156","longitude":"77.72364","responsecode":200},{"latitude":"12.915569999999999","longitude":"77.72343000000001","responsecode":200},{"latitude":"12.915569999999999","longitude":"77.72333","responsecode":200},{"latitude":"12.91556","longitude":"77.72325000000001","responsecode":200},{"latitude":"12.91554","longitude":"77.72266","responsecode":200},{"latitude":"12.91555","longitude":"77.72241000000001","responsecode":200},{"latitude":"12.91558","longitude":"77.72216000000002","responsecode":200},{"latitude":"12.9156","longitude":"77.72206000000001","responsecode":200},{"latitude":"12.915659999999999","longitude":"77.72176000000002","responsecode":200},{"latitude":"12.915679999999998","longitude":"77.72163000000002","responsecode":200},{"latitude":"12.915679999999998","longitude":"77.72153000000002","responsecode":200},{"latitude":"12.915669999999999","longitude":"77.72145000000002","responsecode":200},{"latitude":"12.915639999999998","longitude":"77.72132000000002","responsecode":200},{"latitude":"12.915539999999998","longitude":"77.72095000000002","responsecode":200},{"latitude":"12.915509999999998","longitude":"77.72082000000002","responsecode":200},{"latitude":"12.915499999999998","longitude":"77.72069000000002","responsecode":200},{"latitude":"12.915499999999998","longitude":"77.72055000000002","responsecode":200},{"latitude":"12.915529999999999","longitude":"77.72035000000001","responsecode":200},{"latitude":"12.91584","longitude":"77.71893000000001","responsecode":200},{"latitude":"12.91587","longitude":"77.71867000000002","responsecode":200},{"latitude":"12.91586","longitude":"77.71852000000001","responsecode":200},{"latitude":"12.915840000000001","longitude":"77.71837000000001","responsecode":200},{"latitude":"12.91581","longitude":"77.71829000000001","responsecode":200},{"latitude":"12.915750000000001","longitude":"77.71818","responsecode":200},{"latitude":"12.915610000000001","longitude":"77.718","responsecode":200},{"latitude":"12.91538","longitude":"77.71769","responsecode":200},{"latitude":"12.91525","longitude":"77.71748000000001","responsecode":200},{"latitude":"12.91506","longitude":"77.71713000000001","responsecode":200},{"latitude":"12.91487","longitude":"77.71684","responsecode":200},{"latitude":"12.914760000000001","longitude":"77.71667000000001","responsecode":200},{"latitude":"12.914620000000001","longitude":"77.71649000000001","responsecode":200},{"latitude":"12.914390000000001","longitude":"77.71619000000001","responsecode":200},{"latitude":"12.914290000000001","longitude":"77.71606000000001","responsecode":200},{"latitude":"12.914090000000002","longitude":"77.71579000000001","responsecode":200},{"latitude":"12.913990000000002","longitude":"77.71567000000002","responsecode":200},{"latitude":"12.913910000000001","longitude":"77.71558000000002","responsecode":200},{"latitude":"12.913780000000001","longitude":"77.71546000000002","responsecode":200},{"latitude":"12.9137","longitude":"77.71540000000002","responsecode":200},{"latitude":"12.91361","longitude":"77.71535000000002","responsecode":200},{"latitude":"12.91328","longitude":"77.71517000000001","responsecode":200},{"latitude":"12.9132","longitude":"77.71513000000002","responsecode":200},{"latitude":"12.91304","longitude":"77.71504000000002","responsecode":200},{"latitude":"12.91287","longitude":"77.71494000000001","responsecode":200},{"latitude":"12.91263","longitude":"77.71483","responsecode":200},{"latitude":"12.91247","longitude":"77.71474","responsecode":200},{"latitude":"12.91234","longitude":"77.71466000000001","responsecode":200},{"latitude":"12.91229","longitude":"77.71462000000001","responsecode":200},{"latitude":"12.91225","longitude":"77.71458000000001","responsecode":200},{"latitude":"12.912230000000001","longitude":"77.71452000000001","responsecode":200},{"latitude":"12.91223","longitude":"77.71452","responsecode":200},{"latitude":"12.91223","longitude":"77.71452","responsecode":200},{"latitude":"12.91222","longitude":"77.71445","responsecode":200},{"latitude":"12.91223","longitude":"77.7144","responsecode":200},{"latitude":"12.91226","longitude":"77.71433999999999","responsecode":200},{"latitude":"12.91231","longitude":"77.71424999999999","responsecode":200},{"latitude":"12.91241","longitude":"77.71406999999999","responsecode":200},{"latitude":"12.91255","longitude":"77.71381","responsecode":200},{"latitude":"12.912659999999999","longitude":"77.7136","responsecode":200},{"latitude":"12.912799999999999","longitude":"77.71334","responsecode":200},{"latitude":"12.912849999999999","longitude":"77.71324","responsecode":200},{"latitude":"12.912889999999999","longitude":"77.71315","responsecode":200},{"latitude":"12.912909999999998","longitude":"77.71307","responsecode":200},{"latitude":"12.912919999999998","longitude":"77.71300000000001","responsecode":200},{"latitude":"12.912919999999998","longitude":"77.71288000000001","responsecode":200},{"latitude":"12.912909999999998","longitude":"77.71277","responsecode":200},{"latitude":"12.912899999999999","longitude":"77.71267","responsecode":200},{"latitude":"12.912849999999999","longitude":"77.71231","responsecode":200},{"latitude":"12.912749999999999","longitude":"77.71166000000001","responsecode":200},{"latitude":"12.912719999999998","longitude":"77.71149000000001","responsecode":200},{"latitude":"12.912689999999998","longitude":"77.71129","responsecode":200},{"latitude":"12.912579999999998","longitude":"77.71053","responsecode":200},{"latitude":"12.912557999999999","longitude":"77.71037700000001","responsecode":200},{"latitude":"12.912558","longitude":"77.710377","responsecode":200},{"latitude":"12.912550000000001","longitude":"77.71032","responsecode":200},{"latitude":"12.912510000000001","longitude":"77.71006","responsecode":200},{"latitude":"12.91243","longitude":"77.7095","responsecode":200},{"latitude":"12.91239","longitude":"77.70923","responsecode":200},{"latitude":"12.91233","longitude":"77.70880000000001","responsecode":200},{"latitude":"12.912310000000002","longitude":"77.70867000000001","responsecode":200},{"latitude":"12.912220000000001","longitude":"77.70814000000001","responsecode":200},{"latitude":"12.912170000000001","longitude":"77.70788000000002","responsecode":200},{"latitude":"12.912080000000001","longitude":"77.70760000000001","responsecode":200},{"latitude":"12.911990000000001","longitude":"77.70742000000001","responsecode":200},{"latitude":"12.911880000000002","longitude":"77.70728000000001","responsecode":200},{"latitude":"12.911700000000002","longitude":"77.70710000000001","responsecode":200},{"latitude":"12.911540000000002","longitude":"77.70699","responsecode":200},{"latitude":"12.911180000000002","longitude":"77.70674000000001","responsecode":200},{"latitude":"12.911030000000002","longitude":"77.70665000000001","responsecode":200},{"latitude":"12.910880000000002","longitude":"77.70655000000001","responsecode":200},{"latitude":"12.910830000000002","longitude":"77.70652000000001","responsecode":200},{"latitude":"12.910490000000003","longitude":"77.70632","responsecode":200},{"latitude":"12.910320000000002","longitude":"77.70622","responsecode":200},{"latitude":"12.909990000000002","longitude":"77.70608","responsecode":200},{"latitude":"12.909810000000002","longitude":"77.70602","responsecode":200},{"latitude":"12.909754000000001","longitude":"77.70600499999999","responsecode":200},{"latitude":"12.909754","longitude":"77.706005","responsecode":200},{"latitude":"12.90959","longitude":"77.70596","responsecode":200},{"latitude":"12.909329999999999","longitude":"77.7059","responsecode":200},{"latitude":"12.909149999999999","longitude":"77.70587","responsecode":200},{"latitude":"12.908969999999998","longitude":"77.70583","responsecode":200},{"latitude":"12.908869999999999","longitude":"77.70579000000001","responsecode":200},{"latitude":"12.908699999999998","longitude":"77.70567000000001","responsecode":200},{"latitude":"12.908499999999998","longitude":"77.70567000000001","responsecode":200},{"latitude":"12.908279999999998","longitude":"77.70565","responsecode":200},{"latitude":"12.908089999999998","longitude":"77.70561000000001","responsecode":200},{"latitude":"12.908009999999997","longitude":"77.7056","responsecode":200},{"latitude":"12.907659999999998","longitude":"77.70552","responsecode":200},{"latitude":"12.907299999999998","longitude":"77.70544000000001","responsecode":200},{"latitude":"12.907195999999997","longitude":"77.705414","responsecode":200},{"latitude":"12.907196","longitude":"77.705414","responsecode":200},{"latitude":"12.90714","longitude":"77.70540000000001","responsecode":200},{"latitude":"12.90681","longitude":"77.70531000000001","responsecode":200},{"latitude":"12.90619","longitude":"77.70511","responsecode":200},{"latitude":"12.90596","longitude":"77.70503000000001","responsecode":200},{"latitude":"12.905470000000001","longitude":"77.70486000000001","responsecode":200},{"latitude":"12.90521","longitude":"77.70476000000001","responsecode":200},{"latitude":"12.90503","longitude":"77.70468000000001","responsecode":200},{"latitude":"12.90454","longitude":"77.70448","responsecode":200},{"latitude":"12.904380000000002","longitude":"77.70441000000001","responsecode":200},{"latitude":"12.903700000000002","longitude":"77.70415000000001","responsecode":200},{"latitude":"12.903500000000003","longitude":"77.70405000000001","responsecode":200},{"latitude":"12.903420000000002","longitude":"77.70400000000001","responsecode":200},{"latitude":"12.90342","longitude":"77.704","responsecode":200},{"latitude":"12.90342","longitude":"77.704","responsecode":200},{"latitude":"12.90347","longitude":"77.70392","responsecode":200},{"latitude":"12.9036","longitude":"77.70371","responsecode":200},{"latitude":"12.903680000000001","longitude":"77.70356","responsecode":200},{"latitude":"12.903730000000001","longitude":"77.70347","responsecode":200},{"latitude":"12.90379","longitude":"77.70336999999999","responsecode":200},{"latitude":"12.90389","longitude":"77.70318999999999","responsecode":200},{"latitude":"12.903970000000001","longitude":"77.70303999999999","responsecode":200},{"latitude":"12.904010000000001","longitude":"77.70297","responsecode":200},{"latitude":"12.904090000000002","longitude":"77.70281999999999","responsecode":200},{"latitude":"12.904170000000002","longitude":"77.70266999999998","responsecode":200},{"latitude":"12.904260000000003","longitude":"77.70250999999999","responsecode":200},{"latitude":"12.904590000000002","longitude":"77.70188999999999","responsecode":200},{"latitude":"12.904790000000002","longitude":"77.70152999999999","responsecode":200},{"latitude":"12.904840000000002","longitude":"77.70142999999999","responsecode":200},{"latitude":"12.904970000000002","longitude":"77.70118999999998","responsecode":200},{"latitude":"12.905190000000003","longitude":"77.70078999999998","responsecode":200},{"latitude":"12.905410000000003","longitude":"77.70036999999998","responsecode":200},{"latitude":"12.905520000000003","longitude":"77.70016999999997","responsecode":200},{"latitude":"12.905610000000003","longitude":"77.70000999999998","responsecode":200},{"latitude":"12.905750000000003","longitude":"77.69974999999998","responsecode":200},{"latitude":"12.905840000000003","longitude":"77.69958999999999","responsecode":200},{"latitude":"12.905940000000003","longitude":"77.69939999999998","responsecode":200},{"latitude":"12.906000000000002","longitude":"77.69927999999999","responsecode":200},{"latitude":"12.906080000000003","longitude":"77.69912","responsecode":200},{"latitude":"12.906140000000002","longitude":"77.69899","responsecode":200},{"latitude":"12.906170000000003","longitude":"77.69892","responsecode":200},{"latitude":"12.906210000000003","longitude":"77.69881","responsecode":200},{"latitude":"12.906250000000004","longitude":"77.69869999999999","responsecode":200},{"latitude":"12.906300000000003","longitude":"77.69854999999998","responsecode":200},{"latitude":"12.906370000000003","longitude":"77.69830999999998","responsecode":200},{"latitude":"12.906420000000002","longitude":"77.69813999999998","responsecode":200},{"latitude":"12.906460000000003","longitude":"77.69797999999999","responsecode":200},{"latitude":"12.906510000000003","longitude":"77.69782999999998","responsecode":200},{"latitude":"12.906600000000003","longitude":"77.69753999999998","responsecode":200},{"latitude":"12.906620000000002","longitude":"77.69745999999998","responsecode":200},{"latitude":"12.906690000000001","longitude":"77.69718999999998","responsecode":200},{"latitude":"12.906720000000002","longitude":"77.69706999999998","responsecode":200},{"latitude":"12.906760000000002","longitude":"77.69693999999998","responsecode":200},{"latitude":"12.906860000000002","longitude":"77.69660999999998","responsecode":200},{"latitude":"12.906980000000003","longitude":"77.69619999999998","responsecode":200},{"latitude":"12.907110000000003","longitude":"77.69571999999998","responsecode":200},{"latitude":"12.907160000000003","longitude":"77.69557999999998","responsecode":200},{"latitude":"12.90716","longitude":"77.69558","responsecode":200},{"latitude":"12.90716","longitude":"77.69558","responsecode":200},{"latitude":"12.907229999999998","longitude":"77.69535","responsecode":200},{"latitude":"12.907289999999998","longitude":"77.69519000000001","responsecode":200},{"latitude":"12.907379999999998","longitude":"77.69482","responsecode":200},{"latitude":"12.907659999999998","longitude":"77.69374","responsecode":200},{"latitude":"12.907679999999997","longitude":"77.69365","responsecode":200},{"latitude":"12.907729999999997","longitude":"77.69346","responsecode":200},{"latitude":"12.907829999999997","longitude":"77.69309","responsecode":200},{"latitude":"12.907859999999998","longitude":"77.69297999999999","responsecode":200},{"latitude":"12.907899999999998","longitude":"77.69282","responsecode":200},{"latitude":"12.907939999999998","longitude":"77.69264","responsecode":200},{"latitude":"12.907959999999997","longitude":"77.69254","responsecode":200},{"latitude":"12.907989999999998","longitude":"77.69241","responsecode":200},{"latitude":"12.908029999999998","longitude":"77.69225999999999","responsecode":200},{"latitude":"12.908089999999998","longitude":"77.69202999999999","responsecode":200},{"latitude":"12.908179999999998","longitude":"77.69170999999999","responsecode":200},{"latitude":"12.908309999999998","longitude":"77.69126999999999","responsecode":200},{"latitude":"12.908379999999998","longitude":"77.69102","responsecode":200},{"latitude":"12.908489999999997","longitude":"77.69063999999999","responsecode":200},{"latitude":"12.908549999999996","longitude":"77.69040999999999","responsecode":200},{"latitude":"12.908609999999996","longitude":"77.69015999999999","responsecode":200},{"latitude":"12.908659999999996","longitude":"77.68999","responsecode":200},{"latitude":"12.908694999999996","longitude":"77.68985099999999","responsecode":200},{"latitude":"12.908695","longitude":"77.689851","responsecode":200},{"latitude":"12.9087","longitude":"77.68983","responsecode":200},{"latitude":"12.90874","longitude":"77.68968","responsecode":200},{"latitude":"12.9088","longitude":"77.68947999999999","responsecode":200},{"latitude":"12.90892","longitude":"77.68911999999999","responsecode":200},{"latitude":"12.90897","longitude":"77.68897999999999","responsecode":200},{"latitude":"12.90913","longitude":"77.68854999999999","responsecode":200},{"latitude":"12.90926","longitude":"77.68821999999999","responsecode":200},{"latitude":"12.9093","longitude":"77.68810999999998","responsecode":200},{"latitude":"12.90937","longitude":"77.68793999999998","responsecode":200},{"latitude":"12.90959","longitude":"77.68735999999998","responsecode":200},{"latitude":"12.90967","longitude":"77.68713999999999","responsecode":200},{"latitude":"12.90982","longitude":"77.68676999999998","responsecode":200},{"latitude":"12.90995","longitude":"77.68644999999998","responsecode":200},{"latitude":"12.91005","longitude":"77.68618999999998","responsecode":200},{"latitude":"12.91009","longitude":"77.68608999999998","responsecode":200},{"latitude":"12.91023","longitude":"77.68574999999998","responsecode":200},{"latitude":"12.91045","longitude":"77.68519999999998","responsecode":200},{"latitude":"12.910530000000001","longitude":"77.68498999999998","responsecode":200},{"latitude":"12.910720000000001","longitude":"77.68450999999999","responsecode":200},{"latitude":"12.91072","longitude":"77.68451","responsecode":200},{"latitude":"12.91072","longitude":"77.68451","responsecode":200},{"latitude":"12.910789999999999","longitude":"77.68433","responsecode":200},{"latitude":"12.910949999999998","longitude":"77.68391","responsecode":200},{"latitude":"12.911009999999997","longitude":"77.68375999999999","responsecode":200},{"latitude":"12.911069999999997","longitude":"77.6836","responsecode":200},{"latitude":"12.911319999999996","longitude":"77.68304","responsecode":200},{"latitude":"12.911369999999996","longitude":"77.68293","responsecode":200},{"latitude":"12.911409999999997","longitude":"77.68284","responsecode":200},{"latitude":"12.911459999999996","longitude":"77.68274","responsecode":200},{"latitude":"12.911519999999996","longitude":"77.68262","responsecode":200},{"latitude":"12.911589999999995","longitude":"77.68247","responsecode":200},{"latitude":"12.911719999999995","longitude":"77.68222999999999","responsecode":200},{"latitude":"12.911859999999995","longitude":"77.68194999999999","responsecode":200},{"latitude":"12.912069999999995","longitude":"77.68154999999999","responsecode":200},{"latitude":"12.912229999999994","longitude":"77.68121999999998","responsecode":200},{"latitude":"12.912529999999993","longitude":"77.68064999999999","responsecode":200},{"latitude":"12.912659999999994","longitude":"77.68040999999998","responsecode":200},{"latitude":"12.912769999999993","longitude":"77.68019999999999","responsecode":200},{"latitude":"12.913269999999994","longitude":"77.67922999999999","responsecode":200},{"latitude":"12.913359999999994","longitude":"77.67903999999999","responsecode":200},{"latitude":"12.913419999999993","longitude":"77.67889999999998","responsecode":200},{"latitude":"12.913469999999993","longitude":"77.67877999999999","responsecode":200},{"latitude":"12.913549999999994","longitude":"77.67857999999998","responsecode":200},{"latitude":"12.913629999999994","longitude":"77.67838999999998","responsecode":200},{"latitude":"12.913719999999994","longitude":"77.67815999999998","responsecode":200},{"latitude":"12.913759999999995","longitude":"77.67805999999997","responsecode":200},{"latitude":"12.913789999999995","longitude":"77.67797999999998","responsecode":200},{"latitude":"12.913829999999995","longitude":"77.67788999999998","responsecode":200},{"latitude":"12.913939999999995","longitude":"77.67762999999998","responsecode":200},{"latitude":"12.913779999999996","longitude":"77.67761999999998","responsecode":200},{"latitude":"12.913720999999995","longitude":"77.67761399999998","responsecode":200},{"latitude":"12.913721","longitude":"77.677614","responsecode":200},{"latitude":"12.913680000000001","longitude":"77.67761","responsecode":200},{"latitude":"12.913610000000002","longitude":"77.67759","responsecode":200},{"latitude":"12.913570000000002","longitude":"77.67756","responsecode":200},{"latitude":"12.913540000000001","longitude":"77.6775","responsecode":200},{"latitude":"12.91351","longitude":"77.67739999999999","responsecode":200},{"latitude":"12.91348","longitude":"77.67727","responsecode":200},{"latitude":"12.91345","longitude":"77.67716999999999","responsecode":200},{"latitude":"12.913409999999999","longitude":"77.6771","responsecode":200},{"latitude":"12.913369999999999","longitude":"77.67705","responsecode":200},{"latitude":"12.91331","longitude":"77.67701","responsecode":200},{"latitude":"12.91321","longitude":"77.67694","responsecode":200},{"latitude":"12.913079999999999","longitude":"77.67688","responsecode":200},{"latitude":"12.912909999999998","longitude":"77.67681","responsecode":200},{"latitude":"12.9127","longitude":"77.67674000000001","responsecode":200},{"latitude":"12.912529999999999","longitude":"77.67669000000001","responsecode":200},{"latitude":"12.912359999999998","longitude":"77.67665000000001","responsecode":200},{"latitude":"12.912049999999997","longitude":"77.67661000000001","responsecode":200},{"latitude":"12.911939999999998","longitude":"77.67660000000001","responsecode":200},{"latitude":"12.911749999999998","longitude":"77.67659","responsecode":200},{"latitude":"12.911669999999997","longitude":"77.67659","responsecode":200},{"latitude":"12.911059999999997","longitude":"77.67656000000001","responsecode":200},{"latitude":"12.910879999999997","longitude":"77.67656000000001","responsecode":200},{"latitude":"12.910659999999996","longitude":"77.67658000000002","responsecode":200},{"latitude":"12.910529999999996","longitude":"77.67659000000002","responsecode":200},{"latitude":"12.910439999999996","longitude":"77.67659000000002","responsecode":200},{"latitude":"12.910379999999996","longitude":"77.67658000000002","responsecode":200},{"latitude":"12.910309999999997","longitude":"77.67656000000001","responsecode":200},{"latitude":"12.910209999999998","longitude":"77.67652000000001","responsecode":200},{"latitude":"12.910059999999998","longitude":"77.67644000000001","responsecode":200},{"latitude":"12.909759999999999","longitude":"77.67628000000002","responsecode":200},{"latitude":"12.909669999999998","longitude":"77.67624000000002","responsecode":200},{"latitude":"12.9096","longitude":"77.67622000000001","responsecode":200},{"latitude":"12.90954","longitude":"77.67622000000001","responsecode":200},{"latitude":"12.90949","longitude":"77.67622000000001","responsecode":200},{"latitude":"12.9094","longitude":"77.67624000000002","responsecode":200},{"latitude":"12.90934","longitude":"77.67626000000003","responsecode":200},{"latitude":"12.90921","longitude":"77.67633000000002","responsecode":200},{"latitude":"12.90913","longitude":"77.67636000000002","responsecode":200},{"latitude":"12.90904","longitude":"77.67637000000002","responsecode":200},{"latitude":"12.90899","longitude":"77.67637000000002","responsecode":200},{"latitude":"12.908909999999999","longitude":"77.67635000000001","responsecode":200},{"latitude":"12.908779999999998","longitude":"77.67630000000001","responsecode":200},{"latitude":"12.908519999999998","longitude":"77.67618000000002","responsecode":200},{"latitude":"12.908409999999998","longitude":"77.67613000000001","responsecode":200},{"latitude":"12.908219999999998","longitude":"77.67605000000002","responsecode":200},{"latitude":"12.907949999999998","longitude":"77.67592000000002","responsecode":200},{"latitude":"12.907719999999998","longitude":"77.67582000000002","responsecode":200},{"latitude":"12.907549999999997","longitude":"77.67577000000001","responsecode":200},{"latitude":"12.907449999999997","longitude":"77.67574000000002","responsecode":200},{"latitude":"12.907359999999997","longitude":"77.67572000000001","responsecode":200},{"latitude":"12.907259999999997","longitude":"77.67571000000001","responsecode":200},{"latitude":"12.907119999999997","longitude":"77.6757","responsecode":200},{"latitude":"12.906969999999998","longitude":"77.6757","responsecode":200},{"latitude":"12.906579999999998","longitude":"77.67571000000001","responsecode":200},{"latitude":"12.906119999999998","longitude":"77.67571000000001","responsecode":200},{"latitude":"12.906019999999998","longitude":"77.67571000000001","responsecode":200},{"latitude":"12.905889999999998","longitude":"77.67572000000001","responsecode":200},{"latitude":"12.905769999999997","longitude":"77.67574000000002","responsecode":200},{"latitude":"12.905659999999997","longitude":"77.67577000000001","responsecode":200},{"latitude":"12.905489999999997","longitude":"77.67583000000002","responsecode":200},{"latitude":"12.905319999999996","longitude":"77.67590000000001","responsecode":200},{"latitude":"12.905219999999996","longitude":"77.67595000000001","responsecode":200},{"latitude":"12.905109999999997","longitude":"77.67599000000001","responsecode":200},{"latitude":"12.905009999999997","longitude":"77.67601000000002","responsecode":200},{"latitude":"12.904899999999998","longitude":"77.67602000000002","responsecode":200},{"latitude":"12.9049","longitude":"77.67602","responsecode":200},{"latitude":"12.9049","longitude":"77.67602","responsecode":200},{"latitude":"12.90451","longitude":"77.67599","responsecode":200},{"latitude":"12.90431","longitude":"77.67596999999999","responsecode":200},{"latitude":"12.90404","longitude":"77.67594","responsecode":200},{"latitude":"12.90394","longitude":"77.67593","responsecode":200},{"latitude":"12.90365","longitude":"77.67589","responsecode":200},{"latitude":"12.903350000000001","longitude":"77.67586","responsecode":200},{"latitude":"12.903120000000001","longitude":"77.67584","responsecode":200},{"latitude":"12.903020000000001","longitude":"77.67582999999999","responsecode":200},{"latitude":"12.902880000000001","longitude":"77.67580999999998","responsecode":200},{"latitude":"12.902770000000002","longitude":"77.67579999999998","responsecode":200},{"latitude":"12.902540000000002","longitude":"77.67576999999999","responsecode":200},{"latitude":"12.901940000000002","longitude":"77.67570999999998","responsecode":200},{"latitude":"12.901390000000001","longitude":"77.67562999999998","responsecode":200},{"latitude":"12.9013","longitude":"77.67561999999998","responsecode":200},{"latitude":"12.901060000000001","longitude":"77.67559999999997","responsecode":200},{"latitude":"12.900250000000002","longitude":"77.67549999999997","responsecode":200},{"latitude":"12.899980000000001","longitude":"77.67547999999996","responsecode":200},{"latitude":"12.89952","longitude":"77.67545999999996","responsecode":200},{"latitude":"12.89886","longitude":"77.67543999999995","responsecode":200},{"latitude":"12.898060000000001","longitude":"77.67543999999995","responsecode":200},{"latitude":"12.89788","longitude":"77.67543999999995","responsecode":200},{"latitude":"12.8977","longitude":"77.67542999999995","responsecode":200},{"latitude":"12.89761","longitude":"77.67541999999995","responsecode":200},{"latitude":"12.897400000000001","longitude":"77.67537999999995","responsecode":200},{"latitude":"12.897120000000001","longitude":"77.67529999999995","responsecode":200},{"latitude":"12.896790000000001","longitude":"77.67517999999995","responsecode":200},{"latitude":"12.89679","longitude":"77.67518","responsecode":200},{"latitude":"12.89679","longitude":"77.67518","responsecode":200},{"latitude":"12.89646","longitude":"77.67506","responsecode":200},{"latitude":"12.895679999999999","longitude":"77.67478","responsecode":200},{"latitude":"12.895509999999998","longitude":"77.67472","responsecode":200},{"latitude":"12.893859999999998","longitude":"77.67416999999999","responsecode":200},{"latitude":"12.893769999999998","longitude":"77.67414","responsecode":200},{"latitude":"12.893169999999998","longitude":"77.67390999999999","responsecode":200},{"latitude":"12.892949999999997","longitude":"77.67383","responsecode":200},{"latitude":"12.892799999999998","longitude":"77.67378","responsecode":200},{"latitude":"12.892639999999998","longitude":"77.67374","responsecode":200},{"latitude":"12.892549999999998","longitude":"77.67371999999999","responsecode":200},{"latitude":"12.892439999999999","longitude":"77.67369","responsecode":200},{"latitude":"12.892249999999999","longitude":"77.67366","responsecode":200},{"latitude":"12.891589999999999","longitude":"77.67357","responsecode":200},{"latitude":"12.891049999999998","longitude":"77.67348","responsecode":200},{"latitude":"12.890909999999998","longitude":"77.67345","responsecode":200},{"latitude":"12.890669999999998","longitude":"77.6734","responsecode":200},{"latitude":"12.890199999999998","longitude":"77.6733","responsecode":200},{"latitude":"12.889769999999999","longitude":"77.67321","responsecode":200},{"latitude":"12.88947","longitude":"77.67314999999999","responsecode":200},{"latitude":"12.889019999999999","longitude":"77.67307","responsecode":200},{"latitude":"12.888789999999998","longitude":"77.67303","responsecode":200},{"latitude":"12.888530999999999","longitude":"77.672984","responsecode":200},{"latitude":"12.888531","longitude":"77.672984","responsecode":200},{"latitude":"12.88851","longitude":"77.67298","responsecode":200},{"latitude":"12.88832","longitude":"77.67293","responsecode":200},{"latitude":"12.88806","longitude":"77.67286999999999","responsecode":200},{"latitude":"12.88781","longitude":"77.67281999999999","responsecode":200},{"latitude":"12.8877","longitude":"77.67279999999998","responsecode":200},{"latitude":"12.887400000000001","longitude":"77.67271999999998","responsecode":200},{"latitude":"12.887010000000002","longitude":"77.67262999999998","responsecode":200},{"latitude":"12.886730000000002","longitude":"77.67256999999998","responsecode":200},{"latitude":"12.886190000000001","longitude":"77.67246999999998","responsecode":200},{"latitude":"12.88588","longitude":"77.67243599999998","responsecode":200},{"latitude":"12.88588","longitude":"77.672436","responsecode":200},{"latitude":"12.88574","longitude":"77.67242","responsecode":200},{"latitude":"12.885530000000001","longitude":"77.67239000000001","responsecode":200},{"latitude":"12.885240000000001","longitude":"77.67235000000001","responsecode":200},{"latitude":"12.884910000000001","longitude":"77.67234","responsecode":200},{"latitude":"12.884640000000001","longitude":"77.67231000000001","responsecode":200},{"latitude":"12.884430000000002","longitude":"77.6723","responsecode":200},{"latitude":"12.883870000000002","longitude":"77.67227000000001","responsecode":200},{"latitude":"12.883730000000002","longitude":"77.67226000000001","responsecode":200},{"latitude":"12.883460000000001","longitude":"77.67225","responsecode":200},{"latitude":"12.883230000000001","longitude":"77.67224","responsecode":200},{"latitude":"12.883120000000002","longitude":"77.67223","responsecode":200},{"latitude":"12.882990000000001","longitude":"77.67224","responsecode":200},{"latitude":"12.88287","longitude":"77.67225","responsecode":200},{"latitude":"12.8827","longitude":"77.67226000000001","responsecode":200},{"latitude":"12.882159999999999","longitude":"77.67227000000001","responsecode":200},{"latitude":"12.881639999999999","longitude":"77.67226000000001","responsecode":200},{"latitude":"12.88131","longitude":"77.67225","responsecode":200},{"latitude":"12.880759999999999","longitude":"77.67221","responsecode":200},{"latitude":"12.880019999999998","longitude":"77.67213000000001","responsecode":200},{"latitude":"12.879419999999998","longitude":"77.67208000000001","responsecode":200},{"latitude":"12.87942","longitude":"77.67208","responsecode":200},{"latitude":"12.87942","longitude":"77.67208","responsecode":200},{"latitude":"12.87875","longitude":"77.67195","responsecode":200},{"latitude":"12.87822","longitude":"77.67183999999999","responsecode":200},{"latitude":"12.8779","longitude":"77.67177999999998","responsecode":200},{"latitude":"12.877790000000001","longitude":"77.67175999999998","responsecode":200},{"latitude":"12.87752","longitude":"77.67170999999998","responsecode":200},{"latitude":"12.877360000000001","longitude":"77.67167999999998","responsecode":200},{"latitude":"12.87724","longitude":"77.67165999999997","responsecode":200},{"latitude":"12.87705","longitude":"77.67161999999998","responsecode":200},{"latitude":"12.876750000000001","longitude":"77.67155999999997","responsecode":200},{"latitude":"12.876650000000001","longitude":"77.67153999999996","responsecode":200},{"latitude":"12.876600000000002","longitude":"77.67152999999996","responsecode":200},{"latitude":"12.876450000000002","longitude":"77.67149999999997","responsecode":200},{"latitude":"12.876250000000002","longitude":"77.67146999999997","responsecode":200},{"latitude":"12.876090000000003","longitude":"77.67143999999998","responsecode":200},{"latitude":"12.875990000000003","longitude":"77.67141999999997","responsecode":200},{"latitude":"12.875760000000003","longitude":"77.67135999999996","responsecode":200},{"latitude":"12.875730000000003","longitude":"77.67124799999996","responsecode":200},{"latitude":"12.87573","longitude":"77.671248","responsecode":200},{"latitude":"12.8757","longitude":"77.67114000000001","responsecode":200},{"latitude":"12.87565","longitude":"77.67095","responsecode":200},{"latitude":"12.87561","longitude":"77.67084","responsecode":200},{"latitude":"12.87556","longitude":"77.67076","responsecode":200},{"latitude":"12.87548","longitude":"77.67068","responsecode":200},{"latitude":"12.87541","longitude":"77.67063","responsecode":200},{"latitude":"12.87533","longitude":"77.67056000000001","responsecode":200},{"latitude":"12.87526","longitude":"77.67044000000001","responsecode":200},{"latitude":"12.875190000000002","longitude":"77.67028000000002","responsecode":200},{"latitude":"12.875080000000002","longitude":"77.66995000000001","responsecode":200},{"latitude":"12.875020000000003","longitude":"77.66980000000001","responsecode":200},{"latitude":"12.874920000000003","longitude":"77.66949000000001","responsecode":200},{"latitude":"12.874890000000002","longitude":"77.66938","responsecode":200},{"latitude":"12.874750000000002","longitude":"77.669","responsecode":200},{"latitude":"12.874510000000003","longitude":"77.66837","responsecode":200},{"latitude":"12.874410000000003","longitude":"77.66812999999999","responsecode":200},{"latitude":"12.874250000000004","longitude":"77.66779999999999","responsecode":200},{"latitude":"12.874160000000003","longitude":"77.66757999999999","responsecode":200},{"latitude":"12.873910000000004","longitude":"77.66688999999998","responsecode":200},{"latitude":"12.873850000000004","longitude":"77.66670999999998","responsecode":200},{"latitude":"12.873790000000005","longitude":"77.66666999999998","responsecode":200},{"latitude":"12.873750000000005","longitude":"77.66658999999999","responsecode":200},{"latitude":"12.873690000000005","longitude":"77.66642999999999","responsecode":200},{"latitude":"12.87369","longitude":"77.66643","responsecode":200},{"latitude":"12.87369","longitude":"77.66643","responsecode":200},{"latitude":"12.87363","longitude":"77.66631000000001","responsecode":200},{"latitude":"12.8735","longitude":"77.66607","responsecode":200},{"latitude":"12.87333","longitude":"77.66566","responsecode":200},{"latitude":"12.873059999999999","longitude":"77.6652","responsecode":200},{"latitude":"12.872969999999999","longitude":"77.66499999999999","responsecode":200},{"latitude":"12.872569999999998","longitude":"77.66412999999999","responsecode":200},{"latitude":"12.872239999999998","longitude":"77.66346999999999","responsecode":200},{"latitude":"12.871959999999998","longitude":"77.66296999999999","responsecode":200},{"latitude":"12.871869999999998","longitude":"77.66274999999999","responsecode":200},{"latitude":"12.871779999999998","longitude":"77.66253999999999","responsecode":200},{"latitude":"12.871669999999998","longitude":"77.66217999999999","responsecode":200},{"latitude":"12.871449999999998","longitude":"77.66150999999999","responsecode":200},{"latitude":"12.871259999999998","longitude":"77.66102","responsecode":200},{"latitude":"12.871169999999998","longitude":"77.66081","responsecode":200},{"latitude":"12.871049999999997","longitude":"77.66047999999999","responsecode":200},{"latitude":"12.870929999999996","longitude":"77.66014999999999","responsecode":200},{"latitude":"12.870859999999997","longitude":"77.65999","responsecode":200},{"latitude":"12.870789999999998","longitude":"77.65983","responsecode":200},{"latitude":"12.870649999999998","longitude":"77.65949","responsecode":200},{"latitude":"12.870569999999997","longitude":"77.65921","responsecode":200},{"latitude":"12.870389999999997","longitude":"77.65871","responsecode":200},{"latitude":"12.870359999999996","longitude":"77.65861","responsecode":200},{"latitude":"12.870339999999997","longitude":"77.65852","responsecode":200},{"latitude":"12.870329999999997","longitude":"77.6584","responsecode":200},{"latitude":"12.870320999999997","longitude":"77.658297","responsecode":200},{"latitude":"12.870321","longitude":"77.658297","responsecode":200},{"latitude":"12.870320000000001","longitude":"77.65828","responsecode":200},{"latitude":"12.870320000000001","longitude":"77.65816000000001","responsecode":200},{"latitude":"12.870330000000001","longitude":"77.65796","responsecode":200},{"latitude":"12.87034","longitude":"77.65785","responsecode":200},{"latitude":"12.87036","longitude":"77.65773","responsecode":200},{"latitude":"12.87042","longitude":"77.6573","responsecode":200},{"latitude":"12.87045","longitude":"77.65706","responsecode":200},{"latitude":"12.87048","longitude":"77.65685","responsecode":200},{"latitude":"12.8705","longitude":"77.65674","responsecode":200},{"latitude":"12.87053","longitude":"77.65644999999999","responsecode":200},{"latitude":"12.870560000000001","longitude":"77.65615999999999","responsecode":200},{"latitude":"12.870590000000002","longitude":"77.65589999999999","responsecode":200},{"latitude":"12.870600000000001","longitude":"77.65583999999998","responsecode":200},{"latitude":"12.870630000000002","longitude":"77.65557999999999","responsecode":200},{"latitude":"12.870660000000003","longitude":"77.65526999999999","responsecode":200},{"latitude":"12.870680000000002","longitude":"77.65497999999998","responsecode":200},{"latitude":"12.870690000000002","longitude":"77.65480999999998","responsecode":200},{"latitude":"12.870700000000001","longitude":"77.65466999999998","responsecode":200},{"latitude":"12.870690000000002","longitude":"77.65454999999999","responsecode":200},{"latitude":"12.870670000000002","longitude":"77.65443999999998","responsecode":200},{"latitude":"12.870650000000003","longitude":"77.65435999999998","responsecode":200},{"latitude":"12.870620000000002","longitude":"77.65427999999999","responsecode":200},{"latitude":"12.870560000000003","longitude":"77.65416999999998","responsecode":200},{"latitude":"12.870490000000004","longitude":"77.65406999999998","responsecode":200},{"latitude":"12.870441000000003","longitude":"77.65400499999997","responsecode":200},{"latitude":"12.870441","longitude":"77.654005","responsecode":200},{"latitude":"12.870441","longitude":"77.654005","responsecode":200}],"Message":"Success","Issuccess":true,"exception":null,"RowCount":594,"responsecode":200}