{"data":[{"latitude":"13.07161","longitude":"77.63371","responsecode":200},{"latitude":"13.07156","longitude":"77.63371","responsecode":200},{"latitude":"13.07134","longitude":"77.63371","responsecode":200},{"latitude":"13.07115","longitude":"77.63371","responsecode":200},{"latitude":"13.07082","longitude":"77.63369999999999","responsecode":200},{"latitude":"13.070689999999999","longitude":"77.63369999999999","responsecode":200},{"latitude":"13.07034","longitude":"77.63369999999999","responsecode":200},{"latitude":"13.070079999999999","longitude":"77.63369999999999","responsecode":200},{"latitude":"13.069439999999998","longitude":"77.63369999999999","responsecode":200},{"latitude":"13.069009999999999","longitude":"77.63368999999999","responsecode":200},{"latitude":"13.06894","longitude":"77.63371999999998","responsecode":200},{"latitude":"13.06887","longitude":"77.63373999999999","responsecode":200},{"latitude":"13.068800000000001","longitude":"77.63374999999999","responsecode":200},{"latitude":"13.068410000000002","longitude":"77.63373999999999","responsecode":200},{"latitude":"13.06841","longitude":"77.63374","responsecode":200},{"latitude":"13.06841","longitude":"77.63374","responsecode":200},{"latitude":"13.06803","longitude":"77.63373","responsecode":200},{"latitude":"13.06757","longitude":"77.63371","responsecode":200},{"latitude":"13.06644","longitude":"77.63368999999999","responsecode":200},{"latitude":"13.0654","longitude":"77.63366999999998","responsecode":200},{"latitude":"13.06526","longitude":"77.63365999999998","responsecode":200},{"latitude":"13.06521","longitude":"77.63363999999997","responsecode":200},{"latitude":"13.065150000000001","longitude":"77.63359999999997","responsecode":200},{"latitude":"13.064770000000001","longitude":"77.63360999999998","responsecode":200},{"latitude":"13.064060000000001","longitude":"77.63360999999998","responsecode":200},{"latitude":"13.063920000000001","longitude":"77.63360999999998","responsecode":200},{"latitude":"13.063730000000001","longitude":"77.63359999999997","responsecode":200},{"latitude":"13.063600000000001","longitude":"77.63359999999997","responsecode":200},{"latitude":"13.06334","longitude":"77.63358999999997","responsecode":200},{"latitude":"13.06325","longitude":"77.63358999999997","responsecode":200},{"latitude":"13.06311","longitude":"77.63358999999997","responsecode":200},{"latitude":"13.06297","longitude":"77.63357999999997","responsecode":200},{"latitude":"13.06281","longitude":"77.63355999999996","responsecode":200},{"latitude":"13.06264","longitude":"77.63352999999996","responsecode":200},{"latitude":"13.06249","longitude":"77.63348999999997","responsecode":200},{"latitude":"13.06217","longitude":"77.63343999999996","responsecode":200},{"latitude":"13.06174","longitude":"77.63336999999997","responsecode":200},{"latitude":"13.061530000000001","longitude":"77.63332999999997","responsecode":200},{"latitude":"13.06153","longitude":"77.63333","responsecode":200},{"latitude":"13.06153","longitude":"77.63333","responsecode":200},{"latitude":"13.06144","longitude":"77.6333","responsecode":200},{"latitude":"13.06114","longitude":"77.63319","responsecode":200},{"latitude":"13.06084","longitude":"77.6331","responsecode":200},{"latitude":"13.06076","longitude":"77.63307999999999","responsecode":200},{"latitude":"13.060410000000001","longitude":"77.63297999999999","responsecode":200},{"latitude":"13.06005","longitude":"77.63292999999999","responsecode":200},{"latitude":"13.05963","longitude":"77.63289999999999","responsecode":200},{"latitude":"13.05946","longitude":"77.63288999999999","responsecode":200},{"latitude":"13.05941","longitude":"77.63288999999999","responsecode":200},{"latitude":"13.05936","longitude":"77.63288999999999","responsecode":200},{"latitude":"13.05906","longitude":"77.63289999999999","responsecode":200},{"latitude":"13.05875","longitude":"77.63292999999999","responsecode":200},{"latitude":"13.05836","longitude":"77.63295999999998","responsecode":200},{"latitude":"13.05791","longitude":"77.63301999999999","responsecode":200},{"latitude":"13.0578","longitude":"77.63302999999999","responsecode":200},{"latitude":"13.05763","longitude":"77.63304","responsecode":200},{"latitude":"13.05753","longitude":"77.63305","responsecode":200},{"latitude":"13.05743","longitude":"77.63306","responsecode":200},{"latitude":"13.05725","longitude":"77.63308","responsecode":200},{"latitude":"13.05704","longitude":"77.63306","responsecode":200},{"latitude":"13.05649","longitude":"77.633","responsecode":200},{"latitude":"13.05636","longitude":"77.63298999999999","responsecode":200},{"latitude":"13.05631","longitude":"77.63297999999999","responsecode":200},{"latitude":"13.05621","longitude":"77.63295999999998","responsecode":200},{"latitude":"13.05615","longitude":"77.63293999999998","responsecode":200},{"latitude":"13.05615","longitude":"77.63294","responsecode":200},{"latitude":"13.05615","longitude":"77.63294","responsecode":200},{"latitude":"13.056080000000001","longitude":"77.6329","responsecode":200},{"latitude":"13.056040000000001","longitude":"77.63284","responsecode":200},{"latitude":"13.056020000000002","longitude":"77.63278","responsecode":200},{"latitude":"13.056000000000003","longitude":"77.63269","responsecode":200},{"latitude":"13.055960000000002","longitude":"77.63257","responsecode":200},{"latitude":"13.055930000000002","longitude":"77.63251","responsecode":200},{"latitude":"13.055890000000002","longitude":"77.63244999999999","responsecode":200},{"latitude":"13.055830000000002","longitude":"77.63239999999999","responsecode":200},{"latitude":"13.055740000000002","longitude":"77.63233999999999","responsecode":200},{"latitude":"13.055620000000001","longitude":"77.63227999999998","responsecode":200},{"latitude":"13.05545","longitude":"77.63217999999998","responsecode":200},{"latitude":"13.0553","longitude":"77.63212999999998","responsecode":200},{"latitude":"13.05518","longitude":"77.63208999999998","responsecode":200},{"latitude":"13.0549","longitude":"77.63203999999998","responsecode":200},{"latitude":"13.05455","longitude":"77.63199999999998","responsecode":200},{"latitude":"13.05423","longitude":"77.63192999999998","responsecode":200},{"latitude":"13.05399","longitude":"77.63186999999998","responsecode":200},{"latitude":"13.05377","longitude":"77.63176999999997","responsecode":200},{"latitude":"13.05355","longitude":"77.63167999999997","responsecode":200},{"latitude":"13.05345","longitude":"77.63163999999998","responsecode":200},{"latitude":"13.05323","longitude":"77.63154999999998","responsecode":200},{"latitude":"13.05293","longitude":"77.63143999999997","responsecode":200},{"latitude":"13.052895","longitude":"77.63142599999998","responsecode":200},{"latitude":"13.052895","longitude":"77.631426","responsecode":200},{"latitude":"13.05271","longitude":"77.63135","responsecode":200},{"latitude":"13.05261","longitude":"77.6313","responsecode":200},{"latitude":"13.05248","longitude":"77.63123","responsecode":200},{"latitude":"13.052309999999999","longitude":"77.63118","responsecode":200},{"latitude":"13.052069999999999","longitude":"77.63114","responsecode":200},{"latitude":"13.051809999999998","longitude":"77.63111","responsecode":200},{"latitude":"13.051619999999998","longitude":"77.63106","responsecode":200},{"latitude":"13.051539999999997","longitude":"77.63104","responsecode":200},{"latitude":"13.051459999999997","longitude":"77.63101999999999","responsecode":200},{"latitude":"13.051399999999997","longitude":"77.63099999999999","responsecode":200},{"latitude":"13.051079999999997","longitude":"77.63083999999999","responsecode":200},{"latitude":"13.050849999999997","longitude":"77.63071","responsecode":200},{"latitude":"13.050757999999997","longitude":"77.63065499999999","responsecode":200},{"latitude":"13.050758","longitude":"77.630655","responsecode":200},{"latitude":"13.0507","longitude":"77.63062000000001","responsecode":200},{"latitude":"13.05048","longitude":"77.63048","responsecode":200},{"latitude":"13.04981","longitude":"77.63013000000001","responsecode":200},{"latitude":"13.049280000000001","longitude":"77.62986000000001","responsecode":200},{"latitude":"13.04902","longitude":"77.62971","responsecode":200},{"latitude":"13.04866","longitude":"77.62947","responsecode":200},{"latitude":"13.048399999999999","longitude":"77.62929","responsecode":200},{"latitude":"13.048269999999999","longitude":"77.62921","responsecode":200},{"latitude":"13.04746","longitude":"77.62868","responsecode":200},{"latitude":"13.04746","longitude":"77.62868","responsecode":200},{"latitude":"13.04746","longitude":"77.62868","responsecode":200},{"latitude":"13.047059999999998","longitude":"77.62843000000001","responsecode":200},{"latitude":"13.04638","longitude":"77.62804000000001","responsecode":200},{"latitude":"13.045839999999998","longitude":"77.62773000000001","responsecode":200},{"latitude":"13.045659999999998","longitude":"77.62760000000002","responsecode":200},{"latitude":"13.045603999999997","longitude":"77.62756000000002","responsecode":200},{"latitude":"13.045604","longitude":"77.62756","responsecode":200},{"latitude":"13.045380000000002","longitude":"77.62740000000001","responsecode":200},{"latitude":"13.044640000000001","longitude":"77.62672","responsecode":200},{"latitude":"13.04447","longitude":"77.62656000000001","responsecode":200},{"latitude":"13.044310000000001","longitude":"77.62640000000002","responsecode":200},{"latitude":"13.043690000000002","longitude":"77.62594000000001","responsecode":200},{"latitude":"13.043390000000002","longitude":"77.62575000000001","responsecode":200},{"latitude":"13.043200000000002","longitude":"77.62564","responsecode":200},{"latitude":"13.042910000000003","longitude":"77.62547","responsecode":200},{"latitude":"13.042620000000003","longitude":"77.62532","responsecode":200},{"latitude":"13.042430000000003","longitude":"77.62522","responsecode":200},{"latitude":"13.041950000000003","longitude":"77.62496","responsecode":200},{"latitude":"13.041909000000004","longitude":"77.624939","responsecode":200},{"latitude":"13.041909","longitude":"77.624939","responsecode":200},{"latitude":"13.04179","longitude":"77.62488","responsecode":200},{"latitude":"13.041680000000001","longitude":"77.62485000000001","responsecode":200},{"latitude":"13.04155","longitude":"77.62481000000001","responsecode":200},{"latitude":"13.04133","longitude":"77.62474000000002","responsecode":200},{"latitude":"13.04055","longitude":"77.62450000000001","responsecode":200},{"latitude":"13.04045","longitude":"77.62447000000002","responsecode":200},{"latitude":"13.04035","longitude":"77.62443000000002","responsecode":200},{"latitude":"13.04035","longitude":"77.62443","responsecode":200},{"latitude":"13.04035","longitude":"77.62443","responsecode":200},{"latitude":"13.04023","longitude":"77.62440000000001","responsecode":200},{"latitude":"13.04012","longitude":"77.62435","responsecode":200},{"latitude":"13.04001","longitude":"77.62429","responsecode":200},{"latitude":"13.039940000000001","longitude":"77.62426","responsecode":200},{"latitude":"13.039890000000002","longitude":"77.62423000000001","responsecode":200},{"latitude":"13.039670000000001","longitude":"77.62411000000002","responsecode":200},{"latitude":"13.039530000000001","longitude":"77.62402000000002","responsecode":200},{"latitude":"13.03949","longitude":"77.62395000000002","responsecode":200},{"latitude":"13.039250000000001","longitude":"77.62381000000002","responsecode":200},{"latitude":"13.03912","longitude":"77.62374000000003","responsecode":200},{"latitude":"13.03899","longitude":"77.62369000000002","responsecode":200},{"latitude":"13.03876","longitude":"77.62364000000002","responsecode":200},{"latitude":"13.03863","longitude":"77.62361000000003","responsecode":200},{"latitude":"13.03853","longitude":"77.62358000000003","responsecode":200},{"latitude":"13.03834","longitude":"77.62352000000003","responsecode":200},{"latitude":"13.03834","longitude":"77.62352","responsecode":200},{"latitude":"13.03834","longitude":"77.62352","responsecode":200},{"latitude":"13.03821","longitude":"77.62348","responsecode":200},{"latitude":"13.03807","longitude":"77.62344","responsecode":200},{"latitude":"13.03792","longitude":"77.62341","responsecode":200},{"latitude":"13.037799999999999","longitude":"77.6234","responsecode":200},{"latitude":"13.03751","longitude":"77.62337000000001","responsecode":200},{"latitude":"13.037099999999999","longitude":"77.62334000000001","responsecode":200},{"latitude":"13.036979999999998","longitude":"77.62332","responsecode":200},{"latitude":"13.036889999999998","longitude":"77.62335","responsecode":200},{"latitude":"13.036739999999998","longitude":"77.62333","responsecode":200},{"latitude":"13.036509999999998","longitude":"77.6233","responsecode":200},{"latitude":"13.036249999999997","longitude":"77.62325","responsecode":200},{"latitude":"13.035959999999998","longitude":"77.6232","responsecode":200},{"latitude":"13.035709999999998","longitude":"77.62315","responsecode":200},{"latitude":"13.035039999999999","longitude":"77.62299999999999","responsecode":200},{"latitude":"13.034889999999999","longitude":"77.62295999999999","responsecode":200},{"latitude":"13.034799999999999","longitude":"77.62293","responsecode":200},{"latitude":"13.03464","longitude":"77.62288","responsecode":200},{"latitude":"13.0344","longitude":"77.6228","responsecode":200},{"latitude":"13.034291999999999","longitude":"77.62276299999999","responsecode":200},{"latitude":"13.034292","longitude":"77.622763","responsecode":200},{"latitude":"13.03411","longitude":"77.62270000000001","responsecode":200},{"latitude":"13.03381","longitude":"77.62259","responsecode":200},{"latitude":"13.0334","longitude":"77.62244","responsecode":200},{"latitude":"13.03281","longitude":"77.62222","responsecode":200},{"latitude":"13.032492","longitude":"77.622086","responsecode":200},{"latitude":"13.032492","longitude":"77.622086","responsecode":200},{"latitude":"13.032359999999999","longitude":"77.62203","responsecode":200},{"latitude":"13.031989999999999","longitude":"77.62187","responsecode":200},{"latitude":"13.031889999999999","longitude":"77.62182","responsecode":200},{"latitude":"13.03182","longitude":"77.62179","responsecode":200},{"latitude":"13.03171","longitude":"77.62174","responsecode":200},{"latitude":"13.03129","longitude":"77.62156","responsecode":200},{"latitude":"13.03104","longitude":"77.62145","responsecode":200},{"latitude":"13.030790000000001","longitude":"77.62133","responsecode":200},{"latitude":"13.030560000000001","longitude":"77.62121","responsecode":200},{"latitude":"13.030503000000001","longitude":"77.621182","responsecode":200},{"latitude":"13.030503","longitude":"77.621182","responsecode":200},{"latitude":"13.03038","longitude":"77.62112","responsecode":200},{"latitude":"13.030289999999999","longitude":"77.62108","responsecode":200},{"latitude":"13.03014","longitude":"77.62101000000001","responsecode":200},{"latitude":"13.0299","longitude":"77.62093000000002","responsecode":200},{"latitude":"13.02967","longitude":"77.62086000000002","responsecode":200},{"latitude":"13.02947","longitude":"77.62081000000002","responsecode":200},{"latitude":"13.02926","longitude":"77.62077000000002","responsecode":200},{"latitude":"13.02903","longitude":"77.62072000000002","responsecode":200},{"latitude":"13.02885","longitude":"77.62070000000001","responsecode":200},{"latitude":"13.02872","longitude":"77.62069000000001","responsecode":200},{"latitude":"13.02844","longitude":"77.62067","responsecode":200},{"latitude":"13.02825","longitude":"77.62064000000001","responsecode":200},{"latitude":"13.0281","longitude":"77.62061000000001","responsecode":200},{"latitude":"13.02782","longitude":"77.62056000000001","responsecode":200},{"latitude":"13.02754","longitude":"77.62049000000002","responsecode":200},{"latitude":"13.02739","longitude":"77.62045000000002","responsecode":200},{"latitude":"13.027140000000001","longitude":"77.62038000000003","responsecode":200},{"latitude":"13.02706","longitude":"77.62035000000003","responsecode":200},{"latitude":"13.02698","longitude":"77.62032000000004","responsecode":200},{"latitude":"13.02692","longitude":"77.62030000000003","responsecode":200},{"latitude":"13.02682","longitude":"77.62028000000002","responsecode":200},{"latitude":"13.02668","longitude":"77.62024000000002","responsecode":200},{"latitude":"13.026610000000002","longitude":"77.62022000000002","responsecode":200},{"latitude":"13.026480000000001","longitude":"77.62018000000002","responsecode":200},{"latitude":"13.0263","longitude":"77.62013000000002","responsecode":200},{"latitude":"13.02621","longitude":"77.62004000000002","responsecode":200},{"latitude":"13.02609","longitude":"77.62000000000002","responsecode":200},{"latitude":"13.026005","longitude":"77.61997600000002","responsecode":200},{"latitude":"13.026005","longitude":"77.619976","responsecode":200},{"latitude":"13.025879999999999","longitude":"77.61994","responsecode":200},{"latitude":"13.02581","longitude":"77.61992","responsecode":200},{"latitude":"13.02566","longitude":"77.61988","responsecode":200},{"latitude":"13.02538","longitude":"77.6198","responsecode":200},{"latitude":"13.02495","longitude":"77.61968","responsecode":200},{"latitude":"13.024880000000001","longitude":"77.61966","responsecode":200},{"latitude":"13.024680000000002","longitude":"77.61962","responsecode":200},{"latitude":"13.024370000000001","longitude":"77.61957","responsecode":200},{"latitude":"13.023660000000001","longitude":"77.61948","responsecode":200},{"latitude":"13.02325","longitude":"77.61944","responsecode":200},{"latitude":"13.023040000000002","longitude":"77.61941999999999","responsecode":200},{"latitude":"13.022790000000002","longitude":"77.61940999999999","responsecode":200},{"latitude":"13.022640000000003","longitude":"77.61939999999998","responsecode":200},{"latitude":"13.022490000000003","longitude":"77.61938999999998","responsecode":200},{"latitude":"13.022370000000002","longitude":"77.61936999999998","responsecode":200},{"latitude":"13.022120000000003","longitude":"77.61932999999998","responsecode":200},{"latitude":"13.021810000000002","longitude":"77.61925999999998","responsecode":200},{"latitude":"13.021590000000002","longitude":"77.61919999999998","responsecode":200},{"latitude":"13.021320000000001","longitude":"77.61911999999998","responsecode":200},{"latitude":"13.02132","longitude":"77.61912","responsecode":200},{"latitude":"13.02132","longitude":"77.61912","responsecode":200},{"latitude":"13.02117","longitude":"77.61907","responsecode":200},{"latitude":"13.02104","longitude":"77.61904","responsecode":200},{"latitude":"13.020819999999999","longitude":"77.61901","responsecode":200},{"latitude":"13.02033","longitude":"77.61896","responsecode":200},{"latitude":"13.02017","longitude":"77.61895","responsecode":200},{"latitude":"13.01993","longitude":"77.61892999999999","responsecode":200},{"latitude":"13.01983","longitude":"77.61891999999999","responsecode":200},{"latitude":"13.019670000000001","longitude":"77.61889999999998","responsecode":200},{"latitude":"13.01955","longitude":"77.61886999999999","responsecode":200},{"latitude":"13.01932","longitude":"77.61881999999999","responsecode":200},{"latitude":"13.019110000000001","longitude":"77.61876999999998","responsecode":200},{"latitude":"13.018870000000001","longitude":"77.61870999999998","responsecode":200},{"latitude":"13.018680000000002","longitude":"77.61865999999998","responsecode":200},{"latitude":"13.018540000000002","longitude":"77.61861999999998","responsecode":200},{"latitude":"13.01842","longitude":"77.61858999999998","responsecode":200},{"latitude":"13.01829","longitude":"77.61855999999999","responsecode":200},{"latitude":"13.018040000000001","longitude":"77.61849","responsecode":200},{"latitude":"13.01773","longitude":"77.61837999999999","responsecode":200},{"latitude":"13.0176","longitude":"77.61833999999999","responsecode":200},{"latitude":"13.01727","longitude":"77.61823999999999","responsecode":200},{"latitude":"13.01686","longitude":"77.61810999999999","responsecode":200},{"latitude":"13.01662","longitude":"77.61801999999999","responsecode":200},{"latitude":"13.01648","longitude":"77.61796999999999","responsecode":200},{"latitude":"13.01635","longitude":"77.61791999999998","responsecode":200},{"latitude":"13.01619","longitude":"77.61785999999998","responsecode":200},{"latitude":"13.01613","longitude":"77.61782999999998","responsecode":200},{"latitude":"13.01605","longitude":"77.61779999999999","responsecode":200},{"latitude":"13.01595","longitude":"77.61775999999999","responsecode":200},{"latitude":"13.0158","longitude":"77.61769999999999","responsecode":200},{"latitude":"13.015730000000001","longitude":"77.61766999999999","responsecode":200},{"latitude":"13.015580000000002","longitude":"77.61760999999998","responsecode":200},{"latitude":"13.01558","longitude":"77.61761","responsecode":200},{"latitude":"13.01558","longitude":"77.61761","responsecode":200},{"latitude":"13.01542","longitude":"77.61754","responsecode":200},{"latitude":"13.015270000000001","longitude":"77.61748","responsecode":200},{"latitude":"13.01518","longitude":"77.61744","responsecode":200},{"latitude":"13.01487","longitude":"77.61728000000001","responsecode":200},{"latitude":"13.01467","longitude":"77.61719000000001","responsecode":200},{"latitude":"13.0144","longitude":"77.61706000000001","responsecode":200},{"latitude":"13.014190000000001","longitude":"77.61697000000001","responsecode":200},{"latitude":"13.013750000000002","longitude":"77.61680000000001","responsecode":200},{"latitude":"13.013450000000002","longitude":"77.61670000000001","responsecode":200},{"latitude":"13.013340000000003","longitude":"77.61666000000001","responsecode":200},{"latitude":"13.013100000000003","longitude":"77.61656","responsecode":200},{"latitude":"13.013010000000003","longitude":"77.61653000000001","responsecode":200},{"latitude":"13.012800000000004","longitude":"77.61645000000001","responsecode":200},{"latitude":"13.012420000000004","longitude":"77.61629000000002","responsecode":200},{"latitude":"13.012160000000003","longitude":"77.61617000000003","responsecode":200},{"latitude":"13.012031000000004","longitude":"77.61609900000002","responsecode":200},{"latitude":"13.012031","longitude":"77.616099","responsecode":200},{"latitude":"13.011940000000001","longitude":"77.61605","responsecode":200},{"latitude":"13.01185","longitude":"77.616","responsecode":200},{"latitude":"13.01172","longitude":"77.61591","responsecode":200},{"latitude":"13.01164","longitude":"77.61586","responsecode":200},{"latitude":"13.011519999999999","longitude":"77.61579","responsecode":200},{"latitude":"13.01133","longitude":"77.61567000000001","responsecode":200},{"latitude":"13.01118","longitude":"77.61558000000001","responsecode":200},{"latitude":"13.010879","longitude":"77.61536600000001","responsecode":200},{"latitude":"13.010879","longitude":"77.615366","responsecode":200},{"latitude":"13.0108","longitude":"77.61531","responsecode":200},{"latitude":"13.01073","longitude":"77.61525999999999","responsecode":200},{"latitude":"13.01031","longitude":"77.61493999999999","responsecode":200},{"latitude":"13.01017","longitude":"77.61482","responsecode":200},{"latitude":"13.01004","longitude":"77.61471999999999","responsecode":200},{"latitude":"13.00992","longitude":"77.61460999999998","responsecode":200},{"latitude":"13.00976","longitude":"77.61445999999998","responsecode":200},{"latitude":"13.00947","longitude":"77.61420999999999","responsecode":200},{"latitude":"13.00932","longitude":"77.61405999999998","responsecode":200},{"latitude":"13.0092","longitude":"77.61394999999997","responsecode":200},{"latitude":"13.00909","longitude":"77.61385999999997","responsecode":200},{"latitude":"13.00901","longitude":"77.61377999999998","responsecode":200},{"latitude":"13.00893","longitude":"77.61369999999998","responsecode":200},{"latitude":"13.00879","longitude":"77.61354999999998","responsecode":200},{"latitude":"13.00873","longitude":"77.61348999999997","responsecode":200},{"latitude":"13.00865","longitude":"77.61340999999997","responsecode":200},{"latitude":"13.00859","longitude":"77.61334999999997","responsecode":200},{"latitude":"13.00853","longitude":"77.61327999999997","responsecode":200},{"latitude":"13.00847","longitude":"77.61321999999997","responsecode":200},{"latitude":"13.00847","longitude":"77.61322","responsecode":200},{"latitude":"13.00847","longitude":"77.61322","responsecode":200},{"latitude":"13.00839","longitude":"77.61316","responsecode":200},{"latitude":"13.008280000000001","longitude":"77.61309","responsecode":200},{"latitude":"13.0082","longitude":"77.61304","responsecode":200},{"latitude":"13.00812","longitude":"77.613","responsecode":200},{"latitude":"13.00799","longitude":"77.61294","responsecode":200},{"latitude":"13.00788","longitude":"77.61289","responsecode":200},{"latitude":"13.007810000000001","longitude":"77.61286","responsecode":200},{"latitude":"13.00768","longitude":"77.61281","responsecode":200},{"latitude":"13.00745","longitude":"77.61273","responsecode":200},{"latitude":"13.00726","longitude":"77.61267","responsecode":200},{"latitude":"13.00713","longitude":"77.61263","responsecode":200},{"latitude":"13.00681","longitude":"77.61252999999999","responsecode":200},{"latitude":"13.00673","longitude":"77.6125","responsecode":200},{"latitude":"13.00663","longitude":"77.61247","responsecode":200},{"latitude":"13.00652","longitude":"77.61244","responsecode":200},{"latitude":"13.00635","longitude":"77.61241000000001","responsecode":200},{"latitude":"13.006255999999999","longitude":"77.61239800000001","responsecode":200},{"latitude":"13.006256","longitude":"77.612398","responsecode":200},{"latitude":"13.006120000000001","longitude":"77.61238","responsecode":200},{"latitude":"13.00506","longitude":"77.6123","responsecode":200},{"latitude":"13.00488","longitude":"77.61228","responsecode":200},{"latitude":"13.0048","longitude":"77.61228","responsecode":200},{"latitude":"13.00455","longitude":"77.61225999999999","responsecode":200},{"latitude":"13.00445","longitude":"77.61224999999999","responsecode":200},{"latitude":"13.00422","longitude":"77.61223999999999","responsecode":200},{"latitude":"13.00402","longitude":"77.61221999999998","responsecode":200},{"latitude":"13.00392","longitude":"77.61220999999998","responsecode":200},{"latitude":"13.00352","longitude":"77.61217999999998","responsecode":200},{"latitude":"13.00325","longitude":"77.61215999999997","responsecode":200},{"latitude":"13.003129999999999","longitude":"77.61214999999997","responsecode":200},{"latitude":"13.00293","longitude":"77.61213999999997","responsecode":200},{"latitude":"13.00272","longitude":"77.61212999999996","responsecode":200},{"latitude":"13.00262","longitude":"77.61212999999996","responsecode":200},{"latitude":"13.00262","longitude":"77.61213","responsecode":200},{"latitude":"13.00262","longitude":"77.61213","responsecode":200},{"latitude":"13.00249","longitude":"77.61215999999999","responsecode":200},{"latitude":"13.001949999999999","longitude":"77.61213999999998","responsecode":200},{"latitude":"13.001909999999999","longitude":"77.61213999999998","responsecode":200},{"latitude":"13.0018","longitude":"77.61213999999998","responsecode":200},{"latitude":"13.00165","longitude":"77.61213999999998","responsecode":200},{"latitude":"13.001479999999999","longitude":"77.61212999999998","responsecode":200},{"latitude":"13.001399999999999","longitude":"77.61210999999997","responsecode":200},{"latitude":"13.001339999999999","longitude":"77.61208999999997","responsecode":200},{"latitude":"13.001259999999998","longitude":"77.61203999999996","responsecode":200},{"latitude":"13.00119","longitude":"77.61198999999996","responsecode":200},{"latitude":"13.001154999999999","longitude":"77.61195499999997","responsecode":200},{"latitude":"13.001155","longitude":"77.611955","responsecode":200},{"latitude":"13.00113","longitude":"77.61193","responsecode":200},{"latitude":"13.00106","longitude":"77.61186000000001","responsecode":200},{"latitude":"13.000910000000001","longitude":"77.61167","responsecode":200},{"latitude":"13.00087","longitude":"77.61162","responsecode":200},{"latitude":"13.00065","longitude":"77.61136","responsecode":200},{"latitude":"13.00057","longitude":"77.61127","responsecode":200},{"latitude":"13.00049","longitude":"77.61119000000001","responsecode":200},{"latitude":"13.000409999999999","longitude":"77.61112000000001","responsecode":200},{"latitude":"13.000329999999998","longitude":"77.61107000000001","responsecode":200},{"latitude":"13.000249999999998","longitude":"77.61102000000001","responsecode":200},{"latitude":"13.000169999999997","longitude":"77.61097000000001","responsecode":200},{"latitude":"13.000049999999996","longitude":"77.61091","responsecode":200},{"latitude":"12.999809999999997","longitude":"77.61079000000001","responsecode":200},{"latitude":"12.999689999999996","longitude":"77.61072000000001","responsecode":200},{"latitude":"12.999619999999997","longitude":"77.61068000000002","responsecode":200},{"latitude":"12.999539999999996","longitude":"77.61063000000001","responsecode":200},{"latitude":"12.999459999999996","longitude":"77.61059000000002","responsecode":200},{"latitude":"12.999339999999995","longitude":"77.61053000000001","responsecode":200},{"latitude":"12.999129999999996","longitude":"77.61043000000001","responsecode":200},{"latitude":"12.998659999999996","longitude":"77.6102","responsecode":200},{"latitude":"12.998429999999995","longitude":"77.61008000000001","responsecode":200},{"latitude":"12.998249999999995","longitude":"77.60999000000001","responsecode":200},{"latitude":"12.997849999999994","longitude":"77.60982000000001","responsecode":200},{"latitude":"12.997669999999994","longitude":"77.60974000000002","responsecode":200},{"latitude":"12.997489999999994","longitude":"77.60966000000002","responsecode":200},{"latitude":"12.997329999999994","longitude":"77.60958000000002","responsecode":200},{"latitude":"12.997159999999994","longitude":"77.60948000000002","responsecode":200},{"latitude":"12.996779999999994","longitude":"77.60923000000003","responsecode":200},{"latitude":"12.996619999999995","longitude":"77.60912000000002","responsecode":200},{"latitude":"12.995919999999995","longitude":"77.60863000000002","responsecode":200},{"latitude":"12.995769999999995","longitude":"77.60853000000002","responsecode":200},{"latitude":"12.995599999999994","longitude":"77.60843000000001","responsecode":200},{"latitude":"12.995341999999994","longitude":"77.608286","responsecode":200},{"latitude":"12.995342","longitude":"77.608286","responsecode":200},{"latitude":"12.994810000000001","longitude":"77.60799","responsecode":200},{"latitude":"12.9945","longitude":"77.60783","responsecode":200},{"latitude":"12.99358","longitude":"77.60734000000001","responsecode":200},{"latitude":"12.99353","longitude":"77.60733","responsecode":200},{"latitude":"12.99312","longitude":"77.60725000000001","responsecode":200},{"latitude":"12.99282","longitude":"77.60722000000001","responsecode":200},{"latitude":"12.992750000000001","longitude":"77.60722000000001","responsecode":200},{"latitude":"12.992560000000001","longitude":"77.60721000000001","responsecode":200},{"latitude":"12.99239","longitude":"77.6072","responsecode":200},{"latitude":"12.99192","longitude":"77.60718","responsecode":200},{"latitude":"12.99166","longitude":"77.60717","responsecode":200},{"latitude":"12.99165","longitude":"77.60695","responsecode":200},{"latitude":"12.99164","longitude":"77.60691","responsecode":200},{"latitude":"12.991620000000001","longitude":"77.60688","responsecode":200},{"latitude":"12.99162","longitude":"77.60688","responsecode":200},{"latitude":"12.99162","longitude":"77.60688","responsecode":200},{"latitude":"12.99152","longitude":"77.60673","responsecode":200},{"latitude":"12.99134","longitude":"77.60651","responsecode":200},{"latitude":"12.99113","longitude":"77.60632","responsecode":200},{"latitude":"12.99094","longitude":"77.60620999999999","responsecode":200},{"latitude":"12.99067","longitude":"77.60607999999999","responsecode":200},{"latitude":"12.99066","longitude":"77.60529","responsecode":200},{"latitude":"12.99093","longitude":"77.60517999999999","responsecode":200},{"latitude":"12.99104","longitude":"77.60512999999999","responsecode":200},{"latitude":"12.99133","longitude":"77.60491999999999","responsecode":200},{"latitude":"12.991629999999999","longitude":"77.60471999999999","responsecode":200},{"latitude":"12.99222","longitude":"77.60427999999999","responsecode":200},{"latitude":"12.99216","longitude":"77.60418999999999","responsecode":200},{"latitude":"12.99212","longitude":"77.60410999999999","responsecode":200},{"latitude":"12.99209","longitude":"77.60403","responsecode":200},{"latitude":"12.992009999999999","longitude":"77.60378","responsecode":200},{"latitude":"12.99195","longitude":"77.6036","responsecode":200},{"latitude":"12.991909999999999","longitude":"77.60344","responsecode":200},{"latitude":"12.991902999999999","longitude":"77.60339900000001","responsecode":200},{"latitude":"12.991903","longitude":"77.603399","responsecode":200},{"latitude":"12.99188","longitude":"77.60325","responsecode":200},{"latitude":"12.99185","longitude":"77.60299","responsecode":200},{"latitude":"12.991819999999999","longitude":"77.60273000000001","responsecode":200},{"latitude":"12.9918","longitude":"77.60238000000001","responsecode":200},{"latitude":"12.9918","longitude":"77.60217000000002","responsecode":200},{"latitude":"12.991819999999999","longitude":"77.60185000000001","responsecode":200},{"latitude":"12.991859999999999","longitude":"77.60155000000002","responsecode":200},{"latitude":"12.991929999999998","longitude":"77.60122000000001","responsecode":200},{"latitude":"12.992049999999999","longitude":"77.60069000000001","responsecode":200},{"latitude":"12.992289999999999","longitude":"77.60004000000002","responsecode":200},{"latitude":"12.99208","longitude":"77.59999000000002","responsecode":200},{"latitude":"12.991859999999999","longitude":"77.59993000000001","responsecode":200},{"latitude":"12.99053","longitude":"77.59957000000001","responsecode":200},{"latitude":"12.990359999999999","longitude":"77.59951000000001","responsecode":200},{"latitude":"12.98984","longitude":"77.59935000000002","responsecode":200},{"latitude":"12.98984","longitude":"77.59935","responsecode":200},{"latitude":"12.98984","longitude":"77.59935","responsecode":200},{"latitude":"12.989669999999998","longitude":"77.59929","responsecode":200},{"latitude":"12.989559999999999","longitude":"77.59925","responsecode":200},{"latitude":"12.989439999999998","longitude":"77.59921","responsecode":200},{"latitude":"12.989249999999998","longitude":"77.59914","responsecode":200},{"latitude":"12.989069999999998","longitude":"77.59908","responsecode":200},{"latitude":"12.988969999999998","longitude":"77.59904","responsecode":200},{"latitude":"12.988879999999998","longitude":"77.59901","responsecode":200},{"latitude":"12.988749999999998","longitude":"77.59897000000001","responsecode":200},{"latitude":"12.988359999999998","longitude":"77.59882","responsecode":200},{"latitude":"12.987899999999998","longitude":"77.59866000000001","responsecode":200},{"latitude":"12.987619999999998","longitude":"77.59856","responsecode":200},{"latitude":"12.987399999999997","longitude":"77.59848000000001","responsecode":200},{"latitude":"12.987049999999998","longitude":"77.59835000000001","responsecode":200},{"latitude":"12.986929999999997","longitude":"77.59831000000001","responsecode":200},{"latitude":"12.986669999999997","longitude":"77.59821000000001","responsecode":200},{"latitude":"12.986149999999997","longitude":"77.59802","responsecode":200},{"latitude":"12.985999999999997","longitude":"77.59796","responsecode":200},{"latitude":"12.985739999999996","longitude":"77.59785","responsecode":200},{"latitude":"12.985259999999997","longitude":"77.59763","responsecode":200},{"latitude":"12.984899999999996","longitude":"77.59745","responsecode":200},{"latitude":"12.984759999999996","longitude":"77.59738","responsecode":200},{"latitude":"12.984659999999996","longitude":"77.59733","responsecode":200},{"latitude":"12.984589999999997","longitude":"77.59732","responsecode":200},{"latitude":"12.984529999999998","longitude":"77.59729999999999","responsecode":200},{"latitude":"12.984439999999998","longitude":"77.59724999999999","responsecode":200},{"latitude":"12.984359999999997","longitude":"77.59731","responsecode":200},{"latitude":"12.984289999999998","longitude":"77.59737","responsecode":200},{"latitude":"12.984189999999998","longitude":"77.5975","responsecode":200},{"latitude":"12.984089999999998","longitude":"77.59765999999999","responsecode":200},{"latitude":"12.984059999999998","longitude":"77.59774999999999","responsecode":200},{"latitude":"12.984039999999998","longitude":"77.59781999999998","responsecode":200},{"latitude":"12.984029999999999","longitude":"77.59787999999999","responsecode":200},{"latitude":"12.984029999999999","longitude":"77.59799","responsecode":200},{"latitude":"12.984049999999998","longitude":"77.59816","responsecode":200},{"latitude":"12.984084999999999","longitude":"77.59832499999999","responsecode":200},{"latitude":"12.984085","longitude":"77.598325","responsecode":200},{"latitude":"12.98409","longitude":"77.59835","responsecode":200},{"latitude":"12.98411","longitude":"77.59845","responsecode":200},{"latitude":"12.984129999999999","longitude":"77.59853","responsecode":200},{"latitude":"12.984199999999998","longitude":"77.59882999999999","responsecode":200},{"latitude":"12.984219999999997","longitude":"77.59900999999999","responsecode":200},{"latitude":"12.984249999999998","longitude":"77.59917999999999","responsecode":200},{"latitude":"12.984339999999998","longitude":"77.59966999999999","responsecode":200},{"latitude":"12.984389999999998","longitude":"77.59996","responsecode":200},{"latitude":"12.984499999999997","longitude":"77.60054","responsecode":200},{"latitude":"12.984539999999997","longitude":"77.60074","responsecode":200},{"latitude":"12.984579999999998","longitude":"77.60098","responsecode":200},{"latitude":"12.984609999999998","longitude":"77.60118000000001","responsecode":200},{"latitude":"12.984629999999997","longitude":"77.60139000000001","responsecode":200},{"latitude":"12.984639999999997","longitude":"77.60163000000001","responsecode":200},{"latitude":"12.984659999999996","longitude":"77.60164000000002","responsecode":200},{"latitude":"12.984669999999996","longitude":"77.60166000000002","responsecode":200},{"latitude":"12.984679999999996","longitude":"77.60169000000002","responsecode":200},{"latitude":"12.984679999999996","longitude":"77.60173000000002","responsecode":200},{"latitude":"12.984669999999996","longitude":"77.60175000000002","responsecode":200},{"latitude":"12.984659999999996","longitude":"77.60177000000003","responsecode":200},{"latitude":"12.984639999999997","longitude":"77.60178000000003","responsecode":200},{"latitude":"12.984599999999997","longitude":"77.60179000000004","responsecode":200},{"latitude":"12.984559999999997","longitude":"77.60178000000003","responsecode":200},{"latitude":"12.984499999999997","longitude":"77.60196000000003","responsecode":200},{"latitude":"12.984459999999997","longitude":"77.60214000000003","responsecode":200},{"latitude":"12.984389999999998","longitude":"77.60249000000003","responsecode":200},{"latitude":"12.984359999999997","longitude":"77.60263000000003","responsecode":200},{"latitude":"12.984249999999998","longitude":"77.60310000000004","responsecode":200},{"latitude":"12.984219999999997","longitude":"77.60321000000005","responsecode":200},{"latitude":"12.984199999999998","longitude":"77.60327000000005","responsecode":200},{"latitude":"12.984179999999999","longitude":"77.60336000000005","responsecode":200},{"latitude":"12.98416","longitude":"77.60343000000005","responsecode":200},{"latitude":"12.98414","longitude":"77.60348000000005","responsecode":200},{"latitude":"12.98412","longitude":"77.60351000000004","responsecode":200},{"latitude":"12.98409","longitude":"77.60354000000004","responsecode":200},{"latitude":"12.98405","longitude":"77.60356000000004","responsecode":200},{"latitude":"12.98397","longitude":"77.60359000000004","responsecode":200},{"latitude":"12.98388","longitude":"77.60361000000005","responsecode":200},{"latitude":"12.983789999999999","longitude":"77.60359000000004","responsecode":200},{"latitude":"12.983619999999998","longitude":"77.60352000000005","responsecode":200},{"latitude":"12.983119999999998","longitude":"77.60337000000004","responsecode":200},{"latitude":"12.982969999999998","longitude":"77.60333000000004","responsecode":200},{"latitude":"12.982869999999998","longitude":"77.60332000000004","responsecode":200},{"latitude":"12.98287","longitude":"77.60332","responsecode":200},{"latitude":"12.98287","longitude":"77.60332","responsecode":200},{"latitude":"12.98287","longitude":"77.60331","responsecode":200},{"latitude":"12.98295","longitude":"77.60297","responsecode":200},{"latitude":"12.98391","longitude":"77.60327","responsecode":200},{"latitude":"12.98391","longitude":"77.60327","responsecode":200},{"latitude":"12.9842","longitude":"77.60327","responsecode":200},{"latitude":"12.98422","longitude":"77.60321","responsecode":200},{"latitude":"12.98422","longitude":"77.60321","responsecode":200},{"latitude":"12.984250000000001","longitude":"77.6031","responsecode":200},{"latitude":"12.98436","longitude":"77.60262999999999","responsecode":200},{"latitude":"12.984390000000001","longitude":"77.60248999999999","responsecode":200},{"latitude":"12.98446","longitude":"77.60213999999999","responsecode":200},{"latitude":"12.9845","longitude":"77.60195999999999","responsecode":200},{"latitude":"12.98456","longitude":"77.60177999999999","responsecode":200},{"latitude":"12.98454","longitude":"77.60175","responsecode":200},{"latitude":"12.984530000000001","longitude":"77.60171","responsecode":200},{"latitude":"12.984530000000001","longitude":"77.60168","responsecode":200},{"latitude":"12.98454","longitude":"77.60165","responsecode":200},{"latitude":"12.984570000000001","longitude":"77.60163","responsecode":200},{"latitude":"12.984560000000002","longitude":"77.6015","responsecode":200},{"latitude":"12.984550000000002","longitude":"77.60135","responsecode":200},{"latitude":"12.984550000000002","longitude":"77.60121","responsecode":200},{"latitude":"12.984530000000003","longitude":"77.60105","responsecode":200},{"latitude":"12.984510000000004","longitude":"77.60091","responsecode":200},{"latitude":"12.984440000000005","longitude":"77.60054","responsecode":200},{"latitude":"12.984330000000005","longitude":"77.59996","responsecode":200},{"latitude":"12.984280000000005","longitude":"77.59967999999999","responsecode":200},{"latitude":"12.984190000000005","longitude":"77.59917999999999","responsecode":200},{"latitude":"12.984160000000005","longitude":"77.59900999999999","responsecode":200},{"latitude":"12.984120000000004","longitude":"77.59877999999999","responsecode":200},{"latitude":"12.984090000000004","longitude":"77.59862","responsecode":200},{"latitude":"12.984070000000004","longitude":"77.59852","responsecode":200},{"latitude":"12.984040000000004","longitude":"77.59839","responsecode":200},{"latitude":"12.984020000000005","longitude":"77.5983","responsecode":200},{"latitude":"12.984000000000005","longitude":"77.59819999999999","responsecode":200},{"latitude":"12.983980000000006","longitude":"77.59808","responsecode":200},{"latitude":"12.983970000000006","longitude":"77.59799","responsecode":200},{"latitude":"12.983970000000006","longitude":"77.59787","responsecode":200},{"latitude":"12.983980000000006","longitude":"77.59778","responsecode":200},{"latitude":"12.984000000000005","longitude":"77.59771","responsecode":200},{"latitude":"12.984030000000006","longitude":"77.59764000000001","responsecode":200},{"latitude":"12.983980000000006","longitude":"77.59754000000001","responsecode":200},{"latitude":"12.983930000000006","longitude":"77.59745000000001","responsecode":200},{"latitude":"12.983908000000007","longitude":"77.59741400000001","responsecode":200},{"latitude":"12.983908","longitude":"77.597414","responsecode":200},{"latitude":"12.98388","longitude":"77.59737","responsecode":200},{"latitude":"12.98381","longitude":"77.59727","responsecode":200},{"latitude":"12.98368","longitude":"77.59711999999999","responsecode":200},{"latitude":"12.98315","longitude":"77.59711999999999","responsecode":200},{"latitude":"12.98296","longitude":"77.59712999999999","responsecode":200},{"latitude":"12.982800000000001","longitude":"77.59712999999999","responsecode":200},{"latitude":"12.982610000000001","longitude":"77.59714","responsecode":200},{"latitude":"12.982410000000002","longitude":"77.59712999999999","responsecode":200},{"latitude":"12.982180000000001","longitude":"77.59710999999999","responsecode":200},{"latitude":"12.98173","longitude":"77.59709999999998","responsecode":200},{"latitude":"12.98165","longitude":"77.59709999999998","responsecode":200},{"latitude":"12.98155","longitude":"77.59710999999999","responsecode":200},{"latitude":"12.98135","longitude":"77.59713999999998","responsecode":200},{"latitude":"12.98123","longitude":"77.59717999999998","responsecode":200},{"latitude":"12.98099","longitude":"77.59729999999998","responsecode":200},{"latitude":"12.98088","longitude":"77.59739999999998","responsecode":200},{"latitude":"12.980730000000001","longitude":"77.59749999999998","responsecode":200},{"latitude":"12.980590000000001","longitude":"77.59757999999998","responsecode":200},{"latitude":"12.98042","longitude":"77.59766999999998","responsecode":200},{"latitude":"12.98004","longitude":"77.59785999999998","responsecode":200},{"latitude":"12.97714","longitude":"77.59914999999998","responsecode":200},{"latitude":"12.977069","longitude":"77.59918899999998","responsecode":200},{"latitude":"12.977069","longitude":"77.599189","responsecode":200},{"latitude":"12.97696","longitude":"77.59925","responsecode":200},{"latitude":"12.97687","longitude":"77.5993","responsecode":200},{"latitude":"12.9768","longitude":"77.59936","responsecode":200},{"latitude":"12.976750000000001","longitude":"77.59942000000001","responsecode":200},{"latitude":"12.97661","longitude":"77.59928000000001","responsecode":200},{"latitude":"12.97647","longitude":"77.5991","responsecode":200},{"latitude":"12.9761","longitude":"77.59862000000001","responsecode":200},{"latitude":"12.975990000000001","longitude":"77.59847","responsecode":200},{"latitude":"12.975760000000001","longitude":"77.59815","responsecode":200},{"latitude":"12.975650000000002","longitude":"77.59799000000001","responsecode":200},{"latitude":"12.975380000000001","longitude":"77.59762","responsecode":200},{"latitude":"12.975050000000001","longitude":"77.59711","responsecode":200},{"latitude":"12.974960000000001","longitude":"77.59698","responsecode":200},{"latitude":"12.97484","longitude":"77.59682000000001","responsecode":200},{"latitude":"12.97467","longitude":"77.59662","responsecode":200},{"latitude":"12.97416","longitude":"77.59603","responsecode":200},{"latitude":"12.973996999999999","longitude":"77.595827","responsecode":200},{"latitude":"12.973997","longitude":"77.595827","responsecode":200},{"latitude":"12.97387","longitude":"77.59567","responsecode":200},{"latitude":"12.97359","longitude":"77.59534","responsecode":200},{"latitude":"12.973469999999999","longitude":"77.59521","responsecode":200},{"latitude":"12.973329999999999","longitude":"77.59508","responsecode":200},{"latitude":"12.97309","longitude":"77.59488999999999","responsecode":200},{"latitude":"12.972389999999999","longitude":"77.59428999999999","responsecode":200},{"latitude":"12.972199999999999","longitude":"77.59411999999999","responsecode":200},{"latitude":"12.972119999999999","longitude":"77.59403999999999","responsecode":200},{"latitude":"12.972059999999999","longitude":"77.59401999999999","responsecode":200},{"latitude":"12.97199","longitude":"77.59399999999998","responsecode":200},{"latitude":"12.97192","longitude":"77.59398999999998","responsecode":200},{"latitude":"12.971770000000001","longitude":"77.59398999999998","responsecode":200},{"latitude":"12.971660000000002","longitude":"77.59400999999998","responsecode":200},{"latitude":"12.971420000000002","longitude":"77.59405999999998","responsecode":200},{"latitude":"12.971130000000002","longitude":"77.59412999999998","responsecode":200},{"latitude":"12.970890000000002","longitude":"77.59417999999998","responsecode":200},{"latitude":"12.970780000000003","longitude":"77.59419999999999","responsecode":200},{"latitude":"12.970640000000003","longitude":"77.59422999999998","responsecode":200},{"latitude":"12.970511000000004","longitude":"77.59425799999998","responsecode":200},{"latitude":"12.970511","longitude":"77.594258","responsecode":200},{"latitude":"12.96975","longitude":"77.59442","responsecode":200},{"latitude":"12.96919","longitude":"77.59455","responsecode":200},{"latitude":"12.96898","longitude":"77.5946","responsecode":200},{"latitude":"12.96886","longitude":"77.59463","responsecode":200},{"latitude":"12.968679999999999","longitude":"77.59467","responsecode":200},{"latitude":"12.96844","longitude":"77.59472","responsecode":200},{"latitude":"12.968079999999999","longitude":"77.59481","responsecode":200},{"latitude":"12.96764","longitude":"77.59491","responsecode":200},{"latitude":"12.96745","longitude":"77.59496","responsecode":200},{"latitude":"12.96739","longitude":"77.59493","responsecode":200},{"latitude":"12.96733","longitude":"77.59488","responsecode":200},{"latitude":"12.96725","longitude":"77.5948","responsecode":200},{"latitude":"12.96719","longitude":"77.59472000000001","responsecode":200},{"latitude":"12.96715","longitude":"77.59465000000002","responsecode":200},{"latitude":"12.96711","longitude":"77.59456000000002","responsecode":200},{"latitude":"12.96738","longitude":"77.59428000000001","responsecode":200},{"latitude":"12.96745","longitude":"77.59420000000001","responsecode":200},{"latitude":"12.96753","longitude":"77.59409000000001","responsecode":200},{"latitude":"12.9676","longitude":"77.59397000000001","responsecode":200},{"latitude":"12.967669999999998","longitude":"77.59383000000001","responsecode":200},{"latitude":"12.967719999999998","longitude":"77.59368","responsecode":200},{"latitude":"12.967769999999998","longitude":"77.59351000000001","responsecode":200},{"latitude":"12.967969999999998","longitude":"77.59271000000001","responsecode":200},{"latitude":"12.967989999999997","longitude":"77.59261000000001","responsecode":200},{"latitude":"12.968059999999996","longitude":"77.59224","responsecode":200},{"latitude":"12.968079999999995","longitude":"77.5921","responsecode":200},{"latitude":"12.968099999999994","longitude":"77.59192","responsecode":200},{"latitude":"12.968099999999994","longitude":"77.59175","responsecode":200},{"latitude":"12.968079999999995","longitude":"77.59157","responsecode":200},{"latitude":"12.968059999999996","longitude":"77.59143","responsecode":200},{"latitude":"12.968019999999996","longitude":"77.59129","responsecode":200},{"latitude":"12.967959999999996","longitude":"77.59113","responsecode":200},{"latitude":"12.967899999999997","longitude":"77.59099","responsecode":200},{"latitude":"12.967839999999997","longitude":"77.59084","responsecode":200},{"latitude":"12.967789999999997","longitude":"77.5907","responsecode":200},{"latitude":"12.967749999999997","longitude":"77.59056","responsecode":200},{"latitude":"12.967719999999996","longitude":"77.5904","responsecode":200},{"latitude":"12.967679999999996","longitude":"77.5901","responsecode":200},{"latitude":"12.967649999999995","longitude":"77.58978","responsecode":200},{"latitude":"12.967619999999995","longitude":"77.58939000000001","responsecode":200},{"latitude":"12.967589999999994","longitude":"77.58923000000001","responsecode":200},{"latitude":"12.967559999999994","longitude":"77.58909000000001","responsecode":200},{"latitude":"12.967509999999994","longitude":"77.58890000000001","responsecode":200},{"latitude":"12.967459999999994","longitude":"77.58876000000001","responsecode":200},{"latitude":"12.967429999999993","longitude":"77.58869000000001","responsecode":200},{"latitude":"12.967369999999994","longitude":"77.58856000000002","responsecode":200},{"latitude":"12.967289999999993","longitude":"77.58841000000001","responsecode":200},{"latitude":"12.967028999999993","longitude":"77.58819500000001","responsecode":200},{"latitude":"12.967029","longitude":"77.588195","responsecode":200},{"latitude":"12.96695","longitude":"77.58812999999999","responsecode":200},{"latitude":"12.96676","longitude":"77.58797","responsecode":200},{"latitude":"12.96663","longitude":"77.58783","responsecode":200},{"latitude":"12.96631","longitude":"77.58752","responsecode":200},{"latitude":"12.96599","longitude":"77.58724","responsecode":200},{"latitude":"12.96567","longitude":"77.58697","responsecode":200},{"latitude":"12.96552","longitude":"77.58684","responsecode":200},{"latitude":"12.96527","longitude":"77.58661","responsecode":200},{"latitude":"12.96494","longitude":"77.58631999999999","responsecode":200},{"latitude":"12.96458","longitude":"77.58596999999999","responsecode":200},{"latitude":"12.96447","longitude":"77.58586999999999","responsecode":200},{"latitude":"12.963840000000001","longitude":"77.58528999999999","responsecode":200},{"latitude":"12.963700000000001","longitude":"77.58461999999999","responsecode":200},{"latitude":"12.96366","longitude":"77.58436999999999","responsecode":200},{"latitude":"12.96362","longitude":"77.58400999999999","responsecode":200},{"latitude":"12.963569000000001","longitude":"77.58374599999999","responsecode":200},{"latitude":"12.963569","longitude":"77.583746","responsecode":200},{"latitude":"12.96349","longitude":"77.58334","responsecode":200},{"latitude":"12.963470000000001","longitude":"77.58299000000001","responsecode":200},{"latitude":"12.963400000000002","longitude":"77.58237000000001","responsecode":200},{"latitude":"12.963390000000002","longitude":"77.58196000000001","responsecode":200},{"latitude":"12.963400000000002","longitude":"77.58173000000001","responsecode":200},{"latitude":"12.963420000000001","longitude":"77.58155000000001","responsecode":200},{"latitude":"12.963460000000001","longitude":"77.58114","responsecode":200},{"latitude":"12.963470000000001","longitude":"77.58107000000001","responsecode":200},{"latitude":"12.96344","longitude":"77.58084000000001","responsecode":200},{"latitude":"12.96344","longitude":"77.58074","responsecode":200},{"latitude":"12.96345","longitude":"77.58058000000001","responsecode":200},{"latitude":"12.96347","longitude":"77.58036000000001","responsecode":200},{"latitude":"12.963519999999999","longitude":"77.57982000000001","responsecode":200},{"latitude":"12.963519999999999","longitude":"77.57959000000001","responsecode":200},{"latitude":"12.963529999999999","longitude":"77.57925000000002","responsecode":200},{"latitude":"12.963539999999998","longitude":"77.57896000000001","responsecode":200},{"latitude":"12.963539999999998","longitude":"77.57891000000001","responsecode":200},{"latitude":"12.963539999999998","longitude":"77.57886","responsecode":200},{"latitude":"12.963549999999998","longitude":"77.57858","responsecode":200},{"latitude":"12.963569999999997","longitude":"77.5784","responsecode":200},{"latitude":"12.963599999999998","longitude":"77.57824000000001","responsecode":200},{"latitude":"12.963639999999998","longitude":"77.57812000000001","responsecode":200},{"latitude":"12.963829999999998","longitude":"77.57766000000001","responsecode":200},{"latitude":"12.963899999999997","longitude":"77.57746","responsecode":200},{"latitude":"12.963929999999998","longitude":"77.57735","responsecode":200},{"latitude":"12.963959999999998","longitude":"77.57723","responsecode":200},{"latitude":"12.963999999999999","longitude":"77.57705","responsecode":200},{"latitude":"12.964049999999999","longitude":"77.5769","responsecode":200},{"latitude":"12.964059999999998","longitude":"77.57683999999999","responsecode":200},{"latitude":"12.96406","longitude":"77.57684","responsecode":200},{"latitude":"12.96406","longitude":"77.57684","responsecode":200},{"latitude":"12.96418","longitude":"77.57653","responsecode":200},{"latitude":"12.96429","longitude":"77.57626","responsecode":200},{"latitude":"12.96456","longitude":"77.57564","responsecode":200},{"latitude":"12.9646","longitude":"77.57552000000001","responsecode":200},{"latitude":"12.964640000000001","longitude":"77.57538000000001","responsecode":200},{"latitude":"12.96466","longitude":"77.57527","responsecode":200},{"latitude":"12.96466","longitude":"77.57516","responsecode":200},{"latitude":"12.96465","longitude":"77.57500999999999","responsecode":200},{"latitude":"12.964630000000001","longitude":"77.57488","responsecode":200},{"latitude":"12.9646","longitude":"77.57468999999999","responsecode":200},{"latitude":"12.964580000000002","longitude":"77.57454999999999","responsecode":200},{"latitude":"12.964480000000002","longitude":"77.57368999999998","responsecode":200},{"latitude":"12.964390000000002","longitude":"77.57267999999999","responsecode":200},{"latitude":"12.964370000000002","longitude":"77.57238","responsecode":200},{"latitude":"12.964350000000003","longitude":"77.57211","responsecode":200},{"latitude":"12.964310000000003","longitude":"77.57168999999999","responsecode":200},{"latitude":"12.964290000000004","longitude":"77.57149999999999","responsecode":200},{"latitude":"12.964250000000003","longitude":"77.57109999999999","responsecode":200},{"latitude":"12.964210000000003","longitude":"77.57057999999999","responsecode":200},{"latitude":"12.964200000000003","longitude":"77.57048999999999","responsecode":200},{"latitude":"12.964180000000004","longitude":"77.57028","responsecode":200},{"latitude":"12.964160000000005","longitude":"77.57014","responsecode":200},{"latitude":"12.964140000000006","longitude":"77.57002","responsecode":200},{"latitude":"12.964120000000007","longitude":"77.56992","responsecode":200},{"latitude":"12.964080000000006","longitude":"77.56979","responsecode":200},{"latitude":"12.964000000000006","longitude":"77.56951","responsecode":200},{"latitude":"12.963910000000006","longitude":"77.56922999999999","responsecode":200},{"latitude":"12.963600000000005","longitude":"77.56840999999999","responsecode":200},{"latitude":"12.963470000000004","longitude":"77.56807999999998","responsecode":200},{"latitude":"12.963420000000005","longitude":"77.56795999999999","responsecode":200},{"latitude":"12.963338000000004","longitude":"77.56778599999998","responsecode":200},{"latitude":"12.963338","longitude":"77.567786","responsecode":200},{"latitude":"12.9632","longitude":"77.56748999999999","responsecode":200},{"latitude":"12.96311","longitude":"77.56725999999999","responsecode":200},{"latitude":"12.96299","longitude":"77.56692999999999","responsecode":200},{"latitude":"12.962909999999999","longitude":"77.56667999999999","responsecode":200},{"latitude":"12.962789999999998","longitude":"77.56622999999999","responsecode":200},{"latitude":"12.96272","longitude":"77.56598999999999","responsecode":200},{"latitude":"12.96248","longitude":"77.56520999999998","responsecode":200},{"latitude":"12.962439999999999","longitude":"77.56506999999998","responsecode":200},{"latitude":"12.96242","longitude":"77.56500999999997","responsecode":200},{"latitude":"12.96236","longitude":"77.56480999999997","responsecode":200},{"latitude":"12.96232","longitude":"77.56468999999997","responsecode":200},{"latitude":"12.96222","longitude":"77.56443999999998","responsecode":200},{"latitude":"12.96216","longitude":"77.56426999999998","responsecode":200},{"latitude":"12.962100000000001","longitude":"77.56411999999997","responsecode":200},{"latitude":"12.962040000000002","longitude":"77.56398999999998","responsecode":200},{"latitude":"12.961910000000001","longitude":"77.56366999999997","responsecode":200},{"latitude":"12.961780000000001","longitude":"77.56329999999997","responsecode":200},{"latitude":"12.961720000000001","longitude":"77.56310999999997","responsecode":200},{"latitude":"12.961640000000001","longitude":"77.56279999999997","responsecode":200},{"latitude":"12.961570000000002","longitude":"77.56245999999997","responsecode":200},{"latitude":"12.961510000000002","longitude":"77.56203999999997","responsecode":200},{"latitude":"12.961490000000003","longitude":"77.56118999999997","responsecode":200},{"latitude":"12.961450000000003","longitude":"77.56072999999996","responsecode":200},{"latitude":"12.961390000000003","longitude":"77.56036999999996","responsecode":200},{"latitude":"12.961320000000004","longitude":"77.56000999999996","responsecode":200},{"latitude":"12.961250000000005","longitude":"77.55971999999996","responsecode":200},{"latitude":"12.961190000000006","longitude":"77.55945999999996","responsecode":200},{"latitude":"12.961140000000006","longitude":"77.55920999999996","responsecode":200},{"latitude":"12.961110000000005","longitude":"77.55907999999997","responsecode":200},{"latitude":"12.961070000000005","longitude":"77.55890999999997","responsecode":200},{"latitude":"12.960960000000005","longitude":"77.55840999999997","responsecode":200},{"latitude":"12.960930000000005","longitude":"77.55826999999996","responsecode":200},{"latitude":"12.960890000000004","longitude":"77.55812999999996","responsecode":200},{"latitude":"12.960820000000005","longitude":"77.55795999999997","responsecode":200},{"latitude":"12.960770000000005","longitude":"77.55783999999997","responsecode":200},{"latitude":"12.960700000000006","longitude":"77.55769999999997","responsecode":200},{"latitude":"12.960650000000006","longitude":"77.55759999999997","responsecode":200},{"latitude":"12.960620000000006","longitude":"77.55753999999996","responsecode":200},{"latitude":"12.960590000000005","longitude":"77.55745999999996","responsecode":200},{"latitude":"12.960590000000005","longitude":"77.55734999999996","responsecode":200},{"latitude":"12.960520000000006","longitude":"77.55724999999995","responsecode":200},{"latitude":"12.960400000000005","longitude":"77.55706999999995","responsecode":200},{"latitude":"12.960312000000005","longitude":"77.55693799999996","responsecode":200},{"latitude":"12.960312","longitude":"77.556938","responsecode":200},{"latitude":"12.960280000000001","longitude":"77.55689","responsecode":200},{"latitude":"12.960130000000001","longitude":"77.55671","responsecode":200},{"latitude":"12.959920000000002","longitude":"77.55641999999999","responsecode":200},{"latitude":"12.959840000000002","longitude":"77.55630999999998","responsecode":200},{"latitude":"12.959790000000002","longitude":"77.55623999999999","responsecode":200},{"latitude":"12.959740000000002","longitude":"77.55617999999998","responsecode":200},{"latitude":"12.959630000000002","longitude":"77.55604999999998","responsecode":200},{"latitude":"12.959560000000003","longitude":"77.55597999999999","responsecode":200},{"latitude":"12.959480000000003","longitude":"77.5559","responsecode":200},{"latitude":"12.959380000000003","longitude":"77.55582","responsecode":200},{"latitude":"12.959260000000002","longitude":"77.55574","responsecode":200},{"latitude":"12.959120000000002","longitude":"77.55565","responsecode":200},{"latitude":"12.958990000000002","longitude":"77.55557","responsecode":200},{"latitude":"12.958860000000001","longitude":"77.55548","responsecode":200},{"latitude":"12.95874","longitude":"77.55539","responsecode":200},{"latitude":"12.958670000000001","longitude":"77.55534","responsecode":200},{"latitude":"12.958600000000002","longitude":"77.55527000000001","responsecode":200},{"latitude":"12.958520000000002","longitude":"77.55518000000001","responsecode":200},{"latitude":"12.958460000000002","longitude":"77.55511000000001","responsecode":200},{"latitude":"12.958380000000002","longitude":"77.555","responsecode":200},{"latitude":"12.958300000000001","longitude":"77.55488000000001","responsecode":200},{"latitude":"12.958250000000001","longitude":"77.55478000000001","responsecode":200},{"latitude":"12.958190000000002","longitude":"77.55466000000001","responsecode":200},{"latitude":"12.958130000000002","longitude":"77.55452000000001","responsecode":200},{"latitude":"12.958080000000002","longitude":"77.55438000000001","responsecode":200},{"latitude":"12.958010000000003","longitude":"77.55415","responsecode":200},{"latitude":"12.957920000000003","longitude":"77.55384000000001","responsecode":200},{"latitude":"12.957820000000003","longitude":"77.55354000000001","responsecode":200},{"latitude":"12.957710000000004","longitude":"77.55324000000002","responsecode":200},{"latitude":"12.957691000000004","longitude":"77.55318600000001","responsecode":200},{"latitude":"12.957691","longitude":"77.553186","responsecode":200},{"latitude":"12.95761","longitude":"77.55295","responsecode":200},{"latitude":"12.95747","longitude":"77.55251","responsecode":200},{"latitude":"12.957360000000001","longitude":"77.55217","responsecode":200},{"latitude":"12.957320000000001","longitude":"77.55204","responsecode":200},{"latitude":"12.957270000000001","longitude":"77.55192000000001","responsecode":200},{"latitude":"12.957210000000002","longitude":"77.55171000000001","responsecode":200},{"latitude":"12.957110000000002","longitude":"77.55135000000001","responsecode":200},{"latitude":"12.957040000000003","longitude":"77.55112000000001","responsecode":200},{"latitude":"12.957000000000003","longitude":"77.55098000000001","responsecode":200},{"latitude":"12.956970000000002","longitude":"77.55086000000001","responsecode":200},{"latitude":"12.956940000000001","longitude":"77.55074000000002","responsecode":200},{"latitude":"12.956890000000001","longitude":"77.55044000000002","responsecode":200},{"latitude":"12.95681","longitude":"77.55001000000003","responsecode":200},{"latitude":"12.95677","longitude":"77.54979000000003","responsecode":200},{"latitude":"12.95674","longitude":"77.54956000000003","responsecode":200},{"latitude":"12.95666","longitude":"77.54896000000002","responsecode":200},{"latitude":"12.95665","longitude":"77.54888000000003","responsecode":200},{"latitude":"12.9566","longitude":"77.54860000000002","responsecode":200},{"latitude":"12.95658","longitude":"77.54847000000002","responsecode":200},{"latitude":"12.95646","longitude":"77.54781000000003","responsecode":200},{"latitude":"12.956424","longitude":"77.54760700000003","responsecode":200},{"latitude":"12.956424","longitude":"77.547607","responsecode":200},{"latitude":"12.95635","longitude":"77.54719","responsecode":200},{"latitude":"12.95631","longitude":"77.54704","responsecode":200},{"latitude":"12.95628","longitude":"77.54693999999999","responsecode":200},{"latitude":"12.95626","longitude":"77.54687","responsecode":200},{"latitude":"12.95622","longitude":"77.54678","responsecode":200},{"latitude":"12.95613","longitude":"77.54661","responsecode":200},{"latitude":"12.95608","longitude":"77.54651","responsecode":200},{"latitude":"12.95599","longitude":"77.54634","responsecode":200},{"latitude":"12.95591","longitude":"77.54621","responsecode":200},{"latitude":"12.95581","longitude":"77.54602","responsecode":200},{"latitude":"12.9557","longitude":"77.54584","responsecode":200},{"latitude":"12.95561","longitude":"77.54568","responsecode":200},{"latitude":"12.95553","longitude":"77.54554","responsecode":200},{"latitude":"12.9554","longitude":"77.54535","responsecode":200},{"latitude":"12.955319999999999","longitude":"77.54523","responsecode":200},{"latitude":"12.955229999999998","longitude":"77.54511000000001","responsecode":200},{"latitude":"12.955109999999998","longitude":"77.54495000000001","responsecode":200},{"latitude":"12.954919999999998","longitude":"77.54470000000002","responsecode":200},{"latitude":"12.954729999999998","longitude":"77.54447000000002","responsecode":200},{"latitude":"12.954609999999997","longitude":"77.54433000000002","responsecode":200},{"latitude":"12.954399999999998","longitude":"77.54412000000002","responsecode":200},{"latitude":"12.954279999999997","longitude":"77.54399000000002","responsecode":200},{"latitude":"12.954199999999997","longitude":"77.54389000000002","responsecode":200},{"latitude":"12.954129999999997","longitude":"77.54378000000001","responsecode":200},{"latitude":"12.954059999999998","longitude":"77.54368000000001","responsecode":200},{"latitude":"12.95399","longitude":"77.54356000000001","responsecode":200},{"latitude":"12.953909999999999","longitude":"77.54339000000002","responsecode":200},{"latitude":"12.95385","longitude":"77.54324000000001","responsecode":200},{"latitude":"12.9538","longitude":"77.54311000000001","responsecode":200},{"latitude":"12.9538","longitude":"77.54311","responsecode":200},{"latitude":"12.9538","longitude":"77.54311","responsecode":200},{"latitude":"12.953759999999999","longitude":"77.54299","responsecode":200},{"latitude":"12.953679999999999","longitude":"77.54276","responsecode":200},{"latitude":"12.953589999999998","longitude":"77.54254","responsecode":200},{"latitude":"12.953539999999998","longitude":"77.54244","responsecode":200},{"latitude":"12.953489999999999","longitude":"77.54235","responsecode":200},{"latitude":"12.953449999999998","longitude":"77.54228","responsecode":200},{"latitude":"12.953389999999999","longitude":"77.54219","responsecode":200},{"latitude":"12.95332","longitude":"77.54211000000001","responsecode":200},{"latitude":"12.95323","longitude":"77.54202000000001","responsecode":200},{"latitude":"12.953149999999999","longitude":"77.54194000000001","responsecode":200},{"latitude":"12.95308","longitude":"77.54186000000001","responsecode":200},{"latitude":"12.95302","longitude":"77.54178000000002","responsecode":200},{"latitude":"12.952960000000001","longitude":"77.54170000000002","responsecode":200},{"latitude":"12.952910000000001","longitude":"77.54163000000003","responsecode":200},{"latitude":"12.952860000000001","longitude":"77.54156000000003","responsecode":200},{"latitude":"12.95278","longitude":"77.54147000000003","responsecode":200},{"latitude":"12.95264","longitude":"77.54136000000003","responsecode":200},{"latitude":"12.9526","longitude":"77.54133000000003","responsecode":200},{"latitude":"12.95257","longitude":"77.54130000000004","responsecode":200},{"latitude":"12.95252","longitude":"77.54124000000003","responsecode":200},{"latitude":"12.95246","longitude":"77.54116000000003","responsecode":200},{"latitude":"12.9522","longitude":"77.54073000000004","responsecode":200},{"latitude":"12.952079999999999","longitude":"77.54054000000004","responsecode":200},{"latitude":"12.951979999999999","longitude":"77.54039000000003","responsecode":200},{"latitude":"12.951849999999999","longitude":"77.54020000000003","responsecode":200},{"latitude":"12.951749999999999","longitude":"77.54006000000003","responsecode":200},{"latitude":"12.95169","longitude":"77.53998000000003","responsecode":200},{"latitude":"12.95162","longitude":"77.53989000000003","responsecode":200},{"latitude":"12.95147","longitude":"77.53967000000003","responsecode":200},{"latitude":"12.95128","longitude":"77.53940000000003","responsecode":200},{"latitude":"12.9512","longitude":"77.53928000000003","responsecode":200},{"latitude":"12.95115","longitude":"77.53919000000003","responsecode":200},{"latitude":"12.95107","longitude":"77.53904000000003","responsecode":200},{"latitude":"12.95101","longitude":"77.53890000000003","responsecode":200},{"latitude":"12.95095","longitude":"77.53875000000002","responsecode":200},{"latitude":"12.95091","longitude":"77.53863000000003","responsecode":200},{"latitude":"12.95086","longitude":"77.53848000000002","responsecode":200},{"latitude":"12.950790000000001","longitude":"77.53831000000002","responsecode":200},{"latitude":"12.950730000000002","longitude":"77.53816000000002","responsecode":200},{"latitude":"12.950680000000002","longitude":"77.53807000000002","responsecode":200},{"latitude":"12.950620000000002","longitude":"77.53799000000002","responsecode":200},{"latitude":"12.950630000000002","longitude":"77.53773000000002","responsecode":200},{"latitude":"12.950656000000002","longitude":"77.53767800000003","responsecode":200},{"latitude":"12.950656","longitude":"77.537678","responsecode":200},{"latitude":"12.950656","longitude":"77.537678","responsecode":200},{"latitude":"12.95066","longitude":"77.53768","responsecode":200},{"latitude":"12.951","longitude":"77.53742","responsecode":200},{"latitude":"12.95137","longitude":"77.53723","responsecode":200},{"latitude":"12.951377","longitude":"77.537249","responsecode":200},{"latitude":"12.951590000000001","longitude":"77.53716","responsecode":200},{"latitude":"12.951950000000002","longitude":"77.53704","responsecode":200},{"latitude":"12.952310000000002","longitude":"77.53691","responsecode":200},{"latitude":"12.952480000000003","longitude":"77.53686","responsecode":200},{"latitude":"12.952710000000003","longitude":"77.53679000000001","responsecode":200},{"latitude":"12.952960000000003","longitude":"77.53667000000002","responsecode":200},{"latitude":"12.953060000000002","longitude":"77.53662000000001","responsecode":200},{"latitude":"12.953150000000003","longitude":"77.53657000000001","responsecode":200},{"latitude":"12.953230000000003","longitude":"77.53652000000001","responsecode":200},{"latitude":"12.953310000000004","longitude":"77.53646","responsecode":200},{"latitude":"12.953370000000003","longitude":"77.53641","responsecode":200},{"latitude":"12.953580000000002","longitude":"77.53623","responsecode":200},{"latitude":"12.953780000000002","longitude":"77.53603","responsecode":200},{"latitude":"12.953980000000001","longitude":"77.53584","responsecode":200},{"latitude":"12.954100000000002","longitude":"77.53572999999999","responsecode":200},{"latitude":"12.954270000000003","longitude":"77.53554999999999","responsecode":200},{"latitude":"12.954400000000003","longitude":"77.53541999999999","responsecode":200},{"latitude":"12.954540000000003","longitude":"77.53527999999999","responsecode":200},{"latitude":"12.954860000000004","longitude":"77.53496999999999","responsecode":200},{"latitude":"12.955050000000004","longitude":"77.53482999999999","responsecode":200},{"latitude":"12.955180000000004","longitude":"77.53475999999999","responsecode":200},{"latitude":"12.955310000000004","longitude":"77.53469999999999","responsecode":200},{"latitude":"12.955480000000005","longitude":"77.53463999999998","responsecode":200},{"latitude":"12.955660000000005","longitude":"77.53458999999998","responsecode":200},{"latitude":"12.956150000000004","longitude":"77.53445999999998","responsecode":200},{"latitude":"12.956620000000004","longitude":"77.53436999999998","responsecode":200},{"latitude":"12.956760000000004","longitude":"77.53432999999998","responsecode":200},{"latitude":"12.956890000000005","longitude":"77.53428999999998","responsecode":200},{"latitude":"12.957060000000006","longitude":"77.53421999999999","responsecode":200},{"latitude":"12.957660000000006","longitude":"77.53397","responsecode":200},{"latitude":"12.957896000000005","longitude":"77.53386499999999","responsecode":200},{"latitude":"12.957896","longitude":"77.533865","responsecode":200},{"latitude":"12.95793","longitude":"77.53385","responsecode":200},{"latitude":"12.95811","longitude":"77.53378000000001","responsecode":200},{"latitude":"12.95845","longitude":"77.53363","responsecode":200},{"latitude":"12.958839999999999","longitude":"77.53346","responsecode":200},{"latitude":"12.959079999999998","longitude":"77.53336","responsecode":200},{"latitude":"12.959269999999998","longitude":"77.53328","responsecode":200},{"latitude":"12.959569999999998","longitude":"77.53316000000001","responsecode":200},{"latitude":"12.959709999999998","longitude":"77.5331","responsecode":200},{"latitude":"12.959839999999998","longitude":"77.53305","responsecode":200},{"latitude":"12.959939999999998","longitude":"77.53303","responsecode":200},{"latitude":"12.960029999999998","longitude":"77.53300999999999","responsecode":200},{"latitude":"12.960017999999998","longitude":"77.53289899999999","responsecode":200},{"latitude":"12.960018","longitude":"77.532899","responsecode":200},{"latitude":"12.95999","longitude":"77.53264","responsecode":200},{"latitude":"12.95998","longitude":"77.53251","responsecode":200},{"latitude":"12.95996","longitude":"77.5323","responsecode":200},{"latitude":"12.959950000000001","longitude":"77.53203","responsecode":200},{"latitude":"12.959930000000002","longitude":"77.53184","responsecode":200},{"latitude":"12.959930000000002","longitude":"77.53164","responsecode":200},{"latitude":"12.959960000000002","longitude":"77.53144999999999","responsecode":200},{"latitude":"12.960040000000003","longitude":"77.53124999999999","responsecode":200},{"latitude":"12.960190000000003","longitude":"77.53089999999999","responsecode":200},{"latitude":"12.96019","longitude":"77.5309","responsecode":200},{"latitude":"12.96019","longitude":"77.5309","responsecode":200},{"latitude":"12.96025","longitude":"77.53074000000001","responsecode":200},{"latitude":"12.96035","longitude":"77.53041","responsecode":200},{"latitude":"12.96042","longitude":"77.53015","responsecode":200},{"latitude":"12.960489999999998","longitude":"77.52987","responsecode":200},{"latitude":"12.960509999999998","longitude":"77.52976","responsecode":200},{"latitude":"12.960539999999998","longitude":"77.52960999999999","responsecode":200},{"latitude":"12.960339999999999","longitude":"77.52953","responsecode":200},{"latitude":"12.960297999999998","longitude":"77.52951499999999","responsecode":200},{"latitude":"12.960298","longitude":"77.529515","responsecode":200},{"latitude":"12.95948","longitude":"77.52922000000001","responsecode":200},{"latitude":"12.95905","longitude":"77.52906000000002","responsecode":200},{"latitude":"12.95887","longitude":"77.52900000000001","responsecode":200},{"latitude":"12.95876","longitude":"77.52896000000001","responsecode":200},{"latitude":"12.95812","longitude":"77.52876","responsecode":200},{"latitude":"12.958037999999998","longitude":"77.528734","responsecode":200},{"latitude":"12.958038","longitude":"77.528734","responsecode":200},{"latitude":"12.95793","longitude":"77.5287","responsecode":200},{"latitude":"12.957749999999999","longitude":"77.52864","responsecode":200},{"latitude":"12.957569999999999","longitude":"77.52859","responsecode":200},{"latitude":"12.957119999999998","longitude":"77.52843","responsecode":200},{"latitude":"12.957019999999998","longitude":"77.52838","responsecode":200},{"latitude":"12.957289999999999","longitude":"77.52806","responsecode":200},{"latitude":"12.95751","longitude":"77.52777999999999","responsecode":200},{"latitude":"12.95763","longitude":"77.52757999999999","responsecode":200},{"latitude":"12.957699999999999","longitude":"77.52746999999998","responsecode":200},{"latitude":"12.957769999999998","longitude":"77.52733999999998","responsecode":200},{"latitude":"12.957809999999998","longitude":"77.52724999999998","responsecode":200},{"latitude":"12.95793","longitude":"77.52697999999998","responsecode":200},{"latitude":"12.958089999999999","longitude":"77.52663999999999","responsecode":200},{"latitude":"12.958158","longitude":"77.52650399999999","responsecode":200},{"latitude":"12.958158","longitude":"77.526504","responsecode":200},{"latitude":"12.95825","longitude":"77.52632","responsecode":200},{"latitude":"12.958319999999999","longitude":"77.52635","responsecode":200},{"latitude":"12.958179999999999","longitude":"77.52665999999999","responsecode":200},{"latitude":"12.95788","longitude":"77.52726999999999","responsecode":200},{"latitude":"12.95783","longitude":"77.52736999999999","responsecode":200},{"latitude":"12.95776","longitude":"77.52749999999999","responsecode":200},{"latitude":"12.95767","longitude":"77.52763999999999","responsecode":200},{"latitude":"12.95756","longitude":"77.52779999999998","responsecode":200},{"latitude":"12.957310000000001","longitude":"77.52818999999998","responsecode":200},{"latitude":"12.957120000000002","longitude":"77.52842999999999","responsecode":200},{"latitude":"12.956940000000001","longitude":"77.52861999999999","responsecode":200},{"latitude":"12.956850000000001","longitude":"77.52864999999998","responsecode":200},{"latitude":"12.955250000000001","longitude":"77.52811999999999","responsecode":200},{"latitude":"12.95484","longitude":"77.52796999999998","responsecode":200},{"latitude":"12.95452","longitude":"77.52783999999998","responsecode":200},{"latitude":"12.954310000000001","longitude":"77.52776999999999","responsecode":200},{"latitude":"12.954120000000001","longitude":"77.52770999999998","responsecode":200},{"latitude":"12.953880000000002","longitude":"77.52761999999998","responsecode":200},{"latitude":"12.953680000000002","longitude":"77.52754999999999","responsecode":200},{"latitude":"12.953570000000003","longitude":"77.52752","responsecode":200},{"latitude":"12.953350000000002","longitude":"77.52745999999999","responsecode":200},{"latitude":"12.953150000000003","longitude":"77.52740999999999","responsecode":200},{"latitude":"12.952950000000003","longitude":"77.52736999999999","responsecode":200},{"latitude":"12.952710000000003","longitude":"77.52732999999999","responsecode":200},{"latitude":"12.952270000000004","longitude":"77.52723999999999","responsecode":200},{"latitude":"12.952070000000004","longitude":"77.5272","responsecode":200},{"latitude":"12.951870000000005","longitude":"77.52717","responsecode":200},{"latitude":"12.951810000000005","longitude":"77.52716","responsecode":200},{"latitude":"12.951630000000005","longitude":"77.52713999999999","responsecode":200},{"latitude":"12.951410000000005","longitude":"77.52711","responsecode":200},{"latitude":"12.951340000000005","longitude":"77.52709999999999","responsecode":200},{"latitude":"12.951200000000005","longitude":"77.52707","responsecode":200},{"latitude":"12.950960000000006","longitude":"77.52703","responsecode":200},{"latitude":"12.950700000000005","longitude":"77.52699","responsecode":200},{"latitude":"12.950490000000006","longitude":"77.52695","responsecode":200},{"latitude":"12.950250000000006","longitude":"77.52691","responsecode":200},{"latitude":"12.950100000000006","longitude":"77.52688","responsecode":200},{"latitude":"12.949990000000007","longitude":"77.52686","responsecode":200},{"latitude":"12.949790000000007","longitude":"77.52682","responsecode":200},{"latitude":"12.949680000000008","longitude":"77.5268","responsecode":200},{"latitude":"12.949655000000007","longitude":"77.52679699999999","responsecode":200},{"latitude":"12.949655","longitude":"77.526797","responsecode":200},{"latitude":"12.949655","longitude":"77.526797","responsecode":200}],"Message":"Success","Issuccess":true,"exception":null,"RowCount":1083,"responsecode":200}