{"up":{"data":[],"mapData":[]},"down":{"data":[{"routeid":2870,"stationid":22043,"stationname":"Hoskerehalli","from":"Hoskerehalli","to":"Shivajinagara Bus Station","routeno":"13-J","distance_on_station":0,"centerlat":12.93078,"centerlong":77.53967,"responsecode":200,"isnotify":0,"vehicleDetails":[{"vehicleid":19468,"vehiclenumber":"KA57F1343","servicetypeid":72,"servicetype":"Non AC/Ordinary","centerlat":12.918009,"centerlong":77.573624,"eta":"","sch_arrivaltime":"12:15","sch_departuretime":"12:15","actual_arrivaltime":"","actual_departuretime":"","sch_tripstarttime":"12:15","sch_tripendtime":"12:15","lastlocationid":0,"currentlocationid":20621,"nextlocationid":0,"currentstop":null,"nextstop":null,"laststop":null,"stopCoveredStatus":1,"heading":174,"lastrefreshon":"30-08-2024 12:54:46","lastreceiveddatetimeflag":0,"tripposition":1}]},{"routeid":2870,"stationid":20844,"stationname":"Hosakerehalli Petrol Bunk","from":"Hoskerehalli","to":"Shivajinagara Bus Station","routeno":"13-J","distance_on_station":0.609,"centerlat":12.9337,"centerlong":77.53936,"responsecode":200,"isnotify":0,"vehicleDetails":[{"vehicleid":19468,"vehiclenumber":"KA57F1343","servicetypeid":72,"servicetype":"Non AC/Ordinary","centerlat":12.918009,"centerlong":77.573624,"eta":"","sch_arrivaltime":"12:17","sch_departuretime":"12:17","actual_arrivaltime":"","actual_departuretime":"","sch_tripstarttime":"12:15","sch_tripendtime":"12:15","lastlocationid":0,"currentlocationid":20621,"nextlocationid":0,"currentstop":null,"nextstop":null,"laststop":null,"stopCoveredStatus":1,"heading":174,"lastrefreshon":"30-08-2024 12:54:46","lastreceiveddatetimeflag":0,"tripposition":3}]},{"routeid":2870,"stationid":20842,"stationname":"Hosakerehalli  Junction","from":"Hoskerehalli","to":"Shivajinagara Bus Station","routeno":"13-J","distance_on_station":1.074,"centerlat":12.93043,"centerlong":77.54361,"responsecode":200,"isnotify":0,"vehicleDetails":[{"vehicleid":19468,"vehiclenumber":"KA57F1343","servicetypeid":72,"servicetype":"Non AC/Ordinary","centerlat":12.918009,"centerlong":77.573624,"eta":"","sch_arrivaltime":"12:18","sch_departuretime":"12:18","actual_arrivaltime":"","actual_departuretime":"","sch_tripstarttime":"12:15","sch_tripendtime":"12:15","lastlocationid":0,"currentlocationid":20621,"nextlocationid":0,"currentstop":null,"nextstop":null,"laststop":null,"stopCoveredStatus":1,"heading":174,"lastrefreshon":"30-08-2024 12:54:46","lastreceiveddatetimeflag":0,"tripposition":3}]},{"routeid":2870,"stationid":20875,"stationname":"Janatha Bazar  Banashankari","from":"Hoskerehalli","to":"Shivajinagara Bus Station","routeno":"13-J","distance_on_station":1.425,"centerlat":12.92839,"centerlong":77.54594,"responsecode":200,"isnotify":0,"vehicleDetails":[{"vehicleid":19468,"vehiclenumber":"KA57F1343","servicetypeid":72,"servicetype":"Non AC/Ordinary","centerlat":12.918009,"centerlong":77.573624,"eta":"","sch_arrivaltime":"12:19","sch_departuretime":"12:19","actual_arrivaltime":"12:33","actual_departuretime":"12:33","sch_tripstarttime":"12:15","sch_tripendtime":"12:15","lastlocationid":0,"currentlocationid":20621,"nextlocationid":0,"currentstop":null,"nextstop":null,"laststop":null,"stopCoveredStatus":1,"heading":174,"lastrefreshon":"30-08-2024 12:54:46","lastreceiveddatetimeflag":0,"tripposition":1}]},{"routeid":2870,"stationid":20916,"stationname":"Kathriguppe","from":"Hoskerehalli","to":"Shivajinagara Bus Station","routeno":"13-J","distance_on_station":2.014,"centerlat":12.92534,"centerlong":77.55021,"responsecode":200,"isnotify":0,"vehicleDetails":[{"vehicleid":19468,"vehiclenumber":"KA57F1343","servicetypeid":72,"servicetype":"Non AC/Ordinary","centerlat":12.918009,"centerlong":77.573624,"eta":"","sch_arrivaltime":"12:21","sch_departuretime":"12:21","actual_arrivaltime":"12:36","actual_departuretime":"12:36","sch_tripstarttime":"12:15","sch_tripendtime":"12:15","lastlocationid":0,"currentlocationid":20621,"nextlocationid":0,"currentstop":null,"nextstop":null,"laststop":null,"stopCoveredStatus":1,"heading":174,"lastrefreshon":"30-08-2024 12:54:46","lastreceiveddatetimeflag":0,"tripposition":1}]},{"routeid":2870,"stationid":35773,"stationname":"Kamakya Talkies","from":"Hoskerehalli","to":"Shivajinagara Bus Station","routeno":"13-J","distance_on_station":2.479,"centerlat":12.92382,"centerlong":77.55393,"responsecode":200,"isnotify":0,"vehicleDetails":[{"vehicleid":19468,"vehiclenumber":"KA57F1343","servicetypeid":72,"servicetype":"Non AC/Ordinary","centerlat":12.918009,"centerlong":77.573624,"eta":"","sch_arrivaltime":"12:22","sch_departuretime":"12:22","actual_arrivaltime":"12:38","actual_departuretime":"12:39","sch_tripstarttime":"12:15","sch_tripendtime":"12:15","lastlocationid":0,"currentlocationid":20621,"nextlocationid":0,"currentstop":null,"nextstop":null,"laststop":null,"stopCoveredStatus":1,"heading":174,"lastrefreshon":"30-08-2024 12:54:46","lastreceiveddatetimeflag":0,"tripposition":1}]},{"routeid":2870,"stationid":20755,"stationname":"Devegowda Petrol Bunk","from":"Hoskerehalli","to":"Shivajinagara Bus Station","routeno":"13-J","distance_on_station":3.243,"centerlat":12.92189,"centerlong":77.56058,"responsecode":200,"isnotify":0,"vehicleDetails":[{"vehicleid":19468,"vehiclenumber":"KA57F1343","servicetypeid":72,"servicetype":"Non AC/Ordinary","centerlat":12.918009,"centerlong":77.573624,"eta":"","sch_arrivaltime":"12:23","sch_departuretime":"12:23","actual_arrivaltime":"","actual_departuretime":"","sch_tripstarttime":"12:15","sch_tripendtime":"12:15","lastlocationid":0,"currentlocationid":20621,"nextlocationid":0,"currentstop":null,"nextstop":null,"laststop":null,"stopCoveredStatus":1,"heading":174,"lastrefreshon":"30-08-2024 12:54:46","lastreceiveddatetimeflag":0,"tripposition":3}]},{"routeid":2870,"stationid":20898,"stationname":"Kadirenahalli Park","from":"Hoskerehalli","to":"Shivajinagara Bus Station","routeno":"13-J","distance_on_station":3.925,"centerlat":12.91768,"centerlong":77.56453,"responsecode":200,"isnotify":0,"vehicleDetails":[{"vehicleid":19468,"vehiclenumber":"KA57F1343","servicetypeid":72,"servicetype":"Non AC/Ordinary","centerlat":12.918009,"centerlong":77.573624,"eta":"","sch_arrivaltime":"12:24","sch_departuretime":"12:24","actual_arrivaltime":"12:41","actual_departuretime":"12:41","sch_tripstarttime":"12:15","sch_tripendtime":"12:15","lastlocationid":0,"currentlocationid":20621,"nextlocationid":0,"currentstop":null,"nextstop":null,"laststop":null,"stopCoveredStatus":1,"heading":174,"lastrefreshon":"30-08-2024 12:54:46","lastreceiveddatetimeflag":0,"tripposition":1}]},{"routeid":2870,"stationid":20896,"stationname":"Kadirenahalli Cross","from":"Hoskerehalli","to":"Shivajinagara Bus Station","routeno":"13-J","distance_on_station":4.431,"centerlat":12.91391,"centerlong":77.56657,"responsecode":200,"isnotify":0,"vehicleDetails":[{"vehicleid":19468,"vehiclenumber":"KA57F1343","servicetypeid":72,"servicetype":"Non AC/Ordinary","centerlat":12.918009,"centerlong":77.573624,"eta":"","sch_arrivaltime":"12:25","sch_departuretime":"12:25","actual_arrivaltime":"12:42","actual_departuretime":"12:43","sch_tripstarttime":"12:15","sch_tripendtime":"12:15","lastlocationid":0,"currentlocationid":20621,"nextlocationid":0,"currentstop":null,"nextstop":null,"laststop":null,"stopCoveredStatus":1,"heading":174,"lastrefreshon":"30-08-2024 12:54:46","lastreceiveddatetimeflag":0,"tripposition":1}]},{"routeid":2870,"stationid":23642,"stationname":"Yarab Nagara","from":"Hoskerehalli","to":"Shivajinagara Bus Station","routeno":"13-J","distance_on_station":4.916,"centerlat":12.91628,"centerlong":77.56917,"responsecode":200,"isnotify":0,"vehicleDetails":[{"vehicleid":19468,"vehiclenumber":"KA57F1343","servicetypeid":72,"servicetype":"Non AC/Ordinary","centerlat":12.918009,"centerlong":77.573624,"eta":"","sch_arrivaltime":"12:26","sch_departuretime":"12:26","actual_arrivaltime":"12:44","actual_departuretime":"12:44","sch_tripstarttime":"12:15","sch_tripendtime":"12:15","lastlocationid":0,"currentlocationid":20621,"nextlocationid":0,"currentstop":null,"nextstop":null,"laststop":null,"stopCoveredStatus":1,"heading":174,"lastrefreshon":"30-08-2024 12:54:46","lastreceiveddatetimeflag":0,"tripposition":1}]},{"routeid":2870,"stationid":35188,"stationname":"Kaveri Nagara","from":"Hoskerehalli","to":"Shivajinagara Bus Station","routeno":"13-J","distance_on_station":5.34,"centerlat":12.91974,"centerlong":77.5692,"responsecode":200,"isnotify":0,"vehicleDetails":[{"vehicleid":19468,"vehiclenumber":"KA57F1343","servicetypeid":72,"servicetype":"Non AC/Ordinary","centerlat":12.918009,"centerlong":77.573624,"eta":"","sch_arrivaltime":"12:27","sch_departuretime":"12:27","actual_arrivaltime":"12:45","actual_departuretime":"12:45","sch_tripstarttime":"12:15","sch_tripendtime":"12:15","lastlocationid":0,"currentlocationid":20621,"nextlocationid":0,"currentstop":null,"nextstop":null,"laststop":null,"stopCoveredStatus":1,"heading":174,"lastrefreshon":"30-08-2024 12:54:46","lastreceiveddatetimeflag":0,"tripposition":1}]},{"routeid":2870,"stationid":23644,"stationname":"Monotype Corporation","from":"Hoskerehalli","to":"Shivajinagara Bus Station","routeno":"13-J","distance_on_station":5.701,"centerlat":12.92176,"centerlong":77.57062,"responsecode":200,"isnotify":0,"vehicleDetails":[{"vehicleid":19468,"vehiclenumber":"KA57F1343","servicetypeid":72,"servicetype":"Non AC/Ordinary","centerlat":12.918009,"centerlong":77.573624,"eta":"","sch_arrivaltime":"12:28","sch_departuretime":"12:28","actual_arrivaltime":"12:46","actual_departuretime":"12:46","sch_tripstarttime":"12:15","sch_tripendtime":"12:15","lastlocationid":0,"currentlocationid":20621,"nextlocationid":0,"currentstop":null,"nextstop":null,"laststop":null,"stopCoveredStatus":1,"heading":174,"lastrefreshon":"30-08-2024 12:54:46","lastreceiveddatetimeflag":0,"tripposition":1}]},{"routeid":2870,"stationid":21712,"stationname":"Banashankari Hunasemara","from":"Hoskerehalli","to":"Shivajinagara Bus Station","routeno":"13-J","distance_on_station":6.093,"centerlat":12.92097,"centerlong":77.57407,"responsecode":200,"isnotify":0,"vehicleDetails":[{"vehicleid":19468,"vehiclenumber":"KA57F1343","servicetypeid":72,"servicetype":"Non AC/Ordinary","centerlat":12.918009,"centerlong":77.573624,"eta":"2024-08-30 12:55:00","sch_arrivaltime":"12:29","sch_departuretime":"12:29","actual_arrivaltime":"","actual_departuretime":"","sch_tripstarttime":"12:15","sch_tripendtime":"12:15","lastlocationid":0,"currentlocationid":20621,"nextlocationid":0,"currentstop":null,"nextstop":null,"laststop":null,"stopCoveredStatus":0,"heading":174,"lastrefreshon":"30-08-2024 12:54:46","lastreceiveddatetimeflag":0,"tripposition":3}]},{"routeid":2870,"stationid":20623,"stationname":"Banashankari Bus Station","from":"Hoskerehalli","to":"Shivajinagara Bus Station","routeno":"13-J","distance_on_station":6.806,"centerlat":12.91779,"centerlong":77.57272,"responsecode":200,"isnotify":0,"vehicleDetails":[{"vehicleid":19468,"vehiclenumber":"KA57F1343","servicetypeid":72,"servicetype":"Non AC/Ordinary","centerlat":12.918009,"centerlong":77.573624,"eta":"2024-08-30 12:56:00","sch_arrivaltime":"12:35","sch_departuretime":"12:35","actual_arrivaltime":"","actual_departuretime":"","sch_tripstarttime":"12:15","sch_tripendtime":"12:15","lastlocationid":0,"currentlocationid":20621,"nextlocationid":0,"currentstop":null,"nextstop":null,"laststop":null,"stopCoveredStatus":0,"heading":174,"lastrefreshon":"30-08-2024 12:54:46","lastreceiveddatetimeflag":0,"tripposition":3}]},{"routeid":2870,"stationid":20621,"stationname":"Banashankari Bus Station","from":"Hoskerehalli","to":"Shivajinagara Bus Station","routeno":"13-J","distance_on_station":6.961,"centerlat":12.91765,"centerlong":77.57403,"responsecode":200,"isnotify":0,"vehicleDetails":[{"vehicleid":19468,"vehiclenumber":"KA57F1343","servicetypeid":72,"servicetype":"Non AC/Ordinary","centerlat":12.918009,"centerlong":77.573624,"eta":"2024-08-30 12:57:00","sch_arrivaltime":"12:38","sch_departuretime":"12:38","actual_arrivaltime":"","actual_departuretime":"","sch_tripstarttime":"12:15","sch_tripendtime":"12:15","lastlocationid":0,"currentlocationid":20621,"nextlocationid":0,"currentstop":null,"nextstop":null,"laststop":null,"stopCoveredStatus":0,"heading":174,"lastrefreshon":"30-08-2024 12:54:46","lastreceiveddatetimeflag":0,"tripposition":3}]},{"routeid":2870,"stationid":21149,"stationname":"Sangam Circle","from":"Hoskerehalli","to":"Shivajinagara Bus Station","routeno":"13-J","distance_on_station":7.343,"centerlat":12.91763,"centerlong":77.57733,"responsecode":200,"isnotify":0,"vehicleDetails":[{"vehicleid":19468,"vehiclenumber":"KA57F1343","servicetypeid":72,"servicetype":"Non AC/Ordinary","centerlat":12.918009,"centerlong":77.573624,"eta":"2024-08-30 12:58:00","sch_arrivaltime":"12:39","sch_departuretime":"12:39","actual_arrivaltime":"","actual_departuretime":"","sch_tripstarttime":"12:15","sch_tripendtime":"12:15","lastlocationid":0,"currentlocationid":20621,"nextlocationid":0,"currentstop":null,"nextstop":null,"laststop":null,"stopCoveredStatus":0,"heading":174,"lastrefreshon":"30-08-2024 12:54:46","lastreceiveddatetimeflag":0,"tripposition":3}]},{"routeid":2870,"stationid":21448,"stationname":"Jayanagara 40th Cross","from":"Hoskerehalli","to":"Shivajinagara Bus Station","routeno":"13-J","distance_on_station":8.025,"centerlat":12.91991,"centerlong":77.58062,"responsecode":200,"isnotify":0,"vehicleDetails":[{"vehicleid":19468,"vehiclenumber":"KA57F1343","servicetypeid":72,"servicetype":"Non AC/Ordinary","centerlat":12.918009,"centerlong":77.573624,"eta":"2024-08-30 13:00:00","sch_arrivaltime":"12:41","sch_departuretime":"12:41","actual_arrivaltime":"","actual_departuretime":"","sch_tripstarttime":"12:15","sch_tripendtime":"12:15","lastlocationid":0,"currentlocationid":20621,"nextlocationid":0,"currentstop":null,"nextstop":null,"laststop":null,"stopCoveredStatus":0,"heading":174,"lastrefreshon":"30-08-2024 12:54:46","lastreceiveddatetimeflag":0,"tripposition":3}]},{"routeid":2870,"stationid":21444,"stationname":"Jayanagara 38th Cross","from":"Hoskerehalli","to":"Shivajinagara Bus Station","routeno":"13-J","distance_on_station":8.551,"centerlat":12.92146,"centerlong":77.58365,"responsecode":200,"isnotify":0,"vehicleDetails":[{"vehicleid":19468,"vehiclenumber":"KA57F1343","servicetypeid":72,"servicetype":"Non AC/Ordinary","centerlat":12.918009,"centerlong":77.573624,"eta":"2024-08-30 13:02:00","sch_arrivaltime":"12:42","sch_departuretime":"12:42","actual_arrivaltime":"","actual_departuretime":"","sch_tripstarttime":"12:15","sch_tripendtime":"12:15","lastlocationid":0,"currentlocationid":20621,"nextlocationid":0,"currentstop":null,"nextstop":null,"laststop":null,"stopCoveredStatus":0,"heading":174,"lastrefreshon":"30-08-2024 12:54:46","lastreceiveddatetimeflag":0,"tripposition":3}]},{"routeid":2870,"stationid":21542,"stationname":"Jayanagara Telephone Exchange","from":"Hoskerehalli","to":"Shivajinagara Bus Station","routeno":"13-J","distance_on_station":8.81,"centerlat":12.92374,"centerlong":77.58374,"responsecode":200,"isnotify":0,"vehicleDetails":[{"vehicleid":19468,"vehiclenumber":"KA57F1343","servicetypeid":72,"servicetype":"Non AC/Ordinary","centerlat":12.918009,"centerlong":77.573624,"eta":"2024-08-30 13:03:00","sch_arrivaltime":"12:43","sch_departuretime":"12:43","actual_arrivaltime":"","actual_departuretime":"","sch_tripstarttime":"12:15","sch_tripendtime":"12:15","lastlocationid":0,"currentlocationid":20621,"nextlocationid":0,"currentstop":null,"nextstop":null,"laststop":null,"stopCoveredStatus":0,"heading":174,"lastrefreshon":"30-08-2024 12:54:46","lastreceiveddatetimeflag":0,"tripposition":3}]},{"routeid":2870,"stationid":21544,"stationname":"Jayanagara Bus Station","from":"Hoskerehalli","to":"Shivajinagara Bus Station","routeno":"13-J","distance_on_station":9.853,"centerlat":12.92852,"centerlong":77.58418,"responsecode":200,"isnotify":0,"vehicleDetails":[{"vehicleid":19468,"vehiclenumber":"KA57F1343","servicetypeid":72,"servicetype":"Non AC/Ordinary","centerlat":12.918009,"centerlong":77.573624,"eta":"2024-08-30 13:07:00","sch_arrivaltime":"12:50","sch_departuretime":"12:50","actual_arrivaltime":"","actual_departuretime":"","sch_tripstarttime":"12:15","sch_tripendtime":"12:15","lastlocationid":0,"currentlocationid":20621,"nextlocationid":0,"currentstop":null,"nextstop":null,"laststop":null,"stopCoveredStatus":0,"heading":174,"lastrefreshon":"30-08-2024 12:54:46","lastreceiveddatetimeflag":0,"tripposition":3}]},{"routeid":2870,"stationid":21446,"stationname":"3rd Block Jayanagara","from":"Hoskerehalli","to":"Shivajinagara Bus Station","routeno":"13-J","distance_on_station":10.256,"centerlat":12.9318,"centerlong":77.58392,"responsecode":200,"isnotify":0,"vehicleDetails":[{"vehicleid":19468,"vehiclenumber":"KA57F1343","servicetypeid":72,"servicetype":"Non AC/Ordinary","centerlat":12.918009,"centerlong":77.573624,"eta":"2024-08-30 13:09:00","sch_arrivaltime":"12:54","sch_departuretime":"12:54","actual_arrivaltime":"","actual_departuretime":"","sch_tripstarttime":"12:15","sch_tripendtime":"12:15","lastlocationid":0,"currentlocationid":20621,"nextlocationid":0,"currentstop":null,"nextstop":null,"laststop":null,"stopCoveredStatus":0,"heading":174,"lastrefreshon":"30-08-2024 12:54:46","lastreceiveddatetimeflag":0,"tripposition":3}]},{"routeid":2870,"stationid":21563,"stationname":"Madhavan Park","from":"Hoskerehalli","to":"Shivajinagara Bus Station","routeno":"13-J","distance_on_station":10.803,"centerlat":12.93651,"centerlong":77.58401,"responsecode":200,"isnotify":0,"vehicleDetails":[{"vehicleid":19468,"vehiclenumber":"KA57F1343","servicetypeid":72,"servicetype":"Non AC/Ordinary","centerlat":12.918009,"centerlong":77.573624,"eta":"2024-08-30 13:10:00","sch_arrivaltime":"12:56","sch_departuretime":"12:56","actual_arrivaltime":"","actual_departuretime":"","sch_tripstarttime":"12:15","sch_tripendtime":"12:15","lastlocationid":0,"currentlocationid":20621,"nextlocationid":0,"currentstop":null,"nextstop":null,"laststop":null,"stopCoveredStatus":0,"heading":174,"lastrefreshon":"30-08-2024 12:54:46","lastreceiveddatetimeflag":0,"tripposition":3}]},{"routeid":2870,"stationid":21592,"stationname":"Rani Saraladevi High School","from":"Hoskerehalli","to":"Shivajinagara Bus Station","routeno":"13-J","distance_on_station":11.061,"centerlat":12.93769,"centerlong":77.58506,"responsecode":200,"isnotify":0,"vehicleDetails":[{"vehicleid":19468,"vehiclenumber":"KA57F1343","servicetypeid":72,"servicetype":"Non AC/Ordinary","centerlat":12.918009,"centerlong":77.573624,"eta":"2024-08-30 13:11:00","sch_arrivaltime":"12:57","sch_departuretime":"12:57","actual_arrivaltime":"","actual_departuretime":"","sch_tripstarttime":"12:15","sch_tripendtime":"12:15","lastlocationid":0,"currentlocationid":20621,"nextlocationid":0,"currentstop":null,"nextstop":null,"laststop":null,"stopCoveredStatus":0,"heading":174,"lastrefreshon":"30-08-2024 12:54:46","lastreceiveddatetimeflag":0,"tripposition":3}]},{"routeid":2870,"stationid":21457,"stationname":"Ashoka Pillar","from":"Hoskerehalli","to":"Shivajinagara Bus Station","routeno":"13-J","distance_on_station":11.619,"centerlat":12.94249,"centerlong":77.58515,"responsecode":200,"isnotify":0,"vehicleDetails":[{"vehicleid":19468,"vehiclenumber":"KA57F1343","servicetypeid":72,"servicetype":"Non AC/Ordinary","centerlat":12.918009,"centerlong":77.573624,"eta":"2024-08-30 13:13:00","sch_arrivaltime":"12:58","sch_departuretime":"12:58","actual_arrivaltime":"","actual_departuretime":"","sch_tripstarttime":"12:15","sch_tripendtime":"12:15","lastlocationid":0,"currentlocationid":20621,"nextlocationid":0,"currentstop":null,"nextstop":null,"laststop":null,"stopCoveredStatus":0,"heading":174,"lastrefreshon":"30-08-2024 12:54:46","lastreceiveddatetimeflag":0,"tripposition":3}]},{"routeid":2870,"stationid":21602,"stationname":"Siddapura Ashoka Pillar","from":"Hoskerehalli","to":"Shivajinagara Bus Station","routeno":"13-J","distance_on_station":12.331,"centerlat":12.94633,"centerlong":77.58873,"responsecode":200,"isnotify":0,"vehicleDetails":[{"vehicleid":19468,"vehiclenumber":"KA57F1343","servicetypeid":72,"servicetype":"Non AC/Ordinary","centerlat":12.918009,"centerlong":77.573624,"eta":"2024-08-30 13:15:00","sch_arrivaltime":"12:59","sch_departuretime":"12:59","actual_arrivaltime":"","actual_departuretime":"","sch_tripstarttime":"12:15","sch_tripendtime":"12:15","lastlocationid":0,"currentlocationid":20621,"nextlocationid":0,"currentstop":null,"nextstop":null,"laststop":null,"stopCoveredStatus":0,"heading":174,"lastrefreshon":"30-08-2024 12:54:46","lastreceiveddatetimeflag":0,"tripposition":3}]},{"routeid":2870,"stationid":21564,"stationname":"Mallige Hospital","from":"Hoskerehalli","to":"Shivajinagara Bus Station","routeno":"13-J","distance_on_station":12.662,"centerlat":12.94764,"centerlong":77.59125,"responsecode":200,"isnotify":0,"vehicleDetails":[{"vehicleid":19468,"vehiclenumber":"KA57F1343","servicetypeid":72,"servicetype":"Non AC/Ordinary","centerlat":12.918009,"centerlong":77.573624,"eta":"2024-08-30 13:16:00","sch_arrivaltime":"13:00","sch_departuretime":"13:00","actual_arrivaltime":"","actual_departuretime":"","sch_tripstarttime":"12:15","sch_tripendtime":"12:15","lastlocationid":0,"currentlocationid":20621,"nextlocationid":0,"currentstop":null,"nextstop":null,"laststop":null,"stopCoveredStatus":0,"heading":174,"lastrefreshon":"30-08-2024 12:54:46","lastreceiveddatetimeflag":0,"tripposition":3}]},{"routeid":2870,"stationid":20563,"stationname":"Wilson Garden 10th Cross","from":"Hoskerehalli","to":"Shivajinagara Bus Station","routeno":"13-J","distance_on_station":13.468,"centerlat":12.9467,"centerlong":77.59608,"responsecode":200,"isnotify":0,"vehicleDetails":[{"vehicleid":19468,"vehiclenumber":"KA57F1343","servicetypeid":72,"servicetype":"Non AC/Ordinary","centerlat":12.918009,"centerlong":77.573624,"eta":"2024-08-30 13:19:00","sch_arrivaltime":"13:02","sch_departuretime":"13:02","actual_arrivaltime":"","actual_departuretime":"","sch_tripstarttime":"12:15","sch_tripendtime":"12:15","lastlocationid":0,"currentlocationid":20621,"nextlocationid":0,"currentstop":null,"nextstop":null,"laststop":null,"stopCoveredStatus":0,"heading":174,"lastrefreshon":"30-08-2024 12:54:46","lastreceiveddatetimeflag":0,"tripposition":3}]},{"routeid":2870,"stationid":21281,"stationname":"Wilson Garden Police Station","from":"Hoskerehalli","to":"Shivajinagara Bus Station","routeno":"13-J","distance_on_station":13.953,"centerlat":12.95064,"centerlong":77.59558,"responsecode":200,"isnotify":0,"vehicleDetails":[{"vehicleid":19468,"vehiclenumber":"KA57F1343","servicetypeid":72,"servicetype":"Non AC/Ordinary","centerlat":12.918009,"centerlong":77.573624,"eta":"2024-08-30 13:21:00","sch_arrivaltime":"13:03","sch_departuretime":"13:03","actual_arrivaltime":"","actual_departuretime":"","sch_tripstarttime":"12:15","sch_tripendtime":"12:15","lastlocationid":0,"currentlocationid":20621,"nextlocationid":0,"currentstop":null,"nextstop":null,"laststop":null,"stopCoveredStatus":0,"heading":174,"lastrefreshon":"30-08-2024 12:54:46","lastreceiveddatetimeflag":0,"tripposition":3}]},{"routeid":2870,"stationid":21167,"stationname":"Shanthinagara Bus Station","from":"Hoskerehalli","to":"Shivajinagara Bus Station","routeno":"13-J","distance_on_station":14.686,"centerlat":12.95483,"centerlong":77.59235,"responsecode":200,"isnotify":0,"vehicleDetails":[{"vehicleid":19468,"vehiclenumber":"KA57F1343","servicetypeid":72,"servicetype":"Non AC/Ordinary","centerlat":12.918009,"centerlong":77.573624,"eta":"2024-08-30 13:23:00","sch_arrivaltime":"13:06","sch_departuretime":"13:06","actual_arrivaltime":"","actual_departuretime":"","sch_tripstarttime":"12:15","sch_tripendtime":"12:15","lastlocationid":0,"currentlocationid":20621,"nextlocationid":0,"currentstop":null,"nextstop":null,"laststop":null,"stopCoveredStatus":0,"heading":174,"lastrefreshon":"30-08-2024 12:54:46","lastreceiveddatetimeflag":0,"tripposition":3}]},{"routeid":2870,"stationid":20928,"stationname":"KH Road","from":"Hoskerehalli","to":"Shivajinagara Bus Station","routeno":"13-J","distance_on_station":15.13,"centerlat":12.95815,"centerlong":77.59299,"responsecode":200,"isnotify":0,"vehicleDetails":[{"vehicleid":19468,"vehiclenumber":"KA57F1343","servicetypeid":72,"servicetype":"Non AC/Ordinary","centerlat":12.918009,"centerlong":77.573624,"eta":"2024-08-30 13:24:00","sch_arrivaltime":"13:09","sch_departuretime":"13:09","actual_arrivaltime":"","actual_departuretime":"","sch_tripstarttime":"12:15","sch_tripendtime":"12:15","lastlocationid":0,"currentlocationid":20621,"nextlocationid":0,"currentstop":null,"nextstop":null,"laststop":null,"stopCoveredStatus":0,"heading":174,"lastrefreshon":"30-08-2024 12:54:46","lastreceiveddatetimeflag":0,"tripposition":3}]},{"routeid":2870,"stationid":21125,"stationname":"Richmond Circle","from":"Hoskerehalli","to":"Shivajinagara Bus Station","routeno":"13-J","distance_on_station":16.442,"centerlat":12.96738,"centerlong":77.59946,"responsecode":200,"isnotify":0,"vehicleDetails":[{"vehicleid":19468,"vehiclenumber":"KA57F1343","servicetypeid":72,"servicetype":"Non AC/Ordinary","centerlat":12.918009,"centerlong":77.573624,"eta":"2024-08-30 13:28:00","sch_arrivaltime":"13:11","sch_departuretime":"13:11","actual_arrivaltime":"","actual_departuretime":"","sch_tripstarttime":"12:15","sch_tripendtime":"12:15","lastlocationid":0,"currentlocationid":20621,"nextlocationid":0,"currentstop":null,"nextstop":null,"laststop":null,"stopCoveredStatus":0,"heading":174,"lastrefreshon":"30-08-2024 12:54:46","lastreceiveddatetimeflag":0,"tripposition":3}]},{"routeid":2870,"stationid":23433,"stationname":"St Joseph Boys High School Musuem Road","from":"Hoskerehalli","to":"Shivajinagara Bus Station","routeno":"13-J","distance_on_station":17.299,"centerlat":12.97193,"centerlong":77.6044,"responsecode":200,"isnotify":0,"vehicleDetails":[{"vehicleid":19468,"vehiclenumber":"KA57F1343","servicetypeid":72,"servicetype":"Non AC/Ordinary","centerlat":12.918009,"centerlong":77.573624,"eta":"2024-08-30 13:31:00","sch_arrivaltime":"13:14","sch_departuretime":"13:14","actual_arrivaltime":"","actual_departuretime":"","sch_tripstarttime":"12:15","sch_tripendtime":"12:15","lastlocationid":0,"currentlocationid":20621,"nextlocationid":0,"currentstop":null,"nextstop":null,"laststop":null,"stopCoveredStatus":0,"heading":174,"lastrefreshon":"30-08-2024 12:54:46","lastreceiveddatetimeflag":0,"tripposition":3}]},{"routeid":2870,"stationid":21608,"stationname":"State Bank India Garage","from":"Hoskerehalli","to":"Shivajinagara Bus Station","routeno":"13-J","distance_on_station":17.836,"centerlat":12.97435,"centerlong":77.6015,"responsecode":200,"isnotify":0,"vehicleDetails":[{"vehicleid":19468,"vehiclenumber":"KA57F1343","servicetypeid":72,"servicetype":"Non AC/Ordinary","centerlat":12.918009,"centerlong":77.573624,"eta":"2024-08-30 13:33:00","sch_arrivaltime":"13:17","sch_departuretime":"13:17","actual_arrivaltime":"","actual_departuretime":"","sch_tripstarttime":"12:15","sch_tripendtime":"12:15","lastlocationid":0,"currentlocationid":20621,"nextlocationid":0,"currentstop":null,"nextstop":null,"laststop":null,"stopCoveredStatus":0,"heading":174,"lastrefreshon":"30-08-2024 12:54:46","lastreceiveddatetimeflag":0,"tripposition":3}]},{"routeid":2870,"stationid":21572,"stationname":"MG Road","from":"Hoskerehalli","to":"Shivajinagara Bus Station","routeno":"13-J","distance_on_station":18.229,"centerlat":12.97779,"centerlong":77.60204,"responsecode":200,"isnotify":0,"vehicleDetails":[{"vehicleid":19468,"vehiclenumber":"KA57F1343","servicetypeid":72,"servicetype":"Non AC/Ordinary","centerlat":12.918009,"centerlong":77.573624,"eta":"2024-08-30 13:34:00","sch_arrivaltime":"13:21","sch_departuretime":"13:21","actual_arrivaltime":"","actual_departuretime":"","sch_tripstarttime":"12:15","sch_tripendtime":"12:15","lastlocationid":0,"currentlocationid":20621,"nextlocationid":0,"currentstop":null,"nextstop":null,"laststop":null,"stopCoveredStatus":0,"heading":174,"lastrefreshon":"30-08-2024 12:54:46","lastreceiveddatetimeflag":0,"tripposition":3}]},{"routeid":2870,"stationid":21173,"stationname":"Shivajinagara Bus Station","from":"Hoskerehalli","to":"Shivajinagara Bus Station","routeno":"13-J","distance_on_station":18.9,"centerlat":12.98328,"centerlong":77.60304,"responsecode":200,"isnotify":0,"vehicleDetails":[{"vehicleid":19468,"vehiclenumber":"KA57F1343","servicetypeid":72,"servicetype":"Non AC/Ordinary","centerlat":12.918009,"centerlong":77.573624,"eta":"2024-08-30 13:36:00","sch_arrivaltime":"13:25","sch_departuretime":"13:25","actual_arrivaltime":"","actual_departuretime":"","sch_tripstarttime":"12:15","sch_tripendtime":"12:15","lastlocationid":0,"currentlocationid":20621,"nextlocationid":0,"currentstop":null,"nextstop":null,"laststop":null,"stopCoveredStatus":0,"heading":174,"lastrefreshon":"30-08-2024 12:54:46","lastreceiveddatetimeflag":0,"tripposition":1}]}],"mapData":[{"vehicleid":19468,"vehiclenumber":"KA57F1343","servicetypeid":72,"servicetype":"Non AC/Ordinary","centerlat":12.918009,"centerlong":77.573624,"eta":"2024-08-30 13:36:00","sch_arrivaltime":"13:25","sch_departuretime":"13:25","actual_arrivaltime":"","actual_departuretime":"","sch_tripstarttime":"12:15","sch_tripendtime":"12:15","lastlocationid":0,"currentlocationid":20621,"nextlocationid":0,"currentstop":null,"nextstop":null,"laststop":null,"stopCoveredStatus":0,"heading":174,"lastrefreshon":"30-08-2024 12:54:46","lastreceiveddatetimeflag":0,"tripposition":1}]},"message":"Success","issuccess":true,"exception":null,"rowCount":0,"responsecode":200}