{"up":{"data":[{"routeid":1730,"stationid":20940,"stationname":"KR Market","from":"KR Market","to":"Neelasandra Bus Stand","routeno":"143","distance_on_station":0,"centerlat":12.9641,"centerlong":77.57897,"responsecode":200,"isnotify":0,"vehicleDetails":[{"vehicleid":3125,"vehiclenumber":"KA57F3472","servicetypeid":72,"servicetype":"Non AC/Ordinary","centerlat":12.96041,"centerlong":77.601196,"eta":"","sch_arrivaltime":"13:50","sch_departuretime":"13:50","actual_arrivaltime":"","actual_departuretime":"","sch_tripstarttime":"13:50","sch_tripendtime":"13:50","lastlocationid":0,"currentlocationid":35117,"nextlocationid":0,"currentstop":null,"nextstop":null,"laststop":null,"stopCoveredStatus":1,"heading":126,"lastrefreshon":"21-10-2024 14:18:04","lastreceiveddatetimeflag":0,"tripposition":1},{"vehicleid":3151,"vehiclenumber":"KA53F0015","servicetypeid":72,"servicetype":"Non AC/Ordinary","centerlat":12.960997,"centerlong":77.612473,"eta":"","sch_arrivaltime":"14:00","sch_departuretime":"14:00","actual_arrivaltime":"","actual_departuretime":"","sch_tripstarttime":"14:00","sch_tripendtime":"14:00","lastlocationid":0,"currentlocationid":29591,"nextlocationid":0,"currentstop":null,"nextstop":null,"laststop":null,"stopCoveredStatus":1,"heading":193,"lastrefreshon":"21-10-2024 14:18:17","lastreceiveddatetimeflag":0,"tripposition":1},{"vehicleid":3215,"vehiclenumber":"KA57F0270","servicetypeid":72,"servicetype":"Non AC/Ordinary","centerlat":12.964073,"centerlong":77.584053,"eta":"","sch_arrivaltime":"12:45","sch_departuretime":"12:45","actual_arrivaltime":"14:13","actual_departuretime":"14:13","sch_tripstarttime":"12:45","sch_tripendtime":"12:45","lastlocationid":0,"currentlocationid":31416,"nextlocationid":0,"currentstop":null,"nextstop":null,"laststop":null,"stopCoveredStatus":1,"heading":86,"lastrefreshon":"21-10-2024 14:18:12","lastreceiveddatetimeflag":0,"tripposition":1},{"vehicleid":19679,"vehiclenumber":"KA01F4830","servicetypeid":72,"servicetype":"Non AC/Ordinary","centerlat":12.964686,"centerlong":77.606705,"eta":"","sch_arrivaltime":"13:40","sch_departuretime":"13:40","actual_arrivaltime":"","actual_departuretime":"","sch_tripstarttime":"13:40","sch_tripendtime":"13:40","lastlocationid":0,"currentlocationid":23671,"nextlocationid":0,"currentstop":null,"nextstop":null,"laststop":null,"stopCoveredStatus":1,"heading":291,"lastrefreshon":"21-10-2024 14:18:07","lastreceiveddatetimeflag":0,"tripposition":1}]},{"routeid":1730,"stationid":31416,"stationname":"Town Hall 1","from":"KR Market","to":"Neelasandra Bus Stand","routeno":"143","distance_on_station":0.575,"centerlat":12.96409,"centerlong":77.58404,"responsecode":200,"isnotify":0,"vehicleDetails":[{"vehicleid":3215,"vehiclenumber":"KA57F0270","servicetypeid":72,"servicetype":"Non AC/Ordinary","centerlat":12.964073,"centerlong":77.584053,"eta":"2024-10-21 14:18:00","sch_arrivaltime":"12:47","sch_departuretime":"12:47","actual_arrivaltime":"14:17","actual_departuretime":"","sch_tripstarttime":"12:45","sch_tripendtime":"12:45","lastlocationid":0,"currentlocationid":31416,"nextlocationid":0,"currentstop":null,"nextstop":null,"laststop":null,"stopCoveredStatus":1,"heading":86,"lastrefreshon":"21-10-2024 14:18:12","lastreceiveddatetimeflag":0,"tripposition":2},{"vehicleid":3125,"vehiclenumber":"KA57F3472","servicetypeid":72,"servicetype":"Non AC/Ordinary","centerlat":12.96041,"centerlong":77.601196,"eta":"","sch_arrivaltime":"13:52","sch_departuretime":"13:52","actual_arrivaltime":"14:01","actual_departuretime":"14:02","sch_tripstarttime":"13:50","sch_tripendtime":"13:50","lastlocationid":0,"currentlocationid":35117,"nextlocationid":0,"currentstop":null,"nextstop":null,"laststop":null,"stopCoveredStatus":1,"heading":126,"lastrefreshon":"21-10-2024 14:18:04","lastreceiveddatetimeflag":0,"tripposition":1},{"vehicleid":3151,"vehiclenumber":"KA53F0015","servicetypeid":72,"servicetype":"Non AC/Ordinary","centerlat":12.960997,"centerlong":77.612473,"eta":"","sch_arrivaltime":"14:02","sch_departuretime":"14:02","actual_arrivaltime":"","actual_departuretime":"","sch_tripstarttime":"14:00","sch_tripendtime":"14:00","lastlocationid":0,"currentlocationid":29591,"nextlocationid":0,"currentstop":null,"nextstop":null,"laststop":null,"stopCoveredStatus":1,"heading":193,"lastrefreshon":"21-10-2024 14:18:17","lastreceiveddatetimeflag":0,"tripposition":3},{"vehicleid":19679,"vehiclenumber":"KA01F4830","servicetypeid":72,"servicetype":"Non AC/Ordinary","centerlat":12.964686,"centerlong":77.606705,"eta":"","sch_arrivaltime":"13:42","sch_departuretime":"13:42","actual_arrivaltime":"13:54","actual_departuretime":"13:55","sch_tripstarttime":"13:40","sch_tripendtime":"13:40","lastlocationid":0,"currentlocationid":23671,"nextlocationid":0,"currentstop":null,"nextstop":null,"laststop":null,"stopCoveredStatus":1,"heading":291,"lastrefreshon":"21-10-2024 14:18:07","lastreceiveddatetimeflag":0,"tripposition":1}]},{"routeid":1730,"stationid":20728,"stationname":"Corporation","from":"KR Market","to":"Neelasandra Bus Stand","routeno":"143","distance_on_station":1.131,"centerlat":12.9648,"centerlong":77.58778,"responsecode":200,"isnotify":0,"vehicleDetails":[{"vehicleid":3215,"vehiclenumber":"KA57F0270","servicetypeid":72,"servicetype":"Non AC/Ordinary","centerlat":12.964073,"centerlong":77.584053,"eta":"2024-10-21 14:20:00","sch_arrivaltime":"12:49","sch_departuretime":"12:49","actual_arrivaltime":"","actual_departuretime":"","sch_tripstarttime":"12:45","sch_tripendtime":"12:45","lastlocationid":0,"currentlocationid":31416,"nextlocationid":0,"currentstop":null,"nextstop":null,"laststop":null,"stopCoveredStatus":0,"heading":86,"lastrefreshon":"21-10-2024 14:18:12","lastreceiveddatetimeflag":0,"tripposition":3},{"vehicleid":3125,"vehiclenumber":"KA57F3472","servicetypeid":72,"servicetype":"Non AC/Ordinary","centerlat":12.96041,"centerlong":77.601196,"eta":"","sch_arrivaltime":"13:54","sch_departuretime":"13:54","actual_arrivaltime":"14:05","actual_departuretime":"14:07","sch_tripstarttime":"13:50","sch_tripendtime":"13:50","lastlocationid":0,"currentlocationid":35117,"nextlocationid":0,"currentstop":null,"nextstop":null,"laststop":null,"stopCoveredStatus":1,"heading":126,"lastrefreshon":"21-10-2024 14:18:04","lastreceiveddatetimeflag":0,"tripposition":1},{"vehicleid":3151,"vehiclenumber":"KA53F0015","servicetypeid":72,"servicetype":"Non AC/Ordinary","centerlat":12.960997,"centerlong":77.612473,"eta":"","sch_arrivaltime":"14:04","sch_departuretime":"14:04","actual_arrivaltime":"","actual_departuretime":"","sch_tripstarttime":"14:00","sch_tripendtime":"14:00","lastlocationid":0,"currentlocationid":29591,"nextlocationid":0,"currentstop":null,"nextstop":null,"laststop":null,"stopCoveredStatus":1,"heading":193,"lastrefreshon":"21-10-2024 14:18:17","lastreceiveddatetimeflag":0,"tripposition":3},{"vehicleid":19679,"vehiclenumber":"KA01F4830","servicetypeid":72,"servicetype":"Non AC/Ordinary","centerlat":12.964686,"centerlong":77.606705,"eta":"","sch_arrivaltime":"13:44","sch_departuretime":"13:44","actual_arrivaltime":"13:56","actual_departuretime":"13:58","sch_tripstarttime":"13:40","sch_tripendtime":"13:40","lastlocationid":0,"currentlocationid":23671,"nextlocationid":0,"currentstop":null,"nextstop":null,"laststop":null,"stopCoveredStatus":1,"heading":291,"lastrefreshon":"21-10-2024 14:18:07","lastreceiveddatetimeflag":0,"tripposition":1}]},{"routeid":1730,"stationid":21196,"stationname":"Subbaiah Circle","from":"KR Market","to":"Neelasandra Bus Stand","routeno":"143","distance_on_station":1.55,"centerlat":12.96266,"centerlong":77.59093,"responsecode":200,"isnotify":0,"vehicleDetails":[{"vehicleid":19679,"vehiclenumber":"KA01F4830","servicetypeid":72,"servicetype":"Non AC/Ordinary","centerlat":12.964686,"centerlong":77.606705,"eta":"","sch_arrivaltime":"13:45","sch_departuretime":"13:45","actual_arrivaltime":"14:04","actual_departuretime":"14:04","sch_tripstarttime":"13:40","sch_tripendtime":"13:40","lastlocationid":0,"currentlocationid":23671,"nextlocationid":0,"currentstop":null,"nextstop":null,"laststop":null,"stopCoveredStatus":1,"heading":291,"lastrefreshon":"21-10-2024 14:18:07","lastreceiveddatetimeflag":0,"tripposition":1},{"vehicleid":3125,"vehiclenumber":"KA57F3472","servicetypeid":72,"servicetype":"Non AC/Ordinary","centerlat":12.96041,"centerlong":77.601196,"eta":"","sch_arrivaltime":"13:55","sch_departuretime":"13:55","actual_arrivaltime":"14:10","actual_departuretime":"14:10","sch_tripstarttime":"13:50","sch_tripendtime":"13:50","lastlocationid":0,"currentlocationid":35117,"nextlocationid":0,"currentstop":null,"nextstop":null,"laststop":null,"stopCoveredStatus":1,"heading":126,"lastrefreshon":"21-10-2024 14:18:04","lastreceiveddatetimeflag":0,"tripposition":1},{"vehicleid":3215,"vehiclenumber":"KA57F0270","servicetypeid":72,"servicetype":"Non AC/Ordinary","centerlat":12.964073,"centerlong":77.584053,"eta":"2024-10-21 14:21:00","sch_arrivaltime":"12:50","sch_departuretime":"12:50","actual_arrivaltime":"","actual_departuretime":"","sch_tripstarttime":"12:45","sch_tripendtime":"12:45","lastlocationid":0,"currentlocationid":31416,"nextlocationid":0,"currentstop":null,"nextstop":null,"laststop":null,"stopCoveredStatus":0,"heading":86,"lastrefreshon":"21-10-2024 14:18:12","lastreceiveddatetimeflag":0,"tripposition":3},{"vehicleid":3151,"vehiclenumber":"KA53F0015","servicetypeid":72,"servicetype":"Non AC/Ordinary","centerlat":12.960997,"centerlong":77.612473,"eta":"","sch_arrivaltime":"14:05","sch_departuretime":"14:05","actual_arrivaltime":"","actual_departuretime":"","sch_tripstarttime":"14:00","sch_tripendtime":"14:00","lastlocationid":0,"currentlocationid":29591,"nextlocationid":0,"currentstop":null,"nextstop":null,"laststop":null,"stopCoveredStatus":1,"heading":193,"lastrefreshon":"21-10-2024 14:18:17","lastreceiveddatetimeflag":0,"tripposition":3}]},{"routeid":1730,"stationid":31349,"stationname":"Akkithimmanahalli 1","from":"KR Market","to":"Neelasandra Bus Stand","routeno":"143","distance_on_station":2.145,"centerlat":12.96221,"centerlong":77.59649,"responsecode":200,"isnotify":0,"vehicleDetails":[{"vehicleid":19679,"vehiclenumber":"KA01F4830","servicetypeid":72,"servicetype":"Non AC/Ordinary","centerlat":12.964686,"centerlong":77.606705,"eta":"","sch_arrivaltime":"13:47","sch_departuretime":"13:47","actual_arrivaltime":"14:07","actual_departuretime":"14:07","sch_tripstarttime":"13:40","sch_tripendtime":"13:40","lastlocationid":0,"currentlocationid":23671,"nextlocationid":0,"currentstop":null,"nextstop":null,"laststop":null,"stopCoveredStatus":1,"heading":291,"lastrefreshon":"21-10-2024 14:18:07","lastreceiveddatetimeflag":0,"tripposition":1},{"vehicleid":3125,"vehiclenumber":"KA57F3472","servicetypeid":72,"servicetype":"Non AC/Ordinary","centerlat":12.96041,"centerlong":77.601196,"eta":"","sch_arrivaltime":"13:57","sch_departuretime":"13:57","actual_arrivaltime":"14:15","actual_departuretime":"14:15","sch_tripstarttime":"13:50","sch_tripendtime":"13:50","lastlocationid":0,"currentlocationid":35117,"nextlocationid":0,"currentstop":null,"nextstop":null,"laststop":null,"stopCoveredStatus":1,"heading":126,"lastrefreshon":"21-10-2024 14:18:04","lastreceiveddatetimeflag":0,"tripposition":1},{"vehicleid":3215,"vehiclenumber":"KA57F0270","servicetypeid":72,"servicetype":"Non AC/Ordinary","centerlat":12.964073,"centerlong":77.584053,"eta":"2024-10-21 14:23:00","sch_arrivaltime":"12:52","sch_departuretime":"12:52","actual_arrivaltime":"","actual_departuretime":"","sch_tripstarttime":"12:45","sch_tripendtime":"12:45","lastlocationid":0,"currentlocationid":31416,"nextlocationid":0,"currentstop":null,"nextstop":null,"laststop":null,"stopCoveredStatus":0,"heading":86,"lastrefreshon":"21-10-2024 14:18:12","lastreceiveddatetimeflag":0,"tripposition":3},{"vehicleid":3151,"vehiclenumber":"KA53F0015","servicetypeid":72,"servicetype":"Non AC/Ordinary","centerlat":12.960997,"centerlong":77.612473,"eta":"","sch_arrivaltime":"14:07","sch_departuretime":"14:07","actual_arrivaltime":"","actual_departuretime":"","sch_tripstarttime":"14:00","sch_tripendtime":"14:00","lastlocationid":0,"currentlocationid":29591,"nextlocationid":0,"currentstop":null,"nextstop":null,"laststop":null,"stopCoveredStatus":1,"heading":193,"lastrefreshon":"21-10-2024 14:18:17","lastreceiveddatetimeflag":0,"tripposition":3}]},{"routeid":1730,"stationid":35117,"stationname":"Nanjappa Circle","from":"KR Market","to":"Neelasandra Bus Stand","routeno":"143","distance_on_station":2.623,"centerlat":12.96073,"centerlong":77.60068,"responsecode":200,"isnotify":0,"vehicleDetails":[{"vehicleid":19679,"vehiclenumber":"KA01F4830","servicetypeid":72,"servicetype":"Non AC/Ordinary","centerlat":12.964686,"centerlong":77.606705,"eta":"","sch_arrivaltime":"13:48","sch_departuretime":"13:48","actual_arrivaltime":"14:09","actual_departuretime":"14:09","sch_tripstarttime":"13:40","sch_tripendtime":"13:40","lastlocationid":0,"currentlocationid":23671,"nextlocationid":0,"currentstop":null,"nextstop":null,"laststop":null,"stopCoveredStatus":1,"heading":291,"lastrefreshon":"21-10-2024 14:18:07","lastreceiveddatetimeflag":0,"tripposition":1},{"vehicleid":3125,"vehiclenumber":"KA57F3472","servicetypeid":72,"servicetype":"Non AC/Ordinary","centerlat":12.96041,"centerlong":77.601196,"eta":"2024-10-21 14:18:00","sch_arrivaltime":"13:58","sch_departuretime":"13:58","actual_arrivaltime":"14:17","actual_departuretime":"14:17","sch_tripstarttime":"13:50","sch_tripendtime":"13:50","lastlocationid":0,"currentlocationid":35117,"nextlocationid":0,"currentstop":null,"nextstop":null,"laststop":null,"stopCoveredStatus":1,"heading":126,"lastrefreshon":"21-10-2024 14:18:04","lastreceiveddatetimeflag":0,"tripposition":1},{"vehicleid":3215,"vehiclenumber":"KA57F0270","servicetypeid":72,"servicetype":"Non AC/Ordinary","centerlat":12.964073,"centerlong":77.584053,"eta":"2024-10-21 14:24:00","sch_arrivaltime":"12:53","sch_departuretime":"12:53","actual_arrivaltime":"","actual_departuretime":"","sch_tripstarttime":"12:45","sch_tripendtime":"12:45","lastlocationid":0,"currentlocationid":31416,"nextlocationid":0,"currentstop":null,"nextstop":null,"laststop":null,"stopCoveredStatus":0,"heading":86,"lastrefreshon":"21-10-2024 14:18:12","lastreceiveddatetimeflag":0,"tripposition":3},{"vehicleid":3151,"vehiclenumber":"KA53F0015","servicetypeid":72,"servicetype":"Non AC/Ordinary","centerlat":12.960997,"centerlong":77.612473,"eta":"","sch_arrivaltime":"14:08","sch_departuretime":"14:08","actual_arrivaltime":"","actual_departuretime":"","sch_tripstarttime":"14:00","sch_tripendtime":"14:00","lastlocationid":0,"currentlocationid":29591,"nextlocationid":0,"currentstop":null,"nextstop":null,"laststop":null,"stopCoveredStatus":1,"heading":193,"lastrefreshon":"21-10-2024 14:18:17","lastreceiveddatetimeflag":0,"tripposition":3}]},{"routeid":1730,"stationid":23670,"stationname":"Elgin Floor Mill","from":"KR Market","to":"Neelasandra Bus Stand","routeno":"143","distance_on_station":3.344,"centerlat":12.95873,"centerlong":77.6061,"responsecode":200,"isnotify":0,"vehicleDetails":[{"vehicleid":19679,"vehiclenumber":"KA01F4830","servicetypeid":72,"servicetype":"Non AC/Ordinary","centerlat":12.964686,"centerlong":77.606705,"eta":"","sch_arrivaltime":"13:52","sch_departuretime":"13:52","actual_arrivaltime":"14:14","actual_departuretime":"14:14","sch_tripstarttime":"13:40","sch_tripendtime":"13:40","lastlocationid":0,"currentlocationid":23671,"nextlocationid":0,"currentstop":null,"nextstop":null,"laststop":null,"stopCoveredStatus":1,"heading":291,"lastrefreshon":"21-10-2024 14:18:07","lastreceiveddatetimeflag":0,"tripposition":1},{"vehicleid":3125,"vehiclenumber":"KA57F3472","servicetypeid":72,"servicetype":"Non AC/Ordinary","centerlat":12.96041,"centerlong":77.601196,"eta":"2024-10-21 14:22:00","sch_arrivaltime":"14:02","sch_departuretime":"14:02","actual_arrivaltime":"","actual_departuretime":"","sch_tripstarttime":"13:50","sch_tripendtime":"13:50","lastlocationid":0,"currentlocationid":35117,"nextlocationid":0,"currentstop":null,"nextstop":null,"laststop":null,"stopCoveredStatus":0,"heading":126,"lastrefreshon":"21-10-2024 14:18:04","lastreceiveddatetimeflag":0,"tripposition":3},{"vehicleid":3215,"vehiclenumber":"KA57F0270","servicetypeid":72,"servicetype":"Non AC/Ordinary","centerlat":12.964073,"centerlong":77.584053,"eta":"2024-10-21 14:27:00","sch_arrivaltime":"12:57","sch_departuretime":"12:57","actual_arrivaltime":"","actual_departuretime":"","sch_tripstarttime":"12:45","sch_tripendtime":"12:45","lastlocationid":0,"currentlocationid":31416,"nextlocationid":0,"currentstop":null,"nextstop":null,"laststop":null,"stopCoveredStatus":0,"heading":86,"lastrefreshon":"21-10-2024 14:18:12","lastreceiveddatetimeflag":0,"tripposition":3},{"vehicleid":3151,"vehiclenumber":"KA53F0015","servicetypeid":72,"servicetype":"Non AC/Ordinary","centerlat":12.960997,"centerlong":77.612473,"eta":"","sch_arrivaltime":"14:12","sch_departuretime":"14:12","actual_arrivaltime":"","actual_departuretime":"","sch_tripstarttime":"14:00","sch_tripendtime":"14:00","lastlocationid":0,"currentlocationid":29591,"nextlocationid":0,"currentstop":null,"nextstop":null,"laststop":null,"stopCoveredStatus":1,"heading":193,"lastrefreshon":"21-10-2024 14:18:17","lastreceiveddatetimeflag":0,"tripposition":3}]},{"routeid":1730,"stationid":23671,"stationname":"Johnson Market","from":"KR Market","to":"Neelasandra Bus Stand","routeno":"143","distance_on_station":3.851,"centerlat":12.96336,"centerlong":77.60672,"responsecode":200,"isnotify":0,"vehicleDetails":[{"vehicleid":19679,"vehiclenumber":"KA01F4830","servicetypeid":72,"servicetype":"Non AC/Ordinary","centerlat":12.964686,"centerlong":77.606705,"eta":"","sch_arrivaltime":"13:53","sch_departuretime":"13:53","actual_arrivaltime":"14:15","actual_departuretime":"14:16","sch_tripstarttime":"13:40","sch_tripendtime":"13:40","lastlocationid":0,"currentlocationid":23671,"nextlocationid":0,"currentstop":null,"nextstop":null,"laststop":null,"stopCoveredStatus":1,"heading":291,"lastrefreshon":"21-10-2024 14:18:07","lastreceiveddatetimeflag":0,"tripposition":1},{"vehicleid":3125,"vehiclenumber":"KA57F3472","servicetypeid":72,"servicetype":"Non AC/Ordinary","centerlat":12.96041,"centerlong":77.601196,"eta":"2024-10-21 14:26:00","sch_arrivaltime":"14:03","sch_departuretime":"14:03","actual_arrivaltime":"","actual_departuretime":"","sch_tripstarttime":"13:50","sch_tripendtime":"13:50","lastlocationid":0,"currentlocationid":35117,"nextlocationid":0,"currentstop":null,"nextstop":null,"laststop":null,"stopCoveredStatus":0,"heading":126,"lastrefreshon":"21-10-2024 14:18:04","lastreceiveddatetimeflag":0,"tripposition":3},{"vehicleid":3215,"vehiclenumber":"KA57F0270","servicetypeid":72,"servicetype":"Non AC/Ordinary","centerlat":12.964073,"centerlong":77.584053,"eta":"2024-10-21 14:28:00","sch_arrivaltime":"12:58","sch_departuretime":"12:58","actual_arrivaltime":"","actual_departuretime":"","sch_tripstarttime":"12:45","sch_tripendtime":"12:45","lastlocationid":0,"currentlocationid":31416,"nextlocationid":0,"currentstop":null,"nextstop":null,"laststop":null,"stopCoveredStatus":0,"heading":86,"lastrefreshon":"21-10-2024 14:18:12","lastreceiveddatetimeflag":0,"tripposition":3},{"vehicleid":3151,"vehiclenumber":"KA53F0015","servicetypeid":72,"servicetype":"Non AC/Ordinary","centerlat":12.960997,"centerlong":77.612473,"eta":"","sch_arrivaltime":"14:13","sch_departuretime":"14:13","actual_arrivaltime":"","actual_departuretime":"","sch_tripstarttime":"14:00","sch_tripendtime":"14:00","lastlocationid":0,"currentlocationid":29591,"nextlocationid":0,"currentstop":null,"nextstop":null,"laststop":null,"stopCoveredStatus":1,"heading":193,"lastrefreshon":"21-10-2024 14:18:17","lastreceiveddatetimeflag":0,"tripposition":3}]},{"routeid":1730,"stationid":22486,"stationname":"Shoolay Circle Brigade Road","from":"KR Market","to":"Neelasandra Bus Stand","routeno":"143","distance_on_station":4.202,"centerlat":12.96659,"centerlong":77.60666,"responsecode":200,"isnotify":0,"vehicleDetails":[{"vehicleid":19679,"vehiclenumber":"KA01F4830","servicetypeid":72,"servicetype":"Non AC/Ordinary","centerlat":12.964686,"centerlong":77.606705,"eta":"2024-10-21 14:19:00","sch_arrivaltime":"13:54","sch_departuretime":"13:54","actual_arrivaltime":"","actual_departuretime":"","sch_tripstarttime":"13:40","sch_tripendtime":"13:40","lastlocationid":0,"currentlocationid":23671,"nextlocationid":0,"currentstop":null,"nextstop":null,"laststop":null,"stopCoveredStatus":0,"heading":291,"lastrefreshon":"21-10-2024 14:18:07","lastreceiveddatetimeflag":0,"tripposition":3},{"vehicleid":3125,"vehiclenumber":"KA57F3472","servicetypeid":72,"servicetype":"Non AC/Ordinary","centerlat":12.96041,"centerlong":77.601196,"eta":"2024-10-21 14:28:00","sch_arrivaltime":"14:04","sch_departuretime":"14:04","actual_arrivaltime":"","actual_departuretime":"","sch_tripstarttime":"13:50","sch_tripendtime":"13:50","lastlocationid":0,"currentlocationid":35117,"nextlocationid":0,"currentstop":null,"nextstop":null,"laststop":null,"stopCoveredStatus":0,"heading":126,"lastrefreshon":"21-10-2024 14:18:04","lastreceiveddatetimeflag":0,"tripposition":3},{"vehicleid":3215,"vehiclenumber":"KA57F0270","servicetypeid":72,"servicetype":"Non AC/Ordinary","centerlat":12.964073,"centerlong":77.584053,"eta":"2024-10-21 14:29:00","sch_arrivaltime":"12:59","sch_departuretime":"12:59","actual_arrivaltime":"","actual_departuretime":"","sch_tripstarttime":"12:45","sch_tripendtime":"12:45","lastlocationid":0,"currentlocationid":31416,"nextlocationid":0,"currentstop":null,"nextstop":null,"laststop":null,"stopCoveredStatus":0,"heading":86,"lastrefreshon":"21-10-2024 14:18:12","lastreceiveddatetimeflag":0,"tripposition":3},{"vehicleid":3151,"vehiclenumber":"KA53F0015","servicetypeid":72,"servicetype":"Non AC/Ordinary","centerlat":12.960997,"centerlong":77.612473,"eta":"","sch_arrivaltime":"14:14","sch_departuretime":"14:14","actual_arrivaltime":"","actual_departuretime":"","sch_tripstarttime":"14:00","sch_tripendtime":"14:00","lastlocationid":0,"currentlocationid":29591,"nextlocationid":0,"currentstop":null,"nextstop":null,"laststop":null,"stopCoveredStatus":1,"heading":193,"lastrefreshon":"21-10-2024 14:18:17","lastreceiveddatetimeflag":0,"tripposition":3}]},{"routeid":1730,"stationid":22518,"stationname":"St Patrick Church","from":"KR Market","to":"Neelasandra Bus Stand","routeno":"143","distance_on_station":4.631,"centerlat":12.97023,"centerlong":77.60517,"responsecode":200,"isnotify":0,"vehicleDetails":[{"vehicleid":19679,"vehiclenumber":"KA01F4830","servicetypeid":72,"servicetype":"Non AC/Ordinary","centerlat":12.964686,"centerlong":77.606705,"eta":"2024-10-21 14:20:00","sch_arrivaltime":"13:55","sch_departuretime":"13:55","actual_arrivaltime":"","actual_departuretime":"","sch_tripstarttime":"13:40","sch_tripendtime":"13:40","lastlocationid":0,"currentlocationid":23671,"nextlocationid":0,"currentstop":null,"nextstop":null,"laststop":null,"stopCoveredStatus":0,"heading":291,"lastrefreshon":"21-10-2024 14:18:07","lastreceiveddatetimeflag":0,"tripposition":3},{"vehicleid":3215,"vehiclenumber":"KA57F0270","servicetypeid":72,"servicetype":"Non AC/Ordinary","centerlat":12.964073,"centerlong":77.584053,"eta":"2024-10-21 14:30:00","sch_arrivaltime":"13:00","sch_departuretime":"13:00","actual_arrivaltime":"","actual_departuretime":"","sch_tripstarttime":"12:45","sch_tripendtime":"12:45","lastlocationid":0,"currentlocationid":31416,"nextlocationid":0,"currentstop":null,"nextstop":null,"laststop":null,"stopCoveredStatus":0,"heading":86,"lastrefreshon":"21-10-2024 14:18:12","lastreceiveddatetimeflag":0,"tripposition":3},{"vehicleid":3125,"vehiclenumber":"KA57F3472","servicetypeid":72,"servicetype":"Non AC/Ordinary","centerlat":12.96041,"centerlong":77.601196,"eta":"2024-10-21 14:31:00","sch_arrivaltime":"14:05","sch_departuretime":"14:05","actual_arrivaltime":"","actual_departuretime":"","sch_tripstarttime":"13:50","sch_tripendtime":"13:50","lastlocationid":0,"currentlocationid":35117,"nextlocationid":0,"currentstop":null,"nextstop":null,"laststop":null,"stopCoveredStatus":0,"heading":126,"lastrefreshon":"21-10-2024 14:18:04","lastreceiveddatetimeflag":0,"tripposition":3},{"vehicleid":3151,"vehiclenumber":"KA53F0015","servicetypeid":72,"servicetype":"Non AC/Ordinary","centerlat":12.960997,"centerlong":77.612473,"eta":"","sch_arrivaltime":"14:15","sch_departuretime":"14:15","actual_arrivaltime":"","actual_departuretime":"","sch_tripstarttime":"14:00","sch_tripendtime":"14:00","lastlocationid":0,"currentlocationid":29591,"nextlocationid":0,"currentstop":null,"nextstop":null,"laststop":null,"stopCoveredStatus":1,"heading":193,"lastrefreshon":"21-10-2024 14:18:17","lastreceiveddatetimeflag":0,"tripposition":3}]},{"routeid":1730,"stationid":22385,"stationname":"Philomenas Hospital","from":"KR Market","to":"Neelasandra Bus Stand","routeno":"143","distance_on_station":5.859,"centerlat":12.96508,"centerlong":77.61011,"responsecode":200,"isnotify":0,"vehicleDetails":[{"vehicleid":19679,"vehiclenumber":"KA01F4830","servicetypeid":72,"servicetype":"Non AC/Ordinary","centerlat":12.964686,"centerlong":77.606705,"eta":"2024-10-21 14:24:00","sch_arrivaltime":"13:59","sch_departuretime":"13:59","actual_arrivaltime":"","actual_departuretime":"","sch_tripstarttime":"13:40","sch_tripendtime":"13:40","lastlocationid":0,"currentlocationid":23671,"nextlocationid":0,"currentstop":null,"nextstop":null,"laststop":null,"stopCoveredStatus":0,"heading":291,"lastrefreshon":"21-10-2024 14:18:07","lastreceiveddatetimeflag":0,"tripposition":3},{"vehicleid":3215,"vehiclenumber":"KA57F0270","servicetypeid":72,"servicetype":"Non AC/Ordinary","centerlat":12.964073,"centerlong":77.584053,"eta":"2024-10-21 14:34:00","sch_arrivaltime":"13:04","sch_departuretime":"13:04","actual_arrivaltime":"","actual_departuretime":"","sch_tripstarttime":"12:45","sch_tripendtime":"12:45","lastlocationid":0,"currentlocationid":31416,"nextlocationid":0,"currentstop":null,"nextstop":null,"laststop":null,"stopCoveredStatus":0,"heading":86,"lastrefreshon":"21-10-2024 14:18:12","lastreceiveddatetimeflag":0,"tripposition":3},{"vehicleid":3125,"vehiclenumber":"KA57F3472","servicetypeid":72,"servicetype":"Non AC/Ordinary","centerlat":12.96041,"centerlong":77.601196,"eta":"2024-10-21 14:36:00","sch_arrivaltime":"14:09","sch_departuretime":"14:09","actual_arrivaltime":"","actual_departuretime":"","sch_tripstarttime":"13:50","sch_tripendtime":"13:50","lastlocationid":0,"currentlocationid":35117,"nextlocationid":0,"currentstop":null,"nextstop":null,"laststop":null,"stopCoveredStatus":0,"heading":126,"lastrefreshon":"21-10-2024 14:18:04","lastreceiveddatetimeflag":0,"tripposition":3},{"vehicleid":3151,"vehiclenumber":"KA53F0015","servicetypeid":72,"servicetype":"Non AC/Ordinary","centerlat":12.960997,"centerlong":77.612473,"eta":"","sch_arrivaltime":"14:19","sch_departuretime":"14:19","actual_arrivaltime":"14:16","actual_departuretime":"14:16","sch_tripstarttime":"14:00","sch_tripendtime":"14:00","lastlocationid":0,"currentlocationid":29591,"nextlocationid":0,"currentstop":null,"nextstop":null,"laststop":null,"stopCoveredStatus":1,"heading":193,"lastrefreshon":"21-10-2024 14:18:17","lastreceiveddatetimeflag":0,"tripposition":1}]},{"routeid":1730,"stationid":29591,"stationname":"Austin Town Neelasandra","from":"KR Market","to":"Neelasandra Bus Stand","routeno":"143","distance_on_station":6.327,"centerlat":12.9616,"centerlong":77.61254,"responsecode":200,"isnotify":0,"vehicleDetails":[{"vehicleid":19679,"vehiclenumber":"KA01F4830","servicetypeid":72,"servicetype":"Non AC/Ordinary","centerlat":12.964686,"centerlong":77.606705,"eta":"2024-10-21 14:25:00","sch_arrivaltime":"14:00","sch_departuretime":"14:00","actual_arrivaltime":"","actual_departuretime":"","sch_tripstarttime":"13:40","sch_tripendtime":"13:40","lastlocationid":0,"currentlocationid":23671,"nextlocationid":0,"currentstop":null,"nextstop":null,"laststop":null,"stopCoveredStatus":0,"heading":291,"lastrefreshon":"21-10-2024 14:18:07","lastreceiveddatetimeflag":0,"tripposition":3},{"vehicleid":3215,"vehiclenumber":"KA57F0270","servicetypeid":72,"servicetype":"Non AC/Ordinary","centerlat":12.964073,"centerlong":77.584053,"eta":"2024-10-21 14:36:00","sch_arrivaltime":"13:05","sch_departuretime":"13:05","actual_arrivaltime":"","actual_departuretime":"","sch_tripstarttime":"12:45","sch_tripendtime":"12:45","lastlocationid":0,"currentlocationid":31416,"nextlocationid":0,"currentstop":null,"nextstop":null,"laststop":null,"stopCoveredStatus":0,"heading":86,"lastrefreshon":"21-10-2024 14:18:12","lastreceiveddatetimeflag":0,"tripposition":3},{"vehicleid":3125,"vehiclenumber":"KA57F3472","servicetypeid":72,"servicetype":"Non AC/Ordinary","centerlat":12.96041,"centerlong":77.601196,"eta":"2024-10-21 14:37:00","sch_arrivaltime":"14:10","sch_departuretime":"14:10","actual_arrivaltime":"","actual_departuretime":"","sch_tripstarttime":"13:50","sch_tripendtime":"13:50","lastlocationid":0,"currentlocationid":35117,"nextlocationid":0,"currentstop":null,"nextstop":null,"laststop":null,"stopCoveredStatus":0,"heading":126,"lastrefreshon":"21-10-2024 14:18:04","lastreceiveddatetimeflag":0,"tripposition":3},{"vehicleid":3151,"vehiclenumber":"KA53F0015","servicetypeid":72,"servicetype":"Non AC/Ordinary","centerlat":12.960997,"centerlong":77.612473,"eta":"","sch_arrivaltime":"14:20","sch_departuretime":"14:20","actual_arrivaltime":"14:17","actual_departuretime":"14:17","sch_tripstarttime":"14:00","sch_tripendtime":"14:00","lastlocationid":0,"currentlocationid":29591,"nextlocationid":0,"currentstop":null,"nextstop":null,"laststop":null,"stopCoveredStatus":1,"heading":193,"lastrefreshon":"21-10-2024 14:18:17","lastreceiveddatetimeflag":0,"tripposition":1}]},{"routeid":1730,"stationid":22349,"stationname":"Neelasandra Bus Stand","from":"KR Market","to":"Neelasandra Bus Stand","routeno":"143","distance_on_station":7,"centerlat":12.95766,"centerlong":77.61429,"responsecode":200,"isnotify":0,"vehicleDetails":[{"vehicleid":3151,"vehiclenumber":"KA53F0015","servicetypeid":72,"servicetype":"Non AC/Ordinary","centerlat":12.960997,"centerlong":77.612473,"eta":"2024-10-21 14:20:00","sch_arrivaltime":"14:22","sch_departuretime":"14:22","actual_arrivaltime":"","actual_departuretime":"","sch_tripstarttime":"14:00","sch_tripendtime":"14:00","lastlocationid":0,"currentlocationid":29591,"nextlocationid":0,"currentstop":null,"nextstop":null,"laststop":null,"stopCoveredStatus":0,"heading":193,"lastrefreshon":"21-10-2024 14:18:17","lastreceiveddatetimeflag":0,"tripposition":1},{"vehicleid":19679,"vehiclenumber":"KA01F4830","servicetypeid":72,"servicetype":"Non AC/Ordinary","centerlat":12.964686,"centerlong":77.606705,"eta":"2024-10-21 14:27:00","sch_arrivaltime":"14:02","sch_departuretime":"14:02","actual_arrivaltime":"","actual_departuretime":"","sch_tripstarttime":"13:40","sch_tripendtime":"13:40","lastlocationid":0,"currentlocationid":23671,"nextlocationid":0,"currentstop":null,"nextstop":null,"laststop":null,"stopCoveredStatus":0,"heading":291,"lastrefreshon":"21-10-2024 14:18:07","lastreceiveddatetimeflag":0,"tripposition":1},{"vehicleid":3215,"vehiclenumber":"KA57F0270","servicetypeid":72,"servicetype":"Non AC/Ordinary","centerlat":12.964073,"centerlong":77.584053,"eta":"2024-10-21 14:38:00","sch_arrivaltime":"13:07","sch_departuretime":"13:07","actual_arrivaltime":"","actual_departuretime":"","sch_tripstarttime":"12:45","sch_tripendtime":"12:45","lastlocationid":0,"currentlocationid":31416,"nextlocationid":0,"currentstop":null,"nextstop":null,"laststop":null,"stopCoveredStatus":0,"heading":86,"lastrefreshon":"21-10-2024 14:18:12","lastreceiveddatetimeflag":0,"tripposition":1},{"vehicleid":3125,"vehiclenumber":"KA57F3472","servicetypeid":72,"servicetype":"Non AC/Ordinary","centerlat":12.96041,"centerlong":77.601196,"eta":"2024-10-21 14:41:00","sch_arrivaltime":"14:12","sch_departuretime":"14:12","actual_arrivaltime":"","actual_departuretime":"","sch_tripstarttime":"13:50","sch_tripendtime":"13:50","lastlocationid":0,"currentlocationid":35117,"nextlocationid":0,"currentstop":null,"nextstop":null,"laststop":null,"stopCoveredStatus":0,"heading":126,"lastrefreshon":"21-10-2024 14:18:04","lastreceiveddatetimeflag":0,"tripposition":1}]}],"mapData":[{"vehicleid":3151,"vehiclenumber":"KA53F0015","servicetypeid":72,"servicetype":"Non AC/Ordinary","centerlat":12.960997,"centerlong":77.612473,"eta":"2024-10-21 14:20:00","sch_arrivaltime":"14:22","sch_departuretime":"14:22","actual_arrivaltime":"","actual_departuretime":"","sch_tripstarttime":"14:00","sch_tripendtime":"14:00","lastlocationid":0,"currentlocationid":29591,"nextlocationid":0,"currentstop":null,"nextstop":null,"laststop":null,"stopCoveredStatus":0,"heading":193,"lastrefreshon":"21-10-2024 14:18:17","lastreceiveddatetimeflag":0,"tripposition":1},{"vehicleid":3215,"vehiclenumber":"KA57F0270","servicetypeid":72,"servicetype":"Non AC/Ordinary","centerlat":12.964073,"centerlong":77.584053,"eta":"2024-10-21 14:38:00","sch_arrivaltime":"13:07","sch_departuretime":"13:07","actual_arrivaltime":"","actual_departuretime":"","sch_tripstarttime":"12:45","sch_tripendtime":"12:45","lastlocationid":0,"currentlocationid":31416,"nextlocationid":0,"currentstop":null,"nextstop":null,"laststop":null,"stopCoveredStatus":0,"heading":86,"lastrefreshon":"21-10-2024 14:18:12","lastreceiveddatetimeflag":0,"tripposition":1},{"vehicleid":19679,"vehiclenumber":"KA01F4830","servicetypeid":72,"servicetype":"Non AC/Ordinary","centerlat":12.964686,"centerlong":77.606705,"eta":"2024-10-21 14:27:00","sch_arrivaltime":"14:02","sch_departuretime":"14:02","actual_arrivaltime":"","actual_departuretime":"","sch_tripstarttime":"13:40","sch_tripendtime":"13:40","lastlocationid":0,"currentlocationid":23671,"nextlocationid":0,"currentstop":null,"nextstop":null,"laststop":null,"stopCoveredStatus":0,"heading":291,"lastrefreshon":"21-10-2024 14:18:07","lastreceiveddatetimeflag":0,"tripposition":1},{"vehicleid":3125,"vehiclenumber":"KA57F3472","servicetypeid":72,"servicetype":"Non AC/Ordinary","centerlat":12.96041,"centerlong":77.601196,"eta":"2024-10-21 14:41:00","sch_arrivaltime":"14:12","sch_departuretime":"14:12","actual_arrivaltime":"","actual_departuretime":"","sch_tripstarttime":"13:50","sch_tripendtime":"13:50","lastlocationid":0,"currentlocationid":35117,"nextlocationid":0,"currentstop":null,"nextstop":null,"laststop":null,"stopCoveredStatus":0,"heading":126,"lastrefreshon":"21-10-2024 14:18:04","lastreceiveddatetimeflag":0,"tripposition":1}]},"down":{"data":[{"routeid":1731,"stationid":22349,"stationname":"Neelasandra Bus Stand","from":"Neelasandra Bus Stand","to":"KR Market","routeno":"143","distance_on_station":0,"centerlat":12.95766,"centerlong":77.61429,"responsecode":200,"isnotify":0,"vehicleDetails":[{"vehicleid":22462,"vehiclenumber":"KA57F1365","servicetypeid":72,"servicetype":"Non AC/Ordinary","centerlat":12.963405,"centerlong":77.579071,"eta":"","sch_arrivaltime":"13:20","sch_departuretime":"13:20","actual_arrivaltime":"","actual_departuretime":"","sch_tripstarttime":"13:20","sch_tripendtime":"13:20","lastlocationid":0,"currentlocationid":20940,"nextlocationid":0,"currentstop":null,"nextstop":null,"laststop":null,"stopCoveredStatus":1,"heading":61,"lastrefreshon":"21-10-2024 14:18:12","lastreceiveddatetimeflag":0,"tripposition":1},{"vehicleid":22584,"vehiclenumber":"KA01F4894","servicetypeid":72,"servicetype":"Non AC/Ordinary","centerlat":12.963422,"centerlong":77.581024,"eta":"","sch_arrivaltime":"13:10","sch_departuretime":"13:10","actual_arrivaltime":"13:49","actual_departuretime":"13:49","sch_tripstarttime":"13:10","sch_tripendtime":"13:10","lastlocationid":0,"currentlocationid":20940,"nextlocationid":0,"currentstop":null,"nextstop":null,"laststop":null,"stopCoveredStatus":1,"heading":274,"lastrefreshon":"21-10-2024 14:17:59","lastreceiveddatetimeflag":0,"tripposition":1},{"vehicleid":22752,"vehiclenumber":"KA57F1439","servicetypeid":72,"servicetype":"Non AC/Ordinary","centerlat":12.966002,"centerlong":77.605125,"eta":"","sch_arrivaltime":"14:20","sch_departuretime":"14:20","actual_arrivaltime":"14:11","actual_departuretime":"14:11","sch_tripstarttime":"14:20","sch_tripendtime":"14:20","lastlocationid":0,"currentlocationid":21126,"nextlocationid":0,"currentstop":null,"nextstop":null,"laststop":null,"stopCoveredStatus":1,"heading":262,"lastrefreshon":"21-10-2024 14:18:10","lastreceiveddatetimeflag":0,"tripposition":1}]},{"routeid":1731,"stationid":23672,"stationname":"Austin Town","from":"Neelasandra Bus Stand","to":"KR Market","routeno":"143","distance_on_station":0.568,"centerlat":12.96153,"centerlong":77.61456,"responsecode":200,"isnotify":0,"vehicleDetails":[{"vehicleid":22584,"vehiclenumber":"KA01F4894","servicetypeid":72,"servicetype":"Non AC/Ordinary","centerlat":12.963422,"centerlong":77.581024,"eta":"","sch_arrivaltime":"13:12","sch_departuretime":"13:12","actual_arrivaltime":"13:51","actual_departuretime":"13:52","sch_tripstarttime":"13:10","sch_tripendtime":"13:10","lastlocationid":0,"currentlocationid":20940,"nextlocationid":0,"currentstop":null,"nextstop":null,"laststop":null,"stopCoveredStatus":1,"heading":274,"lastrefreshon":"21-10-2024 14:17:59","lastreceiveddatetimeflag":0,"tripposition":1},{"vehicleid":22752,"vehiclenumber":"KA57F1439","servicetypeid":72,"servicetype":"Non AC/Ordinary","centerlat":12.966002,"centerlong":77.605125,"eta":"","sch_arrivaltime":"14:22","sch_departuretime":"14:22","actual_arrivaltime":"14:13","actual_departuretime":"14:14","sch_tripstarttime":"14:20","sch_tripendtime":"14:20","lastlocationid":0,"currentlocationid":21126,"nextlocationid":0,"currentstop":null,"nextstop":null,"laststop":null,"stopCoveredStatus":1,"heading":262,"lastrefreshon":"21-10-2024 14:18:10","lastreceiveddatetimeflag":0,"tripposition":1},{"vehicleid":22462,"vehiclenumber":"KA57F1365","servicetypeid":72,"servicetype":"Non AC/Ordinary","centerlat":12.963405,"centerlong":77.579071,"eta":"","sch_arrivaltime":"13:22","sch_departuretime":"13:22","actual_arrivaltime":"13:47","actual_departuretime":"13:47","sch_tripstarttime":"13:20","sch_tripendtime":"13:20","lastlocationid":0,"currentlocationid":20940,"nextlocationid":0,"currentstop":null,"nextstop":null,"laststop":null,"stopCoveredStatus":1,"heading":61,"lastrefreshon":"21-10-2024 14:18:12","lastreceiveddatetimeflag":0,"tripposition":1}]},{"routeid":1731,"stationid":35219,"stationname":"Philomenas Hospital","from":"Neelasandra Bus Stand","to":"KR Market","routeno":"143","distance_on_station":1.354,"centerlat":12.96475,"centerlong":77.61011,"responsecode":200,"isnotify":0,"vehicleDetails":[{"vehicleid":22584,"vehiclenumber":"KA01F4894","servicetypeid":72,"servicetype":"Non AC/Ordinary","centerlat":12.963422,"centerlong":77.581024,"eta":"","sch_arrivaltime":"13:13","sch_departuretime":"13:13","actual_arrivaltime":"13:54","actual_departuretime":"13:54","sch_tripstarttime":"13:10","sch_tripendtime":"13:10","lastlocationid":0,"currentlocationid":20940,"nextlocationid":0,"currentstop":null,"nextstop":null,"laststop":null,"stopCoveredStatus":1,"heading":274,"lastrefreshon":"21-10-2024 14:17:59","lastreceiveddatetimeflag":0,"tripposition":1},{"vehicleid":22752,"vehiclenumber":"KA57F1439","servicetypeid":72,"servicetype":"Non AC/Ordinary","centerlat":12.966002,"centerlong":77.605125,"eta":"","sch_arrivaltime":"14:23","sch_departuretime":"14:23","actual_arrivaltime":"14:15","actual_departuretime":"14:15","sch_tripstarttime":"14:20","sch_tripendtime":"14:20","lastlocationid":0,"currentlocationid":21126,"nextlocationid":0,"currentstop":null,"nextstop":null,"laststop":null,"stopCoveredStatus":1,"heading":262,"lastrefreshon":"21-10-2024 14:18:10","lastreceiveddatetimeflag":0,"tripposition":1},{"vehicleid":22462,"vehiclenumber":"KA57F1365","servicetypeid":72,"servicetype":"Non AC/Ordinary","centerlat":12.963405,"centerlong":77.579071,"eta":"","sch_arrivaltime":"13:23","sch_departuretime":"13:23","actual_arrivaltime":"13:49","actual_departuretime":"13:49","sch_tripstarttime":"13:20","sch_tripendtime":"13:20","lastlocationid":0,"currentlocationid":20940,"nextlocationid":0,"currentstop":null,"nextstop":null,"laststop":null,"stopCoveredStatus":1,"heading":61,"lastrefreshon":"21-10-2024 14:18:12","lastreceiveddatetimeflag":0,"tripposition":1}]},{"routeid":1731,"stationid":21126,"stationname":"Richmond Circle","from":"Neelasandra Bus Stand","to":"KR Market","routeno":"143","distance_on_station":2.466,"centerlat":12.9658,"centerlong":77.60433,"responsecode":200,"isnotify":0,"vehicleDetails":[{"vehicleid":22462,"vehiclenumber":"KA57F1365","servicetypeid":72,"servicetype":"Non AC/Ordinary","centerlat":12.963405,"centerlong":77.579071,"eta":"","sch_arrivaltime":"13:25","sch_departuretime":"13:25","actual_arrivaltime":"13:54","actual_departuretime":"13:54","sch_tripstarttime":"13:20","sch_tripendtime":"13:20","lastlocationid":0,"currentlocationid":20940,"nextlocationid":0,"currentstop":null,"nextstop":null,"laststop":null,"stopCoveredStatus":1,"heading":61,"lastrefreshon":"21-10-2024 14:18:12","lastreceiveddatetimeflag":0,"tripposition":1},{"vehicleid":22584,"vehiclenumber":"KA01F4894","servicetypeid":72,"servicetype":"Non AC/Ordinary","centerlat":12.963422,"centerlong":77.581024,"eta":"","sch_arrivaltime":"13:15","sch_departuretime":"13:15","actual_arrivaltime":"13:58","actual_departuretime":"13:58","sch_tripstarttime":"13:10","sch_tripendtime":"13:10","lastlocationid":0,"currentlocationid":20940,"nextlocationid":0,"currentstop":null,"nextstop":null,"laststop":null,"stopCoveredStatus":1,"heading":274,"lastrefreshon":"21-10-2024 14:17:59","lastreceiveddatetimeflag":0,"tripposition":1},{"vehicleid":22752,"vehiclenumber":"KA57F1439","servicetypeid":72,"servicetype":"Non AC/Ordinary","centerlat":12.966002,"centerlong":77.605125,"eta":"2024-10-21 14:19:00","sch_arrivaltime":"14:25","sch_departuretime":"14:25","actual_arrivaltime":"","actual_departuretime":"","sch_tripstarttime":"14:20","sch_tripendtime":"14:20","lastlocationid":0,"currentlocationid":21126,"nextlocationid":0,"currentstop":null,"nextstop":null,"laststop":null,"stopCoveredStatus":0,"heading":262,"lastrefreshon":"21-10-2024 14:18:10","lastreceiveddatetimeflag":0,"tripposition":3}]},{"routeid":1731,"stationid":35278,"stationname":"Nanjappa Circle","from":"Neelasandra Bus Stand","to":"KR Market","routeno":"143","distance_on_station":3.47,"centerlat":12.9606,"centerlong":77.60084,"responsecode":200,"isnotify":0,"vehicleDetails":[{"vehicleid":22462,"vehiclenumber":"KA57F1365","servicetypeid":72,"servicetype":"Non AC/Ordinary","centerlat":12.963405,"centerlong":77.579071,"eta":"","sch_arrivaltime":"13:28","sch_departuretime":"13:28","actual_arrivaltime":"13:58","actual_departuretime":"13:58","sch_tripstarttime":"13:20","sch_tripendtime":"13:20","lastlocationid":0,"currentlocationid":20940,"nextlocationid":0,"currentstop":null,"nextstop":null,"laststop":null,"stopCoveredStatus":1,"heading":61,"lastrefreshon":"21-10-2024 14:18:12","lastreceiveddatetimeflag":0,"tripposition":1},{"vehicleid":22584,"vehiclenumber":"KA01F4894","servicetypeid":72,"servicetype":"Non AC/Ordinary","centerlat":12.963422,"centerlong":77.581024,"eta":"","sch_arrivaltime":"13:18","sch_departuretime":"13:18","actual_arrivaltime":"14:02","actual_departuretime":"14:02","sch_tripstarttime":"13:10","sch_tripendtime":"13:10","lastlocationid":0,"currentlocationid":20940,"nextlocationid":0,"currentstop":null,"nextstop":null,"laststop":null,"stopCoveredStatus":1,"heading":274,"lastrefreshon":"21-10-2024 14:17:59","lastreceiveddatetimeflag":0,"tripposition":1},{"vehicleid":22752,"vehiclenumber":"KA57F1439","servicetypeid":72,"servicetype":"Non AC/Ordinary","centerlat":12.966002,"centerlong":77.605125,"eta":"2024-10-21 14:21:00","sch_arrivaltime":"14:28","sch_departuretime":"14:28","actual_arrivaltime":"","actual_departuretime":"","sch_tripstarttime":"14:20","sch_tripendtime":"14:20","lastlocationid":0,"currentlocationid":21126,"nextlocationid":0,"currentstop":null,"nextstop":null,"laststop":null,"stopCoveredStatus":0,"heading":262,"lastrefreshon":"21-10-2024 14:18:10","lastreceiveddatetimeflag":0,"tripposition":3}]},{"routeid":1731,"stationid":23668,"stationname":"Akkithimmanahalli","from":"Neelasandra Bus Stand","to":"KR Market","routeno":"143","distance_on_station":4.05,"centerlat":12.96216,"centerlong":77.59674,"responsecode":200,"isnotify":0,"vehicleDetails":[{"vehicleid":22462,"vehiclenumber":"KA57F1365","servicetypeid":72,"servicetype":"Non AC/Ordinary","centerlat":12.963405,"centerlong":77.579071,"eta":"","sch_arrivaltime":"13:29","sch_departuretime":"13:29","actual_arrivaltime":"14:00","actual_departuretime":"14:01","sch_tripstarttime":"13:20","sch_tripendtime":"13:20","lastlocationid":0,"currentlocationid":20940,"nextlocationid":0,"currentstop":null,"nextstop":null,"laststop":null,"stopCoveredStatus":1,"heading":61,"lastrefreshon":"21-10-2024 14:18:12","lastreceiveddatetimeflag":0,"tripposition":1},{"vehicleid":22584,"vehiclenumber":"KA01F4894","servicetypeid":72,"servicetype":"Non AC/Ordinary","centerlat":12.963422,"centerlong":77.581024,"eta":"","sch_arrivaltime":"13:19","sch_departuretime":"13:19","actual_arrivaltime":"","actual_departuretime":"","sch_tripstarttime":"13:10","sch_tripendtime":"13:10","lastlocationid":0,"currentlocationid":20940,"nextlocationid":0,"currentstop":null,"nextstop":null,"laststop":null,"stopCoveredStatus":1,"heading":274,"lastrefreshon":"21-10-2024 14:17:59","lastreceiveddatetimeflag":0,"tripposition":3},{"vehicleid":22752,"vehiclenumber":"KA57F1439","servicetypeid":72,"servicetype":"Non AC/Ordinary","centerlat":12.966002,"centerlong":77.605125,"eta":"2024-10-21 14:23:00","sch_arrivaltime":"14:29","sch_departuretime":"14:29","actual_arrivaltime":"","actual_departuretime":"","sch_tripstarttime":"14:20","sch_tripendtime":"14:20","lastlocationid":0,"currentlocationid":21126,"nextlocationid":0,"currentstop":null,"nextstop":null,"laststop":null,"stopCoveredStatus":0,"heading":262,"lastrefreshon":"21-10-2024 14:18:10","lastreceiveddatetimeflag":0,"tripposition":3}]},{"routeid":1731,"stationid":23999,"stationname":"Subbaiah Circle","from":"Neelasandra Bus Stand","to":"KR Market","routeno":"143","distance_on_station":4.836,"centerlat":12.96258,"centerlong":77.59102,"responsecode":200,"isnotify":0,"vehicleDetails":[{"vehicleid":22462,"vehiclenumber":"KA57F1365","servicetypeid":72,"servicetype":"Non AC/Ordinary","centerlat":12.963405,"centerlong":77.579071,"eta":"","sch_arrivaltime":"13:30","sch_departuretime":"13:30","actual_arrivaltime":"14:02","actual_departuretime":"14:03","sch_tripstarttime":"13:20","sch_tripendtime":"13:20","lastlocationid":0,"currentlocationid":20940,"nextlocationid":0,"currentstop":null,"nextstop":null,"laststop":null,"stopCoveredStatus":1,"heading":61,"lastrefreshon":"21-10-2024 14:18:12","lastreceiveddatetimeflag":0,"tripposition":1},{"vehicleid":22584,"vehiclenumber":"KA01F4894","servicetypeid":72,"servicetype":"Non AC/Ordinary","centerlat":12.963422,"centerlong":77.581024,"eta":"","sch_arrivaltime":"13:20","sch_departuretime":"13:20","actual_arrivaltime":"14:07","actual_departuretime":"14:07","sch_tripstarttime":"13:10","sch_tripendtime":"13:10","lastlocationid":0,"currentlocationid":20940,"nextlocationid":0,"currentstop":null,"nextstop":null,"laststop":null,"stopCoveredStatus":1,"heading":274,"lastrefreshon":"21-10-2024 14:17:59","lastreceiveddatetimeflag":0,"tripposition":1},{"vehicleid":22752,"vehiclenumber":"KA57F1439","servicetypeid":72,"servicetype":"Non AC/Ordinary","centerlat":12.966002,"centerlong":77.605125,"eta":"2024-10-21 14:25:00","sch_arrivaltime":"14:30","sch_departuretime":"14:30","actual_arrivaltime":"","actual_departuretime":"","sch_tripstarttime":"14:20","sch_tripendtime":"14:20","lastlocationid":0,"currentlocationid":21126,"nextlocationid":0,"currentstop":null,"nextstop":null,"laststop":null,"stopCoveredStatus":0,"heading":262,"lastrefreshon":"21-10-2024 14:18:10","lastreceiveddatetimeflag":0,"tripposition":3}]},{"routeid":1731,"stationid":21100,"stationname":"Poornima Talkies","from":"Neelasandra Bus Stand","to":"KR Market","routeno":"143","distance_on_station":5.307,"centerlat":12.96101,"centerlong":77.58802,"responsecode":200,"isnotify":0,"vehicleDetails":[{"vehicleid":22462,"vehiclenumber":"KA57F1365","servicetypeid":72,"servicetype":"Non AC/Ordinary","centerlat":12.963405,"centerlong":77.579071,"eta":"","sch_arrivaltime":"13:31","sch_departuretime":"13:31","actual_arrivaltime":"14:04","actual_departuretime":"14:04","sch_tripstarttime":"13:20","sch_tripendtime":"13:20","lastlocationid":0,"currentlocationid":20940,"nextlocationid":0,"currentstop":null,"nextstop":null,"laststop":null,"stopCoveredStatus":1,"heading":61,"lastrefreshon":"21-10-2024 14:18:12","lastreceiveddatetimeflag":0,"tripposition":1},{"vehicleid":22584,"vehiclenumber":"KA01F4894","servicetypeid":72,"servicetype":"Non AC/Ordinary","centerlat":12.963422,"centerlong":77.581024,"eta":"","sch_arrivaltime":"13:21","sch_departuretime":"13:21","actual_arrivaltime":"14:08","actual_departuretime":"14:09","sch_tripstarttime":"13:10","sch_tripendtime":"13:10","lastlocationid":0,"currentlocationid":20940,"nextlocationid":0,"currentstop":null,"nextstop":null,"laststop":null,"stopCoveredStatus":1,"heading":274,"lastrefreshon":"21-10-2024 14:17:59","lastreceiveddatetimeflag":0,"tripposition":1},{"vehicleid":22752,"vehiclenumber":"KA57F1439","servicetypeid":72,"servicetype":"Non AC/Ordinary","centerlat":12.966002,"centerlong":77.605125,"eta":"2024-10-21 14:26:00","sch_arrivaltime":"14:31","sch_departuretime":"14:31","actual_arrivaltime":"","actual_departuretime":"","sch_tripstarttime":"14:20","sch_tripendtime":"14:20","lastlocationid":0,"currentlocationid":21126,"nextlocationid":0,"currentstop":null,"nextstop":null,"laststop":null,"stopCoveredStatus":0,"heading":262,"lastrefreshon":"21-10-2024 14:18:10","lastreceiveddatetimeflag":0,"tripposition":3}]},{"routeid":1731,"stationid":21232,"stationname":"Town Hall","from":"Neelasandra Bus Stand","to":"KR Market","routeno":"143","distance_on_station":6.263,"centerlat":12.96355,"centerlong":77.58375,"responsecode":200,"isnotify":0,"vehicleDetails":[{"vehicleid":22462,"vehiclenumber":"KA57F1365","servicetypeid":72,"servicetype":"Non AC/Ordinary","centerlat":12.963405,"centerlong":77.579071,"eta":"","sch_arrivaltime":"13:34","sch_departuretime":"13:34","actual_arrivaltime":"14:11","actual_departuretime":"14:11","sch_tripstarttime":"13:20","sch_tripendtime":"13:20","lastlocationid":0,"currentlocationid":20940,"nextlocationid":0,"currentstop":null,"nextstop":null,"laststop":null,"stopCoveredStatus":1,"heading":61,"lastrefreshon":"21-10-2024 14:18:12","lastreceiveddatetimeflag":0,"tripposition":1},{"vehicleid":22584,"vehiclenumber":"KA01F4894","servicetypeid":72,"servicetype":"Non AC/Ordinary","centerlat":12.963422,"centerlong":77.581024,"eta":"2024-10-21 14:18:00","sch_arrivaltime":"13:24","sch_departuretime":"13:24","actual_arrivaltime":"14:17","actual_departuretime":"14:17","sch_tripstarttime":"13:10","sch_tripendtime":"13:10","lastlocationid":0,"currentlocationid":20940,"nextlocationid":0,"currentstop":null,"nextstop":null,"laststop":null,"stopCoveredStatus":1,"heading":274,"lastrefreshon":"21-10-2024 14:17:59","lastreceiveddatetimeflag":0,"tripposition":1},{"vehicleid":22752,"vehiclenumber":"KA57F1439","servicetypeid":72,"servicetype":"Non AC/Ordinary","centerlat":12.966002,"centerlong":77.605125,"eta":"2024-10-21 14:28:00","sch_arrivaltime":"14:34","sch_departuretime":"14:34","actual_arrivaltime":"","actual_departuretime":"","sch_tripstarttime":"14:20","sch_tripendtime":"14:20","lastlocationid":0,"currentlocationid":21126,"nextlocationid":0,"currentstop":null,"nextstop":null,"laststop":null,"stopCoveredStatus":0,"heading":262,"lastrefreshon":"21-10-2024 14:18:10","lastreceiveddatetimeflag":0,"tripposition":3}]},{"routeid":1731,"stationid":20940,"stationname":"KR Market","from":"Neelasandra Bus Stand","to":"KR Market","routeno":"143","distance_on_station":7,"centerlat":12.9641,"centerlong":77.57897,"responsecode":200,"isnotify":0,"vehicleDetails":[{"vehicleid":22462,"vehiclenumber":"KA57F1365","servicetypeid":72,"servicetype":"Non AC/Ordinary","centerlat":12.963405,"centerlong":77.579071,"eta":"","sch_arrivaltime":"13:37","sch_departuretime":"13:37","actual_arrivaltime":"14:13","actual_departuretime":"14:13","sch_tripstarttime":"13:20","sch_tripendtime":"13:20","lastlocationid":0,"currentlocationid":20940,"nextlocationid":0,"currentstop":null,"nextstop":null,"laststop":null,"stopCoveredStatus":1,"heading":61,"lastrefreshon":"21-10-2024 14:18:12","lastreceiveddatetimeflag":0,"tripposition":1},{"vehicleid":22584,"vehiclenumber":"KA01F4894","servicetypeid":72,"servicetype":"Non AC/Ordinary","centerlat":12.963422,"centerlong":77.581024,"eta":"2024-10-21 14:19:00","sch_arrivaltime":"13:27","sch_departuretime":"13:27","actual_arrivaltime":"","actual_departuretime":"","sch_tripstarttime":"13:10","sch_tripendtime":"13:10","lastlocationid":0,"currentlocationid":20940,"nextlocationid":0,"currentstop":null,"nextstop":null,"laststop":null,"stopCoveredStatus":0,"heading":274,"lastrefreshon":"21-10-2024 14:17:59","lastreceiveddatetimeflag":0,"tripposition":1},{"vehicleid":22752,"vehiclenumber":"KA57F1439","servicetypeid":72,"servicetype":"Non AC/Ordinary","centerlat":12.966002,"centerlong":77.605125,"eta":"2024-10-21 14:30:00","sch_arrivaltime":"14:37","sch_departuretime":"14:37","actual_arrivaltime":"","actual_departuretime":"","sch_tripstarttime":"14:20","sch_tripendtime":"14:20","lastlocationid":0,"currentlocationid":21126,"nextlocationid":0,"currentstop":null,"nextstop":null,"laststop":null,"stopCoveredStatus":0,"heading":262,"lastrefreshon":"21-10-2024 14:18:10","lastreceiveddatetimeflag":0,"tripposition":1}]}],"mapData":[{"vehicleid":22584,"vehiclenumber":"KA01F4894","servicetypeid":72,"servicetype":"Non AC/Ordinary","centerlat":12.963422,"centerlong":77.581024,"eta":"2024-10-21 14:19:00","sch_arrivaltime":"13:27","sch_departuretime":"13:27","actual_arrivaltime":"","actual_departuretime":"","sch_tripstarttime":"13:10","sch_tripendtime":"13:10","lastlocationid":0,"currentlocationid":20940,"nextlocationid":0,"currentstop":null,"nextstop":null,"laststop":null,"stopCoveredStatus":0,"heading":274,"lastrefreshon":"21-10-2024 14:17:59","lastreceiveddatetimeflag":0,"tripposition":1},{"vehicleid":22462,"vehiclenumber":"KA57F1365","servicetypeid":72,"servicetype":"Non AC/Ordinary","centerlat":12.963405,"centerlong":77.579071,"eta":"","sch_arrivaltime":"13:37","sch_departuretime":"13:37","actual_arrivaltime":"14:13","actual_departuretime":"14:13","sch_tripstarttime":"13:20","sch_tripendtime":"13:20","lastlocationid":0,"currentlocationid":20940,"nextlocationid":0,"currentstop":null,"nextstop":null,"laststop":null,"stopCoveredStatus":1,"heading":61,"lastrefreshon":"21-10-2024 14:18:12","lastreceiveddatetimeflag":0,"tripposition":1},{"vehicleid":22752,"vehiclenumber":"KA57F1439","servicetypeid":72,"servicetype":"Non AC/Ordinary","centerlat":12.966002,"centerlong":77.605125,"eta":"2024-10-21 14:30:00","sch_arrivaltime":"14:37","sch_departuretime":"14:37","actual_arrivaltime":"","actual_departuretime":"","sch_tripstarttime":"14:20","sch_tripendtime":"14:20","lastlocationid":0,"currentlocationid":21126,"nextlocationid":0,"currentstop":null,"nextstop":null,"laststop":null,"stopCoveredStatus":0,"heading":262,"lastrefreshon":"21-10-2024 14:18:10","lastreceiveddatetimeflag":0,"tripposition":1}]},"message":"Success","issuccess":true,"exception":null,"rowCount":0,"responsecode":200}