{"up":{"data":[{"routeid":13075,"stationid":22013,"stationname":"Hampinagara RPC Layout","from":"Hampinagara RPC Layout","to":"RM Guttahalli","routeno":"176 HPN-RGH","distance_on_station":0,"centerlat":12.95872,"centerlong":77.53575,"responsecode":200,"isnotify":0,"vehicleDetails":[{"vehicleid":11761,"vehiclenumber":"KA57F3621","servicetypeid":72,"servicetype":"Non AC/Ordinary","centerlat":12.951115,"centerlong":77.53643,"eta":"","sch_arrivaltime":"12:20","sch_departuretime":"12:20","actual_arrivaltime":"","actual_departuretime":"","sch_tripstarttime":"12:20","sch_tripendtime":"12:20","lastlocationid":0,"currentlocationid":22013,"nextlocationid":0,"currentstop":null,"nextstop":null,"laststop":null,"stopCoveredStatus":0,"heading":59,"lastrefreshon":"28-07-2024 21:05:34","lastreceiveddatetimeflag":1,"tripposition":1}]},{"routeid":13075,"stationid":22010,"stationname":"Hampi Nagara 7th Main","from":"Hampinagara RPC Layout","to":"RM Guttahalli","routeno":"176 HPN-RGH","distance_on_station":0.337,"centerlat":12.96192,"centerlong":77.53752,"responsecode":200,"isnotify":0,"vehicleDetails":[{"vehicleid":11761,"vehiclenumber":"KA57F3621","servicetypeid":72,"servicetype":"Non AC/Ordinary","centerlat":12.951115,"centerlong":77.53643,"eta":"","sch_arrivaltime":"12:21","sch_departuretime":"12:21","actual_arrivaltime":"","actual_departuretime":"","sch_tripstarttime":"12:20","sch_tripendtime":"12:20","lastlocationid":0,"currentlocationid":22013,"nextlocationid":0,"currentstop":null,"nextstop":null,"laststop":null,"stopCoveredStatus":0,"heading":59,"lastrefreshon":"28-07-2024 21:05:34","lastreceiveddatetimeflag":1,"tripposition":3}]},{"routeid":13075,"stationid":22011,"stationname":"Hampi Nagara Post Office","from":"Hampinagara RPC Layout","to":"RM Guttahalli","routeno":"176 HPN-RGH","distance_on_station":0.681,"centerlat":12.96527,"centerlong":77.53771,"responsecode":200,"isnotify":0,"vehicleDetails":[{"vehicleid":11761,"vehiclenumber":"KA57F3621","servicetypeid":72,"servicetype":"Non AC/Ordinary","centerlat":12.951115,"centerlong":77.53643,"eta":"","sch_arrivaltime":"12:22","sch_departuretime":"12:22","actual_arrivaltime":"","actual_departuretime":"","sch_tripstarttime":"12:20","sch_tripendtime":"12:20","lastlocationid":0,"currentlocationid":22013,"nextlocationid":0,"currentstop":null,"nextstop":null,"laststop":null,"stopCoveredStatus":0,"heading":59,"lastrefreshon":"28-07-2024 21:05:34","lastreceiveddatetimeflag":1,"tripposition":3}]},{"routeid":13075,"stationid":35395,"stationname":"Vijayanagara Garage","from":"Hampinagara RPC Layout","to":"RM Guttahalli","routeno":"176 HPN-RGH","distance_on_station":1.174,"centerlat":12.96558,"centerlong":77.53492,"responsecode":200,"isnotify":0,"vehicleDetails":[{"vehicleid":11761,"vehiclenumber":"KA57F3621","servicetypeid":72,"servicetype":"Non AC/Ordinary","centerlat":12.951115,"centerlong":77.53643,"eta":"","sch_arrivaltime":"12:25","sch_departuretime":"12:25","actual_arrivaltime":"","actual_departuretime":"","sch_tripstarttime":"12:20","sch_tripendtime":"12:20","lastlocationid":0,"currentlocationid":22013,"nextlocationid":0,"currentstop":null,"nextstop":null,"laststop":null,"stopCoveredStatus":0,"heading":59,"lastrefreshon":"28-07-2024 21:05:34","lastreceiveddatetimeflag":1,"tripposition":3}]},{"routeid":13075,"stationid":21011,"stationname":"Maruthi Mandira","from":"Hampinagara RPC Layout","to":"RM Guttahalli","routeno":"176 HPN-RGH","distance_on_station":1.404,"centerlat":12.96779,"centerlong":77.53615,"responsecode":200,"isnotify":0,"vehicleDetails":[{"vehicleid":11761,"vehiclenumber":"KA57F3621","servicetypeid":72,"servicetype":"Non AC/Ordinary","centerlat":12.951115,"centerlong":77.53643,"eta":"","sch_arrivaltime":"12:26","sch_departuretime":"12:26","actual_arrivaltime":"","actual_departuretime":"","sch_tripstarttime":"12:20","sch_tripendtime":"12:20","lastlocationid":0,"currentlocationid":22013,"nextlocationid":0,"currentstop":null,"nextstop":null,"laststop":null,"stopCoveredStatus":0,"heading":59,"lastrefreshon":"28-07-2024 21:05:34","lastreceiveddatetimeflag":1,"tripposition":3}]},{"routeid":13075,"stationid":21266,"stationname":"Vijayanagara","from":"Hampinagara RPC Layout","to":"RM Guttahalli","routeno":"176 HPN-RGH","distance_on_station":1.806,"centerlat":12.97192,"centerlong":77.53766,"responsecode":200,"isnotify":0,"vehicleDetails":[{"vehicleid":11761,"vehiclenumber":"KA57F3621","servicetypeid":72,"servicetype":"Non AC/Ordinary","centerlat":12.951115,"centerlong":77.53643,"eta":"","sch_arrivaltime":"12:27","sch_departuretime":"12:27","actual_arrivaltime":"","actual_departuretime":"","sch_tripstarttime":"12:20","sch_tripendtime":"12:20","lastlocationid":0,"currentlocationid":22013,"nextlocationid":0,"currentstop":null,"nextstop":null,"laststop":null,"stopCoveredStatus":0,"heading":59,"lastrefreshon":"28-07-2024 21:05:34","lastreceiveddatetimeflag":1,"tripposition":3}]},{"routeid":13075,"stationid":20997,"stationname":"Manuvana","from":"Hampinagara RPC Layout","to":"RM Guttahalli","routeno":"176 HPN-RGH","distance_on_station":2.479,"centerlat":12.97431,"centerlong":77.54454,"responsecode":200,"isnotify":0,"vehicleDetails":[{"vehicleid":11761,"vehiclenumber":"KA57F3621","servicetypeid":72,"servicetype":"Non AC/Ordinary","centerlat":12.951115,"centerlong":77.53643,"eta":"","sch_arrivaltime":"12:29","sch_departuretime":"12:29","actual_arrivaltime":"","actual_departuretime":"","sch_tripstarttime":"12:20","sch_tripendtime":"12:20","lastlocationid":0,"currentlocationid":22013,"nextlocationid":0,"currentstop":null,"nextstop":null,"laststop":null,"stopCoveredStatus":0,"heading":59,"lastrefreshon":"28-07-2024 21:05:34","lastreceiveddatetimeflag":1,"tripposition":3}]},{"routeid":13075,"stationid":20976,"stationname":"Magadi Road TollGate","from":"Hampinagara RPC Layout","to":"RM Guttahalli","routeno":"176 HPN-RGH","distance_on_station":2.939,"centerlat":12.97459,"centerlong":77.54897,"responsecode":200,"isnotify":0,"vehicleDetails":[{"vehicleid":11761,"vehiclenumber":"KA57F3621","servicetypeid":72,"servicetype":"Non AC/Ordinary","centerlat":12.951115,"centerlong":77.53643,"eta":"","sch_arrivaltime":"12:31","sch_departuretime":"12:31","actual_arrivaltime":"","actual_departuretime":"","sch_tripstarttime":"12:20","sch_tripendtime":"12:20","lastlocationid":0,"currentlocationid":22013,"nextlocationid":0,"currentstop":null,"nextstop":null,"laststop":null,"stopCoveredStatus":0,"heading":59,"lastrefreshon":"28-07-2024 21:05:34","lastreceiveddatetimeflag":1,"tripposition":3}]},{"routeid":13075,"stationid":21103,"stationname":"Prasanna Theatre","from":"Hampinagara RPC Layout","to":"RM Guttahalli","routeno":"176 HPN-RGH","distance_on_station":3.333,"centerlat":12.9754,"centerlong":77.55234,"responsecode":200,"isnotify":0,"vehicleDetails":[{"vehicleid":11761,"vehiclenumber":"KA57F3621","servicetypeid":72,"servicetype":"Non AC/Ordinary","centerlat":12.951115,"centerlong":77.53643,"eta":"","sch_arrivaltime":"12:32","sch_departuretime":"12:32","actual_arrivaltime":"","actual_departuretime":"","sch_tripstarttime":"12:20","sch_tripendtime":"12:20","lastlocationid":0,"currentlocationid":22013,"nextlocationid":0,"currentstop":null,"nextstop":null,"laststop":null,"stopCoveredStatus":0,"heading":59,"lastrefreshon":"28-07-2024 21:05:34","lastreceiveddatetimeflag":1,"tripposition":3}]},{"routeid":13075,"stationid":20586,"stationname":"6th Block Rajajinagara","from":"Hampinagara RPC Layout","to":"RM Guttahalli","routeno":"176 HPN-RGH","distance_on_station":3.719,"centerlat":12.97944,"centerlong":77.55359,"responsecode":200,"isnotify":0,"vehicleDetails":[{"vehicleid":11761,"vehiclenumber":"KA57F3621","servicetypeid":72,"servicetype":"Non AC/Ordinary","centerlat":12.951115,"centerlong":77.53643,"eta":"","sch_arrivaltime":"12:33","sch_departuretime":"12:33","actual_arrivaltime":"","actual_departuretime":"","sch_tripstarttime":"12:20","sch_tripendtime":"12:20","lastlocationid":0,"currentlocationid":22013,"nextlocationid":0,"currentstop":null,"nextstop":null,"laststop":null,"stopCoveredStatus":0,"heading":59,"lastrefreshon":"28-07-2024 21:05:34","lastreceiveddatetimeflag":1,"tripposition":3}]},{"routeid":13075,"stationid":29788,"stationname":"Bashyam Circle Rajajinagara","from":"Hampinagara RPC Layout","to":"RM Guttahalli","routeno":"176 HPN-RGH","distance_on_station":4.195,"centerlat":12.98458,"centerlong":77.55414,"responsecode":200,"isnotify":0,"vehicleDetails":[{"vehicleid":11761,"vehiclenumber":"KA57F3621","servicetypeid":72,"servicetype":"Non AC/Ordinary","centerlat":12.951115,"centerlong":77.53643,"eta":"","sch_arrivaltime":"12:35","sch_departuretime":"12:35","actual_arrivaltime":"","actual_departuretime":"","sch_tripstarttime":"12:20","sch_tripendtime":"12:20","lastlocationid":0,"currentlocationid":22013,"nextlocationid":0,"currentstop":null,"nextstop":null,"laststop":null,"stopCoveredStatus":0,"heading":59,"lastrefreshon":"28-07-2024 21:05:34","lastreceiveddatetimeflag":1,"tripposition":3}]},{"routeid":13075,"stationid":21072,"stationname":"Rajajinagara Old Police Station","from":"Hampinagara RPC Layout","to":"RM Guttahalli","routeno":"176 HPN-RGH","distance_on_station":4.622,"centerlat":12.98928,"centerlong":77.55438,"responsecode":200,"isnotify":0,"vehicleDetails":[{"vehicleid":11761,"vehiclenumber":"KA57F3621","servicetypeid":72,"servicetype":"Non AC/Ordinary","centerlat":12.951115,"centerlong":77.53643,"eta":"","sch_arrivaltime":"12:37","sch_departuretime":"12:37","actual_arrivaltime":"","actual_departuretime":"","sch_tripstarttime":"12:20","sch_tripendtime":"12:20","lastlocationid":0,"currentlocationid":22013,"nextlocationid":0,"currentstop":null,"nextstop":null,"laststop":null,"stopCoveredStatus":0,"heading":59,"lastrefreshon":"28-07-2024 21:05:34","lastreceiveddatetimeflag":1,"tripposition":3}]},{"routeid":13075,"stationid":20776,"stationname":"ESI Hospital Rajajinagara","from":"Hampinagara RPC Layout","to":"RM Guttahalli","routeno":"176 HPN-RGH","distance_on_station":4.877,"centerlat":12.99041,"centerlong":77.55256,"responsecode":200,"isnotify":0,"vehicleDetails":[{"vehicleid":11761,"vehiclenumber":"KA57F3621","servicetypeid":72,"servicetype":"Non AC/Ordinary","centerlat":12.951115,"centerlong":77.53643,"eta":"","sch_arrivaltime":"12:38","sch_departuretime":"12:38","actual_arrivaltime":"","actual_departuretime":"","sch_tripstarttime":"12:20","sch_tripendtime":"12:20","lastlocationid":0,"currentlocationid":22013,"nextlocationid":0,"currentstop":null,"nextstop":null,"laststop":null,"stopCoveredStatus":0,"heading":59,"lastrefreshon":"28-07-2024 21:05:34","lastreceiveddatetimeflag":1,"tripposition":3}]},{"routeid":13075,"stationid":20629,"stationname":"Basaveshwara College","from":"Hampinagara RPC Layout","to":"RM Guttahalli","routeno":"176 HPN-RGH","distance_on_station":5.238,"centerlat":12.99436,"centerlong":77.55276,"responsecode":200,"isnotify":0,"vehicleDetails":[{"vehicleid":11761,"vehiclenumber":"KA57F3621","servicetypeid":72,"servicetype":"Non AC/Ordinary","centerlat":12.951115,"centerlong":77.53643,"eta":"","sch_arrivaltime":"12:39","sch_departuretime":"12:39","actual_arrivaltime":"","actual_departuretime":"","sch_tripstarttime":"12:20","sch_tripendtime":"12:20","lastlocationid":0,"currentlocationid":22013,"nextlocationid":0,"currentstop":null,"nextstop":null,"laststop":null,"stopCoveredStatus":0,"heading":59,"lastrefreshon":"28-07-2024 21:05:34","lastreceiveddatetimeflag":1,"tripposition":3}]},{"routeid":13075,"stationid":22901,"stationname":"Rajajinagara 2nd Block","from":"Hampinagara RPC Layout","to":"RM Guttahalli","routeno":"176 HPN-RGH","distance_on_station":5.476,"centerlat":12.99607,"centerlong":77.55144,"responsecode":200,"isnotify":0,"vehicleDetails":[{"vehicleid":11761,"vehiclenumber":"KA57F3621","servicetypeid":72,"servicetype":"Non AC/Ordinary","centerlat":12.951115,"centerlong":77.53643,"eta":"","sch_arrivaltime":"12:40","sch_departuretime":"12:40","actual_arrivaltime":"","actual_departuretime":"","sch_tripstarttime":"12:20","sch_tripendtime":"12:20","lastlocationid":0,"currentlocationid":22013,"nextlocationid":0,"currentstop":null,"nextstop":null,"laststop":null,"stopCoveredStatus":0,"heading":59,"lastrefreshon":"28-07-2024 21:05:34","lastreceiveddatetimeflag":1,"tripposition":3}]},{"routeid":13075,"stationid":21051,"stationname":"Navarang Theatre","from":"Hampinagara RPC Layout","to":"RM Guttahalli","routeno":"176 HPN-RGH","distance_on_station":5.681,"centerlat":12.99791,"centerlong":77.55159,"responsecode":200,"isnotify":0,"vehicleDetails":[{"vehicleid":11761,"vehiclenumber":"KA57F3621","servicetypeid":72,"servicetype":"Non AC/Ordinary","centerlat":12.951115,"centerlong":77.53643,"eta":"","sch_arrivaltime":"12:41","sch_departuretime":"12:41","actual_arrivaltime":"","actual_departuretime":"","sch_tripstarttime":"12:20","sch_tripendtime":"12:20","lastlocationid":0,"currentlocationid":22013,"nextlocationid":0,"currentstop":null,"nextstop":null,"laststop":null,"stopCoveredStatus":0,"heading":59,"lastrefreshon":"28-07-2024 21:05:34","lastreceiveddatetimeflag":1,"tripposition":3}]},{"routeid":13075,"stationid":21008,"stationname":"Mariyappanapalya","from":"Hampinagara RPC Layout","to":"RM Guttahalli","routeno":"176 HPN-RGH","distance_on_station":6.125,"centerlat":12.99862,"centerlong":77.55652,"responsecode":200,"isnotify":0,"vehicleDetails":[{"vehicleid":11761,"vehiclenumber":"KA57F3621","servicetypeid":72,"servicetype":"Non AC/Ordinary","centerlat":12.951115,"centerlong":77.53643,"eta":"","sch_arrivaltime":"12:42","sch_departuretime":"12:42","actual_arrivaltime":"","actual_departuretime":"","sch_tripstarttime":"12:20","sch_tripendtime":"12:20","lastlocationid":0,"currentlocationid":22013,"nextlocationid":0,"currentstop":null,"nextstop":null,"laststop":null,"stopCoveredStatus":0,"heading":59,"lastrefreshon":"28-07-2024 21:05:34","lastreceiveddatetimeflag":1,"tripposition":3}]},{"routeid":13075,"stationid":20811,"stationname":"Harishchandra Ghat","from":"Hampinagara RPC Layout","to":"RM Guttahalli","routeno":"176 HPN-RGH","distance_on_station":6.502,"centerlat":12.99729,"centerlong":77.56047,"responsecode":200,"isnotify":0,"vehicleDetails":[{"vehicleid":11761,"vehiclenumber":"KA57F3621","servicetypeid":72,"servicetype":"Non AC/Ordinary","centerlat":12.951115,"centerlong":77.53643,"eta":"","sch_arrivaltime":"12:43","sch_departuretime":"12:43","actual_arrivaltime":"","actual_departuretime":"","sch_tripstarttime":"12:20","sch_tripendtime":"12:20","lastlocationid":0,"currentlocationid":22013,"nextlocationid":0,"currentstop":null,"nextstop":null,"laststop":null,"stopCoveredStatus":0,"heading":59,"lastrefreshon":"28-07-2024 21:05:34","lastreceiveddatetimeflag":1,"tripposition":3}]},{"routeid":13075,"stationid":20752,"stationname":"Devaiah Park","from":"Hampinagara RPC Layout","to":"RM Guttahalli","routeno":"176 HPN-RGH","distance_on_station":6.839,"centerlat":12.99642,"centerlong":77.56419,"responsecode":200,"isnotify":0,"vehicleDetails":[{"vehicleid":11761,"vehiclenumber":"KA57F3621","servicetypeid":72,"servicetype":"Non AC/Ordinary","centerlat":12.951115,"centerlong":77.53643,"eta":"","sch_arrivaltime":"12:44","sch_departuretime":"12:44","actual_arrivaltime":"","actual_departuretime":"","sch_tripstarttime":"12:20","sch_tripendtime":"12:20","lastlocationid":0,"currentlocationid":22013,"nextlocationid":0,"currentstop":null,"nextstop":null,"laststop":null,"stopCoveredStatus":0,"heading":59,"lastrefreshon":"28-07-2024 21:05:34","lastreceiveddatetimeflag":1,"tripposition":3}]},{"routeid":13075,"stationid":20991,"stationname":"Malleshwara Circle","from":"Hampinagara RPC Layout","to":"RM Guttahalli","routeno":"176 HPN-RGH","distance_on_station":7.249,"centerlat":12.9969,"centerlong":77.56866,"responsecode":200,"isnotify":0,"vehicleDetails":[{"vehicleid":11761,"vehiclenumber":"KA57F3621","servicetypeid":72,"servicetype":"Non AC/Ordinary","centerlat":12.951115,"centerlong":77.53643,"eta":"","sch_arrivaltime":"12:45","sch_departuretime":"12:45","actual_arrivaltime":"","actual_departuretime":"","sch_tripstarttime":"12:20","sch_tripendtime":"12:20","lastlocationid":0,"currentlocationid":22013,"nextlocationid":0,"currentstop":null,"nextstop":null,"laststop":null,"stopCoveredStatus":0,"heading":59,"lastrefreshon":"28-07-2024 21:05:34","lastreceiveddatetimeflag":1,"tripposition":3}]},{"routeid":13075,"stationid":20737,"stationname":"Dattatreya Temple Malleshwara","from":"Hampinagara RPC Layout","to":"RM Guttahalli","routeno":"176 HPN-RGH","distance_on_station":7.972,"centerlat":12.99895,"centerlong":77.57462,"responsecode":200,"isnotify":0,"vehicleDetails":[{"vehicleid":11761,"vehiclenumber":"KA57F3621","servicetypeid":72,"servicetype":"Non AC/Ordinary","centerlat":12.951115,"centerlong":77.53643,"eta":"","sch_arrivaltime":"12:50","sch_departuretime":"12:50","actual_arrivaltime":"","actual_departuretime":"","sch_tripstarttime":"12:20","sch_tripendtime":"12:20","lastlocationid":0,"currentlocationid":22013,"nextlocationid":0,"currentstop":null,"nextstop":null,"laststop":null,"stopCoveredStatus":0,"heading":59,"lastrefreshon":"28-07-2024 21:05:34","lastreceiveddatetimeflag":1,"tripposition":3}]},{"routeid":13075,"stationid":21243,"stationname":"Vaiyali Kaval","from":"Hampinagara RPC Layout","to":"RM Guttahalli","routeno":"176 HPN-RGH","distance_on_station":8.235,"centerlat":12.99915,"centerlong":77.57754,"responsecode":200,"isnotify":0,"vehicleDetails":[{"vehicleid":11761,"vehiclenumber":"KA57F3621","servicetypeid":72,"servicetype":"Non AC/Ordinary","centerlat":12.951115,"centerlong":77.53643,"eta":"","sch_arrivaltime":"12:51","sch_departuretime":"12:51","actual_arrivaltime":"","actual_departuretime":"","sch_tripstarttime":"12:20","sch_tripendtime":"12:20","lastlocationid":0,"currentlocationid":22013,"nextlocationid":0,"currentstop":null,"nextstop":null,"laststop":null,"stopCoveredStatus":0,"heading":59,"lastrefreshon":"28-07-2024 21:05:34","lastreceiveddatetimeflag":1,"tripposition":3}]},{"routeid":13075,"stationid":21245,"stationname":"Vaiyalikaval Police Station","from":"Hampinagara RPC Layout","to":"RM Guttahalli","routeno":"176 HPN-RGH","distance_on_station":8.522,"centerlat":13.00176,"centerlong":77.57846,"responsecode":200,"isnotify":0,"vehicleDetails":[{"vehicleid":11761,"vehiclenumber":"KA57F3621","servicetypeid":72,"servicetype":"Non AC/Ordinary","centerlat":12.951115,"centerlong":77.53643,"eta":"","sch_arrivaltime":"12:52","sch_departuretime":"12:52","actual_arrivaltime":"","actual_departuretime":"","sch_tripstarttime":"12:20","sch_tripendtime":"12:20","lastlocationid":0,"currentlocationid":22013,"nextlocationid":0,"currentstop":null,"nextstop":null,"laststop":null,"stopCoveredStatus":0,"heading":59,"lastrefreshon":"28-07-2024 21:05:34","lastreceiveddatetimeflag":1,"tripposition":3}]},{"routeid":13075,"stationid":20633,"stationname":"Bashyam Circle Sadashivanagara","from":"Hampinagara RPC Layout","to":"RM Guttahalli","routeno":"176 HPN-RGH","distance_on_station":8.982,"centerlat":13.00628,"centerlong":77.57915,"responsecode":200,"isnotify":0,"vehicleDetails":[{"vehicleid":11761,"vehiclenumber":"KA57F3621","servicetypeid":72,"servicetype":"Non AC/Ordinary","centerlat":12.951115,"centerlong":77.53643,"eta":"","sch_arrivaltime":"12:54","sch_departuretime":"12:54","actual_arrivaltime":"","actual_departuretime":"","sch_tripstarttime":"12:20","sch_tripendtime":"12:20","lastlocationid":0,"currentlocationid":22013,"nextlocationid":0,"currentstop":null,"nextstop":null,"laststop":null,"stopCoveredStatus":0,"heading":59,"lastrefreshon":"28-07-2024 21:05:34","lastreceiveddatetimeflag":1,"tripposition":3}]},{"routeid":13075,"stationid":21076,"stationname":"Palace Ground","from":"Hampinagara RPC Layout","to":"RM Guttahalli","routeno":"176 HPN-RGH","distance_on_station":10.123,"centerlat":13.01057,"centerlong":77.58378,"responsecode":200,"isnotify":0,"vehicleDetails":[{"vehicleid":11761,"vehiclenumber":"KA57F3621","servicetypeid":72,"servicetype":"Non AC/Ordinary","centerlat":12.951115,"centerlong":77.53643,"eta":"","sch_arrivaltime":"12:56","sch_departuretime":"12:56","actual_arrivaltime":"","actual_departuretime":"","sch_tripstarttime":"12:20","sch_tripendtime":"12:20","lastlocationid":0,"currentlocationid":22013,"nextlocationid":0,"currentstop":null,"nextstop":null,"laststop":null,"stopCoveredStatus":0,"heading":59,"lastrefreshon":"28-07-2024 21:05:34","lastreceiveddatetimeflag":1,"tripposition":3}]},{"routeid":13075,"stationid":21130,"stationname":"RM Guttahalli","from":"Hampinagara RPC Layout","to":"RM Guttahalli","routeno":"176 HPN-RGH","distance_on_station":12.2,"centerlat":12.99977,"centerlong":77.58392,"responsecode":200,"isnotify":0,"vehicleDetails":[{"vehicleid":11761,"vehiclenumber":"KA57F3621","servicetypeid":72,"servicetype":"Non AC/Ordinary","centerlat":12.951115,"centerlong":77.53643,"eta":"","sch_arrivaltime":"13:06","sch_departuretime":"13:06","actual_arrivaltime":"","actual_departuretime":"","sch_tripstarttime":"12:20","sch_tripendtime":"12:20","lastlocationid":0,"currentlocationid":22013,"nextlocationid":0,"currentstop":null,"nextstop":null,"laststop":null,"stopCoveredStatus":0,"heading":59,"lastrefreshon":"28-07-2024 21:05:34","lastreceiveddatetimeflag":1,"tripposition":1}]}],"mapData":[{"vehicleid":11761,"vehiclenumber":"KA57F3621","servicetypeid":72,"servicetype":"Non AC/Ordinary","centerlat":12.951115,"centerlong":77.53643,"eta":"","sch_arrivaltime":"13:06","sch_departuretime":"13:06","actual_arrivaltime":"","actual_departuretime":"","sch_tripstarttime":"12:20","sch_tripendtime":"12:20","lastlocationid":0,"currentlocationid":22013,"nextlocationid":0,"currentstop":null,"nextstop":null,"laststop":null,"stopCoveredStatus":0,"heading":59,"lastrefreshon":"28-07-2024 21:05:34","lastreceiveddatetimeflag":1,"tripposition":1}]},"down":{"data":[],"mapData":[]},"message":"Success","issuccess":true,"exception":null,"rowCount":0,"responsecode":200}