{"up":{"data":[],"mapData":[]},"down":{"data":[{"routeid":3325,"stationid":22309,"stationname":"Mukkodlu","from":"Mukkodlu","to":"KR Market (Kalasipalya)","routeno":"211-H","distance_on_station":0,"centerlat":12.75649,"centerlong":77.52837,"responsecode":200,"isnotify":0,"vehicleDetails":[{"vehicleid":20746,"vehiclenumber":"KA57F1268","servicetypeid":72,"servicetype":"Non AC/Ordinary","centerlat":12.756391,"centerlong":77.528603,"eta":"","sch_arrivaltime":"08:00","sch_departuretime":"08:00","actual_arrivaltime":"","actual_departuretime":"","sch_tripstarttime":"08:00","sch_tripendtime":"08:00","lastlocationid":0,"currentlocationid":22309,"nextlocationid":0,"currentstop":null,"nextstop":null,"laststop":null,"stopCoveredStatus":0,"heading":0,"lastrefreshon":"26-07-2024 21:40:25","lastreceiveddatetimeflag":1,"tripposition":1}]},{"routeid":3325,"stationid":28000,"stationname":"Rayara Doddy","from":"Mukkodlu","to":"KR Market (Kalasipalya)","routeno":"211-H","distance_on_station":2.246,"centerlat":12.76694,"centerlong":77.51327,"responsecode":200,"isnotify":0,"vehicleDetails":[{"vehicleid":20746,"vehiclenumber":"KA57F1268","servicetypeid":72,"servicetype":"Non AC/Ordinary","centerlat":12.756391,"centerlong":77.528603,"eta":"","sch_arrivaltime":"08:05","sch_departuretime":"08:05","actual_arrivaltime":"","actual_departuretime":"","sch_tripstarttime":"08:00","sch_tripendtime":"08:00","lastlocationid":0,"currentlocationid":22309,"nextlocationid":0,"currentstop":null,"nextstop":null,"laststop":null,"stopCoveredStatus":0,"heading":0,"lastrefreshon":"26-07-2024 21:40:25","lastreceiveddatetimeflag":1,"tripposition":3}]},{"routeid":3325,"stationid":23515,"stationname":"Girigowdana Doddy Cross","from":"Mukkodlu","to":"KR Market (Kalasipalya)","routeno":"211-H","distance_on_station":2.765,"centerlat":12.76868,"centerlong":77.5092,"responsecode":200,"isnotify":0,"vehicleDetails":[{"vehicleid":20746,"vehiclenumber":"KA57F1268","servicetypeid":72,"servicetype":"Non AC/Ordinary","centerlat":12.756391,"centerlong":77.528603,"eta":"","sch_arrivaltime":"08:06","sch_departuretime":"08:06","actual_arrivaltime":"","actual_departuretime":"","sch_tripstarttime":"08:00","sch_tripendtime":"08:00","lastlocationid":0,"currentlocationid":22309,"nextlocationid":0,"currentstop":null,"nextstop":null,"laststop":null,"stopCoveredStatus":0,"heading":0,"lastrefreshon":"26-07-2024 21:40:25","lastreceiveddatetimeflag":1,"tripposition":3}]},{"routeid":3325,"stationid":23725,"stationname":"Somanahalli","from":"Mukkodlu","to":"KR Market (Kalasipalya)","routeno":"211-H","distance_on_station":3.739,"centerlat":12.77258,"centerlong":77.50358,"responsecode":200,"isnotify":0,"vehicleDetails":[{"vehicleid":20746,"vehiclenumber":"KA57F1268","servicetypeid":72,"servicetype":"Non AC/Ordinary","centerlat":12.756391,"centerlong":77.528603,"eta":"","sch_arrivaltime":"08:08","sch_departuretime":"08:08","actual_arrivaltime":"","actual_departuretime":"","sch_tripstarttime":"08:00","sch_tripendtime":"08:00","lastlocationid":0,"currentlocationid":22309,"nextlocationid":0,"currentstop":null,"nextstop":null,"laststop":null,"stopCoveredStatus":0,"heading":0,"lastrefreshon":"26-07-2024 21:40:25","lastreceiveddatetimeflag":1,"tripposition":3}]},{"routeid":3325,"stationid":35187,"stationname":"Somanahalli Gate","from":"Mukkodlu","to":"KR Market (Kalasipalya)","routeno":"211-H","distance_on_station":4.957,"centerlat":12.78052,"centerlong":77.49675,"responsecode":200,"isnotify":0,"vehicleDetails":[{"vehicleid":20746,"vehiclenumber":"KA57F1268","servicetypeid":72,"servicetype":"Non AC/Ordinary","centerlat":12.756391,"centerlong":77.528603,"eta":"","sch_arrivaltime":"08:10","sch_departuretime":"08:10","actual_arrivaltime":"","actual_departuretime":"","sch_tripstarttime":"08:00","sch_tripendtime":"08:00","lastlocationid":0,"currentlocationid":22309,"nextlocationid":0,"currentstop":null,"nextstop":null,"laststop":null,"stopCoveredStatus":0,"heading":0,"lastrefreshon":"26-07-2024 21:40:25","lastreceiveddatetimeflag":1,"tripposition":3}]},{"routeid":3325,"stationid":23632,"stationname":"APS College","from":"Mukkodlu","to":"KR Market (Kalasipalya)","routeno":"211-H","distance_on_station":5.36,"centerlat":12.78266,"centerlong":77.49952,"responsecode":200,"isnotify":0,"vehicleDetails":[{"vehicleid":20746,"vehiclenumber":"KA57F1268","servicetypeid":72,"servicetype":"Non AC/Ordinary","centerlat":12.756391,"centerlong":77.528603,"eta":"","sch_arrivaltime":"08:11","sch_departuretime":"08:11","actual_arrivaltime":"","actual_departuretime":"","sch_tripstarttime":"08:00","sch_tripendtime":"08:00","lastlocationid":0,"currentlocationid":22309,"nextlocationid":0,"currentstop":null,"nextstop":null,"laststop":null,"stopCoveredStatus":0,"heading":0,"lastrefreshon":"26-07-2024 21:40:25","lastreceiveddatetimeflag":1,"tripposition":3}]},{"routeid":3325,"stationid":23633,"stationname":"Gandhi Nagara","from":"Mukkodlu","to":"KR Market (Kalasipalya)","routeno":"211-H","distance_on_station":6.409,"centerlat":12.79003,"centerlong":77.50442,"responsecode":200,"isnotify":0,"vehicleDetails":[{"vehicleid":20746,"vehiclenumber":"KA57F1268","servicetypeid":72,"servicetype":"Non AC/Ordinary","centerlat":12.756391,"centerlong":77.528603,"eta":"","sch_arrivaltime":"08:12","sch_departuretime":"08:12","actual_arrivaltime":"","actual_departuretime":"","sch_tripstarttime":"08:00","sch_tripendtime":"08:00","lastlocationid":0,"currentlocationid":22309,"nextlocationid":0,"currentstop":null,"nextstop":null,"laststop":null,"stopCoveredStatus":0,"heading":0,"lastrefreshon":"26-07-2024 21:40:25","lastreceiveddatetimeflag":1,"tripposition":3}]},{"routeid":3325,"stationid":23634,"stationname":"Pattareddypalya","from":"Mukkodlu","to":"KR Market (Kalasipalya)","routeno":"211-H","distance_on_station":6.907,"centerlat":12.79444,"centerlong":77.50537,"responsecode":200,"isnotify":0,"vehicleDetails":[{"vehicleid":20746,"vehiclenumber":"KA57F1268","servicetypeid":72,"servicetype":"Non AC/Ordinary","centerlat":12.756391,"centerlong":77.528603,"eta":"","sch_arrivaltime":"08:13","sch_departuretime":"08:13","actual_arrivaltime":"","actual_departuretime":"","sch_tripstarttime":"08:00","sch_tripendtime":"08:00","lastlocationid":0,"currentlocationid":22309,"nextlocationid":0,"currentstop":null,"nextstop":null,"laststop":null,"stopCoveredStatus":0,"heading":0,"lastrefreshon":"26-07-2024 21:40:25","lastreceiveddatetimeflag":1,"tripposition":3}]},{"routeid":3325,"stationid":22138,"stationname":"Kaggalipura","from":"Mukkodlu","to":"KR Market (Kalasipalya)","routeno":"211-H","distance_on_station":7.775,"centerlat":12.80032,"centerlong":77.5084,"responsecode":200,"isnotify":0,"vehicleDetails":[{"vehicleid":20746,"vehiclenumber":"KA57F1268","servicetypeid":72,"servicetype":"Non AC/Ordinary","centerlat":12.756391,"centerlong":77.528603,"eta":"","sch_arrivaltime":"08:14","sch_departuretime":"08:14","actual_arrivaltime":"","actual_departuretime":"","sch_tripstarttime":"08:00","sch_tripendtime":"08:00","lastlocationid":0,"currentlocationid":22309,"nextlocationid":0,"currentstop":null,"nextstop":null,"laststop":null,"stopCoveredStatus":0,"heading":0,"lastrefreshon":"26-07-2024 21:40:25","lastreceiveddatetimeflag":1,"tripposition":3}]},{"routeid":3325,"stationid":23603,"stationname":"Santekatte","from":"Mukkodlu","to":"KR Market (Kalasipalya)","routeno":"211-H","distance_on_station":8.623,"centerlat":12.80664,"centerlong":77.51056,"responsecode":200,"isnotify":0,"vehicleDetails":[{"vehicleid":20746,"vehiclenumber":"KA57F1268","servicetypeid":72,"servicetype":"Non AC/Ordinary","centerlat":12.756391,"centerlong":77.528603,"eta":"","sch_arrivaltime":"08:16","sch_departuretime":"08:16","actual_arrivaltime":"","actual_departuretime":"","sch_tripstarttime":"08:00","sch_tripendtime":"08:00","lastlocationid":0,"currentlocationid":22309,"nextlocationid":0,"currentstop":null,"nextstop":null,"laststop":null,"stopCoveredStatus":0,"heading":0,"lastrefreshon":"26-07-2024 21:40:25","lastreceiveddatetimeflag":1,"tripposition":3}]},{"routeid":3325,"stationid":22447,"stationname":"Saluhunase","from":"Mukkodlu","to":"KR Market (Kalasipalya)","routeno":"211-H","distance_on_station":9.142,"centerlat":12.81079,"centerlong":77.51148,"responsecode":200,"isnotify":0,"vehicleDetails":[{"vehicleid":20746,"vehiclenumber":"KA57F1268","servicetypeid":72,"servicetype":"Non AC/Ordinary","centerlat":12.756391,"centerlong":77.528603,"eta":"","sch_arrivaltime":"08:17","sch_departuretime":"08:17","actual_arrivaltime":"","actual_departuretime":"","sch_tripstarttime":"08:00","sch_tripendtime":"08:00","lastlocationid":0,"currentlocationid":22309,"nextlocationid":0,"currentstop":null,"nextstop":null,"laststop":null,"stopCoveredStatus":0,"heading":0,"lastrefreshon":"26-07-2024 21:40:25","lastreceiveddatetimeflag":1,"tripposition":3}]},{"routeid":3325,"stationid":23636,"stationname":"Udipalya","from":"Mukkodlu","to":"KR Market (Kalasipalya)","routeno":"211-H","distance_on_station":10.36,"centerlat":12.82017,"centerlong":77.51331,"responsecode":200,"isnotify":0,"vehicleDetails":[{"vehicleid":20746,"vehiclenumber":"KA57F1268","servicetypeid":72,"servicetype":"Non AC/Ordinary","centerlat":12.756391,"centerlong":77.528603,"eta":"","sch_arrivaltime":"08:19","sch_departuretime":"08:19","actual_arrivaltime":"","actual_departuretime":"","sch_tripstarttime":"08:00","sch_tripendtime":"08:00","lastlocationid":0,"currentlocationid":22309,"nextlocationid":0,"currentstop":null,"nextstop":null,"laststop":null,"stopCoveredStatus":0,"heading":0,"lastrefreshon":"26-07-2024 21:40:25","lastreceiveddatetimeflag":1,"tripposition":3}]},{"routeid":3325,"stationid":35674,"stationname":"Art Of Living","from":"Mukkodlu","to":"KR Market (Kalasipalya)","routeno":"211-H","distance_on_station":10.741,"centerlat":12.82261,"centerlong":77.5141,"responsecode":200,"isnotify":0,"vehicleDetails":[{"vehicleid":20746,"vehiclenumber":"KA57F1268","servicetypeid":72,"servicetype":"Non AC/Ordinary","centerlat":12.756391,"centerlong":77.528603,"eta":"","sch_arrivaltime":"08:20","sch_departuretime":"08:20","actual_arrivaltime":"","actual_departuretime":"","sch_tripstarttime":"08:00","sch_tripendtime":"08:00","lastlocationid":0,"currentlocationid":22309,"nextlocationid":0,"currentstop":null,"nextstop":null,"laststop":null,"stopCoveredStatus":0,"heading":0,"lastrefreshon":"26-07-2024 21:40:25","lastreceiveddatetimeflag":1,"tripposition":3}]},{"routeid":3325,"stationid":23637,"stationname":"Dayananda Sagar Vidya Samste","from":"Mukkodlu","to":"KR Market (Kalasipalya)","routeno":"211-H","distance_on_station":11.006,"centerlat":12.82479,"centerlong":77.51377,"responsecode":200,"isnotify":0,"vehicleDetails":[{"vehicleid":20746,"vehiclenumber":"KA57F1268","servicetypeid":72,"servicetype":"Non AC/Ordinary","centerlat":12.756391,"centerlong":77.528603,"eta":"","sch_arrivaltime":"08:21","sch_departuretime":"08:21","actual_arrivaltime":"","actual_departuretime":"","sch_tripstarttime":"08:00","sch_tripendtime":"08:00","lastlocationid":0,"currentlocationid":22309,"nextlocationid":0,"currentstop":null,"nextstop":null,"laststop":null,"stopCoveredStatus":0,"heading":0,"lastrefreshon":"26-07-2024 21:40:25","lastreceiveddatetimeflag":1,"tripposition":3}]},{"routeid":3325,"stationid":29576,"stationname":"Art Of Living Ravishankar Ashram","from":"Mukkodlu","to":"KR Market (Kalasipalya)","routeno":"211-H","distance_on_station":11.472,"centerlat":12.82863,"centerlong":77.51255,"responsecode":200,"isnotify":0,"vehicleDetails":[{"vehicleid":20746,"vehiclenumber":"KA57F1268","servicetypeid":72,"servicetype":"Non AC/Ordinary","centerlat":12.756391,"centerlong":77.528603,"eta":"","sch_arrivaltime":"08:22","sch_departuretime":"08:22","actual_arrivaltime":"","actual_departuretime":"","sch_tripstarttime":"08:00","sch_tripendtime":"08:00","lastlocationid":0,"currentlocationid":22309,"nextlocationid":0,"currentstop":null,"nextstop":null,"laststop":null,"stopCoveredStatus":0,"heading":0,"lastrefreshon":"26-07-2024 21:40:25","lastreceiveddatetimeflag":1,"tripposition":3}]},{"routeid":3325,"stationid":22438,"stationname":"Saalu Doddy","from":"Mukkodlu","to":"KR Market (Kalasipalya)","routeno":"211-H","distance_on_station":11.716,"centerlat":12.8306,"centerlong":77.513,"responsecode":200,"isnotify":0,"vehicleDetails":[{"vehicleid":20746,"vehiclenumber":"KA57F1268","servicetypeid":72,"servicetype":"Non AC/Ordinary","centerlat":12.756391,"centerlong":77.528603,"eta":"","sch_arrivaltime":"08:23","sch_departuretime":"08:23","actual_arrivaltime":"","actual_departuretime":"","sch_tripstarttime":"08:00","sch_tripendtime":"08:00","lastlocationid":0,"currentlocationid":22309,"nextlocationid":0,"currentstop":null,"nextstop":null,"laststop":null,"stopCoveredStatus":0,"heading":0,"lastrefreshon":"26-07-2024 21:40:25","lastreceiveddatetimeflag":1,"tripposition":3}]},{"routeid":3325,"stationid":22221,"stationname":"Lakshmipura","from":"Mukkodlu","to":"KR Market (Kalasipalya)","routeno":"211-H","distance_on_station":12.012,"centerlat":12.83307,"centerlong":77.51365,"responsecode":200,"isnotify":0,"vehicleDetails":[{"vehicleid":20746,"vehiclenumber":"KA57F1268","servicetypeid":72,"servicetype":"Non AC/Ordinary","centerlat":12.756391,"centerlong":77.528603,"eta":"","sch_arrivaltime":"08:24","sch_departuretime":"08:24","actual_arrivaltime":"","actual_departuretime":"","sch_tripstarttime":"08:00","sch_tripendtime":"08:00","lastlocationid":0,"currentlocationid":22309,"nextlocationid":0,"currentstop":null,"nextstop":null,"laststop":null,"stopCoveredStatus":0,"heading":0,"lastrefreshon":"26-07-2024 21:40:25","lastreceiveddatetimeflag":1,"tripposition":3}]},{"routeid":3325,"stationid":22473,"stationname":"Shanimahathma Temple","from":"Mukkodlu","to":"KR Market (Kalasipalya)","routeno":"211-H","distance_on_station":12.563,"centerlat":12.83704,"centerlong":77.51601,"responsecode":200,"isnotify":0,"vehicleDetails":[{"vehicleid":20746,"vehiclenumber":"KA57F1268","servicetypeid":72,"servicetype":"Non AC/Ordinary","centerlat":12.756391,"centerlong":77.528603,"eta":"","sch_arrivaltime":"08:25","sch_departuretime":"08:25","actual_arrivaltime":"","actual_departuretime":"","sch_tripstarttime":"08:00","sch_tripendtime":"08:00","lastlocationid":0,"currentlocationid":22309,"nextlocationid":0,"currentstop":null,"nextstop":null,"laststop":null,"stopCoveredStatus":0,"heading":0,"lastrefreshon":"26-07-2024 21:40:25","lastreceiveddatetimeflag":1,"tripposition":3}]},{"routeid":3325,"stationid":22217,"stationname":"Kuppareddy Kere","from":"Mukkodlu","to":"KR Market (Kalasipalya)","routeno":"211-H","distance_on_station":13.262,"centerlat":12.84267,"centerlong":77.5177,"responsecode":200,"isnotify":0,"vehicleDetails":[{"vehicleid":20746,"vehiclenumber":"KA57F1268","servicetypeid":72,"servicetype":"Non AC/Ordinary","centerlat":12.756391,"centerlong":77.528603,"eta":"","sch_arrivaltime":"08:26","sch_departuretime":"08:26","actual_arrivaltime":"","actual_departuretime":"","sch_tripstarttime":"08:00","sch_tripendtime":"08:00","lastlocationid":0,"currentlocationid":22309,"nextlocationid":0,"currentstop":null,"nextstop":null,"laststop":null,"stopCoveredStatus":0,"heading":0,"lastrefreshon":"26-07-2024 21:40:25","lastreceiveddatetimeflag":1,"tripposition":3}]},{"routeid":3325,"stationid":21641,"stationname":"Agara Cross","from":"Mukkodlu","to":"KR Market (Kalasipalya)","routeno":"211-H","distance_on_station":14.152,"centerlat":12.84899,"centerlong":77.52207,"responsecode":200,"isnotify":0,"vehicleDetails":[{"vehicleid":20746,"vehiclenumber":"KA57F1268","servicetypeid":72,"servicetype":"Non AC/Ordinary","centerlat":12.756391,"centerlong":77.528603,"eta":"","sch_arrivaltime":"08:27","sch_departuretime":"08:27","actual_arrivaltime":"","actual_departuretime":"","sch_tripstarttime":"08:00","sch_tripendtime":"08:00","lastlocationid":0,"currentlocationid":22309,"nextlocationid":0,"currentstop":null,"nextstop":null,"laststop":null,"stopCoveredStatus":0,"heading":0,"lastrefreshon":"26-07-2024 21:40:25","lastreceiveddatetimeflag":1,"tripposition":3}]},{"routeid":3325,"stationid":21845,"stationname":"Chinnayyanapalya Silk Farm","from":"Mukkodlu","to":"KR Market (Kalasipalya)","routeno":"211-H","distance_on_station":14.745,"centerlat":12.85375,"centerlong":77.52338,"responsecode":200,"isnotify":0,"vehicleDetails":[{"vehicleid":20746,"vehiclenumber":"KA57F1268","servicetypeid":72,"servicetype":"Non AC/Ordinary","centerlat":12.756391,"centerlong":77.528603,"eta":"","sch_arrivaltime":"08:28","sch_departuretime":"08:28","actual_arrivaltime":"","actual_departuretime":"","sch_tripstarttime":"08:00","sch_tripendtime":"08:00","lastlocationid":0,"currentlocationid":22309,"nextlocationid":0,"currentstop":null,"nextstop":null,"laststop":null,"stopCoveredStatus":0,"heading":0,"lastrefreshon":"26-07-2024 21:40:25","lastreceiveddatetimeflag":1,"tripposition":3}]},{"routeid":3325,"stationid":22364,"stationname":"NICE Road Kanakapura Road Junction","from":"Mukkodlu","to":"KR Market (Kalasipalya)","routeno":"211-H","distance_on_station":15.264,"centerlat":12.85691,"centerlong":77.52659,"responsecode":200,"isnotify":0,"vehicleDetails":[{"vehicleid":20746,"vehiclenumber":"KA57F1268","servicetypeid":72,"servicetype":"Non AC/Ordinary","centerlat":12.756391,"centerlong":77.528603,"eta":"","sch_arrivaltime":"08:29","sch_departuretime":"08:29","actual_arrivaltime":"","actual_departuretime":"","sch_tripstarttime":"08:00","sch_tripendtime":"08:00","lastlocationid":0,"currentlocationid":22309,"nextlocationid":0,"currentstop":null,"nextstop":null,"laststop":null,"stopCoveredStatus":0,"heading":0,"lastrefreshon":"26-07-2024 21:40:25","lastreceiveddatetimeflag":1,"tripposition":3}]},{"routeid":3325,"stationid":23638,"stationname":"Jyothi Farm","from":"Mukkodlu","to":"KR Market (Kalasipalya)","routeno":"211-H","distance_on_station":15.699,"centerlat":12.85983,"centerlong":77.52876,"responsecode":200,"isnotify":0,"vehicleDetails":[{"vehicleid":20746,"vehiclenumber":"KA57F1268","servicetypeid":72,"servicetype":"Non AC/Ordinary","centerlat":12.756391,"centerlong":77.528603,"eta":"","sch_arrivaltime":"08:30","sch_departuretime":"08:30","actual_arrivaltime":"","actual_departuretime":"","sch_tripstarttime":"08:00","sch_tripendtime":"08:00","lastlocationid":0,"currentlocationid":22309,"nextlocationid":0,"currentstop":null,"nextstop":null,"laststop":null,"stopCoveredStatus":0,"heading":0,"lastrefreshon":"26-07-2024 21:40:25","lastreceiveddatetimeflag":1,"tripposition":3}]},{"routeid":3325,"stationid":36170,"stationname":"Silk Institute metro station","from":"Mukkodlu","to":"KR Market (Kalasipalya)","routeno":"211-H","distance_on_station":15.964,"centerlat":12.86182,"centerlong":77.52985,"responsecode":200,"isnotify":0,"vehicleDetails":[{"vehicleid":20746,"vehiclenumber":"KA57F1268","servicetypeid":72,"servicetype":"Non AC/Ordinary","centerlat":12.756391,"centerlong":77.528603,"eta":"","sch_arrivaltime":"08:31","sch_departuretime":"08:31","actual_arrivaltime":"","actual_departuretime":"","sch_tripstarttime":"08:00","sch_tripendtime":"08:00","lastlocationid":0,"currentlocationid":22309,"nextlocationid":0,"currentstop":null,"nextstop":null,"laststop":null,"stopCoveredStatus":0,"heading":0,"lastrefreshon":"26-07-2024 21:40:25","lastreceiveddatetimeflag":1,"tripposition":3}]},{"routeid":3325,"stationid":22575,"stationname":"Vajramuneshwara Gate","from":"Mukkodlu","to":"KR Market (Kalasipalya)","routeno":"211-H","distance_on_station":16.483,"centerlat":12.86483,"centerlong":77.53314,"responsecode":200,"isnotify":0,"vehicleDetails":[{"vehicleid":20746,"vehiclenumber":"KA57F1268","servicetypeid":72,"servicetype":"Non AC/Ordinary","centerlat":12.756391,"centerlong":77.528603,"eta":"","sch_arrivaltime":"08:32","sch_departuretime":"08:32","actual_arrivaltime":"","actual_departuretime":"","sch_tripstarttime":"08:00","sch_tripendtime":"08:00","lastlocationid":0,"currentlocationid":22309,"nextlocationid":0,"currentstop":null,"nextstop":null,"laststop":null,"stopCoveredStatus":0,"heading":0,"lastrefreshon":"26-07-2024 21:40:25","lastreceiveddatetimeflag":1,"tripposition":3}]},{"routeid":3325,"stationid":22539,"stationname":"Thalagattapura","from":"Mukkodlu","to":"KR Market (Kalasipalya)","routeno":"211-H","distance_on_station":17.182,"centerlat":12.86958,"centerlong":77.53685,"responsecode":200,"isnotify":0,"vehicleDetails":[{"vehicleid":20746,"vehiclenumber":"KA57F1268","servicetypeid":72,"servicetype":"Non AC/Ordinary","centerlat":12.756391,"centerlong":77.528603,"eta":"","sch_arrivaltime":"08:33","sch_departuretime":"08:33","actual_arrivaltime":"","actual_departuretime":"","sch_tripstarttime":"08:00","sch_tripendtime":"08:00","lastlocationid":0,"currentlocationid":22309,"nextlocationid":0,"currentstop":null,"nextstop":null,"laststop":null,"stopCoveredStatus":0,"heading":0,"lastrefreshon":"26-07-2024 21:40:25","lastreceiveddatetimeflag":1,"tripposition":3}]},{"routeid":3325,"stationid":35890,"stationname":"Thalaghattapura Metro Station","from":"Mukkodlu","to":"KR Market (Kalasipalya)","routeno":"211-H","distance_on_station":17.457,"centerlat":12.87143,"centerlong":77.53833,"responsecode":200,"isnotify":0,"vehicleDetails":[{"vehicleid":20746,"vehiclenumber":"KA57F1268","servicetypeid":72,"servicetype":"Non AC/Ordinary","centerlat":12.756391,"centerlong":77.528603,"eta":"","sch_arrivaltime":"08:34","sch_departuretime":"08:34","actual_arrivaltime":"","actual_departuretime":"","sch_tripstarttime":"08:00","sch_tripendtime":"08:00","lastlocationid":0,"currentlocationid":22309,"nextlocationid":0,"currentstop":null,"nextstop":null,"laststop":null,"stopCoveredStatus":0,"heading":0,"lastrefreshon":"26-07-2024 21:40:25","lastreceiveddatetimeflag":1,"tripposition":3}]},{"routeid":3325,"stationid":21724,"stationname":"Bayyanapalya","from":"Mukkodlu","to":"KR Market (Kalasipalya)","routeno":"211-H","distance_on_station":18.241,"centerlat":12.87554,"centerlong":77.54355,"responsecode":200,"isnotify":0,"vehicleDetails":[{"vehicleid":20746,"vehiclenumber":"KA57F1268","servicetypeid":72,"servicetype":"Non AC/Ordinary","centerlat":12.756391,"centerlong":77.528603,"eta":"","sch_arrivaltime":"08:35","sch_departuretime":"08:35","actual_arrivaltime":"","actual_departuretime":"","sch_tripstarttime":"08:00","sch_tripendtime":"08:00","lastlocationid":0,"currentlocationid":22309,"nextlocationid":0,"currentstop":null,"nextstop":null,"laststop":null,"stopCoveredStatus":0,"heading":0,"lastrefreshon":"26-07-2024 21:40:25","lastreceiveddatetimeflag":1,"tripposition":3}]},{"routeid":3325,"stationid":38361,"stationname":"Vajarahalli Metro Station","from":"Mukkodlu","to":"KR Market (Kalasipalya)","routeno":"211-H","distance_on_station":18.485,"centerlat":12.8773,"centerlong":77.54459,"responsecode":200,"isnotify":0,"vehicleDetails":[{"vehicleid":20746,"vehiclenumber":"KA57F1268","servicetypeid":72,"servicetype":"Non AC/Ordinary","centerlat":12.756391,"centerlong":77.528603,"eta":"","sch_arrivaltime":"08:36","sch_departuretime":"08:36","actual_arrivaltime":"","actual_departuretime":"","sch_tripstarttime":"08:00","sch_tripendtime":"08:00","lastlocationid":0,"currentlocationid":22309,"nextlocationid":0,"currentstop":null,"nextstop":null,"laststop":null,"stopCoveredStatus":0,"heading":0,"lastrefreshon":"26-07-2024 21:40:25","lastreceiveddatetimeflag":1,"tripposition":3}]},{"routeid":3325,"stationid":22409,"stationname":"Raghuvanahalli Cross","from":"Mukkodlu","to":"KR Market (Kalasipalya)","routeno":"211-H","distance_on_station":18.919,"centerlat":12.88072,"centerlong":77.54602,"responsecode":200,"isnotify":0,"vehicleDetails":[{"vehicleid":20746,"vehiclenumber":"KA57F1268","servicetypeid":72,"servicetype":"Non AC/Ordinary","centerlat":12.756391,"centerlong":77.528603,"eta":"","sch_arrivaltime":"08:37","sch_departuretime":"08:37","actual_arrivaltime":"","actual_departuretime":"","sch_tripstarttime":"08:00","sch_tripendtime":"08:00","lastlocationid":0,"currentlocationid":22309,"nextlocationid":0,"currentstop":null,"nextstop":null,"laststop":null,"stopCoveredStatus":0,"heading":0,"lastrefreshon":"26-07-2024 21:40:25","lastreceiveddatetimeflag":1,"tripposition":3}]},{"routeid":3325,"stationid":38363,"stationname":"Doddakallasandra Metro Station","from":"Mukkodlu","to":"KR Market (Kalasipalya)","routeno":"211-H","distance_on_station":19.872,"centerlat":12.88469,"centerlong":77.55255,"responsecode":200,"isnotify":0,"vehicleDetails":[{"vehicleid":20746,"vehiclenumber":"KA57F1268","servicetypeid":72,"servicetype":"Non AC/Ordinary","centerlat":12.756391,"centerlong":77.528603,"eta":"","sch_arrivaltime":"08:38","sch_departuretime":"08:38","actual_arrivaltime":"","actual_departuretime":"","sch_tripstarttime":"08:00","sch_tripendtime":"08:00","lastlocationid":0,"currentlocationid":22309,"nextlocationid":0,"currentstop":null,"nextstop":null,"laststop":null,"stopCoveredStatus":0,"heading":0,"lastrefreshon":"26-07-2024 21:40:25","lastreceiveddatetimeflag":1,"tripposition":3}]},{"routeid":3325,"stationid":21910,"stationname":"Doddakallasandra","from":"Mukkodlu","to":"KR Market (Kalasipalya)","routeno":"211-H","distance_on_station":20.381,"centerlat":12.88596,"centerlong":77.55671,"responsecode":200,"isnotify":0,"vehicleDetails":[{"vehicleid":20746,"vehiclenumber":"KA57F1268","servicetypeid":72,"servicetype":"Non AC/Ordinary","centerlat":12.756391,"centerlong":77.528603,"eta":"","sch_arrivaltime":"08:39","sch_departuretime":"08:39","actual_arrivaltime":"","actual_departuretime":"","sch_tripstarttime":"08:00","sch_tripendtime":"08:00","lastlocationid":0,"currentlocationid":22309,"nextlocationid":0,"currentstop":null,"nextstop":null,"laststop":null,"stopCoveredStatus":0,"heading":0,"lastrefreshon":"26-07-2024 21:40:25","lastreceiveddatetimeflag":1,"tripposition":3}]},{"routeid":3325,"stationid":38359,"stationname":"Konanakunte Cross  Metro Station","from":"Mukkodlu","to":"KR Market (Kalasipalya)","routeno":"211-H","distance_on_station":21.144,"centerlat":12.8889,"centerlong":77.56257,"responsecode":200,"isnotify":0,"vehicleDetails":[{"vehicleid":20746,"vehiclenumber":"KA57F1268","servicetypeid":72,"servicetype":"Non AC/Ordinary","centerlat":12.756391,"centerlong":77.528603,"eta":"","sch_arrivaltime":"08:40","sch_departuretime":"08:40","actual_arrivaltime":"","actual_departuretime":"","sch_tripstarttime":"08:00","sch_tripendtime":"08:00","lastlocationid":0,"currentlocationid":22309,"nextlocationid":0,"currentstop":null,"nextstop":null,"laststop":null,"stopCoveredStatus":0,"heading":0,"lastrefreshon":"26-07-2024 21:40:25","lastreceiveddatetimeflag":1,"tripposition":3}]},{"routeid":3325,"stationid":22191,"stationname":"Konanakunte Cross","from":"Mukkodlu","to":"KR Market (Kalasipalya)","routeno":"211-H","distance_on_station":21.43,"centerlat":12.89058,"centerlong":77.56442,"responsecode":200,"isnotify":0,"vehicleDetails":[{"vehicleid":20746,"vehiclenumber":"KA57F1268","servicetypeid":72,"servicetype":"Non AC/Ordinary","centerlat":12.756391,"centerlong":77.528603,"eta":"","sch_arrivaltime":"08:41","sch_departuretime":"08:41","actual_arrivaltime":"","actual_departuretime":"","sch_tripstarttime":"08:00","sch_tripendtime":"08:00","lastlocationid":0,"currentlocationid":22309,"nextlocationid":0,"currentstop":null,"nextstop":null,"laststop":null,"stopCoveredStatus":0,"heading":0,"lastrefreshon":"26-07-2024 21:40:25","lastreceiveddatetimeflag":1,"tripposition":3}]},{"routeid":3325,"stationid":22285,"stationname":"Metro","from":"Mukkodlu","to":"KR Market (Kalasipalya)","routeno":"211-H","distance_on_station":21.864,"centerlat":12.89312,"centerlong":77.56718,"responsecode":200,"isnotify":0,"vehicleDetails":[{"vehicleid":20746,"vehiclenumber":"KA57F1268","servicetypeid":72,"servicetype":"Non AC/Ordinary","centerlat":12.756391,"centerlong":77.528603,"eta":"","sch_arrivaltime":"08:42","sch_departuretime":"08:42","actual_arrivaltime":"","actual_departuretime":"","sch_tripstarttime":"08:00","sch_tripendtime":"08:00","lastlocationid":0,"currentlocationid":22309,"nextlocationid":0,"currentstop":null,"nextstop":null,"laststop":null,"stopCoveredStatus":0,"heading":0,"lastrefreshon":"26-07-2024 21:40:25","lastreceiveddatetimeflag":1,"tripposition":3}]},{"routeid":3325,"stationid":22639,"stationname":"Yalachenahalli","from":"Mukkodlu","to":"KR Market (Kalasipalya)","routeno":"211-H","distance_on_station":22.584,"centerlat":12.89768,"centerlong":77.57145,"responsecode":200,"isnotify":0,"vehicleDetails":[{"vehicleid":20746,"vehiclenumber":"KA57F1268","servicetypeid":72,"servicetype":"Non AC/Ordinary","centerlat":12.756391,"centerlong":77.528603,"eta":"","sch_arrivaltime":"08:44","sch_departuretime":"08:44","actual_arrivaltime":"","actual_departuretime":"","sch_tripstarttime":"08:00","sch_tripendtime":"08:00","lastlocationid":0,"currentlocationid":22309,"nextlocationid":0,"currentstop":null,"nextstop":null,"laststop":null,"stopCoveredStatus":0,"heading":0,"lastrefreshon":"26-07-2024 21:40:25","lastreceiveddatetimeflag":1,"tripposition":3}]},{"routeid":3325,"stationid":22102,"stationname":"Jaraganahalli Cross","from":"Mukkodlu","to":"KR Market (Kalasipalya)","routeno":"211-H","distance_on_station":23.093,"centerlat":12.90142,"centerlong":77.57331,"responsecode":200,"isnotify":0,"vehicleDetails":[{"vehicleid":20746,"vehiclenumber":"KA57F1268","servicetypeid":72,"servicetype":"Non AC/Ordinary","centerlat":12.756391,"centerlong":77.528603,"eta":"","sch_arrivaltime":"08:45","sch_departuretime":"08:45","actual_arrivaltime":"","actual_departuretime":"","sch_tripstarttime":"08:00","sch_tripendtime":"08:00","lastlocationid":0,"currentlocationid":22309,"nextlocationid":0,"currentstop":null,"nextstop":null,"laststop":null,"stopCoveredStatus":0,"heading":0,"lastrefreshon":"26-07-2024 21:40:25","lastreceiveddatetimeflag":1,"tripposition":3}]},{"routeid":3325,"stationid":38795,"stationname":"JP Nagara Metro Station","from":"Mukkodlu","to":"KR Market (Kalasipalya)","routeno":"211-H","distance_on_station":23.866,"centerlat":12.90795,"centerlong":77.57299,"responsecode":200,"isnotify":0,"vehicleDetails":[{"vehicleid":20746,"vehiclenumber":"KA57F1268","servicetypeid":72,"servicetype":"Non AC/Ordinary","centerlat":12.756391,"centerlong":77.528603,"eta":"","sch_arrivaltime":"08:47","sch_departuretime":"08:47","actual_arrivaltime":"","actual_departuretime":"","sch_tripstarttime":"08:00","sch_tripendtime":"08:00","lastlocationid":0,"currentlocationid":22309,"nextlocationid":0,"currentstop":null,"nextstop":null,"laststop":null,"stopCoveredStatus":0,"heading":0,"lastrefreshon":"26-07-2024 21:40:25","lastreceiveddatetimeflag":1,"tripposition":3}]},{"routeid":3325,"stationid":22460,"stationname":"Sarakki","from":"Mukkodlu","to":"KR Market (Kalasipalya)","routeno":"211-H","distance_on_station":24.067,"centerlat":12.90966,"centerlong":77.57288,"responsecode":200,"isnotify":0,"vehicleDetails":[{"vehicleid":20746,"vehiclenumber":"KA57F1268","servicetypeid":72,"servicetype":"Non AC/Ordinary","centerlat":12.756391,"centerlong":77.528603,"eta":"","sch_arrivaltime":"08:48","sch_departuretime":"08:48","actual_arrivaltime":"","actual_departuretime":"","sch_tripstarttime":"08:00","sch_tripendtime":"08:00","lastlocationid":0,"currentlocationid":22309,"nextlocationid":0,"currentstop":null,"nextstop":null,"laststop":null,"stopCoveredStatus":0,"heading":0,"lastrefreshon":"26-07-2024 21:40:25","lastreceiveddatetimeflag":1,"tripposition":3}]},{"routeid":3325,"stationid":20623,"stationname":"Banashankari Bus Station","from":"Mukkodlu","to":"KR Market (Kalasipalya)","routeno":"211-H","distance_on_station":25.126,"centerlat":12.91779,"centerlong":77.57272,"responsecode":200,"isnotify":0,"vehicleDetails":[{"vehicleid":20746,"vehiclenumber":"KA57F1268","servicetypeid":72,"servicetype":"Non AC/Ordinary","centerlat":12.756391,"centerlong":77.528603,"eta":"","sch_arrivaltime":"08:52","sch_departuretime":"08:52","actual_arrivaltime":"","actual_departuretime":"","sch_tripstarttime":"08:00","sch_tripendtime":"08:00","lastlocationid":0,"currentlocationid":22309,"nextlocationid":0,"currentstop":null,"nextstop":null,"laststop":null,"stopCoveredStatus":0,"heading":0,"lastrefreshon":"26-07-2024 21:40:25","lastreceiveddatetimeflag":1,"tripposition":3}]},{"routeid":3325,"stationid":22062,"stationname":"Banashankari Hunasemara","from":"Mukkodlu","to":"KR Market (Kalasipalya)","routeno":"211-H","distance_on_station":25.455,"centerlat":12.91966,"centerlong":77.57413,"responsecode":200,"isnotify":0,"vehicleDetails":[{"vehicleid":20746,"vehiclenumber":"KA57F1268","servicetypeid":72,"servicetype":"Non AC/Ordinary","centerlat":12.756391,"centerlong":77.528603,"eta":"","sch_arrivaltime":"08:55","sch_departuretime":"08:55","actual_arrivaltime":"","actual_departuretime":"","sch_tripstarttime":"08:00","sch_tripendtime":"08:00","lastlocationid":0,"currentlocationid":22309,"nextlocationid":0,"currentstop":null,"nextstop":null,"laststop":null,"stopCoveredStatus":0,"heading":0,"lastrefreshon":"26-07-2024 21:40:25","lastreceiveddatetimeflag":1,"tripposition":3}]},{"routeid":3325,"stationid":21879,"stationname":"Deepak Nursing Home","from":"Mukkodlu","to":"KR Market (Kalasipalya)","routeno":"211-H","distance_on_station":26.207,"centerlat":12.92518,"centerlong":77.57699,"responsecode":200,"isnotify":0,"vehicleDetails":[{"vehicleid":20746,"vehiclenumber":"KA57F1268","servicetypeid":72,"servicetype":"Non AC/Ordinary","centerlat":12.756391,"centerlong":77.528603,"eta":"","sch_arrivaltime":"08:58","sch_departuretime":"08:58","actual_arrivaltime":"","actual_departuretime":"","sch_tripstarttime":"08:00","sch_tripendtime":"08:00","lastlocationid":0,"currentlocationid":22309,"nextlocationid":0,"currentstop":null,"nextstop":null,"laststop":null,"stopCoveredStatus":0,"heading":0,"lastrefreshon":"26-07-2024 21:40:25","lastreceiveddatetimeflag":1,"tripposition":3}]},{"routeid":3325,"stationid":22635,"stationname":"Yadiyuru","from":"Mukkodlu","to":"KR Market (Kalasipalya)","routeno":"211-H","distance_on_station":26.864,"centerlat":12.93067,"centerlong":77.57623,"responsecode":200,"isnotify":0,"vehicleDetails":[{"vehicleid":20746,"vehiclenumber":"KA57F1268","servicetypeid":72,"servicetype":"Non AC/Ordinary","centerlat":12.756391,"centerlong":77.528603,"eta":"","sch_arrivaltime":"08:59","sch_departuretime":"08:59","actual_arrivaltime":"","actual_departuretime":"","sch_tripstarttime":"08:00","sch_tripendtime":"08:00","lastlocationid":0,"currentlocationid":22309,"nextlocationid":0,"currentstop":null,"nextstop":null,"laststop":null,"stopCoveredStatus":0,"heading":0,"lastrefreshon":"26-07-2024 21:40:25","lastreceiveddatetimeflag":1,"tripposition":3}]},{"routeid":3325,"stationid":22342,"stationname":"Nanda Talkies","from":"Mukkodlu","to":"KR Market (Kalasipalya)","routeno":"211-H","distance_on_station":27.626,"centerlat":12.93327,"centerlong":77.58007,"responsecode":200,"isnotify":0,"vehicleDetails":[{"vehicleid":20746,"vehiclenumber":"KA57F1268","servicetypeid":72,"servicetype":"Non AC/Ordinary","centerlat":12.756391,"centerlong":77.528603,"eta":"","sch_arrivaltime":"09:01","sch_departuretime":"09:01","actual_arrivaltime":"","actual_departuretime":"","sch_tripstarttime":"08:00","sch_tripendtime":"08:00","lastlocationid":0,"currentlocationid":22309,"nextlocationid":0,"currentstop":null,"nextstop":null,"laststop":null,"stopCoveredStatus":0,"heading":0,"lastrefreshon":"26-07-2024 21:40:25","lastreceiveddatetimeflag":1,"tripposition":3}]},{"routeid":3325,"stationid":22505,"stationname":"South End Circle","from":"Mukkodlu","to":"KR Market (Kalasipalya)","routeno":"211-H","distance_on_station":28.103,"centerlat":12.93717,"centerlong":77.57965,"responsecode":200,"isnotify":0,"vehicleDetails":[{"vehicleid":20746,"vehiclenumber":"KA57F1268","servicetypeid":72,"servicetype":"Non AC/Ordinary","centerlat":12.756391,"centerlong":77.528603,"eta":"","sch_arrivaltime":"09:02","sch_departuretime":"09:02","actual_arrivaltime":"","actual_departuretime":"","sch_tripstarttime":"08:00","sch_tripendtime":"08:00","lastlocationid":0,"currentlocationid":22309,"nextlocationid":0,"currentstop":null,"nextstop":null,"laststop":null,"stopCoveredStatus":0,"heading":0,"lastrefreshon":"26-07-2024 21:40:25","lastreceiveddatetimeflag":1,"tripposition":3}]},{"routeid":3325,"stationid":22294,"stationname":"MN Krishna Rao Park","from":"Mukkodlu","to":"KR Market (Kalasipalya)","routeno":"211-H","distance_on_station":29.046,"centerlat":12.94405,"centerlong":77.57689,"responsecode":200,"isnotify":0,"vehicleDetails":[{"vehicleid":20746,"vehiclenumber":"KA57F1268","servicetypeid":72,"servicetype":"Non AC/Ordinary","centerlat":12.756391,"centerlong":77.528603,"eta":"","sch_arrivaltime":"09:04","sch_departuretime":"09:04","actual_arrivaltime":"","actual_departuretime":"","sch_tripstarttime":"08:00","sch_tripendtime":"08:00","lastlocationid":0,"currentlocationid":22309,"nextlocationid":0,"currentstop":null,"nextstop":null,"laststop":null,"stopCoveredStatus":0,"heading":0,"lastrefreshon":"26-07-2024 21:40:25","lastreceiveddatetimeflag":1,"tripposition":3}]},{"routeid":3325,"stationid":22445,"stationname":"Sajjan Rao Circle","from":"Mukkodlu","to":"KR Market (Kalasipalya)","routeno":"211-H","distance_on_station":30.073,"centerlat":12.95262,"centerlong":77.57653,"responsecode":200,"isnotify":0,"vehicleDetails":[{"vehicleid":20746,"vehiclenumber":"KA57F1268","servicetypeid":72,"servicetype":"Non AC/Ordinary","centerlat":12.756391,"centerlong":77.528603,"eta":"","sch_arrivaltime":"09:07","sch_departuretime":"09:07","actual_arrivaltime":"","actual_departuretime":"","sch_tripstarttime":"08:00","sch_tripendtime":"08:00","lastlocationid":0,"currentlocationid":22309,"nextlocationid":0,"currentstop":null,"nextstop":null,"laststop":null,"stopCoveredStatus":0,"heading":0,"lastrefreshon":"26-07-2024 21:40:25","lastreceiveddatetimeflag":1,"tripposition":3}]},{"routeid":3325,"stationid":21718,"stationname":"Basappa Circle","from":"Mukkodlu","to":"KR Market (Kalasipalya)","routeno":"211-H","distance_on_station":30.508,"centerlat":12.95624,"centerlong":77.57721,"responsecode":200,"isnotify":0,"vehicleDetails":[{"vehicleid":20746,"vehiclenumber":"KA57F1268","servicetypeid":72,"servicetype":"Non AC/Ordinary","centerlat":12.756391,"centerlong":77.528603,"eta":"","sch_arrivaltime":"09:08","sch_departuretime":"09:08","actual_arrivaltime":"","actual_departuretime":"","sch_tripstarttime":"08:00","sch_tripendtime":"08:00","lastlocationid":0,"currentlocationid":22309,"nextlocationid":0,"currentstop":null,"nextstop":null,"laststop":null,"stopCoveredStatus":0,"heading":0,"lastrefreshon":"26-07-2024 21:40:25","lastreceiveddatetimeflag":1,"tripposition":3}]},{"routeid":3325,"stationid":20986,"stationname":"Makkala Koota","from":"Mukkodlu","to":"KR Market (Kalasipalya)","routeno":"211-H","distance_on_station":31.058,"centerlat":12.95803,"centerlong":77.57385,"responsecode":200,"isnotify":0,"vehicleDetails":[{"vehicleid":20746,"vehiclenumber":"KA57F1268","servicetypeid":72,"servicetype":"Non AC/Ordinary","centerlat":12.756391,"centerlong":77.528603,"eta":"","sch_arrivaltime":"09:11","sch_departuretime":"09:11","actual_arrivaltime":"","actual_departuretime":"","sch_tripstarttime":"08:00","sch_tripendtime":"08:00","lastlocationid":0,"currentlocationid":22309,"nextlocationid":0,"currentstop":null,"nextstop":null,"laststop":null,"stopCoveredStatus":0,"heading":0,"lastrefreshon":"26-07-2024 21:40:25","lastreceiveddatetimeflag":1,"tripposition":3}]},{"routeid":3325,"stationid":20945,"stationname":"KR Market (Kalasipalya)","from":"Mukkodlu","to":"KR Market (Kalasipalya)","routeno":"211-H","distance_on_station":31.8,"centerlat":12.96154,"centerlong":77.57736,"responsecode":200,"isnotify":0,"vehicleDetails":[{"vehicleid":20746,"vehiclenumber":"KA57F1268","servicetypeid":72,"servicetype":"Non AC/Ordinary","centerlat":12.756391,"centerlong":77.528603,"eta":"","sch_arrivaltime":"09:14","sch_departuretime":"09:14","actual_arrivaltime":"","actual_departuretime":"","sch_tripstarttime":"08:00","sch_tripendtime":"08:00","lastlocationid":0,"currentlocationid":22309,"nextlocationid":0,"currentstop":null,"nextstop":null,"laststop":null,"stopCoveredStatus":0,"heading":0,"lastrefreshon":"26-07-2024 21:40:25","lastreceiveddatetimeflag":1,"tripposition":1}]}],"mapData":[{"vehicleid":20746,"vehiclenumber":"KA57F1268","servicetypeid":72,"servicetype":"Non AC/Ordinary","centerlat":12.756391,"centerlong":77.528603,"eta":"","sch_arrivaltime":"09:14","sch_departuretime":"09:14","actual_arrivaltime":"","actual_departuretime":"","sch_tripstarttime":"08:00","sch_tripendtime":"08:00","lastlocationid":0,"currentlocationid":22309,"nextlocationid":0,"currentstop":null,"nextstop":null,"laststop":null,"stopCoveredStatus":0,"heading":0,"lastrefreshon":"26-07-2024 21:40:25","lastreceiveddatetimeflag":1,"tripposition":1}]},"message":"Success","issuccess":true,"exception":null,"rowCount":0,"responsecode":200}