{"up":{"data":[{"routeid":3282,"stationid":20623,"stationname":"Banashankari Bus Station","from":"Banashankari Bus Station","to":"Dodda Maralawadi","routeno":"213-WA","distance_on_station":0,"centerlat":12.91779,"centerlong":77.57272,"responsecode":200,"isnotify":0,"vehicleDetails":[{"vehicleid":26071,"vehiclenumber":"KA57F5145","servicetypeid":72,"servicetype":"Non AC/Ordinary","centerlat":12.696995,"centerlong":77.477872,"eta":"","sch_arrivaltime":"12:50","sch_departuretime":"12:50","actual_arrivaltime":"","actual_departuretime":"","sch_tripstarttime":"12:50","sch_tripendtime":"12:50","lastlocationid":0,"currentlocationid":23613,"nextlocationid":0,"currentstop":null,"nextstop":null,"laststop":null,"stopCoveredStatus":0,"heading":26,"lastrefreshon":"05-10-2023 17:10:03","lastreceiveddatetimeflag":1,"tripposition":1}]},{"routeid":3282,"stationid":22459,"stationname":"Sarakki","from":"Banashankari Bus Station","to":"Dodda Maralawadi","routeno":"213-WA","distance_on_station":0.992,"centerlat":12.9097,"centerlong":77.57299,"responsecode":200,"isnotify":0,"vehicleDetails":[{"vehicleid":26071,"vehiclenumber":"KA57F5145","servicetypeid":72,"servicetype":"Non AC/Ordinary","centerlat":12.696995,"centerlong":77.477872,"eta":"","sch_arrivaltime":"12:54","sch_departuretime":"12:54","actual_arrivaltime":"","actual_departuretime":"","sch_tripstarttime":"12:50","sch_tripendtime":"12:50","lastlocationid":0,"currentlocationid":23613,"nextlocationid":0,"currentstop":null,"nextstop":null,"laststop":null,"stopCoveredStatus":0,"heading":26,"lastrefreshon":"05-10-2023 17:10:03","lastreceiveddatetimeflag":1,"tripposition":3}]},{"routeid":3282,"stationid":35926,"stationname":"JP Nagara Metro Station","from":"Banashankari Bus Station","to":"Dodda Maralawadi","routeno":"213-WA","distance_on_station":1.18,"centerlat":12.908,"centerlong":77.57312,"responsecode":200,"isnotify":0,"vehicleDetails":[{"vehicleid":26071,"vehiclenumber":"KA57F5145","servicetypeid":72,"servicetype":"Non AC/Ordinary","centerlat":12.696995,"centerlong":77.477872,"eta":"","sch_arrivaltime":"12:55","sch_departuretime":"12:55","actual_arrivaltime":"","actual_departuretime":"","sch_tripstarttime":"12:50","sch_tripendtime":"12:50","lastlocationid":0,"currentlocationid":23613,"nextlocationid":0,"currentstop":null,"nextstop":null,"laststop":null,"stopCoveredStatus":0,"heading":26,"lastrefreshon":"05-10-2023 17:10:03","lastreceiveddatetimeflag":1,"tripposition":3}]},{"routeid":3282,"stationid":22101,"stationname":"Jaraganahalli Cross","from":"Banashankari Bus Station","to":"Dodda Maralawadi","routeno":"213-WA","distance_on_station":1.914,"centerlat":12.9014,"centerlong":77.57344,"responsecode":200,"isnotify":0,"vehicleDetails":[{"vehicleid":26071,"vehiclenumber":"KA57F5145","servicetypeid":72,"servicetype":"Non AC/Ordinary","centerlat":12.696995,"centerlong":77.477872,"eta":"","sch_arrivaltime":"12:58","sch_departuretime":"12:58","actual_arrivaltime":"","actual_departuretime":"","sch_tripstarttime":"12:50","sch_tripendtime":"12:50","lastlocationid":0,"currentlocationid":23613,"nextlocationid":0,"currentstop":null,"nextstop":null,"laststop":null,"stopCoveredStatus":0,"heading":26,"lastrefreshon":"05-10-2023 17:10:03","lastreceiveddatetimeflag":1,"tripposition":3}]},{"routeid":3282,"stationid":22638,"stationname":"Yalachenahalli","from":"Banashankari Bus Station","to":"Dodda Maralawadi","routeno":"213-WA","distance_on_station":2.38,"centerlat":12.89764,"centerlong":77.57167,"responsecode":200,"isnotify":0,"vehicleDetails":[{"vehicleid":26071,"vehiclenumber":"KA57F5145","servicetypeid":72,"servicetype":"Non AC/Ordinary","centerlat":12.696995,"centerlong":77.477872,"eta":"","sch_arrivaltime":"12:59","sch_departuretime":"12:59","actual_arrivaltime":"","actual_departuretime":"","sch_tripstarttime":"12:50","sch_tripendtime":"12:50","lastlocationid":0,"currentlocationid":23613,"nextlocationid":0,"currentstop":null,"nextstop":null,"laststop":null,"stopCoveredStatus":0,"heading":26,"lastrefreshon":"05-10-2023 17:10:03","lastreceiveddatetimeflag":1,"tripposition":3}]},{"routeid":3282,"stationid":22817,"stationname":"Yalachenahalli Metro Station","from":"Banashankari Bus Station","to":"Dodda Maralawadi","routeno":"213-WA","distance_on_station":2.608,"centerlat":12.89609,"centerlong":77.57029,"responsecode":200,"isnotify":0,"vehicleDetails":[{"vehicleid":26071,"vehiclenumber":"KA57F5145","servicetypeid":72,"servicetype":"Non AC/Ordinary","centerlat":12.696995,"centerlong":77.477872,"eta":"","sch_arrivaltime":"13:00","sch_departuretime":"13:00","actual_arrivaltime":"","actual_departuretime":"","sch_tripstarttime":"12:50","sch_tripendtime":"12:50","lastlocationid":0,"currentlocationid":23613,"nextlocationid":0,"currentstop":null,"nextstop":null,"laststop":null,"stopCoveredStatus":0,"heading":26,"lastrefreshon":"05-10-2023 17:10:03","lastreceiveddatetimeflag":1,"tripposition":3}]},{"routeid":3282,"stationid":22284,"stationname":"Metro","from":"Banashankari Bus Station","to":"Dodda Maralawadi","routeno":"213-WA","distance_on_station":3.015,"centerlat":12.89336,"centerlong":77.56772,"responsecode":200,"isnotify":0,"vehicleDetails":[{"vehicleid":26071,"vehiclenumber":"KA57F5145","servicetypeid":72,"servicetype":"Non AC/Ordinary","centerlat":12.696995,"centerlong":77.477872,"eta":"","sch_arrivaltime":"13:01","sch_departuretime":"13:01","actual_arrivaltime":"","actual_departuretime":"","sch_tripstarttime":"12:50","sch_tripendtime":"12:50","lastlocationid":0,"currentlocationid":23613,"nextlocationid":0,"currentstop":null,"nextstop":null,"laststop":null,"stopCoveredStatus":0,"heading":26,"lastrefreshon":"05-10-2023 17:10:03","lastreceiveddatetimeflag":1,"tripposition":3}]},{"routeid":3282,"stationid":22190,"stationname":"Konanakunte Cross","from":"Banashankari Bus Station","to":"Dodda Maralawadi","routeno":"213-WA","distance_on_station":3.521,"centerlat":12.89025,"centerlong":77.56431,"responsecode":200,"isnotify":0,"vehicleDetails":[{"vehicleid":26071,"vehiclenumber":"KA57F5145","servicetypeid":72,"servicetype":"Non AC/Ordinary","centerlat":12.696995,"centerlong":77.477872,"eta":"","sch_arrivaltime":"13:02","sch_departuretime":"13:02","actual_arrivaltime":"","actual_departuretime":"","sch_tripstarttime":"12:50","sch_tripendtime":"12:50","lastlocationid":0,"currentlocationid":23613,"nextlocationid":0,"currentstop":null,"nextstop":null,"laststop":null,"stopCoveredStatus":0,"heading":26,"lastrefreshon":"05-10-2023 17:10:03","lastreceiveddatetimeflag":1,"tripposition":3}]},{"routeid":3282,"stationid":38358,"stationname":"Konanakunte Cross  Metro Station","from":"Banashankari Bus Station","to":"Dodda Maralawadi","routeno":"213-WA","distance_on_station":3.709,"centerlat":12.88907,"centerlong":77.56306,"responsecode":200,"isnotify":0,"vehicleDetails":[{"vehicleid":26071,"vehiclenumber":"KA57F5145","servicetypeid":72,"servicetype":"Non AC/Ordinary","centerlat":12.696995,"centerlong":77.477872,"eta":"","sch_arrivaltime":"13:03","sch_departuretime":"13:03","actual_arrivaltime":"","actual_departuretime":"","sch_tripstarttime":"12:50","sch_tripendtime":"12:50","lastlocationid":0,"currentlocationid":23613,"nextlocationid":0,"currentstop":null,"nextstop":null,"laststop":null,"stopCoveredStatus":0,"heading":26,"lastrefreshon":"05-10-2023 17:10:03","lastreceiveddatetimeflag":1,"tripposition":3}]},{"routeid":3282,"stationid":21909,"stationname":"Doddakallasandra","from":"Banashankari Bus Station","to":"Dodda Maralawadi","routeno":"213-WA","distance_on_station":4.512,"centerlat":12.88574,"centerlong":77.5565,"responsecode":200,"isnotify":0,"vehicleDetails":[{"vehicleid":26071,"vehiclenumber":"KA57F5145","servicetypeid":72,"servicetype":"Non AC/Ordinary","centerlat":12.696995,"centerlong":77.477872,"eta":"","sch_arrivaltime":"13:04","sch_departuretime":"13:04","actual_arrivaltime":"","actual_departuretime":"","sch_tripstarttime":"12:50","sch_tripendtime":"12:50","lastlocationid":0,"currentlocationid":23613,"nextlocationid":0,"currentstop":null,"nextstop":null,"laststop":null,"stopCoveredStatus":0,"heading":26,"lastrefreshon":"05-10-2023 17:10:03","lastreceiveddatetimeflag":1,"tripposition":3}]},{"routeid":3282,"stationid":38362,"stationname":"Doddakallasandra Metro Station","from":"Banashankari Bus Station","to":"Dodda Maralawadi","routeno":"213-WA","distance_on_station":4.899,"centerlat":12.88467,"centerlong":77.55312,"responsecode":200,"isnotify":0,"vehicleDetails":[{"vehicleid":26071,"vehiclenumber":"KA57F5145","servicetypeid":72,"servicetype":"Non AC/Ordinary","centerlat":12.696995,"centerlong":77.477872,"eta":"","sch_arrivaltime":"13:05","sch_departuretime":"13:05","actual_arrivaltime":"","actual_departuretime":"","sch_tripstarttime":"12:50","sch_tripendtime":"12:50","lastlocationid":0,"currentlocationid":23613,"nextlocationid":0,"currentstop":null,"nextstop":null,"laststop":null,"stopCoveredStatus":0,"heading":26,"lastrefreshon":"05-10-2023 17:10:03","lastreceiveddatetimeflag":1,"tripposition":3}]},{"routeid":3282,"stationid":21982,"stationname":"Gubbalala Gate","from":"Banashankari Bus Station","to":"Dodda Maralawadi","routeno":"213-WA","distance_on_station":5.078,"centerlat":12.88423,"centerlong":77.55153,"responsecode":200,"isnotify":0,"vehicleDetails":[{"vehicleid":26071,"vehiclenumber":"KA57F5145","servicetypeid":72,"servicetype":"Non AC/Ordinary","centerlat":12.696995,"centerlong":77.477872,"eta":"","sch_arrivaltime":"13:06","sch_departuretime":"13:06","actual_arrivaltime":"","actual_departuretime":"","sch_tripstarttime":"12:50","sch_tripendtime":"12:50","lastlocationid":0,"currentlocationid":23613,"nextlocationid":0,"currentstop":null,"nextstop":null,"laststop":null,"stopCoveredStatus":0,"heading":26,"lastrefreshon":"05-10-2023 17:10:03","lastreceiveddatetimeflag":1,"tripposition":3}]},{"routeid":3282,"stationid":22408,"stationname":"Raghuvanahalli Cross","from":"Banashankari Bus Station","to":"Dodda Maralawadi","routeno":"213-WA","distance_on_station":5.841,"centerlat":12.88067,"centerlong":77.54621,"responsecode":200,"isnotify":0,"vehicleDetails":[{"vehicleid":26071,"vehiclenumber":"KA57F5145","servicetypeid":72,"servicetype":"Non AC/Ordinary","centerlat":12.696995,"centerlong":77.477872,"eta":"","sch_arrivaltime":"13:08","sch_departuretime":"13:08","actual_arrivaltime":"","actual_departuretime":"","sch_tripstarttime":"12:50","sch_tripendtime":"12:50","lastlocationid":0,"currentlocationid":23613,"nextlocationid":0,"currentstop":null,"nextstop":null,"laststop":null,"stopCoveredStatus":0,"heading":26,"lastrefreshon":"05-10-2023 17:10:03","lastreceiveddatetimeflag":1,"tripposition":3}]},{"routeid":3282,"stationid":38360,"stationname":"Vajarahalli Metro Station","from":"Banashankari Bus Station","to":"Dodda Maralawadi","routeno":"213-WA","distance_on_station":6.198,"centerlat":12.87768,"centerlong":77.54498,"responsecode":200,"isnotify":0,"vehicleDetails":[{"vehicleid":26071,"vehiclenumber":"KA57F5145","servicetypeid":72,"servicetype":"Non AC/Ordinary","centerlat":12.696995,"centerlong":77.477872,"eta":"","sch_arrivaltime":"13:09","sch_departuretime":"13:09","actual_arrivaltime":"","actual_departuretime":"","sch_tripstarttime":"12:50","sch_tripendtime":"12:50","lastlocationid":0,"currentlocationid":23613,"nextlocationid":0,"currentstop":null,"nextstop":null,"laststop":null,"stopCoveredStatus":0,"heading":26,"lastrefreshon":"05-10-2023 17:10:03","lastreceiveddatetimeflag":1,"tripposition":3}]},{"routeid":3282,"stationid":21723,"stationname":"Bayyanapalya","from":"Banashankari Bus Station","to":"Dodda Maralawadi","routeno":"213-WA","distance_on_station":6.466,"centerlat":12.87558,"centerlong":77.54374,"responsecode":200,"isnotify":0,"vehicleDetails":[{"vehicleid":26071,"vehiclenumber":"KA57F5145","servicetypeid":72,"servicetype":"Non AC/Ordinary","centerlat":12.696995,"centerlong":77.477872,"eta":"","sch_arrivaltime":"13:10","sch_departuretime":"13:10","actual_arrivaltime":"","actual_departuretime":"","sch_tripstarttime":"12:50","sch_tripendtime":"12:50","lastlocationid":0,"currentlocationid":23613,"nextlocationid":0,"currentstop":null,"nextstop":null,"laststop":null,"stopCoveredStatus":0,"heading":26,"lastrefreshon":"05-10-2023 17:10:03","lastreceiveddatetimeflag":1,"tripposition":3}]},{"routeid":3282,"stationid":37739,"stationname":"Thalagattapura Metro Station","from":"Banashankari Bus Station","to":"Dodda Maralawadi","routeno":"213-WA","distance_on_station":7.22,"centerlat":12.87128,"centerlong":77.53854,"responsecode":200,"isnotify":0,"vehicleDetails":[{"vehicleid":26071,"vehiclenumber":"KA57F5145","servicetypeid":72,"servicetype":"Non AC/Ordinary","centerlat":12.696995,"centerlong":77.477872,"eta":"","sch_arrivaltime":"13:11","sch_departuretime":"13:11","actual_arrivaltime":"","actual_departuretime":"","sch_tripstarttime":"12:50","sch_tripendtime":"12:50","lastlocationid":0,"currentlocationid":23613,"nextlocationid":0,"currentstop":null,"nextstop":null,"laststop":null,"stopCoveredStatus":0,"heading":26,"lastrefreshon":"05-10-2023 17:10:03","lastreceiveddatetimeflag":1,"tripposition":3}]},{"routeid":3282,"stationid":22538,"stationname":"Thalagattapura","from":"Banashankari Bus Station","to":"Dodda Maralawadi","routeno":"213-WA","distance_on_station":7.468,"centerlat":12.86958,"centerlong":77.53705,"responsecode":200,"isnotify":0,"vehicleDetails":[{"vehicleid":26071,"vehiclenumber":"KA57F5145","servicetypeid":72,"servicetype":"Non AC/Ordinary","centerlat":12.696995,"centerlong":77.477872,"eta":"","sch_arrivaltime":"13:12","sch_departuretime":"13:12","actual_arrivaltime":"","actual_departuretime":"","sch_tripstarttime":"12:50","sch_tripendtime":"12:50","lastlocationid":0,"currentlocationid":23613,"nextlocationid":0,"currentstop":null,"nextstop":null,"laststop":null,"stopCoveredStatus":0,"heading":26,"lastrefreshon":"05-10-2023 17:10:03","lastreceiveddatetimeflag":1,"tripposition":3}]},{"routeid":3282,"stationid":22574,"stationname":"Vajramuneshwara Gate","from":"Banashankari Bus Station","to":"Dodda Maralawadi","routeno":"213-WA","distance_on_station":8.122,"centerlat":12.86481,"centerlong":77.53334,"responsecode":200,"isnotify":0,"vehicleDetails":[{"vehicleid":26071,"vehiclenumber":"KA57F5145","servicetypeid":72,"servicetype":"Non AC/Ordinary","centerlat":12.696995,"centerlong":77.477872,"eta":"","sch_arrivaltime":"13:13","sch_departuretime":"13:13","actual_arrivaltime":"","actual_departuretime":"","sch_tripstarttime":"12:50","sch_tripendtime":"12:50","lastlocationid":0,"currentlocationid":23613,"nextlocationid":0,"currentstop":null,"nextstop":null,"laststop":null,"stopCoveredStatus":0,"heading":26,"lastrefreshon":"05-10-2023 17:10:03","lastreceiveddatetimeflag":1,"tripposition":3}]},{"routeid":3282,"stationid":35891,"stationname":"Silk Institute Metro Station","from":"Banashankari Bus Station","to":"Dodda Maralawadi","routeno":"213-WA","distance_on_station":8.638,"centerlat":12.8616,"centerlong":77.52993,"responsecode":200,"isnotify":0,"vehicleDetails":[{"vehicleid":26071,"vehiclenumber":"KA57F5145","servicetypeid":72,"servicetype":"Non AC/Ordinary","centerlat":12.696995,"centerlong":77.477872,"eta":"","sch_arrivaltime":"13:14","sch_departuretime":"13:14","actual_arrivaltime":"","actual_departuretime":"","sch_tripstarttime":"12:50","sch_tripendtime":"12:50","lastlocationid":0,"currentlocationid":23613,"nextlocationid":0,"currentstop":null,"nextstop":null,"laststop":null,"stopCoveredStatus":0,"heading":26,"lastrefreshon":"05-10-2023 17:10:03","lastreceiveddatetimeflag":1,"tripposition":3}]},{"routeid":3282,"stationid":23600,"stationname":"Jyothi Farm","from":"Banashankari Bus Station","to":"Dodda Maralawadi","routeno":"213-WA","distance_on_station":8.846,"centerlat":12.85993,"centerlong":77.52896,"responsecode":200,"isnotify":0,"vehicleDetails":[{"vehicleid":26071,"vehiclenumber":"KA57F5145","servicetypeid":72,"servicetype":"Non AC/Ordinary","centerlat":12.696995,"centerlong":77.477872,"eta":"","sch_arrivaltime":"13:15","sch_departuretime":"13:15","actual_arrivaltime":"","actual_departuretime":"","sch_tripstarttime":"12:50","sch_tripendtime":"12:50","lastlocationid":0,"currentlocationid":23613,"nextlocationid":0,"currentstop":null,"nextstop":null,"laststop":null,"stopCoveredStatus":0,"heading":26,"lastrefreshon":"05-10-2023 17:10:03","lastreceiveddatetimeflag":1,"tripposition":3}]},{"routeid":3282,"stationid":22363,"stationname":"NICE Road","from":"Banashankari Bus Station","to":"Dodda Maralawadi","routeno":"213-WA","distance_on_station":9.253,"centerlat":12.85694,"centerlong":77.52685,"responsecode":200,"isnotify":0,"vehicleDetails":[{"vehicleid":26071,"vehiclenumber":"KA57F5145","servicetypeid":72,"servicetype":"Non AC/Ordinary","centerlat":12.696995,"centerlong":77.477872,"eta":"","sch_arrivaltime":"13:16","sch_departuretime":"13:16","actual_arrivaltime":"","actual_departuretime":"","sch_tripstarttime":"12:50","sch_tripendtime":"12:50","lastlocationid":0,"currentlocationid":23613,"nextlocationid":0,"currentstop":null,"nextstop":null,"laststop":null,"stopCoveredStatus":0,"heading":26,"lastrefreshon":"05-10-2023 17:10:03","lastreceiveddatetimeflag":1,"tripposition":3}]},{"routeid":3282,"stationid":21844,"stationname":"Chinnayyanapalya Silk Farm","from":"Banashankari Bus Station","to":"Dodda Maralawadi","routeno":"213-WA","distance_on_station":9.799,"centerlat":12.85347,"centerlong":77.52329,"responsecode":200,"isnotify":0,"vehicleDetails":[{"vehicleid":26071,"vehiclenumber":"KA57F5145","servicetypeid":72,"servicetype":"Non AC/Ordinary","centerlat":12.696995,"centerlong":77.477872,"eta":"","sch_arrivaltime":"13:17","sch_departuretime":"13:17","actual_arrivaltime":"","actual_departuretime":"","sch_tripstarttime":"12:50","sch_tripendtime":"12:50","lastlocationid":0,"currentlocationid":23613,"nextlocationid":0,"currentstop":null,"nextstop":null,"laststop":null,"stopCoveredStatus":0,"heading":26,"lastrefreshon":"05-10-2023 17:10:03","lastreceiveddatetimeflag":1,"tripposition":3}]},{"routeid":3282,"stationid":21640,"stationname":"Agara Cross","from":"Banashankari Bus Station","to":"Dodda Maralawadi","routeno":"213-WA","distance_on_station":10.294,"centerlat":12.84915,"centerlong":77.52219,"responsecode":200,"isnotify":0,"vehicleDetails":[{"vehicleid":26071,"vehiclenumber":"KA57F5145","servicetypeid":72,"servicetype":"Non AC/Ordinary","centerlat":12.696995,"centerlong":77.477872,"eta":"","sch_arrivaltime":"13:18","sch_departuretime":"13:18","actual_arrivaltime":"","actual_departuretime":"","sch_tripstarttime":"12:50","sch_tripendtime":"12:50","lastlocationid":0,"currentlocationid":23613,"nextlocationid":0,"currentstop":null,"nextstop":null,"laststop":null,"stopCoveredStatus":0,"heading":26,"lastrefreshon":"05-10-2023 17:10:03","lastreceiveddatetimeflag":1,"tripposition":3}]},{"routeid":3282,"stationid":22216,"stationname":"Kuppareddy Kere","from":"Banashankari Bus Station","to":"Dodda Maralawadi","routeno":"213-WA","distance_on_station":11.147,"centerlat":12.84268,"centerlong":77.51789,"responsecode":200,"isnotify":0,"vehicleDetails":[{"vehicleid":26071,"vehiclenumber":"KA57F5145","servicetypeid":72,"servicetype":"Non AC/Ordinary","centerlat":12.696995,"centerlong":77.477872,"eta":"","sch_arrivaltime":"13:19","sch_departuretime":"13:19","actual_arrivaltime":"","actual_departuretime":"","sch_tripstarttime":"12:50","sch_tripendtime":"12:50","lastlocationid":0,"currentlocationid":23613,"nextlocationid":0,"currentstop":null,"nextstop":null,"laststop":null,"stopCoveredStatus":0,"heading":26,"lastrefreshon":"05-10-2023 17:10:03","lastreceiveddatetimeflag":1,"tripposition":3}]},{"routeid":3282,"stationid":22474,"stationname":"Shanimahathma Temple","from":"Banashankari Bus Station","to":"Dodda Maralawadi","routeno":"213-WA","distance_on_station":11.782,"centerlat":12.83723,"centerlong":77.51612,"responsecode":200,"isnotify":0,"vehicleDetails":[{"vehicleid":26071,"vehiclenumber":"KA57F5145","servicetypeid":72,"servicetype":"Non AC/Ordinary","centerlat":12.696995,"centerlong":77.477872,"eta":"","sch_arrivaltime":"13:20","sch_departuretime":"13:20","actual_arrivaltime":"","actual_departuretime":"","sch_tripstarttime":"12:50","sch_tripendtime":"12:50","lastlocationid":0,"currentlocationid":23613,"nextlocationid":0,"currentstop":null,"nextstop":null,"laststop":null,"stopCoveredStatus":0,"heading":26,"lastrefreshon":"05-10-2023 17:10:03","lastreceiveddatetimeflag":1,"tripposition":3}]},{"routeid":3282,"stationid":22220,"stationname":"Lakshmipura","from":"Banashankari Bus Station","to":"Dodda Maralawadi","routeno":"213-WA","distance_on_station":12.298,"centerlat":12.83328,"centerlong":77.51372,"responsecode":200,"isnotify":0,"vehicleDetails":[{"vehicleid":26071,"vehiclenumber":"KA57F5145","servicetypeid":72,"servicetype":"Non AC/Ordinary","centerlat":12.696995,"centerlong":77.477872,"eta":"","sch_arrivaltime":"13:21","sch_departuretime":"13:21","actual_arrivaltime":"","actual_departuretime":"","sch_tripstarttime":"12:50","sch_tripendtime":"12:50","lastlocationid":0,"currentlocationid":23613,"nextlocationid":0,"currentstop":null,"nextstop":null,"laststop":null,"stopCoveredStatus":0,"heading":26,"lastrefreshon":"05-10-2023 17:10:03","lastreceiveddatetimeflag":1,"tripposition":3}]},{"routeid":3282,"stationid":22437,"stationname":"Saalu Doddy","from":"Banashankari Bus Station","to":"Dodda Maralawadi","routeno":"213-WA","distance_on_station":12.585,"centerlat":12.83077,"centerlong":77.51308,"responsecode":200,"isnotify":0,"vehicleDetails":[{"vehicleid":26071,"vehiclenumber":"KA57F5145","servicetypeid":72,"servicetype":"Non AC/Ordinary","centerlat":12.696995,"centerlong":77.477872,"eta":"","sch_arrivaltime":"13:22","sch_departuretime":"13:22","actual_arrivaltime":"","actual_departuretime":"","sch_tripstarttime":"12:50","sch_tripendtime":"12:50","lastlocationid":0,"currentlocationid":23613,"nextlocationid":0,"currentstop":null,"nextstop":null,"laststop":null,"stopCoveredStatus":0,"heading":26,"lastrefreshon":"05-10-2023 17:10:03","lastreceiveddatetimeflag":1,"tripposition":3}]},{"routeid":3282,"stationid":35673,"stationname":"Art Of Living Ravishankar Ashram","from":"Banashankari Bus Station","to":"Dodda Maralawadi","routeno":"213-WA","distance_on_station":12.804,"centerlat":12.82883,"centerlong":77.51259,"responsecode":200,"isnotify":0,"vehicleDetails":[{"vehicleid":26071,"vehiclenumber":"KA57F5145","servicetypeid":72,"servicetype":"Non AC/Ordinary","centerlat":12.696995,"centerlong":77.477872,"eta":"","sch_arrivaltime":"13:23","sch_departuretime":"13:23","actual_arrivaltime":"","actual_departuretime":"","sch_tripstarttime":"12:50","sch_tripendtime":"12:50","lastlocationid":0,"currentlocationid":23613,"nextlocationid":0,"currentstop":null,"nextstop":null,"laststop":null,"stopCoveredStatus":0,"heading":26,"lastrefreshon":"05-10-2023 17:10:03","lastreceiveddatetimeflag":1,"tripposition":3}]},{"routeid":3282,"stationid":23601,"stationname":"Dayananda Sagar Vidya Samste","from":"Banashankari Bus Station","to":"Dodda Maralawadi","routeno":"213-WA","distance_on_station":13.25,"centerlat":12.82498,"centerlong":77.51373,"responsecode":200,"isnotify":0,"vehicleDetails":[{"vehicleid":26071,"vehiclenumber":"KA57F5145","servicetypeid":72,"servicetype":"Non AC/Ordinary","centerlat":12.696995,"centerlong":77.477872,"eta":"","sch_arrivaltime":"13:24","sch_departuretime":"13:24","actual_arrivaltime":"","actual_departuretime":"","sch_tripstarttime":"12:50","sch_tripendtime":"12:50","lastlocationid":0,"currentlocationid":23613,"nextlocationid":0,"currentstop":null,"nextstop":null,"laststop":null,"stopCoveredStatus":0,"heading":26,"lastrefreshon":"05-10-2023 17:10:03","lastreceiveddatetimeflag":1,"tripposition":3}]},{"routeid":3282,"stationid":29575,"stationname":"Art Of Living (Kanakapura Road)","from":"Banashankari Bus Station","to":"Dodda Maralawadi","routeno":"213-WA","distance_on_station":13.498,"centerlat":12.82279,"centerlong":77.51415,"responsecode":200,"isnotify":0,"vehicleDetails":[{"vehicleid":26071,"vehiclenumber":"KA57F5145","servicetypeid":72,"servicetype":"Non AC/Ordinary","centerlat":12.696995,"centerlong":77.477872,"eta":"","sch_arrivaltime":"13:25","sch_departuretime":"13:25","actual_arrivaltime":"","actual_departuretime":"","sch_tripstarttime":"12:50","sch_tripendtime":"12:50","lastlocationid":0,"currentlocationid":23613,"nextlocationid":0,"currentstop":null,"nextstop":null,"laststop":null,"stopCoveredStatus":0,"heading":26,"lastrefreshon":"05-10-2023 17:10:03","lastreceiveddatetimeflag":1,"tripposition":3}]},{"routeid":3282,"stationid":23602,"stationname":"Udipalya","from":"Banashankari Bus Station","to":"Dodda Maralawadi","routeno":"213-WA","distance_on_station":13.775,"centerlat":12.82044,"centerlong":77.5142,"responsecode":200,"isnotify":0,"vehicleDetails":[{"vehicleid":26071,"vehiclenumber":"KA57F5145","servicetypeid":72,"servicetype":"Non AC/Ordinary","centerlat":12.696995,"centerlong":77.477872,"eta":"","sch_arrivaltime":"13:26","sch_departuretime":"13:26","actual_arrivaltime":"","actual_departuretime":"","sch_tripstarttime":"12:50","sch_tripendtime":"12:50","lastlocationid":0,"currentlocationid":23613,"nextlocationid":0,"currentstop":null,"nextstop":null,"laststop":null,"stopCoveredStatus":0,"heading":26,"lastrefreshon":"05-10-2023 17:10:03","lastreceiveddatetimeflag":1,"tripposition":3}]},{"routeid":3282,"stationid":22566,"stationname":"Udayapura","from":"Banashankari Bus Station","to":"Dodda Maralawadi","routeno":"213-WA","distance_on_station":14.728,"centerlat":12.81325,"centerlong":77.51202,"responsecode":200,"isnotify":0,"vehicleDetails":[{"vehicleid":26071,"vehiclenumber":"KA57F5145","servicetypeid":72,"servicetype":"Non AC/Ordinary","centerlat":12.696995,"centerlong":77.477872,"eta":"","sch_arrivaltime":"13:27","sch_departuretime":"13:27","actual_arrivaltime":"","actual_departuretime":"","sch_tripstarttime":"12:50","sch_tripendtime":"12:50","lastlocationid":0,"currentlocationid":23613,"nextlocationid":0,"currentstop":null,"nextstop":null,"laststop":null,"stopCoveredStatus":0,"heading":26,"lastrefreshon":"05-10-2023 17:10:03","lastreceiveddatetimeflag":1,"tripposition":3}]},{"routeid":3282,"stationid":22446,"stationname":"Saluhunase","from":"Banashankari Bus Station","to":"Dodda Maralawadi","routeno":"213-WA","distance_on_station":14.995,"centerlat":12.81095,"centerlong":77.51157,"responsecode":200,"isnotify":0,"vehicleDetails":[{"vehicleid":26071,"vehiclenumber":"KA57F5145","servicetypeid":72,"servicetype":"Non AC/Ordinary","centerlat":12.696995,"centerlong":77.477872,"eta":"","sch_arrivaltime":"13:28","sch_departuretime":"13:28","actual_arrivaltime":"","actual_departuretime":"","sch_tripstarttime":"12:50","sch_tripendtime":"12:50","lastlocationid":0,"currentlocationid":23613,"nextlocationid":0,"currentstop":null,"nextstop":null,"laststop":null,"stopCoveredStatus":0,"heading":26,"lastrefreshon":"05-10-2023 17:10:03","lastreceiveddatetimeflag":1,"tripposition":3}]},{"routeid":3282,"stationid":23635,"stationname":"Santekatte","from":"Banashankari Bus Station","to":"Dodda Maralawadi","routeno":"213-WA","distance_on_station":15.491,"centerlat":12.8067,"centerlong":77.51063,"responsecode":200,"isnotify":0,"vehicleDetails":[{"vehicleid":26071,"vehiclenumber":"KA57F5145","servicetypeid":72,"servicetype":"Non AC/Ordinary","centerlat":12.696995,"centerlong":77.477872,"eta":"","sch_arrivaltime":"13:29","sch_departuretime":"13:29","actual_arrivaltime":"","actual_departuretime":"","sch_tripstarttime":"12:50","sch_tripendtime":"12:50","lastlocationid":0,"currentlocationid":23613,"nextlocationid":0,"currentstop":null,"nextstop":null,"laststop":null,"stopCoveredStatus":0,"heading":26,"lastrefreshon":"05-10-2023 17:10:03","lastreceiveddatetimeflag":1,"tripposition":3}]},{"routeid":3282,"stationid":22137,"stationname":"Kaggalipura","from":"Banashankari Bus Station","to":"Dodda Maralawadi","routeno":"213-WA","distance_on_station":16.295,"centerlat":12.80031,"centerlong":77.50847,"responsecode":200,"isnotify":0,"vehicleDetails":[{"vehicleid":26071,"vehiclenumber":"KA57F5145","servicetypeid":72,"servicetype":"Non AC/Ordinary","centerlat":12.696995,"centerlong":77.477872,"eta":"","sch_arrivaltime":"13:30","sch_departuretime":"13:30","actual_arrivaltime":"","actual_departuretime":"","sch_tripstarttime":"12:50","sch_tripendtime":"12:50","lastlocationid":0,"currentlocationid":23613,"nextlocationid":0,"currentstop":null,"nextstop":null,"laststop":null,"stopCoveredStatus":0,"heading":26,"lastrefreshon":"05-10-2023 17:10:03","lastreceiveddatetimeflag":1,"tripposition":3}]},{"routeid":3282,"stationid":23604,"stationname":"Pattareddypalya","from":"Banashankari Bus Station","to":"Dodda Maralawadi","routeno":"213-WA","distance_on_station":17.088,"centerlat":12.79451,"centerlong":77.50544,"responsecode":200,"isnotify":0,"vehicleDetails":[{"vehicleid":26071,"vehiclenumber":"KA57F5145","servicetypeid":72,"servicetype":"Non AC/Ordinary","centerlat":12.696995,"centerlong":77.477872,"eta":"","sch_arrivaltime":"13:31","sch_departuretime":"13:31","actual_arrivaltime":"","actual_departuretime":"","sch_tripstarttime":"12:50","sch_tripendtime":"12:50","lastlocationid":0,"currentlocationid":23613,"nextlocationid":0,"currentstop":null,"nextstop":null,"laststop":null,"stopCoveredStatus":0,"heading":26,"lastrefreshon":"05-10-2023 17:10:03","lastreceiveddatetimeflag":1,"tripposition":3}]},{"routeid":3282,"stationid":23546,"stationname":"Gandhi Nagara","from":"Banashankari Bus Station","to":"Dodda Maralawadi","routeno":"213-WA","distance_on_station":17.564,"centerlat":12.79019,"centerlong":77.50452,"responsecode":200,"isnotify":0,"vehicleDetails":[{"vehicleid":26071,"vehiclenumber":"KA57F5145","servicetypeid":72,"servicetype":"Non AC/Ordinary","centerlat":12.696995,"centerlong":77.477872,"eta":"","sch_arrivaltime":"13:32","sch_departuretime":"13:32","actual_arrivaltime":"","actual_departuretime":"","sch_tripstarttime":"12:50","sch_tripendtime":"12:50","lastlocationid":0,"currentlocationid":23613,"nextlocationid":0,"currentstop":null,"nextstop":null,"laststop":null,"stopCoveredStatus":0,"heading":26,"lastrefreshon":"05-10-2023 17:10:03","lastreceiveddatetimeflag":1,"tripposition":3}]},{"routeid":3282,"stationid":23134,"stationname":"APS College","from":"Banashankari Bus Station","to":"Dodda Maralawadi","routeno":"213-WA","distance_on_station":18.546,"centerlat":12.78276,"centerlong":77.49966,"responsecode":200,"isnotify":0,"vehicleDetails":[{"vehicleid":26071,"vehiclenumber":"KA57F5145","servicetypeid":72,"servicetype":"Non AC/Ordinary","centerlat":12.696995,"centerlong":77.477872,"eta":"","sch_arrivaltime":"13:33","sch_departuretime":"13:33","actual_arrivaltime":"","actual_departuretime":"","sch_tripstarttime":"12:50","sch_tripendtime":"12:50","lastlocationid":0,"currentlocationid":23613,"nextlocationid":0,"currentstop":null,"nextstop":null,"laststop":null,"stopCoveredStatus":0,"heading":26,"lastrefreshon":"05-10-2023 17:10:03","lastreceiveddatetimeflag":1,"tripposition":3}]},{"routeid":3282,"stationid":35171,"stationname":"Somanahalli Gate","from":"Banashankari Bus Station","to":"Dodda Maralawadi","routeno":"213-WA","distance_on_station":18.933,"centerlat":12.78054,"centerlong":77.49682,"responsecode":200,"isnotify":0,"vehicleDetails":[{"vehicleid":26071,"vehiclenumber":"KA57F5145","servicetypeid":72,"servicetype":"Non AC/Ordinary","centerlat":12.696995,"centerlong":77.477872,"eta":"","sch_arrivaltime":"13:34","sch_departuretime":"13:34","actual_arrivaltime":"","actual_departuretime":"","sch_tripstarttime":"12:50","sch_tripendtime":"12:50","lastlocationid":0,"currentlocationid":23613,"nextlocationid":0,"currentstop":null,"nextstop":null,"laststop":null,"stopCoveredStatus":0,"heading":26,"lastrefreshon":"05-10-2023 17:10:03","lastreceiveddatetimeflag":1,"tripposition":3}]},{"routeid":3282,"stationid":23549,"stationname":"Nelagulli Cross","from":"Banashankari Bus Station","to":"Dodda Maralawadi","routeno":"213-WA","distance_on_station":19.815,"centerlat":12.77412,"centerlong":77.49242,"responsecode":200,"isnotify":0,"vehicleDetails":[{"vehicleid":26071,"vehiclenumber":"KA57F5145","servicetypeid":72,"servicetype":"Non AC/Ordinary","centerlat":12.696995,"centerlong":77.477872,"eta":"","sch_arrivaltime":"13:35","sch_departuretime":"13:35","actual_arrivaltime":"","actual_departuretime":"","sch_tripstarttime":"12:50","sch_tripendtime":"12:50","lastlocationid":0,"currentlocationid":23613,"nextlocationid":0,"currentstop":null,"nextstop":null,"laststop":null,"stopCoveredStatus":0,"heading":26,"lastrefreshon":"05-10-2023 17:10:03","lastreceiveddatetimeflag":1,"tripposition":3}]},{"routeid":3282,"stationid":23550,"stationname":"Hosa Doddy Gate","from":"Banashankari Bus Station","to":"Dodda Maralawadi","routeno":"213-WA","distance_on_station":21.035,"centerlat":12.76466,"centerlong":77.48759,"responsecode":200,"isnotify":0,"vehicleDetails":[{"vehicleid":26071,"vehiclenumber":"KA57F5145","servicetypeid":72,"servicetype":"Non AC/Ordinary","centerlat":12.696995,"centerlong":77.477872,"eta":"","sch_arrivaltime":"13:36","sch_departuretime":"13:36","actual_arrivaltime":"","actual_departuretime":"","sch_tripstarttime":"12:50","sch_tripendtime":"12:50","lastlocationid":0,"currentlocationid":23613,"nextlocationid":0,"currentstop":null,"nextstop":null,"laststop":null,"stopCoveredStatus":0,"heading":26,"lastrefreshon":"05-10-2023 17:10:03","lastreceiveddatetimeflag":1,"tripposition":3}]},{"routeid":3282,"stationid":23605,"stationname":"Sadhanapalya Gate","from":"Banashankari Bus Station","to":"Dodda Maralawadi","routeno":"213-WA","distance_on_station":22.225,"centerlat":12.76807,"centerlong":77.48881,"responsecode":200,"isnotify":0,"vehicleDetails":[{"vehicleid":26071,"vehiclenumber":"KA57F5145","servicetypeid":72,"servicetype":"Non AC/Ordinary","centerlat":12.696995,"centerlong":77.477872,"eta":"","sch_arrivaltime":"13:38","sch_departuretime":"13:38","actual_arrivaltime":"","actual_departuretime":"","sch_tripstarttime":"12:50","sch_tripendtime":"12:50","lastlocationid":0,"currentlocationid":23613,"nextlocationid":0,"currentstop":null,"nextstop":null,"laststop":null,"stopCoveredStatus":0,"heading":26,"lastrefreshon":"05-10-2023 17:10:03","lastreceiveddatetimeflag":1,"tripposition":3}]},{"routeid":3282,"stationid":23551,"stationname":"Nettigere Cross","from":"Banashankari Bus Station","to":"Dodda Maralawadi","routeno":"213-WA","distance_on_station":23.019,"centerlat":12.76118,"centerlong":77.48671,"responsecode":200,"isnotify":0,"vehicleDetails":[{"vehicleid":26071,"vehiclenumber":"KA57F5145","servicetypeid":72,"servicetype":"Non AC/Ordinary","centerlat":12.696995,"centerlong":77.477872,"eta":"","sch_arrivaltime":"13:39","sch_departuretime":"13:39","actual_arrivaltime":"","actual_departuretime":"","sch_tripstarttime":"12:50","sch_tripendtime":"12:50","lastlocationid":0,"currentlocationid":23613,"nextlocationid":0,"currentstop":null,"nextstop":null,"laststop":null,"stopCoveredStatus":0,"heading":26,"lastrefreshon":"05-10-2023 17:10:03","lastreceiveddatetimeflag":1,"tripposition":3}]},{"routeid":3282,"stationid":23552,"stationname":"Bolare","from":"Banashankari Bus Station","to":"Dodda Maralawadi","routeno":"213-WA","distance_on_station":23.822,"centerlat":12.75429,"centerlong":77.48468,"responsecode":200,"isnotify":0,"vehicleDetails":[{"vehicleid":26071,"vehiclenumber":"KA57F5145","servicetypeid":72,"servicetype":"Non AC/Ordinary","centerlat":12.696995,"centerlong":77.477872,"eta":"","sch_arrivaltime":"13:40","sch_departuretime":"13:40","actual_arrivaltime":"","actual_departuretime":"","sch_tripstarttime":"12:50","sch_tripendtime":"12:50","lastlocationid":0,"currentlocationid":23613,"nextlocationid":0,"currentstop":null,"nextstop":null,"laststop":null,"stopCoveredStatus":0,"heading":26,"lastrefreshon":"05-10-2023 17:10:03","lastreceiveddatetimeflag":1,"tripposition":3}]},{"routeid":3282,"stationid":23553,"stationname":"Ravagodlu Gate","from":"Banashankari Bus Station","to":"Dodda Maralawadi","routeno":"213-WA","distance_on_station":24.467,"centerlat":12.74897,"centerlong":77.4865,"responsecode":200,"isnotify":0,"vehicleDetails":[{"vehicleid":26071,"vehiclenumber":"KA57F5145","servicetypeid":72,"servicetype":"Non AC/Ordinary","centerlat":12.696995,"centerlong":77.477872,"eta":"","sch_arrivaltime":"13:41","sch_departuretime":"13:41","actual_arrivaltime":"","actual_departuretime":"","sch_tripstarttime":"12:50","sch_tripendtime":"12:50","lastlocationid":0,"currentlocationid":23613,"nextlocationid":0,"currentstop":null,"nextstop":null,"laststop":null,"stopCoveredStatus":0,"heading":26,"lastrefreshon":"05-10-2023 17:10:03","lastreceiveddatetimeflag":1,"tripposition":3}]},{"routeid":3282,"stationid":23607,"stationname":"Gantakana Doddy Cross","from":"Banashankari Bus Station","to":"Dodda Maralawadi","routeno":"213-WA","distance_on_station":25.329,"centerlat":12.74144,"centerlong":77.48828,"responsecode":200,"isnotify":0,"vehicleDetails":[{"vehicleid":26071,"vehiclenumber":"KA57F5145","servicetypeid":72,"servicetype":"Non AC/Ordinary","centerlat":12.696995,"centerlong":77.477872,"eta":"","sch_arrivaltime":"13:42","sch_departuretime":"13:42","actual_arrivaltime":"","actual_departuretime":"","sch_tripstarttime":"12:50","sch_tripendtime":"12:50","lastlocationid":0,"currentlocationid":23613,"nextlocationid":0,"currentstop":null,"nextstop":null,"laststop":null,"stopCoveredStatus":0,"heading":26,"lastrefreshon":"05-10-2023 17:10:03","lastreceiveddatetimeflag":1,"tripposition":3}]},{"routeid":3282,"stationid":23608,"stationname":"Yadamadu Kanakapura Road","from":"Banashankari Bus Station","to":"Dodda Maralawadi","routeno":"213-WA","distance_on_station":26.004,"centerlat":12.73537,"centerlong":77.48809,"responsecode":200,"isnotify":0,"vehicleDetails":[{"vehicleid":26071,"vehiclenumber":"KA57F5145","servicetypeid":72,"servicetype":"Non AC/Ordinary","centerlat":12.696995,"centerlong":77.477872,"eta":"","sch_arrivaltime":"13:43","sch_departuretime":"13:43","actual_arrivaltime":"","actual_departuretime":"","sch_tripstarttime":"12:50","sch_tripendtime":"12:50","lastlocationid":0,"currentlocationid":23613,"nextlocationid":0,"currentstop":null,"nextstop":null,"laststop":null,"stopCoveredStatus":0,"heading":26,"lastrefreshon":"05-10-2023 17:10:03","lastreceiveddatetimeflag":1,"tripposition":3}]},{"routeid":3282,"stationid":35077,"stationname":"Kaggalahalli","from":"Banashankari Bus Station","to":"Dodda Maralawadi","routeno":"213-WA","distance_on_station":26.857,"centerlat":12.72772,"centerlong":77.48694,"responsecode":200,"isnotify":0,"vehicleDetails":[{"vehicleid":26071,"vehiclenumber":"KA57F5145","servicetypeid":72,"servicetype":"Non AC/Ordinary","centerlat":12.696995,"centerlong":77.477872,"eta":"","sch_arrivaltime":"13:44","sch_departuretime":"13:44","actual_arrivaltime":"","actual_departuretime":"","sch_tripstarttime":"12:50","sch_tripendtime":"12:50","lastlocationid":0,"currentlocationid":23613,"nextlocationid":0,"currentstop":null,"nextstop":null,"laststop":null,"stopCoveredStatus":0,"heading":26,"lastrefreshon":"05-10-2023 17:10:03","lastreceiveddatetimeflag":1,"tripposition":3}]},{"routeid":3282,"stationid":23610,"stationname":"Kanyakumari","from":"Banashankari Bus Station","to":"Dodda Maralawadi","routeno":"213-WA","distance_on_station":28.037,"centerlat":12.71806,"centerlong":77.48245,"responsecode":200,"isnotify":0,"vehicleDetails":[{"vehicleid":26071,"vehiclenumber":"KA57F5145","servicetypeid":72,"servicetype":"Non AC/Ordinary","centerlat":12.696995,"centerlong":77.477872,"eta":"","sch_arrivaltime":"13:45","sch_departuretime":"13:45","actual_arrivaltime":"","actual_departuretime":"","sch_tripstarttime":"12:50","sch_tripendtime":"12:50","lastlocationid":0,"currentlocationid":23613,"nextlocationid":0,"currentstop":null,"nextstop":null,"laststop":null,"stopCoveredStatus":0,"heading":26,"lastrefreshon":"05-10-2023 17:10:03","lastreceiveddatetimeflag":1,"tripposition":3}]},{"routeid":3282,"stationid":23611,"stationname":"New Gabbadi","from":"Banashankari Bus Station","to":"Dodda Maralawadi","routeno":"213-WA","distance_on_station":28.553,"centerlat":12.71352,"centerlong":77.48157,"responsecode":200,"isnotify":0,"vehicleDetails":[{"vehicleid":26071,"vehiclenumber":"KA57F5145","servicetypeid":72,"servicetype":"Non AC/Ordinary","centerlat":12.696995,"centerlong":77.477872,"eta":"","sch_arrivaltime":"13:46","sch_departuretime":"13:46","actual_arrivaltime":"","actual_departuretime":"","sch_tripstarttime":"12:50","sch_tripendtime":"12:50","lastlocationid":0,"currentlocationid":23613,"nextlocationid":0,"currentstop":null,"nextstop":null,"laststop":null,"stopCoveredStatus":0,"heading":26,"lastrefreshon":"05-10-2023 17:10:03","lastreceiveddatetimeflag":1,"tripposition":3}]},{"routeid":3282,"stationid":23612,"stationname":"Kebbedoddi Gate","from":"Banashankari Bus Station","to":"Dodda Maralawadi","routeno":"213-WA","distance_on_station":29.743,"centerlat":12.70305,"centerlong":77.481,"responsecode":200,"isnotify":0,"vehicleDetails":[{"vehicleid":26071,"vehiclenumber":"KA57F5145","servicetypeid":72,"servicetype":"Non AC/Ordinary","centerlat":12.696995,"centerlong":77.477872,"eta":"","sch_arrivaltime":"13:47","sch_departuretime":"13:47","actual_arrivaltime":"","actual_departuretime":"","sch_tripstarttime":"12:50","sch_tripendtime":"12:50","lastlocationid":0,"currentlocationid":23613,"nextlocationid":0,"currentstop":null,"nextstop":null,"laststop":null,"stopCoveredStatus":0,"heading":26,"lastrefreshon":"05-10-2023 17:10:03","lastreceiveddatetimeflag":1,"tripposition":3}]},{"routeid":3282,"stationid":23613,"stationname":"Harohalli Depot","from":"Banashankari Bus Station","to":"Dodda Maralawadi","routeno":"213-WA","distance_on_station":30.358,"centerlat":12.69801,"centerlong":77.47846,"responsecode":200,"isnotify":0,"vehicleDetails":[{"vehicleid":26071,"vehiclenumber":"KA57F5145","servicetypeid":72,"servicetype":"Non AC/Ordinary","centerlat":12.696995,"centerlong":77.477872,"eta":"","sch_arrivaltime":"13:48","sch_departuretime":"13:48","actual_arrivaltime":"","actual_departuretime":"","sch_tripstarttime":"12:50","sch_tripendtime":"12:50","lastlocationid":0,"currentlocationid":23613,"nextlocationid":0,"currentstop":null,"nextstop":null,"laststop":null,"stopCoveredStatus":0,"heading":26,"lastrefreshon":"05-10-2023 17:10:03","lastreceiveddatetimeflag":1,"tripposition":3}]},{"routeid":3282,"stationid":23614,"stationname":"Harohalli Petrol bunk","from":"Banashankari Bus Station","to":"Dodda Maralawadi","routeno":"213-WA","distance_on_station":31.617,"centerlat":12.68712,"centerlong":77.47494,"responsecode":200,"isnotify":0,"vehicleDetails":[{"vehicleid":26071,"vehiclenumber":"KA57F5145","servicetypeid":72,"servicetype":"Non AC/Ordinary","centerlat":12.696995,"centerlong":77.477872,"eta":"","sch_arrivaltime":"13:49","sch_departuretime":"13:49","actual_arrivaltime":"","actual_departuretime":"","sch_tripstarttime":"12:50","sch_tripendtime":"12:50","lastlocationid":0,"currentlocationid":23613,"nextlocationid":0,"currentstop":null,"nextstop":null,"laststop":null,"stopCoveredStatus":0,"heading":26,"lastrefreshon":"05-10-2023 17:10:03","lastreceiveddatetimeflag":1,"tripposition":3}]},{"routeid":3282,"stationid":35155,"stationname":"Harohalli","from":"Banashankari Bus Station","to":"Dodda Maralawadi","routeno":"213-WA","distance_on_station":32.639,"centerlat":12.68009,"centerlong":77.46966,"responsecode":200,"isnotify":0,"vehicleDetails":[{"vehicleid":26071,"vehiclenumber":"KA57F5145","servicetypeid":72,"servicetype":"Non AC/Ordinary","centerlat":12.696995,"centerlong":77.477872,"eta":"","sch_arrivaltime":"13:50","sch_departuretime":"13:50","actual_arrivaltime":"","actual_departuretime":"","sch_tripstarttime":"12:50","sch_tripendtime":"12:50","lastlocationid":0,"currentlocationid":23613,"nextlocationid":0,"currentstop":null,"nextstop":null,"laststop":null,"stopCoveredStatus":0,"heading":26,"lastrefreshon":"05-10-2023 17:10:03","lastreceiveddatetimeflag":1,"tripposition":3}]},{"routeid":3282,"stationid":32525,"stationname":"Doddabadhegere Gate","from":"Banashankari Bus Station","to":"Dodda Maralawadi","routeno":"213-WA","distance_on_station":34.692,"centerlat":12.669,"centerlong":77.48293,"responsecode":200,"isnotify":0,"vehicleDetails":[{"vehicleid":26071,"vehiclenumber":"KA57F5145","servicetypeid":72,"servicetype":"Non AC/Ordinary","centerlat":12.696995,"centerlong":77.477872,"eta":"","sch_arrivaltime":"13:55","sch_departuretime":"13:55","actual_arrivaltime":"","actual_departuretime":"","sch_tripstarttime":"12:50","sch_tripendtime":"12:50","lastlocationid":0,"currentlocationid":23613,"nextlocationid":0,"currentstop":null,"nextstop":null,"laststop":null,"stopCoveredStatus":0,"heading":26,"lastrefreshon":"05-10-2023 17:10:03","lastreceiveddatetimeflag":1,"tripposition":3}]},{"routeid":3282,"stationid":34146,"stationname":"Neralemarada Doddi","from":"Banashankari Bus Station","to":"Dodda Maralawadi","routeno":"213-WA","distance_on_station":36.239,"centerlat":12.65868,"centerlong":77.49163,"responsecode":200,"isnotify":0,"vehicleDetails":[{"vehicleid":26071,"vehiclenumber":"KA57F5145","servicetypeid":72,"servicetype":"Non AC/Ordinary","centerlat":12.696995,"centerlong":77.477872,"eta":"","sch_arrivaltime":"13:57","sch_departuretime":"13:57","actual_arrivaltime":"","actual_departuretime":"","sch_tripstarttime":"12:50","sch_tripendtime":"12:50","lastlocationid":0,"currentlocationid":23613,"nextlocationid":0,"currentstop":null,"nextstop":null,"laststop":null,"stopCoveredStatus":0,"heading":26,"lastrefreshon":"05-10-2023 17:10:03","lastreceiveddatetimeflag":1,"tripposition":3}]},{"routeid":3282,"stationid":33355,"stationname":"Karekallu Doddi","from":"Banashankari Bus Station","to":"Dodda Maralawadi","routeno":"213-WA","distance_on_station":37.111,"centerlat":12.65159,"centerlong":77.49497,"responsecode":200,"isnotify":0,"vehicleDetails":[{"vehicleid":26071,"vehiclenumber":"KA57F5145","servicetypeid":72,"servicetype":"Non AC/Ordinary","centerlat":12.696995,"centerlong":77.477872,"eta":"","sch_arrivaltime":"13:59","sch_departuretime":"13:59","actual_arrivaltime":"","actual_departuretime":"","sch_tripstarttime":"12:50","sch_tripendtime":"12:50","lastlocationid":0,"currentlocationid":23613,"nextlocationid":0,"currentstop":null,"nextstop":null,"laststop":null,"stopCoveredStatus":0,"heading":26,"lastrefreshon":"05-10-2023 17:10:03","lastreceiveddatetimeflag":1,"tripposition":3}]},{"routeid":3282,"stationid":32626,"stationname":"Gandhi Farm Gate","from":"Banashankari Bus Station","to":"Dodda Maralawadi","routeno":"213-WA","distance_on_station":37.945,"centerlat":12.64482,"centerlong":77.49762,"responsecode":200,"isnotify":0,"vehicleDetails":[{"vehicleid":26071,"vehiclenumber":"KA57F5145","servicetypeid":72,"servicetype":"Non AC/Ordinary","centerlat":12.696995,"centerlong":77.477872,"eta":"","sch_arrivaltime":"14:02","sch_departuretime":"14:02","actual_arrivaltime":"","actual_departuretime":"","sch_tripstarttime":"12:50","sch_tripendtime":"12:50","lastlocationid":0,"currentlocationid":23613,"nextlocationid":0,"currentstop":null,"nextstop":null,"laststop":null,"stopCoveredStatus":0,"heading":26,"lastrefreshon":"05-10-2023 17:10:03","lastreceiveddatetimeflag":1,"tripposition":3}]},{"routeid":3282,"stationid":32636,"stationname":"Gangamma Temple Maralawadi Road","from":"Banashankari Bus Station","to":"Dodda Maralawadi","routeno":"213-WA","distance_on_station":38.916,"centerlat":12.6363,"centerlong":77.499,"responsecode":200,"isnotify":0,"vehicleDetails":[{"vehicleid":26071,"vehiclenumber":"KA57F5145","servicetypeid":72,"servicetype":"Non AC/Ordinary","centerlat":12.696995,"centerlong":77.477872,"eta":"","sch_arrivaltime":"14:07","sch_departuretime":"14:07","actual_arrivaltime":"","actual_departuretime":"","sch_tripstarttime":"12:50","sch_tripendtime":"12:50","lastlocationid":0,"currentlocationid":23613,"nextlocationid":0,"currentstop":null,"nextstop":null,"laststop":null,"stopCoveredStatus":0,"heading":26,"lastrefreshon":"05-10-2023 17:10:03","lastreceiveddatetimeflag":1,"tripposition":3}]},{"routeid":3282,"stationid":29521,"stationname":"Ane Hosahalli Gate","from":"Banashankari Bus Station","to":"Dodda Maralawadi","routeno":"213-WA","distance_on_station":41.495,"centerlat":12.62071,"centerlong":77.51387,"responsecode":200,"isnotify":0,"vehicleDetails":[{"vehicleid":26071,"vehiclenumber":"KA57F5145","servicetypeid":72,"servicetype":"Non AC/Ordinary","centerlat":12.696995,"centerlong":77.477872,"eta":"","sch_arrivaltime":"14:14","sch_departuretime":"14:14","actual_arrivaltime":"","actual_departuretime":"","sch_tripstarttime":"12:50","sch_tripendtime":"12:50","lastlocationid":0,"currentlocationid":23613,"nextlocationid":0,"currentstop":null,"nextstop":null,"laststop":null,"stopCoveredStatus":0,"heading":26,"lastrefreshon":"05-10-2023 17:10:03","lastreceiveddatetimeflag":1,"tripposition":3}]},{"routeid":3282,"stationid":32133,"stationname":"Brundavana School Maralawadi","from":"Banashankari Bus Station","to":"Dodda Maralawadi","routeno":"213-WA","distance_on_station":42.447,"centerlat":12.61763,"centerlong":77.52116,"responsecode":200,"isnotify":0,"vehicleDetails":[{"vehicleid":26071,"vehiclenumber":"KA57F5145","servicetypeid":72,"servicetype":"Non AC/Ordinary","centerlat":12.696995,"centerlong":77.477872,"eta":"","sch_arrivaltime":"14:16","sch_departuretime":"14:16","actual_arrivaltime":"","actual_departuretime":"","sch_tripstarttime":"12:50","sch_tripendtime":"12:50","lastlocationid":0,"currentlocationid":23613,"nextlocationid":0,"currentstop":null,"nextstop":null,"laststop":null,"stopCoveredStatus":0,"heading":26,"lastrefreshon":"05-10-2023 17:10:03","lastreceiveddatetimeflag":1,"tripposition":3}]},{"routeid":3282,"stationid":25037,"stationname":"Dodda Maralawadi","from":"Banashankari Bus Station","to":"Dodda Maralawadi","routeno":"213-WA","distance_on_station":43.3,"centerlat":12.61221,"centerlong":77.52529,"responsecode":200,"isnotify":0,"vehicleDetails":[{"vehicleid":26071,"vehiclenumber":"KA57F5145","servicetypeid":72,"servicetype":"Non AC/Ordinary","centerlat":12.696995,"centerlong":77.477872,"eta":"","sch_arrivaltime":"14:18","sch_departuretime":"14:18","actual_arrivaltime":"","actual_departuretime":"","sch_tripstarttime":"12:50","sch_tripendtime":"12:50","lastlocationid":0,"currentlocationid":23613,"nextlocationid":0,"currentstop":null,"nextstop":null,"laststop":null,"stopCoveredStatus":0,"heading":26,"lastrefreshon":"05-10-2023 17:10:03","lastreceiveddatetimeflag":1,"tripposition":1}]}],"mapData":[{"vehicleid":26071,"vehiclenumber":"KA57F5145","servicetypeid":72,"servicetype":"Non AC/Ordinary","centerlat":12.696995,"centerlong":77.477872,"eta":"","sch_arrivaltime":"14:18","sch_departuretime":"14:18","actual_arrivaltime":"","actual_departuretime":"","sch_tripstarttime":"12:50","sch_tripendtime":"12:50","lastlocationid":0,"currentlocationid":23613,"nextlocationid":0,"currentstop":null,"nextstop":null,"laststop":null,"stopCoveredStatus":0,"heading":26,"lastrefreshon":"05-10-2023 17:10:03","lastreceiveddatetimeflag":1,"tripposition":1}]},"down":{"data":[],"mapData":[]},"message":"Success","issuccess":true,"exception":null,"rowCount":0,"responsecode":200}