{"up":{"data":[{"routeid":14138,"stationid":22664,"stationname":"Shirke KHB Quarters","from":"Shirke KHB Quarters","to":"Vidhana Soudha Karnataka High Court","routeno":"222-K KHBQ-VSD Flyover","distance_on_station":0,"centerlat":12.93175,"centerlong":77.48772,"responsecode":200,"isnotify":0,"vehicleDetails":[{"vehicleid":21737,"vehiclenumber":"KA57F3615","servicetypeid":72,"servicetype":"Non AC/Ordinary","centerlat":12.913281,"centerlong":77.488091,"eta":"","sch_arrivaltime":"09:00","sch_departuretime":"09:00","actual_arrivaltime":"","actual_departuretime":"","sch_tripstarttime":"09:00","sch_tripendtime":"09:00","lastlocationid":0,"currentlocationid":20926,"nextlocationid":0,"currentstop":null,"nextstop":null,"laststop":null,"stopCoveredStatus":0,"heading":43,"lastrefreshon":"05-08-2024 19:28:24","lastreceiveddatetimeflag":1,"tripposition":1}]},{"routeid":14138,"stationid":20924,"stationname":"Kengeri Church","from":"Shirke KHB Quarters","to":"Vidhana Soudha Karnataka High Court","routeno":"222-K KHBQ-VSD Flyover","distance_on_station":0.398,"centerlat":12.92826,"centerlong":77.48661,"responsecode":200,"isnotify":0,"vehicleDetails":[{"vehicleid":21737,"vehiclenumber":"KA57F3615","servicetypeid":72,"servicetype":"Non AC/Ordinary","centerlat":12.913281,"centerlong":77.488091,"eta":"","sch_arrivaltime":"09:01","sch_departuretime":"09:01","actual_arrivaltime":"","actual_departuretime":"","sch_tripstarttime":"09:00","sch_tripendtime":"09:00","lastlocationid":0,"currentlocationid":20926,"nextlocationid":0,"currentstop":null,"nextstop":null,"laststop":null,"stopCoveredStatus":0,"heading":43,"lastrefreshon":"05-08-2024 19:28:24","lastreceiveddatetimeflag":1,"tripposition":3}]},{"routeid":14138,"stationid":22168,"stationname":"Kengeri Satellite Town","from":"Shirke KHB Quarters","to":"Vidhana Soudha Karnataka High Court","routeno":"222-K KHBQ-VSD Flyover","distance_on_station":0.942,"centerlat":12.92351,"centerlong":77.48483,"responsecode":200,"isnotify":0,"vehicleDetails":[{"vehicleid":21737,"vehiclenumber":"KA57F3615","servicetypeid":72,"servicetype":"Non AC/Ordinary","centerlat":12.913281,"centerlong":77.488091,"eta":"","sch_arrivaltime":"09:02","sch_departuretime":"09:02","actual_arrivaltime":"","actual_departuretime":"","sch_tripstarttime":"09:00","sch_tripendtime":"09:00","lastlocationid":0,"currentlocationid":20926,"nextlocationid":0,"currentstop":null,"nextstop":null,"laststop":null,"stopCoveredStatus":0,"heading":43,"lastrefreshon":"05-08-2024 19:28:24","lastreceiveddatetimeflag":1,"tripposition":3}]},{"routeid":14138,"stationid":21111,"stationname":"Kengeri Railway Station","from":"Shirke KHB Quarters","to":"Vidhana Soudha Karnataka High Court","routeno":"222-K KHBQ-VSD Flyover","distance_on_station":1.689,"centerlat":12.91696,"centerlong":77.48243,"responsecode":200,"isnotify":0,"vehicleDetails":[{"vehicleid":21737,"vehiclenumber":"KA57F3615","servicetypeid":72,"servicetype":"Non AC/Ordinary","centerlat":12.913281,"centerlong":77.488091,"eta":"","sch_arrivaltime":"09:04","sch_departuretime":"09:04","actual_arrivaltime":"","actual_departuretime":"","sch_tripstarttime":"09:00","sch_tripendtime":"09:00","lastlocationid":0,"currentlocationid":20926,"nextlocationid":0,"currentstop":null,"nextstop":null,"laststop":null,"stopCoveredStatus":0,"heading":43,"lastrefreshon":"05-08-2024 19:28:24","lastreceiveddatetimeflag":1,"tripposition":3}]},{"routeid":14138,"stationid":22166,"stationname":"Kengeri Post Office","from":"Shirke KHB Quarters","to":"Vidhana Soudha Karnataka High Court","routeno":"222-K KHBQ-VSD Flyover","distance_on_station":1.854,"centerlat":12.91553,"centerlong":77.4819,"responsecode":200,"isnotify":0,"vehicleDetails":[{"vehicleid":21737,"vehiclenumber":"KA57F3615","servicetypeid":72,"servicetype":"Non AC/Ordinary","centerlat":12.913281,"centerlong":77.488091,"eta":"","sch_arrivaltime":"09:05","sch_departuretime":"09:05","actual_arrivaltime":"","actual_departuretime":"","sch_tripstarttime":"09:00","sch_tripendtime":"09:00","lastlocationid":0,"currentlocationid":20926,"nextlocationid":0,"currentstop":null,"nextstop":null,"laststop":null,"stopCoveredStatus":0,"heading":43,"lastrefreshon":"05-08-2024 19:28:24","lastreceiveddatetimeflag":1,"tripposition":3}]},{"routeid":14138,"stationid":20883,"stationname":"Kommaghatta Junction","from":"Shirke KHB Quarters","to":"Vidhana Soudha Karnataka High Court","routeno":"222-K KHBQ-VSD Flyover","distance_on_station":1.971,"centerlat":12.91448,"centerlong":77.48149,"responsecode":200,"isnotify":0,"vehicleDetails":[{"vehicleid":21737,"vehiclenumber":"KA57F3615","servicetypeid":72,"servicetype":"Non AC/Ordinary","centerlat":12.913281,"centerlong":77.488091,"eta":"","sch_arrivaltime":"09:06","sch_departuretime":"09:06","actual_arrivaltime":"","actual_departuretime":"","sch_tripstarttime":"09:00","sch_tripendtime":"09:00","lastlocationid":0,"currentlocationid":20926,"nextlocationid":0,"currentstop":null,"nextstop":null,"laststop":null,"stopCoveredStatus":0,"heading":43,"lastrefreshon":"05-08-2024 19:28:24","lastreceiveddatetimeflag":1,"tripposition":3}]},{"routeid":14138,"stationid":20781,"stationname":"Kengeri Ganesha Temple","from":"Shirke KHB Quarters","to":"Vidhana Soudha Karnataka High Court","routeno":"222-K KHBQ-VSD Flyover","distance_on_station":2.32,"centerlat":12.91143,"centerlong":77.48037,"responsecode":200,"isnotify":0,"vehicleDetails":[{"vehicleid":21737,"vehiclenumber":"KA57F3615","servicetypeid":72,"servicetype":"Non AC/Ordinary","centerlat":12.913281,"centerlong":77.488091,"eta":"","sch_arrivaltime":"09:07","sch_departuretime":"09:07","actual_arrivaltime":"","actual_departuretime":"","sch_tripstarttime":"09:00","sch_tripendtime":"09:00","lastlocationid":0,"currentlocationid":20926,"nextlocationid":0,"currentstop":null,"nextstop":null,"laststop":null,"stopCoveredStatus":0,"heading":43,"lastrefreshon":"05-08-2024 19:28:24","lastreceiveddatetimeflag":1,"tripposition":3}]},{"routeid":14138,"stationid":21095,"stationname":"Kengeri Police Station","from":"Shirke KHB Quarters","to":"Vidhana Soudha Karnataka High Court","routeno":"222-K KHBQ-VSD Flyover","distance_on_station":2.641,"centerlat":12.91044,"centerlong":77.48206,"responsecode":200,"isnotify":0,"vehicleDetails":[{"vehicleid":21737,"vehiclenumber":"KA57F3615","servicetypeid":72,"servicetype":"Non AC/Ordinary","centerlat":12.913281,"centerlong":77.488091,"eta":"","sch_arrivaltime":"09:08","sch_departuretime":"09:08","actual_arrivaltime":"","actual_departuretime":"","sch_tripstarttime":"09:00","sch_tripendtime":"09:00","lastlocationid":0,"currentlocationid":20926,"nextlocationid":0,"currentstop":null,"nextstop":null,"laststop":null,"stopCoveredStatus":0,"heading":43,"lastrefreshon":"05-08-2024 19:28:24","lastreceiveddatetimeflag":1,"tripposition":3}]},{"routeid":14138,"stationid":20926,"stationname":"Kengeri Bus Station","from":"Shirke KHB Quarters","to":"Vidhana Soudha Karnataka High Court","routeno":"222-K KHBQ-VSD Flyover","distance_on_station":3.33,"centerlat":12.91406,"centerlong":77.48645,"responsecode":200,"isnotify":0,"vehicleDetails":[{"vehicleid":21737,"vehiclenumber":"KA57F3615","servicetypeid":72,"servicetype":"Non AC/Ordinary","centerlat":12.913281,"centerlong":77.488091,"eta":"","sch_arrivaltime":"09:11","sch_departuretime":"09:11","actual_arrivaltime":"","actual_departuretime":"","sch_tripstarttime":"09:00","sch_tripendtime":"09:00","lastlocationid":0,"currentlocationid":20926,"nextlocationid":0,"currentstop":null,"nextstop":null,"laststop":null,"stopCoveredStatus":0,"heading":43,"lastrefreshon":"05-08-2024 19:28:24","lastreceiveddatetimeflag":1,"tripposition":3}]},{"routeid":14138,"stationid":21040,"stationname":"Mylasandra Cross","from":"Shirke KHB Quarters","to":"Vidhana Soudha Karnataka High Court","routeno":"222-K KHBQ-VSD Flyover","distance_on_station":3.893,"centerlat":12.91751,"centerlong":77.49039,"responsecode":200,"isnotify":0,"vehicleDetails":[{"vehicleid":21737,"vehiclenumber":"KA57F3615","servicetypeid":72,"servicetype":"Non AC/Ordinary","centerlat":12.913281,"centerlong":77.488091,"eta":"","sch_arrivaltime":"09:12","sch_departuretime":"09:12","actual_arrivaltime":"","actual_departuretime":"","sch_tripstarttime":"09:00","sch_tripendtime":"09:00","lastlocationid":0,"currentlocationid":20926,"nextlocationid":0,"currentstop":null,"nextstop":null,"laststop":null,"stopCoveredStatus":0,"heading":43,"lastrefreshon":"05-08-2024 19:28:24","lastreceiveddatetimeflag":1,"tripposition":3}]},{"routeid":14138,"stationid":20765,"stationname":"Dubasipalya Cross","from":"Shirke KHB Quarters","to":"Vidhana Soudha Karnataka High Court","routeno":"222-K KHBQ-VSD Flyover","distance_on_station":4.728,"centerlat":12.9229,"centerlong":77.49583,"responsecode":200,"isnotify":0,"vehicleDetails":[{"vehicleid":21737,"vehiclenumber":"KA57F3615","servicetypeid":72,"servicetype":"Non AC/Ordinary","centerlat":12.913281,"centerlong":77.488091,"eta":"","sch_arrivaltime":"09:13","sch_departuretime":"09:13","actual_arrivaltime":"","actual_departuretime":"","sch_tripstarttime":"09:00","sch_tripendtime":"09:00","lastlocationid":0,"currentlocationid":20926,"nextlocationid":0,"currentstop":null,"nextstop":null,"laststop":null,"stopCoveredStatus":0,"heading":43,"lastrefreshon":"05-08-2024 19:28:24","lastreceiveddatetimeflag":1,"tripposition":3}]},{"routeid":14138,"stationid":21146,"stationname":"RV College","from":"Shirke KHB Quarters","to":"Vidhana Soudha Karnataka High Court","routeno":"222-K KHBQ-VSD Flyover","distance_on_station":5.174,"centerlat":12.92529,"centerlong":77.49918,"responsecode":200,"isnotify":0,"vehicleDetails":[{"vehicleid":21737,"vehiclenumber":"KA57F3615","servicetypeid":72,"servicetype":"Non AC/Ordinary","centerlat":12.913281,"centerlong":77.488091,"eta":"","sch_arrivaltime":"09:14","sch_departuretime":"09:14","actual_arrivaltime":"","actual_departuretime":"","sch_tripstarttime":"09:00","sch_tripendtime":"09:00","lastlocationid":0,"currentlocationid":20926,"nextlocationid":0,"currentstop":null,"nextstop":null,"laststop":null,"stopCoveredStatus":0,"heading":43,"lastrefreshon":"05-08-2024 19:28:24","lastreceiveddatetimeflag":1,"tripposition":3}]},{"routeid":14138,"stationid":20879,"stationname":"Jayaram Das Factory","from":"Shirke KHB Quarters","to":"Vidhana Soudha Karnataka High Court","routeno":"222-K KHBQ-VSD Flyover","distance_on_station":6.038,"centerlat":12.93011,"centerlong":77.5056,"responsecode":200,"isnotify":0,"vehicleDetails":[{"vehicleid":21737,"vehiclenumber":"KA57F3615","servicetypeid":72,"servicetype":"Non AC/Ordinary","centerlat":12.913281,"centerlong":77.488091,"eta":"","sch_arrivaltime":"09:15","sch_departuretime":"09:15","actual_arrivaltime":"","actual_departuretime":"","sch_tripstarttime":"09:00","sch_tripendtime":"09:00","lastlocationid":0,"currentlocationid":20926,"nextlocationid":0,"currentstop":null,"nextstop":null,"laststop":null,"stopCoveredStatus":0,"heading":43,"lastrefreshon":"05-08-2024 19:28:24","lastreceiveddatetimeflag":1,"tripposition":3}]},{"routeid":14138,"stationid":20649,"stationname":"Bengaluru University Gate","from":"Shirke KHB Quarters","to":"Vidhana Soudha Karnataka High Court","routeno":"222-K KHBQ-VSD Flyover","distance_on_station":7.067,"centerlat":12.93573,"centerlong":77.51332,"responsecode":200,"isnotify":0,"vehicleDetails":[{"vehicleid":21737,"vehiclenumber":"KA57F3615","servicetypeid":72,"servicetype":"Non AC/Ordinary","centerlat":12.913281,"centerlong":77.488091,"eta":"","sch_arrivaltime":"09:17","sch_departuretime":"09:17","actual_arrivaltime":"","actual_departuretime":"","sch_tripstarttime":"09:00","sch_tripendtime":"09:00","lastlocationid":0,"currentlocationid":20926,"nextlocationid":0,"currentstop":null,"nextstop":null,"laststop":null,"stopCoveredStatus":0,"heading":43,"lastrefreshon":"05-08-2024 19:28:24","lastreceiveddatetimeflag":1,"tripposition":3}]},{"routeid":14138,"stationid":21140,"stationname":"Rajarajeshwari nagara Gate","from":"Shirke KHB Quarters","to":"Vidhana Soudha Karnataka High Court","routeno":"222-K KHBQ-VSD Flyover","distance_on_station":7.63,"centerlat":12.93649,"centerlong":77.51861,"responsecode":200,"isnotify":0,"vehicleDetails":[{"vehicleid":21737,"vehiclenumber":"KA57F3615","servicetypeid":72,"servicetype":"Non AC/Ordinary","centerlat":12.913281,"centerlong":77.488091,"eta":"","sch_arrivaltime":"09:19","sch_departuretime":"09:19","actual_arrivaltime":"","actual_departuretime":"","sch_tripstarttime":"09:00","sch_tripendtime":"09:00","lastlocationid":0,"currentlocationid":20926,"nextlocationid":0,"currentstop":null,"nextstop":null,"laststop":null,"stopCoveredStatus":0,"heading":43,"lastrefreshon":"05-08-2024 19:28:24","lastreceiveddatetimeflag":1,"tripposition":3}]},{"routeid":14138,"stationid":20691,"stationname":"BWSSB Quarters Nayandahalli","from":"Shirke KHB Quarters","to":"Vidhana Soudha Karnataka High Court","routeno":"222-K KHBQ-VSD Flyover","distance_on_station":8.291,"centerlat":12.93987,"centerlong":77.5236,"responsecode":200,"isnotify":0,"vehicleDetails":[{"vehicleid":21737,"vehiclenumber":"KA57F3615","servicetypeid":72,"servicetype":"Non AC/Ordinary","centerlat":12.913281,"centerlong":77.488091,"eta":"","sch_arrivaltime":"09:20","sch_departuretime":"09:20","actual_arrivaltime":"","actual_departuretime":"","sch_tripstarttime":"09:00","sch_tripendtime":"09:00","lastlocationid":0,"currentlocationid":20926,"nextlocationid":0,"currentstop":null,"nextstop":null,"laststop":null,"stopCoveredStatus":0,"heading":43,"lastrefreshon":"05-08-2024 19:28:24","lastreceiveddatetimeflag":1,"tripposition":3}]},{"routeid":14138,"stationid":21053,"stationname":"Nayandahalli","from":"Shirke KHB Quarters","to":"Vidhana Soudha Karnataka High Court","routeno":"222-K KHBQ-VSD Flyover","distance_on_station":8.689,"centerlat":12.94288,"centerlong":77.52576,"responsecode":200,"isnotify":0,"vehicleDetails":[{"vehicleid":21737,"vehiclenumber":"KA57F3615","servicetypeid":72,"servicetype":"Non AC/Ordinary","centerlat":12.913281,"centerlong":77.488091,"eta":"","sch_arrivaltime":"09:21","sch_departuretime":"09:21","actual_arrivaltime":"","actual_departuretime":"","sch_tripstarttime":"09:00","sch_tripendtime":"09:00","lastlocationid":0,"currentlocationid":20926,"nextlocationid":0,"currentstop":null,"nextstop":null,"laststop":null,"stopCoveredStatus":0,"heading":43,"lastrefreshon":"05-08-2024 19:28:24","lastreceiveddatetimeflag":1,"tripposition":3}]},{"routeid":14138,"stationid":21580,"stationname":"Mysore Road Metro Station","from":"Shirke KHB Quarters","to":"Vidhana Soudha Karnataka High Court","routeno":"222-K KHBQ-VSD Flyover","distance_on_station":9.271,"centerlat":12.94633,"centerlong":77.52972,"responsecode":200,"isnotify":0,"vehicleDetails":[{"vehicleid":21737,"vehiclenumber":"KA57F3615","servicetypeid":72,"servicetype":"Non AC/Ordinary","centerlat":12.913281,"centerlong":77.488091,"eta":"","sch_arrivaltime":"09:23","sch_departuretime":"09:23","actual_arrivaltime":"","actual_departuretime":"","sch_tripstarttime":"09:00","sch_tripendtime":"09:00","lastlocationid":0,"currentlocationid":20926,"nextlocationid":0,"currentstop":null,"nextstop":null,"laststop":null,"stopCoveredStatus":0,"heading":43,"lastrefreshon":"05-08-2024 19:28:24","lastreceiveddatetimeflag":1,"tripposition":3}]},{"routeid":14138,"stationid":20661,"stationname":"BHEL","from":"Shirke KHB Quarters","to":"Vidhana Soudha Karnataka High Court","routeno":"222-K KHBQ-VSD Flyover","distance_on_station":9.941,"centerlat":12.94874,"centerlong":77.53559,"responsecode":200,"isnotify":0,"vehicleDetails":[{"vehicleid":21737,"vehiclenumber":"KA57F3615","servicetypeid":72,"servicetype":"Non AC/Ordinary","centerlat":12.913281,"centerlong":77.488091,"eta":"","sch_arrivaltime":"09:24","sch_departuretime":"09:24","actual_arrivaltime":"","actual_departuretime":"","sch_tripstarttime":"09:00","sch_tripendtime":"09:00","lastlocationid":0,"currentlocationid":20926,"nextlocationid":0,"currentstop":null,"nextstop":null,"laststop":null,"stopCoveredStatus":0,"heading":43,"lastrefreshon":"05-08-2024 19:28:24","lastreceiveddatetimeflag":1,"tripposition":3}]},{"routeid":14138,"stationid":20739,"stationname":"Deepanjalinagara","from":"Shirke KHB Quarters","to":"Vidhana Soudha Karnataka High Court","routeno":"222-K KHBQ-VSD Flyover","distance_on_station":10.319,"centerlat":12.9514,"centerlong":77.53724,"responsecode":200,"isnotify":0,"vehicleDetails":[{"vehicleid":21737,"vehiclenumber":"KA57F3615","servicetypeid":72,"servicetype":"Non AC/Ordinary","centerlat":12.913281,"centerlong":77.488091,"eta":"","sch_arrivaltime":"09:25","sch_departuretime":"09:25","actual_arrivaltime":"","actual_departuretime":"","sch_tripstarttime":"09:00","sch_tripendtime":"09:00","lastlocationid":0,"currentlocationid":20926,"nextlocationid":0,"currentstop":null,"nextstop":null,"laststop":null,"stopCoveredStatus":0,"heading":43,"lastrefreshon":"05-08-2024 19:28:24","lastreceiveddatetimeflag":1,"tripposition":3}]},{"routeid":14138,"stationid":20626,"stationname":"Bapujinagara","from":"Shirke KHB Quarters","to":"Vidhana Soudha Karnataka High Court","routeno":"222-K KHBQ-VSD Flyover","distance_on_station":10.97,"centerlat":12.95321,"centerlong":77.54182,"responsecode":200,"isnotify":0,"vehicleDetails":[{"vehicleid":21737,"vehiclenumber":"KA57F3615","servicetypeid":72,"servicetype":"Non AC/Ordinary","centerlat":12.913281,"centerlong":77.488091,"eta":"","sch_arrivaltime":"09:28","sch_departuretime":"09:28","actual_arrivaltime":"","actual_departuretime":"","sch_tripstarttime":"09:00","sch_tripendtime":"09:00","lastlocationid":0,"currentlocationid":20926,"nextlocationid":0,"currentstop":null,"nextstop":null,"laststop":null,"stopCoveredStatus":0,"heading":43,"lastrefreshon":"05-08-2024 19:28:24","lastreceiveddatetimeflag":1,"tripposition":3}]},{"routeid":14138,"stationid":21056,"stationname":"New Guddadahalli","from":"Shirke KHB Quarters","to":"Vidhana Soudha Karnataka High Court","routeno":"222-K KHBQ-VSD Flyover","distance_on_station":11.494,"centerlat":12.95587,"centerlong":77.54596,"responsecode":200,"isnotify":0,"vehicleDetails":[{"vehicleid":21737,"vehiclenumber":"KA57F3615","servicetypeid":72,"servicetype":"Non AC/Ordinary","centerlat":12.913281,"centerlong":77.488091,"eta":"","sch_arrivaltime":"09:31","sch_departuretime":"09:31","actual_arrivaltime":"","actual_departuretime":"","sch_tripstarttime":"09:00","sch_tripendtime":"09:00","lastlocationid":0,"currentlocationid":20926,"nextlocationid":0,"currentstop":null,"nextstop":null,"laststop":null,"stopCoveredStatus":0,"heading":43,"lastrefreshon":"05-08-2024 19:28:24","lastreceiveddatetimeflag":1,"tripposition":3}]},{"routeid":14138,"stationid":21044,"stationname":"Mysore Road TollGate","from":"Shirke KHB Quarters","to":"Vidhana Soudha Karnataka High Court","routeno":"222-K KHBQ-VSD Flyover","distance_on_station":12.135,"centerlat":12.95738,"centerlong":77.55178,"responsecode":200,"isnotify":0,"vehicleDetails":[{"vehicleid":21737,"vehiclenumber":"KA57F3615","servicetypeid":72,"servicetype":"Non AC/Ordinary","centerlat":12.913281,"centerlong":77.488091,"eta":"","sch_arrivaltime":"09:33","sch_departuretime":"09:33","actual_arrivaltime":"","actual_departuretime":"","sch_tripstarttime":"09:00","sch_tripendtime":"09:00","lastlocationid":0,"currentlocationid":20926,"nextlocationid":0,"currentstop":null,"nextstop":null,"laststop":null,"stopCoveredStatus":0,"heading":43,"lastrefreshon":"05-08-2024 19:28:24","lastreceiveddatetimeflag":1,"tripposition":3}]},{"routeid":14138,"stationid":35393,"stationname":"Sirsi Circle","from":"Shirke KHB Quarters","to":"Vidhana Soudha Karnataka High Court","routeno":"222-K KHBQ-VSD Flyover","distance_on_station":12.785,"centerlat":12.96038,"centerlong":77.55686,"responsecode":200,"isnotify":0,"vehicleDetails":[{"vehicleid":21737,"vehiclenumber":"KA57F3615","servicetypeid":72,"servicetype":"Non AC/Ordinary","centerlat":12.913281,"centerlong":77.488091,"eta":"","sch_arrivaltime":"09:34","sch_departuretime":"09:34","actual_arrivaltime":"","actual_departuretime":"","sch_tripstarttime":"09:00","sch_tripendtime":"09:00","lastlocationid":0,"currentlocationid":20926,"nextlocationid":0,"currentstop":null,"nextstop":null,"laststop":null,"stopCoveredStatus":0,"heading":43,"lastrefreshon":"05-08-2024 19:28:24","lastreceiveddatetimeflag":1,"tripposition":3}]},{"routeid":14138,"stationid":35396,"stationname":"Vinayaka Talkies","from":"Shirke KHB Quarters","to":"Vidhana Soudha Karnataka High Court","routeno":"222-K KHBQ-VSD Flyover","distance_on_station":14.057,"centerlat":12.96381,"centerlong":77.56838,"responsecode":200,"isnotify":0,"vehicleDetails":[{"vehicleid":21737,"vehiclenumber":"KA57F3615","servicetypeid":72,"servicetype":"Non AC/Ordinary","centerlat":12.913281,"centerlong":77.488091,"eta":"","sch_arrivaltime":"09:37","sch_departuretime":"09:37","actual_arrivaltime":"","actual_departuretime":"","sch_tripstarttime":"09:00","sch_tripendtime":"09:00","lastlocationid":0,"currentlocationid":20926,"nextlocationid":0,"currentstop":null,"nextstop":null,"laststop":null,"stopCoveredStatus":0,"heading":43,"lastrefreshon":"05-08-2024 19:28:24","lastreceiveddatetimeflag":1,"tripposition":3}]},{"routeid":14138,"stationid":31256,"stationname":"KR Market Flyover","from":"Shirke KHB Quarters","to":"Vidhana Soudha Karnataka High Court","routeno":"222-K KHBQ-VSD Flyover","distance_on_station":17.697,"centerlat":12.96474,"centerlong":77.57508,"responsecode":200,"isnotify":0,"vehicleDetails":[{"vehicleid":21737,"vehiclenumber":"KA57F3615","servicetypeid":72,"servicetype":"Non AC/Ordinary","centerlat":12.913281,"centerlong":77.488091,"eta":"","sch_arrivaltime":"09:45","sch_departuretime":"09:45","actual_arrivaltime":"","actual_departuretime":"","sch_tripstarttime":"09:00","sch_tripendtime":"09:00","lastlocationid":0,"currentlocationid":20926,"nextlocationid":0,"currentstop":null,"nextstop":null,"laststop":null,"stopCoveredStatus":0,"heading":43,"lastrefreshon":"05-08-2024 19:28:24","lastreceiveddatetimeflag":1,"tripposition":3}]},{"routeid":14138,"stationid":21231,"stationname":"Town Hall","from":"Shirke KHB Quarters","to":"Vidhana Soudha Karnataka High Court","routeno":"222-K KHBQ-VSD Flyover","distance_on_station":18.717,"centerlat":12.96384,"centerlong":77.58434,"responsecode":200,"isnotify":0,"vehicleDetails":[{"vehicleid":21737,"vehiclenumber":"KA57F3615","servicetypeid":72,"servicetype":"Non AC/Ordinary","centerlat":12.913281,"centerlong":77.488091,"eta":"","sch_arrivaltime":"09:47","sch_departuretime":"09:47","actual_arrivaltime":"","actual_departuretime":"","sch_tripstarttime":"09:00","sch_tripendtime":"09:00","lastlocationid":0,"currentlocationid":20926,"nextlocationid":0,"currentstop":null,"nextstop":null,"laststop":null,"stopCoveredStatus":0,"heading":43,"lastrefreshon":"05-08-2024 19:28:24","lastreceiveddatetimeflag":1,"tripposition":3}]},{"routeid":14138,"stationid":20725,"stationname":"Corporation","from":"Shirke KHB Quarters","to":"Vidhana Soudha Karnataka High Court","routeno":"222-K KHBQ-VSD Flyover","distance_on_station":19.396,"centerlat":12.96839,"centerlong":77.58675,"responsecode":200,"isnotify":0,"vehicleDetails":[{"vehicleid":21737,"vehiclenumber":"KA57F3615","servicetypeid":72,"servicetype":"Non AC/Ordinary","centerlat":12.913281,"centerlong":77.488091,"eta":"","sch_arrivaltime":"09:51","sch_departuretime":"09:51","actual_arrivaltime":"","actual_departuretime":"","sch_tripstarttime":"09:00","sch_tripendtime":"09:00","lastlocationid":0,"currentlocationid":20926,"nextlocationid":0,"currentstop":null,"nextstop":null,"laststop":null,"stopCoveredStatus":0,"heading":43,"lastrefreshon":"05-08-2024 19:28:24","lastreceiveddatetimeflag":1,"tripposition":3}]},{"routeid":14138,"stationid":35383,"stationname":"Mysore Bank","from":"Shirke KHB Quarters","to":"Vidhana Soudha Karnataka High Court","routeno":"222-K KHBQ-VSD Flyover","distance_on_station":20.066,"centerlat":12.97253,"centerlong":77.58199,"responsecode":200,"isnotify":0,"vehicleDetails":[{"vehicleid":21737,"vehiclenumber":"KA57F3615","servicetypeid":72,"servicetype":"Non AC/Ordinary","centerlat":12.913281,"centerlong":77.488091,"eta":"","sch_arrivaltime":"09:52","sch_departuretime":"09:52","actual_arrivaltime":"","actual_departuretime":"","sch_tripstarttime":"09:00","sch_tripendtime":"09:00","lastlocationid":0,"currentlocationid":20926,"nextlocationid":0,"currentstop":null,"nextstop":null,"laststop":null,"stopCoveredStatus":0,"heading":43,"lastrefreshon":"05-08-2024 19:28:24","lastreceiveddatetimeflag":1,"tripposition":3}]},{"routeid":14138,"stationid":22197,"stationname":"KR Circle","from":"Shirke KHB Quarters","to":"Vidhana Soudha Karnataka High Court","routeno":"222-K KHBQ-VSD Flyover","distance_on_station":20.717,"centerlat":12.97555,"centerlong":77.5864,"responsecode":200,"isnotify":0,"vehicleDetails":[{"vehicleid":21737,"vehiclenumber":"KA57F3615","servicetypeid":72,"servicetype":"Non AC/Ordinary","centerlat":12.913281,"centerlong":77.488091,"eta":"","sch_arrivaltime":"09:53","sch_departuretime":"09:53","actual_arrivaltime":"","actual_departuretime":"","sch_tripstarttime":"09:00","sch_tripendtime":"09:00","lastlocationid":0,"currentlocationid":20926,"nextlocationid":0,"currentstop":null,"nextstop":null,"laststop":null,"stopCoveredStatus":0,"heading":43,"lastrefreshon":"05-08-2024 19:28:24","lastreceiveddatetimeflag":1,"tripposition":3}]},{"routeid":14138,"stationid":21259,"stationname":"Vidhana Soudha Karnataka High Court","from":"Shirke KHB Quarters","to":"Vidhana Soudha Karnataka High Court","routeno":"222-K KHBQ-VSD Flyover","distance_on_station":21.6,"centerlat":12.9802,"centerlong":77.59296,"responsecode":200,"isnotify":0,"vehicleDetails":[{"vehicleid":21737,"vehiclenumber":"KA57F3615","servicetypeid":72,"servicetype":"Non AC/Ordinary","centerlat":12.913281,"centerlong":77.488091,"eta":"","sch_arrivaltime":"09:55","sch_departuretime":"09:55","actual_arrivaltime":"","actual_departuretime":"","sch_tripstarttime":"09:00","sch_tripendtime":"09:00","lastlocationid":0,"currentlocationid":20926,"nextlocationid":0,"currentstop":null,"nextstop":null,"laststop":null,"stopCoveredStatus":0,"heading":43,"lastrefreshon":"05-08-2024 19:28:24","lastreceiveddatetimeflag":1,"tripposition":1}]}],"mapData":[{"vehicleid":21737,"vehiclenumber":"KA57F3615","servicetypeid":72,"servicetype":"Non AC/Ordinary","centerlat":12.913281,"centerlong":77.488091,"eta":"","sch_arrivaltime":"09:55","sch_departuretime":"09:55","actual_arrivaltime":"","actual_departuretime":"","sch_tripstarttime":"09:00","sch_tripendtime":"09:00","lastlocationid":0,"currentlocationid":20926,"nextlocationid":0,"currentstop":null,"nextstop":null,"laststop":null,"stopCoveredStatus":0,"heading":43,"lastrefreshon":"05-08-2024 19:28:24","lastreceiveddatetimeflag":1,"tripposition":1}]},"down":{"data":[],"mapData":[]},"message":"Success","issuccess":true,"exception":null,"rowCount":0,"responsecode":200}