{"up":{"data":[{"routeid":2055,"stationid":20944,"stationname":"KR Market (Kalasipalya)","from":"KR Market (Kalasipalya)","to":"Karubele","routeno":"224","distance_on_station":0,"centerlat":12.95916,"centerlong":77.57711,"responsecode":200,"isnotify":0,"vehicleDetails":[{"vehicleid":19052,"vehiclenumber":"KA57F2044","servicetypeid":72,"servicetype":"Non AC/Ordinary","centerlat":12.953118,"centerlong":77.538727,"eta":"","sch_arrivaltime":"20:50","sch_departuretime":"20:50","actual_arrivaltime":"","actual_departuretime":"","sch_tripstarttime":"20:50","sch_tripendtime":"20:50","lastlocationid":0,"currentlocationid":21042,"nextlocationid":0,"currentstop":null,"nextstop":null,"laststop":null,"stopCoveredStatus":0,"heading":93,"lastrefreshon":"21-10-2024 14:19:15","lastreceiveddatetimeflag":0,"tripposition":3}]},{"routeid":2055,"stationid":21123,"stationname":"Rayan Circle","from":"KR Market (Kalasipalya)","to":"Karubele","routeno":"224","distance_on_station":1.066,"centerlat":12.96047,"centerlong":77.5679,"responsecode":200,"isnotify":0,"vehicleDetails":[{"vehicleid":19052,"vehiclenumber":"KA57F2044","servicetypeid":72,"servicetype":"Non AC/Ordinary","centerlat":12.953118,"centerlong":77.538727,"eta":"","sch_arrivaltime":"20:54","sch_departuretime":"20:54","actual_arrivaltime":"","actual_departuretime":"","sch_tripstarttime":"20:50","sch_tripendtime":"20:50","lastlocationid":0,"currentlocationid":21042,"nextlocationid":0,"currentstop":null,"nextstop":null,"laststop":null,"stopCoveredStatus":0,"heading":93,"lastrefreshon":"21-10-2024 14:19:15","lastreceiveddatetimeflag":0,"tripposition":3}]},{"routeid":2055,"stationid":21272,"stationname":"Water Tank Chamarajapet","from":"KR Market (Kalasipalya)","to":"Karubele","routeno":"224","distance_on_station":1.411,"centerlat":12.96038,"centerlong":77.56493,"responsecode":200,"isnotify":0,"vehicleDetails":[{"vehicleid":19052,"vehiclenumber":"KA57F2044","servicetypeid":72,"servicetype":"Non AC/Ordinary","centerlat":12.953118,"centerlong":77.538727,"eta":"","sch_arrivaltime":"20:55","sch_departuretime":"20:55","actual_arrivaltime":"","actual_departuretime":"","sch_tripstarttime":"20:50","sch_tripendtime":"20:50","lastlocationid":0,"currentlocationid":21042,"nextlocationid":0,"currentstop":null,"nextstop":null,"laststop":null,"stopCoveredStatus":0,"heading":93,"lastrefreshon":"21-10-2024 14:19:15","lastreceiveddatetimeflag":0,"tripposition":3}]},{"routeid":2055,"stationid":23479,"stationname":"Chamarajapet","from":"KR Market (Kalasipalya)","to":"Karubele","routeno":"224","distance_on_station":1.672,"centerlat":12.96033,"centerlong":77.56255,"responsecode":200,"isnotify":0,"vehicleDetails":[{"vehicleid":19052,"vehiclenumber":"KA57F2044","servicetypeid":72,"servicetype":"Non AC/Ordinary","centerlat":12.953118,"centerlong":77.538727,"eta":"","sch_arrivaltime":"20:56","sch_departuretime":"20:56","actual_arrivaltime":"","actual_departuretime":"","sch_tripstarttime":"20:50","sch_tripendtime":"20:50","lastlocationid":0,"currentlocationid":21042,"nextlocationid":0,"currentstop":null,"nextstop":null,"laststop":null,"stopCoveredStatus":0,"heading":93,"lastrefreshon":"21-10-2024 14:19:15","lastreceiveddatetimeflag":0,"tripposition":3}]},{"routeid":2055,"stationid":35403,"stationname":"Sirsi Circle","from":"KR Market (Kalasipalya)","to":"Karubele","routeno":"224","distance_on_station":2.048,"centerlat":12.96022,"centerlong":77.55921,"responsecode":200,"isnotify":0,"vehicleDetails":[{"vehicleid":19052,"vehiclenumber":"KA57F2044","servicetypeid":72,"servicetype":"Non AC/Ordinary","centerlat":12.953118,"centerlong":77.538727,"eta":"","sch_arrivaltime":"20:57","sch_departuretime":"20:57","actual_arrivaltime":"","actual_departuretime":"","sch_tripstarttime":"20:50","sch_tripendtime":"20:50","lastlocationid":0,"currentlocationid":21042,"nextlocationid":0,"currentstop":null,"nextstop":null,"laststop":null,"stopCoveredStatus":0,"heading":93,"lastrefreshon":"21-10-2024 14:19:15","lastreceiveddatetimeflag":0,"tripposition":3}]},{"routeid":2055,"stationid":21043,"stationname":"Mysore Road TollGate","from":"KR Market (Kalasipalya)","to":"Karubele","routeno":"224","distance_on_station":2.832,"centerlat":12.95768,"centerlong":77.55319,"responsecode":200,"isnotify":0,"vehicleDetails":[{"vehicleid":19052,"vehiclenumber":"KA57F2044","servicetypeid":72,"servicetype":"Non AC/Ordinary","centerlat":12.953118,"centerlong":77.538727,"eta":"","sch_arrivaltime":"20:58","sch_departuretime":"20:58","actual_arrivaltime":"","actual_departuretime":"","sch_tripstarttime":"20:50","sch_tripendtime":"20:50","lastlocationid":0,"currentlocationid":21042,"nextlocationid":0,"currentstop":null,"nextstop":null,"laststop":null,"stopCoveredStatus":0,"heading":93,"lastrefreshon":"21-10-2024 14:19:15","lastreceiveddatetimeflag":0,"tripposition":3}]},{"routeid":2055,"stationid":21057,"stationname":"New Guddadahalli","from":"KR Market (Kalasipalya)","to":"Karubele","routeno":"224","distance_on_station":3.479,"centerlat":12.95641,"centerlong":77.54761,"responsecode":200,"isnotify":0,"vehicleDetails":[{"vehicleid":19052,"vehiclenumber":"KA57F2044","servicetypeid":72,"servicetype":"Non AC/Ordinary","centerlat":12.953118,"centerlong":77.538727,"eta":"","sch_arrivaltime":"20:59","sch_departuretime":"20:59","actual_arrivaltime":"","actual_departuretime":"","sch_tripstarttime":"20:50","sch_tripendtime":"20:50","lastlocationid":0,"currentlocationid":21042,"nextlocationid":0,"currentstop":null,"nextstop":null,"laststop":null,"stopCoveredStatus":0,"heading":93,"lastrefreshon":"21-10-2024 14:19:15","lastreceiveddatetimeflag":0,"tripposition":3}]},{"routeid":2055,"stationid":21042,"stationname":"Mysore Road Bus Station","from":"KR Market (Kalasipalya)","to":"Karubele","routeno":"224","distance_on_station":4.075,"centerlat":12.95357,"centerlong":77.54374,"responsecode":200,"isnotify":0,"vehicleDetails":[{"vehicleid":19052,"vehiclenumber":"KA57F2044","servicetypeid":72,"servicetype":"Non AC/Ordinary","centerlat":12.953118,"centerlong":77.538727,"eta":"","sch_arrivaltime":"21:03","sch_departuretime":"21:03","actual_arrivaltime":"","actual_departuretime":"","sch_tripstarttime":"20:50","sch_tripendtime":"20:50","lastlocationid":0,"currentlocationid":21042,"nextlocationid":0,"currentstop":null,"nextstop":null,"laststop":null,"stopCoveredStatus":0,"heading":93,"lastrefreshon":"21-10-2024 14:19:15","lastreceiveddatetimeflag":0,"tripposition":3}]},{"routeid":2055,"stationid":20664,"stationname":"BHEL","from":"KR Market (Kalasipalya)","to":"Karubele","routeno":"224","distance_on_station":5.182,"centerlat":12.94872,"centerlong":77.53583,"responsecode":200,"isnotify":0,"vehicleDetails":[{"vehicleid":19052,"vehiclenumber":"KA57F2044","servicetypeid":72,"servicetype":"Non AC/Ordinary","centerlat":12.953118,"centerlong":77.538727,"eta":"","sch_arrivaltime":"21:08","sch_departuretime":"21:08","actual_arrivaltime":"","actual_departuretime":"","sch_tripstarttime":"20:50","sch_tripendtime":"20:50","lastlocationid":0,"currentlocationid":21042,"nextlocationid":0,"currentstop":null,"nextstop":null,"laststop":null,"stopCoveredStatus":0,"heading":93,"lastrefreshon":"21-10-2024 14:19:15","lastreceiveddatetimeflag":0,"tripposition":3}]},{"routeid":2055,"stationid":23370,"stationname":"Mysore Road Metro Station","from":"KR Market (Kalasipalya)","to":"Karubele","routeno":"224","distance_on_station":5.862,"centerlat":12.94636,"centerlong":77.53046,"responsecode":200,"isnotify":0,"vehicleDetails":[{"vehicleid":19052,"vehiclenumber":"KA57F2044","servicetypeid":72,"servicetype":"Non AC/Ordinary","centerlat":12.953118,"centerlong":77.538727,"eta":"","sch_arrivaltime":"21:09","sch_departuretime":"21:09","actual_arrivaltime":"","actual_departuretime":"","sch_tripstarttime":"20:50","sch_tripendtime":"20:50","lastlocationid":0,"currentlocationid":21042,"nextlocationid":0,"currentstop":null,"nextstop":null,"laststop":null,"stopCoveredStatus":0,"heading":93,"lastrefreshon":"21-10-2024 14:19:15","lastreceiveddatetimeflag":0,"tripposition":3}]},{"routeid":2055,"stationid":21052,"stationname":"Nayandahalli","from":"KR Market (Kalasipalya)","to":"Karubele","routeno":"224","distance_on_station":6.572,"centerlat":12.94268,"centerlong":77.52589,"responsecode":200,"isnotify":0,"vehicleDetails":[{"vehicleid":19052,"vehiclenumber":"KA57F2044","servicetypeid":72,"servicetype":"Non AC/Ordinary","centerlat":12.953118,"centerlong":77.538727,"eta":"","sch_arrivaltime":"21:11","sch_departuretime":"21:11","actual_arrivaltime":"","actual_departuretime":"","sch_tripstarttime":"20:50","sch_tripendtime":"20:50","lastlocationid":0,"currentlocationid":21042,"nextlocationid":0,"currentstop":null,"nextstop":null,"laststop":null,"stopCoveredStatus":0,"heading":93,"lastrefreshon":"21-10-2024 14:19:15","lastreceiveddatetimeflag":0,"tripposition":3}]},{"routeid":2055,"stationid":20690,"stationname":"BWSSB Quarters Nayandahalli","from":"KR Market (Kalasipalya)","to":"Karubele","routeno":"224","distance_on_station":6.927,"centerlat":12.94013,"centerlong":77.52412,"responsecode":200,"isnotify":0,"vehicleDetails":[{"vehicleid":19052,"vehiclenumber":"KA57F2044","servicetypeid":72,"servicetype":"Non AC/Ordinary","centerlat":12.953118,"centerlong":77.538727,"eta":"","sch_arrivaltime":"21:12","sch_departuretime":"21:12","actual_arrivaltime":"","actual_departuretime":"","sch_tripstarttime":"20:50","sch_tripendtime":"20:50","lastlocationid":0,"currentlocationid":21042,"nextlocationid":0,"currentstop":null,"nextstop":null,"laststop":null,"stopCoveredStatus":0,"heading":93,"lastrefreshon":"21-10-2024 14:19:15","lastreceiveddatetimeflag":0,"tripposition":3}]},{"routeid":2055,"stationid":35389,"stationname":"Rajarajeshwari nagara Gate","from":"KR Market (Kalasipalya)","to":"Karubele","routeno":"224","distance_on_station":7.805,"centerlat":12.93631,"centerlong":77.51774,"responsecode":200,"isnotify":0,"vehicleDetails":[{"vehicleid":19052,"vehiclenumber":"KA57F2044","servicetypeid":72,"servicetype":"Non AC/Ordinary","centerlat":12.953118,"centerlong":77.538727,"eta":"","sch_arrivaltime":"21:14","sch_departuretime":"21:14","actual_arrivaltime":"","actual_departuretime":"","sch_tripstarttime":"20:50","sch_tripendtime":"20:50","lastlocationid":0,"currentlocationid":21042,"nextlocationid":0,"currentstop":null,"nextstop":null,"laststop":null,"stopCoveredStatus":0,"heading":93,"lastrefreshon":"21-10-2024 14:19:15","lastreceiveddatetimeflag":0,"tripposition":3}]},{"routeid":2055,"stationid":20648,"stationname":"Bengaluru University Gate","from":"KR Market (Kalasipalya)","to":"Karubele","routeno":"224","distance_on_station":8.39,"centerlat":12.93537,"centerlong":77.51269,"responsecode":200,"isnotify":0,"vehicleDetails":[{"vehicleid":19052,"vehiclenumber":"KA57F2044","servicetypeid":72,"servicetype":"Non AC/Ordinary","centerlat":12.953118,"centerlong":77.538727,"eta":"","sch_arrivaltime":"21:15","sch_departuretime":"21:15","actual_arrivaltime":"","actual_departuretime":"","sch_tripstarttime":"20:50","sch_tripendtime":"20:50","lastlocationid":0,"currentlocationid":21042,"nextlocationid":0,"currentstop":null,"nextstop":null,"laststop":null,"stopCoveredStatus":0,"heading":93,"lastrefreshon":"21-10-2024 14:19:15","lastreceiveddatetimeflag":0,"tripposition":3}]},{"routeid":2055,"stationid":20878,"stationname":"Jayaram Das Factory","from":"KR Market (Kalasipalya)","to":"Karubele","routeno":"224","distance_on_station":9.372,"centerlat":12.93025,"centerlong":77.50594,"responsecode":200,"isnotify":0,"vehicleDetails":[{"vehicleid":19052,"vehiclenumber":"KA57F2044","servicetypeid":72,"servicetype":"Non AC/Ordinary","centerlat":12.953118,"centerlong":77.538727,"eta":"","sch_arrivaltime":"21:16","sch_departuretime":"21:16","actual_arrivaltime":"","actual_departuretime":"","sch_tripstarttime":"20:50","sch_tripendtime":"20:50","lastlocationid":0,"currentlocationid":21042,"nextlocationid":0,"currentstop":null,"nextstop":null,"laststop":null,"stopCoveredStatus":0,"heading":93,"lastrefreshon":"21-10-2024 14:19:15","lastreceiveddatetimeflag":0,"tripposition":3}]},{"routeid":2055,"stationid":35391,"stationname":"RV College","from":"KR Market (Kalasipalya)","to":"Karubele","routeno":"224","distance_on_station":10.344,"centerlat":12.92521,"centerlong":77.49936,"responsecode":200,"isnotify":0,"vehicleDetails":[{"vehicleid":19052,"vehiclenumber":"KA57F2044","servicetypeid":72,"servicetype":"Non AC/Ordinary","centerlat":12.953118,"centerlong":77.538727,"eta":"","sch_arrivaltime":"21:17","sch_departuretime":"21:17","actual_arrivaltime":"","actual_departuretime":"","sch_tripstarttime":"20:50","sch_tripendtime":"20:50","lastlocationid":0,"currentlocationid":21042,"nextlocationid":0,"currentstop":null,"nextstop":null,"laststop":null,"stopCoveredStatus":0,"heading":93,"lastrefreshon":"21-10-2024 14:19:15","lastreceiveddatetimeflag":0,"tripposition":3}]},{"routeid":2055,"stationid":20764,"stationname":"Dubasipalya Cross","from":"KR Market (Kalasipalya)","to":"Karubele","routeno":"224","distance_on_station":10.825,"centerlat":12.92273,"centerlong":77.49603,"responsecode":200,"isnotify":0,"vehicleDetails":[{"vehicleid":19052,"vehiclenumber":"KA57F2044","servicetypeid":72,"servicetype":"Non AC/Ordinary","centerlat":12.953118,"centerlong":77.538727,"eta":"","sch_arrivaltime":"21:18","sch_departuretime":"21:18","actual_arrivaltime":"","actual_departuretime":"","sch_tripstarttime":"20:50","sch_tripendtime":"20:50","lastlocationid":0,"currentlocationid":21042,"nextlocationid":0,"currentstop":null,"nextstop":null,"laststop":null,"stopCoveredStatus":0,"heading":93,"lastrefreshon":"21-10-2024 14:19:15","lastreceiveddatetimeflag":0,"tripposition":3}]},{"routeid":2055,"stationid":21039,"stationname":"Mylasandra Cross","from":"KR Market (Kalasipalya)","to":"Karubele","routeno":"224","distance_on_station":11.702,"centerlat":12.91749,"centerlong":77.49064,"responsecode":200,"isnotify":0,"vehicleDetails":[{"vehicleid":19052,"vehiclenumber":"KA57F2044","servicetypeid":72,"servicetype":"Non AC/Ordinary","centerlat":12.953118,"centerlong":77.538727,"eta":"","sch_arrivaltime":"21:19","sch_departuretime":"21:19","actual_arrivaltime":"","actual_departuretime":"","sch_tripstarttime":"20:50","sch_tripendtime":"20:50","lastlocationid":0,"currentlocationid":21042,"nextlocationid":0,"currentstop":null,"nextstop":null,"laststop":null,"stopCoveredStatus":0,"heading":93,"lastrefreshon":"21-10-2024 14:19:15","lastreceiveddatetimeflag":0,"tripposition":3}]},{"routeid":2055,"stationid":20925,"stationname":"Kengeri Bus Station","from":"KR Market (Kalasipalya)","to":"Karubele","routeno":"224","distance_on_station":12.361,"centerlat":12.91379,"centerlong":77.4871,"responsecode":200,"isnotify":0,"vehicleDetails":[{"vehicleid":19052,"vehiclenumber":"KA57F2044","servicetypeid":72,"servicetype":"Non AC/Ordinary","centerlat":12.953118,"centerlong":77.538727,"eta":"","sch_arrivaltime":"21:22","sch_departuretime":"21:22","actual_arrivaltime":"","actual_departuretime":"","sch_tripstarttime":"20:50","sch_tripendtime":"20:50","lastlocationid":0,"currentlocationid":21042,"nextlocationid":0,"currentstop":null,"nextstop":null,"laststop":null,"stopCoveredStatus":0,"heading":93,"lastrefreshon":"21-10-2024 14:19:15","lastreceiveddatetimeflag":0,"tripposition":3}]},{"routeid":2055,"stationid":22112,"stationname":"Gollahallii Road Junction","from":"KR Market (Kalasipalya)","to":"Karubele","routeno":"224","distance_on_station":13.395,"centerlat":12.90772,"centerlong":77.48889,"responsecode":200,"isnotify":0,"vehicleDetails":[{"vehicleid":19052,"vehiclenumber":"KA57F2044","servicetypeid":72,"servicetype":"Non AC/Ordinary","centerlat":12.953118,"centerlong":77.538727,"eta":"","sch_arrivaltime":"21:27","sch_departuretime":"21:27","actual_arrivaltime":"","actual_departuretime":"","sch_tripstarttime":"20:50","sch_tripendtime":"20:50","lastlocationid":0,"currentlocationid":21042,"nextlocationid":0,"currentstop":null,"nextstop":null,"laststop":null,"stopCoveredStatus":0,"heading":93,"lastrefreshon":"21-10-2024 14:19:15","lastreceiveddatetimeflag":0,"tripposition":3}]},{"routeid":2055,"stationid":33534,"stationname":"Kodipalya","from":"KR Market (Kalasipalya)","to":"Karubele","routeno":"224","distance_on_station":13.876,"centerlat":12.90378,"centerlong":77.48786,"responsecode":200,"isnotify":0,"vehicleDetails":[{"vehicleid":19052,"vehiclenumber":"KA57F2044","servicetypeid":72,"servicetype":"Non AC/Ordinary","centerlat":12.953118,"centerlong":77.538727,"eta":"","sch_arrivaltime":"21:28","sch_departuretime":"21:28","actual_arrivaltime":"","actual_departuretime":"","sch_tripstarttime":"20:50","sch_tripendtime":"20:50","lastlocationid":0,"currentlocationid":21042,"nextlocationid":0,"currentstop":null,"nextstop":null,"laststop":null,"stopCoveredStatus":0,"heading":93,"lastrefreshon":"21-10-2024 14:19:15","lastreceiveddatetimeflag":0,"tripposition":3}]},{"routeid":2055,"stationid":34678,"stationname":"Sridhara Gudda","from":"KR Market (Kalasipalya)","to":"Karubele","routeno":"224","distance_on_station":14.429,"centerlat":12.8992,"centerlong":77.48766,"responsecode":200,"isnotify":0,"vehicleDetails":[{"vehicleid":19052,"vehiclenumber":"KA57F2044","servicetypeid":72,"servicetype":"Non AC/Ordinary","centerlat":12.953118,"centerlong":77.538727,"eta":"","sch_arrivaltime":"21:29","sch_departuretime":"21:29","actual_arrivaltime":"","actual_departuretime":"","sch_tripstarttime":"20:50","sch_tripendtime":"20:50","lastlocationid":0,"currentlocationid":21042,"nextlocationid":0,"currentstop":null,"nextstop":null,"laststop":null,"stopCoveredStatus":0,"heading":93,"lastrefreshon":"21-10-2024 14:19:15","lastreceiveddatetimeflag":0,"tripposition":3}]},{"routeid":2055,"stationid":33564,"stationname":"Konasandra Cross","from":"KR Market (Kalasipalya)","to":"Karubele","routeno":"224","distance_on_station":15.255,"centerlat":12.89247,"centerlong":77.48641,"responsecode":200,"isnotify":0,"vehicleDetails":[{"vehicleid":19052,"vehiclenumber":"KA57F2044","servicetypeid":72,"servicetype":"Non AC/Ordinary","centerlat":12.953118,"centerlong":77.538727,"eta":"","sch_arrivaltime":"21:31","sch_departuretime":"21:31","actual_arrivaltime":"","actual_departuretime":"","sch_tripstarttime":"20:50","sch_tripendtime":"20:50","lastlocationid":0,"currentlocationid":21042,"nextlocationid":0,"currentstop":null,"nextstop":null,"laststop":null,"stopCoveredStatus":0,"heading":93,"lastrefreshon":"21-10-2024 14:19:15","lastreceiveddatetimeflag":0,"tripposition":3}]},{"routeid":2055,"stationid":31213,"stationname":"Konasandra","from":"KR Market (Kalasipalya)","to":"Karubele","routeno":"224","distance_on_station":15.589,"centerlat":12.88956,"centerlong":77.48575,"responsecode":200,"isnotify":0,"vehicleDetails":[{"vehicleid":19052,"vehiclenumber":"KA57F2044","servicetypeid":72,"servicetype":"Non AC/Ordinary","centerlat":12.953118,"centerlong":77.538727,"eta":"","sch_arrivaltime":"21:32","sch_departuretime":"21:32","actual_arrivaltime":"","actual_departuretime":"","sch_tripstarttime":"20:50","sch_tripendtime":"20:50","lastlocationid":0,"currentlocationid":21042,"nextlocationid":0,"currentstop":null,"nextstop":null,"laststop":null,"stopCoveredStatus":0,"heading":93,"lastrefreshon":"21-10-2024 14:19:15","lastreceiveddatetimeflag":0,"tripposition":3}]},{"routeid":2055,"stationid":25848,"stationname":"Hemmigepura","from":"KR Market (Kalasipalya)","to":"Karubele","routeno":"224","distance_on_station":16.373,"centerlat":12.88291,"centerlong":77.48478,"responsecode":200,"isnotify":0,"vehicleDetails":[{"vehicleid":19052,"vehiclenumber":"KA57F2044","servicetypeid":72,"servicetype":"Non AC/Ordinary","centerlat":12.953118,"centerlong":77.538727,"eta":"","sch_arrivaltime":"21:33","sch_departuretime":"21:33","actual_arrivaltime":"","actual_departuretime":"","sch_tripstarttime":"20:50","sch_tripendtime":"20:50","lastlocationid":0,"currentlocationid":21042,"nextlocationid":0,"currentstop":null,"nextstop":null,"laststop":null,"stopCoveredStatus":0,"heading":93,"lastrefreshon":"21-10-2024 14:19:15","lastreceiveddatetimeflag":0,"tripposition":3}]},{"routeid":2055,"stationid":25650,"stationname":"H Gollahalli Cross","from":"KR Market (Kalasipalya)","to":"Karubele","routeno":"224","distance_on_station":17.083,"centerlat":12.87797,"centerlong":77.4817,"responsecode":200,"isnotify":0,"vehicleDetails":[{"vehicleid":19052,"vehiclenumber":"KA57F2044","servicetypeid":72,"servicetype":"Non AC/Ordinary","centerlat":12.953118,"centerlong":77.538727,"eta":"","sch_arrivaltime":"21:34","sch_departuretime":"21:34","actual_arrivaltime":"","actual_departuretime":"","sch_tripstarttime":"20:50","sch_tripendtime":"20:50","lastlocationid":0,"currentlocationid":21042,"nextlocationid":0,"currentstop":null,"nextstop":null,"laststop":null,"stopCoveredStatus":0,"heading":93,"lastrefreshon":"21-10-2024 14:19:15","lastreceiveddatetimeflag":0,"tripposition":3}]},{"routeid":2055,"stationid":25648,"stationname":"H Gollahalli","from":"KR Market (Kalasipalya)","to":"Karubele","routeno":"224","distance_on_station":17.386,"centerlat":12.87593,"centerlong":77.48013,"responsecode":200,"isnotify":0,"vehicleDetails":[{"vehicleid":19052,"vehiclenumber":"KA57F2044","servicetypeid":72,"servicetype":"Non AC/Ordinary","centerlat":12.953118,"centerlong":77.538727,"eta":"","sch_arrivaltime":"21:35","sch_departuretime":"21:35","actual_arrivaltime":"","actual_departuretime":"","sch_tripstarttime":"20:50","sch_tripendtime":"20:50","lastlocationid":0,"currentlocationid":21042,"nextlocationid":0,"currentstop":null,"nextstop":null,"laststop":null,"stopCoveredStatus":0,"heading":93,"lastrefreshon":"21-10-2024 14:19:15","lastreceiveddatetimeflag":0,"tripposition":3}]},{"routeid":2055,"stationid":33973,"stationname":"Muneshwara Layout","from":"KR Market (Kalasipalya)","to":"Karubele","routeno":"224","distance_on_station":18.494,"centerlat":12.87433,"centerlong":77.47137,"responsecode":200,"isnotify":0,"vehicleDetails":[{"vehicleid":19052,"vehiclenumber":"KA57F2044","servicetypeid":72,"servicetype":"Non AC/Ordinary","centerlat":12.953118,"centerlong":77.538727,"eta":"","sch_arrivaltime":"21:37","sch_departuretime":"21:37","actual_arrivaltime":"","actual_departuretime":"","sch_tripstarttime":"20:50","sch_tripendtime":"20:50","lastlocationid":0,"currentlocationid":21042,"nextlocationid":0,"currentstop":null,"nextstop":null,"laststop":null,"stopCoveredStatus":0,"heading":93,"lastrefreshon":"21-10-2024 14:19:15","lastreceiveddatetimeflag":0,"tripposition":3}]},{"routeid":2055,"stationid":30873,"stationname":"Karubele","from":"KR Market (Kalasipalya)","to":"Karubele","routeno":"224","distance_on_station":19.1,"centerlat":12.87503,"centerlong":77.46639,"responsecode":200,"isnotify":0,"vehicleDetails":[{"vehicleid":19052,"vehiclenumber":"KA57F2044","servicetypeid":72,"servicetype":"Non AC/Ordinary","centerlat":12.953118,"centerlong":77.538727,"eta":"","sch_arrivaltime":"21:38","sch_departuretime":"21:38","actual_arrivaltime":"","actual_departuretime":"","sch_tripstarttime":"20:50","sch_tripendtime":"20:50","lastlocationid":0,"currentlocationid":21042,"nextlocationid":0,"currentstop":null,"nextstop":null,"laststop":null,"stopCoveredStatus":0,"heading":93,"lastrefreshon":"21-10-2024 14:19:15","lastreceiveddatetimeflag":0,"tripposition":3}]}],"mapData":[{"vehicleid":19052,"vehiclenumber":"KA57F2044","servicetypeid":72,"servicetype":"Non AC/Ordinary","centerlat":12.953118,"centerlong":77.538727,"eta":"","sch_arrivaltime":"21:38","sch_departuretime":"21:38","actual_arrivaltime":"","actual_departuretime":"","sch_tripstarttime":"20:50","sch_tripendtime":"20:50","lastlocationid":0,"currentlocationid":21042,"nextlocationid":0,"currentstop":null,"nextstop":null,"laststop":null,"stopCoveredStatus":0,"heading":93,"lastrefreshon":"21-10-2024 14:19:15","lastreceiveddatetimeflag":0,"tripposition":3}]},"down":{"data":[],"mapData":[]},"message":"Success","issuccess":true,"exception":null,"rowCount":0,"responsecode":200}