{"up":{"data":[{"routeid":2108,"stationid":20944,"stationname":"KR Market (Kalasipalya)","from":"KR Market (Kalasipalya)","to":"Billa Kempanahalli","routeno":"226","distance_on_station":0,"centerlat":12.95916,"centerlong":77.57711,"responsecode":200,"isnotify":0,"vehicleDetails":[{"vehicleid":20902,"vehiclenumber":"KA57F2785","servicetypeid":72,"servicetype":"Non AC/Ordinary","centerlat":12.888703,"centerlong":77.477371,"eta":"","sch_arrivaltime":"10:40","sch_departuretime":"10:40","actual_arrivaltime":"","actual_departuretime":"","sch_tripstarttime":"10:40","sch_tripendtime":"10:40","lastlocationid":0,"currentlocationid":35721,"nextlocationid":0,"currentstop":null,"nextstop":null,"laststop":null,"stopCoveredStatus":0,"heading":332,"lastrefreshon":"06-08-2024 03:01:29","lastreceiveddatetimeflag":0,"tripposition":1}]},{"routeid":2108,"stationid":21123,"stationname":"Rayan Circle","from":"KR Market (Kalasipalya)","to":"Billa Kempanahalli","routeno":"226","distance_on_station":1.048,"centerlat":12.96047,"centerlong":77.5679,"responsecode":200,"isnotify":0,"vehicleDetails":[{"vehicleid":20902,"vehiclenumber":"KA57F2785","servicetypeid":72,"servicetype":"Non AC/Ordinary","centerlat":12.888703,"centerlong":77.477371,"eta":"","sch_arrivaltime":"10:43","sch_departuretime":"10:43","actual_arrivaltime":"","actual_departuretime":"","sch_tripstarttime":"10:40","sch_tripendtime":"10:40","lastlocationid":0,"currentlocationid":35721,"nextlocationid":0,"currentstop":null,"nextstop":null,"laststop":null,"stopCoveredStatus":0,"heading":332,"lastrefreshon":"06-08-2024 03:01:29","lastreceiveddatetimeflag":0,"tripposition":3}]},{"routeid":2108,"stationid":21272,"stationname":"Water Tank Chamarajapet","from":"KR Market (Kalasipalya)","to":"Billa Kempanahalli","routeno":"226","distance_on_station":1.376,"centerlat":12.96038,"centerlong":77.56493,"responsecode":200,"isnotify":0,"vehicleDetails":[{"vehicleid":20902,"vehiclenumber":"KA57F2785","servicetypeid":72,"servicetype":"Non AC/Ordinary","centerlat":12.888703,"centerlong":77.477371,"eta":"","sch_arrivaltime":"10:44","sch_departuretime":"10:44","actual_arrivaltime":"","actual_departuretime":"","sch_tripstarttime":"10:40","sch_tripendtime":"10:40","lastlocationid":0,"currentlocationid":35721,"nextlocationid":0,"currentstop":null,"nextstop":null,"laststop":null,"stopCoveredStatus":0,"heading":332,"lastrefreshon":"06-08-2024 03:01:29","lastreceiveddatetimeflag":0,"tripposition":3}]},{"routeid":2108,"stationid":23479,"stationname":"Chamarajapet","from":"KR Market (Kalasipalya)","to":"Billa Kempanahalli","routeno":"226","distance_on_station":1.643,"centerlat":12.96033,"centerlong":77.56255,"responsecode":200,"isnotify":0,"vehicleDetails":[{"vehicleid":20902,"vehiclenumber":"KA57F2785","servicetypeid":72,"servicetype":"Non AC/Ordinary","centerlat":12.888703,"centerlong":77.477371,"eta":"","sch_arrivaltime":"10:45","sch_departuretime":"10:45","actual_arrivaltime":"","actual_departuretime":"","sch_tripstarttime":"10:40","sch_tripendtime":"10:40","lastlocationid":0,"currentlocationid":35721,"nextlocationid":0,"currentstop":null,"nextstop":null,"laststop":null,"stopCoveredStatus":0,"heading":332,"lastrefreshon":"06-08-2024 03:01:29","lastreceiveddatetimeflag":0,"tripposition":3}]},{"routeid":2108,"stationid":35403,"stationname":"Sirsi Circle","from":"KR Market (Kalasipalya)","to":"Billa Kempanahalli","routeno":"226","distance_on_station":2.013,"centerlat":12.96022,"centerlong":77.55921,"responsecode":200,"isnotify":0,"vehicleDetails":[{"vehicleid":20902,"vehiclenumber":"KA57F2785","servicetypeid":72,"servicetype":"Non AC/Ordinary","centerlat":12.888703,"centerlong":77.477371,"eta":"","sch_arrivaltime":"10:46","sch_departuretime":"10:46","actual_arrivaltime":"","actual_departuretime":"","sch_tripstarttime":"10:40","sch_tripendtime":"10:40","lastlocationid":0,"currentlocationid":35721,"nextlocationid":0,"currentstop":null,"nextstop":null,"laststop":null,"stopCoveredStatus":0,"heading":332,"lastrefreshon":"06-08-2024 03:01:29","lastreceiveddatetimeflag":0,"tripposition":3}]},{"routeid":2108,"stationid":21043,"stationname":"Mysore Road TollGate","from":"KR Market (Kalasipalya)","to":"Billa Kempanahalli","routeno":"226","distance_on_station":2.783,"centerlat":12.95768,"centerlong":77.55319,"responsecode":200,"isnotify":0,"vehicleDetails":[{"vehicleid":20902,"vehiclenumber":"KA57F2785","servicetypeid":72,"servicetype":"Non AC/Ordinary","centerlat":12.888703,"centerlong":77.477371,"eta":"","sch_arrivaltime":"10:47","sch_departuretime":"10:47","actual_arrivaltime":"","actual_departuretime":"","sch_tripstarttime":"10:40","sch_tripendtime":"10:40","lastlocationid":0,"currentlocationid":35721,"nextlocationid":0,"currentstop":null,"nextstop":null,"laststop":null,"stopCoveredStatus":0,"heading":332,"lastrefreshon":"06-08-2024 03:01:29","lastreceiveddatetimeflag":0,"tripposition":3}]},{"routeid":2108,"stationid":21057,"stationname":"New Guddadahalli","from":"KR Market (Kalasipalya)","to":"Billa Kempanahalli","routeno":"226","distance_on_station":3.431,"centerlat":12.95641,"centerlong":77.54761,"responsecode":200,"isnotify":0,"vehicleDetails":[{"vehicleid":20902,"vehiclenumber":"KA57F2785","servicetypeid":72,"servicetype":"Non AC/Ordinary","centerlat":12.888703,"centerlong":77.477371,"eta":"","sch_arrivaltime":"10:48","sch_departuretime":"10:48","actual_arrivaltime":"","actual_departuretime":"","sch_tripstarttime":"10:40","sch_tripendtime":"10:40","lastlocationid":0,"currentlocationid":35721,"nextlocationid":0,"currentstop":null,"nextstop":null,"laststop":null,"stopCoveredStatus":0,"heading":332,"lastrefreshon":"06-08-2024 03:01:29","lastreceiveddatetimeflag":0,"tripposition":3}]},{"routeid":2108,"stationid":21042,"stationname":"Mysore Road Bus Station","from":"KR Market (Kalasipalya)","to":"Billa Kempanahalli","routeno":"226","distance_on_station":4.016,"centerlat":12.95357,"centerlong":77.54374,"responsecode":200,"isnotify":0,"vehicleDetails":[{"vehicleid":20902,"vehiclenumber":"KA57F2785","servicetypeid":72,"servicetype":"Non AC/Ordinary","centerlat":12.888703,"centerlong":77.477371,"eta":"","sch_arrivaltime":"10:53","sch_departuretime":"10:53","actual_arrivaltime":"","actual_departuretime":"","sch_tripstarttime":"10:40","sch_tripendtime":"10:40","lastlocationid":0,"currentlocationid":35721,"nextlocationid":0,"currentstop":null,"nextstop":null,"laststop":null,"stopCoveredStatus":0,"heading":332,"lastrefreshon":"06-08-2024 03:01:29","lastreceiveddatetimeflag":0,"tripposition":3}]},{"routeid":2108,"stationid":20664,"stationname":"BHEL","from":"KR Market (Kalasipalya)","to":"Billa Kempanahalli","routeno":"226","distance_on_station":5.105,"centerlat":12.94872,"centerlong":77.53583,"responsecode":200,"isnotify":0,"vehicleDetails":[{"vehicleid":20902,"vehiclenumber":"KA57F2785","servicetypeid":72,"servicetype":"Non AC/Ordinary","centerlat":12.888703,"centerlong":77.477371,"eta":"","sch_arrivaltime":"10:59","sch_departuretime":"10:59","actual_arrivaltime":"","actual_departuretime":"","sch_tripstarttime":"10:40","sch_tripendtime":"10:40","lastlocationid":0,"currentlocationid":35721,"nextlocationid":0,"currentstop":null,"nextstop":null,"laststop":null,"stopCoveredStatus":0,"heading":332,"lastrefreshon":"06-08-2024 03:01:29","lastreceiveddatetimeflag":0,"tripposition":3}]},{"routeid":2108,"stationid":23370,"stationname":"Mysore Road Metro Station","from":"KR Market (Kalasipalya)","to":"Billa Kempanahalli","routeno":"226","distance_on_station":5.772,"centerlat":12.94636,"centerlong":77.53046,"responsecode":200,"isnotify":0,"vehicleDetails":[{"vehicleid":20902,"vehiclenumber":"KA57F2785","servicetypeid":72,"servicetype":"Non AC/Ordinary","centerlat":12.888703,"centerlong":77.477371,"eta":"","sch_arrivaltime":"11:00","sch_departuretime":"11:00","actual_arrivaltime":"","actual_departuretime":"","sch_tripstarttime":"10:40","sch_tripendtime":"10:40","lastlocationid":0,"currentlocationid":35721,"nextlocationid":0,"currentstop":null,"nextstop":null,"laststop":null,"stopCoveredStatus":0,"heading":332,"lastrefreshon":"06-08-2024 03:01:29","lastreceiveddatetimeflag":0,"tripposition":3}]},{"routeid":2108,"stationid":21052,"stationname":"Nayandahalli","from":"KR Market (Kalasipalya)","to":"Billa Kempanahalli","routeno":"226","distance_on_station":6.491,"centerlat":12.94268,"centerlong":77.52589,"responsecode":200,"isnotify":0,"vehicleDetails":[{"vehicleid":20902,"vehiclenumber":"KA57F2785","servicetypeid":72,"servicetype":"Non AC/Ordinary","centerlat":12.888703,"centerlong":77.477371,"eta":"","sch_arrivaltime":"11:02","sch_departuretime":"11:02","actual_arrivaltime":"","actual_departuretime":"","sch_tripstarttime":"10:40","sch_tripendtime":"10:40","lastlocationid":0,"currentlocationid":35721,"nextlocationid":0,"currentstop":null,"nextstop":null,"laststop":null,"stopCoveredStatus":0,"heading":332,"lastrefreshon":"06-08-2024 03:01:29","lastreceiveddatetimeflag":0,"tripposition":3}]},{"routeid":2108,"stationid":20690,"stationname":"BWSSB Quarters Nayandahalli","from":"KR Market (Kalasipalya)","to":"Billa Kempanahalli","routeno":"226","distance_on_station":6.841,"centerlat":12.94013,"centerlong":77.52412,"responsecode":200,"isnotify":0,"vehicleDetails":[{"vehicleid":20902,"vehiclenumber":"KA57F2785","servicetypeid":72,"servicetype":"Non AC/Ordinary","centerlat":12.888703,"centerlong":77.477371,"eta":"","sch_arrivaltime":"11:03","sch_departuretime":"11:03","actual_arrivaltime":"","actual_departuretime":"","sch_tripstarttime":"10:40","sch_tripendtime":"10:40","lastlocationid":0,"currentlocationid":35721,"nextlocationid":0,"currentstop":null,"nextstop":null,"laststop":null,"stopCoveredStatus":0,"heading":332,"lastrefreshon":"06-08-2024 03:01:29","lastreceiveddatetimeflag":0,"tripposition":3}]},{"routeid":2108,"stationid":35389,"stationname":"Rajarajeshwari nagara Gate","from":"KR Market (Kalasipalya)","to":"Billa Kempanahalli","routeno":"226","distance_on_station":7.703,"centerlat":12.93631,"centerlong":77.51774,"responsecode":200,"isnotify":0,"vehicleDetails":[{"vehicleid":20902,"vehiclenumber":"KA57F2785","servicetypeid":72,"servicetype":"Non AC/Ordinary","centerlat":12.888703,"centerlong":77.477371,"eta":"","sch_arrivaltime":"11:04","sch_departuretime":"11:04","actual_arrivaltime":"","actual_departuretime":"","sch_tripstarttime":"10:40","sch_tripendtime":"10:40","lastlocationid":0,"currentlocationid":35721,"nextlocationid":0,"currentstop":null,"nextstop":null,"laststop":null,"stopCoveredStatus":0,"heading":332,"lastrefreshon":"06-08-2024 03:01:29","lastreceiveddatetimeflag":0,"tripposition":3}]},{"routeid":2108,"stationid":20648,"stationname":"Bengaluru University Gate","from":"KR Market (Kalasipalya)","to":"Billa Kempanahalli","routeno":"226","distance_on_station":8.278,"centerlat":12.93537,"centerlong":77.51269,"responsecode":200,"isnotify":0,"vehicleDetails":[{"vehicleid":20902,"vehiclenumber":"KA57F2785","servicetypeid":72,"servicetype":"Non AC/Ordinary","centerlat":12.888703,"centerlong":77.477371,"eta":"","sch_arrivaltime":"11:05","sch_departuretime":"11:05","actual_arrivaltime":"","actual_departuretime":"","sch_tripstarttime":"10:40","sch_tripendtime":"10:40","lastlocationid":0,"currentlocationid":35721,"nextlocationid":0,"currentstop":null,"nextstop":null,"laststop":null,"stopCoveredStatus":0,"heading":332,"lastrefreshon":"06-08-2024 03:01:29","lastreceiveddatetimeflag":0,"tripposition":3}]},{"routeid":2108,"stationid":20878,"stationname":"Jayaram Das Factory","from":"KR Market (Kalasipalya)","to":"Billa Kempanahalli","routeno":"226","distance_on_station":9.244,"centerlat":12.93025,"centerlong":77.50594,"responsecode":200,"isnotify":0,"vehicleDetails":[{"vehicleid":20902,"vehiclenumber":"KA57F2785","servicetypeid":72,"servicetype":"Non AC/Ordinary","centerlat":12.888703,"centerlong":77.477371,"eta":"","sch_arrivaltime":"11:06","sch_departuretime":"11:06","actual_arrivaltime":"","actual_departuretime":"","sch_tripstarttime":"10:40","sch_tripendtime":"10:40","lastlocationid":0,"currentlocationid":35721,"nextlocationid":0,"currentstop":null,"nextstop":null,"laststop":null,"stopCoveredStatus":0,"heading":332,"lastrefreshon":"06-08-2024 03:01:29","lastreceiveddatetimeflag":0,"tripposition":3}]},{"routeid":2108,"stationid":38975,"stationname":"Hyundai showroom mysore road","from":"KR Market (Kalasipalya)","to":"Billa Kempanahalli","routeno":"226","distance_on_station":9.86,"centerlat":12.92703,"centerlong":77.50166,"responsecode":200,"isnotify":0,"vehicleDetails":[{"vehicleid":20902,"vehiclenumber":"KA57F2785","servicetypeid":72,"servicetype":"Non AC/Ordinary","centerlat":12.888703,"centerlong":77.477371,"eta":"","sch_arrivaltime":"11:07","sch_departuretime":"11:07","actual_arrivaltime":"","actual_departuretime":"","sch_tripstarttime":"10:40","sch_tripendtime":"10:40","lastlocationid":0,"currentlocationid":35721,"nextlocationid":0,"currentstop":null,"nextstop":null,"laststop":null,"stopCoveredStatus":0,"heading":332,"lastrefreshon":"06-08-2024 03:01:29","lastreceiveddatetimeflag":0,"tripposition":3}]},{"routeid":2108,"stationid":35391,"stationname":"RV College","from":"KR Market (Kalasipalya)","to":"Billa Kempanahalli","routeno":"226","distance_on_station":10.189,"centerlat":12.92521,"centerlong":77.49936,"responsecode":200,"isnotify":0,"vehicleDetails":[{"vehicleid":20902,"vehiclenumber":"KA57F2785","servicetypeid":72,"servicetype":"Non AC/Ordinary","centerlat":12.888703,"centerlong":77.477371,"eta":"","sch_arrivaltime":"11:08","sch_departuretime":"11:08","actual_arrivaltime":"","actual_departuretime":"","sch_tripstarttime":"10:40","sch_tripendtime":"10:40","lastlocationid":0,"currentlocationid":35721,"nextlocationid":0,"currentstop":null,"nextstop":null,"laststop":null,"stopCoveredStatus":0,"heading":332,"lastrefreshon":"06-08-2024 03:01:29","lastreceiveddatetimeflag":0,"tripposition":3}]},{"routeid":2108,"stationid":20764,"stationname":"Dubasipalya Cross","from":"KR Market (Kalasipalya)","to":"Billa Kempanahalli","routeno":"226","distance_on_station":10.661,"centerlat":12.92273,"centerlong":77.49603,"responsecode":200,"isnotify":0,"vehicleDetails":[{"vehicleid":20902,"vehiclenumber":"KA57F2785","servicetypeid":72,"servicetype":"Non AC/Ordinary","centerlat":12.888703,"centerlong":77.477371,"eta":"","sch_arrivaltime":"11:09","sch_departuretime":"11:09","actual_arrivaltime":"","actual_departuretime":"","sch_tripstarttime":"10:40","sch_tripendtime":"10:40","lastlocationid":0,"currentlocationid":35721,"nextlocationid":0,"currentstop":null,"nextstop":null,"laststop":null,"stopCoveredStatus":0,"heading":332,"lastrefreshon":"06-08-2024 03:01:29","lastreceiveddatetimeflag":0,"tripposition":3}]},{"routeid":2108,"stationid":21039,"stationname":"Mylasandra Cross","from":"KR Market (Kalasipalya)","to":"Billa Kempanahalli","routeno":"226","distance_on_station":11.524,"centerlat":12.91749,"centerlong":77.49064,"responsecode":200,"isnotify":0,"vehicleDetails":[{"vehicleid":20902,"vehiclenumber":"KA57F2785","servicetypeid":72,"servicetype":"Non AC/Ordinary","centerlat":12.888703,"centerlong":77.477371,"eta":"","sch_arrivaltime":"11:10","sch_departuretime":"11:10","actual_arrivaltime":"","actual_departuretime":"","sch_tripstarttime":"10:40","sch_tripendtime":"10:40","lastlocationid":0,"currentlocationid":35721,"nextlocationid":0,"currentstop":null,"nextstop":null,"laststop":null,"stopCoveredStatus":0,"heading":332,"lastrefreshon":"06-08-2024 03:01:29","lastreceiveddatetimeflag":0,"tripposition":3}]},{"routeid":2108,"stationid":20925,"stationname":"Kengeri Bus Station","from":"KR Market (Kalasipalya)","to":"Billa Kempanahalli","routeno":"226","distance_on_station":12.171,"centerlat":12.91379,"centerlong":77.4871,"responsecode":200,"isnotify":0,"vehicleDetails":[{"vehicleid":20902,"vehiclenumber":"KA57F2785","servicetypeid":72,"servicetype":"Non AC/Ordinary","centerlat":12.888703,"centerlong":77.477371,"eta":"","sch_arrivaltime":"11:13","sch_departuretime":"11:13","actual_arrivaltime":"","actual_departuretime":"","sch_tripstarttime":"10:40","sch_tripendtime":"10:40","lastlocationid":0,"currentlocationid":35721,"nextlocationid":0,"currentstop":null,"nextstop":null,"laststop":null,"stopCoveredStatus":0,"heading":332,"lastrefreshon":"06-08-2024 03:01:29","lastreceiveddatetimeflag":0,"tripposition":3}]},{"routeid":2108,"stationid":21094,"stationname":"Kengeri Police Station","from":"KR Market (Kalasipalya)","to":"Billa Kempanahalli","routeno":"226","distance_on_station":13.054,"centerlat":12.91007,"centerlong":77.48146,"responsecode":200,"isnotify":0,"vehicleDetails":[{"vehicleid":20902,"vehiclenumber":"KA57F2785","servicetypeid":72,"servicetype":"Non AC/Ordinary","centerlat":12.888703,"centerlong":77.477371,"eta":"","sch_arrivaltime":"11:18","sch_departuretime":"11:18","actual_arrivaltime":"","actual_departuretime":"","sch_tripstarttime":"10:40","sch_tripendtime":"10:40","lastlocationid":0,"currentlocationid":35721,"nextlocationid":0,"currentstop":null,"nextstop":null,"laststop":null,"stopCoveredStatus":0,"heading":332,"lastrefreshon":"06-08-2024 03:01:29","lastreceiveddatetimeflag":0,"tripposition":3}]},{"routeid":2108,"stationid":35721,"stationname":"Depot-12 Gate","from":"KR Market (Kalasipalya)","to":"Billa Kempanahalli","routeno":"226","distance_on_station":14.4,"centerlat":12.90471,"centerlong":77.47084,"responsecode":200,"isnotify":0,"vehicleDetails":[{"vehicleid":20902,"vehiclenumber":"KA57F2785","servicetypeid":72,"servicetype":"Non AC/Ordinary","centerlat":12.888703,"centerlong":77.477371,"eta":"","sch_arrivaltime":"11:20","sch_departuretime":"11:20","actual_arrivaltime":"","actual_departuretime":"","sch_tripstarttime":"10:40","sch_tripendtime":"10:40","lastlocationid":0,"currentlocationid":35721,"nextlocationid":0,"currentstop":null,"nextstop":null,"laststop":null,"stopCoveredStatus":0,"heading":332,"lastrefreshon":"06-08-2024 03:01:29","lastreceiveddatetimeflag":0,"tripposition":1}]}],"mapData":[{"vehicleid":20902,"vehiclenumber":"KA57F2785","servicetypeid":72,"servicetype":"Non AC/Ordinary","centerlat":12.888703,"centerlong":77.477371,"eta":"","sch_arrivaltime":"11:20","sch_departuretime":"11:20","actual_arrivaltime":"","actual_departuretime":"","sch_tripstarttime":"10:40","sch_tripendtime":"10:40","lastlocationid":0,"currentlocationid":35721,"nextlocationid":0,"currentstop":null,"nextstop":null,"laststop":null,"stopCoveredStatus":0,"heading":332,"lastrefreshon":"06-08-2024 03:01:29","lastreceiveddatetimeflag":0,"tripposition":1}]},"down":{"data":[],"mapData":[]},"message":"Success","issuccess":true,"exception":null,"rowCount":0,"responsecode":200}