{"up":{"data":[{"routeid":2266,"stationid":20925,"stationname":"Kengeri Bus Station","from":"KR Market (Kalasipalya)","to":"Parasanapalya","routeno":"226-R","distance_on_station":0,"centerlat":12.91379,"centerlong":77.4871,"responsecode":200,"isnotify":0,"vehicleDetails":[{"vehicleid":12569,"vehiclenumber":"KA01F8931","servicetypeid":72,"servicetype":"Non AC/Ordinary","centerlat":12.90362,"centerlong":77.473885,"eta":"","sch_arrivaltime":"19:37","sch_departuretime":"19:37","actual_arrivaltime":"","actual_departuretime":"","sch_tripstarttime":"19:00","sch_tripendtime":"19:00","lastlocationid":0,"currentlocationid":35721,"nextlocationid":0,"currentstop":null,"nextstop":null,"laststop":null,"stopCoveredStatus":0,"heading":0,"lastrefreshon":"26-07-2024 22:59:22","lastreceiveddatetimeflag":0,"tripposition":1}]},{"routeid":2266,"stationid":21094,"stationname":"Kengeri Police Station","from":"KR Market (Kalasipalya)","to":"Parasanapalya","routeno":"226-R","distance_on_station":1.744,"centerlat":12.91007,"centerlong":77.48146,"responsecode":200,"isnotify":0,"vehicleDetails":[{"vehicleid":12569,"vehiclenumber":"KA01F8931","servicetypeid":72,"servicetype":"Non AC/Ordinary","centerlat":12.90362,"centerlong":77.473885,"eta":"","sch_arrivaltime":"19:43","sch_departuretime":"19:43","actual_arrivaltime":"","actual_departuretime":"","sch_tripstarttime":"19:00","sch_tripendtime":"19:00","lastlocationid":0,"currentlocationid":35721,"nextlocationid":0,"currentstop":null,"nextstop":null,"laststop":null,"stopCoveredStatus":0,"heading":0,"lastrefreshon":"26-07-2024 22:59:22","lastreceiveddatetimeflag":0,"tripposition":3}]},{"routeid":2266,"stationid":35721,"stationname":"Depot-12 Gate","from":"KR Market (Kalasipalya)","to":"Parasanapalya","routeno":"226-R","distance_on_station":4.4,"centerlat":12.90471,"centerlong":77.47084,"responsecode":200,"isnotify":0,"vehicleDetails":[{"vehicleid":12569,"vehiclenumber":"KA01F8931","servicetypeid":72,"servicetype":"Non AC/Ordinary","centerlat":12.90362,"centerlong":77.473885,"eta":"","sch_arrivaltime":"19:45","sch_departuretime":"19:45","actual_arrivaltime":"","actual_departuretime":"","sch_tripstarttime":"19:00","sch_tripendtime":"19:00","lastlocationid":0,"currentlocationid":35721,"nextlocationid":0,"currentstop":null,"nextstop":null,"laststop":null,"stopCoveredStatus":0,"heading":0,"lastrefreshon":"26-07-2024 22:59:22","lastreceiveddatetimeflag":0,"tripposition":1}]}],"mapData":[{"vehicleid":12569,"vehiclenumber":"KA01F8931","servicetypeid":72,"servicetype":"Non AC/Ordinary","centerlat":12.90362,"centerlong":77.473885,"eta":"","sch_arrivaltime":"19:45","sch_departuretime":"19:45","actual_arrivaltime":"","actual_departuretime":"","sch_tripstarttime":"19:00","sch_tripendtime":"19:00","lastlocationid":0,"currentlocationid":35721,"nextlocationid":0,"currentstop":null,"nextstop":null,"laststop":null,"stopCoveredStatus":0,"heading":0,"lastrefreshon":"26-07-2024 22:59:22","lastreceiveddatetimeflag":0,"tripposition":1}]},"down":{"data":[],"mapData":[]},"message":"Success","issuccess":true,"exception":null,"rowCount":0,"responsecode":200}