{"up":{"data":[{"routeid":2124,"stationid":20623,"stationname":"Banashankari Bus Station","from":"Banashankari Bus Station","to":"Bidadi","routeno":"226-H","distance_on_station":0,"centerlat":12.91779,"centerlong":77.57272,"responsecode":200,"isnotify":0,"vehicleDetails":[{"vehicleid":19038,"vehiclenumber":"KA57F0774","servicetypeid":72,"servicetype":"Non AC/Ordinary","centerlat":12.901883,"centerlong":77.472351,"eta":"","sch_arrivaltime":"12:10","sch_departuretime":"12:10","actual_arrivaltime":"","actual_departuretime":"","sch_tripstarttime":"12:10","sch_tripendtime":"12:10","lastlocationid":0,"currentlocationid":35721,"nextlocationid":0,"currentstop":null,"nextstop":null,"laststop":null,"stopCoveredStatus":0,"heading":0,"lastrefreshon":"06-08-2024 03:02:04","lastreceiveddatetimeflag":0,"tripposition":1}]},{"routeid":2124,"stationid":20897,"stationname":"Kadirenahalli Cross","from":"Banashankari Bus Station","to":"Bidadi","routeno":"226-H","distance_on_station":1.033,"centerlat":12.91364,"centerlong":77.56727,"responsecode":200,"isnotify":0,"vehicleDetails":[{"vehicleid":19038,"vehiclenumber":"KA57F0774","servicetypeid":72,"servicetype":"Non AC/Ordinary","centerlat":12.901883,"centerlong":77.472351,"eta":"","sch_arrivaltime":"12:15","sch_departuretime":"12:15","actual_arrivaltime":"","actual_departuretime":"","sch_tripstarttime":"12:10","sch_tripendtime":"12:10","lastlocationid":0,"currentlocationid":35721,"nextlocationid":0,"currentstop":null,"nextstop":null,"laststop":null,"stopCoveredStatus":0,"heading":0,"lastrefreshon":"06-08-2024 03:02:04","lastreceiveddatetimeflag":0,"tripposition":3}]},{"routeid":2124,"stationid":20899,"stationname":"Kadirenahalli Park","from":"Banashankari Bus Station","to":"Bidadi","routeno":"226-H","distance_on_station":1.832,"centerlat":12.91762,"centerlong":77.56447,"responsecode":200,"isnotify":0,"vehicleDetails":[{"vehicleid":19038,"vehiclenumber":"KA57F0774","servicetypeid":72,"servicetype":"Non AC/Ordinary","centerlat":12.901883,"centerlong":77.472351,"eta":"","sch_arrivaltime":"12:18","sch_departuretime":"12:18","actual_arrivaltime":"","actual_departuretime":"","sch_tripstarttime":"12:10","sch_tripendtime":"12:10","lastlocationid":0,"currentlocationid":35721,"nextlocationid":0,"currentstop":null,"nextstop":null,"laststop":null,"stopCoveredStatus":0,"heading":0,"lastrefreshon":"06-08-2024 03:02:04","lastreceiveddatetimeflag":0,"tripposition":3}]},{"routeid":2124,"stationid":20756,"stationname":"Devegowda Petrol Bunk","from":"Banashankari Bus Station","to":"Bidadi","routeno":"226-H","distance_on_station":2.66,"centerlat":12.92194,"centerlong":77.55914,"responsecode":200,"isnotify":0,"vehicleDetails":[{"vehicleid":19038,"vehiclenumber":"KA57F0774","servicetypeid":72,"servicetype":"Non AC/Ordinary","centerlat":12.901883,"centerlong":77.472351,"eta":"","sch_arrivaltime":"12:20","sch_departuretime":"12:20","actual_arrivaltime":"","actual_departuretime":"","sch_tripstarttime":"12:10","sch_tripendtime":"12:10","lastlocationid":0,"currentlocationid":35721,"nextlocationid":0,"currentstop":null,"nextstop":null,"laststop":null,"stopCoveredStatus":0,"heading":0,"lastrefreshon":"06-08-2024 03:02:04","lastreceiveddatetimeflag":0,"tripposition":3}]},{"routeid":2124,"stationid":35772,"stationname":"Kamakya Talkies","from":"Banashankari Bus Station","to":"Bidadi","routeno":"226-H","distance_on_station":3.407,"centerlat":12.92409,"centerlong":77.55276,"responsecode":200,"isnotify":0,"vehicleDetails":[{"vehicleid":19038,"vehiclenumber":"KA57F0774","servicetypeid":72,"servicetype":"Non AC/Ordinary","centerlat":12.901883,"centerlong":77.472351,"eta":"","sch_arrivaltime":"12:22","sch_departuretime":"12:22","actual_arrivaltime":"","actual_departuretime":"","sch_tripstarttime":"12:10","sch_tripendtime":"12:10","lastlocationid":0,"currentlocationid":35721,"nextlocationid":0,"currentstop":null,"nextstop":null,"laststop":null,"stopCoveredStatus":0,"heading":0,"lastrefreshon":"06-08-2024 03:02:04","lastreceiveddatetimeflag":0,"tripposition":3}]},{"routeid":2124,"stationid":20917,"stationname":"Kathriguppe","from":"Banashankari Bus Station","to":"Bidadi","routeno":"226-H","distance_on_station":3.745,"centerlat":12.92535,"centerlong":77.54989,"responsecode":200,"isnotify":0,"vehicleDetails":[{"vehicleid":19038,"vehiclenumber":"KA57F0774","servicetypeid":72,"servicetype":"Non AC/Ordinary","centerlat":12.901883,"centerlong":77.472351,"eta":"","sch_arrivaltime":"12:23","sch_departuretime":"12:23","actual_arrivaltime":"","actual_departuretime":"","sch_tripstarttime":"12:10","sch_tripendtime":"12:10","lastlocationid":0,"currentlocationid":35721,"nextlocationid":0,"currentstop":null,"nextstop":null,"laststop":null,"stopCoveredStatus":0,"heading":0,"lastrefreshon":"06-08-2024 03:02:04","lastreceiveddatetimeflag":0,"tripposition":3}]},{"routeid":2124,"stationid":20876,"stationname":"Janatha Bazar Banashankari","from":"Banashankari Bus Station","to":"Bidadi","routeno":"226-H","distance_on_station":4.318,"centerlat":12.92837,"centerlong":77.54577,"responsecode":200,"isnotify":0,"vehicleDetails":[{"vehicleid":19038,"vehiclenumber":"KA57F0774","servicetypeid":72,"servicetype":"Non AC/Ordinary","centerlat":12.901883,"centerlong":77.472351,"eta":"","sch_arrivaltime":"12:24","sch_departuretime":"12:24","actual_arrivaltime":"","actual_departuretime":"","sch_tripstarttime":"12:10","sch_tripendtime":"12:10","lastlocationid":0,"currentlocationid":35721,"nextlocationid":0,"currentstop":null,"nextstop":null,"laststop":null,"stopCoveredStatus":0,"heading":0,"lastrefreshon":"06-08-2024 03:02:04","lastreceiveddatetimeflag":0,"tripposition":3}]},{"routeid":2124,"stationid":20843,"stationname":"Hosakerehalli  Junction","from":"Banashankari Bus Station","to":"Bidadi","routeno":"226-H","distance_on_station":4.666,"centerlat":12.93044,"centerlong":77.54342,"responsecode":200,"isnotify":0,"vehicleDetails":[{"vehicleid":19038,"vehiclenumber":"KA57F0774","servicetypeid":72,"servicetype":"Non AC/Ordinary","centerlat":12.901883,"centerlong":77.472351,"eta":"","sch_arrivaltime":"12:25","sch_departuretime":"12:25","actual_arrivaltime":"","actual_departuretime":"","sch_tripstarttime":"12:10","sch_tripendtime":"12:10","lastlocationid":0,"currentlocationid":35721,"nextlocationid":0,"currentstop":null,"nextstop":null,"laststop":null,"stopCoveredStatus":0,"heading":0,"lastrefreshon":"06-08-2024 03:02:04","lastreceiveddatetimeflag":0,"tripposition":3}]},{"routeid":2124,"stationid":20845,"stationname":"Hosakerehalli Petrol Bunk","from":"Banashankari Bus Station","to":"Bidadi","routeno":"226-H","distance_on_station":5.127,"centerlat":12.933,"centerlong":77.54018,"responsecode":200,"isnotify":0,"vehicleDetails":[{"vehicleid":19038,"vehiclenumber":"KA57F0774","servicetypeid":72,"servicetype":"Non AC/Ordinary","centerlat":12.901883,"centerlong":77.472351,"eta":"","sch_arrivaltime":"12:26","sch_departuretime":"12:26","actual_arrivaltime":"","actual_departuretime":"","sch_tripstarttime":"12:10","sch_tripendtime":"12:10","lastlocationid":0,"currentlocationid":35721,"nextlocationid":0,"currentstop":null,"nextstop":null,"laststop":null,"stopCoveredStatus":0,"heading":0,"lastrefreshon":"06-08-2024 03:02:04","lastreceiveddatetimeflag":0,"tripposition":3}]},{"routeid":2124,"stationid":21089,"stationname":"PES College","from":"Banashankari Bus Station","to":"Bidadi","routeno":"226-H","distance_on_station":5.536,"centerlat":12.93489,"centerlong":77.53707,"responsecode":200,"isnotify":0,"vehicleDetails":[{"vehicleid":19038,"vehiclenumber":"KA57F0774","servicetypeid":72,"servicetype":"Non AC/Ordinary","centerlat":12.901883,"centerlong":77.472351,"eta":"","sch_arrivaltime":"12:27","sch_departuretime":"12:27","actual_arrivaltime":"","actual_departuretime":"","sch_tripstarttime":"12:10","sch_tripendtime":"12:10","lastlocationid":0,"currentlocationid":35721,"nextlocationid":0,"currentstop":null,"nextstop":null,"laststop":null,"stopCoveredStatus":0,"heading":0,"lastrefreshon":"06-08-2024 03:02:04","lastreceiveddatetimeflag":0,"tripposition":3}]},{"routeid":2124,"stationid":21250,"stationname":"Veerabhadranagara","from":"Banashankari Bus Station","to":"Bidadi","routeno":"226-H","distance_on_station":6.119,"centerlat":12.93828,"centerlong":77.53343,"responsecode":200,"isnotify":0,"vehicleDetails":[{"vehicleid":19038,"vehiclenumber":"KA57F0774","servicetypeid":72,"servicetype":"Non AC/Ordinary","centerlat":12.901883,"centerlong":77.472351,"eta":"","sch_arrivaltime":"12:28","sch_departuretime":"12:28","actual_arrivaltime":"","actual_departuretime":"","sch_tripstarttime":"12:10","sch_tripendtime":"12:10","lastlocationid":0,"currentlocationid":35721,"nextlocationid":0,"currentstop":null,"nextstop":null,"laststop":null,"stopCoveredStatus":0,"heading":0,"lastrefreshon":"06-08-2024 03:02:04","lastreceiveddatetimeflag":0,"tripposition":3}]},{"routeid":2124,"stationid":20887,"stationname":"Nayandahalli Junction","from":"Banashankari Bus Station","to":"Bidadi","routeno":"226-H","distance_on_station":7.081,"centerlat":12.94509,"centerlong":77.52857,"responsecode":200,"isnotify":0,"vehicleDetails":[{"vehicleid":19038,"vehiclenumber":"KA57F0774","servicetypeid":72,"servicetype":"Non AC/Ordinary","centerlat":12.901883,"centerlong":77.472351,"eta":"","sch_arrivaltime":"12:30","sch_departuretime":"12:30","actual_arrivaltime":"","actual_departuretime":"","sch_tripstarttime":"12:10","sch_tripendtime":"12:10","lastlocationid":0,"currentlocationid":35721,"nextlocationid":0,"currentstop":null,"nextstop":null,"laststop":null,"stopCoveredStatus":0,"heading":0,"lastrefreshon":"06-08-2024 03:02:04","lastreceiveddatetimeflag":0,"tripposition":3}]},{"routeid":2124,"stationid":21052,"stationname":"Nayandahalli","from":"Banashankari Bus Station","to":"Bidadi","routeno":"226-H","distance_on_station":7.511,"centerlat":12.94268,"centerlong":77.52589,"responsecode":200,"isnotify":0,"vehicleDetails":[{"vehicleid":19038,"vehiclenumber":"KA57F0774","servicetypeid":72,"servicetype":"Non AC/Ordinary","centerlat":12.901883,"centerlong":77.472351,"eta":"","sch_arrivaltime":"12:31","sch_departuretime":"12:31","actual_arrivaltime":"","actual_departuretime":"","sch_tripstarttime":"12:10","sch_tripendtime":"12:10","lastlocationid":0,"currentlocationid":35721,"nextlocationid":0,"currentstop":null,"nextstop":null,"laststop":null,"stopCoveredStatus":0,"heading":0,"lastrefreshon":"06-08-2024 03:02:04","lastreceiveddatetimeflag":0,"tripposition":3}]},{"routeid":2124,"stationid":20690,"stationname":"BWSSB Quarters Nayandahalli","from":"Banashankari Bus Station","to":"Bidadi","routeno":"226-H","distance_on_station":7.859,"centerlat":12.94013,"centerlong":77.52412,"responsecode":200,"isnotify":0,"vehicleDetails":[{"vehicleid":19038,"vehiclenumber":"KA57F0774","servicetypeid":72,"servicetype":"Non AC/Ordinary","centerlat":12.901883,"centerlong":77.472351,"eta":"","sch_arrivaltime":"12:32","sch_departuretime":"12:32","actual_arrivaltime":"","actual_departuretime":"","sch_tripstarttime":"12:10","sch_tripendtime":"12:10","lastlocationid":0,"currentlocationid":35721,"nextlocationid":0,"currentstop":null,"nextstop":null,"laststop":null,"stopCoveredStatus":0,"heading":0,"lastrefreshon":"06-08-2024 03:02:04","lastreceiveddatetimeflag":0,"tripposition":3}]},{"routeid":2124,"stationid":35389,"stationname":"Rajarajeshwari nagara Gate","from":"Banashankari Bus Station","to":"Bidadi","routeno":"226-H","distance_on_station":8.718,"centerlat":12.93631,"centerlong":77.51774,"responsecode":200,"isnotify":0,"vehicleDetails":[{"vehicleid":19038,"vehiclenumber":"KA57F0774","servicetypeid":72,"servicetype":"Non AC/Ordinary","centerlat":12.901883,"centerlong":77.472351,"eta":"","sch_arrivaltime":"12:34","sch_departuretime":"12:34","actual_arrivaltime":"","actual_departuretime":"","sch_tripstarttime":"12:10","sch_tripendtime":"12:10","lastlocationid":0,"currentlocationid":35721,"nextlocationid":0,"currentstop":null,"nextstop":null,"laststop":null,"stopCoveredStatus":0,"heading":0,"lastrefreshon":"06-08-2024 03:02:04","lastreceiveddatetimeflag":0,"tripposition":3}]},{"routeid":2124,"stationid":20648,"stationname":"Bengaluru University Gate","from":"Banashankari Bus Station","to":"Bidadi","routeno":"226-H","distance_on_station":9.291,"centerlat":12.93537,"centerlong":77.51269,"responsecode":200,"isnotify":0,"vehicleDetails":[{"vehicleid":19038,"vehiclenumber":"KA57F0774","servicetypeid":72,"servicetype":"Non AC/Ordinary","centerlat":12.901883,"centerlong":77.472351,"eta":"","sch_arrivaltime":"12:35","sch_departuretime":"12:35","actual_arrivaltime":"","actual_departuretime":"","sch_tripstarttime":"12:10","sch_tripendtime":"12:10","lastlocationid":0,"currentlocationid":35721,"nextlocationid":0,"currentstop":null,"nextstop":null,"laststop":null,"stopCoveredStatus":0,"heading":0,"lastrefreshon":"06-08-2024 03:02:04","lastreceiveddatetimeflag":0,"tripposition":3}]},{"routeid":2124,"stationid":20878,"stationname":"Jayaram Das Factory","from":"Banashankari Bus Station","to":"Bidadi","routeno":"226-H","distance_on_station":10.253,"centerlat":12.93025,"centerlong":77.50594,"responsecode":200,"isnotify":0,"vehicleDetails":[{"vehicleid":19038,"vehiclenumber":"KA57F0774","servicetypeid":72,"servicetype":"Non AC/Ordinary","centerlat":12.901883,"centerlong":77.472351,"eta":"","sch_arrivaltime":"12:36","sch_departuretime":"12:36","actual_arrivaltime":"","actual_departuretime":"","sch_tripstarttime":"12:10","sch_tripendtime":"12:10","lastlocationid":0,"currentlocationid":35721,"nextlocationid":0,"currentstop":null,"nextstop":null,"laststop":null,"stopCoveredStatus":0,"heading":0,"lastrefreshon":"06-08-2024 03:02:04","lastreceiveddatetimeflag":0,"tripposition":3}]},{"routeid":2124,"stationid":35391,"stationname":"RV College","from":"Banashankari Bus Station","to":"Bidadi","routeno":"226-H","distance_on_station":11.205,"centerlat":12.92521,"centerlong":77.49936,"responsecode":200,"isnotify":0,"vehicleDetails":[{"vehicleid":19038,"vehiclenumber":"KA57F0774","servicetypeid":72,"servicetype":"Non AC/Ordinary","centerlat":12.901883,"centerlong":77.472351,"eta":"","sch_arrivaltime":"12:37","sch_departuretime":"12:37","actual_arrivaltime":"","actual_departuretime":"","sch_tripstarttime":"12:10","sch_tripendtime":"12:10","lastlocationid":0,"currentlocationid":35721,"nextlocationid":0,"currentstop":null,"nextstop":null,"laststop":null,"stopCoveredStatus":0,"heading":0,"lastrefreshon":"06-08-2024 03:02:04","lastreceiveddatetimeflag":0,"tripposition":3}]},{"routeid":2124,"stationid":20764,"stationname":"Dubasipalya Cross","from":"Banashankari Bus Station","to":"Bidadi","routeno":"226-H","distance_on_station":11.675,"centerlat":12.92273,"centerlong":77.49603,"responsecode":200,"isnotify":0,"vehicleDetails":[{"vehicleid":19038,"vehiclenumber":"KA57F0774","servicetypeid":72,"servicetype":"Non AC/Ordinary","centerlat":12.901883,"centerlong":77.472351,"eta":"","sch_arrivaltime":"12:38","sch_departuretime":"12:38","actual_arrivaltime":"","actual_departuretime":"","sch_tripstarttime":"12:10","sch_tripendtime":"12:10","lastlocationid":0,"currentlocationid":35721,"nextlocationid":0,"currentstop":null,"nextstop":null,"laststop":null,"stopCoveredStatus":0,"heading":0,"lastrefreshon":"06-08-2024 03:02:04","lastreceiveddatetimeflag":0,"tripposition":3}]},{"routeid":2124,"stationid":21039,"stationname":"Mylasandra Cross","from":"Banashankari Bus Station","to":"Bidadi","routeno":"226-H","distance_on_station":12.535,"centerlat":12.91749,"centerlong":77.49064,"responsecode":200,"isnotify":0,"vehicleDetails":[{"vehicleid":19038,"vehiclenumber":"KA57F0774","servicetypeid":72,"servicetype":"Non AC/Ordinary","centerlat":12.901883,"centerlong":77.472351,"eta":"","sch_arrivaltime":"12:39","sch_departuretime":"12:39","actual_arrivaltime":"","actual_departuretime":"","sch_tripstarttime":"12:10","sch_tripendtime":"12:10","lastlocationid":0,"currentlocationid":35721,"nextlocationid":0,"currentstop":null,"nextstop":null,"laststop":null,"stopCoveredStatus":0,"heading":0,"lastrefreshon":"06-08-2024 03:02:04","lastreceiveddatetimeflag":0,"tripposition":3}]},{"routeid":2124,"stationid":20925,"stationname":"Kengeri Bus Station","from":"Banashankari Bus Station","to":"Bidadi","routeno":"226-H","distance_on_station":13.18,"centerlat":12.91379,"centerlong":77.4871,"responsecode":200,"isnotify":0,"vehicleDetails":[{"vehicleid":19038,"vehiclenumber":"KA57F0774","servicetypeid":72,"servicetype":"Non AC/Ordinary","centerlat":12.901883,"centerlong":77.472351,"eta":"","sch_arrivaltime":"12:42","sch_departuretime":"12:42","actual_arrivaltime":"","actual_departuretime":"","sch_tripstarttime":"12:10","sch_tripendtime":"12:10","lastlocationid":0,"currentlocationid":35721,"nextlocationid":0,"currentstop":null,"nextstop":null,"laststop":null,"stopCoveredStatus":0,"heading":0,"lastrefreshon":"06-08-2024 03:02:04","lastreceiveddatetimeflag":0,"tripposition":3}]},{"routeid":2124,"stationid":21094,"stationname":"Kengeri Police Station","from":"Banashankari Bus Station","to":"Bidadi","routeno":"226-H","distance_on_station":14.06,"centerlat":12.91007,"centerlong":77.48146,"responsecode":200,"isnotify":0,"vehicleDetails":[{"vehicleid":19038,"vehiclenumber":"KA57F0774","servicetypeid":72,"servicetype":"Non AC/Ordinary","centerlat":12.901883,"centerlong":77.472351,"eta":"","sch_arrivaltime":"12:47","sch_departuretime":"12:47","actual_arrivaltime":"","actual_departuretime":"","sch_tripstarttime":"12:10","sch_tripendtime":"12:10","lastlocationid":0,"currentlocationid":35721,"nextlocationid":0,"currentstop":null,"nextstop":null,"laststop":null,"stopCoveredStatus":0,"heading":0,"lastrefreshon":"06-08-2024 03:02:04","lastreceiveddatetimeflag":0,"tripposition":3}]},{"routeid":2124,"stationid":35721,"stationname":"Depot-12 Gate","from":"Banashankari Bus Station","to":"Bidadi","routeno":"226-H","distance_on_station":15.4,"centerlat":12.90471,"centerlong":77.47084,"responsecode":200,"isnotify":0,"vehicleDetails":[{"vehicleid":19038,"vehiclenumber":"KA57F0774","servicetypeid":72,"servicetype":"Non AC/Ordinary","centerlat":12.901883,"centerlong":77.472351,"eta":"","sch_arrivaltime":"12:49","sch_departuretime":"12:49","actual_arrivaltime":"","actual_departuretime":"","sch_tripstarttime":"12:10","sch_tripendtime":"12:10","lastlocationid":0,"currentlocationid":35721,"nextlocationid":0,"currentstop":null,"nextstop":null,"laststop":null,"stopCoveredStatus":0,"heading":0,"lastrefreshon":"06-08-2024 03:02:04","lastreceiveddatetimeflag":0,"tripposition":1}]}],"mapData":[{"vehicleid":19038,"vehiclenumber":"KA57F0774","servicetypeid":72,"servicetype":"Non AC/Ordinary","centerlat":12.901883,"centerlong":77.472351,"eta":"","sch_arrivaltime":"12:49","sch_departuretime":"12:49","actual_arrivaltime":"","actual_departuretime":"","sch_tripstarttime":"12:10","sch_tripendtime":"12:10","lastlocationid":0,"currentlocationid":35721,"nextlocationid":0,"currentstop":null,"nextstop":null,"laststop":null,"stopCoveredStatus":0,"heading":0,"lastrefreshon":"06-08-2024 03:02:04","lastreceiveddatetimeflag":0,"tripposition":1}]},"down":{"data":[],"mapData":[]},"message":"Success","issuccess":true,"exception":null,"rowCount":0,"responsecode":200}