{"up":{"data":[{"routeid":2351,"stationid":20944,"stationname":"KR Market (Kalasipalya)","from":"KR Market (Kalasipalya)","to":"Maligondanahalli","routeno":"227-J","distance_on_station":0,"centerlat":12.95916,"centerlong":77.57711,"responsecode":200,"isnotify":0,"vehicleDetails":[{"vehicleid":20141,"vehiclenumber":"KA57F0140","servicetypeid":72,"servicetype":"Non AC/Ordinary","centerlat":12.906105,"centerlong":77.519981,"eta":"","sch_arrivaltime":"20:10","sch_departuretime":"20:10","actual_arrivaltime":"","actual_departuretime":"","sch_tripstarttime":"20:10","sch_tripendtime":"20:10","lastlocationid":0,"currentlocationid":35391,"nextlocationid":0,"currentstop":null,"nextstop":null,"laststop":null,"stopCoveredStatus":0,"heading":31,"lastrefreshon":"30-08-2024 12:54:45","lastreceiveddatetimeflag":0,"tripposition":3}]},{"routeid":2351,"stationid":21123,"stationname":"Rayan Circle","from":"KR Market (Kalasipalya)","to":"Maligondanahalli","routeno":"227-J","distance_on_station":2.068,"centerlat":12.96047,"centerlong":77.5679,"responsecode":200,"isnotify":0,"vehicleDetails":[{"vehicleid":20141,"vehiclenumber":"KA57F0140","servicetypeid":72,"servicetype":"Non AC/Ordinary","centerlat":12.906105,"centerlong":77.519981,"eta":"","sch_arrivaltime":"20:18","sch_departuretime":"20:18","actual_arrivaltime":"","actual_departuretime":"","sch_tripstarttime":"20:10","sch_tripendtime":"20:10","lastlocationid":0,"currentlocationid":35391,"nextlocationid":0,"currentstop":null,"nextstop":null,"laststop":null,"stopCoveredStatus":0,"heading":31,"lastrefreshon":"30-08-2024 12:54:45","lastreceiveddatetimeflag":0,"tripposition":3}]},{"routeid":2351,"stationid":21272,"stationname":"Water Tank Chamarajapet","from":"KR Market (Kalasipalya)","to":"Maligondanahalli","routeno":"227-J","distance_on_station":2.388,"centerlat":12.96038,"centerlong":77.56493,"responsecode":200,"isnotify":0,"vehicleDetails":[{"vehicleid":20141,"vehiclenumber":"KA57F0140","servicetypeid":72,"servicetype":"Non AC/Ordinary","centerlat":12.906105,"centerlong":77.519981,"eta":"","sch_arrivaltime":"20:19","sch_departuretime":"20:19","actual_arrivaltime":"","actual_departuretime":"","sch_tripstarttime":"20:10","sch_tripendtime":"20:10","lastlocationid":0,"currentlocationid":35391,"nextlocationid":0,"currentstop":null,"nextstop":null,"laststop":null,"stopCoveredStatus":0,"heading":31,"lastrefreshon":"30-08-2024 12:54:45","lastreceiveddatetimeflag":0,"tripposition":3}]},{"routeid":2351,"stationid":23479,"stationname":"Chamarajapet","from":"KR Market (Kalasipalya)","to":"Maligondanahalli","routeno":"227-J","distance_on_station":2.631,"centerlat":12.96033,"centerlong":77.56255,"responsecode":200,"isnotify":0,"vehicleDetails":[{"vehicleid":20141,"vehiclenumber":"KA57F0140","servicetypeid":72,"servicetype":"Non AC/Ordinary","centerlat":12.906105,"centerlong":77.519981,"eta":"","sch_arrivaltime":"20:20","sch_departuretime":"20:20","actual_arrivaltime":"","actual_departuretime":"","sch_tripstarttime":"20:10","sch_tripendtime":"20:10","lastlocationid":0,"currentlocationid":35391,"nextlocationid":0,"currentstop":null,"nextstop":null,"laststop":null,"stopCoveredStatus":0,"heading":31,"lastrefreshon":"30-08-2024 12:54:45","lastreceiveddatetimeflag":0,"tripposition":3}]},{"routeid":2351,"stationid":35403,"stationname":"Sirsi Circle","from":"KR Market (Kalasipalya)","to":"Maligondanahalli","routeno":"227-J","distance_on_station":2.98,"centerlat":12.96022,"centerlong":77.55921,"responsecode":200,"isnotify":0,"vehicleDetails":[{"vehicleid":20141,"vehiclenumber":"KA57F0140","servicetypeid":72,"servicetype":"Non AC/Ordinary","centerlat":12.906105,"centerlong":77.519981,"eta":"","sch_arrivaltime":"20:21","sch_departuretime":"20:21","actual_arrivaltime":"","actual_departuretime":"","sch_tripstarttime":"20:10","sch_tripendtime":"20:10","lastlocationid":0,"currentlocationid":35391,"nextlocationid":0,"currentstop":null,"nextstop":null,"laststop":null,"stopCoveredStatus":0,"heading":31,"lastrefreshon":"30-08-2024 12:54:45","lastreceiveddatetimeflag":0,"tripposition":3}]},{"routeid":2351,"stationid":21043,"stationname":"Mysore Road TollGate","from":"KR Market (Kalasipalya)","to":"Maligondanahalli","routeno":"227-J","distance_on_station":3.708,"centerlat":12.95768,"centerlong":77.55319,"responsecode":200,"isnotify":0,"vehicleDetails":[{"vehicleid":20141,"vehiclenumber":"KA57F0140","servicetypeid":72,"servicetype":"Non AC/Ordinary","centerlat":12.906105,"centerlong":77.519981,"eta":"","sch_arrivaltime":"20:22","sch_departuretime":"20:22","actual_arrivaltime":"","actual_departuretime":"","sch_tripstarttime":"20:10","sch_tripendtime":"20:10","lastlocationid":0,"currentlocationid":35391,"nextlocationid":0,"currentstop":null,"nextstop":null,"laststop":null,"stopCoveredStatus":0,"heading":31,"lastrefreshon":"30-08-2024 12:54:45","lastreceiveddatetimeflag":0,"tripposition":3}]},{"routeid":2351,"stationid":21057,"stationname":"New Guddadahalli","from":"KR Market (Kalasipalya)","to":"Maligondanahalli","routeno":"227-J","distance_on_station":4.31,"centerlat":12.95641,"centerlong":77.54761,"responsecode":200,"isnotify":0,"vehicleDetails":[{"vehicleid":20141,"vehiclenumber":"KA57F0140","servicetypeid":72,"servicetype":"Non AC/Ordinary","centerlat":12.906105,"centerlong":77.519981,"eta":"","sch_arrivaltime":"20:23","sch_departuretime":"20:23","actual_arrivaltime":"","actual_departuretime":"","sch_tripstarttime":"20:10","sch_tripendtime":"20:10","lastlocationid":0,"currentlocationid":35391,"nextlocationid":0,"currentstop":null,"nextstop":null,"laststop":null,"stopCoveredStatus":0,"heading":31,"lastrefreshon":"30-08-2024 12:54:45","lastreceiveddatetimeflag":0,"tripposition":3}]},{"routeid":2351,"stationid":21042,"stationname":"Mysore Road Bus Station","from":"KR Market (Kalasipalya)","to":"Maligondanahalli","routeno":"227-J","distance_on_station":4.863,"centerlat":12.95357,"centerlong":77.54374,"responsecode":200,"isnotify":0,"vehicleDetails":[{"vehicleid":20141,"vehiclenumber":"KA57F0140","servicetypeid":72,"servicetype":"Non AC/Ordinary","centerlat":12.906105,"centerlong":77.519981,"eta":"","sch_arrivaltime":"20:27","sch_departuretime":"20:27","actual_arrivaltime":"","actual_departuretime":"","sch_tripstarttime":"20:10","sch_tripendtime":"20:10","lastlocationid":0,"currentlocationid":35391,"nextlocationid":0,"currentstop":null,"nextstop":null,"laststop":null,"stopCoveredStatus":0,"heading":31,"lastrefreshon":"30-08-2024 12:54:45","lastreceiveddatetimeflag":0,"tripposition":3}]},{"routeid":2351,"stationid":20664,"stationname":"BHEL","from":"KR Market (Kalasipalya)","to":"Maligondanahalli","routeno":"227-J","distance_on_station":5.892,"centerlat":12.94872,"centerlong":77.53583,"responsecode":200,"isnotify":0,"vehicleDetails":[{"vehicleid":20141,"vehiclenumber":"KA57F0140","servicetypeid":72,"servicetype":"Non AC/Ordinary","centerlat":12.906105,"centerlong":77.519981,"eta":"","sch_arrivaltime":"20:31","sch_departuretime":"20:31","actual_arrivaltime":"","actual_departuretime":"","sch_tripstarttime":"20:10","sch_tripendtime":"20:10","lastlocationid":0,"currentlocationid":35391,"nextlocationid":0,"currentstop":null,"nextstop":null,"laststop":null,"stopCoveredStatus":0,"heading":31,"lastrefreshon":"30-08-2024 12:54:45","lastreceiveddatetimeflag":0,"tripposition":3}]},{"routeid":2351,"stationid":23370,"stationname":"Mysore Road Metro Station","from":"KR Market (Kalasipalya)","to":"Maligondanahalli","routeno":"227-J","distance_on_station":6.513,"centerlat":12.94636,"centerlong":77.53046,"responsecode":200,"isnotify":0,"vehicleDetails":[{"vehicleid":20141,"vehiclenumber":"KA57F0140","servicetypeid":72,"servicetype":"Non AC/Ordinary","centerlat":12.906105,"centerlong":77.519981,"eta":"","sch_arrivaltime":"20:32","sch_departuretime":"20:32","actual_arrivaltime":"","actual_departuretime":"","sch_tripstarttime":"20:10","sch_tripendtime":"20:10","lastlocationid":0,"currentlocationid":35391,"nextlocationid":0,"currentstop":null,"nextstop":null,"laststop":null,"stopCoveredStatus":0,"heading":31,"lastrefreshon":"30-08-2024 12:54:45","lastreceiveddatetimeflag":0,"tripposition":3}]},{"routeid":2351,"stationid":21052,"stationname":"Nayandahalli","from":"KR Market (Kalasipalya)","to":"Maligondanahalli","routeno":"227-J","distance_on_station":7.183,"centerlat":12.94268,"centerlong":77.52589,"responsecode":200,"isnotify":0,"vehicleDetails":[{"vehicleid":20141,"vehiclenumber":"KA57F0140","servicetypeid":72,"servicetype":"Non AC/Ordinary","centerlat":12.906105,"centerlong":77.519981,"eta":"","sch_arrivaltime":"20:33","sch_departuretime":"20:33","actual_arrivaltime":"","actual_departuretime":"","sch_tripstarttime":"20:10","sch_tripendtime":"20:10","lastlocationid":0,"currentlocationid":35391,"nextlocationid":0,"currentstop":null,"nextstop":null,"laststop":null,"stopCoveredStatus":0,"heading":31,"lastrefreshon":"30-08-2024 12:54:45","lastreceiveddatetimeflag":0,"tripposition":3}]},{"routeid":2351,"stationid":20690,"stationname":"BWSSB Quarters Nayandahalli","from":"KR Market (Kalasipalya)","to":"Maligondanahalli","routeno":"227-J","distance_on_station":7.513,"centerlat":12.94013,"centerlong":77.52412,"responsecode":200,"isnotify":0,"vehicleDetails":[{"vehicleid":20141,"vehiclenumber":"KA57F0140","servicetypeid":72,"servicetype":"Non AC/Ordinary","centerlat":12.906105,"centerlong":77.519981,"eta":"","sch_arrivaltime":"20:34","sch_departuretime":"20:34","actual_arrivaltime":"","actual_departuretime":"","sch_tripstarttime":"20:10","sch_tripendtime":"20:10","lastlocationid":0,"currentlocationid":35391,"nextlocationid":0,"currentstop":null,"nextstop":null,"laststop":null,"stopCoveredStatus":0,"heading":31,"lastrefreshon":"30-08-2024 12:54:45","lastreceiveddatetimeflag":0,"tripposition":3}]},{"routeid":2351,"stationid":35389,"stationname":"Rajarajeshwari nagara Gate","from":"KR Market (Kalasipalya)","to":"Maligondanahalli","routeno":"227-J","distance_on_station":8.328,"centerlat":12.93631,"centerlong":77.51774,"responsecode":200,"isnotify":0,"vehicleDetails":[{"vehicleid":20141,"vehiclenumber":"KA57F0140","servicetypeid":72,"servicetype":"Non AC/Ordinary","centerlat":12.906105,"centerlong":77.519981,"eta":"","sch_arrivaltime":"20:35","sch_departuretime":"20:35","actual_arrivaltime":"","actual_departuretime":"","sch_tripstarttime":"20:10","sch_tripendtime":"20:10","lastlocationid":0,"currentlocationid":35391,"nextlocationid":0,"currentstop":null,"nextstop":null,"laststop":null,"stopCoveredStatus":0,"heading":31,"lastrefreshon":"30-08-2024 12:54:45","lastreceiveddatetimeflag":0,"tripposition":3}]},{"routeid":2351,"stationid":20648,"stationname":"Bengaluru University Gate","from":"KR Market (Kalasipalya)","to":"Maligondanahalli","routeno":"227-J","distance_on_station":8.872,"centerlat":12.93537,"centerlong":77.51269,"responsecode":200,"isnotify":0,"vehicleDetails":[{"vehicleid":20141,"vehiclenumber":"KA57F0140","servicetypeid":72,"servicetype":"Non AC/Ordinary","centerlat":12.906105,"centerlong":77.519981,"eta":"","sch_arrivaltime":"20:36","sch_departuretime":"20:36","actual_arrivaltime":"","actual_departuretime":"","sch_tripstarttime":"20:10","sch_tripendtime":"20:10","lastlocationid":0,"currentlocationid":35391,"nextlocationid":0,"currentstop":null,"nextstop":null,"laststop":null,"stopCoveredStatus":0,"heading":31,"lastrefreshon":"30-08-2024 12:54:45","lastreceiveddatetimeflag":0,"tripposition":3}]},{"routeid":2351,"stationid":20878,"stationname":"Jayaram Das Factory","from":"KR Market (Kalasipalya)","to":"Maligondanahalli","routeno":"227-J","distance_on_station":9.784,"centerlat":12.93025,"centerlong":77.50594,"responsecode":200,"isnotify":0,"vehicleDetails":[{"vehicleid":20141,"vehiclenumber":"KA57F0140","servicetypeid":72,"servicetype":"Non AC/Ordinary","centerlat":12.906105,"centerlong":77.519981,"eta":"","sch_arrivaltime":"20:37","sch_departuretime":"20:37","actual_arrivaltime":"","actual_departuretime":"","sch_tripstarttime":"20:10","sch_tripendtime":"20:10","lastlocationid":0,"currentlocationid":35391,"nextlocationid":0,"currentstop":null,"nextstop":null,"laststop":null,"stopCoveredStatus":0,"heading":31,"lastrefreshon":"30-08-2024 12:54:45","lastreceiveddatetimeflag":0,"tripposition":3}]},{"routeid":2351,"stationid":35391,"stationname":"RV College","from":"KR Market (Kalasipalya)","to":"Maligondanahalli","routeno":"227-J","distance_on_station":10.687,"centerlat":12.92521,"centerlong":77.49936,"responsecode":200,"isnotify":0,"vehicleDetails":[{"vehicleid":20141,"vehiclenumber":"KA57F0140","servicetypeid":72,"servicetype":"Non AC/Ordinary","centerlat":12.906105,"centerlong":77.519981,"eta":"","sch_arrivaltime":"20:38","sch_departuretime":"20:38","actual_arrivaltime":"","actual_departuretime":"","sch_tripstarttime":"20:10","sch_tripendtime":"20:10","lastlocationid":0,"currentlocationid":35391,"nextlocationid":0,"currentstop":null,"nextstop":null,"laststop":null,"stopCoveredStatus":0,"heading":31,"lastrefreshon":"30-08-2024 12:54:45","lastreceiveddatetimeflag":0,"tripposition":3}]},{"routeid":2351,"stationid":20764,"stationname":"Dubasipalya Cross","from":"KR Market (Kalasipalya)","to":"Maligondanahalli","routeno":"227-J","distance_on_station":11.134,"centerlat":12.92273,"centerlong":77.49603,"responsecode":200,"isnotify":0,"vehicleDetails":[{"vehicleid":20141,"vehiclenumber":"KA57F0140","servicetypeid":72,"servicetype":"Non AC/Ordinary","centerlat":12.906105,"centerlong":77.519981,"eta":"","sch_arrivaltime":"20:39","sch_departuretime":"20:39","actual_arrivaltime":"","actual_departuretime":"","sch_tripstarttime":"20:10","sch_tripendtime":"20:10","lastlocationid":0,"currentlocationid":35391,"nextlocationid":0,"currentstop":null,"nextstop":null,"laststop":null,"stopCoveredStatus":0,"heading":31,"lastrefreshon":"30-08-2024 12:54:45","lastreceiveddatetimeflag":0,"tripposition":3}]},{"routeid":2351,"stationid":21039,"stationname":"Mylasandra Cross","from":"KR Market (Kalasipalya)","to":"Maligondanahalli","routeno":"227-J","distance_on_station":11.949,"centerlat":12.91749,"centerlong":77.49064,"responsecode":200,"isnotify":0,"vehicleDetails":[{"vehicleid":20141,"vehiclenumber":"KA57F0140","servicetypeid":72,"servicetype":"Non AC/Ordinary","centerlat":12.906105,"centerlong":77.519981,"eta":"","sch_arrivaltime":"20:40","sch_departuretime":"20:40","actual_arrivaltime":"","actual_departuretime":"","sch_tripstarttime":"20:10","sch_tripendtime":"20:10","lastlocationid":0,"currentlocationid":35391,"nextlocationid":0,"currentstop":null,"nextstop":null,"laststop":null,"stopCoveredStatus":0,"heading":31,"lastrefreshon":"30-08-2024 12:54:45","lastreceiveddatetimeflag":0,"tripposition":3}]},{"routeid":2351,"stationid":20925,"stationname":"Kengeri Bus Station","from":"KR Market (Kalasipalya)","to":"Maligondanahalli","routeno":"227-J","distance_on_station":12.561,"centerlat":12.91379,"centerlong":77.4871,"responsecode":200,"isnotify":0,"vehicleDetails":[{"vehicleid":20141,"vehiclenumber":"KA57F0140","servicetypeid":72,"servicetype":"Non AC/Ordinary","centerlat":12.906105,"centerlong":77.519981,"eta":"","sch_arrivaltime":"20:43","sch_departuretime":"20:43","actual_arrivaltime":"","actual_departuretime":"","sch_tripstarttime":"20:10","sch_tripendtime":"20:10","lastlocationid":0,"currentlocationid":35391,"nextlocationid":0,"currentstop":null,"nextstop":null,"laststop":null,"stopCoveredStatus":0,"heading":31,"lastrefreshon":"30-08-2024 12:54:45","lastreceiveddatetimeflag":0,"tripposition":3}]},{"routeid":2351,"stationid":21094,"stationname":"Kengeri Police Station","from":"KR Market (Kalasipalya)","to":"Maligondanahalli","routeno":"227-J","distance_on_station":13.395,"centerlat":12.91007,"centerlong":77.48146,"responsecode":200,"isnotify":0,"vehicleDetails":[{"vehicleid":20141,"vehiclenumber":"KA57F0140","servicetypeid":72,"servicetype":"Non AC/Ordinary","centerlat":12.906105,"centerlong":77.519981,"eta":"","sch_arrivaltime":"20:48","sch_departuretime":"20:48","actual_arrivaltime":"","actual_departuretime":"","sch_tripstarttime":"20:10","sch_tripendtime":"20:10","lastlocationid":0,"currentlocationid":35391,"nextlocationid":0,"currentstop":null,"nextstop":null,"laststop":null,"stopCoveredStatus":0,"heading":31,"lastrefreshon":"30-08-2024 12:54:45","lastreceiveddatetimeflag":0,"tripposition":3}]},{"routeid":2351,"stationid":35721,"stationname":"Depot-12 Gate","from":"KR Market (Kalasipalya)","to":"Maligondanahalli","routeno":"227-J","distance_on_station":14.667,"centerlat":12.90471,"centerlong":77.47084,"responsecode":200,"isnotify":0,"vehicleDetails":[{"vehicleid":20141,"vehiclenumber":"KA57F0140","servicetypeid":72,"servicetype":"Non AC/Ordinary","centerlat":12.906105,"centerlong":77.519981,"eta":"","sch_arrivaltime":"20:50","sch_departuretime":"20:50","actual_arrivaltime":"","actual_departuretime":"","sch_tripstarttime":"20:10","sch_tripendtime":"20:10","lastlocationid":0,"currentlocationid":35391,"nextlocationid":0,"currentstop":null,"nextstop":null,"laststop":null,"stopCoveredStatus":0,"heading":31,"lastrefreshon":"30-08-2024 12:54:45","lastreceiveddatetimeflag":0,"tripposition":3}]},{"routeid":2351,"stationid":35386,"stationname":"NICE Road Kengeri Road Junction","from":"KR Market (Kalasipalya)","to":"Maligondanahalli","routeno":"227-J","distance_on_station":14.987,"centerlat":12.90224,"centerlong":77.46926,"responsecode":200,"isnotify":0,"vehicleDetails":[{"vehicleid":20141,"vehiclenumber":"KA57F0140","servicetypeid":72,"servicetype":"Non AC/Ordinary","centerlat":12.906105,"centerlong":77.519981,"eta":"","sch_arrivaltime":"20:51","sch_departuretime":"20:51","actual_arrivaltime":"","actual_departuretime":"","sch_tripstarttime":"20:10","sch_tripendtime":"20:10","lastlocationid":0,"currentlocationid":35391,"nextlocationid":0,"currentstop":null,"nextstop":null,"laststop":null,"stopCoveredStatus":0,"heading":31,"lastrefreshon":"30-08-2024 12:54:45","lastreceiveddatetimeflag":0,"tripposition":3}]},{"routeid":2351,"stationid":20627,"stationname":"Basavanagara Kengeri","from":"KR Market (Kalasipalya)","to":"Maligondanahalli","routeno":"227-J","distance_on_station":15.23,"centerlat":12.90096,"centerlong":77.46736,"responsecode":200,"isnotify":0,"vehicleDetails":[{"vehicleid":20141,"vehiclenumber":"KA57F0140","servicetypeid":72,"servicetype":"Non AC/Ordinary","centerlat":12.906105,"centerlong":77.519981,"eta":"","sch_arrivaltime":"20:52","sch_departuretime":"20:52","actual_arrivaltime":"","actual_departuretime":"","sch_tripstarttime":"20:10","sch_tripendtime":"20:10","lastlocationid":0,"currentlocationid":35391,"nextlocationid":0,"currentstop":null,"nextstop":null,"laststop":null,"stopCoveredStatus":0,"heading":31,"lastrefreshon":"30-08-2024 12:54:45","lastreceiveddatetimeflag":0,"tripposition":3}]},{"routeid":2351,"stationid":35390,"stationname":"RR Medical College","from":"KR Market (Kalasipalya)","to":"Maligondanahalli","routeno":"227-J","distance_on_station":16.094,"centerlat":12.89618,"centerlong":77.46084,"responsecode":200,"isnotify":0,"vehicleDetails":[{"vehicleid":20141,"vehiclenumber":"KA57F0140","servicetypeid":72,"servicetype":"Non AC/Ordinary","centerlat":12.906105,"centerlong":77.519981,"eta":"","sch_arrivaltime":"20:53","sch_departuretime":"20:53","actual_arrivaltime":"","actual_departuretime":"","sch_tripstarttime":"20:10","sch_tripendtime":"20:10","lastlocationid":0,"currentlocationid":35391,"nextlocationid":0,"currentstop":null,"nextstop":null,"laststop":null,"stopCoveredStatus":0,"heading":31,"lastrefreshon":"30-08-2024 12:54:45","lastreceiveddatetimeflag":0,"tripposition":3}]},{"routeid":2351,"stationid":20604,"stationname":"Anchepalya","from":"KR Market (Kalasipalya)","to":"Maligondanahalli","routeno":"227-J","distance_on_station":16.589,"centerlat":12.89261,"centerlong":77.45795,"responsecode":200,"isnotify":0,"vehicleDetails":[{"vehicleid":20141,"vehiclenumber":"KA57F0140","servicetypeid":72,"servicetype":"Non AC/Ordinary","centerlat":12.906105,"centerlong":77.519981,"eta":"","sch_arrivaltime":"20:54","sch_departuretime":"20:54","actual_arrivaltime":"","actual_departuretime":"","sch_tripstarttime":"20:10","sch_tripendtime":"20:10","lastlocationid":0,"currentlocationid":35391,"nextlocationid":0,"currentstop":null,"nextstop":null,"laststop":null,"stopCoveredStatus":0,"heading":31,"lastrefreshon":"30-08-2024 12:54:45","lastreceiveddatetimeflag":0,"tripposition":3}]},{"routeid":2351,"stationid":30476,"stationname":"Juggath Farma","from":"KR Market (Kalasipalya)","to":"Maligondanahalli","routeno":"227-J","distance_on_station":16.938,"centerlat":12.89081,"centerlong":77.45532,"responsecode":200,"isnotify":0,"vehicleDetails":[{"vehicleid":20141,"vehiclenumber":"KA57F0140","servicetypeid":72,"servicetype":"Non AC/Ordinary","centerlat":12.906105,"centerlong":77.519981,"eta":"","sch_arrivaltime":"20:55","sch_departuretime":"20:55","actual_arrivaltime":"","actual_departuretime":"","sch_tripstarttime":"20:10","sch_tripendtime":"20:10","lastlocationid":0,"currentlocationid":35391,"nextlocationid":0,"currentstop":null,"nextstop":null,"laststop":null,"stopCoveredStatus":0,"heading":31,"lastrefreshon":"30-08-2024 12:54:45","lastreceiveddatetimeflag":0,"tripposition":3}]},{"routeid":2351,"stationid":35388,"stationname":"Ramohalli Cross","from":"KR Market (Kalasipalya)","to":"Maligondanahalli","routeno":"227-J","distance_on_station":17.559,"centerlat":12.88674,"centerlong":77.45125,"responsecode":200,"isnotify":0,"vehicleDetails":[{"vehicleid":20141,"vehiclenumber":"KA57F0140","servicetypeid":72,"servicetype":"Non AC/Ordinary","centerlat":12.906105,"centerlong":77.519981,"eta":"","sch_arrivaltime":"20:56","sch_departuretime":"20:56","actual_arrivaltime":"","actual_departuretime":"","sch_tripstarttime":"20:10","sch_tripendtime":"20:10","lastlocationid":0,"currentlocationid":35391,"nextlocationid":0,"currentstop":null,"nextstop":null,"laststop":null,"stopCoveredStatus":0,"heading":31,"lastrefreshon":"30-08-2024 12:54:45","lastreceiveddatetimeflag":0,"tripposition":3}]},{"routeid":2351,"stationid":25386,"stationname":"Gerupalya","from":"KR Market (Kalasipalya)","to":"Maligondanahalli","routeno":"227-J","distance_on_station":18.355,"centerlat":12.88772,"centerlong":77.44429,"responsecode":200,"isnotify":0,"vehicleDetails":[{"vehicleid":20141,"vehiclenumber":"KA57F0140","servicetypeid":72,"servicetype":"Non AC/Ordinary","centerlat":12.906105,"centerlong":77.519981,"eta":"","sch_arrivaltime":"20:59","sch_departuretime":"20:59","actual_arrivaltime":"","actual_departuretime":"","sch_tripstarttime":"20:10","sch_tripendtime":"20:10","lastlocationid":0,"currentlocationid":35391,"nextlocationid":0,"currentstop":null,"nextstop":null,"laststop":null,"stopCoveredStatus":0,"heading":31,"lastrefreshon":"30-08-2024 12:54:45","lastreceiveddatetimeflag":0,"tripposition":3}]},{"routeid":2351,"stationid":34710,"stationname":"Subbarayappanapalya Cross","from":"KR Market (Kalasipalya)","to":"Maligondanahalli","routeno":"227-J","distance_on_station":19.083,"centerlat":12.88926,"centerlong":77.43769,"responsecode":200,"isnotify":0,"vehicleDetails":[{"vehicleid":20141,"vehiclenumber":"KA57F0140","servicetypeid":72,"servicetype":"Non AC/Ordinary","centerlat":12.906105,"centerlong":77.519981,"eta":"","sch_arrivaltime":"21:01","sch_departuretime":"21:01","actual_arrivaltime":"","actual_departuretime":"","sch_tripstarttime":"20:10","sch_tripendtime":"20:10","lastlocationid":0,"currentlocationid":35391,"nextlocationid":0,"currentstop":null,"nextstop":null,"laststop":null,"stopCoveredStatus":0,"heading":31,"lastrefreshon":"30-08-2024 12:54:45","lastreceiveddatetimeflag":0,"tripposition":3}]},{"routeid":2351,"stationid":30010,"stationname":"Bheemanakuppe Cross","from":"KR Market (Kalasipalya)","to":"Maligondanahalli","routeno":"227-J","distance_on_station":19.676,"centerlat":12.89465,"centerlong":77.43682,"responsecode":200,"isnotify":0,"vehicleDetails":[{"vehicleid":20141,"vehiclenumber":"KA57F0140","servicetypeid":72,"servicetype":"Non AC/Ordinary","centerlat":12.906105,"centerlong":77.519981,"eta":"","sch_arrivaltime":"21:02","sch_departuretime":"21:02","actual_arrivaltime":"","actual_departuretime":"","sch_tripstarttime":"20:10","sch_tripendtime":"20:10","lastlocationid":0,"currentlocationid":35391,"nextlocationid":0,"currentstop":null,"nextstop":null,"laststop":null,"stopCoveredStatus":0,"heading":31,"lastrefreshon":"30-08-2024 12:54:45","lastreceiveddatetimeflag":0,"tripposition":3}]},{"routeid":2351,"stationid":33928,"stationname":"MGM School","from":"KR Market (Kalasipalya)","to":"Maligondanahalli","routeno":"227-J","distance_on_station":20.219,"centerlat":12.89757,"centerlong":77.43273,"responsecode":200,"isnotify":0,"vehicleDetails":[{"vehicleid":20141,"vehiclenumber":"KA57F0140","servicetypeid":72,"servicetype":"Non AC/Ordinary","centerlat":12.906105,"centerlong":77.519981,"eta":"","sch_arrivaltime":"21:03","sch_departuretime":"21:03","actual_arrivaltime":"","actual_departuretime":"","sch_tripstarttime":"20:10","sch_tripendtime":"20:10","lastlocationid":0,"currentlocationid":35391,"nextlocationid":0,"currentstop":null,"nextstop":null,"laststop":null,"stopCoveredStatus":0,"heading":31,"lastrefreshon":"30-08-2024 12:54:45","lastreceiveddatetimeflag":0,"tripposition":3}]},{"routeid":2351,"stationid":31839,"stationname":"Vinayakanagara Ramohalli","from":"KR Market (Kalasipalya)","to":"Maligondanahalli","routeno":"227-J","distance_on_station":20.85,"centerlat":12.90287,"centerlong":77.43022,"responsecode":200,"isnotify":0,"vehicleDetails":[{"vehicleid":20141,"vehiclenumber":"KA57F0140","servicetypeid":72,"servicetype":"Non AC/Ordinary","centerlat":12.906105,"centerlong":77.519981,"eta":"","sch_arrivaltime":"21:04","sch_departuretime":"21:04","actual_arrivaltime":"","actual_departuretime":"","sch_tripstarttime":"20:10","sch_tripendtime":"20:10","lastlocationid":0,"currentlocationid":35391,"nextlocationid":0,"currentstop":null,"nextstop":null,"laststop":null,"stopCoveredStatus":0,"heading":31,"lastrefreshon":"30-08-2024 12:54:45","lastreceiveddatetimeflag":0,"tripposition":3}]},{"routeid":2351,"stationid":35671,"stationname":"Ashrama Ramohalli","from":"KR Market (Kalasipalya)","to":"Maligondanahalli","routeno":"227-J","distance_on_station":21.238,"centerlat":12.90617,"centerlong":77.42892,"responsecode":200,"isnotify":0,"vehicleDetails":[{"vehicleid":20141,"vehiclenumber":"KA57F0140","servicetypeid":72,"servicetype":"Non AC/Ordinary","centerlat":12.906105,"centerlong":77.519981,"eta":"","sch_arrivaltime":"21:05","sch_departuretime":"21:05","actual_arrivaltime":"","actual_departuretime":"","sch_tripstarttime":"20:10","sch_tripendtime":"20:10","lastlocationid":0,"currentlocationid":35391,"nextlocationid":0,"currentstop":null,"nextstop":null,"laststop":null,"stopCoveredStatus":0,"heading":31,"lastrefreshon":"30-08-2024 12:54:45","lastreceiveddatetimeflag":0,"tripposition":3}]},{"routeid":2351,"stationid":34377,"stationname":"Ramohalli","from":"KR Market (Kalasipalya)","to":"Maligondanahalli","routeno":"227-J","distance_on_station":22.287,"centerlat":12.907,"centerlong":77.41912,"responsecode":200,"isnotify":0,"vehicleDetails":[{"vehicleid":20141,"vehiclenumber":"KA57F0140","servicetypeid":72,"servicetype":"Non AC/Ordinary","centerlat":12.906105,"centerlong":77.519981,"eta":"","sch_arrivaltime":"21:06","sch_departuretime":"21:06","actual_arrivaltime":"","actual_departuretime":"","sch_tripstarttime":"20:10","sch_tripendtime":"20:10","lastlocationid":0,"currentlocationid":35391,"nextlocationid":0,"currentstop":null,"nextstop":null,"laststop":null,"stopCoveredStatus":0,"heading":31,"lastrefreshon":"30-08-2024 12:54:45","lastreceiveddatetimeflag":0,"tripposition":3}]},{"routeid":2351,"stationid":33764,"stationname":"Maligondanahalli","from":"KR Market (Kalasipalya)","to":"Maligondanahalli","routeno":"227-J","distance_on_station":23.5,"centerlat":12.91606,"centerlong":77.41531,"responsecode":200,"isnotify":0,"vehicleDetails":[{"vehicleid":20141,"vehiclenumber":"KA57F0140","servicetypeid":72,"servicetype":"Non AC/Ordinary","centerlat":12.906105,"centerlong":77.519981,"eta":"","sch_arrivaltime":"21:09","sch_departuretime":"21:09","actual_arrivaltime":"","actual_departuretime":"","sch_tripstarttime":"20:10","sch_tripendtime":"20:10","lastlocationid":0,"currentlocationid":35391,"nextlocationid":0,"currentstop":null,"nextstop":null,"laststop":null,"stopCoveredStatus":0,"heading":31,"lastrefreshon":"30-08-2024 12:54:45","lastreceiveddatetimeflag":0,"tripposition":3}]}],"mapData":[{"vehicleid":20141,"vehiclenumber":"KA57F0140","servicetypeid":72,"servicetype":"Non AC/Ordinary","centerlat":12.906105,"centerlong":77.519981,"eta":"","sch_arrivaltime":"21:09","sch_departuretime":"21:09","actual_arrivaltime":"","actual_departuretime":"","sch_tripstarttime":"20:10","sch_tripendtime":"20:10","lastlocationid":0,"currentlocationid":35391,"nextlocationid":0,"currentstop":null,"nextstop":null,"laststop":null,"stopCoveredStatus":0,"heading":31,"lastrefreshon":"30-08-2024 12:54:45","lastreceiveddatetimeflag":0,"tripposition":3}]},"down":{"data":[],"mapData":[]},"message":"Success","issuccess":true,"exception":null,"rowCount":0,"responsecode":200}