{"up":{"data":[{"routeid":10628,"stationid":20921,"stationname":"Kempegowda Bus Station","from":"Kempegowda Bus Station","to":"Muddinapalya Junction","routeno":"238-U","distance_on_station":0,"centerlat":12.97751,"centerlong":77.57141,"responsecode":200,"isnotify":0,"vehicleDetails":[{"vehicleid":12222,"vehiclenumber":"KA57F2349","servicetypeid":72,"servicetype":"Non AC/Ordinary","centerlat":12.975353,"centerlong":77.554062,"eta":"","sch_arrivaltime":"20:25","sch_departuretime":"20:25","actual_arrivaltime":"21:17","actual_departuretime":"21:18","sch_tripstarttime":"20:25","sch_tripendtime":"20:25","lastlocationid":0,"currentlocationid":38801,"nextlocationid":0,"currentstop":null,"nextstop":null,"laststop":null,"stopCoveredStatus":1,"heading":265,"lastrefreshon":"06-11-2024 21:29:34","lastreceiveddatetimeflag":0,"tripposition":1}]},{"routeid":10628,"stationid":35387,"stationname":"Okalipura","from":"Kempegowda Bus Station","to":"Muddinapalya Junction","routeno":"238-U","distance_on_station":0.839,"centerlat":12.98229,"centerlong":77.56783,"responsecode":200,"isnotify":0,"vehicleDetails":[{"vehicleid":12222,"vehiclenumber":"KA57F2349","servicetypeid":72,"servicetype":"Non AC/Ordinary","centerlat":12.975353,"centerlong":77.554062,"eta":"","sch_arrivaltime":"20:29","sch_departuretime":"20:29","actual_arrivaltime":"21:21","actual_departuretime":"21:21","sch_tripstarttime":"20:25","sch_tripendtime":"20:25","lastlocationid":0,"currentlocationid":38801,"nextlocationid":0,"currentstop":null,"nextstop":null,"laststop":null,"stopCoveredStatus":1,"heading":265,"lastrefreshon":"06-11-2024 21:29:34","lastreceiveddatetimeflag":0,"tripposition":1}]},{"routeid":10628,"stationid":21025,"stationname":"Minerva Mill","from":"Kempegowda Bus Station","to":"Muddinapalya Junction","routeno":"238-U","distance_on_station":1.469,"centerlat":12.9795,"centerlong":77.56445,"responsecode":200,"isnotify":0,"vehicleDetails":[{"vehicleid":12222,"vehiclenumber":"KA57F2349","servicetypeid":72,"servicetype":"Non AC/Ordinary","centerlat":12.975353,"centerlong":77.554062,"eta":"","sch_arrivaltime":"20:30","sch_departuretime":"20:30","actual_arrivaltime":"21:22","actual_departuretime":"21:22","sch_tripstarttime":"20:25","sch_tripendtime":"20:25","lastlocationid":0,"currentlocationid":38801,"nextlocationid":0,"currentstop":null,"nextstop":null,"laststop":null,"stopCoveredStatus":1,"heading":265,"lastrefreshon":"06-11-2024 21:29:34","lastreceiveddatetimeflag":0,"tripposition":1}]},{"routeid":10628,"stationid":20577,"stationname":"1st Cross Magadi Road","from":"Kempegowda Bus Station","to":"Muddinapalya Junction","routeno":"238-U","distance_on_station":2.048,"centerlat":12.97569,"centerlong":77.563,"responsecode":200,"isnotify":0,"vehicleDetails":[{"vehicleid":12222,"vehiclenumber":"KA57F2349","servicetypeid":72,"servicetype":"Non AC/Ordinary","centerlat":12.975353,"centerlong":77.554062,"eta":"","sch_arrivaltime":"20:31","sch_departuretime":"20:31","actual_arrivaltime":"21:26","actual_departuretime":"21:26","sch_tripstarttime":"20:25","sch_tripendtime":"20:25","lastlocationid":0,"currentlocationid":38801,"nextlocationid":0,"currentstop":null,"nextstop":null,"laststop":null,"stopCoveredStatus":1,"heading":265,"lastrefreshon":"06-11-2024 21:29:34","lastreceiveddatetimeflag":0,"tripposition":1}]},{"routeid":10628,"stationid":20584,"stationname":"5th Cross Magadi Road","from":"Kempegowda Bus Station","to":"Muddinapalya Junction","routeno":"238-U","distance_on_station":2.288,"centerlat":12.97567,"centerlong":77.56081,"responsecode":200,"isnotify":0,"vehicleDetails":[{"vehicleid":12222,"vehiclenumber":"KA57F2349","servicetypeid":72,"servicetype":"Non AC/Ordinary","centerlat":12.975353,"centerlong":77.554062,"eta":"","sch_arrivaltime":"20:32","sch_departuretime":"20:32","actual_arrivaltime":"21:27","actual_departuretime":"21:27","sch_tripstarttime":"20:25","sch_tripendtime":"20:25","lastlocationid":0,"currentlocationid":38801,"nextlocationid":0,"currentstop":null,"nextstop":null,"laststop":null,"stopCoveredStatus":1,"heading":265,"lastrefreshon":"06-11-2024 21:29:34","lastreceiveddatetimeflag":0,"tripposition":1}]},{"routeid":10628,"stationid":20558,"stationname":"10th Cross Magadi Road","from":"Kempegowda Bus Station","to":"Muddinapalya Junction","routeno":"238-U","distance_on_station":2.848,"centerlat":12.97556,"centerlong":77.55562,"responsecode":200,"isnotify":0,"vehicleDetails":[{"vehicleid":12222,"vehiclenumber":"KA57F2349","servicetypeid":72,"servicetype":"Non AC/Ordinary","centerlat":12.975353,"centerlong":77.554062,"eta":"2024-11-06 21:30:00","sch_arrivaltime":"20:33","sch_departuretime":"20:33","actual_arrivaltime":"","actual_departuretime":"","sch_tripstarttime":"20:25","sch_tripendtime":"20:25","lastlocationid":0,"currentlocationid":38801,"nextlocationid":0,"currentstop":null,"nextstop":null,"laststop":null,"stopCoveredStatus":0,"heading":265,"lastrefreshon":"06-11-2024 21:29:34","lastreceiveddatetimeflag":0,"tripposition":3}]},{"routeid":10628,"stationid":38801,"stationname":"Magadi Road Metro Station","from":"Kempegowda Bus Station","to":"Muddinapalya Junction","routeno":"238-U","distance_on_station":2.928,"centerlat":12.97553,"centerlong":77.55486,"responsecode":200,"isnotify":0,"vehicleDetails":[{"vehicleid":12222,"vehiclenumber":"KA57F2349","servicetypeid":72,"servicetype":"Non AC/Ordinary","centerlat":12.975353,"centerlong":77.554062,"eta":"2024-11-06 21:31:00","sch_arrivaltime":"20:34","sch_departuretime":"20:34","actual_arrivaltime":"","actual_departuretime":"","sch_tripstarttime":"20:25","sch_tripendtime":"20:25","lastlocationid":0,"currentlocationid":38801,"nextlocationid":0,"currentstop":null,"nextstop":null,"laststop":null,"stopCoveredStatus":0,"heading":265,"lastrefreshon":"06-11-2024 21:29:34","lastreceiveddatetimeflag":0,"tripposition":3}]},{"routeid":10628,"stationid":21101,"stationname":"Prasanna Theatre","from":"Kempegowda Bus Station","to":"Muddinapalya Junction","routeno":"238-U","distance_on_station":3.377,"centerlat":12.97401,"centerlong":77.55122,"responsecode":200,"isnotify":0,"vehicleDetails":[{"vehicleid":12222,"vehiclenumber":"KA57F2349","servicetypeid":72,"servicetype":"Non AC/Ordinary","centerlat":12.975353,"centerlong":77.554062,"eta":"2024-11-06 21:32:00","sch_arrivaltime":"20:35","sch_departuretime":"20:35","actual_arrivaltime":"","actual_departuretime":"","sch_tripstarttime":"20:25","sch_tripendtime":"20:25","lastlocationid":0,"currentlocationid":38801,"nextlocationid":0,"currentstop":null,"nextstop":null,"laststop":null,"stopCoveredStatus":0,"heading":265,"lastrefreshon":"06-11-2024 21:29:34","lastreceiveddatetimeflag":0,"tripposition":3}]},{"routeid":10628,"stationid":20975,"stationname":"Magadi Road TollGate","from":"Kempegowda Bus Station","to":"Muddinapalya Junction","routeno":"238-U","distance_on_station":3.647,"centerlat":12.97437,"centerlong":77.54902,"responsecode":200,"isnotify":0,"vehicleDetails":[{"vehicleid":12222,"vehiclenumber":"KA57F2349","servicetypeid":72,"servicetype":"Non AC/Ordinary","centerlat":12.975353,"centerlong":77.554062,"eta":"2024-11-06 21:33:00","sch_arrivaltime":"20:36","sch_departuretime":"20:36","actual_arrivaltime":"","actual_departuretime":"","sch_tripstarttime":"20:25","sch_tripendtime":"20:25","lastlocationid":0,"currentlocationid":38801,"nextlocationid":0,"currentstop":null,"nextstop":null,"laststop":null,"stopCoveredStatus":0,"heading":265,"lastrefreshon":"06-11-2024 21:29:34","lastreceiveddatetimeflag":0,"tripposition":3}]},{"routeid":10628,"stationid":20996,"stationname":"Manuvana","from":"Kempegowda Bus Station","to":"Muddinapalya Junction","routeno":"238-U","distance_on_station":3.967,"centerlat":12.97401,"centerlong":77.54656,"responsecode":200,"isnotify":0,"vehicleDetails":[{"vehicleid":12222,"vehiclenumber":"KA57F2349","servicetypeid":72,"servicetype":"Non AC/Ordinary","centerlat":12.975353,"centerlong":77.554062,"eta":"2024-11-06 21:34:00","sch_arrivaltime":"20:37","sch_departuretime":"20:37","actual_arrivaltime":"","actual_departuretime":"","sch_tripstarttime":"20:25","sch_tripendtime":"20:25","lastlocationid":0,"currentlocationid":38801,"nextlocationid":0,"currentstop":null,"nextstop":null,"laststop":null,"stopCoveredStatus":0,"heading":265,"lastrefreshon":"06-11-2024 21:29:34","lastreceiveddatetimeflag":0,"tripposition":3}]},{"routeid":10628,"stationid":21269,"stationname":"Vijayanagara Vijaya Bank","from":"Kempegowda Bus Station","to":"Muddinapalya Junction","routeno":"238-U","distance_on_station":4.527,"centerlat":12.97359,"centerlong":77.54155,"responsecode":200,"isnotify":0,"vehicleDetails":[{"vehicleid":12222,"vehiclenumber":"KA57F2349","servicetypeid":72,"servicetype":"Non AC/Ordinary","centerlat":12.975353,"centerlong":77.554062,"eta":"2024-11-06 21:35:00","sch_arrivaltime":"20:38","sch_departuretime":"20:38","actual_arrivaltime":"","actual_departuretime":"","sch_tripstarttime":"20:25","sch_tripendtime":"20:25","lastlocationid":0,"currentlocationid":38801,"nextlocationid":0,"currentstop":null,"nextstop":null,"laststop":null,"stopCoveredStatus":0,"heading":265,"lastrefreshon":"06-11-2024 21:29:34","lastreceiveddatetimeflag":0,"tripposition":3}]},{"routeid":10628,"stationid":35407,"stationname":"Vijayanagara","from":"Kempegowda Bus Station","to":"Muddinapalya Junction","routeno":"238-U","distance_on_station":4.916,"centerlat":12.97311,"centerlong":77.53816,"responsecode":200,"isnotify":0,"vehicleDetails":[{"vehicleid":12222,"vehiclenumber":"KA57F2349","servicetypeid":72,"servicetype":"Non AC/Ordinary","centerlat":12.975353,"centerlong":77.554062,"eta":"2024-11-06 21:36:00","sch_arrivaltime":"20:39","sch_departuretime":"20:39","actual_arrivaltime":"","actual_departuretime":"","sch_tripstarttime":"20:25","sch_tripendtime":"20:25","lastlocationid":0,"currentlocationid":38801,"nextlocationid":0,"currentstop":null,"nextstop":null,"laststop":null,"stopCoveredStatus":0,"heading":265,"lastrefreshon":"06-11-2024 21:29:34","lastreceiveddatetimeflag":0,"tripposition":3}]},{"routeid":10628,"stationid":21977,"stationname":"Govindarajanagara","from":"Kempegowda Bus Station","to":"Muddinapalya Junction","routeno":"238-U","distance_on_station":5.456,"centerlat":12.97559,"centerlong":77.53666,"responsecode":200,"isnotify":0,"vehicleDetails":[{"vehicleid":12222,"vehiclenumber":"KA57F2349","servicetypeid":72,"servicetype":"Non AC/Ordinary","centerlat":12.975353,"centerlong":77.554062,"eta":"2024-11-06 21:38:00","sch_arrivaltime":"20:41","sch_departuretime":"20:41","actual_arrivaltime":"","actual_departuretime":"","sch_tripstarttime":"20:25","sch_tripendtime":"20:25","lastlocationid":0,"currentlocationid":38801,"nextlocationid":0,"currentstop":null,"nextstop":null,"laststop":null,"stopCoveredStatus":0,"heading":265,"lastrefreshon":"06-11-2024 21:29:34","lastreceiveddatetimeflag":0,"tripposition":3}]},{"routeid":10628,"stationid":22405,"stationname":"Prashanth Nagara","from":"Kempegowda Bus Station","to":"Muddinapalya Junction","routeno":"238-U","distance_on_station":6.095,"centerlat":12.97562,"centerlong":77.53124,"responsecode":200,"isnotify":0,"vehicleDetails":[{"vehicleid":12222,"vehiclenumber":"KA57F2349","servicetypeid":72,"servicetype":"Non AC/Ordinary","centerlat":12.975353,"centerlong":77.554062,"eta":"2024-11-06 21:40:00","sch_arrivaltime":"20:42","sch_departuretime":"20:42","actual_arrivaltime":"","actual_departuretime":"","sch_tripstarttime":"20:25","sch_tripendtime":"20:25","lastlocationid":0,"currentlocationid":38801,"nextlocationid":0,"currentstop":null,"nextstop":null,"laststop":null,"stopCoveredStatus":0,"heading":265,"lastrefreshon":"06-11-2024 21:29:34","lastreceiveddatetimeflag":0,"tripposition":3}]},{"routeid":10628,"stationid":28163,"stationname":"Saraswathi Nagara","from":"Kempegowda Bus Station","to":"Muddinapalya Junction","routeno":"238-U","distance_on_station":6.345,"centerlat":12.9736,"centerlong":77.53031,"responsecode":200,"isnotify":0,"vehicleDetails":[{"vehicleid":12222,"vehiclenumber":"KA57F2349","servicetypeid":72,"servicetype":"Non AC/Ordinary","centerlat":12.975353,"centerlong":77.554062,"eta":"2024-11-06 21:41:00","sch_arrivaltime":"20:43","sch_departuretime":"20:43","actual_arrivaltime":"","actual_departuretime":"","sch_tripstarttime":"20:25","sch_tripendtime":"20:25","lastlocationid":0,"currentlocationid":38801,"nextlocationid":0,"currentstop":null,"nextstop":null,"laststop":null,"stopCoveredStatus":0,"heading":265,"lastrefreshon":"06-11-2024 21:29:34","lastreceiveddatetimeflag":0,"tripposition":3}]},{"routeid":10628,"stationid":21588,"stationname":"Priyadarshini Layout","from":"Kempegowda Bus Station","to":"Muddinapalya Junction","routeno":"238-U","distance_on_station":6.875,"centerlat":12.97128,"centerlong":77.52681,"responsecode":200,"isnotify":0,"vehicleDetails":[{"vehicleid":12222,"vehiclenumber":"KA57F2349","servicetypeid":72,"servicetype":"Non AC/Ordinary","centerlat":12.975353,"centerlong":77.554062,"eta":"2024-11-06 21:43:00","sch_arrivaltime":"20:44","sch_departuretime":"20:44","actual_arrivaltime":"","actual_departuretime":"","sch_tripstarttime":"20:25","sch_tripendtime":"20:25","lastlocationid":0,"currentlocationid":38801,"nextlocationid":0,"currentstop":null,"nextstop":null,"laststop":null,"stopCoveredStatus":0,"heading":265,"lastrefreshon":"06-11-2024 21:29:34","lastreceiveddatetimeflag":0,"tripposition":3}]},{"routeid":10628,"stationid":22296,"stationname":"Moodalapalya","from":"Kempegowda Bus Station","to":"Muddinapalya Junction","routeno":"238-U","distance_on_station":7.125,"centerlat":12.97071,"centerlong":77.52499,"responsecode":200,"isnotify":0,"vehicleDetails":[{"vehicleid":12222,"vehiclenumber":"KA57F2349","servicetypeid":72,"servicetype":"Non AC/Ordinary","centerlat":12.975353,"centerlong":77.554062,"eta":"2024-11-06 21:44:00","sch_arrivaltime":"20:45","sch_departuretime":"20:45","actual_arrivaltime":"","actual_departuretime":"","sch_tripstarttime":"20:25","sch_tripendtime":"20:25","lastlocationid":0,"currentlocationid":38801,"nextlocationid":0,"currentstop":null,"nextstop":null,"laststop":null,"stopCoveredStatus":0,"heading":265,"lastrefreshon":"06-11-2024 21:29:34","lastreceiveddatetimeflag":0,"tripposition":3}]},{"routeid":10628,"stationid":22139,"stationname":"Kalyananagara","from":"Kempegowda Bus Station","to":"Muddinapalya Junction","routeno":"238-U","distance_on_station":7.494,"centerlat":12.96753,"centerlong":77.52388,"responsecode":200,"isnotify":0,"vehicleDetails":[{"vehicleid":12222,"vehiclenumber":"KA57F2349","servicetypeid":72,"servicetype":"Non AC/Ordinary","centerlat":12.975353,"centerlong":77.554062,"eta":"2024-11-06 21:46:00","sch_arrivaltime":"20:46","sch_departuretime":"20:46","actual_arrivaltime":"","actual_departuretime":"","sch_tripstarttime":"20:25","sch_tripendtime":"20:25","lastlocationid":0,"currentlocationid":38801,"nextlocationid":0,"currentstop":null,"nextstop":null,"laststop":null,"stopCoveredStatus":0,"heading":265,"lastrefreshon":"06-11-2024 21:29:34","lastreceiveddatetimeflag":0,"tripposition":3}]},{"routeid":10628,"stationid":21798,"stationname":"Byraveshwaranagara","from":"Kempegowda Bus Station","to":"Muddinapalya Junction","routeno":"238-U","distance_on_station":7.774,"centerlat":12.96519,"centerlong":77.52334,"responsecode":200,"isnotify":0,"vehicleDetails":[{"vehicleid":12222,"vehiclenumber":"KA57F2349","servicetypeid":72,"servicetype":"Non AC/Ordinary","centerlat":12.975353,"centerlong":77.554062,"eta":"2024-11-06 21:47:00","sch_arrivaltime":"20:47","sch_departuretime":"20:47","actual_arrivaltime":"","actual_departuretime":"","sch_tripstarttime":"20:25","sch_tripendtime":"20:25","lastlocationid":0,"currentlocationid":38801,"nextlocationid":0,"currentstop":null,"nextstop":null,"laststop":null,"stopCoveredStatus":0,"heading":265,"lastrefreshon":"06-11-2024 21:29:34","lastreceiveddatetimeflag":0,"tripposition":3}]},{"routeid":10628,"stationid":22268,"stationname":"Maruthi Nagara","from":"Kempegowda Bus Station","to":"Muddinapalya Junction","routeno":"238-U","distance_on_station":8.264,"centerlat":12.96176,"centerlong":77.52189,"responsecode":200,"isnotify":0,"vehicleDetails":[{"vehicleid":12222,"vehiclenumber":"KA57F2349","servicetypeid":72,"servicetype":"Non AC/Ordinary","centerlat":12.975353,"centerlong":77.554062,"eta":"2024-11-06 21:48:00","sch_arrivaltime":"20:48","sch_departuretime":"20:48","actual_arrivaltime":"","actual_departuretime":"","sch_tripstarttime":"20:25","sch_tripendtime":"20:25","lastlocationid":0,"currentlocationid":38801,"nextlocationid":0,"currentstop":null,"nextstop":null,"laststop":null,"stopCoveredStatus":0,"heading":265,"lastrefreshon":"06-11-2024 21:29:34","lastreceiveddatetimeflag":0,"tripposition":3}]},{"routeid":10628,"stationid":35384,"stationname":"Nagarabhavi Circle","from":"Kempegowda Bus Station","to":"Muddinapalya Junction","routeno":"238-U","distance_on_station":8.833,"centerlat":12.95843,"centerlong":77.51904,"responsecode":200,"isnotify":0,"vehicleDetails":[{"vehicleid":12222,"vehiclenumber":"KA57F2349","servicetypeid":72,"servicetype":"Non AC/Ordinary","centerlat":12.975353,"centerlong":77.554062,"eta":"2024-11-06 21:50:00","sch_arrivaltime":"20:49","sch_departuretime":"20:49","actual_arrivaltime":"","actual_departuretime":"","sch_tripstarttime":"20:25","sch_tripendtime":"20:25","lastlocationid":0,"currentlocationid":38801,"nextlocationid":0,"currentstop":null,"nextstop":null,"laststop":null,"stopCoveredStatus":0,"heading":265,"lastrefreshon":"06-11-2024 21:29:34","lastreceiveddatetimeflag":0,"tripposition":3}]},{"routeid":10628,"stationid":22249,"stationname":"Manasa Nagara","from":"Kempegowda Bus Station","to":"Muddinapalya Junction","routeno":"238-U","distance_on_station":9.123,"centerlat":12.95881,"centerlong":77.51683,"responsecode":200,"isnotify":0,"vehicleDetails":[{"vehicleid":12222,"vehiclenumber":"KA57F2349","servicetypeid":72,"servicetype":"Non AC/Ordinary","centerlat":12.975353,"centerlong":77.554062,"eta":"2024-11-06 21:51:00","sch_arrivaltime":"20:50","sch_departuretime":"20:50","actual_arrivaltime":"","actual_departuretime":"","sch_tripstarttime":"20:25","sch_tripendtime":"20:25","lastlocationid":0,"currentlocationid":38801,"nextlocationid":0,"currentstop":null,"nextstop":null,"laststop":null,"stopCoveredStatus":0,"heading":265,"lastrefreshon":"06-11-2024 21:29:34","lastreceiveddatetimeflag":0,"tripposition":3}]},{"routeid":10628,"stationid":21581,"stationname":"NGEF Layout Nagarabhavi","from":"Kempegowda Bus Station","to":"Muddinapalya Junction","routeno":"238-U","distance_on_station":9.942,"centerlat":12.96097,"centerlong":77.50983,"responsecode":200,"isnotify":0,"vehicleDetails":[{"vehicleid":12222,"vehiclenumber":"KA57F2349","servicetypeid":72,"servicetype":"Non AC/Ordinary","centerlat":12.975353,"centerlong":77.554062,"eta":"2024-11-06 21:54:00","sch_arrivaltime":"20:51","sch_departuretime":"20:51","actual_arrivaltime":"","actual_departuretime":"","sch_tripstarttime":"20:25","sch_tripendtime":"20:25","lastlocationid":0,"currentlocationid":38801,"nextlocationid":0,"currentstop":null,"nextstop":null,"laststop":null,"stopCoveredStatus":0,"heading":265,"lastrefreshon":"06-11-2024 21:29:34","lastreceiveddatetimeflag":0,"tripposition":3}]},{"routeid":10628,"stationid":21624,"stationname":"Vinayaka Layout Nagarabhavi","from":"Kempegowda Bus Station","to":"Muddinapalya Junction","routeno":"238-U","distance_on_station":10.182,"centerlat":12.96069,"centerlong":77.50759,"responsecode":200,"isnotify":0,"vehicleDetails":[{"vehicleid":12222,"vehiclenumber":"KA57F2349","servicetypeid":72,"servicetype":"Non AC/Ordinary","centerlat":12.975353,"centerlong":77.554062,"eta":"2024-11-06 21:55:00","sch_arrivaltime":"20:52","sch_departuretime":"20:52","actual_arrivaltime":"","actual_departuretime":"","sch_tripstarttime":"20:25","sch_tripendtime":"20:25","lastlocationid":0,"currentlocationid":38801,"nextlocationid":0,"currentstop":null,"nextstop":null,"laststop":null,"stopCoveredStatus":0,"heading":265,"lastrefreshon":"06-11-2024 21:29:34","lastreceiveddatetimeflag":0,"tripposition":3}]},{"routeid":10628,"stationid":22170,"stationname":"Kengunte Circle","from":"Kempegowda Bus Station","to":"Muddinapalya Junction","routeno":"238-U","distance_on_station":10.562,"centerlat":12.96064,"centerlong":77.50435,"responsecode":200,"isnotify":0,"vehicleDetails":[{"vehicleid":12222,"vehiclenumber":"KA57F2349","servicetypeid":72,"servicetype":"Non AC/Ordinary","centerlat":12.975353,"centerlong":77.554062,"eta":"2024-11-06 21:57:00","sch_arrivaltime":"20:53","sch_departuretime":"20:53","actual_arrivaltime":"","actual_departuretime":"","sch_tripstarttime":"20:25","sch_tripendtime":"20:25","lastlocationid":0,"currentlocationid":38801,"nextlocationid":0,"currentstop":null,"nextstop":null,"laststop":null,"stopCoveredStatus":0,"heading":265,"lastrefreshon":"06-11-2024 21:29:34","lastreceiveddatetimeflag":0,"tripposition":3}]},{"routeid":10628,"stationid":21454,"stationname":"Ambedkar Institute of Technology","from":"Kempegowda Bus Station","to":"Muddinapalya Junction","routeno":"238-U","distance_on_station":10.852,"centerlat":12.96319,"centerlong":77.50502,"responsecode":200,"isnotify":0,"vehicleDetails":[{"vehicleid":12222,"vehiclenumber":"KA57F2349","servicetypeid":72,"servicetype":"Non AC/Ordinary","centerlat":12.975353,"centerlong":77.554062,"eta":"2024-11-06 21:58:00","sch_arrivaltime":"20:54","sch_departuretime":"20:54","actual_arrivaltime":"","actual_departuretime":"","sch_tripstarttime":"20:25","sch_tripendtime":"20:25","lastlocationid":0,"currentlocationid":38801,"nextlocationid":0,"currentstop":null,"nextstop":null,"laststop":null,"stopCoveredStatus":0,"heading":265,"lastrefreshon":"06-11-2024 21:29:34","lastreceiveddatetimeflag":0,"tripposition":3}]},{"routeid":10628,"stationid":24817,"stationname":"Deepa Complex","from":"Kempegowda Bus Station","to":"Muddinapalya Junction","routeno":"238-U","distance_on_station":11.251,"centerlat":12.96659,"centerlong":77.50483,"responsecode":200,"isnotify":0,"vehicleDetails":[{"vehicleid":12222,"vehiclenumber":"KA57F2349","servicetypeid":72,"servicetype":"Non AC/Ordinary","centerlat":12.975353,"centerlong":77.554062,"eta":"2024-11-06 21:59:00","sch_arrivaltime":"20:55","sch_departuretime":"20:55","actual_arrivaltime":"","actual_departuretime":"","sch_tripstarttime":"20:25","sch_tripendtime":"20:25","lastlocationid":0,"currentlocationid":38801,"nextlocationid":0,"currentstop":null,"nextstop":null,"laststop":null,"stopCoveredStatus":0,"heading":265,"lastrefreshon":"06-11-2024 21:29:34","lastreceiveddatetimeflag":0,"tripposition":3}]},{"routeid":10628,"stationid":33058,"stationname":"ITI Layout","from":"Kempegowda Bus Station","to":"Muddinapalya Junction","routeno":"238-U","distance_on_station":11.561,"centerlat":12.9678,"centerlong":77.5023,"responsecode":200,"isnotify":0,"vehicleDetails":[{"vehicleid":12222,"vehiclenumber":"KA57F2349","servicetypeid":72,"servicetype":"Non AC/Ordinary","centerlat":12.975353,"centerlong":77.554062,"eta":"2024-11-06 22:00:00","sch_arrivaltime":"20:56","sch_departuretime":"20:56","actual_arrivaltime":"","actual_departuretime":"","sch_tripstarttime":"20:25","sch_tripendtime":"20:25","lastlocationid":0,"currentlocationid":38801,"nextlocationid":0,"currentstop":null,"nextstop":null,"laststop":null,"stopCoveredStatus":0,"heading":265,"lastrefreshon":"06-11-2024 21:29:34","lastreceiveddatetimeflag":0,"tripposition":3}]},{"routeid":10628,"stationid":29207,"stationname":"Nagarabhavi Vishweshwaraiah Sports Club","from":"Kempegowda Bus Station","to":"Muddinapalya Junction","routeno":"238-U","distance_on_station":11.901,"centerlat":12.96909,"centerlong":77.49947,"responsecode":200,"isnotify":0,"vehicleDetails":[{"vehicleid":12222,"vehiclenumber":"KA57F2349","servicetypeid":72,"servicetype":"Non AC/Ordinary","centerlat":12.975353,"centerlong":77.554062,"eta":"2024-11-06 22:01:00","sch_arrivaltime":"20:57","sch_departuretime":"20:57","actual_arrivaltime":"","actual_departuretime":"","sch_tripstarttime":"20:25","sch_tripendtime":"20:25","lastlocationid":0,"currentlocationid":38801,"nextlocationid":0,"currentstop":null,"nextstop":null,"laststop":null,"stopCoveredStatus":0,"heading":265,"lastrefreshon":"06-11-2024 21:29:34","lastreceiveddatetimeflag":0,"tripposition":3}]},{"routeid":10628,"stationid":35463,"stationname":"Annapoorneshwari nagara Cross","from":"Kempegowda Bus Station","to":"Muddinapalya Junction","routeno":"238-U","distance_on_station":12.231,"centerlat":12.96998,"centerlong":77.49655,"responsecode":200,"isnotify":0,"vehicleDetails":[{"vehicleid":12222,"vehiclenumber":"KA57F2349","servicetypeid":72,"servicetype":"Non AC/Ordinary","centerlat":12.975353,"centerlong":77.554062,"eta":"2024-11-06 22:02:00","sch_arrivaltime":"20:58","sch_departuretime":"20:58","actual_arrivaltime":"","actual_departuretime":"","sch_tripstarttime":"20:25","sch_tripendtime":"20:25","lastlocationid":0,"currentlocationid":38801,"nextlocationid":0,"currentstop":null,"nextstop":null,"laststop":null,"stopCoveredStatus":0,"heading":265,"lastrefreshon":"06-11-2024 21:29:34","lastreceiveddatetimeflag":0,"tripposition":3}]},{"routeid":10628,"stationid":33149,"stationname":"Muddinapalya Junction","from":"Kempegowda Bus Station","to":"Muddinapalya Junction","routeno":"238-U","distance_on_station":13.2,"centerlat":12.97138,"centerlong":77.48793,"responsecode":200,"isnotify":0,"vehicleDetails":[{"vehicleid":12222,"vehiclenumber":"KA57F2349","servicetypeid":72,"servicetype":"Non AC/Ordinary","centerlat":12.975353,"centerlong":77.554062,"eta":"2024-11-06 22:06:00","sch_arrivaltime":"21:00","sch_departuretime":"21:00","actual_arrivaltime":"","actual_departuretime":"","sch_tripstarttime":"20:25","sch_tripendtime":"20:25","lastlocationid":0,"currentlocationid":38801,"nextlocationid":0,"currentstop":null,"nextstop":null,"laststop":null,"stopCoveredStatus":0,"heading":265,"lastrefreshon":"06-11-2024 21:29:34","lastreceiveddatetimeflag":0,"tripposition":1}]}],"mapData":[{"vehicleid":12222,"vehiclenumber":"KA57F2349","servicetypeid":72,"servicetype":"Non AC/Ordinary","centerlat":12.975353,"centerlong":77.554062,"eta":"2024-11-06 22:06:00","sch_arrivaltime":"21:00","sch_departuretime":"21:00","actual_arrivaltime":"","actual_departuretime":"","sch_tripstarttime":"20:25","sch_tripendtime":"20:25","lastlocationid":0,"currentlocationid":38801,"nextlocationid":0,"currentstop":null,"nextstop":null,"laststop":null,"stopCoveredStatus":0,"heading":265,"lastrefreshon":"06-11-2024 21:29:34","lastreceiveddatetimeflag":0,"tripposition":1}]},"down":{"data":[{"routeid":10629,"stationid":30384,"stationname":"Muddayanapalya Junction","from":"Muddayanapalya Junction","to":"Kempegowda Bus Station","routeno":"238-U","distance_on_station":0,"centerlat":12.97138,"centerlong":77.48809,"responsecode":200,"isnotify":0,"vehicleDetails":[{"vehicleid":11737,"vehiclenumber":"KA57F2881","servicetypeid":72,"servicetype":"Non AC/Ordinary","centerlat":12.951003,"centerlong":77.536545,"eta":"","sch_arrivaltime":"19:00","sch_departuretime":"19:00","actual_arrivaltime":"19:51","actual_departuretime":"19:51","sch_tripstarttime":"19:00","sch_tripendtime":"19:00","lastlocationid":0,"currentlocationid":21569,"nextlocationid":0,"currentstop":null,"nextstop":null,"laststop":null,"stopCoveredStatus":1,"heading":220,"lastrefreshon":"06-11-2024 21:28:57","lastreceiveddatetimeflag":0,"tripposition":1},{"vehicleid":19164,"vehiclenumber":"KA57F2891","servicetypeid":72,"servicetype":"Non AC/Ordinary","centerlat":12.979762,"centerlong":77.572227,"eta":"","sch_arrivaltime":"20:40","sch_departuretime":"20:40","actual_arrivaltime":"20:43","actual_departuretime":"20:43","sch_tripstarttime":"20:40","sch_tripendtime":"20:40","lastlocationid":0,"currentlocationid":20922,"nextlocationid":0,"currentstop":null,"nextstop":null,"laststop":null,"stopCoveredStatus":1,"heading":175,"lastrefreshon":"06-11-2024 21:29:16","lastreceiveddatetimeflag":0,"tripposition":1},{"vehicleid":22044,"vehiclenumber":"KA57F0578","servicetypeid":72,"servicetype":"Non AC/Ordinary","centerlat":12.970005,"centerlong":77.49292,"eta":"","sch_arrivaltime":"21:35","sch_departuretime":"21:35","actual_arrivaltime":"21:27","actual_departuretime":"21:27","sch_tripstarttime":"21:35","sch_tripendtime":"21:35","lastlocationid":0,"currentlocationid":29540,"nextlocationid":0,"currentstop":null,"nextstop":null,"laststop":null,"stopCoveredStatus":1,"heading":77,"lastrefreshon":"06-11-2024 21:28:32","lastreceiveddatetimeflag":0,"tripposition":1}]},{"routeid":10629,"stationid":29540,"stationname":"Annapoorneshwarinagara Cross","from":"Muddayanapalya Junction","to":"Kempegowda Bus Station","routeno":"238-U","distance_on_station":0.983,"centerlat":12.97002,"centerlong":77.49658,"responsecode":200,"isnotify":0,"vehicleDetails":[{"vehicleid":11737,"vehiclenumber":"KA57F2881","servicetypeid":72,"servicetype":"Non AC/Ordinary","centerlat":12.951003,"centerlong":77.536545,"eta":"","sch_arrivaltime":"19:02","sch_departuretime":"19:02","actual_arrivaltime":"19:55","actual_departuretime":"19:55","sch_tripstarttime":"19:00","sch_tripendtime":"19:00","lastlocationid":0,"currentlocationid":21569,"nextlocationid":0,"currentstop":null,"nextstop":null,"laststop":null,"stopCoveredStatus":1,"heading":220,"lastrefreshon":"06-11-2024 21:28:57","lastreceiveddatetimeflag":0,"tripposition":1},{"vehicleid":19164,"vehiclenumber":"KA57F2891","servicetypeid":72,"servicetype":"Non AC/Ordinary","centerlat":12.979762,"centerlong":77.572227,"eta":"","sch_arrivaltime":"20:42","sch_departuretime":"20:42","actual_arrivaltime":"20:46","actual_departuretime":"20:47","sch_tripstarttime":"20:40","sch_tripendtime":"20:40","lastlocationid":0,"currentlocationid":20922,"nextlocationid":0,"currentstop":null,"nextstop":null,"laststop":null,"stopCoveredStatus":1,"heading":175,"lastrefreshon":"06-11-2024 21:29:16","lastreceiveddatetimeflag":0,"tripposition":1},{"vehicleid":22044,"vehiclenumber":"KA57F0578","servicetypeid":72,"servicetype":"Non AC/Ordinary","centerlat":12.970005,"centerlong":77.49292,"eta":"2024-11-06 21:30:00","sch_arrivaltime":"21:37","sch_departuretime":"21:37","actual_arrivaltime":"","actual_departuretime":"","sch_tripstarttime":"21:35","sch_tripendtime":"21:35","lastlocationid":0,"currentlocationid":29540,"nextlocationid":0,"currentstop":null,"nextstop":null,"laststop":null,"stopCoveredStatus":0,"heading":77,"lastrefreshon":"06-11-2024 21:28:32","lastreceiveddatetimeflag":0,"tripposition":3}]},{"routeid":10629,"stationid":34042,"stationname":"Nagarabhavi Vishweshwaraiah Sports Club","from":"Muddayanapalya Junction","to":"Kempegowda Bus Station","routeno":"238-U","distance_on_station":1.334,"centerlat":12.96913,"centerlong":77.49957,"responsecode":200,"isnotify":0,"vehicleDetails":[{"vehicleid":11737,"vehiclenumber":"KA57F2881","servicetypeid":72,"servicetype":"Non AC/Ordinary","centerlat":12.951003,"centerlong":77.536545,"eta":"","sch_arrivaltime":"19:03","sch_departuretime":"19:03","actual_arrivaltime":"19:56","actual_departuretime":"19:56","sch_tripstarttime":"19:00","sch_tripendtime":"19:00","lastlocationid":0,"currentlocationid":21569,"nextlocationid":0,"currentstop":null,"nextstop":null,"laststop":null,"stopCoveredStatus":1,"heading":220,"lastrefreshon":"06-11-2024 21:28:57","lastreceiveddatetimeflag":0,"tripposition":1},{"vehicleid":19164,"vehiclenumber":"KA57F2891","servicetypeid":72,"servicetype":"Non AC/Ordinary","centerlat":12.979762,"centerlong":77.572227,"eta":"","sch_arrivaltime":"20:43","sch_departuretime":"20:43","actual_arrivaltime":"","actual_departuretime":"","sch_tripstarttime":"20:40","sch_tripendtime":"20:40","lastlocationid":0,"currentlocationid":20922,"nextlocationid":0,"currentstop":null,"nextstop":null,"laststop":null,"stopCoveredStatus":1,"heading":175,"lastrefreshon":"06-11-2024 21:29:16","lastreceiveddatetimeflag":0,"tripposition":3},{"vehicleid":22044,"vehiclenumber":"KA57F0578","servicetypeid":72,"servicetype":"Non AC/Ordinary","centerlat":12.970005,"centerlong":77.49292,"eta":"2024-11-06 21:31:00","sch_arrivaltime":"21:38","sch_departuretime":"21:38","actual_arrivaltime":"","actual_departuretime":"","sch_tripstarttime":"21:35","sch_tripendtime":"21:35","lastlocationid":0,"currentlocationid":29540,"nextlocationid":0,"currentstop":null,"nextstop":null,"laststop":null,"stopCoveredStatus":0,"heading":77,"lastrefreshon":"06-11-2024 21:28:32","lastreceiveddatetimeflag":0,"tripposition":3}]},{"routeid":10629,"stationid":33059,"stationname":"ITI Layout","from":"Muddayanapalya Junction","to":"Kempegowda Bus Station","routeno":"238-U","distance_on_station":1.665,"centerlat":12.9679,"centerlong":77.50217,"responsecode":200,"isnotify":0,"vehicleDetails":[{"vehicleid":11737,"vehiclenumber":"KA57F2881","servicetypeid":72,"servicetype":"Non AC/Ordinary","centerlat":12.951003,"centerlong":77.536545,"eta":"","sch_arrivaltime":"19:04","sch_departuretime":"19:04","actual_arrivaltime":"19:57","actual_departuretime":"19:58","sch_tripstarttime":"19:00","sch_tripendtime":"19:00","lastlocationid":0,"currentlocationid":21569,"nextlocationid":0,"currentstop":null,"nextstop":null,"laststop":null,"stopCoveredStatus":1,"heading":220,"lastrefreshon":"06-11-2024 21:28:57","lastreceiveddatetimeflag":0,"tripposition":1},{"vehicleid":19164,"vehiclenumber":"KA57F2891","servicetypeid":72,"servicetype":"Non AC/Ordinary","centerlat":12.979762,"centerlong":77.572227,"eta":"","sch_arrivaltime":"20:44","sch_departuretime":"20:44","actual_arrivaltime":"20:48","actual_departuretime":"20:48","sch_tripstarttime":"20:40","sch_tripendtime":"20:40","lastlocationid":0,"currentlocationid":20922,"nextlocationid":0,"currentstop":null,"nextstop":null,"laststop":null,"stopCoveredStatus":1,"heading":175,"lastrefreshon":"06-11-2024 21:29:16","lastreceiveddatetimeflag":0,"tripposition":1},{"vehicleid":22044,"vehiclenumber":"KA57F0578","servicetypeid":72,"servicetype":"Non AC/Ordinary","centerlat":12.970005,"centerlong":77.49292,"eta":"2024-11-06 21:32:00","sch_arrivaltime":"21:39","sch_departuretime":"21:39","actual_arrivaltime":"","actual_departuretime":"","sch_tripstarttime":"21:35","sch_tripendtime":"21:35","lastlocationid":0,"currentlocationid":29540,"nextlocationid":0,"currentstop":null,"nextstop":null,"laststop":null,"stopCoveredStatus":0,"heading":77,"lastrefreshon":"06-11-2024 21:28:32","lastreceiveddatetimeflag":0,"tripposition":3}]},{"routeid":10629,"stationid":35406,"stationname":"Deepa Complex","from":"Muddayanapalya Junction","to":"Kempegowda Bus Station","routeno":"238-U","distance_on_station":2.058,"centerlat":12.96636,"centerlong":77.50508,"responsecode":200,"isnotify":0,"vehicleDetails":[{"vehicleid":11737,"vehiclenumber":"KA57F2881","servicetypeid":72,"servicetype":"Non AC/Ordinary","centerlat":12.951003,"centerlong":77.536545,"eta":"","sch_arrivaltime":"19:05","sch_departuretime":"19:05","actual_arrivaltime":"19:59","actual_departuretime":"20:00","sch_tripstarttime":"19:00","sch_tripendtime":"19:00","lastlocationid":0,"currentlocationid":21569,"nextlocationid":0,"currentstop":null,"nextstop":null,"laststop":null,"stopCoveredStatus":1,"heading":220,"lastrefreshon":"06-11-2024 21:28:57","lastreceiveddatetimeflag":0,"tripposition":1},{"vehicleid":19164,"vehiclenumber":"KA57F2891","servicetypeid":72,"servicetype":"Non AC/Ordinary","centerlat":12.979762,"centerlong":77.572227,"eta":"","sch_arrivaltime":"20:45","sch_departuretime":"20:45","actual_arrivaltime":"20:49","actual_departuretime":"20:50","sch_tripstarttime":"20:40","sch_tripendtime":"20:40","lastlocationid":0,"currentlocationid":20922,"nextlocationid":0,"currentstop":null,"nextstop":null,"laststop":null,"stopCoveredStatus":1,"heading":175,"lastrefreshon":"06-11-2024 21:29:16","lastreceiveddatetimeflag":0,"tripposition":1},{"vehicleid":22044,"vehiclenumber":"KA57F0578","servicetypeid":72,"servicetype":"Non AC/Ordinary","centerlat":12.970005,"centerlong":77.49292,"eta":"2024-11-06 21:33:00","sch_arrivaltime":"21:40","sch_departuretime":"21:40","actual_arrivaltime":"","actual_departuretime":"","sch_tripstarttime":"21:35","sch_tripendtime":"21:35","lastlocationid":0,"currentlocationid":29540,"nextlocationid":0,"currentstop":null,"nextstop":null,"laststop":null,"stopCoveredStatus":0,"heading":77,"lastrefreshon":"06-11-2024 21:28:32","lastreceiveddatetimeflag":0,"tripposition":3}]},{"routeid":10629,"stationid":21643,"stationname":"Ambedkar Institute of Technology","from":"Muddayanapalya Junction","to":"Kempegowda Bus Station","routeno":"238-U","distance_on_station":2.41,"centerlat":12.96338,"centerlong":77.50515,"responsecode":200,"isnotify":0,"vehicleDetails":[{"vehicleid":11737,"vehiclenumber":"KA57F2881","servicetypeid":72,"servicetype":"Non AC/Ordinary","centerlat":12.951003,"centerlong":77.536545,"eta":"","sch_arrivaltime":"19:06","sch_departuretime":"19:06","actual_arrivaltime":"20:00","actual_departuretime":"20:01","sch_tripstarttime":"19:00","sch_tripendtime":"19:00","lastlocationid":0,"currentlocationid":21569,"nextlocationid":0,"currentstop":null,"nextstop":null,"laststop":null,"stopCoveredStatus":1,"heading":220,"lastrefreshon":"06-11-2024 21:28:57","lastreceiveddatetimeflag":0,"tripposition":1},{"vehicleid":19164,"vehiclenumber":"KA57F2891","servicetypeid":72,"servicetype":"Non AC/Ordinary","centerlat":12.979762,"centerlong":77.572227,"eta":"","sch_arrivaltime":"20:46","sch_departuretime":"20:46","actual_arrivaltime":"20:50","actual_departuretime":"20:50","sch_tripstarttime":"20:40","sch_tripendtime":"20:40","lastlocationid":0,"currentlocationid":20922,"nextlocationid":0,"currentstop":null,"nextstop":null,"laststop":null,"stopCoveredStatus":1,"heading":175,"lastrefreshon":"06-11-2024 21:29:16","lastreceiveddatetimeflag":0,"tripposition":1},{"vehicleid":22044,"vehiclenumber":"KA57F0578","servicetypeid":72,"servicetype":"Non AC/Ordinary","centerlat":12.970005,"centerlong":77.49292,"eta":"2024-11-06 21:34:00","sch_arrivaltime":"21:41","sch_departuretime":"21:41","actual_arrivaltime":"","actual_departuretime":"","sch_tripstarttime":"21:35","sch_tripendtime":"21:35","lastlocationid":0,"currentlocationid":29540,"nextlocationid":0,"currentstop":null,"nextstop":null,"laststop":null,"stopCoveredStatus":0,"heading":77,"lastrefreshon":"06-11-2024 21:28:32","lastreceiveddatetimeflag":0,"tripposition":3}]},{"routeid":10629,"stationid":22171,"stationname":"Kengunte Circle","from":"Muddayanapalya Junction","to":"Kempegowda Bus Station","routeno":"238-U","distance_on_station":2.782,"centerlat":12.96045,"centerlong":77.50473,"responsecode":200,"isnotify":0,"vehicleDetails":[{"vehicleid":11737,"vehiclenumber":"KA57F2881","servicetypeid":72,"servicetype":"Non AC/Ordinary","centerlat":12.951003,"centerlong":77.536545,"eta":"","sch_arrivaltime":"19:07","sch_departuretime":"19:07","actual_arrivaltime":"20:02","actual_departuretime":"20:06","sch_tripstarttime":"19:00","sch_tripendtime":"19:00","lastlocationid":0,"currentlocationid":21569,"nextlocationid":0,"currentstop":null,"nextstop":null,"laststop":null,"stopCoveredStatus":1,"heading":220,"lastrefreshon":"06-11-2024 21:28:57","lastreceiveddatetimeflag":0,"tripposition":1},{"vehicleid":19164,"vehiclenumber":"KA57F2891","servicetypeid":72,"servicetype":"Non AC/Ordinary","centerlat":12.979762,"centerlong":77.572227,"eta":"","sch_arrivaltime":"20:47","sch_departuretime":"20:47","actual_arrivaltime":"20:51","actual_departuretime":"20:52","sch_tripstarttime":"20:40","sch_tripendtime":"20:40","lastlocationid":0,"currentlocationid":20922,"nextlocationid":0,"currentstop":null,"nextstop":null,"laststop":null,"stopCoveredStatus":1,"heading":175,"lastrefreshon":"06-11-2024 21:29:16","lastreceiveddatetimeflag":0,"tripposition":1},{"vehicleid":22044,"vehiclenumber":"KA57F0578","servicetypeid":72,"servicetype":"Non AC/Ordinary","centerlat":12.970005,"centerlong":77.49292,"eta":"2024-11-06 21:35:00","sch_arrivaltime":"21:42","sch_departuretime":"21:42","actual_arrivaltime":"","actual_departuretime":"","sch_tripstarttime":"21:35","sch_tripendtime":"21:35","lastlocationid":0,"currentlocationid":29540,"nextlocationid":0,"currentstop":null,"nextstop":null,"laststop":null,"stopCoveredStatus":0,"heading":77,"lastrefreshon":"06-11-2024 21:28:32","lastreceiveddatetimeflag":0,"tripposition":3}]},{"routeid":10629,"stationid":22610,"stationname":"Vinayaka Layout Nagarabhavi","from":"Muddayanapalya Junction","to":"Kempegowda Bus Station","routeno":"238-U","distance_on_station":3.092,"centerlat":12.96076,"centerlong":77.50745,"responsecode":200,"isnotify":0,"vehicleDetails":[{"vehicleid":11737,"vehiclenumber":"KA57F2881","servicetypeid":72,"servicetype":"Non AC/Ordinary","centerlat":12.951003,"centerlong":77.536545,"eta":"","sch_arrivaltime":"19:08","sch_departuretime":"19:08","actual_arrivaltime":"20:07","actual_departuretime":"20:07","sch_tripstarttime":"19:00","sch_tripendtime":"19:00","lastlocationid":0,"currentlocationid":21569,"nextlocationid":0,"currentstop":null,"nextstop":null,"laststop":null,"stopCoveredStatus":1,"heading":220,"lastrefreshon":"06-11-2024 21:28:57","lastreceiveddatetimeflag":0,"tripposition":1},{"vehicleid":19164,"vehiclenumber":"KA57F2891","servicetypeid":72,"servicetype":"Non AC/Ordinary","centerlat":12.979762,"centerlong":77.572227,"eta":"","sch_arrivaltime":"20:48","sch_departuretime":"20:48","actual_arrivaltime":"20:52","actual_departuretime":"20:52","sch_tripstarttime":"20:40","sch_tripendtime":"20:40","lastlocationid":0,"currentlocationid":20922,"nextlocationid":0,"currentstop":null,"nextstop":null,"laststop":null,"stopCoveredStatus":1,"heading":175,"lastrefreshon":"06-11-2024 21:29:16","lastreceiveddatetimeflag":0,"tripposition":1},{"vehicleid":22044,"vehiclenumber":"KA57F0578","servicetypeid":72,"servicetype":"Non AC/Ordinary","centerlat":12.970005,"centerlong":77.49292,"eta":"2024-11-06 21:36:00","sch_arrivaltime":"21:43","sch_departuretime":"21:43","actual_arrivaltime":"","actual_departuretime":"","sch_tripstarttime":"21:35","sch_tripendtime":"21:35","lastlocationid":0,"currentlocationid":29540,"nextlocationid":0,"currentstop":null,"nextstop":null,"laststop":null,"stopCoveredStatus":0,"heading":77,"lastrefreshon":"06-11-2024 21:28:32","lastreceiveddatetimeflag":0,"tripposition":3}]},{"routeid":10629,"stationid":22362,"stationname":"NGEF Layout Nagarabhavi","from":"Muddayanapalya Junction","to":"Kempegowda Bus Station","routeno":"238-U","distance_on_station":3.351,"centerlat":12.96104,"centerlong":77.50972,"responsecode":200,"isnotify":0,"vehicleDetails":[{"vehicleid":11737,"vehiclenumber":"KA57F2881","servicetypeid":72,"servicetype":"Non AC/Ordinary","centerlat":12.951003,"centerlong":77.536545,"eta":"","sch_arrivaltime":"19:09","sch_departuretime":"19:09","actual_arrivaltime":"20:07","actual_departuretime":"20:08","sch_tripstarttime":"19:00","sch_tripendtime":"19:00","lastlocationid":0,"currentlocationid":21569,"nextlocationid":0,"currentstop":null,"nextstop":null,"laststop":null,"stopCoveredStatus":1,"heading":220,"lastrefreshon":"06-11-2024 21:28:57","lastreceiveddatetimeflag":0,"tripposition":1},{"vehicleid":19164,"vehiclenumber":"KA57F2891","servicetypeid":72,"servicetype":"Non AC/Ordinary","centerlat":12.979762,"centerlong":77.572227,"eta":"","sch_arrivaltime":"20:49","sch_departuretime":"20:49","actual_arrivaltime":"20:53","actual_departuretime":"20:53","sch_tripstarttime":"20:40","sch_tripendtime":"20:40","lastlocationid":0,"currentlocationid":20922,"nextlocationid":0,"currentstop":null,"nextstop":null,"laststop":null,"stopCoveredStatus":1,"heading":175,"lastrefreshon":"06-11-2024 21:29:16","lastreceiveddatetimeflag":0,"tripposition":1},{"vehicleid":22044,"vehiclenumber":"KA57F0578","servicetypeid":72,"servicetype":"Non AC/Ordinary","centerlat":12.970005,"centerlong":77.49292,"eta":"2024-11-06 21:37:00","sch_arrivaltime":"21:44","sch_departuretime":"21:44","actual_arrivaltime":"","actual_departuretime":"","sch_tripstarttime":"21:35","sch_tripendtime":"21:35","lastlocationid":0,"currentlocationid":29540,"nextlocationid":0,"currentstop":null,"nextstop":null,"laststop":null,"stopCoveredStatus":0,"heading":77,"lastrefreshon":"06-11-2024 21:28:32","lastreceiveddatetimeflag":0,"tripposition":3}]},{"routeid":10629,"stationid":21630,"stationname":"12th Block Nagarabhavi","from":"Muddayanapalya Junction","to":"Kempegowda Bus Station","routeno":"238-U","distance_on_station":3.785,"centerlat":12.96076,"centerlong":77.51351,"responsecode":200,"isnotify":0,"vehicleDetails":[{"vehicleid":11737,"vehiclenumber":"KA57F2881","servicetypeid":72,"servicetype":"Non AC/Ordinary","centerlat":12.951003,"centerlong":77.536545,"eta":"","sch_arrivaltime":"19:10","sch_departuretime":"19:10","actual_arrivaltime":"","actual_departuretime":"","sch_tripstarttime":"19:00","sch_tripendtime":"19:00","lastlocationid":0,"currentlocationid":21569,"nextlocationid":0,"currentstop":null,"nextstop":null,"laststop":null,"stopCoveredStatus":1,"heading":220,"lastrefreshon":"06-11-2024 21:28:57","lastreceiveddatetimeflag":0,"tripposition":3},{"vehicleid":19164,"vehiclenumber":"KA57F2891","servicetypeid":72,"servicetype":"Non AC/Ordinary","centerlat":12.979762,"centerlong":77.572227,"eta":"","sch_arrivaltime":"20:50","sch_departuretime":"20:50","actual_arrivaltime":"20:55","actual_departuretime":"20:55","sch_tripstarttime":"20:40","sch_tripendtime":"20:40","lastlocationid":0,"currentlocationid":20922,"nextlocationid":0,"currentstop":null,"nextstop":null,"laststop":null,"stopCoveredStatus":1,"heading":175,"lastrefreshon":"06-11-2024 21:29:16","lastreceiveddatetimeflag":0,"tripposition":1},{"vehicleid":22044,"vehiclenumber":"KA57F0578","servicetypeid":72,"servicetype":"Non AC/Ordinary","centerlat":12.970005,"centerlong":77.49292,"eta":"2024-11-06 21:38:00","sch_arrivaltime":"21:45","sch_departuretime":"21:45","actual_arrivaltime":"","actual_departuretime":"","sch_tripstarttime":"21:35","sch_tripendtime":"21:35","lastlocationid":0,"currentlocationid":29540,"nextlocationid":0,"currentstop":null,"nextstop":null,"laststop":null,"stopCoveredStatus":0,"heading":77,"lastrefreshon":"06-11-2024 21:28:32","lastreceiveddatetimeflag":0,"tripposition":3}]},{"routeid":10629,"stationid":22248,"stationname":"Manasa Nagara","from":"Muddayanapalya Junction","to":"Kempegowda Bus Station","routeno":"238-U","distance_on_station":4.189,"centerlat":12.95925,"centerlong":77.51674,"responsecode":200,"isnotify":0,"vehicleDetails":[{"vehicleid":11737,"vehiclenumber":"KA57F2881","servicetypeid":72,"servicetype":"Non AC/Ordinary","centerlat":12.951003,"centerlong":77.536545,"eta":"","sch_arrivaltime":"19:11","sch_departuretime":"19:11","actual_arrivaltime":"20:12","actual_departuretime":"20:12","sch_tripstarttime":"19:00","sch_tripendtime":"19:00","lastlocationid":0,"currentlocationid":21569,"nextlocationid":0,"currentstop":null,"nextstop":null,"laststop":null,"stopCoveredStatus":1,"heading":220,"lastrefreshon":"06-11-2024 21:28:57","lastreceiveddatetimeflag":0,"tripposition":1},{"vehicleid":19164,"vehiclenumber":"KA57F2891","servicetypeid":72,"servicetype":"Non AC/Ordinary","centerlat":12.979762,"centerlong":77.572227,"eta":"","sch_arrivaltime":"20:51","sch_departuretime":"20:51","actual_arrivaltime":"20:56","actual_departuretime":"20:56","sch_tripstarttime":"20:40","sch_tripendtime":"20:40","lastlocationid":0,"currentlocationid":20922,"nextlocationid":0,"currentstop":null,"nextstop":null,"laststop":null,"stopCoveredStatus":1,"heading":175,"lastrefreshon":"06-11-2024 21:29:16","lastreceiveddatetimeflag":0,"tripposition":1},{"vehicleid":22044,"vehiclenumber":"KA57F0578","servicetypeid":72,"servicetype":"Non AC/Ordinary","centerlat":12.970005,"centerlong":77.49292,"eta":"2024-11-06 21:39:00","sch_arrivaltime":"21:46","sch_departuretime":"21:46","actual_arrivaltime":"","actual_departuretime":"","sch_tripstarttime":"21:35","sch_tripendtime":"21:35","lastlocationid":0,"currentlocationid":29540,"nextlocationid":0,"currentstop":null,"nextstop":null,"laststop":null,"stopCoveredStatus":0,"heading":77,"lastrefreshon":"06-11-2024 21:28:32","lastreceiveddatetimeflag":0,"tripposition":3}]},{"routeid":10629,"stationid":21577,"stationname":"Nagarabhavi Circle","from":"Muddayanapalya Junction","to":"Kempegowda Bus Station","routeno":"238-U","distance_on_station":4.664,"centerlat":12.9601,"centerlong":77.51982,"responsecode":200,"isnotify":0,"vehicleDetails":[{"vehicleid":11737,"vehiclenumber":"KA57F2881","servicetypeid":72,"servicetype":"Non AC/Ordinary","centerlat":12.951003,"centerlong":77.536545,"eta":"","sch_arrivaltime":"19:12","sch_departuretime":"19:12","actual_arrivaltime":"","actual_departuretime":"","sch_tripstarttime":"19:00","sch_tripendtime":"19:00","lastlocationid":0,"currentlocationid":21569,"nextlocationid":0,"currentstop":null,"nextstop":null,"laststop":null,"stopCoveredStatus":1,"heading":220,"lastrefreshon":"06-11-2024 21:28:57","lastreceiveddatetimeflag":0,"tripposition":3},{"vehicleid":19164,"vehiclenumber":"KA57F2891","servicetypeid":72,"servicetype":"Non AC/Ordinary","centerlat":12.979762,"centerlong":77.572227,"eta":"","sch_arrivaltime":"20:52","sch_departuretime":"20:52","actual_arrivaltime":"20:57","actual_departuretime":"20:58","sch_tripstarttime":"20:40","sch_tripendtime":"20:40","lastlocationid":0,"currentlocationid":20922,"nextlocationid":0,"currentstop":null,"nextstop":null,"laststop":null,"stopCoveredStatus":1,"heading":175,"lastrefreshon":"06-11-2024 21:29:16","lastreceiveddatetimeflag":0,"tripposition":1},{"vehicleid":22044,"vehiclenumber":"KA57F0578","servicetypeid":72,"servicetype":"Non AC/Ordinary","centerlat":12.970005,"centerlong":77.49292,"eta":"2024-11-06 21:41:00","sch_arrivaltime":"21:47","sch_departuretime":"21:47","actual_arrivaltime":"","actual_departuretime":"","sch_tripstarttime":"21:35","sch_tripendtime":"21:35","lastlocationid":0,"currentlocationid":29540,"nextlocationid":0,"currentstop":null,"nextstop":null,"laststop":null,"stopCoveredStatus":0,"heading":77,"lastrefreshon":"06-11-2024 21:28:32","lastreceiveddatetimeflag":0,"tripposition":3}]},{"routeid":10629,"stationid":21569,"stationname":"Maruthi Nagara","from":"Muddayanapalya Junction","to":"Kempegowda Bus Station","routeno":"238-U","distance_on_station":5.006,"centerlat":12.96178,"centerlong":77.5217,"responsecode":200,"isnotify":0,"vehicleDetails":[{"vehicleid":11737,"vehiclenumber":"KA57F2881","servicetypeid":72,"servicetype":"Non AC/Ordinary","centerlat":12.951003,"centerlong":77.536545,"eta":"","sch_arrivaltime":"19:13","sch_departuretime":"19:13","actual_arrivaltime":"","actual_departuretime":"","sch_tripstarttime":"19:00","sch_tripendtime":"19:00","lastlocationid":0,"currentlocationid":21569,"nextlocationid":0,"currentstop":null,"nextstop":null,"laststop":null,"stopCoveredStatus":1,"heading":220,"lastrefreshon":"06-11-2024 21:28:57","lastreceiveddatetimeflag":0,"tripposition":3},{"vehicleid":19164,"vehiclenumber":"KA57F2891","servicetypeid":72,"servicetype":"Non AC/Ordinary","centerlat":12.979762,"centerlong":77.572227,"eta":"","sch_arrivaltime":"20:53","sch_departuretime":"20:53","actual_arrivaltime":"20:58","actual_departuretime":"20:59","sch_tripstarttime":"20:40","sch_tripendtime":"20:40","lastlocationid":0,"currentlocationid":20922,"nextlocationid":0,"currentstop":null,"nextstop":null,"laststop":null,"stopCoveredStatus":1,"heading":175,"lastrefreshon":"06-11-2024 21:29:16","lastreceiveddatetimeflag":0,"tripposition":1},{"vehicleid":22044,"vehiclenumber":"KA57F0578","servicetypeid":72,"servicetype":"Non AC/Ordinary","centerlat":12.970005,"centerlong":77.49292,"eta":"2024-11-06 21:42:00","sch_arrivaltime":"21:48","sch_departuretime":"21:48","actual_arrivaltime":"","actual_departuretime":"","sch_tripstarttime":"21:35","sch_tripendtime":"21:35","lastlocationid":0,"currentlocationid":29540,"nextlocationid":0,"currentstop":null,"nextstop":null,"laststop":null,"stopCoveredStatus":0,"heading":77,"lastrefreshon":"06-11-2024 21:28:32","lastreceiveddatetimeflag":0,"tripposition":3}]},{"routeid":10629,"stationid":21478,"stationname":"Byraveshwaranagara","from":"Muddayanapalya Junction","to":"Kempegowda Bus Station","routeno":"238-U","distance_on_station":5.512,"centerlat":12.96501,"centerlong":77.52338,"responsecode":200,"isnotify":0,"vehicleDetails":[{"vehicleid":11737,"vehiclenumber":"KA57F2881","servicetypeid":72,"servicetype":"Non AC/Ordinary","centerlat":12.951003,"centerlong":77.536545,"eta":"","sch_arrivaltime":"19:14","sch_departuretime":"19:14","actual_arrivaltime":"","actual_departuretime":"","sch_tripstarttime":"19:00","sch_tripendtime":"19:00","lastlocationid":0,"currentlocationid":21569,"nextlocationid":0,"currentstop":null,"nextstop":null,"laststop":null,"stopCoveredStatus":1,"heading":220,"lastrefreshon":"06-11-2024 21:28:57","lastreceiveddatetimeflag":0,"tripposition":3},{"vehicleid":19164,"vehiclenumber":"KA57F2891","servicetypeid":72,"servicetype":"Non AC/Ordinary","centerlat":12.979762,"centerlong":77.572227,"eta":"","sch_arrivaltime":"20:54","sch_departuretime":"20:54","actual_arrivaltime":"21:00","actual_departuretime":"21:01","sch_tripstarttime":"20:40","sch_tripendtime":"20:40","lastlocationid":0,"currentlocationid":20922,"nextlocationid":0,"currentstop":null,"nextstop":null,"laststop":null,"stopCoveredStatus":1,"heading":175,"lastrefreshon":"06-11-2024 21:29:16","lastreceiveddatetimeflag":0,"tripposition":1},{"vehicleid":22044,"vehiclenumber":"KA57F0578","servicetypeid":72,"servicetype":"Non AC/Ordinary","centerlat":12.970005,"centerlong":77.49292,"eta":"2024-11-06 21:43:00","sch_arrivaltime":"21:49","sch_departuretime":"21:49","actual_arrivaltime":"","actual_departuretime":"","sch_tripstarttime":"21:35","sch_tripendtime":"21:35","lastlocationid":0,"currentlocationid":29540,"nextlocationid":0,"currentstop":null,"nextstop":null,"laststop":null,"stopCoveredStatus":0,"heading":77,"lastrefreshon":"06-11-2024 21:28:32","lastreceiveddatetimeflag":0,"tripposition":3}]},{"routeid":10629,"stationid":21552,"stationname":"Kalyananagara","from":"Muddayanapalya Junction","to":"Kempegowda Bus Station","routeno":"238-U","distance_on_station":5.792,"centerlat":12.96736,"centerlong":77.52379,"responsecode":200,"isnotify":0,"vehicleDetails":[{"vehicleid":11737,"vehiclenumber":"KA57F2881","servicetypeid":72,"servicetype":"Non AC/Ordinary","centerlat":12.951003,"centerlong":77.536545,"eta":"","sch_arrivaltime":"19:15","sch_departuretime":"19:15","actual_arrivaltime":"","actual_departuretime":"","sch_tripstarttime":"19:00","sch_tripendtime":"19:00","lastlocationid":0,"currentlocationid":21569,"nextlocationid":0,"currentstop":null,"nextstop":null,"laststop":null,"stopCoveredStatus":1,"heading":220,"lastrefreshon":"06-11-2024 21:28:57","lastreceiveddatetimeflag":0,"tripposition":3},{"vehicleid":19164,"vehiclenumber":"KA57F2891","servicetypeid":72,"servicetype":"Non AC/Ordinary","centerlat":12.979762,"centerlong":77.572227,"eta":"","sch_arrivaltime":"20:55","sch_departuretime":"20:55","actual_arrivaltime":"21:01","actual_departuretime":"21:02","sch_tripstarttime":"20:40","sch_tripendtime":"20:40","lastlocationid":0,"currentlocationid":20922,"nextlocationid":0,"currentstop":null,"nextstop":null,"laststop":null,"stopCoveredStatus":1,"heading":175,"lastrefreshon":"06-11-2024 21:29:16","lastreceiveddatetimeflag":0,"tripposition":1},{"vehicleid":22044,"vehiclenumber":"KA57F0578","servicetypeid":72,"servicetype":"Non AC/Ordinary","centerlat":12.970005,"centerlong":77.49292,"eta":"2024-11-06 21:44:00","sch_arrivaltime":"21:50","sch_departuretime":"21:50","actual_arrivaltime":"","actual_departuretime":"","sch_tripstarttime":"21:35","sch_tripendtime":"21:35","lastlocationid":0,"currentlocationid":29540,"nextlocationid":0,"currentstop":null,"nextstop":null,"laststop":null,"stopCoveredStatus":0,"heading":77,"lastrefreshon":"06-11-2024 21:28:32","lastreceiveddatetimeflag":0,"tripposition":3}]},{"routeid":10629,"stationid":21573,"stationname":"Moodalapalya","from":"Muddayanapalya Junction","to":"Kempegowda Bus Station","routeno":"238-U","distance_on_station":6.185,"centerlat":12.97054,"centerlong":77.5249,"responsecode":200,"isnotify":0,"vehicleDetails":[{"vehicleid":11737,"vehiclenumber":"KA57F2881","servicetypeid":72,"servicetype":"Non AC/Ordinary","centerlat":12.951003,"centerlong":77.536545,"eta":"","sch_arrivaltime":"19:16","sch_departuretime":"19:16","actual_arrivaltime":"","actual_departuretime":"","sch_tripstarttime":"19:00","sch_tripendtime":"19:00","lastlocationid":0,"currentlocationid":21569,"nextlocationid":0,"currentstop":null,"nextstop":null,"laststop":null,"stopCoveredStatus":1,"heading":220,"lastrefreshon":"06-11-2024 21:28:57","lastreceiveddatetimeflag":0,"tripposition":3},{"vehicleid":19164,"vehiclenumber":"KA57F2891","servicetypeid":72,"servicetype":"Non AC/Ordinary","centerlat":12.979762,"centerlong":77.572227,"eta":"","sch_arrivaltime":"20:56","sch_departuretime":"20:56","actual_arrivaltime":"21:03","actual_departuretime":"21:03","sch_tripstarttime":"20:40","sch_tripendtime":"20:40","lastlocationid":0,"currentlocationid":20922,"nextlocationid":0,"currentstop":null,"nextstop":null,"laststop":null,"stopCoveredStatus":1,"heading":175,"lastrefreshon":"06-11-2024 21:29:16","lastreceiveddatetimeflag":0,"tripposition":1},{"vehicleid":22044,"vehiclenumber":"KA57F0578","servicetypeid":72,"servicetype":"Non AC/Ordinary","centerlat":12.970005,"centerlong":77.49292,"eta":"2024-11-06 21:45:00","sch_arrivaltime":"21:51","sch_departuretime":"21:51","actual_arrivaltime":"","actual_departuretime":"","sch_tripstarttime":"21:35","sch_tripendtime":"21:35","lastlocationid":0,"currentlocationid":29540,"nextlocationid":0,"currentstop":null,"nextstop":null,"laststop":null,"stopCoveredStatus":0,"heading":77,"lastrefreshon":"06-11-2024 21:28:32","lastreceiveddatetimeflag":0,"tripposition":3}]},{"routeid":10629,"stationid":27756,"stationname":"Priyadarshini Layout","from":"Muddayanapalya Junction","to":"Kempegowda Bus Station","routeno":"238-U","distance_on_station":6.454,"centerlat":12.97112,"centerlong":77.52676,"responsecode":200,"isnotify":0,"vehicleDetails":[{"vehicleid":11737,"vehiclenumber":"KA57F2881","servicetypeid":72,"servicetype":"Non AC/Ordinary","centerlat":12.951003,"centerlong":77.536545,"eta":"","sch_arrivaltime":"19:17","sch_departuretime":"19:17","actual_arrivaltime":"","actual_departuretime":"","sch_tripstarttime":"19:00","sch_tripendtime":"19:00","lastlocationid":0,"currentlocationid":21569,"nextlocationid":0,"currentstop":null,"nextstop":null,"laststop":null,"stopCoveredStatus":1,"heading":220,"lastrefreshon":"06-11-2024 21:28:57","lastreceiveddatetimeflag":0,"tripposition":3},{"vehicleid":19164,"vehiclenumber":"KA57F2891","servicetypeid":72,"servicetype":"Non AC/Ordinary","centerlat":12.979762,"centerlong":77.572227,"eta":"","sch_arrivaltime":"20:57","sch_departuretime":"20:57","actual_arrivaltime":"21:04","actual_departuretime":"21:05","sch_tripstarttime":"20:40","sch_tripendtime":"20:40","lastlocationid":0,"currentlocationid":20922,"nextlocationid":0,"currentstop":null,"nextstop":null,"laststop":null,"stopCoveredStatus":1,"heading":175,"lastrefreshon":"06-11-2024 21:29:16","lastreceiveddatetimeflag":0,"tripposition":1},{"vehicleid":22044,"vehiclenumber":"KA57F0578","servicetypeid":72,"servicetype":"Non AC/Ordinary","centerlat":12.970005,"centerlong":77.49292,"eta":"2024-11-06 21:46:00","sch_arrivaltime":"21:52","sch_departuretime":"21:52","actual_arrivaltime":"","actual_departuretime":"","sch_tripstarttime":"21:35","sch_tripendtime":"21:35","lastlocationid":0,"currentlocationid":29540,"nextlocationid":0,"currentstop":null,"nextstop":null,"laststop":null,"stopCoveredStatus":0,"heading":77,"lastrefreshon":"06-11-2024 21:28:32","lastreceiveddatetimeflag":0,"tripposition":3}]},{"routeid":10629,"stationid":21597,"stationname":"Saraswathi Nagara","from":"Muddayanapalya Junction","to":"Kempegowda Bus Station","routeno":"238-U","distance_on_station":7.053,"centerlat":12.9738,"centerlong":77.53041,"responsecode":200,"isnotify":0,"vehicleDetails":[{"vehicleid":11737,"vehiclenumber":"KA57F2881","servicetypeid":72,"servicetype":"Non AC/Ordinary","centerlat":12.951003,"centerlong":77.536545,"eta":"","sch_arrivaltime":"19:18","sch_departuretime":"19:18","actual_arrivaltime":"","actual_departuretime":"","sch_tripstarttime":"19:00","sch_tripendtime":"19:00","lastlocationid":0,"currentlocationid":21569,"nextlocationid":0,"currentstop":null,"nextstop":null,"laststop":null,"stopCoveredStatus":1,"heading":220,"lastrefreshon":"06-11-2024 21:28:57","lastreceiveddatetimeflag":0,"tripposition":3},{"vehicleid":19164,"vehiclenumber":"KA57F2891","servicetypeid":72,"servicetype":"Non AC/Ordinary","centerlat":12.979762,"centerlong":77.572227,"eta":"","sch_arrivaltime":"20:58","sch_departuretime":"20:58","actual_arrivaltime":"21:06","actual_departuretime":"21:07","sch_tripstarttime":"20:40","sch_tripendtime":"20:40","lastlocationid":0,"currentlocationid":20922,"nextlocationid":0,"currentstop":null,"nextstop":null,"laststop":null,"stopCoveredStatus":1,"heading":175,"lastrefreshon":"06-11-2024 21:29:16","lastreceiveddatetimeflag":0,"tripposition":1},{"vehicleid":22044,"vehiclenumber":"KA57F0578","servicetypeid":72,"servicetype":"Non AC/Ordinary","centerlat":12.970005,"centerlong":77.49292,"eta":"2024-11-06 21:48:00","sch_arrivaltime":"21:53","sch_departuretime":"21:53","actual_arrivaltime":"","actual_departuretime":"","sch_tripstarttime":"21:35","sch_tripendtime":"21:35","lastlocationid":0,"currentlocationid":29540,"nextlocationid":0,"currentstop":null,"nextstop":null,"laststop":null,"stopCoveredStatus":0,"heading":77,"lastrefreshon":"06-11-2024 21:28:32","lastreceiveddatetimeflag":0,"tripposition":3}]},{"routeid":10629,"stationid":21587,"stationname":"Prashanth Nagara","from":"Muddayanapalya Junction","to":"Kempegowda Bus Station","routeno":"238-U","distance_on_station":7.271,"centerlat":12.97551,"centerlong":77.53118,"responsecode":200,"isnotify":0,"vehicleDetails":[{"vehicleid":11737,"vehiclenumber":"KA57F2881","servicetypeid":72,"servicetype":"Non AC/Ordinary","centerlat":12.951003,"centerlong":77.536545,"eta":"","sch_arrivaltime":"19:19","sch_departuretime":"19:19","actual_arrivaltime":"","actual_departuretime":"","sch_tripstarttime":"19:00","sch_tripendtime":"19:00","lastlocationid":0,"currentlocationid":21569,"nextlocationid":0,"currentstop":null,"nextstop":null,"laststop":null,"stopCoveredStatus":1,"heading":220,"lastrefreshon":"06-11-2024 21:28:57","lastreceiveddatetimeflag":0,"tripposition":3},{"vehicleid":19164,"vehiclenumber":"KA57F2891","servicetypeid":72,"servicetype":"Non AC/Ordinary","centerlat":12.979762,"centerlong":77.572227,"eta":"","sch_arrivaltime":"20:59","sch_departuretime":"20:59","actual_arrivaltime":"21:07","actual_departuretime":"21:08","sch_tripstarttime":"20:40","sch_tripendtime":"20:40","lastlocationid":0,"currentlocationid":20922,"nextlocationid":0,"currentstop":null,"nextstop":null,"laststop":null,"stopCoveredStatus":1,"heading":175,"lastrefreshon":"06-11-2024 21:29:16","lastreceiveddatetimeflag":0,"tripposition":1},{"vehicleid":22044,"vehiclenumber":"KA57F0578","servicetypeid":72,"servicetype":"Non AC/Ordinary","centerlat":12.970005,"centerlong":77.49292,"eta":"2024-11-06 21:49:00","sch_arrivaltime":"21:54","sch_departuretime":"21:54","actual_arrivaltime":"","actual_departuretime":"","sch_tripstarttime":"21:35","sch_tripendtime":"21:35","lastlocationid":0,"currentlocationid":29540,"nextlocationid":0,"currentstop":null,"nextstop":null,"laststop":null,"stopCoveredStatus":0,"heading":77,"lastrefreshon":"06-11-2024 21:28:32","lastreceiveddatetimeflag":0,"tripposition":3}]},{"routeid":10629,"stationid":21519,"stationname":"Govindarajanagara","from":"Muddayanapalya Junction","to":"Kempegowda Bus Station","routeno":"238-U","distance_on_station":7.922,"centerlat":12.97561,"centerlong":77.53646,"responsecode":200,"isnotify":0,"vehicleDetails":[{"vehicleid":11737,"vehiclenumber":"KA57F2881","servicetypeid":72,"servicetype":"Non AC/Ordinary","centerlat":12.951003,"centerlong":77.536545,"eta":"","sch_arrivaltime":"19:21","sch_departuretime":"19:21","actual_arrivaltime":"","actual_departuretime":"","sch_tripstarttime":"19:00","sch_tripendtime":"19:00","lastlocationid":0,"currentlocationid":21569,"nextlocationid":0,"currentstop":null,"nextstop":null,"laststop":null,"stopCoveredStatus":1,"heading":220,"lastrefreshon":"06-11-2024 21:28:57","lastreceiveddatetimeflag":0,"tripposition":3},{"vehicleid":19164,"vehiclenumber":"KA57F2891","servicetypeid":72,"servicetype":"Non AC/Ordinary","centerlat":12.979762,"centerlong":77.572227,"eta":"","sch_arrivaltime":"21:01","sch_departuretime":"21:01","actual_arrivaltime":"21:10","actual_departuretime":"21:10","sch_tripstarttime":"20:40","sch_tripendtime":"20:40","lastlocationid":0,"currentlocationid":20922,"nextlocationid":0,"currentstop":null,"nextstop":null,"laststop":null,"stopCoveredStatus":1,"heading":175,"lastrefreshon":"06-11-2024 21:29:16","lastreceiveddatetimeflag":0,"tripposition":1},{"vehicleid":22044,"vehiclenumber":"KA57F0578","servicetypeid":72,"servicetype":"Non AC/Ordinary","centerlat":12.970005,"centerlong":77.49292,"eta":"2024-11-06 21:50:00","sch_arrivaltime":"21:56","sch_departuretime":"21:56","actual_arrivaltime":"","actual_departuretime":"","sch_tripstarttime":"21:35","sch_tripendtime":"21:35","lastlocationid":0,"currentlocationid":29540,"nextlocationid":0,"currentstop":null,"nextstop":null,"laststop":null,"stopCoveredStatus":0,"heading":77,"lastrefreshon":"06-11-2024 21:28:32","lastreceiveddatetimeflag":0,"tripposition":3}]},{"routeid":10629,"stationid":37817,"stationname":"Vijayanagara","from":"Muddayanapalya Junction","to":"Kempegowda Bus Station","routeno":"238-U","distance_on_station":8.326,"centerlat":12.97433,"centerlong":77.53843,"responsecode":200,"isnotify":0,"vehicleDetails":[{"vehicleid":11737,"vehiclenumber":"KA57F2881","servicetypeid":72,"servicetype":"Non AC/Ordinary","centerlat":12.951003,"centerlong":77.536545,"eta":"","sch_arrivaltime":"19:22","sch_departuretime":"19:22","actual_arrivaltime":"","actual_departuretime":"","sch_tripstarttime":"19:00","sch_tripendtime":"19:00","lastlocationid":0,"currentlocationid":21569,"nextlocationid":0,"currentstop":null,"nextstop":null,"laststop":null,"stopCoveredStatus":1,"heading":220,"lastrefreshon":"06-11-2024 21:28:57","lastreceiveddatetimeflag":0,"tripposition":3},{"vehicleid":19164,"vehiclenumber":"KA57F2891","servicetypeid":72,"servicetype":"Non AC/Ordinary","centerlat":12.979762,"centerlong":77.572227,"eta":"","sch_arrivaltime":"21:02","sch_departuretime":"21:02","actual_arrivaltime":"21:12","actual_departuretime":"21:12","sch_tripstarttime":"20:40","sch_tripendtime":"20:40","lastlocationid":0,"currentlocationid":20922,"nextlocationid":0,"currentstop":null,"nextstop":null,"laststop":null,"stopCoveredStatus":1,"heading":175,"lastrefreshon":"06-11-2024 21:29:16","lastreceiveddatetimeflag":0,"tripposition":1},{"vehicleid":22044,"vehiclenumber":"KA57F0578","servicetypeid":72,"servicetype":"Non AC/Ordinary","centerlat":12.970005,"centerlong":77.49292,"eta":"2024-11-06 21:51:00","sch_arrivaltime":"21:57","sch_departuretime":"21:57","actual_arrivaltime":"","actual_departuretime":"","sch_tripstarttime":"21:35","sch_tripendtime":"21:35","lastlocationid":0,"currentlocationid":29540,"nextlocationid":0,"currentstop":null,"nextstop":null,"laststop":null,"stopCoveredStatus":0,"heading":77,"lastrefreshon":"06-11-2024 21:28:32","lastreceiveddatetimeflag":0,"tripposition":3}]},{"routeid":10629,"stationid":20997,"stationname":"Manuvana","from":"Muddayanapalya Junction","to":"Kempegowda Bus Station","routeno":"238-U","distance_on_station":9.205,"centerlat":12.97431,"centerlong":77.54454,"responsecode":200,"isnotify":0,"vehicleDetails":[{"vehicleid":11737,"vehiclenumber":"KA57F2881","servicetypeid":72,"servicetype":"Non AC/Ordinary","centerlat":12.951003,"centerlong":77.536545,"eta":"","sch_arrivaltime":"19:24","sch_departuretime":"19:24","actual_arrivaltime":"20:45","actual_departuretime":"20:45","sch_tripstarttime":"19:00","sch_tripendtime":"19:00","lastlocationid":0,"currentlocationid":21569,"nextlocationid":0,"currentstop":null,"nextstop":null,"laststop":null,"stopCoveredStatus":1,"heading":220,"lastrefreshon":"06-11-2024 21:28:57","lastreceiveddatetimeflag":0,"tripposition":1},{"vehicleid":19164,"vehiclenumber":"KA57F2891","servicetypeid":72,"servicetype":"Non AC/Ordinary","centerlat":12.979762,"centerlong":77.572227,"eta":"","sch_arrivaltime":"21:04","sch_departuretime":"21:04","actual_arrivaltime":"21:15","actual_departuretime":"21:16","sch_tripstarttime":"20:40","sch_tripendtime":"20:40","lastlocationid":0,"currentlocationid":20922,"nextlocationid":0,"currentstop":null,"nextstop":null,"laststop":null,"stopCoveredStatus":1,"heading":175,"lastrefreshon":"06-11-2024 21:29:16","lastreceiveddatetimeflag":0,"tripposition":1},{"vehicleid":22044,"vehiclenumber":"KA57F0578","servicetypeid":72,"servicetype":"Non AC/Ordinary","centerlat":12.970005,"centerlong":77.49292,"eta":"2024-11-06 21:54:00","sch_arrivaltime":"21:59","sch_departuretime":"21:59","actual_arrivaltime":"","actual_departuretime":"","sch_tripstarttime":"21:35","sch_tripendtime":"21:35","lastlocationid":0,"currentlocationid":29540,"nextlocationid":0,"currentstop":null,"nextstop":null,"laststop":null,"stopCoveredStatus":0,"heading":77,"lastrefreshon":"06-11-2024 21:28:32","lastreceiveddatetimeflag":0,"tripposition":3}]},{"routeid":10629,"stationid":20976,"stationname":"Magadi Road TollGate","from":"Muddayanapalya Junction","to":"Kempegowda Bus Station","routeno":"238-U","distance_on_station":9.784,"centerlat":12.97459,"centerlong":77.54897,"responsecode":200,"isnotify":0,"vehicleDetails":[{"vehicleid":19164,"vehiclenumber":"KA57F2891","servicetypeid":72,"servicetype":"Non AC/Ordinary","centerlat":12.979762,"centerlong":77.572227,"eta":"","sch_arrivaltime":"21:06","sch_departuretime":"21:06","actual_arrivaltime":"21:17","actual_departuretime":"21:18","sch_tripstarttime":"20:40","sch_tripendtime":"20:40","lastlocationid":0,"currentlocationid":20922,"nextlocationid":0,"currentstop":null,"nextstop":null,"laststop":null,"stopCoveredStatus":1,"heading":175,"lastrefreshon":"06-11-2024 21:29:16","lastreceiveddatetimeflag":0,"tripposition":1},{"vehicleid":11737,"vehiclenumber":"KA57F2881","servicetypeid":72,"servicetype":"Non AC/Ordinary","centerlat":12.951003,"centerlong":77.536545,"eta":"2024-11-06 21:29:00","sch_arrivaltime":"19:26","sch_departuretime":"19:26","actual_arrivaltime":"","actual_departuretime":"","sch_tripstarttime":"19:00","sch_tripendtime":"19:00","lastlocationid":0,"currentlocationid":21569,"nextlocationid":0,"currentstop":null,"nextstop":null,"laststop":null,"stopCoveredStatus":0,"heading":220,"lastrefreshon":"06-11-2024 21:28:57","lastreceiveddatetimeflag":0,"tripposition":3},{"vehicleid":22044,"vehiclenumber":"KA57F0578","servicetypeid":72,"servicetype":"Non AC/Ordinary","centerlat":12.970005,"centerlong":77.49292,"eta":"2024-11-06 21:56:00","sch_arrivaltime":"22:01","sch_departuretime":"22:01","actual_arrivaltime":"","actual_departuretime":"","sch_tripstarttime":"21:35","sch_tripendtime":"21:35","lastlocationid":0,"currentlocationid":29540,"nextlocationid":0,"currentstop":null,"nextstop":null,"laststop":null,"stopCoveredStatus":0,"heading":77,"lastrefreshon":"06-11-2024 21:28:32","lastreceiveddatetimeflag":0,"tripposition":3}]},{"routeid":10629,"stationid":21102,"stationname":"Prasanna Theatre","from":"Muddayanapalya Junction","to":"Kempegowda Bus Station","routeno":"238-U","distance_on_station":10.322,"centerlat":12.97542,"centerlong":77.55288,"responsecode":200,"isnotify":0,"vehicleDetails":[{"vehicleid":19164,"vehiclenumber":"KA57F2891","servicetypeid":72,"servicetype":"Non AC/Ordinary","centerlat":12.979762,"centerlong":77.572227,"eta":"","sch_arrivaltime":"21:07","sch_departuretime":"21:07","actual_arrivaltime":"21:18","actual_departuretime":"21:19","sch_tripstarttime":"20:40","sch_tripendtime":"20:40","lastlocationid":0,"currentlocationid":20922,"nextlocationid":0,"currentstop":null,"nextstop":null,"laststop":null,"stopCoveredStatus":1,"heading":175,"lastrefreshon":"06-11-2024 21:29:16","lastreceiveddatetimeflag":0,"tripposition":1},{"vehicleid":11737,"vehiclenumber":"KA57F2881","servicetypeid":72,"servicetype":"Non AC/Ordinary","centerlat":12.951003,"centerlong":77.536545,"eta":"2024-11-06 21:30:00","sch_arrivaltime":"19:27","sch_departuretime":"19:27","actual_arrivaltime":"","actual_departuretime":"","sch_tripstarttime":"19:00","sch_tripendtime":"19:00","lastlocationid":0,"currentlocationid":21569,"nextlocationid":0,"currentstop":null,"nextstop":null,"laststop":null,"stopCoveredStatus":0,"heading":220,"lastrefreshon":"06-11-2024 21:28:57","lastreceiveddatetimeflag":0,"tripposition":3},{"vehicleid":22044,"vehiclenumber":"KA57F0578","servicetypeid":72,"servicetype":"Non AC/Ordinary","centerlat":12.970005,"centerlong":77.49292,"eta":"2024-11-06 21:57:00","sch_arrivaltime":"22:02","sch_departuretime":"22:02","actual_arrivaltime":"","actual_departuretime":"","sch_tripstarttime":"21:35","sch_tripendtime":"21:35","lastlocationid":0,"currentlocationid":29540,"nextlocationid":0,"currentstop":null,"nextstop":null,"laststop":null,"stopCoveredStatus":0,"heading":77,"lastrefreshon":"06-11-2024 21:28:32","lastreceiveddatetimeflag":0,"tripposition":3}]},{"routeid":10629,"stationid":38800,"stationname":"Magadi Road Metro Station","from":"Muddayanapalya Junction","to":"Kempegowda Bus Station","routeno":"238-U","distance_on_station":10.539,"centerlat":12.97562,"centerlong":77.55479,"responsecode":200,"isnotify":0,"vehicleDetails":[{"vehicleid":19164,"vehiclenumber":"KA57F2891","servicetypeid":72,"servicetype":"Non AC/Ordinary","centerlat":12.979762,"centerlong":77.572227,"eta":"","sch_arrivaltime":"21:08","sch_departuretime":"21:08","actual_arrivaltime":"21:19","actual_departuretime":"21:20","sch_tripstarttime":"20:40","sch_tripendtime":"20:40","lastlocationid":0,"currentlocationid":20922,"nextlocationid":0,"currentstop":null,"nextstop":null,"laststop":null,"stopCoveredStatus":1,"heading":175,"lastrefreshon":"06-11-2024 21:29:16","lastreceiveddatetimeflag":0,"tripposition":1},{"vehicleid":11737,"vehiclenumber":"KA57F2881","servicetypeid":72,"servicetype":"Non AC/Ordinary","centerlat":12.951003,"centerlong":77.536545,"eta":"2024-11-06 21:31:00","sch_arrivaltime":"19:28","sch_departuretime":"19:28","actual_arrivaltime":"","actual_departuretime":"","sch_tripstarttime":"19:00","sch_tripendtime":"19:00","lastlocationid":0,"currentlocationid":21569,"nextlocationid":0,"currentstop":null,"nextstop":null,"laststop":null,"stopCoveredStatus":0,"heading":220,"lastrefreshon":"06-11-2024 21:28:57","lastreceiveddatetimeflag":0,"tripposition":3},{"vehicleid":22044,"vehiclenumber":"KA57F0578","servicetypeid":72,"servicetype":"Non AC/Ordinary","centerlat":12.970005,"centerlong":77.49292,"eta":"2024-11-06 21:58:00","sch_arrivaltime":"22:03","sch_departuretime":"22:03","actual_arrivaltime":"","actual_departuretime":"","sch_tripstarttime":"21:35","sch_tripendtime":"21:35","lastlocationid":0,"currentlocationid":29540,"nextlocationid":0,"currentstop":null,"nextstop":null,"laststop":null,"stopCoveredStatus":0,"heading":77,"lastrefreshon":"06-11-2024 21:28:32","lastreceiveddatetimeflag":0,"tripposition":3}]},{"routeid":10629,"stationid":20559,"stationname":"10th Cross Magadi Road","from":"Muddayanapalya Junction","to":"Kempegowda Bus Station","routeno":"238-U","distance_on_station":10.797,"centerlat":12.97574,"centerlong":77.55706,"responsecode":200,"isnotify":0,"vehicleDetails":[{"vehicleid":19164,"vehiclenumber":"KA57F2891","servicetypeid":72,"servicetype":"Non AC/Ordinary","centerlat":12.979762,"centerlong":77.572227,"eta":"","sch_arrivaltime":"21:09","sch_departuretime":"21:09","actual_arrivaltime":"21:20","actual_departuretime":"21:20","sch_tripstarttime":"20:40","sch_tripendtime":"20:40","lastlocationid":0,"currentlocationid":20922,"nextlocationid":0,"currentstop":null,"nextstop":null,"laststop":null,"stopCoveredStatus":1,"heading":175,"lastrefreshon":"06-11-2024 21:29:16","lastreceiveddatetimeflag":0,"tripposition":1},{"vehicleid":11737,"vehiclenumber":"KA57F2881","servicetypeid":72,"servicetype":"Non AC/Ordinary","centerlat":12.951003,"centerlong":77.536545,"eta":"2024-11-06 21:32:00","sch_arrivaltime":"19:29","sch_departuretime":"19:29","actual_arrivaltime":"","actual_departuretime":"","sch_tripstarttime":"19:00","sch_tripendtime":"19:00","lastlocationid":0,"currentlocationid":21569,"nextlocationid":0,"currentstop":null,"nextstop":null,"laststop":null,"stopCoveredStatus":0,"heading":220,"lastrefreshon":"06-11-2024 21:28:57","lastreceiveddatetimeflag":0,"tripposition":3},{"vehicleid":22044,"vehiclenumber":"KA57F0578","servicetypeid":72,"servicetype":"Non AC/Ordinary","centerlat":12.970005,"centerlong":77.49292,"eta":"2024-11-06 21:59:00","sch_arrivaltime":"22:04","sch_departuretime":"22:04","actual_arrivaltime":"","actual_departuretime":"","sch_tripstarttime":"21:35","sch_tripendtime":"21:35","lastlocationid":0,"currentlocationid":29540,"nextlocationid":0,"currentstop":null,"nextstop":null,"laststop":null,"stopCoveredStatus":0,"heading":77,"lastrefreshon":"06-11-2024 21:28:32","lastreceiveddatetimeflag":0,"tripposition":3}]},{"routeid":10629,"stationid":20585,"stationname":"5th Cross Magadi Road","from":"Muddayanapalya Junction","to":"Kempegowda Bus Station","routeno":"238-U","distance_on_station":11.211,"centerlat":12.97578,"centerlong":77.56071,"responsecode":200,"isnotify":0,"vehicleDetails":[{"vehicleid":19164,"vehiclenumber":"KA57F2891","servicetypeid":72,"servicetype":"Non AC/Ordinary","centerlat":12.979762,"centerlong":77.572227,"eta":"","sch_arrivaltime":"21:10","sch_departuretime":"21:10","actual_arrivaltime":"21:21","actual_departuretime":"21:21","sch_tripstarttime":"20:40","sch_tripendtime":"20:40","lastlocationid":0,"currentlocationid":20922,"nextlocationid":0,"currentstop":null,"nextstop":null,"laststop":null,"stopCoveredStatus":1,"heading":175,"lastrefreshon":"06-11-2024 21:29:16","lastreceiveddatetimeflag":0,"tripposition":1},{"vehicleid":11737,"vehiclenumber":"KA57F2881","servicetypeid":72,"servicetype":"Non AC/Ordinary","centerlat":12.951003,"centerlong":77.536545,"eta":"2024-11-06 21:33:00","sch_arrivaltime":"19:30","sch_departuretime":"19:30","actual_arrivaltime":"","actual_departuretime":"","sch_tripstarttime":"19:00","sch_tripendtime":"19:00","lastlocationid":0,"currentlocationid":21569,"nextlocationid":0,"currentstop":null,"nextstop":null,"laststop":null,"stopCoveredStatus":0,"heading":220,"lastrefreshon":"06-11-2024 21:28:57","lastreceiveddatetimeflag":0,"tripposition":3},{"vehicleid":22044,"vehiclenumber":"KA57F0578","servicetypeid":72,"servicetype":"Non AC/Ordinary","centerlat":12.970005,"centerlong":77.49292,"eta":"2024-11-06 22:01:00","sch_arrivaltime":"22:05","sch_departuretime":"22:05","actual_arrivaltime":"","actual_departuretime":"","sch_tripstarttime":"21:35","sch_tripendtime":"21:35","lastlocationid":0,"currentlocationid":29540,"nextlocationid":0,"currentstop":null,"nextstop":null,"laststop":null,"stopCoveredStatus":0,"heading":77,"lastrefreshon":"06-11-2024 21:28:32","lastreceiveddatetimeflag":0,"tripposition":3}]},{"routeid":10629,"stationid":20578,"stationname":"1st Cross Magadi Road","from":"Muddayanapalya Junction","to":"Kempegowda Bus Station","routeno":"238-U","distance_on_station":11.439,"centerlat":12.97569,"centerlong":77.5628,"responsecode":200,"isnotify":0,"vehicleDetails":[{"vehicleid":19164,"vehiclenumber":"KA57F2891","servicetypeid":72,"servicetype":"Non AC/Ordinary","centerlat":12.979762,"centerlong":77.572227,"eta":"","sch_arrivaltime":"21:11","sch_departuretime":"21:11","actual_arrivaltime":"21:22","actual_departuretime":"21:22","sch_tripstarttime":"20:40","sch_tripendtime":"20:40","lastlocationid":0,"currentlocationid":20922,"nextlocationid":0,"currentstop":null,"nextstop":null,"laststop":null,"stopCoveredStatus":1,"heading":175,"lastrefreshon":"06-11-2024 21:29:16","lastreceiveddatetimeflag":0,"tripposition":1},{"vehicleid":11737,"vehiclenumber":"KA57F2881","servicetypeid":72,"servicetype":"Non AC/Ordinary","centerlat":12.951003,"centerlong":77.536545,"eta":"2024-11-06 21:34:00","sch_arrivaltime":"19:31","sch_departuretime":"19:31","actual_arrivaltime":"","actual_departuretime":"","sch_tripstarttime":"19:00","sch_tripendtime":"19:00","lastlocationid":0,"currentlocationid":21569,"nextlocationid":0,"currentstop":null,"nextstop":null,"laststop":null,"stopCoveredStatus":0,"heading":220,"lastrefreshon":"06-11-2024 21:28:57","lastreceiveddatetimeflag":0,"tripposition":3},{"vehicleid":22044,"vehiclenumber":"KA57F0578","servicetypeid":72,"servicetype":"Non AC/Ordinary","centerlat":12.970005,"centerlong":77.49292,"eta":"2024-11-06 22:02:00","sch_arrivaltime":"22:06","sch_departuretime":"22:06","actual_arrivaltime":"","actual_departuretime":"","sch_tripstarttime":"21:35","sch_tripendtime":"21:35","lastlocationid":0,"currentlocationid":29540,"nextlocationid":0,"currentstop":null,"nextstop":null,"laststop":null,"stopCoveredStatus":0,"heading":77,"lastrefreshon":"06-11-2024 21:28:32","lastreceiveddatetimeflag":0,"tripposition":3}]},{"routeid":10629,"stationid":21026,"stationname":"Minerva Mill","from":"Muddayanapalya Junction","to":"Kempegowda Bus Station","routeno":"238-U","distance_on_station":12.049,"centerlat":12.97945,"centerlong":77.56435,"responsecode":200,"isnotify":0,"vehicleDetails":[{"vehicleid":19164,"vehiclenumber":"KA57F2891","servicetypeid":72,"servicetype":"Non AC/Ordinary","centerlat":12.979762,"centerlong":77.572227,"eta":"","sch_arrivaltime":"21:12","sch_departuretime":"21:12","actual_arrivaltime":"21:24","actual_departuretime":"21:24","sch_tripstarttime":"20:40","sch_tripendtime":"20:40","lastlocationid":0,"currentlocationid":20922,"nextlocationid":0,"currentstop":null,"nextstop":null,"laststop":null,"stopCoveredStatus":1,"heading":175,"lastrefreshon":"06-11-2024 21:29:16","lastreceiveddatetimeflag":0,"tripposition":1},{"vehicleid":11737,"vehiclenumber":"KA57F2881","servicetypeid":72,"servicetype":"Non AC/Ordinary","centerlat":12.951003,"centerlong":77.536545,"eta":"2024-11-06 21:35:00","sch_arrivaltime":"19:32","sch_departuretime":"19:32","actual_arrivaltime":"","actual_departuretime":"","sch_tripstarttime":"19:00","sch_tripendtime":"19:00","lastlocationid":0,"currentlocationid":21569,"nextlocationid":0,"currentstop":null,"nextstop":null,"laststop":null,"stopCoveredStatus":0,"heading":220,"lastrefreshon":"06-11-2024 21:28:57","lastreceiveddatetimeflag":0,"tripposition":3},{"vehicleid":22044,"vehiclenumber":"KA57F0578","servicetypeid":72,"servicetype":"Non AC/Ordinary","centerlat":12.970005,"centerlong":77.49292,"eta":"2024-11-06 22:03:00","sch_arrivaltime":"22:07","sch_departuretime":"22:07","actual_arrivaltime":"","actual_departuretime":"","sch_tripstarttime":"21:35","sch_tripendtime":"21:35","lastlocationid":0,"currentlocationid":29540,"nextlocationid":0,"currentstop":null,"nextstop":null,"laststop":null,"stopCoveredStatus":0,"heading":77,"lastrefreshon":"06-11-2024 21:28:32","lastreceiveddatetimeflag":0,"tripposition":3}]},{"routeid":10629,"stationid":21071,"stationname":"Okalipura","from":"Muddayanapalya Junction","to":"Kempegowda Bus Station","routeno":"238-U","distance_on_station":12.814,"centerlat":12.98267,"centerlong":77.56837,"responsecode":200,"isnotify":0,"vehicleDetails":[{"vehicleid":19164,"vehiclenumber":"KA57F2891","servicetypeid":72,"servicetype":"Non AC/Ordinary","centerlat":12.979762,"centerlong":77.572227,"eta":"","sch_arrivaltime":"21:13","sch_departuretime":"21:13","actual_arrivaltime":"21:26","actual_departuretime":"21:26","sch_tripstarttime":"20:40","sch_tripendtime":"20:40","lastlocationid":0,"currentlocationid":20922,"nextlocationid":0,"currentstop":null,"nextstop":null,"laststop":null,"stopCoveredStatus":1,"heading":175,"lastrefreshon":"06-11-2024 21:29:16","lastreceiveddatetimeflag":0,"tripposition":1},{"vehicleid":11737,"vehiclenumber":"KA57F2881","servicetypeid":72,"servicetype":"Non AC/Ordinary","centerlat":12.951003,"centerlong":77.536545,"eta":"2024-11-06 21:36:00","sch_arrivaltime":"19:33","sch_departuretime":"19:33","actual_arrivaltime":"","actual_departuretime":"","sch_tripstarttime":"19:00","sch_tripendtime":"19:00","lastlocationid":0,"currentlocationid":21569,"nextlocationid":0,"currentstop":null,"nextstop":null,"laststop":null,"stopCoveredStatus":0,"heading":220,"lastrefreshon":"06-11-2024 21:28:57","lastreceiveddatetimeflag":0,"tripposition":3},{"vehicleid":22044,"vehiclenumber":"KA57F0578","servicetypeid":72,"servicetype":"Non AC/Ordinary","centerlat":12.970005,"centerlong":77.49292,"eta":"2024-11-06 22:04:00","sch_arrivaltime":"22:08","sch_departuretime":"22:08","actual_arrivaltime":"","actual_departuretime":"","sch_tripstarttime":"21:35","sch_tripendtime":"21:35","lastlocationid":0,"currentlocationid":29540,"nextlocationid":0,"currentstop":null,"nextstop":null,"laststop":null,"stopCoveredStatus":0,"heading":77,"lastrefreshon":"06-11-2024 21:28:32","lastreceiveddatetimeflag":0,"tripposition":3}]},{"routeid":10629,"stationid":20922,"stationname":"Kempegowda Bus Station","from":"Muddayanapalya Junction","to":"Kempegowda Bus Station","routeno":"238-U","distance_on_station":14.5,"centerlat":12.97749,"centerlong":77.57327,"responsecode":200,"isnotify":0,"vehicleDetails":[{"vehicleid":19164,"vehiclenumber":"KA57F2891","servicetypeid":72,"servicetype":"Non AC/Ordinary","centerlat":12.979762,"centerlong":77.572227,"eta":"2024-11-06 21:31:00","sch_arrivaltime":"21:20","sch_departuretime":"21:20","actual_arrivaltime":"","actual_departuretime":"","sch_tripstarttime":"20:40","sch_tripendtime":"20:40","lastlocationid":0,"currentlocationid":20922,"nextlocationid":0,"currentstop":null,"nextstop":null,"laststop":null,"stopCoveredStatus":0,"heading":175,"lastrefreshon":"06-11-2024 21:29:16","lastreceiveddatetimeflag":0,"tripposition":1},{"vehicleid":11737,"vehiclenumber":"KA57F2881","servicetypeid":72,"servicetype":"Non AC/Ordinary","centerlat":12.951003,"centerlong":77.536545,"eta":"2024-11-06 21:37:00","sch_arrivaltime":"19:40","sch_departuretime":"19:40","actual_arrivaltime":"","actual_departuretime":"","sch_tripstarttime":"19:00","sch_tripendtime":"19:00","lastlocationid":0,"currentlocationid":21569,"nextlocationid":0,"currentstop":null,"nextstop":null,"laststop":null,"stopCoveredStatus":0,"heading":220,"lastrefreshon":"06-11-2024 21:28:57","lastreceiveddatetimeflag":0,"tripposition":1},{"vehicleid":22044,"vehiclenumber":"KA57F0578","servicetypeid":72,"servicetype":"Non AC/Ordinary","centerlat":12.970005,"centerlong":77.49292,"eta":"2024-11-06 22:09:00","sch_arrivaltime":"22:15","sch_departuretime":"22:15","actual_arrivaltime":"","actual_departuretime":"","sch_tripstarttime":"21:35","sch_tripendtime":"21:35","lastlocationid":0,"currentlocationid":29540,"nextlocationid":0,"currentstop":null,"nextstop":null,"laststop":null,"stopCoveredStatus":0,"heading":77,"lastrefreshon":"06-11-2024 21:28:32","lastreceiveddatetimeflag":0,"tripposition":1}]}],"mapData":[{"vehicleid":22044,"vehiclenumber":"KA57F0578","servicetypeid":72,"servicetype":"Non AC/Ordinary","centerlat":12.970005,"centerlong":77.49292,"eta":"2024-11-06 22:09:00","sch_arrivaltime":"22:15","sch_departuretime":"22:15","actual_arrivaltime":"","actual_departuretime":"","sch_tripstarttime":"21:35","sch_tripendtime":"21:35","lastlocationid":0,"currentlocationid":29540,"nextlocationid":0,"currentstop":null,"nextstop":null,"laststop":null,"stopCoveredStatus":0,"heading":77,"lastrefreshon":"06-11-2024 21:28:32","lastreceiveddatetimeflag":0,"tripposition":1},{"vehicleid":19164,"vehiclenumber":"KA57F2891","servicetypeid":72,"servicetype":"Non AC/Ordinary","centerlat":12.979762,"centerlong":77.572227,"eta":"2024-11-06 21:31:00","sch_arrivaltime":"21:20","sch_departuretime":"21:20","actual_arrivaltime":"","actual_departuretime":"","sch_tripstarttime":"20:40","sch_tripendtime":"20:40","lastlocationid":0,"currentlocationid":20922,"nextlocationid":0,"currentstop":null,"nextstop":null,"laststop":null,"stopCoveredStatus":0,"heading":175,"lastrefreshon":"06-11-2024 21:29:16","lastreceiveddatetimeflag":0,"tripposition":1},{"vehicleid":11737,"vehiclenumber":"KA57F2881","servicetypeid":72,"servicetype":"Non AC/Ordinary","centerlat":12.951003,"centerlong":77.536545,"eta":"2024-11-06 21:37:00","sch_arrivaltime":"19:40","sch_departuretime":"19:40","actual_arrivaltime":"","actual_departuretime":"","sch_tripstarttime":"19:00","sch_tripendtime":"19:00","lastlocationid":0,"currentlocationid":21569,"nextlocationid":0,"currentstop":null,"nextstop":null,"laststop":null,"stopCoveredStatus":0,"heading":220,"lastrefreshon":"06-11-2024 21:28:57","lastreceiveddatetimeflag":0,"tripposition":1}]},"message":"Success","issuccess":true,"exception":null,"rowCount":0,"responsecode":200}