{"up":{"data":[{"routeid":2154,"stationid":20941,"stationname":"KR Market","from":"KR Market","to":"Kuvempunagara ( BTM Layout)","routeno":"24","distance_on_station":0,"centerlat":12.96368,"centerlong":77.57742,"responsecode":200,"isnotify":0,"vehicleDetails":[{"vehicleid":15133,"vehiclenumber":"KA01F8787","servicetypeid":72,"servicetype":"Non AC/Ordinary","centerlat":12.92499,"centerlong":77.592529,"eta":"","sch_arrivaltime":"18:45","sch_departuretime":"18:45","actual_arrivaltime":"","actual_departuretime":"","sch_tripstarttime":"18:45","sch_tripendtime":"18:45","lastlocationid":0,"currentlocationid":35099,"nextlocationid":0,"currentstop":null,"nextstop":null,"laststop":null,"stopCoveredStatus":0,"heading":158,"lastrefreshon":"19-06-2024 01:30:23","lastreceiveddatetimeflag":1,"tripposition":1}]},{"routeid":2154,"stationid":20987,"stationname":"Makkala Koota","from":"KR Market","to":"Kuvempunagara ( BTM Layout)","routeno":"24","distance_on_station":1.114,"centerlat":12.95779,"centerlong":77.57388,"responsecode":200,"isnotify":0,"vehicleDetails":[{"vehicleid":15133,"vehiclenumber":"KA01F8787","servicetypeid":72,"servicetype":"Non AC/Ordinary","centerlat":12.92499,"centerlong":77.592529,"eta":"","sch_arrivaltime":"18:52","sch_departuretime":"18:52","actual_arrivaltime":"","actual_departuretime":"","sch_tripstarttime":"18:45","sch_tripendtime":"18:45","lastlocationid":0,"currentlocationid":35099,"nextlocationid":0,"currentstop":null,"nextstop":null,"laststop":null,"stopCoveredStatus":0,"heading":158,"lastrefreshon":"19-06-2024 01:30:23","lastreceiveddatetimeflag":1,"tripposition":3}]},{"routeid":2154,"stationid":29736,"stationname":"Basappa Circle","from":"KR Market","to":"Kuvempunagara ( BTM Layout)","routeno":"24","distance_on_station":1.602,"centerlat":12.95601,"centerlong":77.57728,"responsecode":200,"isnotify":0,"vehicleDetails":[{"vehicleid":15133,"vehiclenumber":"KA01F8787","servicetypeid":72,"servicetype":"Non AC/Ordinary","centerlat":12.92499,"centerlong":77.592529,"eta":"","sch_arrivaltime":"18:54","sch_departuretime":"18:54","actual_arrivaltime":"","actual_departuretime":"","sch_tripstarttime":"18:45","sch_tripendtime":"18:45","lastlocationid":0,"currentlocationid":35099,"nextlocationid":0,"currentstop":null,"nextstop":null,"laststop":null,"stopCoveredStatus":0,"heading":158,"lastrefreshon":"19-06-2024 01:30:23","lastreceiveddatetimeflag":1,"tripposition":3}]},{"routeid":2154,"stationid":28115,"stationname":"Sajjan Rao Circle","from":"KR Market","to":"Kuvempunagara ( BTM Layout)","routeno":"24","distance_on_station":2.032,"centerlat":12.95233,"centerlong":77.57713,"responsecode":200,"isnotify":0,"vehicleDetails":[{"vehicleid":15133,"vehiclenumber":"KA01F8787","servicetypeid":72,"servicetype":"Non AC/Ordinary","centerlat":12.92499,"centerlong":77.592529,"eta":"","sch_arrivaltime":"18:55","sch_departuretime":"18:55","actual_arrivaltime":"","actual_departuretime":"","sch_tripstarttime":"18:45","sch_tripendtime":"18:45","lastlocationid":0,"currentlocationid":35099,"nextlocationid":0,"currentstop":null,"nextstop":null,"laststop":null,"stopCoveredStatus":0,"heading":158,"lastrefreshon":"19-06-2024 01:30:23","lastreceiveddatetimeflag":1,"tripposition":3}]},{"routeid":2154,"stationid":22224,"stationname":"Lalbagh West Gate (Lalbagh Metro Station)","from":"KR Market","to":"Kuvempunagara ( BTM Layout)","routeno":"24","distance_on_station":2.902,"centerlat":12.94758,"centerlong":77.58009,"responsecode":200,"isnotify":0,"vehicleDetails":[{"vehicleid":15133,"vehiclenumber":"KA01F8787","servicetypeid":72,"servicetype":"Non AC/Ordinary","centerlat":12.92499,"centerlong":77.592529,"eta":"","sch_arrivaltime":"18:57","sch_departuretime":"18:57","actual_arrivaltime":"","actual_departuretime":"","sch_tripstarttime":"18:45","sch_tripendtime":"18:45","lastlocationid":0,"currentlocationid":35099,"nextlocationid":0,"currentstop":null,"nextstop":null,"laststop":null,"stopCoveredStatus":0,"heading":158,"lastrefreshon":"19-06-2024 01:30:23","lastreceiveddatetimeflag":1,"tripposition":3}]},{"routeid":2154,"stationid":22433,"stationname":"R V Teachers College","from":"KR Market","to":"Kuvempunagara ( BTM Layout)","routeno":"24","distance_on_station":3.244,"centerlat":12.94447,"centerlong":77.58012,"responsecode":200,"isnotify":0,"vehicleDetails":[{"vehicleid":15133,"vehiclenumber":"KA01F8787","servicetypeid":72,"servicetype":"Non AC/Ordinary","centerlat":12.92499,"centerlong":77.592529,"eta":"","sch_arrivaltime":"18:59","sch_departuretime":"18:59","actual_arrivaltime":"","actual_departuretime":"","sch_tripstarttime":"18:45","sch_tripendtime":"18:45","lastlocationid":0,"currentlocationid":35099,"nextlocationid":0,"currentstop":null,"nextstop":null,"laststop":null,"stopCoveredStatus":0,"heading":158,"lastrefreshon":"19-06-2024 01:30:23","lastreceiveddatetimeflag":1,"tripposition":3}]},{"routeid":2154,"stationid":27289,"stationname":"Vijaya College","from":"KR Market","to":"Kuvempunagara ( BTM Layout)","routeno":"24","distance_on_station":3.654,"centerlat":12.94067,"centerlong":77.58013,"responsecode":200,"isnotify":0,"vehicleDetails":[{"vehicleid":15133,"vehiclenumber":"KA01F8787","servicetypeid":72,"servicetype":"Non AC/Ordinary","centerlat":12.92499,"centerlong":77.592529,"eta":"","sch_arrivaltime":"19:00","sch_departuretime":"19:00","actual_arrivaltime":"","actual_departuretime":"","sch_tripstarttime":"18:45","sch_tripendtime":"18:45","lastlocationid":0,"currentlocationid":35099,"nextlocationid":0,"currentstop":null,"nextstop":null,"laststop":null,"stopCoveredStatus":0,"heading":158,"lastrefreshon":"19-06-2024 01:30:23","lastreceiveddatetimeflag":1,"tripposition":3}]},{"routeid":2154,"stationid":23483,"stationname":"South End Circle","from":"KR Market","to":"Kuvempunagara ( BTM Layout)","routeno":"24","distance_on_station":4.192,"centerlat":12.9368,"centerlong":77.58128,"responsecode":200,"isnotify":0,"vehicleDetails":[{"vehicleid":15133,"vehiclenumber":"KA01F8787","servicetypeid":72,"servicetype":"Non AC/Ordinary","centerlat":12.92499,"centerlong":77.592529,"eta":"","sch_arrivaltime":"19:01","sch_departuretime":"19:01","actual_arrivaltime":"","actual_departuretime":"","sch_tripstarttime":"18:45","sch_tripendtime":"18:45","lastlocationid":0,"currentlocationid":35099,"nextlocationid":0,"currentstop":null,"nextstop":null,"laststop":null,"stopCoveredStatus":0,"heading":158,"lastrefreshon":"19-06-2024 01:30:23","lastreceiveddatetimeflag":1,"tripposition":3}]},{"routeid":2154,"stationid":24044,"stationname":"Madhavan Park","from":"KR Market","to":"Kuvempunagara ( BTM Layout)","routeno":"24","distance_on_station":4.387,"centerlat":12.93675,"centerlong":77.58308,"responsecode":200,"isnotify":0,"vehicleDetails":[{"vehicleid":15133,"vehiclenumber":"KA01F8787","servicetypeid":72,"servicetype":"Non AC/Ordinary","centerlat":12.92499,"centerlong":77.592529,"eta":"","sch_arrivaltime":"19:02","sch_departuretime":"19:02","actual_arrivaltime":"","actual_departuretime":"","sch_tripstarttime":"18:45","sch_tripendtime":"18:45","lastlocationid":0,"currentlocationid":35099,"nextlocationid":0,"currentstop":null,"nextstop":null,"laststop":null,"stopCoveredStatus":0,"heading":158,"lastrefreshon":"19-06-2024 01:30:23","lastreceiveddatetimeflag":1,"tripposition":3}]},{"routeid":2154,"stationid":21447,"stationname":"3rd Block Jayanagara","from":"KR Market","to":"Kuvempunagara ( BTM Layout)","routeno":"24","distance_on_station":4.837,"centerlat":12.93349,"centerlong":77.58396,"responsecode":200,"isnotify":0,"vehicleDetails":[{"vehicleid":15133,"vehiclenumber":"KA01F8787","servicetypeid":72,"servicetype":"Non AC/Ordinary","centerlat":12.92499,"centerlong":77.592529,"eta":"","sch_arrivaltime":"19:04","sch_departuretime":"19:04","actual_arrivaltime":"","actual_departuretime":"","sch_tripstarttime":"18:45","sch_tripendtime":"18:45","lastlocationid":0,"currentlocationid":35099,"nextlocationid":0,"currentstop":null,"nextstop":null,"laststop":null,"stopCoveredStatus":0,"heading":158,"lastrefreshon":"19-06-2024 01:30:23","lastreceiveddatetimeflag":1,"tripposition":3}]},{"routeid":2154,"stationid":23691,"stationname":"Jayanagara 4th Block","from":"KR Market","to":"Kuvempunagara ( BTM Layout)","routeno":"24","distance_on_station":5.521,"centerlat":12.92915,"centerlong":77.58602,"responsecode":200,"isnotify":0,"vehicleDetails":[{"vehicleid":15133,"vehiclenumber":"KA01F8787","servicetypeid":72,"servicetype":"Non AC/Ordinary","centerlat":12.92499,"centerlong":77.592529,"eta":"","sch_arrivaltime":"19:06","sch_departuretime":"19:06","actual_arrivaltime":"","actual_departuretime":"","sch_tripstarttime":"18:45","sch_tripendtime":"18:45","lastlocationid":0,"currentlocationid":35099,"nextlocationid":0,"currentstop":null,"nextstop":null,"laststop":null,"stopCoveredStatus":0,"heading":158,"lastrefreshon":"19-06-2024 01:30:23","lastreceiveddatetimeflag":1,"tripposition":3}]},{"routeid":2154,"stationid":23427,"stationname":"Jayanagara Church","from":"KR Market","to":"Kuvempunagara ( BTM Layout)","routeno":"24","distance_on_station":6.029,"centerlat":12.92715,"centerlong":77.58961,"responsecode":200,"isnotify":0,"vehicleDetails":[{"vehicleid":15133,"vehiclenumber":"KA01F8787","servicetypeid":72,"servicetype":"Non AC/Ordinary","centerlat":12.92499,"centerlong":77.592529,"eta":"","sch_arrivaltime":"19:07","sch_departuretime":"19:07","actual_arrivaltime":"","actual_departuretime":"","sch_tripstarttime":"18:45","sch_tripendtime":"18:45","lastlocationid":0,"currentlocationid":35099,"nextlocationid":0,"currentstop":null,"nextstop":null,"laststop":null,"stopCoveredStatus":0,"heading":158,"lastrefreshon":"19-06-2024 01:30:23","lastreceiveddatetimeflag":1,"tripposition":3}]},{"routeid":2154,"stationid":35099,"stationname":"Sanjay Gandhi Hospital","from":"KR Market","to":"Kuvempunagara ( BTM Layout)","routeno":"24","distance_on_station":6.4,"centerlat":12.92707,"centerlong":77.59309,"responsecode":200,"isnotify":0,"vehicleDetails":[{"vehicleid":15133,"vehiclenumber":"KA01F8787","servicetypeid":72,"servicetype":"Non AC/Ordinary","centerlat":12.92499,"centerlong":77.592529,"eta":"","sch_arrivaltime":"19:08","sch_departuretime":"19:08","actual_arrivaltime":"","actual_departuretime":"","sch_tripstarttime":"18:45","sch_tripendtime":"18:45","lastlocationid":0,"currentlocationid":35099,"nextlocationid":0,"currentstop":null,"nextstop":null,"laststop":null,"stopCoveredStatus":0,"heading":158,"lastrefreshon":"19-06-2024 01:30:23","lastreceiveddatetimeflag":1,"tripposition":1}]}],"mapData":[{"vehicleid":15133,"vehiclenumber":"KA01F8787","servicetypeid":72,"servicetype":"Non AC/Ordinary","centerlat":12.92499,"centerlong":77.592529,"eta":"","sch_arrivaltime":"19:08","sch_departuretime":"19:08","actual_arrivaltime":"","actual_departuretime":"","sch_tripstarttime":"18:45","sch_tripendtime":"18:45","lastlocationid":0,"currentlocationid":35099,"nextlocationid":0,"currentstop":null,"nextstop":null,"laststop":null,"stopCoveredStatus":0,"heading":158,"lastrefreshon":"19-06-2024 01:30:23","lastreceiveddatetimeflag":1,"tripposition":1}]},"down":{"data":[],"mapData":[]},"message":"Success","issuccess":true,"exception":null,"rowCount":0,"responsecode":200}