{"up":{"data":[{"routeid":11584,"stationid":24292,"stationname":"Bharath Nagara 2nd Stage","from":"Bharath Nagara 2nd Stage","to":"Vidhana Soudha Karnataka High Court","routeno":"241-D BRTN-VSD","distance_on_station":0,"centerlat":12.97868,"centerlong":77.47781,"responsecode":200,"isnotify":0,"vehicleDetails":[{"vehicleid":12216,"vehiclenumber":"KA57F2057","servicetypeid":72,"servicetype":"Non AC/Ordinary","centerlat":12.977994,"centerlong":77.572601,"eta":"","sch_arrivaltime":"08:40","sch_departuretime":"08:40","actual_arrivaltime":"","actual_departuretime":"","sch_tripstarttime":"08:40","sch_tripendtime":"08:40","lastlocationid":0,"currentlocationid":22698,"nextlocationid":0,"currentstop":null,"nextstop":null,"laststop":null,"stopCoveredStatus":0,"heading":304,"lastrefreshon":"29-07-2024 02:38:54","lastreceiveddatetimeflag":0,"tripposition":1}]},{"routeid":11584,"stationid":35315,"stationname":"Manjunatha Nagara","from":"Bharath Nagara 2nd Stage","to":"Vidhana Soudha Karnataka High Court","routeno":"241-D BRTN-VSD","distance_on_station":0.828,"centerlat":12.98212,"centerlong":77.48112,"responsecode":200,"isnotify":0,"vehicleDetails":[{"vehicleid":12216,"vehiclenumber":"KA57F2057","servicetypeid":72,"servicetype":"Non AC/Ordinary","centerlat":12.977994,"centerlong":77.572601,"eta":"","sch_arrivaltime":"08:42","sch_departuretime":"08:42","actual_arrivaltime":"","actual_departuretime":"","sch_tripstarttime":"08:40","sch_tripendtime":"08:40","lastlocationid":0,"currentlocationid":22698,"nextlocationid":0,"currentstop":null,"nextstop":null,"laststop":null,"stopCoveredStatus":0,"heading":304,"lastrefreshon":"29-07-2024 02:38:54","lastreceiveddatetimeflag":0,"tripposition":3}]},{"routeid":11584,"stationid":29990,"stationname":"Bharath Nagara 1st Phase","from":"Bharath Nagara 2nd Stage","to":"Vidhana Soudha Karnataka High Court","routeno":"241-D BRTN-VSD","distance_on_station":1.352,"centerlat":12.98118,"centerlong":77.48508,"responsecode":200,"isnotify":0,"vehicleDetails":[{"vehicleid":12216,"vehiclenumber":"KA57F2057","servicetypeid":72,"servicetype":"Non AC/Ordinary","centerlat":12.977994,"centerlong":77.572601,"eta":"","sch_arrivaltime":"08:43","sch_departuretime":"08:43","actual_arrivaltime":"","actual_departuretime":"","sch_tripstarttime":"08:40","sch_tripendtime":"08:40","lastlocationid":0,"currentlocationid":22698,"nextlocationid":0,"currentstop":null,"nextstop":null,"laststop":null,"stopCoveredStatus":0,"heading":304,"lastrefreshon":"29-07-2024 02:38:54","lastreceiveddatetimeflag":0,"tripposition":3}]},{"routeid":11584,"stationid":24294,"stationname":"East West College Cross","from":"Bharath Nagara 2nd Stage","to":"Vidhana Soudha Karnataka High Court","routeno":"241-D BRTN-VSD","distance_on_station":1.958,"centerlat":12.98568,"centerlong":77.48629,"responsecode":200,"isnotify":0,"vehicleDetails":[{"vehicleid":12216,"vehiclenumber":"KA57F2057","servicetypeid":72,"servicetype":"Non AC/Ordinary","centerlat":12.977994,"centerlong":77.572601,"eta":"","sch_arrivaltime":"08:44","sch_departuretime":"08:44","actual_arrivaltime":"","actual_departuretime":"","sch_tripstarttime":"08:40","sch_tripendtime":"08:40","lastlocationid":0,"currentlocationid":22698,"nextlocationid":0,"currentstop":null,"nextstop":null,"laststop":null,"stopCoveredStatus":0,"heading":304,"lastrefreshon":"29-07-2024 02:38:54","lastreceiveddatetimeflag":0,"tripposition":3}]},{"routeid":11584,"stationid":21455,"stationname":"Anjananagara","from":"Bharath Nagara 2nd Stage","to":"Vidhana Soudha Karnataka High Court","routeno":"241-D BRTN-VSD","distance_on_station":2.203,"centerlat":12.98617,"centerlong":77.48817,"responsecode":200,"isnotify":0,"vehicleDetails":[{"vehicleid":12216,"vehiclenumber":"KA57F2057","servicetypeid":72,"servicetype":"Non AC/Ordinary","centerlat":12.977994,"centerlong":77.572601,"eta":"","sch_arrivaltime":"08:45","sch_departuretime":"08:45","actual_arrivaltime":"","actual_departuretime":"","sch_tripstarttime":"08:40","sch_tripendtime":"08:40","lastlocationid":0,"currentlocationid":22698,"nextlocationid":0,"currentstop":null,"nextstop":null,"laststop":null,"stopCoveredStatus":0,"heading":304,"lastrefreshon":"29-07-2024 02:38:54","lastreceiveddatetimeflag":0,"tripposition":3}]},{"routeid":11584,"stationid":21523,"stationname":"Herohalli Cross1","from":"Bharath Nagara 2nd Stage","to":"Vidhana Soudha Karnataka High Court","routeno":"241-D BRTN-VSD","distance_on_station":2.762,"centerlat":12.98736,"centerlong":77.4924,"responsecode":200,"isnotify":0,"vehicleDetails":[{"vehicleid":12216,"vehiclenumber":"KA57F2057","servicetypeid":72,"servicetype":"Non AC/Ordinary","centerlat":12.977994,"centerlong":77.572601,"eta":"","sch_arrivaltime":"08:46","sch_departuretime":"08:46","actual_arrivaltime":"","actual_departuretime":"","sch_tripstarttime":"08:40","sch_tripendtime":"08:40","lastlocationid":0,"currentlocationid":22698,"nextlocationid":0,"currentstop":null,"nextstop":null,"laststop":null,"stopCoveredStatus":0,"heading":304,"lastrefreshon":"29-07-2024 02:38:54","lastreceiveddatetimeflag":0,"tripposition":3}]},{"routeid":11584,"stationid":20874,"stationname":"Janapriya Apartment","from":"Bharath Nagara 2nd Stage","to":"Vidhana Soudha Karnataka High Court","routeno":"241-D BRTN-VSD","distance_on_station":3.672,"centerlat":12.98895,"centerlong":77.49938,"responsecode":200,"isnotify":0,"vehicleDetails":[{"vehicleid":12216,"vehiclenumber":"KA57F2057","servicetypeid":72,"servicetype":"Non AC/Ordinary","centerlat":12.977994,"centerlong":77.572601,"eta":"","sch_arrivaltime":"08:47","sch_departuretime":"08:47","actual_arrivaltime":"","actual_departuretime":"","sch_tripstarttime":"08:40","sch_tripendtime":"08:40","lastlocationid":0,"currentlocationid":22698,"nextlocationid":0,"currentstop":null,"nextstop":null,"laststop":null,"stopCoveredStatus":0,"heading":304,"lastrefreshon":"29-07-2024 02:38:54","lastreceiveddatetimeflag":0,"tripposition":3}]},{"routeid":11584,"stationid":21205,"stationname":"Sunkadakatte","from":"Bharath Nagara 2nd Stage","to":"Vidhana Soudha Karnataka High Court","routeno":"241-D BRTN-VSD","distance_on_station":4.604,"centerlat":12.98946,"centerlong":77.50638,"responsecode":200,"isnotify":0,"vehicleDetails":[{"vehicleid":12216,"vehiclenumber":"KA57F2057","servicetypeid":72,"servicetype":"Non AC/Ordinary","centerlat":12.977994,"centerlong":77.572601,"eta":"","sch_arrivaltime":"08:50","sch_departuretime":"08:50","actual_arrivaltime":"","actual_departuretime":"","sch_tripstarttime":"08:40","sch_tripendtime":"08:40","lastlocationid":0,"currentlocationid":22698,"nextlocationid":0,"currentstop":null,"nextstop":null,"laststop":null,"stopCoveredStatus":0,"heading":304,"lastrefreshon":"29-07-2024 02:38:54","lastreceiveddatetimeflag":0,"tripposition":3}]},{"routeid":11584,"stationid":20936,"stationname":"Kottigepalya","from":"Bharath Nagara 2nd Stage","to":"Vidhana Soudha Karnataka High Court","routeno":"241-D BRTN-VSD","distance_on_station":5.63,"centerlat":12.98786,"centerlong":77.51405,"responsecode":200,"isnotify":0,"vehicleDetails":[{"vehicleid":12216,"vehiclenumber":"KA57F2057","servicetypeid":72,"servicetype":"Non AC/Ordinary","centerlat":12.977994,"centerlong":77.572601,"eta":"","sch_arrivaltime":"08:52","sch_departuretime":"08:52","actual_arrivaltime":"","actual_departuretime":"","sch_tripstarttime":"08:40","sch_tripendtime":"08:40","lastlocationid":0,"currentlocationid":22698,"nextlocationid":0,"currentstop":null,"nextstop":null,"laststop":null,"stopCoveredStatus":0,"heading":304,"lastrefreshon":"29-07-2024 02:38:54","lastreceiveddatetimeflag":0,"tripposition":3}]},{"routeid":11584,"stationid":21203,"stationname":"Summanahalli","from":"Bharath Nagara 2nd Stage","to":"Vidhana Soudha Karnataka High Court","routeno":"241-D BRTN-VSD","distance_on_station":6.527,"centerlat":12.98682,"centerlong":77.52077,"responsecode":200,"isnotify":0,"vehicleDetails":[{"vehicleid":12216,"vehiclenumber":"KA57F2057","servicetypeid":72,"servicetype":"Non AC/Ordinary","centerlat":12.977994,"centerlong":77.572601,"eta":"","sch_arrivaltime":"08:54","sch_departuretime":"08:54","actual_arrivaltime":"","actual_departuretime":"","sch_tripstarttime":"08:40","sch_tripendtime":"08:40","lastlocationid":0,"currentlocationid":22698,"nextlocationid":0,"currentstop":null,"nextstop":null,"laststop":null,"stopCoveredStatus":0,"heading":304,"lastrefreshon":"29-07-2024 02:38:54","lastreceiveddatetimeflag":0,"tripposition":3}]},{"routeid":11584,"stationid":20905,"stationname":"Kamakshipalya","from":"Bharath Nagara 2nd Stage","to":"Vidhana Soudha Karnataka High Court","routeno":"241-D BRTN-VSD","distance_on_station":7.809,"centerlat":12.98385,"centerlong":77.52924,"responsecode":200,"isnotify":0,"vehicleDetails":[{"vehicleid":12216,"vehiclenumber":"KA57F2057","servicetypeid":72,"servicetype":"Non AC/Ordinary","centerlat":12.977994,"centerlong":77.572601,"eta":"","sch_arrivaltime":"08:57","sch_departuretime":"08:57","actual_arrivaltime":"","actual_departuretime":"","sch_tripstarttime":"08:40","sch_tripendtime":"08:40","lastlocationid":0,"currentlocationid":22698,"nextlocationid":0,"currentstop":null,"nextstop":null,"laststop":null,"stopCoveredStatus":0,"heading":304,"lastrefreshon":"29-07-2024 02:38:54","lastreceiveddatetimeflag":0,"tripposition":3}]},{"routeid":11584,"stationid":20929,"stationname":"KHB Colony","from":"Bharath Nagara 2nd Stage","to":"Vidhana Soudha Karnataka High Court","routeno":"241-D BRTN-VSD","distance_on_station":8.672,"centerlat":12.98142,"centerlong":77.53525,"responsecode":200,"isnotify":0,"vehicleDetails":[{"vehicleid":12216,"vehiclenumber":"KA57F2057","servicetypeid":72,"servicetype":"Non AC/Ordinary","centerlat":12.977994,"centerlong":77.572601,"eta":"","sch_arrivaltime":"08:58","sch_departuretime":"08:58","actual_arrivaltime":"","actual_departuretime":"","sch_tripstarttime":"08:40","sch_tripendtime":"08:40","lastlocationid":0,"currentlocationid":22698,"nextlocationid":0,"currentstop":null,"nextstop":null,"laststop":null,"stopCoveredStatus":0,"heading":304,"lastrefreshon":"29-07-2024 02:38:54","lastreceiveddatetimeflag":0,"tripposition":3}]},{"routeid":11584,"stationid":20599,"stationname":"Agrahara Dasarahalli","from":"Bharath Nagara 2nd Stage","to":"Vidhana Soudha Karnataka High Court","routeno":"241-D BRTN-VSD","distance_on_station":9.709,"centerlat":12.97853,"centerlong":77.54293,"responsecode":200,"isnotify":0,"vehicleDetails":[{"vehicleid":12216,"vehiclenumber":"KA57F2057","servicetypeid":72,"servicetype":"Non AC/Ordinary","centerlat":12.977994,"centerlong":77.572601,"eta":"","sch_arrivaltime":"09:00","sch_departuretime":"09:00","actual_arrivaltime":"","actual_departuretime":"","sch_tripstarttime":"08:40","sch_tripendtime":"08:40","lastlocationid":0,"currentlocationid":22698,"nextlocationid":0,"currentstop":null,"nextstop":null,"laststop":null,"stopCoveredStatus":0,"heading":304,"lastrefreshon":"29-07-2024 02:38:54","lastreceiveddatetimeflag":0,"tripposition":3}]},{"routeid":11584,"stationid":20976,"stationname":"Magadi Road TollGate","from":"Bharath Nagara 2nd Stage","to":"Vidhana Soudha Karnataka High Court","routeno":"241-D BRTN-VSD","distance_on_station":10.642,"centerlat":12.97459,"centerlong":77.54897,"responsecode":200,"isnotify":0,"vehicleDetails":[{"vehicleid":12216,"vehiclenumber":"KA57F2057","servicetypeid":72,"servicetype":"Non AC/Ordinary","centerlat":12.977994,"centerlong":77.572601,"eta":"","sch_arrivaltime":"09:02","sch_departuretime":"09:02","actual_arrivaltime":"","actual_departuretime":"","sch_tripstarttime":"08:40","sch_tripendtime":"08:40","lastlocationid":0,"currentlocationid":22698,"nextlocationid":0,"currentstop":null,"nextstop":null,"laststop":null,"stopCoveredStatus":0,"heading":304,"lastrefreshon":"29-07-2024 02:38:54","lastreceiveddatetimeflag":0,"tripposition":3}]},{"routeid":11584,"stationid":21102,"stationname":"Prasanna Theatre","from":"Bharath Nagara 2nd Stage","to":"Vidhana Soudha Karnataka High Court","routeno":"241-D BRTN-VSD","distance_on_station":11.271,"centerlat":12.97542,"centerlong":77.55288,"responsecode":200,"isnotify":0,"vehicleDetails":[{"vehicleid":12216,"vehiclenumber":"KA57F2057","servicetypeid":72,"servicetype":"Non AC/Ordinary","centerlat":12.977994,"centerlong":77.572601,"eta":"","sch_arrivaltime":"09:04","sch_departuretime":"09:04","actual_arrivaltime":"","actual_departuretime":"","sch_tripstarttime":"08:40","sch_tripendtime":"08:40","lastlocationid":0,"currentlocationid":22698,"nextlocationid":0,"currentstop":null,"nextstop":null,"laststop":null,"stopCoveredStatus":0,"heading":304,"lastrefreshon":"29-07-2024 02:38:54","lastreceiveddatetimeflag":0,"tripposition":3}]},{"routeid":11584,"stationid":20559,"stationname":"10th Cross Magadi Road","from":"Bharath Nagara 2nd Stage","to":"Vidhana Soudha Karnataka High Court","routeno":"241-D BRTN-VSD","distance_on_station":11.807,"centerlat":12.97574,"centerlong":77.55706,"responsecode":200,"isnotify":0,"vehicleDetails":[{"vehicleid":12216,"vehiclenumber":"KA57F2057","servicetypeid":72,"servicetype":"Non AC/Ordinary","centerlat":12.977994,"centerlong":77.572601,"eta":"","sch_arrivaltime":"09:05","sch_departuretime":"09:05","actual_arrivaltime":"","actual_departuretime":"","sch_tripstarttime":"08:40","sch_tripendtime":"08:40","lastlocationid":0,"currentlocationid":22698,"nextlocationid":0,"currentstop":null,"nextstop":null,"laststop":null,"stopCoveredStatus":0,"heading":304,"lastrefreshon":"29-07-2024 02:38:54","lastreceiveddatetimeflag":0,"tripposition":3}]},{"routeid":11584,"stationid":20585,"stationname":"5th Cross Magadi Road","from":"Bharath Nagara 2nd Stage","to":"Vidhana Soudha Karnataka High Court","routeno":"241-D BRTN-VSD","distance_on_station":12.262,"centerlat":12.97578,"centerlong":77.56071,"responsecode":200,"isnotify":0,"vehicleDetails":[{"vehicleid":12216,"vehiclenumber":"KA57F2057","servicetypeid":72,"servicetype":"Non AC/Ordinary","centerlat":12.977994,"centerlong":77.572601,"eta":"","sch_arrivaltime":"09:06","sch_departuretime":"09:06","actual_arrivaltime":"","actual_departuretime":"","sch_tripstarttime":"08:40","sch_tripendtime":"08:40","lastlocationid":0,"currentlocationid":22698,"nextlocationid":0,"currentstop":null,"nextstop":null,"laststop":null,"stopCoveredStatus":0,"heading":304,"lastrefreshon":"29-07-2024 02:38:54","lastreceiveddatetimeflag":0,"tripposition":3}]},{"routeid":11584,"stationid":20578,"stationname":"1st Cross Magadi Road","from":"Bharath Nagara 2nd Stage","to":"Vidhana Soudha Karnataka High Court","routeno":"241-D BRTN-VSD","distance_on_station":12.518,"centerlat":12.97569,"centerlong":77.5628,"responsecode":200,"isnotify":0,"vehicleDetails":[{"vehicleid":12216,"vehiclenumber":"KA57F2057","servicetypeid":72,"servicetype":"Non AC/Ordinary","centerlat":12.977994,"centerlong":77.572601,"eta":"","sch_arrivaltime":"09:07","sch_departuretime":"09:07","actual_arrivaltime":"","actual_departuretime":"","sch_tripstarttime":"08:40","sch_tripendtime":"08:40","lastlocationid":0,"currentlocationid":22698,"nextlocationid":0,"currentstop":null,"nextstop":null,"laststop":null,"stopCoveredStatus":0,"heading":304,"lastrefreshon":"29-07-2024 02:38:54","lastreceiveddatetimeflag":0,"tripposition":3}]},{"routeid":11584,"stationid":21026,"stationname":"Minerva Mill","from":"Bharath Nagara 2nd Stage","to":"Vidhana Soudha Karnataka High Court","routeno":"241-D BRTN-VSD","distance_on_station":13.206,"centerlat":12.97945,"centerlong":77.56435,"responsecode":200,"isnotify":0,"vehicleDetails":[{"vehicleid":12216,"vehiclenumber":"KA57F2057","servicetypeid":72,"servicetype":"Non AC/Ordinary","centerlat":12.977994,"centerlong":77.572601,"eta":"","sch_arrivaltime":"09:08","sch_departuretime":"09:08","actual_arrivaltime":"","actual_departuretime":"","sch_tripstarttime":"08:40","sch_tripendtime":"08:40","lastlocationid":0,"currentlocationid":22698,"nextlocationid":0,"currentstop":null,"nextstop":null,"laststop":null,"stopCoveredStatus":0,"heading":304,"lastrefreshon":"29-07-2024 02:38:54","lastreceiveddatetimeflag":0,"tripposition":3}]},{"routeid":11584,"stationid":21071,"stationname":"Okalipura","from":"Bharath Nagara 2nd Stage","to":"Vidhana Soudha Karnataka High Court","routeno":"241-D BRTN-VSD","distance_on_station":14.068,"centerlat":12.98267,"centerlong":77.56837,"responsecode":200,"isnotify":0,"vehicleDetails":[{"vehicleid":12216,"vehiclenumber":"KA57F2057","servicetypeid":72,"servicetype":"Non AC/Ordinary","centerlat":12.977994,"centerlong":77.572601,"eta":"","sch_arrivaltime":"09:10","sch_departuretime":"09:10","actual_arrivaltime":"","actual_departuretime":"","sch_tripstarttime":"08:40","sch_tripendtime":"08:40","lastlocationid":0,"currentlocationid":22698,"nextlocationid":0,"currentstop":null,"nextstop":null,"laststop":null,"stopCoveredStatus":0,"heading":304,"lastrefreshon":"29-07-2024 02:38:54","lastreceiveddatetimeflag":0,"tripposition":3}]},{"routeid":11584,"stationid":22698,"stationname":"Kodays Circle","from":"Bharath Nagara 2nd Stage","to":"Vidhana Soudha Karnataka High Court","routeno":"241-D BRTN-VSD","distance_on_station":14.686,"centerlat":12.98022,"centerlong":77.57151,"responsecode":200,"isnotify":0,"vehicleDetails":[{"vehicleid":12216,"vehiclenumber":"KA57F2057","servicetypeid":72,"servicetype":"Non AC/Ordinary","centerlat":12.977994,"centerlong":77.572601,"eta":"","sch_arrivaltime":"09:11","sch_departuretime":"09:11","actual_arrivaltime":"","actual_departuretime":"","sch_tripstarttime":"08:40","sch_tripendtime":"08:40","lastlocationid":0,"currentlocationid":22698,"nextlocationid":0,"currentstop":null,"nextstop":null,"laststop":null,"stopCoveredStatus":0,"heading":304,"lastrefreshon":"29-07-2024 02:38:54","lastreceiveddatetimeflag":0,"tripposition":3}]},{"routeid":11584,"stationid":20981,"stationname":"Maharani College","from":"Bharath Nagara 2nd Stage","to":"Vidhana Soudha Karnataka High Court","routeno":"241-D BRTN-VSD","distance_on_station":16.633,"centerlat":12.97703,"centerlong":77.5858,"responsecode":200,"isnotify":0,"vehicleDetails":[{"vehicleid":12216,"vehiclenumber":"KA57F2057","servicetypeid":72,"servicetype":"Non AC/Ordinary","centerlat":12.977994,"centerlong":77.572601,"eta":"","sch_arrivaltime":"09:14","sch_departuretime":"09:14","actual_arrivaltime":"","actual_departuretime":"","sch_tripstarttime":"08:40","sch_tripendtime":"08:40","lastlocationid":0,"currentlocationid":22698,"nextlocationid":0,"currentstop":null,"nextstop":null,"laststop":null,"stopCoveredStatus":0,"heading":304,"lastrefreshon":"29-07-2024 02:38:54","lastreceiveddatetimeflag":0,"tripposition":3}]},{"routeid":11584,"stationid":21259,"stationname":"Vidhana Soudha Karnataka High Court","from":"Bharath Nagara 2nd Stage","to":"Vidhana Soudha Karnataka High Court","routeno":"241-D BRTN-VSD","distance_on_station":17.6,"centerlat":12.9802,"centerlong":77.59296,"responsecode":200,"isnotify":0,"vehicleDetails":[{"vehicleid":12216,"vehiclenumber":"KA57F2057","servicetypeid":72,"servicetype":"Non AC/Ordinary","centerlat":12.977994,"centerlong":77.572601,"eta":"","sch_arrivaltime":"09:16","sch_departuretime":"09:16","actual_arrivaltime":"","actual_departuretime":"","sch_tripstarttime":"08:40","sch_tripendtime":"08:40","lastlocationid":0,"currentlocationid":22698,"nextlocationid":0,"currentstop":null,"nextstop":null,"laststop":null,"stopCoveredStatus":0,"heading":304,"lastrefreshon":"29-07-2024 02:38:54","lastreceiveddatetimeflag":0,"tripposition":1}]}],"mapData":[{"vehicleid":12216,"vehiclenumber":"KA57F2057","servicetypeid":72,"servicetype":"Non AC/Ordinary","centerlat":12.977994,"centerlong":77.572601,"eta":"","sch_arrivaltime":"09:16","sch_departuretime":"09:16","actual_arrivaltime":"","actual_departuretime":"","sch_tripstarttime":"08:40","sch_tripendtime":"08:40","lastlocationid":0,"currentlocationid":22698,"nextlocationid":0,"currentstop":null,"nextstop":null,"laststop":null,"stopCoveredStatus":0,"heading":304,"lastrefreshon":"29-07-2024 02:38:54","lastreceiveddatetimeflag":0,"tripposition":1}]},"down":{"data":[],"mapData":[]},"message":"Success","issuccess":true,"exception":null,"rowCount":0,"responsecode":200}