{"up":{"data":[],"mapData":[]},"down":{"data":[{"routeid":5316,"stationid":21609,"stationname":"Tavarekere","from":"Aralimaradapalya","to":"Kempegowda Bus Station","routeno":"242-Y KBS-AMP","distance_on_station":0,"centerlat":12.9658,"centerlong":77.40008,"responsecode":200,"isnotify":0,"vehicleDetails":[{"vehicleid":23255,"vehiclenumber":"KA57F0777","servicetypeid":72,"servicetype":"Non AC/Ordinary","centerlat":12.972507,"centerlong":77.442184,"eta":"","sch_arrivaltime":"21:52","sch_departuretime":"21:52","actual_arrivaltime":"","actual_departuretime":"","sch_tripstarttime":"21:35","sch_tripendtime":"21:35","lastlocationid":0,"currentlocationid":21521,"nextlocationid":0,"currentstop":null,"nextstop":null,"laststop":null,"stopCoveredStatus":0,"heading":106,"lastrefreshon":"21-10-2024 14:17:15","lastreceiveddatetimeflag":0,"tripposition":3}]},{"routeid":5316,"stationid":21511,"stationname":"Ganesha Temple Tavarekere","from":"Aralimaradapalya","to":"Kempegowda Bus Station","routeno":"242-Y KBS-AMP","distance_on_station":0.383,"centerlat":12.96708,"centerlong":77.40326,"responsecode":200,"isnotify":0,"vehicleDetails":[{"vehicleid":23255,"vehiclenumber":"KA57F0777","servicetypeid":72,"servicetype":"Non AC/Ordinary","centerlat":12.972507,"centerlong":77.442184,"eta":"","sch_arrivaltime":"21:53","sch_departuretime":"21:53","actual_arrivaltime":"","actual_departuretime":"","sch_tripstarttime":"21:35","sch_tripendtime":"21:35","lastlocationid":0,"currentlocationid":21521,"nextlocationid":0,"currentstop":null,"nextstop":null,"laststop":null,"stopCoveredStatus":0,"heading":106,"lastrefreshon":"21-10-2024 14:17:15","lastreceiveddatetimeflag":0,"tripposition":3}]},{"routeid":5316,"stationid":21559,"stationname":"Lakkuppe","from":"Aralimaradapalya","to":"Kempegowda Bus Station","routeno":"242-Y KBS-AMP","distance_on_station":1.191,"centerlat":12.97004,"centerlong":77.40989,"responsecode":200,"isnotify":0,"vehicleDetails":[{"vehicleid":23255,"vehiclenumber":"KA57F0777","servicetypeid":72,"servicetype":"Non AC/Ordinary","centerlat":12.972507,"centerlong":77.442184,"eta":"","sch_arrivaltime":"21:54","sch_departuretime":"21:54","actual_arrivaltime":"","actual_departuretime":"","sch_tripstarttime":"21:35","sch_tripendtime":"21:35","lastlocationid":0,"currentlocationid":21521,"nextlocationid":0,"currentstop":null,"nextstop":null,"laststop":null,"stopCoveredStatus":0,"heading":106,"lastrefreshon":"21-10-2024 14:17:15","lastreceiveddatetimeflag":0,"tripposition":3}]},{"routeid":5316,"stationid":21481,"stationname":"Channadasipalya","from":"Aralimaradapalya","to":"Kempegowda Bus Station","routeno":"242-Y KBS-AMP","distance_on_station":1.746,"centerlat":12.97091,"centerlong":77.4147,"responsecode":200,"isnotify":0,"vehicleDetails":[{"vehicleid":23255,"vehiclenumber":"KA57F0777","servicetypeid":72,"servicetype":"Non AC/Ordinary","centerlat":12.972507,"centerlong":77.442184,"eta":"","sch_arrivaltime":"21:55","sch_departuretime":"21:55","actual_arrivaltime":"","actual_departuretime":"","sch_tripstarttime":"21:35","sch_tripendtime":"21:35","lastlocationid":0,"currentlocationid":21521,"nextlocationid":0,"currentstop":null,"nextstop":null,"laststop":null,"stopCoveredStatus":0,"heading":106,"lastrefreshon":"21-10-2024 14:17:15","lastreceiveddatetimeflag":0,"tripposition":3}]},{"routeid":5316,"stationid":21524,"stationname":"Honaganahatti","from":"Aralimaradapalya","to":"Kempegowda Bus Station","routeno":"242-Y KBS-AMP","distance_on_station":2.522,"centerlat":12.97421,"centerlong":77.42097,"responsecode":200,"isnotify":0,"vehicleDetails":[{"vehicleid":23255,"vehiclenumber":"KA57F0777","servicetypeid":72,"servicetype":"Non AC/Ordinary","centerlat":12.972507,"centerlong":77.442184,"eta":"","sch_arrivaltime":"21:56","sch_departuretime":"21:56","actual_arrivaltime":"","actual_departuretime":"","sch_tripstarttime":"21:35","sch_tripendtime":"21:35","lastlocationid":0,"currentlocationid":21521,"nextlocationid":0,"currentstop":null,"nextstop":null,"laststop":null,"stopCoveredStatus":0,"heading":106,"lastrefreshon":"21-10-2024 14:17:15","lastreceiveddatetimeflag":0,"tripposition":3}]},{"routeid":5316,"stationid":21483,"stationname":"Channenahalli","from":"Aralimaradapalya","to":"Kempegowda Bus Station","routeno":"242-Y KBS-AMP","distance_on_station":3.632,"centerlat":12.97791,"centerlong":77.43037,"responsecode":200,"isnotify":0,"vehicleDetails":[{"vehicleid":23255,"vehiclenumber":"KA57F0777","servicetypeid":72,"servicetype":"Non AC/Ordinary","centerlat":12.972507,"centerlong":77.442184,"eta":"","sch_arrivaltime":"21:57","sch_departuretime":"21:57","actual_arrivaltime":"","actual_departuretime":"","sch_tripstarttime":"21:35","sch_tripendtime":"21:35","lastlocationid":0,"currentlocationid":21521,"nextlocationid":0,"currentstop":null,"nextstop":null,"laststop":null,"stopCoveredStatus":0,"heading":106,"lastrefreshon":"21-10-2024 14:17:15","lastreceiveddatetimeflag":0,"tripposition":3}]},{"routeid":5316,"stationid":21485,"stationname":"Channenahalli Arch","from":"Aralimaradapalya","to":"Kempegowda Bus Station","routeno":"242-Y KBS-AMP","distance_on_station":4.228,"centerlat":12.97987,"centerlong":77.43545,"responsecode":200,"isnotify":0,"vehicleDetails":[{"vehicleid":23255,"vehiclenumber":"KA57F0777","servicetypeid":72,"servicetype":"Non AC/Ordinary","centerlat":12.972507,"centerlong":77.442184,"eta":"","sch_arrivaltime":"21:58","sch_departuretime":"21:58","actual_arrivaltime":"","actual_departuretime":"","sch_tripstarttime":"21:35","sch_tripendtime":"21:35","lastlocationid":0,"currentlocationid":21521,"nextlocationid":0,"currentstop":null,"nextstop":null,"laststop":null,"stopCoveredStatus":0,"heading":106,"lastrefreshon":"21-10-2024 14:17:15","lastreceiveddatetimeflag":0,"tripposition":3}]},{"routeid":5316,"stationid":21521,"stationname":"Hamsa Farm","from":"Aralimaradapalya","to":"Kempegowda Bus Station","routeno":"242-Y KBS-AMP","distance_on_station":4.722,"centerlat":12.98175,"centerlong":77.43952,"responsecode":200,"isnotify":0,"vehicleDetails":[{"vehicleid":23255,"vehiclenumber":"KA57F0777","servicetypeid":72,"servicetype":"Non AC/Ordinary","centerlat":12.972507,"centerlong":77.442184,"eta":"","sch_arrivaltime":"21:59","sch_departuretime":"21:59","actual_arrivaltime":"","actual_departuretime":"","sch_tripstarttime":"21:35","sch_tripendtime":"21:35","lastlocationid":0,"currentlocationid":21521,"nextlocationid":0,"currentstop":null,"nextstop":null,"laststop":null,"stopCoveredStatus":0,"heading":106,"lastrefreshon":"21-10-2024 14:17:15","lastreceiveddatetimeflag":0,"tripposition":3}]},{"routeid":5316,"stationid":21598,"stationname":"Seegehalli Gate","from":"Aralimaradapalya","to":"Kempegowda Bus Station","routeno":"242-Y KBS-AMP","distance_on_station":5.257,"centerlat":12.98408,"centerlong":77.44376,"responsecode":200,"isnotify":0,"vehicleDetails":[{"vehicleid":23255,"vehiclenumber":"KA57F0777","servicetypeid":72,"servicetype":"Non AC/Ordinary","centerlat":12.972507,"centerlong":77.442184,"eta":"","sch_arrivaltime":"22:00","sch_departuretime":"22:00","actual_arrivaltime":"","actual_departuretime":"","sch_tripstarttime":"21:35","sch_tripendtime":"21:35","lastlocationid":0,"currentlocationid":21521,"nextlocationid":0,"currentstop":null,"nextstop":null,"laststop":null,"stopCoveredStatus":0,"heading":106,"lastrefreshon":"21-10-2024 14:17:15","lastreceiveddatetimeflag":0,"tripposition":3}]},{"routeid":5316,"stationid":21548,"stationname":"Kadabagere Cross","from":"Aralimaradapalya","to":"Kempegowda Bus Station","routeno":"242-Y KBS-AMP","distance_on_station":6.114,"centerlat":12.98912,"centerlong":77.44947,"responsecode":200,"isnotify":0,"vehicleDetails":[{"vehicleid":23255,"vehiclenumber":"KA57F0777","servicetypeid":72,"servicetype":"Non AC/Ordinary","centerlat":12.972507,"centerlong":77.442184,"eta":"","sch_arrivaltime":"22:01","sch_departuretime":"22:01","actual_arrivaltime":"","actual_departuretime":"","sch_tripstarttime":"21:35","sch_tripendtime":"21:35","lastlocationid":0,"currentlocationid":21521,"nextlocationid":0,"currentstop":null,"nextstop":null,"laststop":null,"stopCoveredStatus":0,"heading":106,"lastrefreshon":"21-10-2024 14:17:15","lastreceiveddatetimeflag":0,"tripposition":3}]},{"routeid":5316,"stationid":21561,"stationname":"Machohalli Gate","from":"Aralimaradapalya","to":"Kempegowda Bus Station","routeno":"242-Y KBS-AMP","distance_on_station":6.679,"centerlat":12.99088,"centerlong":77.45429,"responsecode":200,"isnotify":0,"vehicleDetails":[{"vehicleid":23255,"vehiclenumber":"KA57F0777","servicetypeid":72,"servicetype":"Non AC/Ordinary","centerlat":12.972507,"centerlong":77.442184,"eta":"","sch_arrivaltime":"22:02","sch_departuretime":"22:02","actual_arrivaltime":"","actual_departuretime":"","sch_tripstarttime":"21:35","sch_tripendtime":"21:35","lastlocationid":0,"currentlocationid":21521,"nextlocationid":0,"currentstop":null,"nextstop":null,"laststop":null,"stopCoveredStatus":0,"heading":106,"lastrefreshon":"21-10-2024 14:17:15","lastreceiveddatetimeflag":0,"tripposition":3}]},{"routeid":5316,"stationid":21509,"stationname":"Forest Gate","from":"Aralimaradapalya","to":"Kempegowda Bus Station","routeno":"242-Y KBS-AMP","distance_on_station":7.265,"centerlat":12.99185,"centerlong":77.45952,"responsecode":200,"isnotify":0,"vehicleDetails":[{"vehicleid":23255,"vehiclenumber":"KA57F0777","servicetypeid":72,"servicetype":"Non AC/Ordinary","centerlat":12.972507,"centerlong":77.442184,"eta":"","sch_arrivaltime":"22:03","sch_departuretime":"22:03","actual_arrivaltime":"","actual_departuretime":"","sch_tripstarttime":"21:35","sch_tripendtime":"21:35","lastlocationid":0,"currentlocationid":21521,"nextlocationid":0,"currentstop":null,"nextstop":null,"laststop":null,"stopCoveredStatus":0,"heading":106,"lastrefreshon":"21-10-2024 14:17:15","lastreceiveddatetimeflag":0,"tripposition":3}]},{"routeid":5316,"stationid":21487,"stationname":"Chikka Gollarahatti","from":"Aralimaradapalya","to":"Kempegowda Bus Station","routeno":"242-Y KBS-AMP","distance_on_station":7.93,"centerlat":12.99147,"centerlong":77.46559,"responsecode":200,"isnotify":0,"vehicleDetails":[{"vehicleid":23255,"vehiclenumber":"KA57F0777","servicetypeid":72,"servicetype":"Non AC/Ordinary","centerlat":12.972507,"centerlong":77.442184,"eta":"","sch_arrivaltime":"22:04","sch_departuretime":"22:04","actual_arrivaltime":"","actual_departuretime":"","sch_tripstarttime":"21:35","sch_tripendtime":"21:35","lastlocationid":0,"currentlocationid":21521,"nextlocationid":0,"currentstop":null,"nextstop":null,"laststop":null,"stopCoveredStatus":0,"heading":106,"lastrefreshon":"21-10-2024 14:17:15","lastreceiveddatetimeflag":0,"tripposition":3}]},{"routeid":5316,"stationid":21546,"stationname":"Kachohalli Gate","from":"Aralimaradapalya","to":"Kempegowda Bus Station","routeno":"242-Y KBS-AMP","distance_on_station":8.284,"centerlat":12.99056,"centerlong":77.46871,"responsecode":200,"isnotify":0,"vehicleDetails":[{"vehicleid":23255,"vehiclenumber":"KA57F0777","servicetypeid":72,"servicetype":"Non AC/Ordinary","centerlat":12.972507,"centerlong":77.442184,"eta":"","sch_arrivaltime":"22:05","sch_departuretime":"22:05","actual_arrivaltime":"","actual_departuretime":"","sch_tripstarttime":"21:35","sch_tripendtime":"21:35","lastlocationid":0,"currentlocationid":21521,"nextlocationid":0,"currentstop":null,"nextstop":null,"laststop":null,"stopCoveredStatus":0,"heading":106,"lastrefreshon":"21-10-2024 14:17:15","lastreceiveddatetimeflag":0,"tripposition":3}]},{"routeid":5316,"stationid":21515,"stationname":"Gollarahatti","from":"Aralimaradapalya","to":"Kempegowda Bus Station","routeno":"242-Y KBS-AMP","distance_on_station":8.778,"centerlat":12.98862,"centerlong":77.47274,"responsecode":200,"isnotify":0,"vehicleDetails":[{"vehicleid":23255,"vehiclenumber":"KA57F0777","servicetypeid":72,"servicetype":"Non AC/Ordinary","centerlat":12.972507,"centerlong":77.442184,"eta":"","sch_arrivaltime":"22:06","sch_departuretime":"22:06","actual_arrivaltime":"","actual_departuretime":"","sch_tripstarttime":"21:35","sch_tripendtime":"21:35","lastlocationid":0,"currentlocationid":21521,"nextlocationid":0,"currentstop":null,"nextstop":null,"laststop":null,"stopCoveredStatus":0,"heading":106,"lastrefreshon":"21-10-2024 14:17:15","lastreceiveddatetimeflag":0,"tripposition":3}]},{"routeid":5316,"stationid":21492,"stationname":"College Cross Byadarahalli","from":"Aralimaradapalya","to":"Kempegowda Bus Station","routeno":"242-Y KBS-AMP","distance_on_station":9.585,"centerlat":12.98569,"centerlong":77.47952,"responsecode":200,"isnotify":0,"vehicleDetails":[{"vehicleid":23255,"vehiclenumber":"KA57F0777","servicetypeid":72,"servicetype":"Non AC/Ordinary","centerlat":12.972507,"centerlong":77.442184,"eta":"","sch_arrivaltime":"22:08","sch_departuretime":"22:08","actual_arrivaltime":"","actual_departuretime":"","sch_tripstarttime":"21:35","sch_tripendtime":"21:35","lastlocationid":0,"currentlocationid":21521,"nextlocationid":0,"currentstop":null,"nextstop":null,"laststop":null,"stopCoveredStatus":0,"heading":106,"lastrefreshon":"21-10-2024 14:17:15","lastreceiveddatetimeflag":0,"tripposition":3}]},{"routeid":5316,"stationid":21474,"stationname":"Byadarahalli","from":"Aralimaradapalya","to":"Kempegowda Bus Station","routeno":"242-Y KBS-AMP","distance_on_station":9.858,"centerlat":12.9852,"centerlong":77.48196,"responsecode":200,"isnotify":0,"vehicleDetails":[{"vehicleid":23255,"vehiclenumber":"KA57F0777","servicetypeid":72,"servicetype":"Non AC/Ordinary","centerlat":12.972507,"centerlong":77.442184,"eta":"","sch_arrivaltime":"22:09","sch_departuretime":"22:09","actual_arrivaltime":"","actual_departuretime":"","sch_tripstarttime":"21:35","sch_tripendtime":"21:35","lastlocationid":0,"currentlocationid":21521,"nextlocationid":0,"currentstop":null,"nextstop":null,"laststop":null,"stopCoveredStatus":0,"heading":106,"lastrefreshon":"21-10-2024 14:17:15","lastreceiveddatetimeflag":0,"tripposition":3}]},{"routeid":5316,"stationid":24294,"stationname":"East West College Cross","from":"Aralimaradapalya","to":"Kempegowda Bus Station","routeno":"242-Y KBS-AMP","distance_on_station":10.342,"centerlat":12.98568,"centerlong":77.48629,"responsecode":200,"isnotify":0,"vehicleDetails":[{"vehicleid":23255,"vehiclenumber":"KA57F0777","servicetypeid":72,"servicetype":"Non AC/Ordinary","centerlat":12.972507,"centerlong":77.442184,"eta":"","sch_arrivaltime":"22:10","sch_departuretime":"22:10","actual_arrivaltime":"","actual_departuretime":"","sch_tripstarttime":"21:35","sch_tripendtime":"21:35","lastlocationid":0,"currentlocationid":21521,"nextlocationid":0,"currentstop":null,"nextstop":null,"laststop":null,"stopCoveredStatus":0,"heading":106,"lastrefreshon":"21-10-2024 14:17:15","lastreceiveddatetimeflag":0,"tripposition":3}]},{"routeid":5316,"stationid":21455,"stationname":"Anjananagara","from":"Aralimaradapalya","to":"Kempegowda Bus Station","routeno":"242-Y KBS-AMP","distance_on_station":10.554,"centerlat":12.98617,"centerlong":77.48817,"responsecode":200,"isnotify":0,"vehicleDetails":[{"vehicleid":23255,"vehiclenumber":"KA57F0777","servicetypeid":72,"servicetype":"Non AC/Ordinary","centerlat":12.972507,"centerlong":77.442184,"eta":"","sch_arrivaltime":"22:11","sch_departuretime":"22:11","actual_arrivaltime":"","actual_departuretime":"","sch_tripstarttime":"21:35","sch_tripendtime":"21:35","lastlocationid":0,"currentlocationid":21521,"nextlocationid":0,"currentstop":null,"nextstop":null,"laststop":null,"stopCoveredStatus":0,"heading":106,"lastrefreshon":"21-10-2024 14:17:15","lastreceiveddatetimeflag":0,"tripposition":3}]},{"routeid":5316,"stationid":21523,"stationname":"Herohalli Cross1","from":"Aralimaradapalya","to":"Kempegowda Bus Station","routeno":"242-Y KBS-AMP","distance_on_station":11.038,"centerlat":12.98736,"centerlong":77.4924,"responsecode":200,"isnotify":0,"vehicleDetails":[{"vehicleid":23255,"vehiclenumber":"KA57F0777","servicetypeid":72,"servicetype":"Non AC/Ordinary","centerlat":12.972507,"centerlong":77.442184,"eta":"","sch_arrivaltime":"22:12","sch_departuretime":"22:12","actual_arrivaltime":"","actual_departuretime":"","sch_tripstarttime":"21:35","sch_tripendtime":"21:35","lastlocationid":0,"currentlocationid":21521,"nextlocationid":0,"currentstop":null,"nextstop":null,"laststop":null,"stopCoveredStatus":0,"heading":106,"lastrefreshon":"21-10-2024 14:17:15","lastreceiveddatetimeflag":0,"tripposition":3}]},{"routeid":5316,"stationid":20874,"stationname":"Janapriya Apartment","from":"Aralimaradapalya","to":"Kempegowda Bus Station","routeno":"242-Y KBS-AMP","distance_on_station":11.825,"centerlat":12.98895,"centerlong":77.49938,"responsecode":200,"isnotify":0,"vehicleDetails":[{"vehicleid":23255,"vehiclenumber":"KA57F0777","servicetypeid":72,"servicetype":"Non AC/Ordinary","centerlat":12.972507,"centerlong":77.442184,"eta":"","sch_arrivaltime":"22:13","sch_departuretime":"22:13","actual_arrivaltime":"","actual_departuretime":"","sch_tripstarttime":"21:35","sch_tripendtime":"21:35","lastlocationid":0,"currentlocationid":21521,"nextlocationid":0,"currentstop":null,"nextstop":null,"laststop":null,"stopCoveredStatus":0,"heading":106,"lastrefreshon":"21-10-2024 14:17:15","lastreceiveddatetimeflag":0,"tripposition":3}]},{"routeid":5316,"stationid":21205,"stationname":"Sunkadakatte","from":"Aralimaradapalya","to":"Kempegowda Bus Station","routeno":"242-Y KBS-AMP","distance_on_station":12.632,"centerlat":12.98946,"centerlong":77.50638,"responsecode":200,"isnotify":0,"vehicleDetails":[{"vehicleid":23255,"vehiclenumber":"KA57F0777","servicetypeid":72,"servicetype":"Non AC/Ordinary","centerlat":12.972507,"centerlong":77.442184,"eta":"","sch_arrivaltime":"22:15","sch_departuretime":"22:15","actual_arrivaltime":"","actual_departuretime":"","sch_tripstarttime":"21:35","sch_tripendtime":"21:35","lastlocationid":0,"currentlocationid":21521,"nextlocationid":0,"currentstop":null,"nextstop":null,"laststop":null,"stopCoveredStatus":0,"heading":106,"lastrefreshon":"21-10-2024 14:17:15","lastreceiveddatetimeflag":0,"tripposition":3}]},{"routeid":5316,"stationid":20936,"stationname":"Kottigepalya","from":"Aralimaradapalya","to":"Kempegowda Bus Station","routeno":"242-Y KBS-AMP","distance_on_station":13.52,"centerlat":12.98786,"centerlong":77.51405,"responsecode":200,"isnotify":0,"vehicleDetails":[{"vehicleid":23255,"vehiclenumber":"KA57F0777","servicetypeid":72,"servicetype":"Non AC/Ordinary","centerlat":12.972507,"centerlong":77.442184,"eta":"","sch_arrivaltime":"22:17","sch_departuretime":"22:17","actual_arrivaltime":"","actual_departuretime":"","sch_tripstarttime":"21:35","sch_tripendtime":"21:35","lastlocationid":0,"currentlocationid":21521,"nextlocationid":0,"currentstop":null,"nextstop":null,"laststop":null,"stopCoveredStatus":0,"heading":106,"lastrefreshon":"21-10-2024 14:17:15","lastreceiveddatetimeflag":0,"tripposition":3}]},{"routeid":5316,"stationid":21203,"stationname":"Summanahalli","from":"Aralimaradapalya","to":"Kempegowda Bus Station","routeno":"242-Y KBS-AMP","distance_on_station":14.297,"centerlat":12.98682,"centerlong":77.52077,"responsecode":200,"isnotify":0,"vehicleDetails":[{"vehicleid":23255,"vehiclenumber":"KA57F0777","servicetypeid":72,"servicetype":"Non AC/Ordinary","centerlat":12.972507,"centerlong":77.442184,"eta":"","sch_arrivaltime":"22:18","sch_departuretime":"22:18","actual_arrivaltime":"","actual_departuretime":"","sch_tripstarttime":"21:35","sch_tripendtime":"21:35","lastlocationid":0,"currentlocationid":21521,"nextlocationid":0,"currentstop":null,"nextstop":null,"laststop":null,"stopCoveredStatus":0,"heading":106,"lastrefreshon":"21-10-2024 14:17:15","lastreceiveddatetimeflag":0,"tripposition":3}]},{"routeid":5316,"stationid":20905,"stationname":"Kamakshipalya","from":"Aralimaradapalya","to":"Kempegowda Bus Station","routeno":"242-Y KBS-AMP","distance_on_station":15.407,"centerlat":12.98385,"centerlong":77.52924,"responsecode":200,"isnotify":0,"vehicleDetails":[{"vehicleid":23255,"vehiclenumber":"KA57F0777","servicetypeid":72,"servicetype":"Non AC/Ordinary","centerlat":12.972507,"centerlong":77.442184,"eta":"","sch_arrivaltime":"22:20","sch_departuretime":"22:20","actual_arrivaltime":"","actual_departuretime":"","sch_tripstarttime":"21:35","sch_tripendtime":"21:35","lastlocationid":0,"currentlocationid":21521,"nextlocationid":0,"currentstop":null,"nextstop":null,"laststop":null,"stopCoveredStatus":0,"heading":106,"lastrefreshon":"21-10-2024 14:17:15","lastreceiveddatetimeflag":0,"tripposition":3}]},{"routeid":5316,"stationid":20929,"stationname":"KHB Colony","from":"Aralimaradapalya","to":"Kempegowda Bus Station","routeno":"242-Y KBS-AMP","distance_on_station":16.154,"centerlat":12.98142,"centerlong":77.53525,"responsecode":200,"isnotify":0,"vehicleDetails":[{"vehicleid":23255,"vehiclenumber":"KA57F0777","servicetypeid":72,"servicetype":"Non AC/Ordinary","centerlat":12.972507,"centerlong":77.442184,"eta":"","sch_arrivaltime":"22:21","sch_departuretime":"22:21","actual_arrivaltime":"","actual_departuretime":"","sch_tripstarttime":"21:35","sch_tripendtime":"21:35","lastlocationid":0,"currentlocationid":21521,"nextlocationid":0,"currentstop":null,"nextstop":null,"laststop":null,"stopCoveredStatus":0,"heading":106,"lastrefreshon":"21-10-2024 14:17:15","lastreceiveddatetimeflag":0,"tripposition":3}]},{"routeid":5316,"stationid":20599,"stationname":"Agrahara Dasarahalli","from":"Aralimaradapalya","to":"Kempegowda Bus Station","routeno":"242-Y KBS-AMP","distance_on_station":17.052,"centerlat":12.97853,"centerlong":77.54293,"responsecode":200,"isnotify":0,"vehicleDetails":[{"vehicleid":23255,"vehiclenumber":"KA57F0777","servicetypeid":72,"servicetype":"Non AC/Ordinary","centerlat":12.972507,"centerlong":77.442184,"eta":"","sch_arrivaltime":"22:23","sch_departuretime":"22:23","actual_arrivaltime":"","actual_departuretime":"","sch_tripstarttime":"21:35","sch_tripendtime":"21:35","lastlocationid":0,"currentlocationid":21521,"nextlocationid":0,"currentstop":null,"nextstop":null,"laststop":null,"stopCoveredStatus":0,"heading":106,"lastrefreshon":"21-10-2024 14:17:15","lastreceiveddatetimeflag":0,"tripposition":3}]},{"routeid":5316,"stationid":20976,"stationname":"Magadi Road TollGate","from":"Aralimaradapalya","to":"Kempegowda Bus Station","routeno":"242-Y KBS-AMP","distance_on_station":17.879,"centerlat":12.97459,"centerlong":77.54897,"responsecode":200,"isnotify":0,"vehicleDetails":[{"vehicleid":23255,"vehiclenumber":"KA57F0777","servicetypeid":72,"servicetype":"Non AC/Ordinary","centerlat":12.972507,"centerlong":77.442184,"eta":"","sch_arrivaltime":"22:24","sch_departuretime":"22:24","actual_arrivaltime":"","actual_departuretime":"","sch_tripstarttime":"21:35","sch_tripendtime":"21:35","lastlocationid":0,"currentlocationid":21521,"nextlocationid":0,"currentstop":null,"nextstop":null,"laststop":null,"stopCoveredStatus":0,"heading":106,"lastrefreshon":"21-10-2024 14:17:15","lastreceiveddatetimeflag":0,"tripposition":3}]},{"routeid":5316,"stationid":21102,"stationname":"Prasanna Theatre","from":"Aralimaradapalya","to":"Kempegowda Bus Station","routeno":"242-Y KBS-AMP","distance_on_station":18.404,"centerlat":12.97542,"centerlong":77.55288,"responsecode":200,"isnotify":0,"vehicleDetails":[{"vehicleid":23255,"vehiclenumber":"KA57F0777","servicetypeid":72,"servicetype":"Non AC/Ordinary","centerlat":12.972507,"centerlong":77.442184,"eta":"","sch_arrivaltime":"22:25","sch_departuretime":"22:25","actual_arrivaltime":"","actual_departuretime":"","sch_tripstarttime":"21:35","sch_tripendtime":"21:35","lastlocationid":0,"currentlocationid":21521,"nextlocationid":0,"currentstop":null,"nextstop":null,"laststop":null,"stopCoveredStatus":0,"heading":106,"lastrefreshon":"21-10-2024 14:17:15","lastreceiveddatetimeflag":0,"tripposition":3}]},{"routeid":5316,"stationid":38800,"stationname":"Magadi Road Metro Station","from":"Aralimaradapalya","to":"Kempegowda Bus Station","routeno":"242-Y KBS-AMP","distance_on_station":18.615,"centerlat":12.97562,"centerlong":77.55479,"responsecode":200,"isnotify":0,"vehicleDetails":[{"vehicleid":23255,"vehiclenumber":"KA57F0777","servicetypeid":72,"servicetype":"Non AC/Ordinary","centerlat":12.972507,"centerlong":77.442184,"eta":"","sch_arrivaltime":"22:26","sch_departuretime":"22:26","actual_arrivaltime":"","actual_departuretime":"","sch_tripstarttime":"21:35","sch_tripendtime":"21:35","lastlocationid":0,"currentlocationid":21521,"nextlocationid":0,"currentstop":null,"nextstop":null,"laststop":null,"stopCoveredStatus":0,"heading":106,"lastrefreshon":"21-10-2024 14:17:15","lastreceiveddatetimeflag":0,"tripposition":3}]},{"routeid":5316,"stationid":20559,"stationname":"10th Cross Magadi Road","from":"Aralimaradapalya","to":"Kempegowda Bus Station","routeno":"242-Y KBS-AMP","distance_on_station":18.868,"centerlat":12.97574,"centerlong":77.55706,"responsecode":200,"isnotify":0,"vehicleDetails":[{"vehicleid":23255,"vehiclenumber":"KA57F0777","servicetypeid":72,"servicetype":"Non AC/Ordinary","centerlat":12.972507,"centerlong":77.442184,"eta":"","sch_arrivaltime":"22:27","sch_departuretime":"22:27","actual_arrivaltime":"","actual_departuretime":"","sch_tripstarttime":"21:35","sch_tripendtime":"21:35","lastlocationid":0,"currentlocationid":21521,"nextlocationid":0,"currentstop":null,"nextstop":null,"laststop":null,"stopCoveredStatus":0,"heading":106,"lastrefreshon":"21-10-2024 14:17:15","lastreceiveddatetimeflag":0,"tripposition":3}]},{"routeid":5316,"stationid":20585,"stationname":"5th Cross Magadi Road","from":"Aralimaradapalya","to":"Kempegowda Bus Station","routeno":"242-Y KBS-AMP","distance_on_station":19.271,"centerlat":12.97578,"centerlong":77.56071,"responsecode":200,"isnotify":0,"vehicleDetails":[{"vehicleid":23255,"vehiclenumber":"KA57F0777","servicetypeid":72,"servicetype":"Non AC/Ordinary","centerlat":12.972507,"centerlong":77.442184,"eta":"","sch_arrivaltime":"22:28","sch_departuretime":"22:28","actual_arrivaltime":"","actual_departuretime":"","sch_tripstarttime":"21:35","sch_tripendtime":"21:35","lastlocationid":0,"currentlocationid":21521,"nextlocationid":0,"currentstop":null,"nextstop":null,"laststop":null,"stopCoveredStatus":0,"heading":106,"lastrefreshon":"21-10-2024 14:17:15","lastreceiveddatetimeflag":0,"tripposition":3}]},{"routeid":5316,"stationid":20578,"stationname":"1st Cross Magadi Road","from":"Aralimaradapalya","to":"Kempegowda Bus Station","routeno":"242-Y KBS-AMP","distance_on_station":19.493,"centerlat":12.97569,"centerlong":77.5628,"responsecode":200,"isnotify":0,"vehicleDetails":[{"vehicleid":23255,"vehiclenumber":"KA57F0777","servicetypeid":72,"servicetype":"Non AC/Ordinary","centerlat":12.972507,"centerlong":77.442184,"eta":"","sch_arrivaltime":"22:29","sch_departuretime":"22:29","actual_arrivaltime":"","actual_departuretime":"","sch_tripstarttime":"21:35","sch_tripendtime":"21:35","lastlocationid":0,"currentlocationid":21521,"nextlocationid":0,"currentstop":null,"nextstop":null,"laststop":null,"stopCoveredStatus":0,"heading":106,"lastrefreshon":"21-10-2024 14:17:15","lastreceiveddatetimeflag":0,"tripposition":3}]},{"routeid":5316,"stationid":21026,"stationname":"Minerva Mill","from":"Aralimaradapalya","to":"Kempegowda Bus Station","routeno":"242-Y KBS-AMP","distance_on_station":20.089,"centerlat":12.97945,"centerlong":77.56435,"responsecode":200,"isnotify":0,"vehicleDetails":[{"vehicleid":23255,"vehiclenumber":"KA57F0777","servicetypeid":72,"servicetype":"Non AC/Ordinary","centerlat":12.972507,"centerlong":77.442184,"eta":"","sch_arrivaltime":"22:30","sch_departuretime":"22:30","actual_arrivaltime":"","actual_departuretime":"","sch_tripstarttime":"21:35","sch_tripendtime":"21:35","lastlocationid":0,"currentlocationid":21521,"nextlocationid":0,"currentstop":null,"nextstop":null,"laststop":null,"stopCoveredStatus":0,"heading":106,"lastrefreshon":"21-10-2024 14:17:15","lastreceiveddatetimeflag":0,"tripposition":3}]},{"routeid":5316,"stationid":21071,"stationname":"Okalipura","from":"Aralimaradapalya","to":"Kempegowda Bus Station","routeno":"242-Y KBS-AMP","distance_on_station":20.835,"centerlat":12.98267,"centerlong":77.56837,"responsecode":200,"isnotify":0,"vehicleDetails":[{"vehicleid":23255,"vehiclenumber":"KA57F0777","servicetypeid":72,"servicetype":"Non AC/Ordinary","centerlat":12.972507,"centerlong":77.442184,"eta":"","sch_arrivaltime":"22:31","sch_departuretime":"22:31","actual_arrivaltime":"","actual_departuretime":"","sch_tripstarttime":"21:35","sch_tripendtime":"21:35","lastlocationid":0,"currentlocationid":21521,"nextlocationid":0,"currentstop":null,"nextstop":null,"laststop":null,"stopCoveredStatus":0,"heading":106,"lastrefreshon":"21-10-2024 14:17:15","lastreceiveddatetimeflag":0,"tripposition":3}]},{"routeid":5316,"stationid":20922,"stationname":"Kempegowda Bus Station","from":"Aralimaradapalya","to":"Kempegowda Bus Station","routeno":"242-Y KBS-AMP","distance_on_station":22.5,"centerlat":12.97749,"centerlong":77.57327,"responsecode":200,"isnotify":0,"vehicleDetails":[{"vehicleid":23255,"vehiclenumber":"KA57F0777","servicetypeid":72,"servicetype":"Non AC/Ordinary","centerlat":12.972507,"centerlong":77.442184,"eta":"","sch_arrivaltime":"22:35","sch_departuretime":"22:35","actual_arrivaltime":"","actual_departuretime":"","sch_tripstarttime":"21:35","sch_tripendtime":"21:35","lastlocationid":0,"currentlocationid":21521,"nextlocationid":0,"currentstop":null,"nextstop":null,"laststop":null,"stopCoveredStatus":0,"heading":106,"lastrefreshon":"21-10-2024 14:17:15","lastreceiveddatetimeflag":0,"tripposition":3}]}],"mapData":[{"vehicleid":23255,"vehiclenumber":"KA57F0777","servicetypeid":72,"servicetype":"Non AC/Ordinary","centerlat":12.972507,"centerlong":77.442184,"eta":"","sch_arrivaltime":"22:35","sch_departuretime":"22:35","actual_arrivaltime":"","actual_departuretime":"","sch_tripstarttime":"21:35","sch_tripendtime":"21:35","lastlocationid":0,"currentlocationid":21521,"nextlocationid":0,"currentstop":null,"nextstop":null,"laststop":null,"stopCoveredStatus":0,"heading":106,"lastrefreshon":"21-10-2024 14:17:15","lastreceiveddatetimeflag":0,"tripposition":3}]},"message":"Success","issuccess":true,"exception":null,"rowCount":0,"responsecode":200}