{"up":{"data":[{"routeid":4969,"stationid":20921,"stationname":"Kempegowda Bus Station","from":"Kempegowda Bus Station","to":"Huluvenahalli","routeno":"242-P KBS-HVLH","distance_on_station":0,"centerlat":12.97751,"centerlong":77.57141,"responsecode":200,"isnotify":0,"vehicleDetails":[{"vehicleid":11755,"vehiclenumber":"KA57F3556","servicetypeid":72,"servicetype":"Non AC/Ordinary","centerlat":12.919454,"centerlong":77.365768,"eta":"","sch_arrivaltime":"19:50","sch_departuretime":"19:50","actual_arrivaltime":"19:46","actual_departuretime":"19:46","sch_tripstarttime":"19:50","sch_tripendtime":"19:50","lastlocationid":0,"currentlocationid":32998,"nextlocationid":0,"currentstop":null,"nextstop":null,"laststop":null,"stopCoveredStatus":1,"heading":113,"lastrefreshon":"26-07-2024 21:58:04","lastreceiveddatetimeflag":1,"tripposition":1}]},{"routeid":4969,"stationid":35387,"stationname":"Okalipura","from":"Kempegowda Bus Station","to":"Huluvenahalli","routeno":"242-P KBS-HVLH","distance_on_station":0.906,"centerlat":12.98229,"centerlong":77.56783,"responsecode":200,"isnotify":0,"vehicleDetails":[{"vehicleid":11755,"vehiclenumber":"KA57F3556","servicetypeid":72,"servicetype":"Non AC/Ordinary","centerlat":12.919454,"centerlong":77.365768,"eta":"","sch_arrivaltime":"19:52","sch_departuretime":"19:52","actual_arrivaltime":"19:49","actual_departuretime":"19:49","sch_tripstarttime":"19:50","sch_tripendtime":"19:50","lastlocationid":0,"currentlocationid":32998,"nextlocationid":0,"currentstop":null,"nextstop":null,"laststop":null,"stopCoveredStatus":1,"heading":113,"lastrefreshon":"26-07-2024 21:58:04","lastreceiveddatetimeflag":1,"tripposition":1}]},{"routeid":4969,"stationid":21025,"stationname":"Minerva Mill","from":"Kempegowda Bus Station","to":"Huluvenahalli","routeno":"242-P KBS-HVLH","distance_on_station":1.559,"centerlat":12.9795,"centerlong":77.56445,"responsecode":200,"isnotify":0,"vehicleDetails":[{"vehicleid":11755,"vehiclenumber":"KA57F3556","servicetypeid":72,"servicetype":"Non AC/Ordinary","centerlat":12.919454,"centerlong":77.365768,"eta":"","sch_arrivaltime":"19:53","sch_departuretime":"19:53","actual_arrivaltime":"19:50","actual_departuretime":"19:51","sch_tripstarttime":"19:50","sch_tripendtime":"19:50","lastlocationid":0,"currentlocationid":32998,"nextlocationid":0,"currentstop":null,"nextstop":null,"laststop":null,"stopCoveredStatus":1,"heading":113,"lastrefreshon":"26-07-2024 21:58:04","lastreceiveddatetimeflag":1,"tripposition":1}]},{"routeid":4969,"stationid":20577,"stationname":"1st Cross Magadi Road","from":"Kempegowda Bus Station","to":"Huluvenahalli","routeno":"242-P KBS-HVLH","distance_on_station":2.171,"centerlat":12.97569,"centerlong":77.563,"responsecode":200,"isnotify":0,"vehicleDetails":[{"vehicleid":11755,"vehiclenumber":"KA57F3556","servicetypeid":72,"servicetype":"Non AC/Ordinary","centerlat":12.919454,"centerlong":77.365768,"eta":"","sch_arrivaltime":"19:54","sch_departuretime":"19:54","actual_arrivaltime":"19:52","actual_departuretime":"19:52","sch_tripstarttime":"19:50","sch_tripendtime":"19:50","lastlocationid":0,"currentlocationid":32998,"nextlocationid":0,"currentstop":null,"nextstop":null,"laststop":null,"stopCoveredStatus":1,"heading":113,"lastrefreshon":"26-07-2024 21:58:04","lastreceiveddatetimeflag":1,"tripposition":1}]},{"routeid":4969,"stationid":20584,"stationname":"5th Cross Magadi Road","from":"Kempegowda Bus Station","to":"Huluvenahalli","routeno":"242-P KBS-HVLH","distance_on_station":2.424,"centerlat":12.97567,"centerlong":77.56081,"responsecode":200,"isnotify":0,"vehicleDetails":[{"vehicleid":11755,"vehiclenumber":"KA57F3556","servicetypeid":72,"servicetype":"Non AC/Ordinary","centerlat":12.919454,"centerlong":77.365768,"eta":"","sch_arrivaltime":"19:55","sch_departuretime":"19:55","actual_arrivaltime":"19:53","actual_departuretime":"19:53","sch_tripstarttime":"19:50","sch_tripendtime":"19:50","lastlocationid":0,"currentlocationid":32998,"nextlocationid":0,"currentstop":null,"nextstop":null,"laststop":null,"stopCoveredStatus":1,"heading":113,"lastrefreshon":"26-07-2024 21:58:04","lastreceiveddatetimeflag":1,"tripposition":1}]},{"routeid":4969,"stationid":20558,"stationname":"10th Cross Magadi Road","from":"Kempegowda Bus Station","to":"Huluvenahalli","routeno":"242-P KBS-HVLH","distance_on_station":3.014,"centerlat":12.97556,"centerlong":77.55562,"responsecode":200,"isnotify":0,"vehicleDetails":[{"vehicleid":11755,"vehiclenumber":"KA57F3556","servicetypeid":72,"servicetype":"Non AC/Ordinary","centerlat":12.919454,"centerlong":77.365768,"eta":"","sch_arrivaltime":"19:56","sch_departuretime":"19:56","actual_arrivaltime":"19:55","actual_departuretime":"19:55","sch_tripstarttime":"19:50","sch_tripendtime":"19:50","lastlocationid":0,"currentlocationid":32998,"nextlocationid":0,"currentstop":null,"nextstop":null,"laststop":null,"stopCoveredStatus":1,"heading":113,"lastrefreshon":"26-07-2024 21:58:04","lastreceiveddatetimeflag":1,"tripposition":1}]},{"routeid":4969,"stationid":38801,"stationname":"Magadi Road Metro Station","from":"Kempegowda Bus Station","to":"Huluvenahalli","routeno":"242-P KBS-HVLH","distance_on_station":3.098,"centerlat":12.97553,"centerlong":77.55486,"responsecode":200,"isnotify":0,"vehicleDetails":[{"vehicleid":11755,"vehiclenumber":"KA57F3556","servicetypeid":72,"servicetype":"Non AC/Ordinary","centerlat":12.919454,"centerlong":77.365768,"eta":"","sch_arrivaltime":"19:57","sch_departuretime":"19:57","actual_arrivaltime":"19:55","actual_departuretime":"19:56","sch_tripstarttime":"19:50","sch_tripendtime":"19:50","lastlocationid":0,"currentlocationid":32998,"nextlocationid":0,"currentstop":null,"nextstop":null,"laststop":null,"stopCoveredStatus":1,"heading":113,"lastrefreshon":"26-07-2024 21:58:04","lastreceiveddatetimeflag":1,"tripposition":1}]},{"routeid":4969,"stationid":21101,"stationname":"Prasanna Theatre","from":"Kempegowda Bus Station","to":"Huluvenahalli","routeno":"242-P KBS-HVLH","distance_on_station":3.572,"centerlat":12.97401,"centerlong":77.55122,"responsecode":200,"isnotify":0,"vehicleDetails":[{"vehicleid":11755,"vehiclenumber":"KA57F3556","servicetypeid":72,"servicetype":"Non AC/Ordinary","centerlat":12.919454,"centerlong":77.365768,"eta":"","sch_arrivaltime":"19:58","sch_departuretime":"19:58","actual_arrivaltime":"19:57","actual_departuretime":"19:57","sch_tripstarttime":"19:50","sch_tripendtime":"19:50","lastlocationid":0,"currentlocationid":32998,"nextlocationid":0,"currentstop":null,"nextstop":null,"laststop":null,"stopCoveredStatus":1,"heading":113,"lastrefreshon":"26-07-2024 21:58:04","lastreceiveddatetimeflag":1,"tripposition":1}]},{"routeid":4969,"stationid":28613,"stationname":"Magadi Road Tollgate","from":"Kempegowda Bus Station","to":"Huluvenahalli","routeno":"242-P KBS-HVLH","distance_on_station":3.994,"centerlat":12.9752,"centerlong":77.54818,"responsecode":200,"isnotify":0,"vehicleDetails":[{"vehicleid":11755,"vehiclenumber":"KA57F3556","servicetypeid":72,"servicetype":"Non AC/Ordinary","centerlat":12.919454,"centerlong":77.365768,"eta":"","sch_arrivaltime":"19:59","sch_departuretime":"19:59","actual_arrivaltime":"20:01","actual_departuretime":"20:01","sch_tripstarttime":"19:50","sch_tripendtime":"19:50","lastlocationid":0,"currentlocationid":32998,"nextlocationid":0,"currentstop":null,"nextstop":null,"laststop":null,"stopCoveredStatus":1,"heading":113,"lastrefreshon":"26-07-2024 21:58:04","lastreceiveddatetimeflag":1,"tripposition":1}]},{"routeid":4969,"stationid":20600,"stationname":"Agrahara Dasarahalli","from":"Kempegowda Bus Station","to":"Huluvenahalli","routeno":"242-P KBS-HVLH","distance_on_station":4.921,"centerlat":12.97874,"centerlong":77.54121,"responsecode":200,"isnotify":0,"vehicleDetails":[{"vehicleid":11755,"vehiclenumber":"KA57F3556","servicetypeid":72,"servicetype":"Non AC/Ordinary","centerlat":12.919454,"centerlong":77.365768,"eta":"","sch_arrivaltime":"20:01","sch_departuretime":"20:01","actual_arrivaltime":"20:04","actual_departuretime":"20:04","sch_tripstarttime":"19:50","sch_tripendtime":"19:50","lastlocationid":0,"currentlocationid":32998,"nextlocationid":0,"currentstop":null,"nextstop":null,"laststop":null,"stopCoveredStatus":1,"heading":113,"lastrefreshon":"26-07-2024 21:58:04","lastreceiveddatetimeflag":1,"tripposition":1}]},{"routeid":4969,"stationid":20930,"stationname":"KHB Colony","from":"Kempegowda Bus Station","to":"Huluvenahalli","routeno":"242-P KBS-HVLH","distance_on_station":5.627,"centerlat":12.98105,"centerlong":77.53549,"responsecode":200,"isnotify":0,"vehicleDetails":[{"vehicleid":11755,"vehiclenumber":"KA57F3556","servicetypeid":72,"servicetype":"Non AC/Ordinary","centerlat":12.919454,"centerlong":77.365768,"eta":"","sch_arrivaltime":"20:02","sch_departuretime":"20:02","actual_arrivaltime":"20:06","actual_departuretime":"20:06","sch_tripstarttime":"19:50","sch_tripendtime":"19:50","lastlocationid":0,"currentlocationid":32998,"nextlocationid":0,"currentstop":null,"nextstop":null,"laststop":null,"stopCoveredStatus":1,"heading":113,"lastrefreshon":"26-07-2024 21:58:04","lastreceiveddatetimeflag":1,"tripposition":1}]},{"routeid":4969,"stationid":20906,"stationname":"Kamakshipalya","from":"Kempegowda Bus Station","to":"Huluvenahalli","routeno":"242-P KBS-HVLH","distance_on_station":6.449,"centerlat":12.98375,"centerlong":77.52917,"responsecode":200,"isnotify":0,"vehicleDetails":[{"vehicleid":11755,"vehiclenumber":"KA57F3556","servicetypeid":72,"servicetype":"Non AC/Ordinary","centerlat":12.919454,"centerlong":77.365768,"eta":"","sch_arrivaltime":"20:04","sch_departuretime":"20:04","actual_arrivaltime":"20:10","actual_departuretime":"20:11","sch_tripstarttime":"19:50","sch_tripendtime":"19:50","lastlocationid":0,"currentlocationid":32998,"nextlocationid":0,"currentstop":null,"nextstop":null,"laststop":null,"stopCoveredStatus":1,"heading":113,"lastrefreshon":"26-07-2024 21:58:04","lastreceiveddatetimeflag":1,"tripposition":1}]},{"routeid":4969,"stationid":21204,"stationname":"Summanahalli","from":"Kempegowda Bus Station","to":"Huluvenahalli","routeno":"242-P KBS-HVLH","distance_on_station":7.797,"centerlat":12.98739,"centerlong":77.51914,"responsecode":200,"isnotify":0,"vehicleDetails":[{"vehicleid":11755,"vehiclenumber":"KA57F3556","servicetypeid":72,"servicetype":"Non AC/Ordinary","centerlat":12.919454,"centerlong":77.365768,"eta":"","sch_arrivaltime":"20:08","sch_departuretime":"20:08","actual_arrivaltime":"20:17","actual_departuretime":"20:19","sch_tripstarttime":"19:50","sch_tripendtime":"19:50","lastlocationid":0,"currentlocationid":32998,"nextlocationid":0,"currentstop":null,"nextstop":null,"laststop":null,"stopCoveredStatus":1,"heading":113,"lastrefreshon":"26-07-2024 21:58:04","lastreceiveddatetimeflag":1,"tripposition":1}]},{"routeid":4969,"stationid":20937,"stationname":"Kottigepalya","from":"Kempegowda Bus Station","to":"Huluvenahalli","routeno":"242-P KBS-HVLH","distance_on_station":8.282,"centerlat":12.98787,"centerlong":77.51509,"responsecode":200,"isnotify":0,"vehicleDetails":[{"vehicleid":11755,"vehiclenumber":"KA57F3556","servicetypeid":72,"servicetype":"Non AC/Ordinary","centerlat":12.919454,"centerlong":77.365768,"eta":"","sch_arrivaltime":"20:09","sch_departuretime":"20:09","actual_arrivaltime":"20:20","actual_departuretime":"20:21","sch_tripstarttime":"19:50","sch_tripendtime":"19:50","lastlocationid":0,"currentlocationid":32998,"nextlocationid":0,"currentstop":null,"nextstop":null,"laststop":null,"stopCoveredStatus":1,"heading":113,"lastrefreshon":"26-07-2024 21:58:04","lastreceiveddatetimeflag":1,"tripposition":1}]},{"routeid":4969,"stationid":21206,"stationname":"Sunkadakatte","from":"Kempegowda Bus Station","to":"Huluvenahalli","routeno":"242-P KBS-HVLH","distance_on_station":9.652,"centerlat":12.99018,"centerlong":77.5038,"responsecode":200,"isnotify":0,"vehicleDetails":[{"vehicleid":11755,"vehiclenumber":"KA57F3556","servicetypeid":72,"servicetype":"Non AC/Ordinary","centerlat":12.919454,"centerlong":77.365768,"eta":"","sch_arrivaltime":"20:12","sch_departuretime":"20:12","actual_arrivaltime":"20:25","actual_departuretime":"20:27","sch_tripstarttime":"19:50","sch_tripendtime":"19:50","lastlocationid":0,"currentlocationid":32998,"nextlocationid":0,"currentstop":null,"nextstop":null,"laststop":null,"stopCoveredStatus":1,"heading":113,"lastrefreshon":"26-07-2024 21:58:04","lastreceiveddatetimeflag":1,"tripposition":1}]},{"routeid":4969,"stationid":21530,"stationname":"Herohalli Cross","from":"Kempegowda Bus Station","to":"Huluvenahalli","routeno":"242-P KBS-HVLH","distance_on_station":11.001,"centerlat":12.98726,"centerlong":77.4925,"responsecode":200,"isnotify":0,"vehicleDetails":[{"vehicleid":11755,"vehiclenumber":"KA57F3556","servicetypeid":72,"servicetype":"Non AC/Ordinary","centerlat":12.919454,"centerlong":77.365768,"eta":"","sch_arrivaltime":"20:14","sch_departuretime":"20:14","actual_arrivaltime":"20:31","actual_departuretime":"20:31","sch_tripstarttime":"19:50","sch_tripendtime":"19:50","lastlocationid":0,"currentlocationid":32998,"nextlocationid":0,"currentstop":null,"nextstop":null,"laststop":null,"stopCoveredStatus":1,"heading":113,"lastrefreshon":"26-07-2024 21:58:04","lastreceiveddatetimeflag":1,"tripposition":1}]},{"routeid":4969,"stationid":21456,"stationname":"Anjananagara","from":"Kempegowda Bus Station","to":"Huluvenahalli","routeno":"242-P KBS-HVLH","distance_on_station":11.475,"centerlat":12.98614,"centerlong":77.48847,"responsecode":200,"isnotify":0,"vehicleDetails":[{"vehicleid":11755,"vehiclenumber":"KA57F3556","servicetypeid":72,"servicetype":"Non AC/Ordinary","centerlat":12.919454,"centerlong":77.365768,"eta":"","sch_arrivaltime":"20:15","sch_departuretime":"20:15","actual_arrivaltime":"20:32","actual_departuretime":"20:32","sch_tripstarttime":"19:50","sch_tripendtime":"19:50","lastlocationid":0,"currentlocationid":32998,"nextlocationid":0,"currentstop":null,"nextstop":null,"laststop":null,"stopCoveredStatus":1,"heading":113,"lastrefreshon":"26-07-2024 21:58:04","lastreceiveddatetimeflag":1,"tripposition":1}]},{"routeid":4969,"stationid":21508,"stationname":"East West College Cross","from":"Kempegowda Bus Station","to":"Huluvenahalli","routeno":"242-P KBS-HVLH","distance_on_station":11.728,"centerlat":12.98559,"centerlong":77.48632,"responsecode":200,"isnotify":0,"vehicleDetails":[{"vehicleid":11755,"vehiclenumber":"KA57F3556","servicetypeid":72,"servicetype":"Non AC/Ordinary","centerlat":12.919454,"centerlong":77.365768,"eta":"","sch_arrivaltime":"20:16","sch_departuretime":"20:16","actual_arrivaltime":"20:33","actual_departuretime":"20:33","sch_tripstarttime":"19:50","sch_tripendtime":"19:50","lastlocationid":0,"currentlocationid":32998,"nextlocationid":0,"currentstop":null,"nextstop":null,"laststop":null,"stopCoveredStatus":1,"heading":113,"lastrefreshon":"26-07-2024 21:58:04","lastreceiveddatetimeflag":1,"tripposition":1}]},{"routeid":4969,"stationid":21475,"stationname":"Byadarahalli","from":"Kempegowda Bus Station","to":"Huluvenahalli","routeno":"242-P KBS-HVLH","distance_on_station":12.212,"centerlat":12.98504,"centerlong":77.48214,"responsecode":200,"isnotify":0,"vehicleDetails":[{"vehicleid":11755,"vehiclenumber":"KA57F3556","servicetypeid":72,"servicetype":"Non AC/Ordinary","centerlat":12.919454,"centerlong":77.365768,"eta":"","sch_arrivaltime":"20:17","sch_departuretime":"20:17","actual_arrivaltime":"20:34","actual_departuretime":"20:35","sch_tripstarttime":"19:50","sch_tripendtime":"19:50","lastlocationid":0,"currentlocationid":32998,"nextlocationid":0,"currentstop":null,"nextstop":null,"laststop":null,"stopCoveredStatus":1,"heading":113,"lastrefreshon":"26-07-2024 21:58:04","lastreceiveddatetimeflag":1,"tripposition":1}]},{"routeid":4969,"stationid":21493,"stationname":"College Cross Byadarahalli","from":"Kempegowda Bus Station","to":"Huluvenahalli","routeno":"242-P KBS-HVLH","distance_on_station":12.507,"centerlat":12.98552,"centerlong":77.47964,"responsecode":200,"isnotify":0,"vehicleDetails":[{"vehicleid":11755,"vehiclenumber":"KA57F3556","servicetypeid":72,"servicetype":"Non AC/Ordinary","centerlat":12.919454,"centerlong":77.365768,"eta":"","sch_arrivaltime":"20:18","sch_departuretime":"20:18","actual_arrivaltime":"20:35","actual_departuretime":"20:36","sch_tripstarttime":"19:50","sch_tripendtime":"19:50","lastlocationid":0,"currentlocationid":32998,"nextlocationid":0,"currentstop":null,"nextstop":null,"laststop":null,"stopCoveredStatus":1,"heading":113,"lastrefreshon":"26-07-2024 21:58:04","lastreceiveddatetimeflag":1,"tripposition":1}]},{"routeid":4969,"stationid":21516,"stationname":"Gollarahatti","from":"Kempegowda Bus Station","to":"Huluvenahalli","routeno":"242-P KBS-HVLH","distance_on_station":13.361,"centerlat":12.98849,"centerlong":77.47281,"responsecode":200,"isnotify":0,"vehicleDetails":[{"vehicleid":11755,"vehiclenumber":"KA57F3556","servicetypeid":72,"servicetype":"Non AC/Ordinary","centerlat":12.919454,"centerlong":77.365768,"eta":"","sch_arrivaltime":"20:20","sch_departuretime":"20:20","actual_arrivaltime":"20:38","actual_departuretime":"20:38","sch_tripstarttime":"19:50","sch_tripendtime":"19:50","lastlocationid":0,"currentlocationid":32998,"nextlocationid":0,"currentstop":null,"nextstop":null,"laststop":null,"stopCoveredStatus":1,"heading":113,"lastrefreshon":"26-07-2024 21:58:04","lastreceiveddatetimeflag":1,"tripposition":1}]},{"routeid":4969,"stationid":21547,"stationname":"Kachohalli Gate","from":"Kempegowda Bus Station","to":"Huluvenahalli","routeno":"242-P KBS-HVLH","distance_on_station":13.867,"centerlat":12.99042,"centerlong":77.4688,"responsecode":200,"isnotify":0,"vehicleDetails":[{"vehicleid":11755,"vehiclenumber":"KA57F3556","servicetypeid":72,"servicetype":"Non AC/Ordinary","centerlat":12.919454,"centerlong":77.365768,"eta":"","sch_arrivaltime":"20:21","sch_departuretime":"20:21","actual_arrivaltime":"20:40","actual_departuretime":"20:40","sch_tripstarttime":"19:50","sch_tripendtime":"19:50","lastlocationid":0,"currentlocationid":32998,"nextlocationid":0,"currentstop":null,"nextstop":null,"laststop":null,"stopCoveredStatus":1,"heading":113,"lastrefreshon":"26-07-2024 21:58:04","lastreceiveddatetimeflag":1,"tripposition":1}]},{"routeid":4969,"stationid":21488,"stationname":"Chikka Gollarahatti","from":"Kempegowda Bus Station","to":"Huluvenahalli","routeno":"242-P KBS-HVLH","distance_on_station":14.257,"centerlat":12.99142,"centerlong":77.4656,"responsecode":200,"isnotify":0,"vehicleDetails":[{"vehicleid":11755,"vehiclenumber":"KA57F3556","servicetypeid":72,"servicetype":"Non AC/Ordinary","centerlat":12.919454,"centerlong":77.365768,"eta":"","sch_arrivaltime":"20:22","sch_departuretime":"20:22","actual_arrivaltime":"20:41","actual_departuretime":"20:41","sch_tripstarttime":"19:50","sch_tripendtime":"19:50","lastlocationid":0,"currentlocationid":32998,"nextlocationid":0,"currentstop":null,"nextstop":null,"laststop":null,"stopCoveredStatus":1,"heading":113,"lastrefreshon":"26-07-2024 21:58:04","lastreceiveddatetimeflag":1,"tripposition":1}]},{"routeid":4969,"stationid":21510,"stationname":"Forest Gate","from":"Kempegowda Bus Station","to":"Huluvenahalli","routeno":"242-P KBS-HVLH","distance_on_station":14.942,"centerlat":12.99176,"centerlong":77.45971,"responsecode":200,"isnotify":0,"vehicleDetails":[{"vehicleid":11755,"vehiclenumber":"KA57F3556","servicetypeid":72,"servicetype":"Non AC/Ordinary","centerlat":12.919454,"centerlong":77.365768,"eta":"","sch_arrivaltime":"20:23","sch_departuretime":"20:23","actual_arrivaltime":"20:43","actual_departuretime":"20:43","sch_tripstarttime":"19:50","sch_tripendtime":"19:50","lastlocationid":0,"currentlocationid":32998,"nextlocationid":0,"currentstop":null,"nextstop":null,"laststop":null,"stopCoveredStatus":1,"heading":113,"lastrefreshon":"26-07-2024 21:58:04","lastreceiveddatetimeflag":1,"tripposition":1}]},{"routeid":4969,"stationid":21562,"stationname":"Machohalli Gate","from":"Kempegowda Bus Station","to":"Huluvenahalli","routeno":"242-P KBS-HVLH","distance_on_station":15.553,"centerlat":12.99081,"centerlong":77.45445,"responsecode":200,"isnotify":0,"vehicleDetails":[{"vehicleid":11755,"vehiclenumber":"KA57F3556","servicetypeid":72,"servicetype":"Non AC/Ordinary","centerlat":12.919454,"centerlong":77.365768,"eta":"","sch_arrivaltime":"20:24","sch_departuretime":"20:24","actual_arrivaltime":"20:44","actual_departuretime":"20:44","sch_tripstarttime":"19:50","sch_tripendtime":"19:50","lastlocationid":0,"currentlocationid":32998,"nextlocationid":0,"currentstop":null,"nextstop":null,"laststop":null,"stopCoveredStatus":1,"heading":113,"lastrefreshon":"26-07-2024 21:58:04","lastreceiveddatetimeflag":1,"tripposition":1}]},{"routeid":4969,"stationid":21549,"stationname":"Kadabagere Cross","from":"Kempegowda Bus Station","to":"Huluvenahalli","routeno":"242-P KBS-HVLH","distance_on_station":16.143,"centerlat":12.98911,"centerlong":77.44966,"responsecode":200,"isnotify":0,"vehicleDetails":[{"vehicleid":11755,"vehiclenumber":"KA57F3556","servicetypeid":72,"servicetype":"Non AC/Ordinary","centerlat":12.919454,"centerlong":77.365768,"eta":"","sch_arrivaltime":"20:25","sch_departuretime":"20:25","actual_arrivaltime":"","actual_departuretime":"","sch_tripstarttime":"19:50","sch_tripendtime":"19:50","lastlocationid":0,"currentlocationid":32998,"nextlocationid":0,"currentstop":null,"nextstop":null,"laststop":null,"stopCoveredStatus":1,"heading":113,"lastrefreshon":"26-07-2024 21:58:04","lastreceiveddatetimeflag":1,"tripposition":3}]},{"routeid":4969,"stationid":21599,"stationname":"Seegehalli Gate","from":"Kempegowda Bus Station","to":"Huluvenahalli","routeno":"242-P KBS-HVLH","distance_on_station":17.049,"centerlat":12.98401,"centerlong":77.44389,"responsecode":200,"isnotify":0,"vehicleDetails":[{"vehicleid":11755,"vehiclenumber":"KA57F3556","servicetypeid":72,"servicetype":"Non AC/Ordinary","centerlat":12.919454,"centerlong":77.365768,"eta":"","sch_arrivaltime":"20:26","sch_departuretime":"20:26","actual_arrivaltime":"20:47","actual_departuretime":"20:47","sch_tripstarttime":"19:50","sch_tripendtime":"19:50","lastlocationid":0,"currentlocationid":32998,"nextlocationid":0,"currentstop":null,"nextstop":null,"laststop":null,"stopCoveredStatus":1,"heading":113,"lastrefreshon":"26-07-2024 21:58:04","lastreceiveddatetimeflag":1,"tripposition":1}]},{"routeid":4969,"stationid":21526,"stationname":"Hamsa Farm","from":"Kempegowda Bus Station","to":"Huluvenahalli","routeno":"242-P KBS-HVLH","distance_on_station":17.597,"centerlat":12.9817,"centerlong":77.4397,"responsecode":200,"isnotify":0,"vehicleDetails":[{"vehicleid":11755,"vehiclenumber":"KA57F3556","servicetypeid":72,"servicetype":"Non AC/Ordinary","centerlat":12.919454,"centerlong":77.365768,"eta":"","sch_arrivaltime":"20:27","sch_departuretime":"20:27","actual_arrivaltime":"20:49","actual_departuretime":"20:49","sch_tripstarttime":"19:50","sch_tripendtime":"19:50","lastlocationid":0,"currentlocationid":32998,"nextlocationid":0,"currentstop":null,"nextstop":null,"laststop":null,"stopCoveredStatus":1,"heading":113,"lastrefreshon":"26-07-2024 21:58:04","lastreceiveddatetimeflag":1,"tripposition":1}]},{"routeid":4969,"stationid":21486,"stationname":"Channenahalli Arch","from":"Kempegowda Bus Station","to":"Huluvenahalli","routeno":"242-P KBS-HVLH","distance_on_station":18.134,"centerlat":12.97977,"centerlong":77.43546,"responsecode":200,"isnotify":0,"vehicleDetails":[{"vehicleid":11755,"vehiclenumber":"KA57F3556","servicetypeid":72,"servicetype":"Non AC/Ordinary","centerlat":12.919454,"centerlong":77.365768,"eta":"","sch_arrivaltime":"20:28","sch_departuretime":"20:28","actual_arrivaltime":"20:50","actual_departuretime":"20:50","sch_tripstarttime":"19:50","sch_tripendtime":"19:50","lastlocationid":0,"currentlocationid":32998,"nextlocationid":0,"currentstop":null,"nextstop":null,"laststop":null,"stopCoveredStatus":1,"heading":113,"lastrefreshon":"26-07-2024 21:58:04","lastreceiveddatetimeflag":1,"tripposition":1}]},{"routeid":4969,"stationid":21484,"stationname":"Channenahalli","from":"Kempegowda Bus Station","to":"Huluvenahalli","routeno":"242-P KBS-HVLH","distance_on_station":18.735,"centerlat":12.97786,"centerlong":77.43052,"responsecode":200,"isnotify":0,"vehicleDetails":[{"vehicleid":11755,"vehiclenumber":"KA57F3556","servicetypeid":72,"servicetype":"Non AC/Ordinary","centerlat":12.919454,"centerlong":77.365768,"eta":"","sch_arrivaltime":"20:29","sch_departuretime":"20:29","actual_arrivaltime":"20:50","actual_departuretime":"20:51","sch_tripstarttime":"19:50","sch_tripendtime":"19:50","lastlocationid":0,"currentlocationid":32998,"nextlocationid":0,"currentstop":null,"nextstop":null,"laststop":null,"stopCoveredStatus":1,"heading":113,"lastrefreshon":"26-07-2024 21:58:04","lastreceiveddatetimeflag":1,"tripposition":1}]},{"routeid":4969,"stationid":21533,"stationname":"Honaganahatti","from":"Kempegowda Bus Station","to":"Huluvenahalli","routeno":"242-P KBS-HVLH","distance_on_station":19.883,"centerlat":12.9742,"centerlong":77.42116,"responsecode":200,"isnotify":0,"vehicleDetails":[{"vehicleid":11755,"vehiclenumber":"KA57F3556","servicetypeid":72,"servicetype":"Non AC/Ordinary","centerlat":12.919454,"centerlong":77.365768,"eta":"","sch_arrivaltime":"20:30","sch_departuretime":"20:30","actual_arrivaltime":"20:53","actual_departuretime":"20:53","sch_tripstarttime":"19:50","sch_tripendtime":"19:50","lastlocationid":0,"currentlocationid":32998,"nextlocationid":0,"currentstop":null,"nextstop":null,"laststop":null,"stopCoveredStatus":1,"heading":113,"lastrefreshon":"26-07-2024 21:58:04","lastreceiveddatetimeflag":1,"tripposition":1}]},{"routeid":4969,"stationid":21482,"stationname":"Channadasipalya","from":"Kempegowda Bus Station","to":"Huluvenahalli","routeno":"242-P KBS-HVLH","distance_on_station":20.705,"centerlat":12.97085,"centerlong":77.41485,"responsecode":200,"isnotify":0,"vehicleDetails":[{"vehicleid":11755,"vehiclenumber":"KA57F3556","servicetypeid":72,"servicetype":"Non AC/Ordinary","centerlat":12.919454,"centerlong":77.365768,"eta":"","sch_arrivaltime":"20:31","sch_departuretime":"20:31","actual_arrivaltime":"20:54","actual_departuretime":"20:55","sch_tripstarttime":"19:50","sch_tripendtime":"19:50","lastlocationid":0,"currentlocationid":32998,"nextlocationid":0,"currentstop":null,"nextstop":null,"laststop":null,"stopCoveredStatus":1,"heading":113,"lastrefreshon":"26-07-2024 21:58:04","lastreceiveddatetimeflag":1,"tripposition":1}]},{"routeid":4969,"stationid":21558,"stationname":"Lakkuppe","from":"Kempegowda Bus Station","to":"Huluvenahalli","routeno":"242-P KBS-HVLH","distance_on_station":21.285,"centerlat":12.96992,"centerlong":77.41006,"responsecode":200,"isnotify":0,"vehicleDetails":[{"vehicleid":11755,"vehiclenumber":"KA57F3556","servicetypeid":72,"servicetype":"Non AC/Ordinary","centerlat":12.919454,"centerlong":77.365768,"eta":"","sch_arrivaltime":"20:32","sch_departuretime":"20:32","actual_arrivaltime":"20:55","actual_departuretime":"20:56","sch_tripstarttime":"19:50","sch_tripendtime":"19:50","lastlocationid":0,"currentlocationid":32998,"nextlocationid":0,"currentstop":null,"nextstop":null,"laststop":null,"stopCoveredStatus":1,"heading":113,"lastrefreshon":"26-07-2024 21:58:04","lastreceiveddatetimeflag":1,"tripposition":1}]},{"routeid":4969,"stationid":21512,"stationname":"Ganesha Temple Tavarekere","from":"Kempegowda Bus Station","to":"Huluvenahalli","routeno":"242-P KBS-HVLH","distance_on_station":22.128,"centerlat":12.9671,"centerlong":77.40341,"responsecode":200,"isnotify":0,"vehicleDetails":[{"vehicleid":11755,"vehiclenumber":"KA57F3556","servicetypeid":72,"servicetype":"Non AC/Ordinary","centerlat":12.919454,"centerlong":77.365768,"eta":"","sch_arrivaltime":"20:33","sch_departuretime":"20:33","actual_arrivaltime":"20:57","actual_departuretime":"20:58","sch_tripstarttime":"19:50","sch_tripendtime":"19:50","lastlocationid":0,"currentlocationid":32998,"nextlocationid":0,"currentstop":null,"nextstop":null,"laststop":null,"stopCoveredStatus":1,"heading":113,"lastrefreshon":"26-07-2024 21:58:04","lastreceiveddatetimeflag":1,"tripposition":1}]},{"routeid":4969,"stationid":21610,"stationname":"Tavarekere","from":"Kempegowda Bus Station","to":"Huluvenahalli","routeno":"242-P KBS-HVLH","distance_on_station":22.528,"centerlat":12.96582,"centerlong":77.40018,"responsecode":200,"isnotify":0,"vehicleDetails":[{"vehicleid":11755,"vehiclenumber":"KA57F3556","servicetypeid":72,"servicetype":"Non AC/Ordinary","centerlat":12.919454,"centerlong":77.365768,"eta":"","sch_arrivaltime":"20:34","sch_departuretime":"20:34","actual_arrivaltime":"20:58","actual_departuretime":"20:58","sch_tripstarttime":"19:50","sch_tripendtime":"19:50","lastlocationid":0,"currentlocationid":32998,"nextlocationid":0,"currentstop":null,"nextstop":null,"laststop":null,"stopCoveredStatus":1,"heading":113,"lastrefreshon":"26-07-2024 21:58:04","lastreceiveddatetimeflag":1,"tripposition":1}]},{"routeid":4969,"stationid":21586,"stationname":"Peddanapalya Cross","from":"Kempegowda Bus Station","to":"Huluvenahalli","routeno":"242-P KBS-HVLH","distance_on_station":23.94,"centerlat":12.96761,"centerlong":77.38892,"responsecode":200,"isnotify":0,"vehicleDetails":[{"vehicleid":11755,"vehiclenumber":"KA57F3556","servicetypeid":72,"servicetype":"Non AC/Ordinary","centerlat":12.919454,"centerlong":77.365768,"eta":"","sch_arrivaltime":"20:36","sch_departuretime":"20:36","actual_arrivaltime":"21:02","actual_departuretime":"21:02","sch_tripstarttime":"19:50","sch_tripendtime":"19:50","lastlocationid":0,"currentlocationid":32998,"nextlocationid":0,"currentstop":null,"nextstop":null,"laststop":null,"stopCoveredStatus":1,"heading":113,"lastrefreshon":"26-07-2024 21:58:04","lastreceiveddatetimeflag":1,"tripposition":1}]},{"routeid":4969,"stationid":34238,"stationname":"Peddanapalya","from":"Kempegowda Bus Station","to":"Huluvenahalli","routeno":"242-P KBS-HVLH","distance_on_station":25.057,"centerlat":12.95861,"centerlong":77.38932,"responsecode":200,"isnotify":0,"vehicleDetails":[{"vehicleid":11755,"vehiclenumber":"KA57F3556","servicetypeid":72,"servicetype":"Non AC/Ordinary","centerlat":12.919454,"centerlong":77.365768,"eta":"","sch_arrivaltime":"20:37","sch_departuretime":"20:37","actual_arrivaltime":"21:04","actual_departuretime":"21:04","sch_tripstarttime":"19:50","sch_tripendtime":"19:50","lastlocationid":0,"currentlocationid":32998,"nextlocationid":0,"currentstop":null,"nextstop":null,"laststop":null,"stopCoveredStatus":1,"heading":113,"lastrefreshon":"26-07-2024 21:58:04","lastreceiveddatetimeflag":1,"tripposition":1}]},{"routeid":4969,"stationid":34292,"stationname":"Puradapalya Cross","from":"Kempegowda Bus Station","to":"Huluvenahalli","routeno":"242-P KBS-HVLH","distance_on_station":26.775,"centerlat":12.94698,"centerlong":77.38118,"responsecode":200,"isnotify":0,"vehicleDetails":[{"vehicleid":11755,"vehiclenumber":"KA57F3556","servicetypeid":72,"servicetype":"Non AC/Ordinary","centerlat":12.919454,"centerlong":77.365768,"eta":"","sch_arrivaltime":"20:39","sch_departuretime":"20:39","actual_arrivaltime":"21:07","actual_departuretime":"21:07","sch_tripstarttime":"19:50","sch_tripendtime":"19:50","lastlocationid":0,"currentlocationid":32998,"nextlocationid":0,"currentstop":null,"nextstop":null,"laststop":null,"stopCoveredStatus":1,"heading":113,"lastrefreshon":"26-07-2024 21:58:04","lastreceiveddatetimeflag":1,"tripposition":1}]},{"routeid":4969,"stationid":33168,"stationname":"Jodi Aladamara","from":"Kempegowda Bus Station","to":"Huluvenahalli","routeno":"242-P KBS-HVLH","distance_on_station":27.691,"centerlat":12.94015,"centerlong":77.37792,"responsecode":200,"isnotify":0,"vehicleDetails":[{"vehicleid":11755,"vehiclenumber":"KA57F3556","servicetypeid":72,"servicetype":"Non AC/Ordinary","centerlat":12.919454,"centerlong":77.365768,"eta":"","sch_arrivaltime":"20:40","sch_departuretime":"20:40","actual_arrivaltime":"21:09","actual_departuretime":"21:09","sch_tripstarttime":"19:50","sch_tripendtime":"19:50","lastlocationid":0,"currentlocationid":32998,"nextlocationid":0,"currentstop":null,"nextstop":null,"laststop":null,"stopCoveredStatus":1,"heading":113,"lastrefreshon":"26-07-2024 21:58:04","lastreceiveddatetimeflag":1,"tripposition":1}]},{"routeid":4969,"stationid":33727,"stationname":"Madapatna Cross","from":"Kempegowda Bus Station","to":"Huluvenahalli","routeno":"242-P KBS-HVLH","distance_on_station":28.524,"centerlat":12.93681,"centerlong":77.37286,"responsecode":200,"isnotify":0,"vehicleDetails":[{"vehicleid":11755,"vehiclenumber":"KA57F3556","servicetypeid":72,"servicetype":"Non AC/Ordinary","centerlat":12.919454,"centerlong":77.365768,"eta":"","sch_arrivaltime":"20:41","sch_departuretime":"20:41","actual_arrivaltime":"21:11","actual_departuretime":"21:11","sch_tripstarttime":"19:50","sch_tripendtime":"19:50","lastlocationid":0,"currentlocationid":32998,"nextlocationid":0,"currentstop":null,"nextstop":null,"laststop":null,"stopCoveredStatus":1,"heading":113,"lastrefreshon":"26-07-2024 21:58:04","lastreceiveddatetimeflag":1,"tripposition":1}]},{"routeid":4969,"stationid":33606,"stationname":"Kadusiddanapalya","from":"Kempegowda Bus Station","to":"Huluvenahalli","routeno":"242-P KBS-HVLH","distance_on_station":29.019,"centerlat":12.93286,"centerlong":77.3717,"responsecode":200,"isnotify":0,"vehicleDetails":[{"vehicleid":11755,"vehiclenumber":"KA57F3556","servicetypeid":72,"servicetype":"Non AC/Ordinary","centerlat":12.919454,"centerlong":77.365768,"eta":"","sch_arrivaltime":"20:42","sch_departuretime":"20:42","actual_arrivaltime":"21:12","actual_departuretime":"21:12","sch_tripstarttime":"19:50","sch_tripendtime":"19:50","lastlocationid":0,"currentlocationid":32998,"nextlocationid":0,"currentstop":null,"nextstop":null,"laststop":null,"stopCoveredStatus":1,"heading":113,"lastrefreshon":"26-07-2024 21:58:04","lastreceiveddatetimeflag":1,"tripposition":1}]},{"routeid":4969,"stationid":33008,"stationname":"Hunnigere","from":"Kempegowda Bus Station","to":"Huluvenahalli","routeno":"242-P KBS-HVLH","distance_on_station":30.273,"centerlat":12.92289,"centerlong":77.36876,"responsecode":200,"isnotify":0,"vehicleDetails":[{"vehicleid":11755,"vehiclenumber":"KA57F3556","servicetypeid":72,"servicetype":"Non AC/Ordinary","centerlat":12.919454,"centerlong":77.365768,"eta":"","sch_arrivaltime":"20:44","sch_departuretime":"20:44","actual_arrivaltime":"21:14","actual_departuretime":"21:15","sch_tripstarttime":"19:50","sch_tripendtime":"19:50","lastlocationid":0,"currentlocationid":32998,"nextlocationid":0,"currentstop":null,"nextstop":null,"laststop":null,"stopCoveredStatus":1,"heading":113,"lastrefreshon":"26-07-2024 21:58:04","lastreceiveddatetimeflag":1,"tripposition":1}]},{"routeid":4969,"stationid":33000,"stationname":"Huluvenahalli Gate","from":"Kempegowda Bus Station","to":"Huluvenahalli","routeno":"242-P KBS-HVLH","distance_on_station":30.61,"centerlat":12.92002,"centerlong":77.36863,"responsecode":200,"isnotify":0,"vehicleDetails":[{"vehicleid":11755,"vehiclenumber":"KA57F3556","servicetypeid":72,"servicetype":"Non AC/Ordinary","centerlat":12.919454,"centerlong":77.365768,"eta":"","sch_arrivaltime":"20:45","sch_departuretime":"20:45","actual_arrivaltime":"21:15","actual_departuretime":"21:15","sch_tripstarttime":"19:50","sch_tripendtime":"19:50","lastlocationid":0,"currentlocationid":32998,"nextlocationid":0,"currentstop":null,"nextstop":null,"laststop":null,"stopCoveredStatus":1,"heading":113,"lastrefreshon":"26-07-2024 21:58:04","lastreceiveddatetimeflag":1,"tripposition":1}]},{"routeid":4969,"stationid":32998,"stationname":"Huluvenahalli","from":"Kempegowda Bus Station","to":"Huluvenahalli","routeno":"242-P KBS-HVLH","distance_on_station":31,"centerlat":12.91955,"centerlong":77.36538,"responsecode":200,"isnotify":0,"vehicleDetails":[{"vehicleid":11755,"vehiclenumber":"KA57F3556","servicetypeid":72,"servicetype":"Non AC/Ordinary","centerlat":12.919454,"centerlong":77.365768,"eta":"","sch_arrivaltime":"20:46","sch_departuretime":"20:46","actual_arrivaltime":"21:16","actual_departuretime":"21:17","sch_tripstarttime":"19:50","sch_tripendtime":"19:50","lastlocationid":0,"currentlocationid":32998,"nextlocationid":0,"currentstop":null,"nextstop":null,"laststop":null,"stopCoveredStatus":1,"heading":113,"lastrefreshon":"26-07-2024 21:58:04","lastreceiveddatetimeflag":1,"tripposition":1}]}],"mapData":[{"vehicleid":11755,"vehiclenumber":"KA57F3556","servicetypeid":72,"servicetype":"Non AC/Ordinary","centerlat":12.919454,"centerlong":77.365768,"eta":"","sch_arrivaltime":"20:46","sch_departuretime":"20:46","actual_arrivaltime":"21:16","actual_departuretime":"21:17","sch_tripstarttime":"19:50","sch_tripendtime":"19:50","lastlocationid":0,"currentlocationid":32998,"nextlocationid":0,"currentstop":null,"nextstop":null,"laststop":null,"stopCoveredStatus":1,"heading":113,"lastrefreshon":"26-07-2024 21:58:04","lastreceiveddatetimeflag":1,"tripposition":1}]},"down":{"data":[],"mapData":[]},"message":"Success","issuccess":true,"exception":null,"rowCount":0,"responsecode":200}