{"up":{"data":[{"routeid":5230,"stationid":35809,"stationname":"Depot-35 Gate","from":"Depot-35 Gate","to":"Mantanakurchi","routeno":"242-TA D35G-MTK","distance_on_station":0,"centerlat":12.9726,"centerlong":77.44268,"responsecode":200,"isnotify":0,"vehicleDetails":[{"vehicleid":21846,"vehiclenumber":"KA57F2039","servicetypeid":72,"servicetype":"Non AC/Ordinary","centerlat":12.972236,"centerlong":77.442513,"eta":"","sch_arrivaltime":"07:51","sch_departuretime":"07:51","actual_arrivaltime":"","actual_departuretime":"","sch_tripstarttime":"07:51","sch_tripendtime":"07:51","lastlocationid":0,"currentlocationid":35809,"nextlocationid":0,"currentstop":null,"nextstop":null,"laststop":null,"stopCoveredStatus":0,"heading":124,"lastrefreshon":"06-08-2024 03:00:52","lastreceiveddatetimeflag":0,"tripposition":1}]},{"routeid":5230,"stationid":21599,"stationname":"Seegehalli Gate","from":"Depot-35 Gate","to":"Mantanakurchi","routeno":"242-TA D35G-MTK","distance_on_station":0.765,"centerlat":12.98401,"centerlong":77.44389,"responsecode":200,"isnotify":0,"vehicleDetails":[{"vehicleid":21846,"vehiclenumber":"KA57F2039","servicetypeid":72,"servicetype":"Non AC/Ordinary","centerlat":12.972236,"centerlong":77.442513,"eta":"","sch_arrivaltime":"07:52","sch_departuretime":"07:52","actual_arrivaltime":"","actual_departuretime":"","sch_tripstarttime":"07:51","sch_tripendtime":"07:51","lastlocationid":0,"currentlocationid":35809,"nextlocationid":0,"currentstop":null,"nextstop":null,"laststop":null,"stopCoveredStatus":0,"heading":124,"lastrefreshon":"06-08-2024 03:00:52","lastreceiveddatetimeflag":0,"tripposition":3}]},{"routeid":5230,"stationid":21526,"stationname":"Hamsa Farm","from":"Depot-35 Gate","to":"Mantanakurchi","routeno":"242-TA D35G-MTK","distance_on_station":1.228,"centerlat":12.9817,"centerlong":77.4397,"responsecode":200,"isnotify":0,"vehicleDetails":[{"vehicleid":21846,"vehiclenumber":"KA57F2039","servicetypeid":72,"servicetype":"Non AC/Ordinary","centerlat":12.972236,"centerlong":77.442513,"eta":"","sch_arrivaltime":"07:53","sch_departuretime":"07:53","actual_arrivaltime":"","actual_departuretime":"","sch_tripstarttime":"07:51","sch_tripendtime":"07:51","lastlocationid":0,"currentlocationid":35809,"nextlocationid":0,"currentstop":null,"nextstop":null,"laststop":null,"stopCoveredStatus":0,"heading":124,"lastrefreshon":"06-08-2024 03:00:52","lastreceiveddatetimeflag":0,"tripposition":3}]},{"routeid":5230,"stationid":21486,"stationname":"Channenahalli Arch","from":"Depot-35 Gate","to":"Mantanakurchi","routeno":"242-TA D35G-MTK","distance_on_station":1.672,"centerlat":12.97977,"centerlong":77.43546,"responsecode":200,"isnotify":0,"vehicleDetails":[{"vehicleid":21846,"vehiclenumber":"KA57F2039","servicetypeid":72,"servicetype":"Non AC/Ordinary","centerlat":12.972236,"centerlong":77.442513,"eta":"","sch_arrivaltime":"07:54","sch_departuretime":"07:54","actual_arrivaltime":"","actual_departuretime":"","sch_tripstarttime":"07:51","sch_tripendtime":"07:51","lastlocationid":0,"currentlocationid":35809,"nextlocationid":0,"currentstop":null,"nextstop":null,"laststop":null,"stopCoveredStatus":0,"heading":124,"lastrefreshon":"06-08-2024 03:00:52","lastreceiveddatetimeflag":0,"tripposition":3}]},{"routeid":5230,"stationid":21484,"stationname":"Channenahalli","from":"Depot-35 Gate","to":"Mantanakurchi","routeno":"242-TA D35G-MTK","distance_on_station":2.197,"centerlat":12.97786,"centerlong":77.43052,"responsecode":200,"isnotify":0,"vehicleDetails":[{"vehicleid":21846,"vehiclenumber":"KA57F2039","servicetypeid":72,"servicetype":"Non AC/Ordinary","centerlat":12.972236,"centerlong":77.442513,"eta":"","sch_arrivaltime":"07:55","sch_departuretime":"07:55","actual_arrivaltime":"","actual_departuretime":"","sch_tripstarttime":"07:51","sch_tripendtime":"07:51","lastlocationid":0,"currentlocationid":35809,"nextlocationid":0,"currentstop":null,"nextstop":null,"laststop":null,"stopCoveredStatus":0,"heading":124,"lastrefreshon":"06-08-2024 03:00:52","lastreceiveddatetimeflag":0,"tripposition":3}]},{"routeid":5230,"stationid":21533,"stationname":"Honaganahatti","from":"Depot-35 Gate","to":"Mantanakurchi","routeno":"242-TA D35G-MTK","distance_on_station":3.176,"centerlat":12.9742,"centerlong":77.42116,"responsecode":200,"isnotify":0,"vehicleDetails":[{"vehicleid":21846,"vehiclenumber":"KA57F2039","servicetypeid":72,"servicetype":"Non AC/Ordinary","centerlat":12.972236,"centerlong":77.442513,"eta":"","sch_arrivaltime":"07:57","sch_departuretime":"07:57","actual_arrivaltime":"","actual_departuretime":"","sch_tripstarttime":"07:51","sch_tripendtime":"07:51","lastlocationid":0,"currentlocationid":35809,"nextlocationid":0,"currentstop":null,"nextstop":null,"laststop":null,"stopCoveredStatus":0,"heading":124,"lastrefreshon":"06-08-2024 03:00:52","lastreceiveddatetimeflag":0,"tripposition":3}]},{"routeid":5230,"stationid":21482,"stationname":"Channadasipalya","from":"Depot-35 Gate","to":"Mantanakurchi","routeno":"242-TA D35G-MTK","distance_on_station":3.87,"centerlat":12.97085,"centerlong":77.41485,"responsecode":200,"isnotify":0,"vehicleDetails":[{"vehicleid":21846,"vehiclenumber":"KA57F2039","servicetypeid":72,"servicetype":"Non AC/Ordinary","centerlat":12.972236,"centerlong":77.442513,"eta":"","sch_arrivaltime":"07:58","sch_departuretime":"07:58","actual_arrivaltime":"","actual_departuretime":"","sch_tripstarttime":"07:51","sch_tripendtime":"07:51","lastlocationid":0,"currentlocationid":35809,"nextlocationid":0,"currentstop":null,"nextstop":null,"laststop":null,"stopCoveredStatus":0,"heading":124,"lastrefreshon":"06-08-2024 03:00:52","lastreceiveddatetimeflag":0,"tripposition":3}]},{"routeid":5230,"stationid":21558,"stationname":"Lakkuppe","from":"Depot-35 Gate","to":"Mantanakurchi","routeno":"242-TA D35G-MTK","distance_on_station":4.359,"centerlat":12.96992,"centerlong":77.41006,"responsecode":200,"isnotify":0,"vehicleDetails":[{"vehicleid":21846,"vehiclenumber":"KA57F2039","servicetypeid":72,"servicetype":"Non AC/Ordinary","centerlat":12.972236,"centerlong":77.442513,"eta":"","sch_arrivaltime":"07:59","sch_departuretime":"07:59","actual_arrivaltime":"","actual_departuretime":"","sch_tripstarttime":"07:51","sch_tripendtime":"07:51","lastlocationid":0,"currentlocationid":35809,"nextlocationid":0,"currentstop":null,"nextstop":null,"laststop":null,"stopCoveredStatus":0,"heading":124,"lastrefreshon":"06-08-2024 03:00:52","lastreceiveddatetimeflag":0,"tripposition":3}]},{"routeid":5230,"stationid":21512,"stationname":"Ganesha Temple Tavarekere","from":"Depot-35 Gate","to":"Mantanakurchi","routeno":"242-TA D35G-MTK","distance_on_station":5.079,"centerlat":12.9671,"centerlong":77.40341,"responsecode":200,"isnotify":0,"vehicleDetails":[{"vehicleid":21846,"vehiclenumber":"KA57F2039","servicetypeid":72,"servicetype":"Non AC/Ordinary","centerlat":12.972236,"centerlong":77.442513,"eta":"","sch_arrivaltime":"08:00","sch_departuretime":"08:00","actual_arrivaltime":"","actual_departuretime":"","sch_tripstarttime":"07:51","sch_tripendtime":"07:51","lastlocationid":0,"currentlocationid":35809,"nextlocationid":0,"currentstop":null,"nextstop":null,"laststop":null,"stopCoveredStatus":0,"heading":124,"lastrefreshon":"06-08-2024 03:00:52","lastreceiveddatetimeflag":0,"tripposition":3}]},{"routeid":5230,"stationid":21609,"stationname":"Tavarekere","from":"Depot-35 Gate","to":"Mantanakurchi","routeno":"242-TA D35G-MTK","distance_on_station":5.426,"centerlat":12.9658,"centerlong":77.40008,"responsecode":200,"isnotify":0,"vehicleDetails":[{"vehicleid":21846,"vehiclenumber":"KA57F2039","servicetypeid":72,"servicetype":"Non AC/Ordinary","centerlat":12.972236,"centerlong":77.442513,"eta":"","sch_arrivaltime":"08:01","sch_departuretime":"08:01","actual_arrivaltime":"","actual_departuretime":"","sch_tripstarttime":"07:51","sch_tripendtime":"07:51","lastlocationid":0,"currentlocationid":35809,"nextlocationid":0,"currentstop":null,"nextstop":null,"laststop":null,"stopCoveredStatus":0,"heading":124,"lastrefreshon":"06-08-2024 03:00:52","lastreceiveddatetimeflag":0,"tripposition":3}]},{"routeid":5230,"stationid":30241,"stationname":"BWSSB Tavarekere","from":"Depot-35 Gate","to":"Mantanakurchi","routeno":"242-TA D35G-MTK","distance_on_station":5.862,"centerlat":12.96999,"centerlong":77.39935,"responsecode":200,"isnotify":0,"vehicleDetails":[{"vehicleid":21846,"vehiclenumber":"KA57F2039","servicetypeid":72,"servicetype":"Non AC/Ordinary","centerlat":12.972236,"centerlong":77.442513,"eta":"","sch_arrivaltime":"08:02","sch_departuretime":"08:02","actual_arrivaltime":"","actual_departuretime":"","sch_tripstarttime":"07:51","sch_tripendtime":"07:51","lastlocationid":0,"currentlocationid":35809,"nextlocationid":0,"currentstop":null,"nextstop":null,"laststop":null,"stopCoveredStatus":0,"heading":124,"lastrefreshon":"06-08-2024 03:00:52","lastreceiveddatetimeflag":0,"tripposition":3}]},{"routeid":5230,"stationid":32642,"stationname":"Gangenahalli Cross","from":"Depot-35 Gate","to":"Mantanakurchi","routeno":"242-TA D35G-MTK","distance_on_station":6.156,"centerlat":12.97277,"centerlong":77.3999,"responsecode":200,"isnotify":0,"vehicleDetails":[{"vehicleid":21846,"vehiclenumber":"KA57F2039","servicetypeid":72,"servicetype":"Non AC/Ordinary","centerlat":12.972236,"centerlong":77.442513,"eta":"","sch_arrivaltime":"08:03","sch_departuretime":"08:03","actual_arrivaltime":"","actual_departuretime":"","sch_tripstarttime":"07:51","sch_tripendtime":"07:51","lastlocationid":0,"currentlocationid":35809,"nextlocationid":0,"currentstop":null,"nextstop":null,"laststop":null,"stopCoveredStatus":0,"heading":124,"lastrefreshon":"06-08-2024 03:00:52","lastreceiveddatetimeflag":0,"tripposition":3}]},{"routeid":5230,"stationid":33128,"stationname":"Jettipalya","from":"Depot-35 Gate","to":"Mantanakurchi","routeno":"242-TA D35G-MTK","distance_on_station":6.538,"centerlat":12.97661,"centerlong":77.40059,"responsecode":200,"isnotify":0,"vehicleDetails":[{"vehicleid":21846,"vehiclenumber":"KA57F2039","servicetypeid":72,"servicetype":"Non AC/Ordinary","centerlat":12.972236,"centerlong":77.442513,"eta":"","sch_arrivaltime":"08:04","sch_departuretime":"08:04","actual_arrivaltime":"","actual_departuretime":"","sch_tripstarttime":"07:51","sch_tripendtime":"07:51","lastlocationid":0,"currentlocationid":35809,"nextlocationid":0,"currentstop":null,"nextstop":null,"laststop":null,"stopCoveredStatus":0,"heading":124,"lastrefreshon":"06-08-2024 03:00:52","lastreceiveddatetimeflag":0,"tripposition":3}]},{"routeid":5230,"stationid":31561,"stationname":"Varthuru","from":"Depot-35 Gate","to":"Mantanakurchi","routeno":"242-TA D35G-MTK","distance_on_station":7.463,"centerlat":12.98557,"centerlong":77.40216,"responsecode":200,"isnotify":0,"vehicleDetails":[{"vehicleid":21846,"vehiclenumber":"KA57F2039","servicetypeid":72,"servicetype":"Non AC/Ordinary","centerlat":12.972236,"centerlong":77.442513,"eta":"","sch_arrivaltime":"08:06","sch_departuretime":"08:06","actual_arrivaltime":"","actual_departuretime":"","sch_tripstarttime":"07:51","sch_tripendtime":"07:51","lastlocationid":0,"currentlocationid":35809,"nextlocationid":0,"currentstop":null,"nextstop":null,"laststop":null,"stopCoveredStatus":0,"heading":124,"lastrefreshon":"06-08-2024 03:00:52","lastreceiveddatetimeflag":0,"tripposition":3}]},{"routeid":5230,"stationid":28983,"stationname":"Metipalya","from":"Depot-35 Gate","to":"Mantanakurchi","routeno":"242-TA D35G-MTK","distance_on_station":8.264,"centerlat":12.99349,"centerlong":77.40231,"responsecode":200,"isnotify":0,"vehicleDetails":[{"vehicleid":21846,"vehiclenumber":"KA57F2039","servicetypeid":72,"servicetype":"Non AC/Ordinary","centerlat":12.972236,"centerlong":77.442513,"eta":"","sch_arrivaltime":"08:07","sch_departuretime":"08:07","actual_arrivaltime":"","actual_departuretime":"","sch_tripstarttime":"07:51","sch_tripendtime":"07:51","lastlocationid":0,"currentlocationid":35809,"nextlocationid":0,"currentstop":null,"nextstop":null,"laststop":null,"stopCoveredStatus":0,"heading":124,"lastrefreshon":"06-08-2024 03:00:52","lastreceiveddatetimeflag":0,"tripposition":3}]},{"routeid":5230,"stationid":32362,"stationname":"Chowdeshwarinagara","from":"Depot-35 Gate","to":"Mantanakurchi","routeno":"242-TA D35G-MTK","distance_on_station":8.753,"centerlat":12.9975,"centerlong":77.39944,"responsecode":200,"isnotify":0,"vehicleDetails":[{"vehicleid":21846,"vehiclenumber":"KA57F2039","servicetypeid":72,"servicetype":"Non AC/Ordinary","centerlat":12.972236,"centerlong":77.442513,"eta":"","sch_arrivaltime":"08:08","sch_departuretime":"08:08","actual_arrivaltime":"","actual_departuretime":"","sch_tripstarttime":"07:51","sch_tripendtime":"07:51","lastlocationid":0,"currentlocationid":35809,"nextlocationid":0,"currentstop":null,"nextstop":null,"laststop":null,"stopCoveredStatus":0,"heading":124,"lastrefreshon":"06-08-2024 03:00:52","lastreceiveddatetimeflag":0,"tripposition":3}]},{"routeid":5230,"stationid":33773,"stationname":"Mallasandra","from":"Depot-35 Gate","to":"Mantanakurchi","routeno":"242-TA D35G-MTK","distance_on_station":9.492,"centerlat":13.00245,"centerlong":77.39422,"responsecode":200,"isnotify":0,"vehicleDetails":[{"vehicleid":21846,"vehiclenumber":"KA57F2039","servicetypeid":72,"servicetype":"Non AC/Ordinary","centerlat":12.972236,"centerlong":77.442513,"eta":"","sch_arrivaltime":"08:09","sch_departuretime":"08:09","actual_arrivaltime":"","actual_departuretime":"","sch_tripstarttime":"07:51","sch_tripendtime":"07:51","lastlocationid":0,"currentlocationid":35809,"nextlocationid":0,"currentstop":null,"nextstop":null,"laststop":null,"stopCoveredStatus":0,"heading":124,"lastrefreshon":"06-08-2024 03:00:52","lastreceiveddatetimeflag":0,"tripposition":3}]},{"routeid":5230,"stationid":32659,"stationname":"Gayathri Nagara Cross","from":"Depot-35 Gate","to":"Mantanakurchi","routeno":"242-TA D35G-MTK","distance_on_station":11.36,"centerlat":13.01481,"centerlong":77.38346,"responsecode":200,"isnotify":0,"vehicleDetails":[{"vehicleid":21846,"vehiclenumber":"KA57F2039","servicetypeid":72,"servicetype":"Non AC/Ordinary","centerlat":12.972236,"centerlong":77.442513,"eta":"","sch_arrivaltime":"08:12","sch_departuretime":"08:12","actual_arrivaltime":"","actual_departuretime":"","sch_tripstarttime":"07:51","sch_tripendtime":"07:51","lastlocationid":0,"currentlocationid":35809,"nextlocationid":0,"currentstop":null,"nextstop":null,"laststop":null,"stopCoveredStatus":0,"heading":124,"lastrefreshon":"06-08-2024 03:00:52","lastreceiveddatetimeflag":0,"tripposition":3}]},{"routeid":5230,"stationid":33469,"stationname":"Kerekodi Sondekoppa","from":"Depot-35 Gate","to":"Mantanakurchi","routeno":"242-TA D35G-MTK","distance_on_station":11.76,"centerlat":13.01877,"centerlong":77.38419,"responsecode":200,"isnotify":0,"vehicleDetails":[{"vehicleid":21846,"vehiclenumber":"KA57F2039","servicetypeid":72,"servicetype":"Non AC/Ordinary","centerlat":12.972236,"centerlong":77.442513,"eta":"","sch_arrivaltime":"08:13","sch_departuretime":"08:13","actual_arrivaltime":"","actual_departuretime":"","sch_tripstarttime":"07:51","sch_tripendtime":"07:51","lastlocationid":0,"currentlocationid":35809,"nextlocationid":0,"currentstop":null,"nextstop":null,"laststop":null,"stopCoveredStatus":0,"heading":124,"lastrefreshon":"06-08-2024 03:00:52","lastreceiveddatetimeflag":0,"tripposition":3}]},{"routeid":5230,"stationid":34649,"stationname":"Sondekoppa","from":"Depot-35 Gate","to":"Mantanakurchi","routeno":"242-TA D35G-MTK","distance_on_station":11.973,"centerlat":13.02089,"centerlong":77.3843,"responsecode":200,"isnotify":0,"vehicleDetails":[{"vehicleid":21846,"vehiclenumber":"KA57F2039","servicetypeid":72,"servicetype":"Non AC/Ordinary","centerlat":12.972236,"centerlong":77.442513,"eta":"","sch_arrivaltime":"08:14","sch_departuretime":"08:14","actual_arrivaltime":"","actual_departuretime":"","sch_tripstarttime":"07:51","sch_tripendtime":"07:51","lastlocationid":0,"currentlocationid":35809,"nextlocationid":0,"currentstop":null,"nextstop":null,"laststop":null,"stopCoveredStatus":0,"heading":124,"lastrefreshon":"06-08-2024 03:00:52","lastreceiveddatetimeflag":0,"tripposition":3}]},{"routeid":5230,"stationid":25875,"stationname":"High School Sondekoppa","from":"Depot-35 Gate","to":"Mantanakurchi","routeno":"242-TA D35G-MTK","distance_on_station":12.472,"centerlat":13.02562,"centerlong":77.38461,"responsecode":200,"isnotify":0,"vehicleDetails":[{"vehicleid":21846,"vehiclenumber":"KA57F2039","servicetypeid":72,"servicetype":"Non AC/Ordinary","centerlat":12.972236,"centerlong":77.442513,"eta":"","sch_arrivaltime":"08:15","sch_departuretime":"08:15","actual_arrivaltime":"","actual_departuretime":"","sch_tripstarttime":"07:51","sch_tripendtime":"07:51","lastlocationid":0,"currentlocationid":35809,"nextlocationid":0,"currentstop":null,"nextstop":null,"laststop":null,"stopCoveredStatus":0,"heading":124,"lastrefreshon":"06-08-2024 03:00:52","lastreceiveddatetimeflag":0,"tripposition":3}]},{"routeid":5230,"stationid":32669,"stationname":"Gerahalli","from":"Depot-35 Gate","to":"Mantanakurchi","routeno":"242-TA D35G-MTK","distance_on_station":13.779,"centerlat":13.03725,"centerlong":77.3906,"responsecode":200,"isnotify":0,"vehicleDetails":[{"vehicleid":21846,"vehiclenumber":"KA57F2039","servicetypeid":72,"servicetype":"Non AC/Ordinary","centerlat":12.972236,"centerlong":77.442513,"eta":"","sch_arrivaltime":"08:17","sch_departuretime":"08:17","actual_arrivaltime":"","actual_departuretime":"","sch_tripstarttime":"07:51","sch_tripendtime":"07:51","lastlocationid":0,"currentlocationid":35809,"nextlocationid":0,"currentstop":null,"nextstop":null,"laststop":null,"stopCoveredStatus":0,"heading":124,"lastrefreshon":"06-08-2024 03:00:52","lastreceiveddatetimeflag":0,"tripposition":3}]},{"routeid":5230,"stationid":33010,"stationname":"Hunnigere Cross","from":"Depot-35 Gate","to":"Mantanakurchi","routeno":"242-TA D35G-MTK","distance_on_station":13.975,"centerlat":13.03914,"centerlong":77.39107,"responsecode":200,"isnotify":0,"vehicleDetails":[{"vehicleid":21846,"vehiclenumber":"KA57F2039","servicetypeid":72,"servicetype":"Non AC/Ordinary","centerlat":12.972236,"centerlong":77.442513,"eta":"","sch_arrivaltime":"08:18","sch_departuretime":"08:18","actual_arrivaltime":"","actual_departuretime":"","sch_tripstarttime":"07:51","sch_tripendtime":"07:51","lastlocationid":0,"currentlocationid":35809,"nextlocationid":0,"currentstop":null,"nextstop":null,"laststop":null,"stopCoveredStatus":0,"heading":124,"lastrefreshon":"06-08-2024 03:00:52","lastreceiveddatetimeflag":0,"tripposition":3}]},{"routeid":5230,"stationid":28768,"stationname":"Mantanakurchi","from":"Depot-35 Gate","to":"Mantanakurchi","routeno":"242-TA D35G-MTK","distance_on_station":14.9,"centerlat":13.04352,"centerlong":77.38411,"responsecode":200,"isnotify":0,"vehicleDetails":[{"vehicleid":21846,"vehiclenumber":"KA57F2039","servicetypeid":72,"servicetype":"Non AC/Ordinary","centerlat":12.972236,"centerlong":77.442513,"eta":"","sch_arrivaltime":"08:20","sch_departuretime":"08:20","actual_arrivaltime":"","actual_departuretime":"","sch_tripstarttime":"07:51","sch_tripendtime":"07:51","lastlocationid":0,"currentlocationid":35809,"nextlocationid":0,"currentstop":null,"nextstop":null,"laststop":null,"stopCoveredStatus":0,"heading":124,"lastrefreshon":"06-08-2024 03:00:52","lastreceiveddatetimeflag":0,"tripposition":1}]}],"mapData":[{"vehicleid":21846,"vehiclenumber":"KA57F2039","servicetypeid":72,"servicetype":"Non AC/Ordinary","centerlat":12.972236,"centerlong":77.442513,"eta":"","sch_arrivaltime":"08:20","sch_departuretime":"08:20","actual_arrivaltime":"","actual_departuretime":"","sch_tripstarttime":"07:51","sch_tripendtime":"07:51","lastlocationid":0,"currentlocationid":35809,"nextlocationid":0,"currentstop":null,"nextstop":null,"laststop":null,"stopCoveredStatus":0,"heading":124,"lastrefreshon":"06-08-2024 03:00:52","lastreceiveddatetimeflag":0,"tripposition":1}]},"down":{"data":[],"mapData":[]},"message":"Success","issuccess":true,"exception":null,"rowCount":0,"responsecode":200}