{"up":{"data":[{"routeid":5363,"stationid":20921,"stationname":"Kempegowda Bus Station","from":"Kempegowda Bus Station","to":"Upkar Residency Layout","routeno":"243-A","distance_on_station":0,"centerlat":12.97751,"centerlong":77.57141,"responsecode":200,"isnotify":0,"vehicleDetails":[{"vehicleid":25928,"vehiclenumber":"KA57F4935","servicetypeid":72,"servicetype":"Non AC/Ordinary","centerlat":12.918015,"centerlong":77.573168,"eta":"","sch_arrivaltime":"22:10","sch_departuretime":"22:10","actual_arrivaltime":"","actual_departuretime":"","sch_tripstarttime":"22:10","sch_tripendtime":"22:10","lastlocationid":0,"currentlocationid":20577,"nextlocationid":0,"currentstop":null,"nextstop":null,"laststop":null,"stopCoveredStatus":0,"heading":152,"lastrefreshon":"05-10-2023 17:14:44","lastreceiveddatetimeflag":1,"tripposition":3}]},{"routeid":5363,"stationid":35387,"stationname":"Okalipura","from":"Kempegowda Bus Station","to":"Upkar Residency Layout","routeno":"243-A","distance_on_station":1.049,"centerlat":12.98229,"centerlong":77.56783,"responsecode":200,"isnotify":0,"vehicleDetails":[{"vehicleid":25928,"vehiclenumber":"KA57F4935","servicetypeid":72,"servicetype":"Non AC/Ordinary","centerlat":12.918015,"centerlong":77.573168,"eta":"","sch_arrivaltime":"22:12","sch_departuretime":"22:12","actual_arrivaltime":"","actual_departuretime":"","sch_tripstarttime":"22:10","sch_tripendtime":"22:10","lastlocationid":0,"currentlocationid":20577,"nextlocationid":0,"currentstop":null,"nextstop":null,"laststop":null,"stopCoveredStatus":0,"heading":152,"lastrefreshon":"05-10-2023 17:14:44","lastreceiveddatetimeflag":1,"tripposition":3}]},{"routeid":5363,"stationid":21025,"stationname":"Minerva Mill","from":"Kempegowda Bus Station","to":"Upkar Residency Layout","routeno":"243-A","distance_on_station":1.805,"centerlat":12.9795,"centerlong":77.56445,"responsecode":200,"isnotify":0,"vehicleDetails":[{"vehicleid":25928,"vehiclenumber":"KA57F4935","servicetypeid":72,"servicetype":"Non AC/Ordinary","centerlat":12.918015,"centerlong":77.573168,"eta":"","sch_arrivaltime":"22:13","sch_departuretime":"22:13","actual_arrivaltime":"","actual_departuretime":"","sch_tripstarttime":"22:10","sch_tripendtime":"22:10","lastlocationid":0,"currentlocationid":20577,"nextlocationid":0,"currentstop":null,"nextstop":null,"laststop":null,"stopCoveredStatus":0,"heading":152,"lastrefreshon":"05-10-2023 17:14:44","lastreceiveddatetimeflag":1,"tripposition":3}]},{"routeid":5363,"stationid":20577,"stationname":"1st Cross Magadi Road","from":"Kempegowda Bus Station","to":"Upkar Residency Layout","routeno":"243-A","distance_on_station":2.512,"centerlat":12.97569,"centerlong":77.563,"responsecode":200,"isnotify":0,"vehicleDetails":[{"vehicleid":25928,"vehiclenumber":"KA57F4935","servicetypeid":72,"servicetype":"Non AC/Ordinary","centerlat":12.918015,"centerlong":77.573168,"eta":"","sch_arrivaltime":"22:14","sch_departuretime":"22:14","actual_arrivaltime":"","actual_departuretime":"","sch_tripstarttime":"22:10","sch_tripendtime":"22:10","lastlocationid":0,"currentlocationid":20577,"nextlocationid":0,"currentstop":null,"nextstop":null,"laststop":null,"stopCoveredStatus":0,"heading":152,"lastrefreshon":"05-10-2023 17:14:44","lastreceiveddatetimeflag":1,"tripposition":3}]},{"routeid":5363,"stationid":20584,"stationname":"5th Cross Magadi Road","from":"Kempegowda Bus Station","to":"Upkar Residency Layout","routeno":"243-A","distance_on_station":2.804,"centerlat":12.97567,"centerlong":77.56081,"responsecode":200,"isnotify":0,"vehicleDetails":[{"vehicleid":25928,"vehiclenumber":"KA57F4935","servicetypeid":72,"servicetype":"Non AC/Ordinary","centerlat":12.918015,"centerlong":77.573168,"eta":"","sch_arrivaltime":"22:15","sch_departuretime":"22:15","actual_arrivaltime":"","actual_departuretime":"","sch_tripstarttime":"22:10","sch_tripendtime":"22:10","lastlocationid":0,"currentlocationid":20577,"nextlocationid":0,"currentstop":null,"nextstop":null,"laststop":null,"stopCoveredStatus":0,"heading":152,"lastrefreshon":"05-10-2023 17:14:44","lastreceiveddatetimeflag":1,"tripposition":3}]},{"routeid":5363,"stationid":20558,"stationname":"10th Cross Magadi Road","from":"Kempegowda Bus Station","to":"Upkar Residency Layout","routeno":"243-A","distance_on_station":3.487,"centerlat":12.97556,"centerlong":77.55562,"responsecode":200,"isnotify":0,"vehicleDetails":[{"vehicleid":25928,"vehiclenumber":"KA57F4935","servicetypeid":72,"servicetype":"Non AC/Ordinary","centerlat":12.918015,"centerlong":77.573168,"eta":"","sch_arrivaltime":"22:16","sch_departuretime":"22:16","actual_arrivaltime":"","actual_departuretime":"","sch_tripstarttime":"22:10","sch_tripendtime":"22:10","lastlocationid":0,"currentlocationid":20577,"nextlocationid":0,"currentstop":null,"nextstop":null,"laststop":null,"stopCoveredStatus":0,"heading":152,"lastrefreshon":"05-10-2023 17:14:44","lastreceiveddatetimeflag":1,"tripposition":3}]},{"routeid":5363,"stationid":38801,"stationname":"Magadi Road Metro Station","from":"Kempegowda Bus Station","to":"Upkar Residency Layout","routeno":"243-A","distance_on_station":3.585,"centerlat":12.97553,"centerlong":77.55486,"responsecode":200,"isnotify":0,"vehicleDetails":[{"vehicleid":25928,"vehiclenumber":"KA57F4935","servicetypeid":72,"servicetype":"Non AC/Ordinary","centerlat":12.918015,"centerlong":77.573168,"eta":"","sch_arrivaltime":"22:17","sch_departuretime":"22:17","actual_arrivaltime":"","actual_departuretime":"","sch_tripstarttime":"22:10","sch_tripendtime":"22:10","lastlocationid":0,"currentlocationid":20577,"nextlocationid":0,"currentstop":null,"nextstop":null,"laststop":null,"stopCoveredStatus":0,"heading":152,"lastrefreshon":"05-10-2023 17:14:44","lastreceiveddatetimeflag":1,"tripposition":3}]},{"routeid":5363,"stationid":21101,"stationname":"Prasanna Theatre","from":"Kempegowda Bus Station","to":"Upkar Residency Layout","routeno":"243-A","distance_on_station":4.134,"centerlat":12.97401,"centerlong":77.55122,"responsecode":200,"isnotify":0,"vehicleDetails":[{"vehicleid":25928,"vehiclenumber":"KA57F4935","servicetypeid":72,"servicetype":"Non AC/Ordinary","centerlat":12.918015,"centerlong":77.573168,"eta":"","sch_arrivaltime":"22:18","sch_departuretime":"22:18","actual_arrivaltime":"","actual_departuretime":"","sch_tripstarttime":"22:10","sch_tripendtime":"22:10","lastlocationid":0,"currentlocationid":20577,"nextlocationid":0,"currentstop":null,"nextstop":null,"laststop":null,"stopCoveredStatus":0,"heading":152,"lastrefreshon":"05-10-2023 17:14:44","lastreceiveddatetimeflag":1,"tripposition":3}]},{"routeid":5363,"stationid":28613,"stationname":"Magadi Road Tollgate","from":"Kempegowda Bus Station","to":"Upkar Residency Layout","routeno":"243-A","distance_on_station":4.621,"centerlat":12.9752,"centerlong":77.54818,"responsecode":200,"isnotify":0,"vehicleDetails":[{"vehicleid":25928,"vehiclenumber":"KA57F4935","servicetypeid":72,"servicetype":"Non AC/Ordinary","centerlat":12.918015,"centerlong":77.573168,"eta":"","sch_arrivaltime":"22:20","sch_departuretime":"22:20","actual_arrivaltime":"","actual_departuretime":"","sch_tripstarttime":"22:10","sch_tripendtime":"22:10","lastlocationid":0,"currentlocationid":20577,"nextlocationid":0,"currentstop":null,"nextstop":null,"laststop":null,"stopCoveredStatus":0,"heading":152,"lastrefreshon":"05-10-2023 17:14:44","lastreceiveddatetimeflag":1,"tripposition":3}]},{"routeid":5363,"stationid":20600,"stationname":"Agrahara Dasarahalli","from":"Kempegowda Bus Station","to":"Upkar Residency Layout","routeno":"243-A","distance_on_station":5.694,"centerlat":12.97874,"centerlong":77.54121,"responsecode":200,"isnotify":0,"vehicleDetails":[{"vehicleid":25928,"vehiclenumber":"KA57F4935","servicetypeid":72,"servicetype":"Non AC/Ordinary","centerlat":12.918015,"centerlong":77.573168,"eta":"","sch_arrivaltime":"22:22","sch_departuretime":"22:22","actual_arrivaltime":"","actual_departuretime":"","sch_tripstarttime":"22:10","sch_tripendtime":"22:10","lastlocationid":0,"currentlocationid":20577,"nextlocationid":0,"currentstop":null,"nextstop":null,"laststop":null,"stopCoveredStatus":0,"heading":152,"lastrefreshon":"05-10-2023 17:14:44","lastreceiveddatetimeflag":1,"tripposition":3}]},{"routeid":5363,"stationid":20930,"stationname":"KHB Colony","from":"Kempegowda Bus Station","to":"Upkar Residency Layout","routeno":"243-A","distance_on_station":6.511,"centerlat":12.98105,"centerlong":77.53549,"responsecode":200,"isnotify":0,"vehicleDetails":[{"vehicleid":25928,"vehiclenumber":"KA57F4935","servicetypeid":72,"servicetype":"Non AC/Ordinary","centerlat":12.918015,"centerlong":77.573168,"eta":"","sch_arrivaltime":"22:23","sch_departuretime":"22:23","actual_arrivaltime":"","actual_departuretime":"","sch_tripstarttime":"22:10","sch_tripendtime":"22:10","lastlocationid":0,"currentlocationid":20577,"nextlocationid":0,"currentstop":null,"nextstop":null,"laststop":null,"stopCoveredStatus":0,"heading":152,"lastrefreshon":"05-10-2023 17:14:44","lastreceiveddatetimeflag":1,"tripposition":3}]},{"routeid":5363,"stationid":20906,"stationname":"Kamakshipalya","from":"Kempegowda Bus Station","to":"Upkar Residency Layout","routeno":"243-A","distance_on_station":7.462,"centerlat":12.98375,"centerlong":77.52917,"responsecode":200,"isnotify":0,"vehicleDetails":[{"vehicleid":25928,"vehiclenumber":"KA57F4935","servicetypeid":72,"servicetype":"Non AC/Ordinary","centerlat":12.918015,"centerlong":77.573168,"eta":"","sch_arrivaltime":"22:24","sch_departuretime":"22:24","actual_arrivaltime":"","actual_departuretime":"","sch_tripstarttime":"22:10","sch_tripendtime":"22:10","lastlocationid":0,"currentlocationid":20577,"nextlocationid":0,"currentstop":null,"nextstop":null,"laststop":null,"stopCoveredStatus":0,"heading":152,"lastrefreshon":"05-10-2023 17:14:44","lastreceiveddatetimeflag":1,"tripposition":3}]},{"routeid":5363,"stationid":21204,"stationname":"Summanahalli","from":"Kempegowda Bus Station","to":"Upkar Residency Layout","routeno":"243-A","distance_on_station":9.023,"centerlat":12.98739,"centerlong":77.51914,"responsecode":200,"isnotify":0,"vehicleDetails":[{"vehicleid":25928,"vehiclenumber":"KA57F4935","servicetypeid":72,"servicetype":"Non AC/Ordinary","centerlat":12.918015,"centerlong":77.573168,"eta":"","sch_arrivaltime":"22:28","sch_departuretime":"22:28","actual_arrivaltime":"","actual_departuretime":"","sch_tripstarttime":"22:10","sch_tripendtime":"22:10","lastlocationid":0,"currentlocationid":20577,"nextlocationid":0,"currentstop":null,"nextstop":null,"laststop":null,"stopCoveredStatus":0,"heading":152,"lastrefreshon":"05-10-2023 17:14:44","lastreceiveddatetimeflag":1,"tripposition":3}]},{"routeid":5363,"stationid":20937,"stationname":"Kottigepalya","from":"Kempegowda Bus Station","to":"Upkar Residency Layout","routeno":"243-A","distance_on_station":9.584,"centerlat":12.98787,"centerlong":77.51509,"responsecode":200,"isnotify":0,"vehicleDetails":[{"vehicleid":25928,"vehiclenumber":"KA57F4935","servicetypeid":72,"servicetype":"Non AC/Ordinary","centerlat":12.918015,"centerlong":77.573168,"eta":"","sch_arrivaltime":"22:29","sch_departuretime":"22:29","actual_arrivaltime":"","actual_departuretime":"","sch_tripstarttime":"22:10","sch_tripendtime":"22:10","lastlocationid":0,"currentlocationid":20577,"nextlocationid":0,"currentstop":null,"nextstop":null,"laststop":null,"stopCoveredStatus":0,"heading":152,"lastrefreshon":"05-10-2023 17:14:44","lastreceiveddatetimeflag":1,"tripposition":3}]},{"routeid":5363,"stationid":21206,"stationname":"Sunkadakatte","from":"Kempegowda Bus Station","to":"Upkar Residency Layout","routeno":"243-A","distance_on_station":11.169,"centerlat":12.99018,"centerlong":77.5038,"responsecode":200,"isnotify":0,"vehicleDetails":[{"vehicleid":25928,"vehiclenumber":"KA57F4935","servicetypeid":72,"servicetype":"Non AC/Ordinary","centerlat":12.918015,"centerlong":77.573168,"eta":"","sch_arrivaltime":"22:32","sch_departuretime":"22:32","actual_arrivaltime":"","actual_departuretime":"","sch_tripstarttime":"22:10","sch_tripendtime":"22:10","lastlocationid":0,"currentlocationid":20577,"nextlocationid":0,"currentstop":null,"nextstop":null,"laststop":null,"stopCoveredStatus":0,"heading":152,"lastrefreshon":"05-10-2023 17:14:44","lastreceiveddatetimeflag":1,"tripposition":3}]},{"routeid":5363,"stationid":26277,"stationname":"Janapriya Apartment","from":"Kempegowda Bus Station","to":"Upkar Residency Layout","routeno":"243-A","distance_on_station":11.767,"centerlat":12.9888,"centerlong":77.49952,"responsecode":200,"isnotify":0,"vehicleDetails":[{"vehicleid":25928,"vehiclenumber":"KA57F4935","servicetypeid":72,"servicetype":"Non AC/Ordinary","centerlat":12.918015,"centerlong":77.573168,"eta":"","sch_arrivaltime":"22:33","sch_departuretime":"22:33","actual_arrivaltime":"","actual_departuretime":"","sch_tripstarttime":"22:10","sch_tripendtime":"22:10","lastlocationid":0,"currentlocationid":20577,"nextlocationid":0,"currentstop":null,"nextstop":null,"laststop":null,"stopCoveredStatus":0,"heading":152,"lastrefreshon":"05-10-2023 17:14:44","lastreceiveddatetimeflag":1,"tripposition":3}]},{"routeid":5363,"stationid":21530,"stationname":"Herohalli Cross","from":"Kempegowda Bus Station","to":"Upkar Residency Layout","routeno":"243-A","distance_on_station":12.718,"centerlat":12.98726,"centerlong":77.4925,"responsecode":200,"isnotify":0,"vehicleDetails":[{"vehicleid":25928,"vehiclenumber":"KA57F4935","servicetypeid":72,"servicetype":"Non AC/Ordinary","centerlat":12.918015,"centerlong":77.573168,"eta":"","sch_arrivaltime":"22:34","sch_departuretime":"22:34","actual_arrivaltime":"","actual_departuretime":"","sch_tripstarttime":"22:10","sch_tripendtime":"22:10","lastlocationid":0,"currentlocationid":20577,"nextlocationid":0,"currentstop":null,"nextstop":null,"laststop":null,"stopCoveredStatus":0,"heading":152,"lastrefreshon":"05-10-2023 17:14:44","lastreceiveddatetimeflag":1,"tripposition":3}]},{"routeid":5363,"stationid":21456,"stationname":"Anjananagara","from":"Kempegowda Bus Station","to":"Upkar Residency Layout","routeno":"243-A","distance_on_station":13.266,"centerlat":12.98614,"centerlong":77.48847,"responsecode":200,"isnotify":0,"vehicleDetails":[{"vehicleid":25928,"vehiclenumber":"KA57F4935","servicetypeid":72,"servicetype":"Non AC/Ordinary","centerlat":12.918015,"centerlong":77.573168,"eta":"","sch_arrivaltime":"22:35","sch_departuretime":"22:35","actual_arrivaltime":"","actual_departuretime":"","sch_tripstarttime":"22:10","sch_tripendtime":"22:10","lastlocationid":0,"currentlocationid":20577,"nextlocationid":0,"currentstop":null,"nextstop":null,"laststop":null,"stopCoveredStatus":0,"heading":152,"lastrefreshon":"05-10-2023 17:14:44","lastreceiveddatetimeflag":1,"tripposition":3}]},{"routeid":5363,"stationid":21508,"stationname":"East West College Cross","from":"Kempegowda Bus Station","to":"Upkar Residency Layout","routeno":"243-A","distance_on_station":13.559,"centerlat":12.98559,"centerlong":77.48632,"responsecode":200,"isnotify":0,"vehicleDetails":[{"vehicleid":25928,"vehiclenumber":"KA57F4935","servicetypeid":72,"servicetype":"Non AC/Ordinary","centerlat":12.918015,"centerlong":77.573168,"eta":"","sch_arrivaltime":"22:36","sch_departuretime":"22:36","actual_arrivaltime":"","actual_departuretime":"","sch_tripstarttime":"22:10","sch_tripendtime":"22:10","lastlocationid":0,"currentlocationid":20577,"nextlocationid":0,"currentstop":null,"nextstop":null,"laststop":null,"stopCoveredStatus":0,"heading":152,"lastrefreshon":"05-10-2023 17:14:44","lastreceiveddatetimeflag":1,"tripposition":3}]},{"routeid":5363,"stationid":35251,"stationname":"Bharath Nagara 1st Phase","from":"Kempegowda Bus Station","to":"Upkar Residency Layout","routeno":"243-A","distance_on_station":14.181,"centerlat":12.98117,"centerlong":77.48513,"responsecode":200,"isnotify":0,"vehicleDetails":[{"vehicleid":25928,"vehiclenumber":"KA57F4935","servicetypeid":72,"servicetype":"Non AC/Ordinary","centerlat":12.918015,"centerlong":77.573168,"eta":"","sch_arrivaltime":"22:37","sch_departuretime":"22:37","actual_arrivaltime":"","actual_departuretime":"","sch_tripstarttime":"22:10","sch_tripendtime":"22:10","lastlocationid":0,"currentlocationid":20577,"nextlocationid":0,"currentstop":null,"nextstop":null,"laststop":null,"stopCoveredStatus":0,"heading":152,"lastrefreshon":"05-10-2023 17:14:44","lastreceiveddatetimeflag":1,"tripposition":3}]},{"routeid":5363,"stationid":32674,"stationname":"Gidadakonenahalli Cross","from":"Kempegowda Bus Station","to":"Upkar Residency Layout","routeno":"243-A","distance_on_station":15.278,"centerlat":12.97455,"centerlong":77.48791,"responsecode":200,"isnotify":0,"vehicleDetails":[{"vehicleid":25928,"vehiclenumber":"KA57F4935","servicetypeid":72,"servicetype":"Non AC/Ordinary","centerlat":12.918015,"centerlong":77.573168,"eta":"","sch_arrivaltime":"22:39","sch_departuretime":"22:39","actual_arrivaltime":"","actual_departuretime":"","sch_tripstarttime":"22:10","sch_tripendtime":"22:10","lastlocationid":0,"currentlocationid":20577,"nextlocationid":0,"currentstop":null,"nextstop":null,"laststop":null,"stopCoveredStatus":0,"heading":152,"lastrefreshon":"05-10-2023 17:14:44","lastreceiveddatetimeflag":1,"tripposition":3}]},{"routeid":5363,"stationid":30384,"stationname":"Muddayanapalya Junction","from":"Kempegowda Bus Station","to":"Upkar Residency Layout","routeno":"243-A","distance_on_station":15.729,"centerlat":12.97138,"centerlong":77.48809,"responsecode":200,"isnotify":0,"vehicleDetails":[{"vehicleid":25928,"vehiclenumber":"KA57F4935","servicetypeid":72,"servicetype":"Non AC/Ordinary","centerlat":12.918015,"centerlong":77.573168,"eta":"","sch_arrivaltime":"22:40","sch_departuretime":"22:40","actual_arrivaltime":"","actual_departuretime":"","sch_tripstarttime":"22:10","sch_tripendtime":"22:10","lastlocationid":0,"currentlocationid":20577,"nextlocationid":0,"currentstop":null,"nextstop":null,"laststop":null,"stopCoveredStatus":0,"heading":152,"lastrefreshon":"05-10-2023 17:14:44","lastreceiveddatetimeflag":1,"tripposition":3}]},{"routeid":5363,"stationid":33965,"stationname":"Muddinapalya","from":"Kempegowda Bus Station","to":"Upkar Residency Layout","routeno":"243-A","distance_on_station":16.437,"centerlat":12.96632,"centerlong":77.48786,"responsecode":200,"isnotify":0,"vehicleDetails":[{"vehicleid":25928,"vehiclenumber":"KA57F4935","servicetypeid":72,"servicetype":"Non AC/Ordinary","centerlat":12.918015,"centerlong":77.573168,"eta":"","sch_arrivaltime":"22:41","sch_departuretime":"22:41","actual_arrivaltime":"","actual_departuretime":"","sch_tripstarttime":"22:10","sch_tripendtime":"22:10","lastlocationid":0,"currentlocationid":20577,"nextlocationid":0,"currentstop":null,"nextstop":null,"laststop":null,"stopCoveredStatus":0,"heading":152,"lastrefreshon":"05-10-2023 17:14:44","lastreceiveddatetimeflag":1,"tripposition":3}]},{"routeid":5363,"stationid":31515,"stationname":"Upkar Residency Layout","from":"Kempegowda Bus Station","to":"Upkar Residency Layout","routeno":"243-A","distance_on_station":16.9,"centerlat":12.96402,"centerlong":77.48897,"responsecode":200,"isnotify":0,"vehicleDetails":[{"vehicleid":25928,"vehiclenumber":"KA57F4935","servicetypeid":72,"servicetype":"Non AC/Ordinary","centerlat":12.918015,"centerlong":77.573168,"eta":"","sch_arrivaltime":"22:42","sch_departuretime":"22:42","actual_arrivaltime":"","actual_departuretime":"","sch_tripstarttime":"22:10","sch_tripendtime":"22:10","lastlocationid":0,"currentlocationid":20577,"nextlocationid":0,"currentstop":null,"nextstop":null,"laststop":null,"stopCoveredStatus":0,"heading":152,"lastrefreshon":"05-10-2023 17:14:44","lastreceiveddatetimeflag":1,"tripposition":3}]}],"mapData":[{"vehicleid":25928,"vehiclenumber":"KA57F4935","servicetypeid":72,"servicetype":"Non AC/Ordinary","centerlat":12.918015,"centerlong":77.573168,"eta":"","sch_arrivaltime":"22:42","sch_departuretime":"22:42","actual_arrivaltime":"","actual_departuretime":"","sch_tripstarttime":"22:10","sch_tripendtime":"22:10","lastlocationid":0,"currentlocationid":20577,"nextlocationid":0,"currentstop":null,"nextstop":null,"laststop":null,"stopCoveredStatus":0,"heading":152,"lastrefreshon":"05-10-2023 17:14:44","lastreceiveddatetimeflag":1,"tripposition":3}]},"down":{"data":[],"mapData":[]},"message":"Success","issuccess":true,"exception":null,"rowCount":0,"responsecode":200}