{"up":{"data":[{"routeid":6111,"stationid":21474,"stationname":"Byadarahalli","from":"Nelamangala Bus Station","to":"Nelamangala Bus Station","routeno":"248-HA NMG-NMG","distance_on_station":0,"centerlat":12.9852,"centerlong":77.48196,"responsecode":200,"isnotify":0,"vehicleDetails":[{"vehicleid":18690,"vehiclenumber":"KA57F3017","servicetypeid":72,"servicetype":"Non AC/Ordinary","centerlat":13.045396,"centerlong":77.525253,"eta":"","sch_arrivaltime":"12:51","sch_departuretime":"12:51","actual_arrivaltime":"","actual_departuretime":"","sch_tripstarttime":"12:00","sch_tripendtime":"12:00","lastlocationid":0,"currentlocationid":21080,"nextlocationid":0,"currentstop":null,"nextstop":null,"laststop":null,"stopCoveredStatus":0,"heading":256,"lastrefreshon":"05-08-2024 22:09:16","lastreceiveddatetimeflag":1,"tripposition":1}]},{"routeid":6111,"stationid":24294,"stationname":"East West College Cross","from":"Nelamangala Bus Station","to":"Nelamangala Bus Station","routeno":"248-HA NMG-NMG","distance_on_station":0.243,"centerlat":12.98568,"centerlong":77.48629,"responsecode":200,"isnotify":0,"vehicleDetails":[{"vehicleid":18690,"vehiclenumber":"KA57F3017","servicetypeid":72,"servicetype":"Non AC/Ordinary","centerlat":13.045396,"centerlong":77.525253,"eta":"","sch_arrivaltime":"12:52","sch_departuretime":"12:52","actual_arrivaltime":"","actual_departuretime":"","sch_tripstarttime":"12:00","sch_tripendtime":"12:00","lastlocationid":0,"currentlocationid":21080,"nextlocationid":0,"currentstop":null,"nextstop":null,"laststop":null,"stopCoveredStatus":0,"heading":256,"lastrefreshon":"05-08-2024 22:09:16","lastreceiveddatetimeflag":1,"tripposition":3}]},{"routeid":6111,"stationid":21455,"stationname":"Anjananagara","from":"Nelamangala Bus Station","to":"Nelamangala Bus Station","routeno":"248-HA NMG-NMG","distance_on_station":0.349,"centerlat":12.98617,"centerlong":77.48817,"responsecode":200,"isnotify":0,"vehicleDetails":[{"vehicleid":18690,"vehiclenumber":"KA57F3017","servicetypeid":72,"servicetype":"Non AC/Ordinary","centerlat":13.045396,"centerlong":77.525253,"eta":"","sch_arrivaltime":"12:53","sch_departuretime":"12:53","actual_arrivaltime":"","actual_departuretime":"","sch_tripstarttime":"12:00","sch_tripendtime":"12:00","lastlocationid":0,"currentlocationid":21080,"nextlocationid":0,"currentstop":null,"nextstop":null,"laststop":null,"stopCoveredStatus":0,"heading":256,"lastrefreshon":"05-08-2024 22:09:16","lastreceiveddatetimeflag":1,"tripposition":3}]},{"routeid":6111,"stationid":21523,"stationname":"Herohalli Cross1","from":"Nelamangala Bus Station","to":"Nelamangala Bus Station","routeno":"248-HA NMG-NMG","distance_on_station":0.591,"centerlat":12.98736,"centerlong":77.4924,"responsecode":200,"isnotify":0,"vehicleDetails":[{"vehicleid":18690,"vehiclenumber":"KA57F3017","servicetypeid":72,"servicetype":"Non AC/Ordinary","centerlat":13.045396,"centerlong":77.525253,"eta":"","sch_arrivaltime":"12:54","sch_departuretime":"12:54","actual_arrivaltime":"","actual_departuretime":"","sch_tripstarttime":"12:00","sch_tripendtime":"12:00","lastlocationid":0,"currentlocationid":21080,"nextlocationid":0,"currentstop":null,"nextstop":null,"laststop":null,"stopCoveredStatus":0,"heading":256,"lastrefreshon":"05-08-2024 22:09:16","lastreceiveddatetimeflag":1,"tripposition":3}]},{"routeid":6111,"stationid":20874,"stationname":"Janapriya Apartment","from":"Nelamangala Bus Station","to":"Nelamangala Bus Station","routeno":"248-HA NMG-NMG","distance_on_station":0.986,"centerlat":12.98895,"centerlong":77.49938,"responsecode":200,"isnotify":0,"vehicleDetails":[{"vehicleid":18690,"vehiclenumber":"KA57F3017","servicetypeid":72,"servicetype":"Non AC/Ordinary","centerlat":13.045396,"centerlong":77.525253,"eta":"","sch_arrivaltime":"12:55","sch_departuretime":"12:55","actual_arrivaltime":"","actual_departuretime":"","sch_tripstarttime":"12:00","sch_tripendtime":"12:00","lastlocationid":0,"currentlocationid":21080,"nextlocationid":0,"currentstop":null,"nextstop":null,"laststop":null,"stopCoveredStatus":0,"heading":256,"lastrefreshon":"05-08-2024 22:09:16","lastreceiveddatetimeflag":1,"tripposition":3}]},{"routeid":6111,"stationid":21205,"stationname":"Sunkadakatte","from":"Nelamangala Bus Station","to":"Nelamangala Bus Station","routeno":"248-HA NMG-NMG","distance_on_station":1.39,"centerlat":12.98946,"centerlong":77.50638,"responsecode":200,"isnotify":0,"vehicleDetails":[{"vehicleid":18690,"vehiclenumber":"KA57F3017","servicetypeid":72,"servicetype":"Non AC/Ordinary","centerlat":13.045396,"centerlong":77.525253,"eta":"","sch_arrivaltime":"12:57","sch_departuretime":"12:57","actual_arrivaltime":"","actual_departuretime":"","sch_tripstarttime":"12:00","sch_tripendtime":"12:00","lastlocationid":0,"currentlocationid":21080,"nextlocationid":0,"currentstop":null,"nextstop":null,"laststop":null,"stopCoveredStatus":0,"heading":256,"lastrefreshon":"05-08-2024 22:09:16","lastreceiveddatetimeflag":1,"tripposition":3}]},{"routeid":6111,"stationid":26277,"stationname":"Janapriya Apartment","from":"Nelamangala Bus Station","to":"Nelamangala Bus Station","routeno":"248-HA NMG-NMG","distance_on_station":1.941,"centerlat":12.9888,"centerlong":77.49952,"responsecode":200,"isnotify":0,"vehicleDetails":[{"vehicleid":18690,"vehiclenumber":"KA57F3017","servicetypeid":72,"servicetype":"Non AC/Ordinary","centerlat":13.045396,"centerlong":77.525253,"eta":"","sch_arrivaltime":"13:00","sch_departuretime":"13:00","actual_arrivaltime":"","actual_departuretime":"","sch_tripstarttime":"12:00","sch_tripendtime":"12:00","lastlocationid":0,"currentlocationid":21080,"nextlocationid":0,"currentstop":null,"nextstop":null,"laststop":null,"stopCoveredStatus":0,"heading":256,"lastrefreshon":"05-08-2024 22:09:16","lastreceiveddatetimeflag":1,"tripposition":3}]},{"routeid":6111,"stationid":32914,"stationname":"Herohalli Cross","from":"Nelamangala Bus Station","to":"Nelamangala Bus Station","routeno":"248-HA NMG-NMG","distance_on_station":2.275,"centerlat":12.98796,"centerlong":77.49385,"responsecode":200,"isnotify":0,"vehicleDetails":[{"vehicleid":18690,"vehiclenumber":"KA57F3017","servicetypeid":72,"servicetype":"Non AC/Ordinary","centerlat":13.045396,"centerlong":77.525253,"eta":"","sch_arrivaltime":"13:01","sch_departuretime":"13:01","actual_arrivaltime":"","actual_departuretime":"","sch_tripstarttime":"12:00","sch_tripendtime":"12:00","lastlocationid":0,"currentlocationid":21080,"nextlocationid":0,"currentstop":null,"nextstop":null,"laststop":null,"stopCoveredStatus":0,"heading":256,"lastrefreshon":"05-08-2024 22:09:16","lastreceiveddatetimeflag":1,"tripposition":3}]},{"routeid":6111,"stationid":33862,"stationname":"Maruthi Nagara","from":"Nelamangala Bus Station","to":"Nelamangala Bus Station","routeno":"248-HA NMG-NMG","distance_on_station":2.371,"centerlat":12.98975,"centerlong":77.49394,"responsecode":200,"isnotify":0,"vehicleDetails":[{"vehicleid":18690,"vehiclenumber":"KA57F3017","servicetypeid":72,"servicetype":"Non AC/Ordinary","centerlat":13.045396,"centerlong":77.525253,"eta":"","sch_arrivaltime":"13:02","sch_departuretime":"13:02","actual_arrivaltime":"","actual_departuretime":"","sch_tripstarttime":"12:00","sch_tripendtime":"12:00","lastlocationid":0,"currentlocationid":21080,"nextlocationid":0,"currentstop":null,"nextstop":null,"laststop":null,"stopCoveredStatus":0,"heading":256,"lastrefreshon":"05-08-2024 22:09:16","lastreceiveddatetimeflag":1,"tripposition":3}]},{"routeid":6111,"stationid":33739,"stationname":"Mahadeshwara Nagara","from":"Nelamangala Bus Station","to":"Nelamangala Bus Station","routeno":"248-HA NMG-NMG","distance_on_station":2.502,"centerlat":12.99201,"centerlong":77.49425,"responsecode":200,"isnotify":0,"vehicleDetails":[{"vehicleid":18690,"vehiclenumber":"KA57F3017","servicetypeid":72,"servicetype":"Non AC/Ordinary","centerlat":13.045396,"centerlong":77.525253,"eta":"","sch_arrivaltime":"13:03","sch_departuretime":"13:03","actual_arrivaltime":"","actual_departuretime":"","sch_tripstarttime":"12:00","sch_tripendtime":"12:00","lastlocationid":0,"currentlocationid":21080,"nextlocationid":0,"currentstop":null,"nextstop":null,"laststop":null,"stopCoveredStatus":0,"heading":256,"lastrefreshon":"05-08-2024 22:09:16","lastreceiveddatetimeflag":1,"tripposition":3}]},{"routeid":6111,"stationid":38616,"stationname":"Prasanna Layout","from":"Nelamangala Bus Station","to":"Nelamangala Bus Station","routeno":"248-HA NMG-NMG","distance_on_station":2.76,"centerlat":12.99618,"centerlong":77.49603,"responsecode":200,"isnotify":0,"vehicleDetails":[{"vehicleid":18690,"vehiclenumber":"KA57F3017","servicetypeid":72,"servicetype":"Non AC/Ordinary","centerlat":13.045396,"centerlong":77.525253,"eta":"","sch_arrivaltime":"13:05","sch_departuretime":"13:05","actual_arrivaltime":"","actual_departuretime":"","sch_tripstarttime":"12:00","sch_tripendtime":"12:00","lastlocationid":0,"currentlocationid":21080,"nextlocationid":0,"currentstop":null,"nextstop":null,"laststop":null,"stopCoveredStatus":0,"heading":256,"lastrefreshon":"05-08-2024 22:09:16","lastreceiveddatetimeflag":1,"tripposition":3}]},{"routeid":6111,"stationid":38617,"stationname":"Nagaraholenagara Cross","from":"Nelamangala Bus Station","to":"Nelamangala Bus Station","routeno":"248-HA NMG-NMG","distance_on_station":2.841,"centerlat":12.99736,"centerlong":77.49682,"responsecode":200,"isnotify":0,"vehicleDetails":[{"vehicleid":18690,"vehiclenumber":"KA57F3017","servicetypeid":72,"servicetype":"Non AC/Ordinary","centerlat":13.045396,"centerlong":77.525253,"eta":"","sch_arrivaltime":"13:06","sch_departuretime":"13:06","actual_arrivaltime":"","actual_departuretime":"","sch_tripstarttime":"12:00","sch_tripendtime":"12:00","lastlocationid":0,"currentlocationid":21080,"nextlocationid":0,"currentstop":null,"nextstop":null,"laststop":null,"stopCoveredStatus":0,"heading":256,"lastrefreshon":"05-08-2024 22:09:16","lastreceiveddatetimeflag":1,"tripposition":3}]},{"routeid":6111,"stationid":21055,"stationname":"Neelagiri Thopu","from":"Nelamangala Bus Station","to":"Nelamangala Bus Station","routeno":"248-HA NMG-NMG","distance_on_station":3.17,"centerlat":12.99577,"centerlong":77.50249,"responsecode":200,"isnotify":0,"vehicleDetails":[{"vehicleid":18690,"vehiclenumber":"KA57F3017","servicetypeid":72,"servicetype":"Non AC/Ordinary","centerlat":13.045396,"centerlong":77.525253,"eta":"","sch_arrivaltime":"13:08","sch_departuretime":"13:08","actual_arrivaltime":"","actual_departuretime":"","sch_tripstarttime":"12:00","sch_tripendtime":"12:00","lastlocationid":0,"currentlocationid":21080,"nextlocationid":0,"currentstop":null,"nextstop":null,"laststop":null,"stopCoveredStatus":0,"heading":256,"lastrefreshon":"05-08-2024 22:09:16","lastreceiveddatetimeflag":1,"tripposition":3}]},{"routeid":6111,"stationid":20827,"stationname":"Hegganahalli Cross","from":"Nelamangala Bus Station","to":"Nelamangala Bus Station","routeno":"248-HA NMG-NMG","distance_on_station":3.423,"centerlat":12.99977,"centerlong":77.50395,"responsecode":200,"isnotify":0,"vehicleDetails":[{"vehicleid":18690,"vehiclenumber":"KA57F3017","servicetypeid":72,"servicetype":"Non AC/Ordinary","centerlat":13.045396,"centerlong":77.525253,"eta":"","sch_arrivaltime":"13:09","sch_departuretime":"13:09","actual_arrivaltime":"","actual_departuretime":"","sch_tripstarttime":"12:00","sch_tripendtime":"12:00","lastlocationid":0,"currentlocationid":21080,"nextlocationid":0,"currentstop":null,"nextstop":null,"laststop":null,"stopCoveredStatus":0,"heading":256,"lastrefreshon":"05-08-2024 22:09:16","lastreceiveddatetimeflag":1,"tripposition":3}]},{"routeid":6111,"stationid":20824,"stationname":"Hegganahalli","from":"Nelamangala Bus Station","to":"Nelamangala Bus Station","routeno":"248-HA NMG-NMG","distance_on_station":3.665,"centerlat":13.00367,"centerlong":77.50454,"responsecode":200,"isnotify":0,"vehicleDetails":[{"vehicleid":18690,"vehiclenumber":"KA57F3017","servicetypeid":72,"servicetype":"Non AC/Ordinary","centerlat":13.045396,"centerlong":77.525253,"eta":"","sch_arrivaltime":"13:10","sch_departuretime":"13:10","actual_arrivaltime":"","actual_departuretime":"","sch_tripstarttime":"12:00","sch_tripendtime":"12:00","lastlocationid":0,"currentlocationid":21080,"nextlocationid":0,"currentstop":null,"nextstop":null,"laststop":null,"stopCoveredStatus":0,"heading":256,"lastrefreshon":"05-08-2024 22:09:16","lastreceiveddatetimeflag":1,"tripposition":3}]},{"routeid":6111,"stationid":21024,"stationname":"Milk Dairy Hegganahalli","from":"Nelamangala Bus Station","to":"Nelamangala Bus Station","routeno":"248-HA NMG-NMG","distance_on_station":3.873,"centerlat":13.0073,"centerlong":77.50549,"responsecode":200,"isnotify":0,"vehicleDetails":[{"vehicleid":18690,"vehiclenumber":"KA57F3017","servicetypeid":72,"servicetype":"Non AC/Ordinary","centerlat":13.045396,"centerlong":77.525253,"eta":"","sch_arrivaltime":"13:11","sch_departuretime":"13:11","actual_arrivaltime":"","actual_departuretime":"","sch_tripstarttime":"12:00","sch_tripendtime":"12:00","lastlocationid":0,"currentlocationid":21080,"nextlocationid":0,"currentstop":null,"nextstop":null,"laststop":null,"stopCoveredStatus":0,"heading":256,"lastrefreshon":"05-08-2024 22:09:16","lastreceiveddatetimeflag":1,"tripposition":3}]},{"routeid":6111,"stationid":21080,"stationname":"Peenya 2nd Stage","from":"Nelamangala Bus Station","to":"Nelamangala Bus Station","routeno":"248-HA NMG-NMG","distance_on_station":4.1,"centerlat":13.01098,"centerlong":77.5068,"responsecode":200,"isnotify":0,"vehicleDetails":[{"vehicleid":18690,"vehiclenumber":"KA57F3017","servicetypeid":72,"servicetype":"Non AC/Ordinary","centerlat":13.045396,"centerlong":77.525253,"eta":"","sch_arrivaltime":"13:12","sch_departuretime":"13:12","actual_arrivaltime":"","actual_departuretime":"","sch_tripstarttime":"12:00","sch_tripendtime":"12:00","lastlocationid":0,"currentlocationid":21080,"nextlocationid":0,"currentstop":null,"nextstop":null,"laststop":null,"stopCoveredStatus":0,"heading":256,"lastrefreshon":"05-08-2024 22:09:16","lastreceiveddatetimeflag":1,"tripposition":1}]}],"mapData":[{"vehicleid":18690,"vehiclenumber":"KA57F3017","servicetypeid":72,"servicetype":"Non AC/Ordinary","centerlat":13.045396,"centerlong":77.525253,"eta":"","sch_arrivaltime":"13:12","sch_departuretime":"13:12","actual_arrivaltime":"","actual_departuretime":"","sch_tripstarttime":"12:00","sch_tripendtime":"12:00","lastlocationid":0,"currentlocationid":21080,"nextlocationid":0,"currentstop":null,"nextstop":null,"laststop":null,"stopCoveredStatus":0,"heading":256,"lastrefreshon":"05-08-2024 22:09:16","lastreceiveddatetimeflag":1,"tripposition":1}]},"down":{"data":[],"mapData":[]},"message":"Success","issuccess":true,"exception":null,"rowCount":0,"responsecode":200}