{"up":{"data":[],"mapData":[]},"down":{"data":[{"routeid":8768,"stationid":31226,"stationname":"Kongovi PVT LTD Peenya","from":"Kongovi PVT LTD Peenya","to":"Peenya 2nd Stage","routeno":"252 PSS-KGVP","distance_on_station":0,"centerlat":13.0215,"centerlong":77.51101,"responsecode":200,"isnotify":0,"vehicleDetails":[{"vehicleid":18625,"vehiclenumber":"KA57F4201","servicetypeid":72,"servicetype":"Non AC/Ordinary","centerlat":13.019815,"centerlong":77.502037,"eta":"","sch_arrivaltime":"08:15","sch_departuretime":"08:15","actual_arrivaltime":"07:56","actual_departuretime":"07:57","sch_tripstarttime":"08:15","sch_tripendtime":"08:15","lastlocationid":0,"currentlocationid":31226,"nextlocationid":0,"currentstop":null,"nextstop":null,"laststop":null,"stopCoveredStatus":1,"heading":138,"lastrefreshon":"06-11-2024 21:27:27","lastreceiveddatetimeflag":0,"tripposition":3}]},{"routeid":8768,"stationid":21080,"stationname":"Peenya 2nd Stage","from":"Kongovi PVT LTD Peenya","to":"Peenya 2nd Stage","routeno":"252 PSS-KGVP","distance_on_station":1.5,"centerlat":13.01098,"centerlong":77.5068,"responsecode":200,"isnotify":0,"vehicleDetails":[{"vehicleid":18625,"vehiclenumber":"KA57F4201","servicetypeid":72,"servicetype":"Non AC/Ordinary","centerlat":13.019815,"centerlong":77.502037,"eta":"","sch_arrivaltime":"08:20","sch_departuretime":"08:20","actual_arrivaltime":"","actual_departuretime":"","sch_tripstarttime":"08:15","sch_tripendtime":"08:15","lastlocationid":0,"currentlocationid":31226,"nextlocationid":0,"currentstop":null,"nextstop":null,"laststop":null,"stopCoveredStatus":0,"heading":138,"lastrefreshon":"06-11-2024 21:27:27","lastreceiveddatetimeflag":0,"tripposition":3}]}],"mapData":[{"vehicleid":18625,"vehiclenumber":"KA57F4201","servicetypeid":72,"servicetype":"Non AC/Ordinary","centerlat":13.019815,"centerlong":77.502037,"eta":"","sch_arrivaltime":"08:20","sch_departuretime":"08:20","actual_arrivaltime":"","actual_departuretime":"","sch_tripstarttime":"08:15","sch_tripendtime":"08:15","lastlocationid":0,"currentlocationid":31226,"nextlocationid":0,"currentstop":null,"nextstop":null,"laststop":null,"stopCoveredStatus":0,"heading":138,"lastrefreshon":"06-11-2024 21:27:27","lastreceiveddatetimeflag":0,"tripposition":3}]},"message":"Success","issuccess":true,"exception":null,"rowCount":0,"responsecode":200}