{"up":{"data":[{"routeid":14255,"stationid":21873,"stationname":"Dasanapura","from":"Dasanapura","to":"Thammarasanahalli Madhugirihalli","routeno":"253-W D40G-TMH","distance_on_station":0,"centerlat":13.07542,"centerlong":77.43636,"responsecode":200,"isnotify":0,"vehicleDetails":[{"vehicleid":20383,"vehiclenumber":"KA57F4094","servicetypeid":72,"servicetype":"Non AC/Ordinary","centerlat":13.07384,"centerlong":77.444946,"eta":"","sch_arrivaltime":"07:05","sch_departuretime":"07:05","actual_arrivaltime":"","actual_departuretime":"","sch_tripstarttime":"07:05","sch_tripendtime":"07:05","lastlocationid":0,"currentlocationid":21639,"nextlocationid":0,"currentstop":null,"nextstop":null,"laststop":null,"stopCoveredStatus":1,"heading":49,"lastrefreshon":"06-11-2024 19:55:15","lastreceiveddatetimeflag":1,"tripposition":3}]},{"routeid":14255,"stationid":38538,"stationname":"Ravuthanahalli Cross","from":"Dasanapura","to":"Thammarasanahalli Madhugirihalli","routeno":"253-W D40G-TMH","distance_on_station":0.395,"centerlat":13.07362,"centerlong":77.43959,"responsecode":200,"isnotify":0,"vehicleDetails":[{"vehicleid":20383,"vehiclenumber":"KA57F4094","servicetypeid":72,"servicetype":"Non AC/Ordinary","centerlat":13.07384,"centerlong":77.444946,"eta":"","sch_arrivaltime":"07:06","sch_departuretime":"07:06","actual_arrivaltime":"","actual_departuretime":"","sch_tripstarttime":"07:05","sch_tripendtime":"07:05","lastlocationid":0,"currentlocationid":21639,"nextlocationid":0,"currentstop":null,"nextstop":null,"laststop":null,"stopCoveredStatus":1,"heading":49,"lastrefreshon":"06-11-2024 19:55:15","lastreceiveddatetimeflag":1,"tripposition":3}]},{"routeid":14255,"stationid":21639,"stationname":"Adakimaranahalli","from":"Dasanapura","to":"Thammarasanahalli Madhugirihalli","routeno":"253-W D40G-TMH","distance_on_station":1.048,"centerlat":13.07065,"centerlong":77.4449,"responsecode":200,"isnotify":0,"vehicleDetails":[{"vehicleid":20383,"vehiclenumber":"KA57F4094","servicetypeid":72,"servicetype":"Non AC/Ordinary","centerlat":13.07384,"centerlong":77.444946,"eta":"","sch_arrivaltime":"07:07","sch_departuretime":"07:07","actual_arrivaltime":"","actual_departuretime":"","sch_tripstarttime":"07:05","sch_tripendtime":"07:05","lastlocationid":0,"currentlocationid":21639,"nextlocationid":0,"currentstop":null,"nextstop":null,"laststop":null,"stopCoveredStatus":1,"heading":49,"lastrefreshon":"06-11-2024 19:55:15","lastreceiveddatetimeflag":1,"tripposition":3}]},{"routeid":14255,"stationid":22241,"stationname":"Makali","from":"Dasanapura","to":"Thammarasanahalli Madhugirihalli","routeno":"253-W D40G-TMH","distance_on_station":2.125,"centerlat":13.0658,"centerlong":77.45363,"responsecode":200,"isnotify":0,"vehicleDetails":[{"vehicleid":20383,"vehiclenumber":"KA57F4094","servicetypeid":72,"servicetype":"Non AC/Ordinary","centerlat":13.07384,"centerlong":77.444946,"eta":"","sch_arrivaltime":"07:10","sch_departuretime":"07:10","actual_arrivaltime":"07:24","actual_departuretime":"07:24","sch_tripstarttime":"07:05","sch_tripendtime":"07:05","lastlocationid":0,"currentlocationid":21639,"nextlocationid":0,"currentstop":null,"nextstop":null,"laststop":null,"stopCoveredStatus":1,"heading":49,"lastrefreshon":"06-11-2024 19:55:15","lastreceiveddatetimeflag":1,"tripposition":3}]},{"routeid":14255,"stationid":22232,"stationname":"Madanayakanahalli","from":"Dasanapura","to":"Thammarasanahalli Madhugirihalli","routeno":"253-W D40G-TMH","distance_on_station":3.055,"centerlat":13.06146,"centerlong":77.46102,"responsecode":200,"isnotify":0,"vehicleDetails":[{"vehicleid":20383,"vehiclenumber":"KA57F4094","servicetypeid":72,"servicetype":"Non AC/Ordinary","centerlat":13.07384,"centerlong":77.444946,"eta":"","sch_arrivaltime":"07:12","sch_departuretime":"07:12","actual_arrivaltime":"07:25","actual_departuretime":"07:26","sch_tripstarttime":"07:05","sch_tripendtime":"07:05","lastlocationid":0,"currentlocationid":21639,"nextlocationid":0,"currentstop":null,"nextstop":null,"laststop":null,"stopCoveredStatus":1,"heading":49,"lastrefreshon":"06-11-2024 19:55:15","lastreceiveddatetimeflag":1,"tripposition":3}]},{"routeid":14255,"stationid":22537,"stationname":"TCI","from":"Dasanapura","to":"Thammarasanahalli Madhugirihalli","routeno":"253-W D40G-TMH","distance_on_station":3.569,"centerlat":13.05924,"centerlong":77.46527,"responsecode":200,"isnotify":0,"vehicleDetails":[{"vehicleid":20383,"vehiclenumber":"KA57F4094","servicetypeid":72,"servicetype":"Non AC/Ordinary","centerlat":13.07384,"centerlong":77.444946,"eta":"","sch_arrivaltime":"07:13","sch_departuretime":"07:13","actual_arrivaltime":"","actual_departuretime":"","sch_tripstarttime":"07:05","sch_tripendtime":"07:05","lastlocationid":0,"currentlocationid":21639,"nextlocationid":0,"currentstop":null,"nextstop":null,"laststop":null,"stopCoveredStatus":1,"heading":49,"lastrefreshon":"06-11-2024 19:55:15","lastreceiveddatetimeflag":1,"tripposition":3}]},{"routeid":14255,"stationid":22233,"stationname":"Madavara NICE Road","from":"Dasanapura","to":"Thammarasanahalli Madhugirihalli","routeno":"253-W D40G-TMH","distance_on_station":4.547,"centerlat":13.05684,"centerlong":77.4741,"responsecode":200,"isnotify":0,"vehicleDetails":[{"vehicleid":20383,"vehiclenumber":"KA57F4094","servicetypeid":72,"servicetype":"Non AC/Ordinary","centerlat":13.07384,"centerlong":77.444946,"eta":"","sch_arrivaltime":"07:15","sch_departuretime":"07:15","actual_arrivaltime":"07:29","actual_departuretime":"07:29","sch_tripstarttime":"07:05","sch_tripendtime":"07:05","lastlocationid":0,"currentlocationid":21639,"nextlocationid":0,"currentstop":null,"nextstop":null,"laststop":null,"stopCoveredStatus":1,"heading":49,"lastrefreshon":"06-11-2024 19:55:15","lastreceiveddatetimeflag":1,"tripposition":3}]},{"routeid":14255,"stationid":21644,"stationname":"Anchepalya","from":"Dasanapura","to":"Thammarasanahalli Madhugirihalli","routeno":"253-W D40G-TMH","distance_on_station":5.19,"centerlat":13.05529,"centerlong":77.47983,"responsecode":200,"isnotify":0,"vehicleDetails":[{"vehicleid":20383,"vehiclenumber":"KA57F4094","servicetypeid":72,"servicetype":"Non AC/Ordinary","centerlat":13.07384,"centerlong":77.444946,"eta":"","sch_arrivaltime":"07:16","sch_departuretime":"07:16","actual_arrivaltime":"07:30","actual_departuretime":"07:30","sch_tripstarttime":"07:05","sch_tripendtime":"07:05","lastlocationid":0,"currentlocationid":21639,"nextlocationid":0,"currentstop":null,"nextstop":null,"laststop":null,"stopCoveredStatus":1,"heading":49,"lastrefreshon":"06-11-2024 19:55:15","lastreceiveddatetimeflag":1,"tripposition":3}]},{"routeid":14255,"stationid":22107,"stationname":"Jindal","from":"Dasanapura","to":"Thammarasanahalli Madhugirihalli","routeno":"253-W D40G-TMH","distance_on_station":5.585,"centerlat":13.05399,"centerlong":77.48328,"responsecode":200,"isnotify":0,"vehicleDetails":[{"vehicleid":20383,"vehiclenumber":"KA57F4094","servicetypeid":72,"servicetype":"Non AC/Ordinary","centerlat":13.07384,"centerlong":77.444946,"eta":"","sch_arrivaltime":"07:17","sch_departuretime":"07:17","actual_arrivaltime":"07:31","actual_departuretime":"07:31","sch_tripstarttime":"07:05","sch_tripendtime":"07:05","lastlocationid":0,"currentlocationid":21639,"nextlocationid":0,"currentstop":null,"nextstop":null,"laststop":null,"stopCoveredStatus":1,"heading":49,"lastrefreshon":"06-11-2024 19:55:15","lastreceiveddatetimeflag":1,"tripposition":3}]},{"routeid":14255,"stationid":21838,"stationname":"Chikkabidarakallu","from":"Dasanapura","to":"Thammarasanahalli Madhugirihalli","routeno":"253-W D40G-TMH","distance_on_station":6.099,"centerlat":13.05235,"centerlong":77.48774,"responsecode":200,"isnotify":0,"vehicleDetails":[{"vehicleid":20383,"vehiclenumber":"KA57F4094","servicetypeid":72,"servicetype":"Non AC/Ordinary","centerlat":13.07384,"centerlong":77.444946,"eta":"","sch_arrivaltime":"07:18","sch_departuretime":"07:18","actual_arrivaltime":"07:32","actual_departuretime":"07:32","sch_tripstarttime":"07:05","sch_tripendtime":"07:05","lastlocationid":0,"currentlocationid":21639,"nextlocationid":0,"currentstop":null,"nextstop":null,"laststop":null,"stopCoveredStatus":1,"heading":49,"lastrefreshon":"06-11-2024 19:55:15","lastreceiveddatetimeflag":1,"tripposition":3}]},{"routeid":14255,"stationid":22263,"stationname":"Marison Factory","from":"Dasanapura","to":"Thammarasanahalli Madhugirihalli","routeno":"253-W D40G-TMH","distance_on_station":6.682,"centerlat":13.05049,"centerlong":77.49285,"responsecode":200,"isnotify":0,"vehicleDetails":[{"vehicleid":20383,"vehiclenumber":"KA57F4094","servicetypeid":72,"servicetype":"Non AC/Ordinary","centerlat":13.07384,"centerlong":77.444946,"eta":"","sch_arrivaltime":"07:19","sch_departuretime":"07:19","actual_arrivaltime":"07:34","actual_departuretime":"07:34","sch_tripstarttime":"07:05","sch_tripendtime":"07:05","lastlocationid":0,"currentlocationid":21639,"nextlocationid":0,"currentstop":null,"nextstop":null,"laststop":null,"stopCoveredStatus":1,"heading":49,"lastrefreshon":"06-11-2024 19:55:15","lastreceiveddatetimeflag":1,"tripposition":3}]},{"routeid":14255,"stationid":22622,"stationname":"Widia Factory","from":"Dasanapura","to":"Thammarasanahalli Madhugirihalli","routeno":"253-W D40G-TMH","distance_on_station":7.157,"centerlat":13.04907,"centerlong":77.497,"responsecode":200,"isnotify":0,"vehicleDetails":[{"vehicleid":20383,"vehiclenumber":"KA57F4094","servicetypeid":72,"servicetype":"Non AC/Ordinary","centerlat":13.07384,"centerlong":77.444946,"eta":"","sch_arrivaltime":"07:20","sch_departuretime":"07:20","actual_arrivaltime":"07:35","actual_departuretime":"07:35","sch_tripstarttime":"07:05","sch_tripendtime":"07:05","lastlocationid":0,"currentlocationid":21639,"nextlocationid":0,"currentstop":null,"nextstop":null,"laststop":null,"stopCoveredStatus":1,"heading":49,"lastrefreshon":"06-11-2024 19:55:15","lastreceiveddatetimeflag":1,"tripposition":3}]},{"routeid":14255,"stationid":21877,"stationname":"Deepak Factory","from":"Dasanapura","to":"Thammarasanahalli Madhugirihalli","routeno":"253-W D40G-TMH","distance_on_station":7.651,"centerlat":13.04749,"centerlong":77.50135,"responsecode":200,"isnotify":0,"vehicleDetails":[{"vehicleid":20383,"vehiclenumber":"KA57F4094","servicetypeid":72,"servicetype":"Non AC/Ordinary","centerlat":13.07384,"centerlong":77.444946,"eta":"","sch_arrivaltime":"07:21","sch_departuretime":"07:21","actual_arrivaltime":"07:36","actual_departuretime":"07:36","sch_tripstarttime":"07:05","sch_tripendtime":"07:05","lastlocationid":0,"currentlocationid":21639,"nextlocationid":0,"currentstop":null,"nextstop":null,"laststop":null,"stopCoveredStatus":1,"heading":49,"lastrefreshon":"06-11-2024 19:55:15","lastreceiveddatetimeflag":1,"tripposition":3}]},{"routeid":14255,"stationid":20593,"stationname":"8th Mile Dasarahalli","from":"Dasanapura","to":"Thammarasanahalli Madhugirihalli","routeno":"253-W D40G-TMH","distance_on_station":8.432,"centerlat":13.04622,"centerlong":77.50755,"responsecode":200,"isnotify":0,"vehicleDetails":[{"vehicleid":20383,"vehiclenumber":"KA57F4094","servicetypeid":72,"servicetype":"Non AC/Ordinary","centerlat":13.07384,"centerlong":77.444946,"eta":"","sch_arrivaltime":"07:23","sch_departuretime":"07:23","actual_arrivaltime":"07:40","actual_departuretime":"07:40","sch_tripstarttime":"07:05","sch_tripendtime":"07:05","lastlocationid":0,"currentlocationid":21639,"nextlocationid":0,"currentstop":null,"nextstop":null,"laststop":null,"stopCoveredStatus":1,"heading":49,"lastrefreshon":"06-11-2024 19:55:15","lastreceiveddatetimeflag":1,"tripposition":3}]},{"routeid":14255,"stationid":21278,"stationname":"Widia School","from":"Dasanapura","to":"Thammarasanahalli Madhugirihalli","routeno":"253-W D40G-TMH","distance_on_station":8.986,"centerlat":13.0511,"centerlong":77.50773,"responsecode":200,"isnotify":0,"vehicleDetails":[{"vehicleid":20383,"vehiclenumber":"KA57F4094","servicetypeid":72,"servicetype":"Non AC/Ordinary","centerlat":13.07384,"centerlong":77.444946,"eta":"","sch_arrivaltime":"07:24","sch_departuretime":"07:24","actual_arrivaltime":"07:41","actual_departuretime":"07:42","sch_tripstarttime":"07:05","sch_tripendtime":"07:05","lastlocationid":0,"currentlocationid":21639,"nextlocationid":0,"currentstop":null,"nextstop":null,"laststop":null,"stopCoveredStatus":1,"heading":49,"lastrefreshon":"06-11-2024 19:55:15","lastreceiveddatetimeflag":1,"tripposition":3}]},{"routeid":14255,"stationid":20620,"stationname":"Bagalagunte","from":"Dasanapura","to":"Thammarasanahalli Madhugirihalli","routeno":"253-W D40G-TMH","distance_on_station":9.589,"centerlat":13.05657,"centerlong":77.50728,"responsecode":200,"isnotify":0,"vehicleDetails":[{"vehicleid":20383,"vehiclenumber":"KA57F4094","servicetypeid":72,"servicetype":"Non AC/Ordinary","centerlat":13.07384,"centerlong":77.444946,"eta":"","sch_arrivaltime":"07:25","sch_departuretime":"07:25","actual_arrivaltime":"07:43","actual_departuretime":"07:43","sch_tripstarttime":"07:05","sch_tripendtime":"07:05","lastlocationid":0,"currentlocationid":21639,"nextlocationid":0,"currentstop":null,"nextstop":null,"laststop":null,"stopCoveredStatus":1,"heading":49,"lastrefreshon":"06-11-2024 19:55:15","lastreceiveddatetimeflag":1,"tripposition":3}]},{"routeid":14255,"stationid":20678,"stationname":"Bone Mill","from":"Dasanapura","to":"Thammarasanahalli Madhugirihalli","routeno":"253-W D40G-TMH","distance_on_station":10.439,"centerlat":13.06385,"centerlong":77.50503,"responsecode":200,"isnotify":0,"vehicleDetails":[{"vehicleid":20383,"vehiclenumber":"KA57F4094","servicetypeid":72,"servicetype":"Non AC/Ordinary","centerlat":13.07384,"centerlong":77.444946,"eta":"","sch_arrivaltime":"07:27","sch_departuretime":"07:27","actual_arrivaltime":"07:45","actual_departuretime":"07:45","sch_tripstarttime":"07:05","sch_tripendtime":"07:05","lastlocationid":0,"currentlocationid":21639,"nextlocationid":0,"currentstop":null,"nextstop":null,"laststop":null,"stopCoveredStatus":1,"heading":49,"lastrefreshon":"06-11-2024 19:55:15","lastreceiveddatetimeflag":1,"tripposition":3}]},{"routeid":14255,"stationid":21154,"stationname":"Sapthagiri College","from":"Dasanapura","to":"Thammarasanahalli Madhugirihalli","routeno":"253-W D40G-TMH","distance_on_station":10.824,"centerlat":13.06685,"centerlong":77.50328,"responsecode":200,"isnotify":0,"vehicleDetails":[{"vehicleid":20383,"vehiclenumber":"KA57F4094","servicetypeid":72,"servicetype":"Non AC/Ordinary","centerlat":13.07384,"centerlong":77.444946,"eta":"","sch_arrivaltime":"07:28","sch_departuretime":"07:28","actual_arrivaltime":"07:46","actual_departuretime":"07:46","sch_tripstarttime":"07:05","sch_tripendtime":"07:05","lastlocationid":0,"currentlocationid":21639,"nextlocationid":0,"currentstop":null,"nextstop":null,"laststop":null,"stopCoveredStatus":1,"heading":49,"lastrefreshon":"06-11-2024 19:55:15","lastreceiveddatetimeflag":1,"tripposition":3}]},{"routeid":14255,"stationid":21156,"stationname":"Sapthagiri Hospital","from":"Dasanapura","to":"Thammarasanahalli Madhugirihalli","routeno":"253-W D40G-TMH","distance_on_station":11.249,"centerlat":13.07067,"centerlong":77.50387,"responsecode":200,"isnotify":0,"vehicleDetails":[{"vehicleid":20383,"vehiclenumber":"KA57F4094","servicetypeid":72,"servicetype":"Non AC/Ordinary","centerlat":13.07384,"centerlong":77.444946,"eta":"","sch_arrivaltime":"07:29","sch_departuretime":"07:29","actual_arrivaltime":"07:47","actual_departuretime":"07:47","sch_tripstarttime":"07:05","sch_tripendtime":"07:05","lastlocationid":0,"currentlocationid":21639,"nextlocationid":0,"currentstop":null,"nextstop":null,"laststop":null,"stopCoveredStatus":1,"heading":49,"lastrefreshon":"06-11-2024 19:55:15","lastreceiveddatetimeflag":1,"tripposition":3}]},{"routeid":14255,"stationid":20872,"stationname":"Janapriya Apartment","from":"Dasanapura","to":"Thammarasanahalli Madhugirihalli","routeno":"253-W D40G-TMH","distance_on_station":11.576,"centerlat":13.07349,"centerlong":77.50307,"responsecode":200,"isnotify":0,"vehicleDetails":[{"vehicleid":20383,"vehiclenumber":"KA57F4094","servicetypeid":72,"servicetype":"Non AC/Ordinary","centerlat":13.07384,"centerlong":77.444946,"eta":"","sch_arrivaltime":"07:30","sch_departuretime":"07:30","actual_arrivaltime":"07:48","actual_departuretime":"07:48","sch_tripstarttime":"07:05","sch_tripendtime":"07:05","lastlocationid":0,"currentlocationid":21639,"nextlocationid":0,"currentstop":null,"nextstop":null,"laststop":null,"stopCoveredStatus":1,"heading":49,"lastrefreshon":"06-11-2024 19:55:15","lastreceiveddatetimeflag":1,"tripposition":3}]},{"routeid":14255,"stationid":21108,"stationname":"Chikkabanavara Railway Station","from":"Dasanapura","to":"Thammarasanahalli Madhugirihalli","routeno":"253-W D40G-TMH","distance_on_station":11.872,"centerlat":13.07562,"centerlong":77.50465,"responsecode":200,"isnotify":0,"vehicleDetails":[{"vehicleid":20383,"vehiclenumber":"KA57F4094","servicetypeid":72,"servicetype":"Non AC/Ordinary","centerlat":13.07384,"centerlong":77.444946,"eta":"","sch_arrivaltime":"07:31","sch_departuretime":"07:31","actual_arrivaltime":"07:49","actual_departuretime":"07:49","sch_tripstarttime":"07:05","sch_tripendtime":"07:05","lastlocationid":0,"currentlocationid":21639,"nextlocationid":0,"currentstop":null,"nextstop":null,"laststop":null,"stopCoveredStatus":1,"heading":49,"lastrefreshon":"06-11-2024 19:55:15","lastreceiveddatetimeflag":1,"tripposition":3}]},{"routeid":14255,"stationid":20718,"stationname":"Chikka Banavara","from":"Dasanapura","to":"Thammarasanahalli Madhugirihalli","routeno":"253-W D40G-TMH","distance_on_station":12.584,"centerlat":13.08053,"centerlong":77.50255,"responsecode":200,"isnotify":0,"vehicleDetails":[{"vehicleid":20383,"vehiclenumber":"KA57F4094","servicetypeid":72,"servicetype":"Non AC/Ordinary","centerlat":13.07384,"centerlong":77.444946,"eta":"","sch_arrivaltime":"07:32","sch_departuretime":"07:32","actual_arrivaltime":"07:50","actual_departuretime":"07:50","sch_tripstarttime":"07:05","sch_tripendtime":"07:05","lastlocationid":0,"currentlocationid":21639,"nextlocationid":0,"currentstop":null,"nextstop":null,"laststop":null,"stopCoveredStatus":1,"heading":49,"lastrefreshon":"06-11-2024 19:55:15","lastreceiveddatetimeflag":1,"tripposition":3}]},{"routeid":14255,"stationid":21187,"stationname":"Soladevanahalli Police Station","from":"Dasanapura","to":"Thammarasanahalli Madhugirihalli","routeno":"253-W D40G-TMH","distance_on_station":14.689,"centerlat":13.09335,"centerlong":77.48897,"responsecode":200,"isnotify":0,"vehicleDetails":[{"vehicleid":20383,"vehiclenumber":"KA57F4094","servicetypeid":72,"servicetype":"Non AC/Ordinary","centerlat":13.07384,"centerlong":77.444946,"eta":"","sch_arrivaltime":"07:37","sch_departuretime":"07:37","actual_arrivaltime":"07:55","actual_departuretime":"07:55","sch_tripstarttime":"07:05","sch_tripendtime":"07:05","lastlocationid":0,"currentlocationid":21639,"nextlocationid":0,"currentstop":null,"nextstop":null,"laststop":null,"stopCoveredStatus":1,"heading":49,"lastrefreshon":"06-11-2024 19:55:15","lastreceiveddatetimeflag":1,"tripposition":3}]},{"routeid":14255,"stationid":21614,"stationname":"Tharabanahalli","from":"Dasanapura","to":"Thammarasanahalli Madhugirihalli","routeno":"253-W D40G-TMH","distance_on_station":16.044,"centerlat":13.10126,"centerlong":77.48088,"responsecode":200,"isnotify":0,"vehicleDetails":[{"vehicleid":20383,"vehiclenumber":"KA57F4094","servicetypeid":72,"servicetype":"Non AC/Ordinary","centerlat":13.07384,"centerlong":77.444946,"eta":"","sch_arrivaltime":"07:39","sch_departuretime":"07:39","actual_arrivaltime":"07:57","actual_departuretime":"07:57","sch_tripstarttime":"07:05","sch_tripendtime":"07:05","lastlocationid":0,"currentlocationid":21639,"nextlocationid":0,"currentstop":null,"nextstop":null,"laststop":null,"stopCoveredStatus":1,"heading":49,"lastrefreshon":"06-11-2024 19:55:15","lastreceiveddatetimeflag":1,"tripposition":3}]},{"routeid":14255,"stationid":21221,"stationname":"Tharabanahalli Choultry","from":"Dasanapura","to":"Thammarasanahalli Madhugirihalli","routeno":"253-W D40G-TMH","distance_on_station":16.706,"centerlat":13.10535,"centerlong":77.47916,"responsecode":200,"isnotify":0,"vehicleDetails":[{"vehicleid":20383,"vehiclenumber":"KA57F4094","servicetypeid":72,"servicetype":"Non AC/Ordinary","centerlat":13.07384,"centerlong":77.444946,"eta":"","sch_arrivaltime":"07:40","sch_departuretime":"07:40","actual_arrivaltime":"07:59","actual_departuretime":"07:59","sch_tripstarttime":"07:05","sch_tripendtime":"07:05","lastlocationid":0,"currentlocationid":21639,"nextlocationid":0,"currentstop":null,"nextstop":null,"laststop":null,"stopCoveredStatus":1,"heading":49,"lastrefreshon":"06-11-2024 19:55:15","lastreceiveddatetimeflag":1,"tripposition":3}]},{"routeid":14255,"stationid":33416,"stationname":"Kempaiahnagara","from":"Dasanapura","to":"Thammarasanahalli Madhugirihalli","routeno":"253-W D40G-TMH","distance_on_station":17.22,"centerlat":13.10823,"centerlong":77.48246,"responsecode":200,"isnotify":0,"vehicleDetails":[{"vehicleid":20383,"vehiclenumber":"KA57F4094","servicetypeid":72,"servicetype":"Non AC/Ordinary","centerlat":13.07384,"centerlong":77.444946,"eta":"","sch_arrivaltime":"07:41","sch_departuretime":"07:41","actual_arrivaltime":"07:59","actual_departuretime":"08:00","sch_tripstarttime":"07:05","sch_tripendtime":"07:05","lastlocationid":0,"currentlocationid":21639,"nextlocationid":0,"currentstop":null,"nextstop":null,"laststop":null,"stopCoveredStatus":1,"heading":49,"lastrefreshon":"06-11-2024 19:55:15","lastreceiveddatetimeflag":1,"tripposition":3}]},{"routeid":14255,"stationid":21223,"stationname":"Thore Nagasandra Cross","from":"Dasanapura","to":"Thammarasanahalli Madhugirihalli","routeno":"253-W D40G-TMH","distance_on_station":17.705,"centerlat":13.11196,"centerlong":77.48188,"responsecode":200,"isnotify":0,"vehicleDetails":[{"vehicleid":20383,"vehiclenumber":"KA57F4094","servicetypeid":72,"servicetype":"Non AC/Ordinary","centerlat":13.07384,"centerlong":77.444946,"eta":"","sch_arrivaltime":"07:42","sch_departuretime":"07:42","actual_arrivaltime":"08:00","actual_departuretime":"08:01","sch_tripstarttime":"07:05","sch_tripendtime":"07:05","lastlocationid":0,"currentlocationid":21639,"nextlocationid":0,"currentstop":null,"nextstop":null,"laststop":null,"stopCoveredStatus":1,"heading":49,"lastrefreshon":"06-11-2024 19:55:15","lastreceiveddatetimeflag":1,"tripposition":3}]},{"routeid":14255,"stationid":20847,"stationname":"Hurali Chikkanahalli","from":"Dasanapura","to":"Thammarasanahalli Madhugirihalli","routeno":"253-W D40G-TMH","distance_on_station":18.149,"centerlat":13.11593,"centerlong":77.48272,"responsecode":200,"isnotify":0,"vehicleDetails":[{"vehicleid":20383,"vehiclenumber":"KA57F4094","servicetypeid":72,"servicetype":"Non AC/Ordinary","centerlat":13.07384,"centerlong":77.444946,"eta":"","sch_arrivaltime":"07:43","sch_departuretime":"07:43","actual_arrivaltime":"08:01","actual_departuretime":"08:01","sch_tripstarttime":"07:05","sch_tripendtime":"07:05","lastlocationid":0,"currentlocationid":21639,"nextlocationid":0,"currentstop":null,"nextstop":null,"laststop":null,"stopCoveredStatus":1,"heading":49,"lastrefreshon":"06-11-2024 19:55:15","lastreceiveddatetimeflag":1,"tripposition":3}]},{"routeid":14255,"stationid":21222,"stationname":"Thirumalapura","from":"Dasanapura","to":"Thammarasanahalli Madhugirihalli","routeno":"253-W D40G-TMH","distance_on_station":19.385,"centerlat":13.12541,"centerlong":77.48357,"responsecode":200,"isnotify":0,"vehicleDetails":[{"vehicleid":20383,"vehiclenumber":"KA57F4094","servicetypeid":72,"servicetype":"Non AC/Ordinary","centerlat":13.07384,"centerlong":77.444946,"eta":"","sch_arrivaltime":"07:45","sch_departuretime":"07:45","actual_arrivaltime":"08:04","actual_departuretime":"08:04","sch_tripstarttime":"07:05","sch_tripendtime":"07:05","lastlocationid":0,"currentlocationid":21639,"nextlocationid":0,"currentstop":null,"nextstop":null,"laststop":null,"stopCoveredStatus":1,"heading":49,"lastrefreshon":"06-11-2024 19:55:15","lastreceiveddatetimeflag":1,"tripposition":3}]},{"routeid":14255,"stationid":26874,"stationname":"Thammarasanahalli Madhugirihalli","from":"Dasanapura","to":"Thammarasanahalli Madhugirihalli","routeno":"253-W D40G-TMH","distance_on_station":22.4,"centerlat":13.12633,"centerlong":77.49753,"responsecode":200,"isnotify":0,"vehicleDetails":[{"vehicleid":20383,"vehiclenumber":"KA57F4094","servicetypeid":72,"servicetype":"Non AC/Ordinary","centerlat":13.07384,"centerlong":77.444946,"eta":"","sch_arrivaltime":"07:53","sch_departuretime":"07:53","actual_arrivaltime":"","actual_departuretime":"","sch_tripstarttime":"07:05","sch_tripendtime":"07:05","lastlocationid":0,"currentlocationid":21639,"nextlocationid":0,"currentstop":null,"nextstop":null,"laststop":null,"stopCoveredStatus":0,"heading":49,"lastrefreshon":"06-11-2024 19:55:15","lastreceiveddatetimeflag":1,"tripposition":3}]}],"mapData":[{"vehicleid":20383,"vehiclenumber":"KA57F4094","servicetypeid":72,"servicetype":"Non AC/Ordinary","centerlat":13.07384,"centerlong":77.444946,"eta":"","sch_arrivaltime":"07:53","sch_departuretime":"07:53","actual_arrivaltime":"","actual_departuretime":"","sch_tripstarttime":"07:05","sch_tripendtime":"07:05","lastlocationid":0,"currentlocationid":21639,"nextlocationid":0,"currentstop":null,"nextstop":null,"laststop":null,"stopCoveredStatus":0,"heading":49,"lastrefreshon":"06-11-2024 19:55:15","lastreceiveddatetimeflag":1,"tripposition":3}]},"down":{"data":[],"mapData":[]},"message":"Success","issuccess":true,"exception":null,"rowCount":0,"responsecode":200}