{"up":{"data":[{"routeid":4833,"stationid":29571,"stationname":"Arishinakunte","from":"Kempegowda Bus Station","to":"Thore Hosapalya","routeno":"256-MA","distance_on_station":0,"centerlat":13.07966,"centerlong":77.42419,"responsecode":200,"isnotify":0,"vehicleDetails":[{"vehicleid":23182,"vehiclenumber":"KA57F2936","servicetypeid":72,"servicetype":"Non AC/Ordinary","centerlat":13.017897,"centerlong":77.556808,"eta":"","sch_arrivaltime":"08:33","sch_departuretime":"08:33","actual_arrivaltime":"","actual_departuretime":"","sch_tripstarttime":"07:15","sch_tripendtime":"07:15","lastlocationid":0,"currentlocationid":29571,"nextlocationid":0,"currentstop":null,"nextstop":null,"laststop":null,"stopCoveredStatus":0,"heading":0,"lastrefreshon":"06-08-2024 03:02:03","lastreceiveddatetimeflag":0,"tripposition":1}]},{"routeid":4833,"stationid":27343,"stationname":"Vishwa Shanti Ashrama","from":"Kempegowda Bus Station","to":"Thore Hosapalya","routeno":"256-MA","distance_on_station":0.766,"centerlat":13.08402,"centerlong":77.41724,"responsecode":200,"isnotify":0,"vehicleDetails":[{"vehicleid":23182,"vehiclenumber":"KA57F2936","servicetypeid":72,"servicetype":"Non AC/Ordinary","centerlat":13.017897,"centerlong":77.556808,"eta":"","sch_arrivaltime":"08:35","sch_departuretime":"08:35","actual_arrivaltime":"","actual_departuretime":"","sch_tripstarttime":"07:15","sch_tripendtime":"07:15","lastlocationid":0,"currentlocationid":29571,"nextlocationid":0,"currentstop":null,"nextstop":null,"laststop":null,"stopCoveredStatus":0,"heading":0,"lastrefreshon":"06-08-2024 03:02:03","lastreceiveddatetimeflag":0,"tripposition":3}]},{"routeid":4833,"stationid":30108,"stationname":"Binnamangala Towads Nelamangala)","from":"Kempegowda Bus Station","to":"Thore Hosapalya","routeno":"256-MA","distance_on_station":1.296,"centerlat":13.08744,"centerlong":77.41242,"responsecode":200,"isnotify":0,"vehicleDetails":[{"vehicleid":23182,"vehiclenumber":"KA57F2936","servicetypeid":72,"servicetype":"Non AC/Ordinary","centerlat":13.017897,"centerlong":77.556808,"eta":"","sch_arrivaltime":"08:36","sch_departuretime":"08:36","actual_arrivaltime":"","actual_departuretime":"","sch_tripstarttime":"07:15","sch_tripendtime":"07:15","lastlocationid":0,"currentlocationid":29571,"nextlocationid":0,"currentstop":null,"nextstop":null,"laststop":null,"stopCoveredStatus":0,"heading":0,"lastrefreshon":"06-08-2024 03:02:03","lastreceiveddatetimeflag":0,"tripposition":3}]},{"routeid":4833,"stationid":27520,"stationname":"Nursery Nelamangala","from":"Kempegowda Bus Station","to":"Thore Hosapalya","routeno":"256-MA","distance_on_station":1.671,"centerlat":13.09011,"centerlong":77.40928,"responsecode":200,"isnotify":0,"vehicleDetails":[{"vehicleid":23182,"vehiclenumber":"KA57F2936","servicetypeid":72,"servicetype":"Non AC/Ordinary","centerlat":13.017897,"centerlong":77.556808,"eta":"","sch_arrivaltime":"08:37","sch_departuretime":"08:37","actual_arrivaltime":"","actual_departuretime":"","sch_tripstarttime":"07:15","sch_tripendtime":"07:15","lastlocationid":0,"currentlocationid":29571,"nextlocationid":0,"currentstop":null,"nextstop":null,"laststop":null,"stopCoveredStatus":0,"heading":0,"lastrefreshon":"06-08-2024 03:02:03","lastreceiveddatetimeflag":0,"tripposition":3}]},{"routeid":4833,"stationid":27377,"stationname":"Weavers Colony Nelamangala","from":"Kempegowda Bus Station","to":"Thore Hosapalya","routeno":"256-MA","distance_on_station":2.151,"centerlat":13.09403,"centerlong":77.40561,"responsecode":200,"isnotify":0,"vehicleDetails":[{"vehicleid":23182,"vehiclenumber":"KA57F2936","servicetypeid":72,"servicetype":"Non AC/Ordinary","centerlat":13.017897,"centerlong":77.556808,"eta":"","sch_arrivaltime":"08:38","sch_departuretime":"08:38","actual_arrivaltime":"","actual_departuretime":"","sch_tripstarttime":"07:15","sch_tripendtime":"07:15","lastlocationid":0,"currentlocationid":29571,"nextlocationid":0,"currentstop":null,"nextstop":null,"laststop":null,"stopCoveredStatus":0,"heading":0,"lastrefreshon":"06-08-2024 03:02:03","lastreceiveddatetimeflag":0,"tripposition":3}]},{"routeid":4833,"stationid":26838,"stationname":"TB Nelamangala","from":"Kempegowda Bus Station","to":"Thore Hosapalya","routeno":"256-MA","distance_on_station":2.608,"centerlat":13.09706,"centerlong":77.40148,"responsecode":200,"isnotify":0,"vehicleDetails":[{"vehicleid":23182,"vehiclenumber":"KA57F2936","servicetypeid":72,"servicetype":"Non AC/Ordinary","centerlat":13.017897,"centerlong":77.556808,"eta":"","sch_arrivaltime":"08:39","sch_departuretime":"08:39","actual_arrivaltime":"","actual_departuretime":"","sch_tripstarttime":"07:15","sch_tripendtime":"07:15","lastlocationid":0,"currentlocationid":29571,"nextlocationid":0,"currentstop":null,"nextstop":null,"laststop":null,"stopCoveredStatus":0,"heading":0,"lastrefreshon":"06-08-2024 03:02:03","lastreceiveddatetimeflag":0,"tripposition":3}]},{"routeid":4833,"stationid":29533,"stationname":"Anjaneya Temple Nelamangala","from":"Kempegowda Bus Station","to":"Thore Hosapalya","routeno":"256-MA","distance_on_station":2.974,"centerlat":13.09723,"centerlong":77.39774,"responsecode":200,"isnotify":0,"vehicleDetails":[{"vehicleid":23182,"vehiclenumber":"KA57F2936","servicetypeid":72,"servicetype":"Non AC/Ordinary","centerlat":13.017897,"centerlong":77.556808,"eta":"","sch_arrivaltime":"08:40","sch_departuretime":"08:40","actual_arrivaltime":"","actual_departuretime":"","sch_tripstarttime":"07:15","sch_tripendtime":"07:15","lastlocationid":0,"currentlocationid":29571,"nextlocationid":0,"currentstop":null,"nextstop":null,"laststop":null,"stopCoveredStatus":0,"heading":0,"lastrefreshon":"06-08-2024 03:02:03","lastreceiveddatetimeflag":0,"tripposition":3}]},{"routeid":4833,"stationid":22353,"stationname":"Nelamangala Bus Station","from":"Kempegowda Bus Station","to":"Thore Hosapalya","routeno":"256-MA","distance_on_station":3.309,"centerlat":13.09796,"centerlong":77.39438,"responsecode":200,"isnotify":0,"vehicleDetails":[{"vehicleid":23182,"vehiclenumber":"KA57F2936","servicetypeid":72,"servicetype":"Non AC/Ordinary","centerlat":13.017897,"centerlong":77.556808,"eta":"","sch_arrivaltime":"08:41","sch_departuretime":"08:41","actual_arrivaltime":"","actual_departuretime":"","sch_tripstarttime":"07:15","sch_tripendtime":"07:15","lastlocationid":0,"currentlocationid":29571,"nextlocationid":0,"currentstop":null,"nextstop":null,"laststop":null,"stopCoveredStatus":0,"heading":0,"lastrefreshon":"06-08-2024 03:02:03","lastreceiveddatetimeflag":0,"tripposition":3}]},{"routeid":4833,"stationid":34136,"stationname":"Nelamangala Hunasemara","from":"Kempegowda Bus Station","to":"Thore Hosapalya","routeno":"256-MA","distance_on_station":3.692,"centerlat":13.09978,"centerlong":77.39083,"responsecode":200,"isnotify":0,"vehicleDetails":[{"vehicleid":23182,"vehiclenumber":"KA57F2936","servicetypeid":72,"servicetype":"Non AC/Ordinary","centerlat":13.017897,"centerlong":77.556808,"eta":"","sch_arrivaltime":"08:45","sch_departuretime":"08:45","actual_arrivaltime":"","actual_departuretime":"","sch_tripstarttime":"07:15","sch_tripendtime":"07:15","lastlocationid":0,"currentlocationid":29571,"nextlocationid":0,"currentstop":null,"nextstop":null,"laststop":null,"stopCoveredStatus":0,"heading":0,"lastrefreshon":"06-08-2024 03:02:03","lastreceiveddatetimeflag":0,"tripposition":3}]},{"routeid":4833,"stationid":33158,"stationname":"Tumkur Road Junction","from":"Kempegowda Bus Station","to":"Thore Hosapalya","routeno":"256-MA","distance_on_station":4.221,"centerlat":13.09758,"centerlong":77.38535,"responsecode":200,"isnotify":0,"vehicleDetails":[{"vehicleid":23182,"vehiclenumber":"KA57F2936","servicetypeid":72,"servicetype":"Non AC/Ordinary","centerlat":13.017897,"centerlong":77.556808,"eta":"","sch_arrivaltime":"08:47","sch_departuretime":"08:47","actual_arrivaltime":"","actual_departuretime":"","sch_tripstarttime":"07:15","sch_tripendtime":"07:15","lastlocationid":0,"currentlocationid":29571,"nextlocationid":0,"currentstop":null,"nextstop":null,"laststop":null,"stopCoveredStatus":0,"heading":0,"lastrefreshon":"06-08-2024 03:02:03","lastreceiveddatetimeflag":0,"tripposition":3}]},{"routeid":4833,"stationid":34135,"stationname":"Nelamangala Cement Factory","from":"Kempegowda Bus Station","to":"Thore Hosapalya","routeno":"256-MA","distance_on_station":5.101,"centerlat":13.09184,"centerlong":77.37756,"responsecode":200,"isnotify":0,"vehicleDetails":[{"vehicleid":23182,"vehiclenumber":"KA57F2936","servicetypeid":72,"servicetype":"Non AC/Ordinary","centerlat":13.017897,"centerlong":77.556808,"eta":"","sch_arrivaltime":"08:48","sch_departuretime":"08:48","actual_arrivaltime":"","actual_departuretime":"","sch_tripstarttime":"07:15","sch_tripendtime":"07:15","lastlocationid":0,"currentlocationid":29571,"nextlocationid":0,"currentstop":null,"nextstop":null,"laststop":null,"stopCoveredStatus":0,"heading":0,"lastrefreshon":"06-08-2024 03:02:03","lastreceiveddatetimeflag":0,"tripposition":3}]},{"routeid":4833,"stationid":32126,"stationname":"BP Indian School Nelamangala","from":"Kempegowda Bus Station","to":"Thore Hosapalya","routeno":"256-MA","distance_on_station":5.525,"centerlat":13.08764,"centerlong":77.37555,"responsecode":200,"isnotify":0,"vehicleDetails":[{"vehicleid":23182,"vehiclenumber":"KA57F2936","servicetypeid":72,"servicetype":"Non AC/Ordinary","centerlat":13.017897,"centerlong":77.556808,"eta":"","sch_arrivaltime":"08:49","sch_departuretime":"08:49","actual_arrivaltime":"","actual_departuretime":"","sch_tripstarttime":"07:15","sch_tripendtime":"07:15","lastlocationid":0,"currentlocationid":29571,"nextlocationid":0,"currentstop":null,"nextstop":null,"laststop":null,"stopCoveredStatus":0,"heading":0,"lastrefreshon":"06-08-2024 03:02:03","lastreceiveddatetimeflag":0,"tripposition":3}]},{"routeid":4833,"stationid":33771,"stationname":"Mallarabanavadi Cross","from":"Kempegowda Bus Station","to":"Thore Hosapalya","routeno":"256-MA","distance_on_station":6.12,"centerlat":13.08246,"centerlong":77.37168,"responsecode":200,"isnotify":0,"vehicleDetails":[{"vehicleid":23182,"vehiclenumber":"KA57F2936","servicetypeid":72,"servicetype":"Non AC/Ordinary","centerlat":13.017897,"centerlong":77.556808,"eta":"","sch_arrivaltime":"08:50","sch_departuretime":"08:50","actual_arrivaltime":"","actual_departuretime":"","sch_tripstarttime":"07:15","sch_tripendtime":"07:15","lastlocationid":0,"currentlocationid":29571,"nextlocationid":0,"currentstop":null,"nextstop":null,"laststop":null,"stopCoveredStatus":0,"heading":0,"lastrefreshon":"06-08-2024 03:02:03","lastreceiveddatetimeflag":0,"tripposition":3}]},{"routeid":4833,"stationid":34140,"stationname":"Shanthinagara Nelamangala","from":"Kempegowda Bus Station","to":"Thore Hosapalya","routeno":"256-MA","distance_on_station":6.617,"centerlat":13.07899,"centerlong":77.36737,"responsecode":200,"isnotify":0,"vehicleDetails":[{"vehicleid":23182,"vehiclenumber":"KA57F2936","servicetypeid":72,"servicetype":"Non AC/Ordinary","centerlat":13.017897,"centerlong":77.556808,"eta":"","sch_arrivaltime":"08:51","sch_departuretime":"08:51","actual_arrivaltime":"","actual_departuretime":"","sch_tripstarttime":"07:15","sch_tripendtime":"07:15","lastlocationid":0,"currentlocationid":29571,"nextlocationid":0,"currentstop":null,"nextstop":null,"laststop":null,"stopCoveredStatus":0,"heading":0,"lastrefreshon":"06-08-2024 03:02:03","lastreceiveddatetimeflag":0,"tripposition":3}]},{"routeid":4833,"stationid":34693,"stationname":"Srinivasapura Cross","from":"Kempegowda Bus Station","to":"Thore Hosapalya","routeno":"256-MA","distance_on_station":7.041,"centerlat":13.07494,"centerlong":77.36505,"responsecode":200,"isnotify":0,"vehicleDetails":[{"vehicleid":23182,"vehiclenumber":"KA57F2936","servicetypeid":72,"servicetype":"Non AC/Ordinary","centerlat":13.017897,"centerlong":77.556808,"eta":"","sch_arrivaltime":"08:52","sch_departuretime":"08:52","actual_arrivaltime":"","actual_departuretime":"","sch_tripstarttime":"07:15","sch_tripendtime":"07:15","lastlocationid":0,"currentlocationid":29571,"nextlocationid":0,"currentstop":null,"nextstop":null,"laststop":null,"stopCoveredStatus":0,"heading":0,"lastrefreshon":"06-08-2024 03:02:03","lastreceiveddatetimeflag":0,"tripposition":3}]},{"routeid":4833,"stationid":33352,"stationname":"Yantaganahalli  Toll","from":"Kempegowda Bus Station","to":"Thore Hosapalya","routeno":"256-MA","distance_on_station":7.717,"centerlat":13.06859,"centerlong":77.36108,"responsecode":200,"isnotify":0,"vehicleDetails":[{"vehicleid":23182,"vehiclenumber":"KA57F2936","servicetypeid":72,"servicetype":"Non AC/Ordinary","centerlat":13.017897,"centerlong":77.556808,"eta":"","sch_arrivaltime":"08:53","sch_departuretime":"08:53","actual_arrivaltime":"","actual_departuretime":"","sch_tripstarttime":"07:15","sch_tripendtime":"07:15","lastlocationid":0,"currentlocationid":29571,"nextlocationid":0,"currentstop":null,"nextstop":null,"laststop":null,"stopCoveredStatus":0,"heading":0,"lastrefreshon":"06-08-2024 03:02:03","lastreceiveddatetimeflag":0,"tripposition":3}]},{"routeid":4833,"stationid":35032,"stationname":"Yantaganahalli Palya","from":"Kempegowda Bus Station","to":"Thore Hosapalya","routeno":"256-MA","distance_on_station":8.85,"centerlat":13.06405,"centerlong":77.34931,"responsecode":200,"isnotify":0,"vehicleDetails":[{"vehicleid":23182,"vehiclenumber":"KA57F2936","servicetypeid":72,"servicetype":"Non AC/Ordinary","centerlat":13.017897,"centerlong":77.556808,"eta":"","sch_arrivaltime":"08:54","sch_departuretime":"08:54","actual_arrivaltime":"","actual_departuretime":"","sch_tripstarttime":"07:15","sch_tripendtime":"07:15","lastlocationid":0,"currentlocationid":29571,"nextlocationid":0,"currentstop":null,"nextstop":null,"laststop":null,"stopCoveredStatus":0,"heading":0,"lastrefreshon":"06-08-2024 03:02:03","lastreceiveddatetimeflag":0,"tripposition":3}]},{"routeid":4833,"stationid":31651,"stationname":"Yantaganahalli","from":"Kempegowda Bus Station","to":"Thore Hosapalya","routeno":"256-MA","distance_on_station":9.111,"centerlat":13.06298,"centerlong":77.34655,"responsecode":200,"isnotify":0,"vehicleDetails":[{"vehicleid":23182,"vehiclenumber":"KA57F2936","servicetypeid":72,"servicetype":"Non AC/Ordinary","centerlat":13.017897,"centerlong":77.556808,"eta":"","sch_arrivaltime":"08:55","sch_departuretime":"08:55","actual_arrivaltime":"","actual_departuretime":"","sch_tripstarttime":"07:15","sch_tripendtime":"07:15","lastlocationid":0,"currentlocationid":29571,"nextlocationid":0,"currentstop":null,"nextstop":null,"laststop":null,"stopCoveredStatus":0,"heading":0,"lastrefreshon":"06-08-2024 03:02:03","lastreceiveddatetimeflag":0,"tripposition":3}]},{"routeid":4833,"stationid":31652,"stationname":"Yantaganahalli Hospital","from":"Kempegowda Bus Station","to":"Thore Hosapalya","routeno":"256-MA","distance_on_station":9.518,"centerlat":13.0614,"centerlong":77.3423,"responsecode":200,"isnotify":0,"vehicleDetails":[{"vehicleid":23182,"vehiclenumber":"KA57F2936","servicetypeid":72,"servicetype":"Non AC/Ordinary","centerlat":13.017897,"centerlong":77.556808,"eta":"","sch_arrivaltime":"08:56","sch_departuretime":"08:56","actual_arrivaltime":"","actual_departuretime":"","sch_tripstarttime":"07:15","sch_tripendtime":"07:15","lastlocationid":0,"currentlocationid":29571,"nextlocationid":0,"currentstop":null,"nextstop":null,"laststop":null,"stopCoveredStatus":0,"heading":0,"lastrefreshon":"06-08-2024 03:02:03","lastreceiveddatetimeflag":0,"tripposition":3}]},{"routeid":4833,"stationid":34501,"stationname":"Seetharam Bhattarapalya","from":"Kempegowda Bus Station","to":"Thore Hosapalya","routeno":"256-MA","distance_on_station":10.211,"centerlat":13.06088,"centerlong":77.33455,"responsecode":200,"isnotify":0,"vehicleDetails":[{"vehicleid":23182,"vehiclenumber":"KA57F2936","servicetypeid":72,"servicetype":"Non AC/Ordinary","centerlat":13.017897,"centerlong":77.556808,"eta":"","sch_arrivaltime":"08:57","sch_departuretime":"08:57","actual_arrivaltime":"","actual_departuretime":"","sch_tripstarttime":"07:15","sch_tripendtime":"07:15","lastlocationid":0,"currentlocationid":29571,"nextlocationid":0,"currentstop":null,"nextstop":null,"laststop":null,"stopCoveredStatus":0,"heading":0,"lastrefreshon":"06-08-2024 03:02:03","lastreceiveddatetimeflag":0,"tripposition":3}]},{"routeid":4833,"stationid":32148,"stationname":"Buragamarada Palya","from":"Kempegowda Bus Station","to":"Thore Hosapalya","routeno":"256-MA","distance_on_station":10.798,"centerlat":13.06377,"centerlong":77.32852,"responsecode":200,"isnotify":0,"vehicleDetails":[{"vehicleid":23182,"vehiclenumber":"KA57F2936","servicetypeid":72,"servicetype":"Non AC/Ordinary","centerlat":13.017897,"centerlong":77.556808,"eta":"","sch_arrivaltime":"08:58","sch_departuretime":"08:58","actual_arrivaltime":"","actual_departuretime":"","sch_tripstarttime":"07:15","sch_tripendtime":"07:15","lastlocationid":0,"currentlocationid":29571,"nextlocationid":0,"currentstop":null,"nextstop":null,"laststop":null,"stopCoveredStatus":0,"heading":0,"lastrefreshon":"06-08-2024 03:02:03","lastreceiveddatetimeflag":0,"tripposition":3}]},{"routeid":4833,"stationid":33708,"stationname":"Lingenahalli","from":"Kempegowda Bus Station","to":"Thore Hosapalya","routeno":"256-MA","distance_on_station":11.156,"centerlat":13.06543,"centerlong":77.32488,"responsecode":200,"isnotify":0,"vehicleDetails":[{"vehicleid":23182,"vehiclenumber":"KA57F2936","servicetypeid":72,"servicetype":"Non AC/Ordinary","centerlat":13.017897,"centerlong":77.556808,"eta":"","sch_arrivaltime":"08:59","sch_departuretime":"08:59","actual_arrivaltime":"","actual_departuretime":"","sch_tripstarttime":"07:15","sch_tripendtime":"07:15","lastlocationid":0,"currentlocationid":29571,"nextlocationid":0,"currentstop":null,"nextstop":null,"laststop":null,"stopCoveredStatus":0,"heading":0,"lastrefreshon":"06-08-2024 03:02:03","lastreceiveddatetimeflag":0,"tripposition":3}]},{"routeid":4833,"stationid":33743,"stationname":"Mahadevapura","from":"Kempegowda Bus Station","to":"Thore Hosapalya","routeno":"256-MA","distance_on_station":11.645,"centerlat":13.06629,"centerlong":77.31955,"responsecode":200,"isnotify":0,"vehicleDetails":[{"vehicleid":23182,"vehiclenumber":"KA57F2936","servicetypeid":72,"servicetype":"Non AC/Ordinary","centerlat":13.017897,"centerlong":77.556808,"eta":"","sch_arrivaltime":"09:00","sch_departuretime":"09:00","actual_arrivaltime":"","actual_departuretime":"","sch_tripstarttime":"07:15","sch_tripendtime":"07:15","lastlocationid":0,"currentlocationid":29571,"nextlocationid":0,"currentstop":null,"nextstop":null,"laststop":null,"stopCoveredStatus":0,"heading":0,"lastrefreshon":"06-08-2024 03:02:03","lastreceiveddatetimeflag":0,"tripposition":3}]},{"routeid":4833,"stationid":34082,"stationname":"Nanda Gokula Nagara","from":"Kempegowda Bus Station","to":"Thore Hosapalya","routeno":"256-MA","distance_on_station":12.159,"centerlat":13.061,"centerlong":77.31797,"responsecode":200,"isnotify":0,"vehicleDetails":[{"vehicleid":23182,"vehiclenumber":"KA57F2936","servicetypeid":72,"servicetype":"Non AC/Ordinary","centerlat":13.017897,"centerlong":77.556808,"eta":"","sch_arrivaltime":"09:01","sch_departuretime":"09:01","actual_arrivaltime":"","actual_departuretime":"","sch_tripstarttime":"07:15","sch_tripendtime":"07:15","lastlocationid":0,"currentlocationid":29571,"nextlocationid":0,"currentstop":null,"nextstop":null,"laststop":null,"stopCoveredStatus":0,"heading":0,"lastrefreshon":"06-08-2024 03:02:03","lastreceiveddatetimeflag":0,"tripposition":3}]},{"routeid":4833,"stationid":33232,"stationname":"Kadukarenahalli","from":"Kempegowda Bus Station","to":"Thore Hosapalya","routeno":"256-MA","distance_on_station":12.811,"centerlat":13.05431,"centerlong":77.31568,"responsecode":200,"isnotify":0,"vehicleDetails":[{"vehicleid":23182,"vehiclenumber":"KA57F2936","servicetypeid":72,"servicetype":"Non AC/Ordinary","centerlat":13.017897,"centerlong":77.556808,"eta":"","sch_arrivaltime":"09:02","sch_departuretime":"09:02","actual_arrivaltime":"","actual_departuretime":"","sch_tripstarttime":"07:15","sch_tripendtime":"07:15","lastlocationid":0,"currentlocationid":29571,"nextlocationid":0,"currentstop":null,"nextstop":null,"laststop":null,"stopCoveredStatus":0,"heading":0,"lastrefreshon":"06-08-2024 03:02:03","lastreceiveddatetimeflag":0,"tripposition":3}]},{"routeid":4833,"stationid":33103,"stationname":"Jalli Machine","from":"Kempegowda Bus Station","to":"Thore Hosapalya","routeno":"256-MA","distance_on_station":13.658,"centerlat":13.04514,"centerlong":77.3154,"responsecode":200,"isnotify":0,"vehicleDetails":[{"vehicleid":23182,"vehiclenumber":"KA57F2936","servicetypeid":72,"servicetype":"Non AC/Ordinary","centerlat":13.017897,"centerlong":77.556808,"eta":"","sch_arrivaltime":"09:03","sch_departuretime":"09:03","actual_arrivaltime":"","actual_departuretime":"","sch_tripstarttime":"07:15","sch_tripendtime":"07:15","lastlocationid":0,"currentlocationid":29571,"nextlocationid":0,"currentstop":null,"nextstop":null,"laststop":null,"stopCoveredStatus":0,"heading":0,"lastrefreshon":"06-08-2024 03:02:03","lastreceiveddatetimeflag":0,"tripposition":3}]},{"routeid":4833,"stationid":33847,"stationname":"Marigowdanapalya","from":"Kempegowda Bus Station","to":"Thore Hosapalya","routeno":"256-MA","distance_on_station":13.976,"centerlat":13.04168,"centerlong":77.31512,"responsecode":200,"isnotify":0,"vehicleDetails":[{"vehicleid":23182,"vehiclenumber":"KA57F2936","servicetypeid":72,"servicetype":"Non AC/Ordinary","centerlat":13.017897,"centerlong":77.556808,"eta":"","sch_arrivaltime":"09:04","sch_departuretime":"09:04","actual_arrivaltime":"","actual_departuretime":"","sch_tripstarttime":"07:15","sch_tripendtime":"07:15","lastlocationid":0,"currentlocationid":29571,"nextlocationid":0,"currentstop":null,"nextstop":null,"laststop":null,"stopCoveredStatus":0,"heading":0,"lastrefreshon":"06-08-2024 03:02:03","lastreceiveddatetimeflag":0,"tripposition":3}]},{"routeid":4833,"stationid":31913,"stationname":"Basavenahalli","from":"Kempegowda Bus Station","to":"Thore Hosapalya","routeno":"256-MA","distance_on_station":14.261,"centerlat":13.03857,"centerlong":77.31479,"responsecode":200,"isnotify":0,"vehicleDetails":[{"vehicleid":23182,"vehiclenumber":"KA57F2936","servicetypeid":72,"servicetype":"Non AC/Ordinary","centerlat":13.017897,"centerlong":77.556808,"eta":"","sch_arrivaltime":"09:05","sch_departuretime":"09:05","actual_arrivaltime":"","actual_departuretime":"","sch_tripstarttime":"07:15","sch_tripendtime":"07:15","lastlocationid":0,"currentlocationid":29571,"nextlocationid":0,"currentstop":null,"nextstop":null,"laststop":null,"stopCoveredStatus":0,"heading":0,"lastrefreshon":"06-08-2024 03:02:03","lastreceiveddatetimeflag":0,"tripposition":3}]},{"routeid":4833,"stationid":31914,"stationname":"Basavenahalli Colony","from":"Kempegowda Bus Station","to":"Thore Hosapalya","routeno":"256-MA","distance_on_station":14.489,"centerlat":13.03605,"centerlong":77.31433,"responsecode":200,"isnotify":0,"vehicleDetails":[{"vehicleid":23182,"vehiclenumber":"KA57F2936","servicetypeid":72,"servicetype":"Non AC/Ordinary","centerlat":13.017897,"centerlong":77.556808,"eta":"","sch_arrivaltime":"09:06","sch_departuretime":"09:06","actual_arrivaltime":"","actual_departuretime":"","sch_tripstarttime":"07:15","sch_tripendtime":"07:15","lastlocationid":0,"currentlocationid":29571,"nextlocationid":0,"currentstop":null,"nextstop":null,"laststop":null,"stopCoveredStatus":0,"heading":0,"lastrefreshon":"06-08-2024 03:02:03","lastreceiveddatetimeflag":0,"tripposition":3}]},{"routeid":4833,"stationid":32940,"stationname":"Honnayyanapalya","from":"Kempegowda Bus Station","to":"Thore Hosapalya","routeno":"256-MA","distance_on_station":15.027,"centerlat":13.03537,"centerlong":77.31999,"responsecode":200,"isnotify":0,"vehicleDetails":[{"vehicleid":23182,"vehiclenumber":"KA57F2936","servicetypeid":72,"servicetype":"Non AC/Ordinary","centerlat":13.017897,"centerlong":77.556808,"eta":"","sch_arrivaltime":"09:07","sch_departuretime":"09:07","actual_arrivaltime":"","actual_departuretime":"","sch_tripstarttime":"07:15","sch_tripendtime":"07:15","lastlocationid":0,"currentlocationid":29571,"nextlocationid":0,"currentstop":null,"nextstop":null,"laststop":null,"stopCoveredStatus":0,"heading":0,"lastrefreshon":"06-08-2024 03:02:03","lastreceiveddatetimeflag":0,"tripposition":3}]},{"routeid":4833,"stationid":32789,"stationname":"Gundammanapalya Colony","from":"Kempegowda Bus Station","to":"Thore Hosapalya","routeno":"256-MA","distance_on_station":15.842,"centerlat":13.03084,"centerlong":77.32472,"responsecode":200,"isnotify":0,"vehicleDetails":[{"vehicleid":23182,"vehiclenumber":"KA57F2936","servicetypeid":72,"servicetype":"Non AC/Ordinary","centerlat":13.017897,"centerlong":77.556808,"eta":"","sch_arrivaltime":"09:09","sch_departuretime":"09:09","actual_arrivaltime":"","actual_departuretime":"","sch_tripstarttime":"07:15","sch_tripendtime":"07:15","lastlocationid":0,"currentlocationid":29571,"nextlocationid":0,"currentstop":null,"nextstop":null,"laststop":null,"stopCoveredStatus":0,"heading":0,"lastrefreshon":"06-08-2024 03:02:03","lastreceiveddatetimeflag":0,"tripposition":3}]},{"routeid":4833,"stationid":32788,"stationname":"Gundammanapalya","from":"Kempegowda Bus Station","to":"Thore Hosapalya","routeno":"256-MA","distance_on_station":16.103,"centerlat":13.03024,"centerlong":77.32709,"responsecode":200,"isnotify":0,"vehicleDetails":[{"vehicleid":23182,"vehiclenumber":"KA57F2936","servicetypeid":72,"servicetype":"Non AC/Ordinary","centerlat":13.017897,"centerlong":77.556808,"eta":"","sch_arrivaltime":"09:10","sch_departuretime":"09:10","actual_arrivaltime":"","actual_departuretime":"","sch_tripstarttime":"07:15","sch_tripendtime":"07:15","lastlocationid":0,"currentlocationid":29571,"nextlocationid":0,"currentstop":null,"nextstop":null,"laststop":null,"stopCoveredStatus":0,"heading":0,"lastrefreshon":"06-08-2024 03:02:03","lastreceiveddatetimeflag":0,"tripposition":3}]},{"routeid":4833,"stationid":31814,"stationname":"Thore Hosapalya","from":"Kempegowda Bus Station","to":"Thore Hosapalya","routeno":"256-MA","distance_on_station":16.6,"centerlat":13.02583,"centerlong":77.32927,"responsecode":200,"isnotify":0,"vehicleDetails":[{"vehicleid":23182,"vehiclenumber":"KA57F2936","servicetypeid":72,"servicetype":"Non AC/Ordinary","centerlat":13.017897,"centerlong":77.556808,"eta":"","sch_arrivaltime":"09:11","sch_departuretime":"09:11","actual_arrivaltime":"","actual_departuretime":"","sch_tripstarttime":"07:15","sch_tripendtime":"07:15","lastlocationid":0,"currentlocationid":29571,"nextlocationid":0,"currentstop":null,"nextstop":null,"laststop":null,"stopCoveredStatus":0,"heading":0,"lastrefreshon":"06-08-2024 03:02:03","lastreceiveddatetimeflag":0,"tripposition":1}]}],"mapData":[{"vehicleid":23182,"vehiclenumber":"KA57F2936","servicetypeid":72,"servicetype":"Non AC/Ordinary","centerlat":13.017897,"centerlong":77.556808,"eta":"","sch_arrivaltime":"09:11","sch_departuretime":"09:11","actual_arrivaltime":"","actual_departuretime":"","sch_tripstarttime":"07:15","sch_tripendtime":"07:15","lastlocationid":0,"currentlocationid":29571,"nextlocationid":0,"currentstop":null,"nextstop":null,"laststop":null,"stopCoveredStatus":0,"heading":0,"lastrefreshon":"06-08-2024 03:02:03","lastreceiveddatetimeflag":0,"tripposition":1}]},"down":{"data":[],"mapData":[]},"message":"Success","issuccess":true,"exception":null,"rowCount":0,"responsecode":200}