{"up":{"data":[{"routeid":4254,"stationid":21288,"stationname":"Yeshawanthapura Bus Station","from":"Kempegowda Bus Station","to":"Kempegowda Bus Station","routeno":"265-A","distance_on_station":0,"centerlat":13.01801,"centerlong":77.55662,"responsecode":200,"isnotify":0,"vehicleDetails":[{"vehicleid":21276,"vehiclenumber":"KA57F2334","servicetypeid":72,"servicetype":"Non AC/Ordinary","centerlat":13.01857,"centerlong":77.555077,"eta":"","sch_arrivaltime":"06:29","sch_departuretime":"06:29","actual_arrivaltime":"","actual_departuretime":"","sch_tripstarttime":"06:11","sch_tripendtime":"06:11","lastlocationid":0,"currentlocationid":21288,"nextlocationid":0,"currentstop":null,"nextstop":null,"laststop":null,"stopCoveredStatus":0,"heading":185,"lastrefreshon":"06-11-2024 21:28:45","lastreceiveddatetimeflag":0,"tripposition":3}]},{"routeid":4254,"stationid":20791,"stationname":"Govardhan Talkies","from":"Kempegowda Bus Station","to":"Kempegowda Bus Station","routeno":"265-A","distance_on_station":0.32,"centerlat":13.02,"centerlong":77.55274,"responsecode":200,"isnotify":0,"vehicleDetails":[{"vehicleid":21276,"vehiclenumber":"KA57F2334","servicetypeid":72,"servicetype":"Non AC/Ordinary","centerlat":13.01857,"centerlong":77.555077,"eta":"","sch_arrivaltime":"06:33","sch_departuretime":"06:33","actual_arrivaltime":"","actual_departuretime":"","sch_tripstarttime":"06:11","sch_tripendtime":"06:11","lastlocationid":0,"currentlocationid":21288,"nextlocationid":0,"currentstop":null,"nextstop":null,"laststop":null,"stopCoveredStatus":0,"heading":185,"lastrefreshon":"06-11-2024 21:28:45","lastreceiveddatetimeflag":0,"tripposition":3}]},{"routeid":4254,"stationid":21131,"stationname":"RMC Yard (Yashawanthapura New Railway Station)","from":"Kempegowda Bus Station","to":"Kempegowda Bus Station","routeno":"265-A","distance_on_station":0.506,"centerlat":13.02366,"centerlong":77.54877,"responsecode":200,"isnotify":0,"vehicleDetails":[{"vehicleid":21276,"vehiclenumber":"KA57F2334","servicetypeid":72,"servicetype":"Non AC/Ordinary","centerlat":13.01857,"centerlong":77.555077,"eta":"","sch_arrivaltime":"06:34","sch_departuretime":"06:34","actual_arrivaltime":"","actual_departuretime":"","sch_tripstarttime":"06:11","sch_tripendtime":"06:11","lastlocationid":0,"currentlocationid":21288,"nextlocationid":0,"currentstop":null,"nextstop":null,"laststop":null,"stopCoveredStatus":0,"heading":185,"lastrefreshon":"06-11-2024 21:28:45","lastreceiveddatetimeflag":0,"tripposition":3}]},{"routeid":4254,"stationid":21016,"stationname":"MEI Factory","from":"Kempegowda Bus Station","to":"Kempegowda Bus Station","routeno":"265-A","distance_on_station":0.689,"centerlat":13.0264,"centerlong":77.54402,"responsecode":200,"isnotify":0,"vehicleDetails":[{"vehicleid":21276,"vehiclenumber":"KA57F2334","servicetypeid":72,"servicetype":"Non AC/Ordinary","centerlat":13.01857,"centerlong":77.555077,"eta":"","sch_arrivaltime":"06:35","sch_departuretime":"06:35","actual_arrivaltime":"","actual_departuretime":"","sch_tripstarttime":"06:11","sch_tripendtime":"06:11","lastlocationid":0,"currentlocationid":21288,"nextlocationid":0,"currentstop":null,"nextstop":null,"laststop":null,"stopCoveredStatus":0,"heading":185,"lastrefreshon":"06-11-2024 21:28:45","lastreceiveddatetimeflag":0,"tripposition":3}]},{"routeid":4254,"stationid":20790,"stationname":"Goraguntepalya","from":"Kempegowda Bus Station","to":"Kempegowda Bus Station","routeno":"265-A","distance_on_station":0.86,"centerlat":13.02895,"centerlong":77.5395,"responsecode":200,"isnotify":0,"vehicleDetails":[{"vehicleid":21276,"vehiclenumber":"KA57F2334","servicetypeid":72,"servicetype":"Non AC/Ordinary","centerlat":13.01857,"centerlong":77.555077,"eta":"","sch_arrivaltime":"06:36","sch_departuretime":"06:36","actual_arrivaltime":"","actual_departuretime":"","sch_tripstarttime":"06:11","sch_tripendtime":"06:11","lastlocationid":0,"currentlocationid":21288,"nextlocationid":0,"currentstop":null,"nextstop":null,"laststop":null,"stopCoveredStatus":0,"heading":185,"lastrefreshon":"06-11-2024 21:28:45","lastreceiveddatetimeflag":0,"tripposition":3}]},{"routeid":4254,"stationid":20723,"stationname":"CMTI","from":"Kempegowda Bus Station","to":"Kempegowda Bus Station","routeno":"265-A","distance_on_station":0.979,"centerlat":13.0307,"centerlong":77.53641,"responsecode":200,"isnotify":0,"vehicleDetails":[{"vehicleid":21276,"vehiclenumber":"KA57F2334","servicetypeid":72,"servicetype":"Non AC/Ordinary","centerlat":13.01857,"centerlong":77.555077,"eta":"","sch_arrivaltime":"06:37","sch_departuretime":"06:37","actual_arrivaltime":"","actual_departuretime":"","sch_tripstarttime":"06:11","sch_tripendtime":"06:11","lastlocationid":0,"currentlocationid":21288,"nextlocationid":0,"currentstop":null,"nextstop":null,"laststop":null,"stopCoveredStatus":0,"heading":185,"lastrefreshon":"06-11-2024 21:28:45","lastreceiveddatetimeflag":0,"tripposition":3}]},{"routeid":4254,"stationid":21189,"stationname":"SRS Peenya","from":"Kempegowda Bus Station","to":"Kempegowda Bus Station","routeno":"265-A","distance_on_station":1.214,"centerlat":13.03428,"centerlong":77.53032,"responsecode":200,"isnotify":0,"vehicleDetails":[{"vehicleid":21276,"vehiclenumber":"KA57F2334","servicetypeid":72,"servicetype":"Non AC/Ordinary","centerlat":13.01857,"centerlong":77.555077,"eta":"","sch_arrivaltime":"06:38","sch_departuretime":"06:38","actual_arrivaltime":"","actual_departuretime":"","sch_tripstarttime":"06:11","sch_tripendtime":"06:11","lastlocationid":0,"currentlocationid":21288,"nextlocationid":0,"currentstop":null,"nextstop":null,"laststop":null,"stopCoveredStatus":0,"heading":185,"lastrefreshon":"06-11-2024 21:28:45","lastreceiveddatetimeflag":0,"tripposition":3}]},{"routeid":4254,"stationid":21082,"stationname":"Peenya Industry Metro Station","from":"Kempegowda Bus Station","to":"Kempegowda Bus Station","routeno":"265-A","distance_on_station":1.36,"centerlat":13.03556,"centerlong":77.52613,"responsecode":200,"isnotify":0,"vehicleDetails":[{"vehicleid":21276,"vehiclenumber":"KA57F2334","servicetypeid":72,"servicetype":"Non AC/Ordinary","centerlat":13.01857,"centerlong":77.555077,"eta":"","sch_arrivaltime":"06:39","sch_departuretime":"06:39","actual_arrivaltime":"","actual_departuretime":"","sch_tripstarttime":"06:11","sch_tripendtime":"06:11","lastlocationid":0,"currentlocationid":21288,"nextlocationid":0,"currentstop":null,"nextstop":null,"laststop":null,"stopCoveredStatus":0,"heading":185,"lastrefreshon":"06-11-2024 21:28:45","lastreceiveddatetimeflag":0,"tripposition":3}]},{"routeid":4254,"stationid":20870,"stationname":"Jalahalli Cross","from":"Kempegowda Bus Station","to":"Kempegowda Bus Station","routeno":"265-A","distance_on_station":1.656,"centerlat":13.03949,"centerlong":77.51843,"responsecode":200,"isnotify":0,"vehicleDetails":[{"vehicleid":21276,"vehiclenumber":"KA57F2334","servicetypeid":72,"servicetype":"Non AC/Ordinary","centerlat":13.01857,"centerlong":77.555077,"eta":"","sch_arrivaltime":"06:40","sch_departuretime":"06:40","actual_arrivaltime":"","actual_departuretime":"","sch_tripstarttime":"06:11","sch_tripendtime":"06:11","lastlocationid":0,"currentlocationid":21288,"nextlocationid":0,"currentstop":null,"nextstop":null,"laststop":null,"stopCoveredStatus":0,"heading":185,"lastrefreshon":"06-11-2024 21:28:45","lastreceiveddatetimeflag":0,"tripposition":3}]},{"routeid":4254,"stationid":21210,"stationname":"Systems Peenya","from":"Kempegowda Bus Station","to":"Kempegowda Bus Station","routeno":"265-A","distance_on_station":1.808,"centerlat":13.03506,"centerlong":77.51806,"responsecode":200,"isnotify":0,"vehicleDetails":[{"vehicleid":21276,"vehiclenumber":"KA57F2334","servicetypeid":72,"servicetype":"Non AC/Ordinary","centerlat":13.01857,"centerlong":77.555077,"eta":"","sch_arrivaltime":"06:41","sch_departuretime":"06:41","actual_arrivaltime":"","actual_departuretime":"","sch_tripstarttime":"06:11","sch_tripendtime":"06:11","lastlocationid":0,"currentlocationid":21288,"nextlocationid":0,"currentstop":null,"nextstop":null,"laststop":null,"stopCoveredStatus":0,"heading":185,"lastrefreshon":"06-11-2024 21:28:45","lastreceiveddatetimeflag":0,"tripposition":3}]},{"routeid":4254,"stationid":21237,"stationname":"TVS Cross Peenya","from":"Kempegowda Bus Station","to":"Kempegowda Bus Station","routeno":"265-A","distance_on_station":2.052,"centerlat":13.02835,"centerlong":77.51953,"responsecode":200,"isnotify":0,"vehicleDetails":[{"vehicleid":21276,"vehiclenumber":"KA57F2334","servicetypeid":72,"servicetype":"Non AC/Ordinary","centerlat":13.01857,"centerlong":77.555077,"eta":"","sch_arrivaltime":"06:43","sch_departuretime":"06:43","actual_arrivaltime":"","actual_departuretime":"","sch_tripstarttime":"06:11","sch_tripendtime":"06:11","lastlocationid":0,"currentlocationid":21288,"nextlocationid":0,"currentstop":null,"nextstop":null,"laststop":null,"stopCoveredStatus":0,"heading":185,"lastrefreshon":"06-11-2024 21:28:45","lastreceiveddatetimeflag":0,"tripposition":3}]},{"routeid":4254,"stationid":21137,"stationname":"Rolling Mill","from":"Kempegowda Bus Station","to":"Kempegowda Bus Station","routeno":"265-A","distance_on_station":2.22,"centerlat":13.02648,"centerlong":77.51486,"responsecode":200,"isnotify":0,"vehicleDetails":[{"vehicleid":21276,"vehiclenumber":"KA57F2334","servicetypeid":72,"servicetype":"Non AC/Ordinary","centerlat":13.01857,"centerlong":77.555077,"eta":"","sch_arrivaltime":"06:44","sch_departuretime":"06:44","actual_arrivaltime":"","actual_departuretime":"","sch_tripstarttime":"06:11","sch_tripendtime":"06:11","lastlocationid":0,"currentlocationid":21288,"nextlocationid":0,"currentstop":null,"nextstop":null,"laststop":null,"stopCoveredStatus":0,"heading":185,"lastrefreshon":"06-11-2024 21:28:45","lastreceiveddatetimeflag":0,"tripposition":3}]},{"routeid":4254,"stationid":21069,"stationname":"NTTF Peenya","from":"Kempegowda Bus Station","to":"Kempegowda Bus Station","routeno":"265-A","distance_on_station":2.375,"centerlat":13.02443,"centerlong":77.51092,"responsecode":200,"isnotify":0,"vehicleDetails":[{"vehicleid":21276,"vehiclenumber":"KA57F2334","servicetypeid":72,"servicetype":"Non AC/Ordinary","centerlat":13.01857,"centerlong":77.555077,"eta":"","sch_arrivaltime":"06:45","sch_departuretime":"06:45","actual_arrivaltime":"","actual_departuretime":"","sch_tripstarttime":"06:11","sch_tripendtime":"06:11","lastlocationid":0,"currentlocationid":21288,"nextlocationid":0,"currentstop":null,"nextstop":null,"laststop":null,"stopCoveredStatus":0,"heading":185,"lastrefreshon":"06-11-2024 21:28:45","lastreceiveddatetimeflag":0,"tripposition":3}]},{"routeid":4254,"stationid":20685,"stationname":"Brundavana Peenya","from":"Kempegowda Bus Station","to":"Kempegowda Bus Station","routeno":"265-A","distance_on_station":2.54,"centerlat":13.02038,"centerlong":77.50815,"responsecode":200,"isnotify":0,"vehicleDetails":[{"vehicleid":21276,"vehiclenumber":"KA57F2334","servicetypeid":72,"servicetype":"Non AC/Ordinary","centerlat":13.01857,"centerlong":77.555077,"eta":"","sch_arrivaltime":"06:46","sch_departuretime":"06:46","actual_arrivaltime":"","actual_departuretime":"","sch_tripstarttime":"06:11","sch_tripendtime":"06:11","lastlocationid":0,"currentlocationid":21288,"nextlocationid":0,"currentstop":null,"nextstop":null,"laststop":null,"stopCoveredStatus":0,"heading":185,"lastrefreshon":"06-11-2024 21:28:45","lastreceiveddatetimeflag":0,"tripposition":3}]},{"routeid":4254,"stationid":20567,"stationname":"Peenya 14th cross","from":"Kempegowda Bus Station","to":"Kempegowda Bus Station","routeno":"265-A","distance_on_station":2.705,"centerlat":13.01646,"centerlong":77.50566,"responsecode":200,"isnotify":0,"vehicleDetails":[{"vehicleid":21276,"vehiclenumber":"KA57F2334","servicetypeid":72,"servicetype":"Non AC/Ordinary","centerlat":13.01857,"centerlong":77.555077,"eta":"","sch_arrivaltime":"06:47","sch_departuretime":"06:47","actual_arrivaltime":"","actual_departuretime":"","sch_tripstarttime":"06:11","sch_tripendtime":"06:11","lastlocationid":0,"currentlocationid":21288,"nextlocationid":0,"currentstop":null,"nextstop":null,"laststop":null,"stopCoveredStatus":0,"heading":185,"lastrefreshon":"06-11-2024 21:28:45","lastreceiveddatetimeflag":0,"tripposition":3}]},{"routeid":4254,"stationid":21114,"stationname":"Rajagopalanagara","from":"Kempegowda Bus Station","to":"Kempegowda Bus Station","routeno":"265-A","distance_on_station":2.863,"centerlat":13.01368,"centerlong":77.50881,"responsecode":200,"isnotify":0,"vehicleDetails":[{"vehicleid":21276,"vehiclenumber":"KA57F2334","servicetypeid":72,"servicetype":"Non AC/Ordinary","centerlat":13.01857,"centerlong":77.555077,"eta":"","sch_arrivaltime":"06:48","sch_departuretime":"06:48","actual_arrivaltime":"","actual_departuretime":"","sch_tripstarttime":"06:11","sch_tripendtime":"06:11","lastlocationid":0,"currentlocationid":21288,"nextlocationid":0,"currentstop":null,"nextstop":null,"laststop":null,"stopCoveredStatus":0,"heading":185,"lastrefreshon":"06-11-2024 21:28:45","lastreceiveddatetimeflag":0,"tripposition":3}]},{"routeid":4254,"stationid":21081,"stationname":"Peenya 2nd stage","from":"Kempegowda Bus Station","to":"Kempegowda Bus Station","routeno":"265-A","distance_on_station":2.973,"centerlat":13.01094,"centerlong":77.50694,"responsecode":200,"isnotify":0,"vehicleDetails":[{"vehicleid":21276,"vehiclenumber":"KA57F2334","servicetypeid":72,"servicetype":"Non AC/Ordinary","centerlat":13.01857,"centerlong":77.555077,"eta":"","sch_arrivaltime":"06:49","sch_departuretime":"06:49","actual_arrivaltime":"","actual_departuretime":"","sch_tripstarttime":"06:11","sch_tripendtime":"06:11","lastlocationid":0,"currentlocationid":21288,"nextlocationid":0,"currentstop":null,"nextstop":null,"laststop":null,"stopCoveredStatus":0,"heading":185,"lastrefreshon":"06-11-2024 21:28:45","lastreceiveddatetimeflag":0,"tripposition":3}]},{"routeid":4254,"stationid":21023,"stationname":"Milk Dairy Hegganahalli","from":"Kempegowda Bus Station","to":"Kempegowda Bus Station","routeno":"265-A","distance_on_station":3.101,"centerlat":13.00745,"centerlong":77.50553,"responsecode":200,"isnotify":0,"vehicleDetails":[{"vehicleid":21276,"vehiclenumber":"KA57F2334","servicetypeid":72,"servicetype":"Non AC/Ordinary","centerlat":13.01857,"centerlong":77.555077,"eta":"","sch_arrivaltime":"06:50","sch_departuretime":"06:50","actual_arrivaltime":"","actual_departuretime":"","sch_tripstarttime":"06:11","sch_tripendtime":"06:11","lastlocationid":0,"currentlocationid":21288,"nextlocationid":0,"currentstop":null,"nextstop":null,"laststop":null,"stopCoveredStatus":0,"heading":185,"lastrefreshon":"06-11-2024 21:28:45","lastreceiveddatetimeflag":0,"tripposition":3}]},{"routeid":4254,"stationid":20825,"stationname":"Hegganahalli","from":"Kempegowda Bus Station","to":"Kempegowda Bus Station","routeno":"265-A","distance_on_station":3.232,"centerlat":13.0037,"centerlong":77.5046,"responsecode":200,"isnotify":0,"vehicleDetails":[{"vehicleid":21276,"vehiclenumber":"KA57F2334","servicetypeid":72,"servicetype":"Non AC/Ordinary","centerlat":13.01857,"centerlong":77.555077,"eta":"","sch_arrivaltime":"06:51","sch_departuretime":"06:51","actual_arrivaltime":"","actual_departuretime":"","sch_tripstarttime":"06:11","sch_tripendtime":"06:11","lastlocationid":0,"currentlocationid":21288,"nextlocationid":0,"currentstop":null,"nextstop":null,"laststop":null,"stopCoveredStatus":0,"heading":185,"lastrefreshon":"06-11-2024 21:28:45","lastreceiveddatetimeflag":0,"tripposition":3}]},{"routeid":4254,"stationid":20826,"stationname":"Hegganahalli Cross","from":"Kempegowda Bus Station","to":"Kempegowda Bus Station","routeno":"265-A","distance_on_station":3.376,"centerlat":12.99974,"centerlong":77.50404,"responsecode":200,"isnotify":0,"vehicleDetails":[{"vehicleid":21276,"vehiclenumber":"KA57F2334","servicetypeid":72,"servicetype":"Non AC/Ordinary","centerlat":13.01857,"centerlong":77.555077,"eta":"","sch_arrivaltime":"06:52","sch_departuretime":"06:52","actual_arrivaltime":"","actual_departuretime":"","sch_tripstarttime":"06:11","sch_tripendtime":"06:11","lastlocationid":0,"currentlocationid":21288,"nextlocationid":0,"currentstop":null,"nextstop":null,"laststop":null,"stopCoveredStatus":0,"heading":185,"lastrefreshon":"06-11-2024 21:28:45","lastreceiveddatetimeflag":0,"tripposition":3}]},{"routeid":4254,"stationid":21054,"stationname":"Neelagiri Thopu","from":"Kempegowda Bus Station","to":"Kempegowda Bus Station","routeno":"265-A","distance_on_station":3.531,"centerlat":12.99578,"centerlong":77.50253,"responsecode":200,"isnotify":0,"vehicleDetails":[{"vehicleid":21276,"vehiclenumber":"KA57F2334","servicetypeid":72,"servicetype":"Non AC/Ordinary","centerlat":13.01857,"centerlong":77.555077,"eta":"","sch_arrivaltime":"06:54","sch_departuretime":"06:54","actual_arrivaltime":"","actual_departuretime":"","sch_tripstarttime":"06:11","sch_tripendtime":"06:11","lastlocationid":0,"currentlocationid":21288,"nextlocationid":0,"currentstop":null,"nextstop":null,"laststop":null,"stopCoveredStatus":0,"heading":185,"lastrefreshon":"06-11-2024 21:28:45","lastreceiveddatetimeflag":0,"tripposition":3}]},{"routeid":4254,"stationid":21000,"stationname":"Maramma Temple Hegganahalli","from":"Kempegowda Bus Station","to":"Kempegowda Bus Station","routeno":"265-A","distance_on_station":3.62,"centerlat":12.99462,"centerlong":77.5043,"responsecode":200,"isnotify":0,"vehicleDetails":[{"vehicleid":21276,"vehiclenumber":"KA57F2334","servicetypeid":72,"servicetype":"Non AC/Ordinary","centerlat":13.01857,"centerlong":77.555077,"eta":"","sch_arrivaltime":"06:55","sch_departuretime":"06:55","actual_arrivaltime":"","actual_departuretime":"","sch_tripstarttime":"06:11","sch_tripendtime":"06:11","lastlocationid":0,"currentlocationid":21288,"nextlocationid":0,"currentstop":null,"nextstop":null,"laststop":null,"stopCoveredStatus":0,"heading":185,"lastrefreshon":"06-11-2024 21:28:45","lastreceiveddatetimeflag":0,"tripposition":3}]},{"routeid":4254,"stationid":20609,"stationname":"Aralimara Sunkadakatte","from":"Kempegowda Bus Station","to":"Kempegowda Bus Station","routeno":"265-A","distance_on_station":3.711,"centerlat":12.99209,"centerlong":77.50467,"responsecode":200,"isnotify":0,"vehicleDetails":[{"vehicleid":21276,"vehiclenumber":"KA57F2334","servicetypeid":72,"servicetype":"Non AC/Ordinary","centerlat":13.01857,"centerlong":77.555077,"eta":"","sch_arrivaltime":"06:56","sch_departuretime":"06:56","actual_arrivaltime":"","actual_departuretime":"","sch_tripstarttime":"06:11","sch_tripendtime":"06:11","lastlocationid":0,"currentlocationid":21288,"nextlocationid":0,"currentstop":null,"nextstop":null,"laststop":null,"stopCoveredStatus":0,"heading":185,"lastrefreshon":"06-11-2024 21:28:45","lastreceiveddatetimeflag":0,"tripposition":3}]},{"routeid":4254,"stationid":21205,"stationname":"Sunkadakatte","from":"Kempegowda Bus Station","to":"Kempegowda Bus Station","routeno":"265-A","distance_on_station":3.824,"centerlat":12.98946,"centerlong":77.50638,"responsecode":200,"isnotify":0,"vehicleDetails":[{"vehicleid":21276,"vehiclenumber":"KA57F2334","servicetypeid":72,"servicetype":"Non AC/Ordinary","centerlat":13.01857,"centerlong":77.555077,"eta":"","sch_arrivaltime":"06:57","sch_departuretime":"06:57","actual_arrivaltime":"","actual_departuretime":"","sch_tripstarttime":"06:11","sch_tripendtime":"06:11","lastlocationid":0,"currentlocationid":21288,"nextlocationid":0,"currentstop":null,"nextstop":null,"laststop":null,"stopCoveredStatus":0,"heading":185,"lastrefreshon":"06-11-2024 21:28:45","lastreceiveddatetimeflag":0,"tripposition":3}]},{"routeid":4254,"stationid":20936,"stationname":"Kottigepalya","from":"Kempegowda Bus Station","to":"Kempegowda Bus Station","routeno":"265-A","distance_on_station":4.092,"centerlat":12.98786,"centerlong":77.51405,"responsecode":200,"isnotify":0,"vehicleDetails":[{"vehicleid":21276,"vehiclenumber":"KA57F2334","servicetypeid":72,"servicetype":"Non AC/Ordinary","centerlat":13.01857,"centerlong":77.555077,"eta":"","sch_arrivaltime":"06:59","sch_departuretime":"06:59","actual_arrivaltime":"","actual_departuretime":"","sch_tripstarttime":"06:11","sch_tripendtime":"06:11","lastlocationid":0,"currentlocationid":21288,"nextlocationid":0,"currentstop":null,"nextstop":null,"laststop":null,"stopCoveredStatus":0,"heading":185,"lastrefreshon":"06-11-2024 21:28:45","lastreceiveddatetimeflag":0,"tripposition":3}]},{"routeid":4254,"stationid":21203,"stationname":"Summanahalli","from":"Kempegowda Bus Station","to":"Kempegowda Bus Station","routeno":"265-A","distance_on_station":4.327,"centerlat":12.98682,"centerlong":77.52077,"responsecode":200,"isnotify":0,"vehicleDetails":[{"vehicleid":21276,"vehiclenumber":"KA57F2334","servicetypeid":72,"servicetype":"Non AC/Ordinary","centerlat":13.01857,"centerlong":77.555077,"eta":"","sch_arrivaltime":"07:01","sch_departuretime":"07:01","actual_arrivaltime":"","actual_departuretime":"","sch_tripstarttime":"06:11","sch_tripendtime":"06:11","lastlocationid":0,"currentlocationid":21288,"nextlocationid":0,"currentstop":null,"nextstop":null,"laststop":null,"stopCoveredStatus":0,"heading":185,"lastrefreshon":"06-11-2024 21:28:45","lastreceiveddatetimeflag":0,"tripposition":3}]},{"routeid":4254,"stationid":20905,"stationname":"Kamakshipalya","from":"Kempegowda Bus Station","to":"Kempegowda Bus Station","routeno":"265-A","distance_on_station":4.662,"centerlat":12.98385,"centerlong":77.52924,"responsecode":200,"isnotify":0,"vehicleDetails":[{"vehicleid":21276,"vehiclenumber":"KA57F2334","servicetypeid":72,"servicetype":"Non AC/Ordinary","centerlat":13.01857,"centerlong":77.555077,"eta":"","sch_arrivaltime":"07:03","sch_departuretime":"07:03","actual_arrivaltime":"","actual_departuretime":"","sch_tripstarttime":"06:11","sch_tripendtime":"06:11","lastlocationid":0,"currentlocationid":21288,"nextlocationid":0,"currentstop":null,"nextstop":null,"laststop":null,"stopCoveredStatus":0,"heading":185,"lastrefreshon":"06-11-2024 21:28:45","lastreceiveddatetimeflag":0,"tripposition":3}]},{"routeid":4254,"stationid":20929,"stationname":"KHB Colony","from":"Kempegowda Bus Station","to":"Kempegowda Bus Station","routeno":"265-A","distance_on_station":4.888,"centerlat":12.98142,"centerlong":77.53525,"responsecode":200,"isnotify":0,"vehicleDetails":[{"vehicleid":21276,"vehiclenumber":"KA57F2334","servicetypeid":72,"servicetype":"Non AC/Ordinary","centerlat":13.01857,"centerlong":77.555077,"eta":"","sch_arrivaltime":"07:04","sch_departuretime":"07:04","actual_arrivaltime":"","actual_departuretime":"","sch_tripstarttime":"06:11","sch_tripendtime":"06:11","lastlocationid":0,"currentlocationid":21288,"nextlocationid":0,"currentstop":null,"nextstop":null,"laststop":null,"stopCoveredStatus":0,"heading":185,"lastrefreshon":"06-11-2024 21:28:45","lastreceiveddatetimeflag":0,"tripposition":3}]},{"routeid":4254,"stationid":20599,"stationname":"Agrahara Dasarahalli","from":"Kempegowda Bus Station","to":"Kempegowda Bus Station","routeno":"265-A","distance_on_station":5.159,"centerlat":12.97853,"centerlong":77.54293,"responsecode":200,"isnotify":0,"vehicleDetails":[{"vehicleid":21276,"vehiclenumber":"KA57F2334","servicetypeid":72,"servicetype":"Non AC/Ordinary","centerlat":13.01857,"centerlong":77.555077,"eta":"","sch_arrivaltime":"07:06","sch_departuretime":"07:06","actual_arrivaltime":"","actual_departuretime":"","sch_tripstarttime":"06:11","sch_tripendtime":"06:11","lastlocationid":0,"currentlocationid":21288,"nextlocationid":0,"currentstop":null,"nextstop":null,"laststop":null,"stopCoveredStatus":0,"heading":185,"lastrefreshon":"06-11-2024 21:28:45","lastreceiveddatetimeflag":0,"tripposition":3}]},{"routeid":4254,"stationid":20976,"stationname":"Magadi Road TollGate","from":"Kempegowda Bus Station","to":"Kempegowda Bus Station","routeno":"265-A","distance_on_station":5.41,"centerlat":12.97459,"centerlong":77.54897,"responsecode":200,"isnotify":0,"vehicleDetails":[{"vehicleid":21276,"vehiclenumber":"KA57F2334","servicetypeid":72,"servicetype":"Non AC/Ordinary","centerlat":13.01857,"centerlong":77.555077,"eta":"","sch_arrivaltime":"07:08","sch_departuretime":"07:08","actual_arrivaltime":"","actual_departuretime":"","sch_tripstarttime":"06:11","sch_tripendtime":"06:11","lastlocationid":0,"currentlocationid":21288,"nextlocationid":0,"currentstop":null,"nextstop":null,"laststop":null,"stopCoveredStatus":0,"heading":185,"lastrefreshon":"06-11-2024 21:28:45","lastreceiveddatetimeflag":0,"tripposition":3}]},{"routeid":4254,"stationid":21102,"stationname":"Prasanna Theatre","from":"Kempegowda Bus Station","to":"Kempegowda Bus Station","routeno":"265-A","distance_on_station":5.568,"centerlat":12.97542,"centerlong":77.55288,"responsecode":200,"isnotify":0,"vehicleDetails":[{"vehicleid":21276,"vehiclenumber":"KA57F2334","servicetypeid":72,"servicetype":"Non AC/Ordinary","centerlat":13.01857,"centerlong":77.555077,"eta":"","sch_arrivaltime":"07:09","sch_departuretime":"07:09","actual_arrivaltime":"","actual_departuretime":"","sch_tripstarttime":"06:11","sch_tripendtime":"06:11","lastlocationid":0,"currentlocationid":21288,"nextlocationid":0,"currentstop":null,"nextstop":null,"laststop":null,"stopCoveredStatus":0,"heading":185,"lastrefreshon":"06-11-2024 21:28:45","lastreceiveddatetimeflag":0,"tripposition":3}]},{"routeid":4254,"stationid":38800,"stationname":"Magadi Road Metro Station","from":"Kempegowda Bus Station","to":"Kempegowda Bus Station","routeno":"265-A","distance_on_station":5.632,"centerlat":12.97562,"centerlong":77.55479,"responsecode":200,"isnotify":0,"vehicleDetails":[{"vehicleid":21276,"vehiclenumber":"KA57F2334","servicetypeid":72,"servicetype":"Non AC/Ordinary","centerlat":13.01857,"centerlong":77.555077,"eta":"","sch_arrivaltime":"07:10","sch_departuretime":"07:10","actual_arrivaltime":"","actual_departuretime":"","sch_tripstarttime":"06:11","sch_tripendtime":"06:11","lastlocationid":0,"currentlocationid":21288,"nextlocationid":0,"currentstop":null,"nextstop":null,"laststop":null,"stopCoveredStatus":0,"heading":185,"lastrefreshon":"06-11-2024 21:28:45","lastreceiveddatetimeflag":0,"tripposition":3}]},{"routeid":4254,"stationid":20559,"stationname":"10th Cross Magadi Road","from":"Kempegowda Bus Station","to":"Kempegowda Bus Station","routeno":"265-A","distance_on_station":5.708,"centerlat":12.97574,"centerlong":77.55706,"responsecode":200,"isnotify":0,"vehicleDetails":[{"vehicleid":21276,"vehiclenumber":"KA57F2334","servicetypeid":72,"servicetype":"Non AC/Ordinary","centerlat":13.01857,"centerlong":77.555077,"eta":"","sch_arrivaltime":"07:11","sch_departuretime":"07:11","actual_arrivaltime":"","actual_departuretime":"","sch_tripstarttime":"06:11","sch_tripendtime":"06:11","lastlocationid":0,"currentlocationid":21288,"nextlocationid":0,"currentstop":null,"nextstop":null,"laststop":null,"stopCoveredStatus":0,"heading":185,"lastrefreshon":"06-11-2024 21:28:45","lastreceiveddatetimeflag":0,"tripposition":3}]},{"routeid":4254,"stationid":20585,"stationname":"5th Cross Magadi Road","from":"Kempegowda Bus Station","to":"Kempegowda Bus Station","routeno":"265-A","distance_on_station":5.83,"centerlat":12.97578,"centerlong":77.56071,"responsecode":200,"isnotify":0,"vehicleDetails":[{"vehicleid":21276,"vehiclenumber":"KA57F2334","servicetypeid":72,"servicetype":"Non AC/Ordinary","centerlat":13.01857,"centerlong":77.555077,"eta":"","sch_arrivaltime":"07:12","sch_departuretime":"07:12","actual_arrivaltime":"","actual_departuretime":"","sch_tripstarttime":"06:11","sch_tripendtime":"06:11","lastlocationid":0,"currentlocationid":21288,"nextlocationid":0,"currentstop":null,"nextstop":null,"laststop":null,"stopCoveredStatus":0,"heading":185,"lastrefreshon":"06-11-2024 21:28:45","lastreceiveddatetimeflag":0,"tripposition":3}]},{"routeid":4254,"stationid":20578,"stationname":"1st Cross Magadi Road","from":"Kempegowda Bus Station","to":"Kempegowda Bus Station","routeno":"265-A","distance_on_station":5.897,"centerlat":12.97569,"centerlong":77.5628,"responsecode":200,"isnotify":0,"vehicleDetails":[{"vehicleid":21276,"vehiclenumber":"KA57F2334","servicetypeid":72,"servicetype":"Non AC/Ordinary","centerlat":13.01857,"centerlong":77.555077,"eta":"","sch_arrivaltime":"07:13","sch_departuretime":"07:13","actual_arrivaltime":"","actual_departuretime":"","sch_tripstarttime":"06:11","sch_tripendtime":"06:11","lastlocationid":0,"currentlocationid":21288,"nextlocationid":0,"currentstop":null,"nextstop":null,"laststop":null,"stopCoveredStatus":0,"heading":185,"lastrefreshon":"06-11-2024 21:28:45","lastreceiveddatetimeflag":0,"tripposition":3}]},{"routeid":4254,"stationid":21026,"stationname":"Minerva Mill","from":"Kempegowda Bus Station","to":"Kempegowda Bus Station","routeno":"265-A","distance_on_station":6.077,"centerlat":12.97945,"centerlong":77.56435,"responsecode":200,"isnotify":0,"vehicleDetails":[{"vehicleid":21276,"vehiclenumber":"KA57F2334","servicetypeid":72,"servicetype":"Non AC/Ordinary","centerlat":13.01857,"centerlong":77.555077,"eta":"","sch_arrivaltime":"07:14","sch_departuretime":"07:14","actual_arrivaltime":"","actual_departuretime":"","sch_tripstarttime":"06:11","sch_tripendtime":"06:11","lastlocationid":0,"currentlocationid":21288,"nextlocationid":0,"currentstop":null,"nextstop":null,"laststop":null,"stopCoveredStatus":0,"heading":185,"lastrefreshon":"06-11-2024 21:28:45","lastreceiveddatetimeflag":0,"tripposition":3}]},{"routeid":4254,"stationid":21071,"stationname":"Okalipura","from":"Kempegowda Bus Station","to":"Kempegowda Bus Station","routeno":"265-A","distance_on_station":6.303,"centerlat":12.98267,"centerlong":77.56837,"responsecode":200,"isnotify":0,"vehicleDetails":[{"vehicleid":21276,"vehiclenumber":"KA57F2334","servicetypeid":72,"servicetype":"Non AC/Ordinary","centerlat":13.01857,"centerlong":77.555077,"eta":"","sch_arrivaltime":"07:15","sch_departuretime":"07:15","actual_arrivaltime":"","actual_departuretime":"","sch_tripstarttime":"06:11","sch_tripendtime":"06:11","lastlocationid":0,"currentlocationid":21288,"nextlocationid":0,"currentstop":null,"nextstop":null,"laststop":null,"stopCoveredStatus":0,"heading":185,"lastrefreshon":"06-11-2024 21:28:45","lastreceiveddatetimeflag":0,"tripposition":3}]},{"routeid":4254,"stationid":20922,"stationname":"Kempegowda Bus Station","from":"Kempegowda Bus Station","to":"Kempegowda Bus Station","routeno":"265-A","distance_on_station":6.8,"centerlat":12.97749,"centerlong":77.57327,"responsecode":200,"isnotify":0,"vehicleDetails":[{"vehicleid":21276,"vehiclenumber":"KA57F2334","servicetypeid":72,"servicetype":"Non AC/Ordinary","centerlat":13.01857,"centerlong":77.555077,"eta":"","sch_arrivaltime":"07:20","sch_departuretime":"07:20","actual_arrivaltime":"","actual_departuretime":"","sch_tripstarttime":"06:11","sch_tripendtime":"06:11","lastlocationid":0,"currentlocationid":21288,"nextlocationid":0,"currentstop":null,"nextstop":null,"laststop":null,"stopCoveredStatus":0,"heading":185,"lastrefreshon":"06-11-2024 21:28:45","lastreceiveddatetimeflag":0,"tripposition":3}]}],"mapData":[{"vehicleid":21276,"vehiclenumber":"KA57F2334","servicetypeid":72,"servicetype":"Non AC/Ordinary","centerlat":13.01857,"centerlong":77.555077,"eta":"","sch_arrivaltime":"07:20","sch_departuretime":"07:20","actual_arrivaltime":"","actual_departuretime":"","sch_tripstarttime":"06:11","sch_tripendtime":"06:11","lastlocationid":0,"currentlocationid":21288,"nextlocationid":0,"currentstop":null,"nextstop":null,"laststop":null,"stopCoveredStatus":0,"heading":185,"lastrefreshon":"06-11-2024 21:28:45","lastreceiveddatetimeflag":0,"tripposition":3}]},"down":{"data":[],"mapData":[]},"message":"Success","issuccess":true,"exception":null,"rowCount":0,"responsecode":200}