{"up":{"data":[{"routeid":4254,"stationid":20921,"stationname":"Kempegowda Bus Station","from":"Kempegowda Bus Station","to":"Kempegowda Bus Station","routeno":"265-A","distance_on_station":0,"centerlat":12.97751,"centerlong":77.57141,"responsecode":200,"isnotify":0,"vehicleDetails":[{"vehicleid":21232,"vehiclenumber":"KA53F0090","servicetypeid":72,"servicetype":"Non AC/Ordinary","centerlat":13.019794,"centerlong":77.499763,"eta":"","sch_arrivaltime":"09:45","sch_departuretime":"09:45","actual_arrivaltime":"","actual_departuretime":"","sch_tripstarttime":"09:45","sch_tripendtime":"09:45","lastlocationid":0,"currentlocationid":20567,"nextlocationid":0,"currentstop":null,"nextstop":null,"laststop":null,"stopCoveredStatus":0,"heading":93,"lastrefreshon":"28-07-2024 21:27:09","lastreceiveddatetimeflag":1,"tripposition":1}]},{"routeid":4254,"stationid":20603,"stationname":"Ananda Rao Circle","from":"Kempegowda Bus Station","to":"Kempegowda Bus Station","routeno":"265-A","distance_on_station":0.788,"centerlat":12.98115,"centerlong":77.57466,"responsecode":200,"isnotify":0,"vehicleDetails":[{"vehicleid":21232,"vehiclenumber":"KA53F0090","servicetypeid":72,"servicetype":"Non AC/Ordinary","centerlat":13.019794,"centerlong":77.499763,"eta":"","sch_arrivaltime":"09:48","sch_departuretime":"09:48","actual_arrivaltime":"","actual_departuretime":"","sch_tripstarttime":"09:45","sch_tripendtime":"09:45","lastlocationid":0,"currentlocationid":20567,"nextlocationid":0,"currentstop":null,"nextstop":null,"laststop":null,"stopCoveredStatus":0,"heading":93,"lastrefreshon":"28-07-2024 21:27:09","lastreceiveddatetimeflag":1,"tripposition":3}]},{"routeid":4254,"stationid":20702,"stationname":"Central","from":"Kempegowda Bus Station","to":"Kempegowda Bus Station","routeno":"265-A","distance_on_station":1.976,"centerlat":12.99006,"centerlong":77.57199,"responsecode":200,"isnotify":0,"vehicleDetails":[{"vehicleid":21232,"vehiclenumber":"KA53F0090","servicetypeid":72,"servicetype":"Non AC/Ordinary","centerlat":13.019794,"centerlong":77.499763,"eta":"","sch_arrivaltime":"09:51","sch_departuretime":"09:51","actual_arrivaltime":"","actual_departuretime":"","sch_tripstarttime":"09:45","sch_tripendtime":"09:45","lastlocationid":0,"currentlocationid":20567,"nextlocationid":0,"currentstop":null,"nextstop":null,"laststop":null,"stopCoveredStatus":0,"heading":93,"lastrefreshon":"28-07-2024 21:27:09","lastreceiveddatetimeflag":1,"tripposition":3}]},{"routeid":4254,"stationid":20988,"stationname":"Malleshwara Circle","from":"Kempegowda Bus Station","to":"Kempegowda Bus Station","routeno":"265-A","distance_on_station":2.89,"centerlat":12.99782,"centerlong":77.5714,"responsecode":200,"isnotify":0,"vehicleDetails":[{"vehicleid":21232,"vehiclenumber":"KA53F0090","servicetypeid":72,"servicetype":"Non AC/Ordinary","centerlat":13.019794,"centerlong":77.499763,"eta":"","sch_arrivaltime":"09:53","sch_departuretime":"09:53","actual_arrivaltime":"","actual_departuretime":"","sch_tripstarttime":"09:45","sch_tripendtime":"09:45","lastlocationid":0,"currentlocationid":20567,"nextlocationid":0,"currentstop":null,"nextstop":null,"laststop":null,"stopCoveredStatus":0,"heading":93,"lastrefreshon":"28-07-2024 21:27:09","lastreceiveddatetimeflag":1,"tripposition":3}]},{"routeid":4254,"stationid":20590,"stationname":"Malleshwara 8th Cross (Sampige Road)","from":"Kempegowda Bus Station","to":"Kempegowda Bus Station","routeno":"265-A","distance_on_station":3.153,"centerlat":13.00009,"centerlong":77.57131,"responsecode":200,"isnotify":0,"vehicleDetails":[{"vehicleid":21232,"vehiclenumber":"KA53F0090","servicetypeid":72,"servicetype":"Non AC/Ordinary","centerlat":13.019794,"centerlong":77.499763,"eta":"","sch_arrivaltime":"09:54","sch_departuretime":"09:54","actual_arrivaltime":"","actual_departuretime":"","sch_tripstarttime":"09:45","sch_tripendtime":"09:45","lastlocationid":0,"currentlocationid":20567,"nextlocationid":0,"currentstop":null,"nextstop":null,"laststop":null,"stopCoveredStatus":0,"heading":93,"lastrefreshon":"28-07-2024 21:27:09","lastreceiveddatetimeflag":1,"tripposition":3}]},{"routeid":4254,"stationid":20561,"stationname":"Malleshwara 11th Cross","from":"Kempegowda Bus Station","to":"Kempegowda Bus Station","routeno":"265-A","distance_on_station":3.416,"centerlat":13.00233,"centerlong":77.57133,"responsecode":200,"isnotify":0,"vehicleDetails":[{"vehicleid":21232,"vehiclenumber":"KA53F0090","servicetypeid":72,"servicetype":"Non AC/Ordinary","centerlat":13.019794,"centerlong":77.499763,"eta":"","sch_arrivaltime":"09:55","sch_departuretime":"09:55","actual_arrivaltime":"","actual_departuretime":"","sch_tripstarttime":"09:45","sch_tripendtime":"09:45","lastlocationid":0,"currentlocationid":20567,"nextlocationid":0,"currentstop":null,"nextstop":null,"laststop":null,"stopCoveredStatus":0,"heading":93,"lastrefreshon":"28-07-2024 21:27:09","lastreceiveddatetimeflag":1,"tripposition":3}]},{"routeid":4254,"stationid":20574,"stationname":"Malleshwara 18th Cross","from":"Kempegowda Bus Station","to":"Kempegowda Bus Station","routeno":"265-A","distance_on_station":4.204,"centerlat":13.00906,"centerlong":77.57112,"responsecode":200,"isnotify":0,"vehicleDetails":[{"vehicleid":21232,"vehiclenumber":"KA53F0090","servicetypeid":72,"servicetype":"Non AC/Ordinary","centerlat":13.019794,"centerlong":77.499763,"eta":"","sch_arrivaltime":"09:57","sch_departuretime":"09:57","actual_arrivaltime":"","actual_departuretime":"","sch_tripstarttime":"09:45","sch_tripendtime":"09:45","lastlocationid":0,"currentlocationid":20567,"nextlocationid":0,"currentstop":null,"nextstop":null,"laststop":null,"stopCoveredStatus":0,"heading":93,"lastrefreshon":"28-07-2024 21:27:09","lastreceiveddatetimeflag":1,"tripposition":3}]},{"routeid":4254,"stationid":21213,"stationname":"Tata Institute","from":"Kempegowda Bus Station","to":"Kempegowda Bus Station","routeno":"265-A","distance_on_station":5.328,"centerlat":13.01514,"centerlong":77.56382,"responsecode":200,"isnotify":0,"vehicleDetails":[{"vehicleid":21232,"vehiclenumber":"KA53F0090","servicetypeid":72,"servicetype":"Non AC/Ordinary","centerlat":13.019794,"centerlong":77.499763,"eta":"","sch_arrivaltime":"09:59","sch_departuretime":"09:59","actual_arrivaltime":"","actual_departuretime":"","sch_tripstarttime":"09:45","sch_tripendtime":"09:45","lastlocationid":0,"currentlocationid":20567,"nextlocationid":0,"currentstop":null,"nextstop":null,"laststop":null,"stopCoveredStatus":0,"heading":93,"lastrefreshon":"28-07-2024 21:27:09","lastreceiveddatetimeflag":1,"tripposition":3}]},{"routeid":4254,"stationid":21288,"stationname":"Yeshawanthapura Bus Station","from":"Kempegowda Bus Station","to":"Kempegowda Bus Station","routeno":"265-A","distance_on_station":6.264,"centerlat":13.01801,"centerlong":77.55662,"responsecode":200,"isnotify":0,"vehicleDetails":[{"vehicleid":21232,"vehiclenumber":"KA53F0090","servicetypeid":72,"servicetype":"Non AC/Ordinary","centerlat":13.019794,"centerlong":77.499763,"eta":"","sch_arrivaltime":"10:03","sch_departuretime":"10:03","actual_arrivaltime":"","actual_departuretime":"","sch_tripstarttime":"09:45","sch_tripendtime":"09:45","lastlocationid":0,"currentlocationid":20567,"nextlocationid":0,"currentstop":null,"nextstop":null,"laststop":null,"stopCoveredStatus":0,"heading":93,"lastrefreshon":"28-07-2024 21:27:09","lastreceiveddatetimeflag":1,"tripposition":3}]},{"routeid":4254,"stationid":20791,"stationname":"Govardhan Talkies","from":"Kempegowda Bus Station","to":"Kempegowda Bus Station","routeno":"265-A","distance_on_station":7.367,"centerlat":13.02,"centerlong":77.55274,"responsecode":200,"isnotify":0,"vehicleDetails":[{"vehicleid":21232,"vehiclenumber":"KA53F0090","servicetypeid":72,"servicetype":"Non AC/Ordinary","centerlat":13.019794,"centerlong":77.499763,"eta":"","sch_arrivaltime":"10:07","sch_departuretime":"10:07","actual_arrivaltime":"","actual_departuretime":"","sch_tripstarttime":"09:45","sch_tripendtime":"09:45","lastlocationid":0,"currentlocationid":20567,"nextlocationid":0,"currentstop":null,"nextstop":null,"laststop":null,"stopCoveredStatus":0,"heading":93,"lastrefreshon":"28-07-2024 21:27:09","lastreceiveddatetimeflag":1,"tripposition":3}]},{"routeid":4254,"stationid":21131,"stationname":"RMC Yard (Yashawanthapura New Railway Station)","from":"Kempegowda Bus Station","to":"Kempegowda Bus Station","routeno":"265-A","distance_on_station":8.008,"centerlat":13.02366,"centerlong":77.54877,"responsecode":200,"isnotify":0,"vehicleDetails":[{"vehicleid":21232,"vehiclenumber":"KA53F0090","servicetypeid":72,"servicetype":"Non AC/Ordinary","centerlat":13.019794,"centerlong":77.499763,"eta":"","sch_arrivaltime":"10:08","sch_departuretime":"10:08","actual_arrivaltime":"","actual_departuretime":"","sch_tripstarttime":"09:45","sch_tripendtime":"09:45","lastlocationid":0,"currentlocationid":20567,"nextlocationid":0,"currentstop":null,"nextstop":null,"laststop":null,"stopCoveredStatus":0,"heading":93,"lastrefreshon":"28-07-2024 21:27:09","lastreceiveddatetimeflag":1,"tripposition":3}]},{"routeid":4254,"stationid":21016,"stationname":"MEI Factory","from":"Kempegowda Bus Station","to":"Kempegowda Bus Station","routeno":"265-A","distance_on_station":8.639,"centerlat":13.0264,"centerlong":77.54402,"responsecode":200,"isnotify":0,"vehicleDetails":[{"vehicleid":21232,"vehiclenumber":"KA53F0090","servicetypeid":72,"servicetype":"Non AC/Ordinary","centerlat":13.019794,"centerlong":77.499763,"eta":"","sch_arrivaltime":"10:09","sch_departuretime":"10:09","actual_arrivaltime":"","actual_departuretime":"","sch_tripstarttime":"09:45","sch_tripendtime":"09:45","lastlocationid":0,"currentlocationid":20567,"nextlocationid":0,"currentstop":null,"nextstop":null,"laststop":null,"stopCoveredStatus":0,"heading":93,"lastrefreshon":"28-07-2024 21:27:09","lastreceiveddatetimeflag":1,"tripposition":3}]},{"routeid":4254,"stationid":20790,"stationname":"Goraguntepalya","from":"Kempegowda Bus Station","to":"Kempegowda Bus Station","routeno":"265-A","distance_on_station":9.227,"centerlat":13.02895,"centerlong":77.5395,"responsecode":200,"isnotify":0,"vehicleDetails":[{"vehicleid":21232,"vehiclenumber":"KA53F0090","servicetypeid":72,"servicetype":"Non AC/Ordinary","centerlat":13.019794,"centerlong":77.499763,"eta":"","sch_arrivaltime":"10:10","sch_departuretime":"10:10","actual_arrivaltime":"","actual_departuretime":"","sch_tripstarttime":"09:45","sch_tripendtime":"09:45","lastlocationid":0,"currentlocationid":20567,"nextlocationid":0,"currentstop":null,"nextstop":null,"laststop":null,"stopCoveredStatus":0,"heading":93,"lastrefreshon":"28-07-2024 21:27:09","lastreceiveddatetimeflag":1,"tripposition":3}]},{"routeid":4254,"stationid":20723,"stationname":"CMTI","from":"Kempegowda Bus Station","to":"Kempegowda Bus Station","routeno":"265-A","distance_on_station":9.637,"centerlat":13.0307,"centerlong":77.53641,"responsecode":200,"isnotify":0,"vehicleDetails":[{"vehicleid":21232,"vehiclenumber":"KA53F0090","servicetypeid":72,"servicetype":"Non AC/Ordinary","centerlat":13.019794,"centerlong":77.499763,"eta":"","sch_arrivaltime":"10:11","sch_departuretime":"10:11","actual_arrivaltime":"","actual_departuretime":"","sch_tripstarttime":"09:45","sch_tripendtime":"09:45","lastlocationid":0,"currentlocationid":20567,"nextlocationid":0,"currentstop":null,"nextstop":null,"laststop":null,"stopCoveredStatus":0,"heading":93,"lastrefreshon":"28-07-2024 21:27:09","lastreceiveddatetimeflag":1,"tripposition":3}]},{"routeid":4254,"stationid":21189,"stationname":"SRS Peenya","from":"Kempegowda Bus Station","to":"Kempegowda Bus Station","routeno":"265-A","distance_on_station":10.446,"centerlat":13.03428,"centerlong":77.53032,"responsecode":200,"isnotify":0,"vehicleDetails":[{"vehicleid":21232,"vehiclenumber":"KA53F0090","servicetypeid":72,"servicetype":"Non AC/Ordinary","centerlat":13.019794,"centerlong":77.499763,"eta":"","sch_arrivaltime":"10:12","sch_departuretime":"10:12","actual_arrivaltime":"","actual_departuretime":"","sch_tripstarttime":"09:45","sch_tripendtime":"09:45","lastlocationid":0,"currentlocationid":20567,"nextlocationid":0,"currentstop":null,"nextstop":null,"laststop":null,"stopCoveredStatus":0,"heading":93,"lastrefreshon":"28-07-2024 21:27:09","lastreceiveddatetimeflag":1,"tripposition":3}]},{"routeid":4254,"stationid":21082,"stationname":"Peenya Industry Metro Station","from":"Kempegowda Bus Station","to":"Kempegowda Bus Station","routeno":"265-A","distance_on_station":10.951,"centerlat":13.03556,"centerlong":77.52613,"responsecode":200,"isnotify":0,"vehicleDetails":[{"vehicleid":21232,"vehiclenumber":"KA53F0090","servicetypeid":72,"servicetype":"Non AC/Ordinary","centerlat":13.019794,"centerlong":77.499763,"eta":"","sch_arrivaltime":"10:13","sch_departuretime":"10:13","actual_arrivaltime":"","actual_departuretime":"","sch_tripstarttime":"09:45","sch_tripendtime":"09:45","lastlocationid":0,"currentlocationid":20567,"nextlocationid":0,"currentstop":null,"nextstop":null,"laststop":null,"stopCoveredStatus":0,"heading":93,"lastrefreshon":"28-07-2024 21:27:09","lastreceiveddatetimeflag":1,"tripposition":3}]},{"routeid":4254,"stationid":20870,"stationname":"Jalahalli Cross","from":"Kempegowda Bus Station","to":"Kempegowda Bus Station","routeno":"265-A","distance_on_station":11.97,"centerlat":13.03949,"centerlong":77.51843,"responsecode":200,"isnotify":0,"vehicleDetails":[{"vehicleid":21232,"vehiclenumber":"KA53F0090","servicetypeid":72,"servicetype":"Non AC/Ordinary","centerlat":13.019794,"centerlong":77.499763,"eta":"","sch_arrivaltime":"10:14","sch_departuretime":"10:14","actual_arrivaltime":"","actual_departuretime":"","sch_tripstarttime":"09:45","sch_tripendtime":"09:45","lastlocationid":0,"currentlocationid":20567,"nextlocationid":0,"currentstop":null,"nextstop":null,"laststop":null,"stopCoveredStatus":0,"heading":93,"lastrefreshon":"28-07-2024 21:27:09","lastreceiveddatetimeflag":1,"tripposition":3}]},{"routeid":4254,"stationid":21210,"stationname":"Systems Peenya","from":"Kempegowda Bus Station","to":"Kempegowda Bus Station","routeno":"265-A","distance_on_station":12.496,"centerlat":13.03506,"centerlong":77.51806,"responsecode":200,"isnotify":0,"vehicleDetails":[{"vehicleid":21232,"vehiclenumber":"KA53F0090","servicetypeid":72,"servicetype":"Non AC/Ordinary","centerlat":13.019794,"centerlong":77.499763,"eta":"","sch_arrivaltime":"10:15","sch_departuretime":"10:15","actual_arrivaltime":"","actual_departuretime":"","sch_tripstarttime":"09:45","sch_tripendtime":"09:45","lastlocationid":0,"currentlocationid":20567,"nextlocationid":0,"currentstop":null,"nextstop":null,"laststop":null,"stopCoveredStatus":0,"heading":93,"lastrefreshon":"28-07-2024 21:27:09","lastreceiveddatetimeflag":1,"tripposition":3}]},{"routeid":4254,"stationid":21237,"stationname":"TVS Cross Peenya","from":"Kempegowda Bus Station","to":"Kempegowda Bus Station","routeno":"265-A","distance_on_station":13.337,"centerlat":13.02835,"centerlong":77.51953,"responsecode":200,"isnotify":0,"vehicleDetails":[{"vehicleid":21232,"vehiclenumber":"KA53F0090","servicetypeid":72,"servicetype":"Non AC/Ordinary","centerlat":13.019794,"centerlong":77.499763,"eta":"","sch_arrivaltime":"10:17","sch_departuretime":"10:17","actual_arrivaltime":"","actual_departuretime":"","sch_tripstarttime":"09:45","sch_tripendtime":"09:45","lastlocationid":0,"currentlocationid":20567,"nextlocationid":0,"currentstop":null,"nextstop":null,"laststop":null,"stopCoveredStatus":0,"heading":93,"lastrefreshon":"28-07-2024 21:27:09","lastreceiveddatetimeflag":1,"tripposition":3}]},{"routeid":4254,"stationid":21137,"stationname":"Rolling Mill","from":"Kempegowda Bus Station","to":"Kempegowda Bus Station","routeno":"265-A","distance_on_station":13.915,"centerlat":13.02648,"centerlong":77.51486,"responsecode":200,"isnotify":0,"vehicleDetails":[{"vehicleid":21232,"vehiclenumber":"KA53F0090","servicetypeid":72,"servicetype":"Non AC/Ordinary","centerlat":13.019794,"centerlong":77.499763,"eta":"","sch_arrivaltime":"10:18","sch_departuretime":"10:18","actual_arrivaltime":"","actual_departuretime":"","sch_tripstarttime":"09:45","sch_tripendtime":"09:45","lastlocationid":0,"currentlocationid":20567,"nextlocationid":0,"currentstop":null,"nextstop":null,"laststop":null,"stopCoveredStatus":0,"heading":93,"lastrefreshon":"28-07-2024 21:27:09","lastreceiveddatetimeflag":1,"tripposition":3}]},{"routeid":4254,"stationid":21069,"stationname":"NTTF Peenya","from":"Kempegowda Bus Station","to":"Kempegowda Bus Station","routeno":"265-A","distance_on_station":14.451,"centerlat":13.02443,"centerlong":77.51092,"responsecode":200,"isnotify":0,"vehicleDetails":[{"vehicleid":21232,"vehiclenumber":"KA53F0090","servicetypeid":72,"servicetype":"Non AC/Ordinary","centerlat":13.019794,"centerlong":77.499763,"eta":"","sch_arrivaltime":"10:19","sch_departuretime":"10:19","actual_arrivaltime":"","actual_departuretime":"","sch_tripstarttime":"09:45","sch_tripendtime":"09:45","lastlocationid":0,"currentlocationid":20567,"nextlocationid":0,"currentstop":null,"nextstop":null,"laststop":null,"stopCoveredStatus":0,"heading":93,"lastrefreshon":"28-07-2024 21:27:09","lastreceiveddatetimeflag":1,"tripposition":3}]},{"routeid":4254,"stationid":20685,"stationname":"Brundavana Peenya","from":"Kempegowda Bus Station","to":"Kempegowda Bus Station","routeno":"265-A","distance_on_station":15.018,"centerlat":13.02038,"centerlong":77.50815,"responsecode":200,"isnotify":0,"vehicleDetails":[{"vehicleid":21232,"vehiclenumber":"KA53F0090","servicetypeid":72,"servicetype":"Non AC/Ordinary","centerlat":13.019794,"centerlong":77.499763,"eta":"","sch_arrivaltime":"10:20","sch_departuretime":"10:20","actual_arrivaltime":"","actual_departuretime":"","sch_tripstarttime":"09:45","sch_tripendtime":"09:45","lastlocationid":0,"currentlocationid":20567,"nextlocationid":0,"currentstop":null,"nextstop":null,"laststop":null,"stopCoveredStatus":0,"heading":93,"lastrefreshon":"28-07-2024 21:27:09","lastreceiveddatetimeflag":1,"tripposition":3}]},{"routeid":4254,"stationid":20567,"stationname":"Peenya 14th cross","from":"Kempegowda Bus Station","to":"Kempegowda Bus Station","routeno":"265-A","distance_on_station":15.586,"centerlat":13.01646,"centerlong":77.50566,"responsecode":200,"isnotify":0,"vehicleDetails":[{"vehicleid":21232,"vehiclenumber":"KA53F0090","servicetypeid":72,"servicetype":"Non AC/Ordinary","centerlat":13.019794,"centerlong":77.499763,"eta":"","sch_arrivaltime":"10:21","sch_departuretime":"10:21","actual_arrivaltime":"","actual_departuretime":"","sch_tripstarttime":"09:45","sch_tripendtime":"09:45","lastlocationid":0,"currentlocationid":20567,"nextlocationid":0,"currentstop":null,"nextstop":null,"laststop":null,"stopCoveredStatus":0,"heading":93,"lastrefreshon":"28-07-2024 21:27:09","lastreceiveddatetimeflag":1,"tripposition":3}]},{"routeid":4254,"stationid":21114,"stationname":"Rajagopalanagara","from":"Kempegowda Bus Station","to":"Kempegowda Bus Station","routeno":"265-A","distance_on_station":16.132,"centerlat":13.01368,"centerlong":77.50881,"responsecode":200,"isnotify":0,"vehicleDetails":[{"vehicleid":21232,"vehiclenumber":"KA53F0090","servicetypeid":72,"servicetype":"Non AC/Ordinary","centerlat":13.019794,"centerlong":77.499763,"eta":"","sch_arrivaltime":"10:22","sch_departuretime":"10:22","actual_arrivaltime":"","actual_departuretime":"","sch_tripstarttime":"09:45","sch_tripendtime":"09:45","lastlocationid":0,"currentlocationid":20567,"nextlocationid":0,"currentstop":null,"nextstop":null,"laststop":null,"stopCoveredStatus":0,"heading":93,"lastrefreshon":"28-07-2024 21:27:09","lastreceiveddatetimeflag":1,"tripposition":3}]},{"routeid":4254,"stationid":21081,"stationname":"Peenya 2nd stage","from":"Kempegowda Bus Station","to":"Kempegowda Bus Station","routeno":"265-A","distance_on_station":16.511,"centerlat":13.01094,"centerlong":77.50694,"responsecode":200,"isnotify":0,"vehicleDetails":[{"vehicleid":21232,"vehiclenumber":"KA53F0090","servicetypeid":72,"servicetype":"Non AC/Ordinary","centerlat":13.019794,"centerlong":77.499763,"eta":"","sch_arrivaltime":"10:23","sch_departuretime":"10:23","actual_arrivaltime":"","actual_departuretime":"","sch_tripstarttime":"09:45","sch_tripendtime":"09:45","lastlocationid":0,"currentlocationid":20567,"nextlocationid":0,"currentstop":null,"nextstop":null,"laststop":null,"stopCoveredStatus":0,"heading":93,"lastrefreshon":"28-07-2024 21:27:09","lastreceiveddatetimeflag":1,"tripposition":3}]},{"routeid":4254,"stationid":21023,"stationname":"Milk Dairy Hegganahalli","from":"Kempegowda Bus Station","to":"Kempegowda Bus Station","routeno":"265-A","distance_on_station":16.952,"centerlat":13.00745,"centerlong":77.50553,"responsecode":200,"isnotify":0,"vehicleDetails":[{"vehicleid":21232,"vehiclenumber":"KA53F0090","servicetypeid":72,"servicetype":"Non AC/Ordinary","centerlat":13.019794,"centerlong":77.499763,"eta":"","sch_arrivaltime":"10:24","sch_departuretime":"10:24","actual_arrivaltime":"","actual_departuretime":"","sch_tripstarttime":"09:45","sch_tripendtime":"09:45","lastlocationid":0,"currentlocationid":20567,"nextlocationid":0,"currentstop":null,"nextstop":null,"laststop":null,"stopCoveredStatus":0,"heading":93,"lastrefreshon":"28-07-2024 21:27:09","lastreceiveddatetimeflag":1,"tripposition":3}]},{"routeid":4254,"stationid":20825,"stationname":"Hegganahalli","from":"Kempegowda Bus Station","to":"Kempegowda Bus Station","routeno":"265-A","distance_on_station":17.404,"centerlat":13.0037,"centerlong":77.5046,"responsecode":200,"isnotify":0,"vehicleDetails":[{"vehicleid":21232,"vehiclenumber":"KA53F0090","servicetypeid":72,"servicetype":"Non AC/Ordinary","centerlat":13.019794,"centerlong":77.499763,"eta":"","sch_arrivaltime":"10:25","sch_departuretime":"10:25","actual_arrivaltime":"","actual_departuretime":"","sch_tripstarttime":"09:45","sch_tripendtime":"09:45","lastlocationid":0,"currentlocationid":20567,"nextlocationid":0,"currentstop":null,"nextstop":null,"laststop":null,"stopCoveredStatus":0,"heading":93,"lastrefreshon":"28-07-2024 21:27:09","lastreceiveddatetimeflag":1,"tripposition":3}]},{"routeid":4254,"stationid":20826,"stationname":"Hegganahalli Cross","from":"Kempegowda Bus Station","to":"Kempegowda Bus Station","routeno":"265-A","distance_on_station":17.898,"centerlat":12.99974,"centerlong":77.50404,"responsecode":200,"isnotify":0,"vehicleDetails":[{"vehicleid":21232,"vehiclenumber":"KA53F0090","servicetypeid":72,"servicetype":"Non AC/Ordinary","centerlat":13.019794,"centerlong":77.499763,"eta":"","sch_arrivaltime":"10:26","sch_departuretime":"10:26","actual_arrivaltime":"","actual_departuretime":"","sch_tripstarttime":"09:45","sch_tripendtime":"09:45","lastlocationid":0,"currentlocationid":20567,"nextlocationid":0,"currentstop":null,"nextstop":null,"laststop":null,"stopCoveredStatus":0,"heading":93,"lastrefreshon":"28-07-2024 21:27:09","lastreceiveddatetimeflag":1,"tripposition":3}]},{"routeid":4254,"stationid":21054,"stationname":"Neelagiri Thopu","from":"Kempegowda Bus Station","to":"Kempegowda Bus Station","routeno":"265-A","distance_on_station":18.434,"centerlat":12.99578,"centerlong":77.50253,"responsecode":200,"isnotify":0,"vehicleDetails":[{"vehicleid":21232,"vehiclenumber":"KA53F0090","servicetypeid":72,"servicetype":"Non AC/Ordinary","centerlat":13.019794,"centerlong":77.499763,"eta":"","sch_arrivaltime":"10:28","sch_departuretime":"10:28","actual_arrivaltime":"","actual_departuretime":"","sch_tripstarttime":"09:45","sch_tripendtime":"09:45","lastlocationid":0,"currentlocationid":20567,"nextlocationid":0,"currentstop":null,"nextstop":null,"laststop":null,"stopCoveredStatus":0,"heading":93,"lastrefreshon":"28-07-2024 21:27:09","lastreceiveddatetimeflag":1,"tripposition":3}]},{"routeid":4254,"stationid":21000,"stationname":"Maramma Temple Hegganahalli","from":"Kempegowda Bus Station","to":"Kempegowda Bus Station","routeno":"265-A","distance_on_station":18.739,"centerlat":12.99462,"centerlong":77.5043,"responsecode":200,"isnotify":0,"vehicleDetails":[{"vehicleid":21232,"vehiclenumber":"KA53F0090","servicetypeid":72,"servicetype":"Non AC/Ordinary","centerlat":13.019794,"centerlong":77.499763,"eta":"","sch_arrivaltime":"10:29","sch_departuretime":"10:29","actual_arrivaltime":"","actual_departuretime":"","sch_tripstarttime":"09:45","sch_tripendtime":"09:45","lastlocationid":0,"currentlocationid":20567,"nextlocationid":0,"currentstop":null,"nextstop":null,"laststop":null,"stopCoveredStatus":0,"heading":93,"lastrefreshon":"28-07-2024 21:27:09","lastreceiveddatetimeflag":1,"tripposition":3}]},{"routeid":4254,"stationid":20609,"stationname":"Aralimara Sunkadakatte","from":"Kempegowda Bus Station","to":"Kempegowda Bus Station","routeno":"265-A","distance_on_station":19.054,"centerlat":12.99209,"centerlong":77.50467,"responsecode":200,"isnotify":0,"vehicleDetails":[{"vehicleid":21232,"vehiclenumber":"KA53F0090","servicetypeid":72,"servicetype":"Non AC/Ordinary","centerlat":13.019794,"centerlong":77.499763,"eta":"","sch_arrivaltime":"10:30","sch_departuretime":"10:30","actual_arrivaltime":"","actual_departuretime":"","sch_tripstarttime":"09:45","sch_tripendtime":"09:45","lastlocationid":0,"currentlocationid":20567,"nextlocationid":0,"currentstop":null,"nextstop":null,"laststop":null,"stopCoveredStatus":0,"heading":93,"lastrefreshon":"28-07-2024 21:27:09","lastreceiveddatetimeflag":1,"tripposition":3}]},{"routeid":4254,"stationid":21205,"stationname":"Sunkadakatte","from":"Kempegowda Bus Station","to":"Kempegowda Bus Station","routeno":"265-A","distance_on_station":19.443,"centerlat":12.98946,"centerlong":77.50638,"responsecode":200,"isnotify":0,"vehicleDetails":[{"vehicleid":21232,"vehiclenumber":"KA53F0090","servicetypeid":72,"servicetype":"Non AC/Ordinary","centerlat":13.019794,"centerlong":77.499763,"eta":"","sch_arrivaltime":"10:31","sch_departuretime":"10:31","actual_arrivaltime":"","actual_departuretime":"","sch_tripstarttime":"09:45","sch_tripendtime":"09:45","lastlocationid":0,"currentlocationid":20567,"nextlocationid":0,"currentstop":null,"nextstop":null,"laststop":null,"stopCoveredStatus":0,"heading":93,"lastrefreshon":"28-07-2024 21:27:09","lastreceiveddatetimeflag":1,"tripposition":3}]},{"routeid":4254,"stationid":20936,"stationname":"Kottigepalya","from":"Kempegowda Bus Station","to":"Kempegowda Bus Station","routeno":"265-A","distance_on_station":20.368,"centerlat":12.98786,"centerlong":77.51405,"responsecode":200,"isnotify":0,"vehicleDetails":[{"vehicleid":21232,"vehiclenumber":"KA53F0090","servicetypeid":72,"servicetype":"Non AC/Ordinary","centerlat":13.019794,"centerlong":77.499763,"eta":"","sch_arrivaltime":"10:33","sch_departuretime":"10:33","actual_arrivaltime":"","actual_departuretime":"","sch_tripstarttime":"09:45","sch_tripendtime":"09:45","lastlocationid":0,"currentlocationid":20567,"nextlocationid":0,"currentstop":null,"nextstop":null,"laststop":null,"stopCoveredStatus":0,"heading":93,"lastrefreshon":"28-07-2024 21:27:09","lastreceiveddatetimeflag":1,"tripposition":3}]},{"routeid":4254,"stationid":21203,"stationname":"Summanahalli","from":"Kempegowda Bus Station","to":"Kempegowda Bus Station","routeno":"265-A","distance_on_station":21.177,"centerlat":12.98682,"centerlong":77.52077,"responsecode":200,"isnotify":0,"vehicleDetails":[{"vehicleid":21232,"vehiclenumber":"KA53F0090","servicetypeid":72,"servicetype":"Non AC/Ordinary","centerlat":13.019794,"centerlong":77.499763,"eta":"","sch_arrivaltime":"10:35","sch_departuretime":"10:35","actual_arrivaltime":"","actual_departuretime":"","sch_tripstarttime":"09:45","sch_tripendtime":"09:45","lastlocationid":0,"currentlocationid":20567,"nextlocationid":0,"currentstop":null,"nextstop":null,"laststop":null,"stopCoveredStatus":0,"heading":93,"lastrefreshon":"28-07-2024 21:27:09","lastreceiveddatetimeflag":1,"tripposition":3}]},{"routeid":4254,"stationid":20905,"stationname":"Kamakshipalya","from":"Kempegowda Bus Station","to":"Kempegowda Bus Station","routeno":"265-A","distance_on_station":22.333,"centerlat":12.98385,"centerlong":77.52924,"responsecode":200,"isnotify":0,"vehicleDetails":[{"vehicleid":21232,"vehiclenumber":"KA53F0090","servicetypeid":72,"servicetype":"Non AC/Ordinary","centerlat":13.019794,"centerlong":77.499763,"eta":"","sch_arrivaltime":"10:37","sch_departuretime":"10:37","actual_arrivaltime":"","actual_departuretime":"","sch_tripstarttime":"09:45","sch_tripendtime":"09:45","lastlocationid":0,"currentlocationid":20567,"nextlocationid":0,"currentstop":null,"nextstop":null,"laststop":null,"stopCoveredStatus":0,"heading":93,"lastrefreshon":"28-07-2024 21:27:09","lastreceiveddatetimeflag":1,"tripposition":3}]},{"routeid":4254,"stationid":20929,"stationname":"KHB Colony","from":"Kempegowda Bus Station","to":"Kempegowda Bus Station","routeno":"265-A","distance_on_station":23.111,"centerlat":12.98142,"centerlong":77.53525,"responsecode":200,"isnotify":0,"vehicleDetails":[{"vehicleid":21232,"vehiclenumber":"KA53F0090","servicetypeid":72,"servicetype":"Non AC/Ordinary","centerlat":13.019794,"centerlong":77.499763,"eta":"","sch_arrivaltime":"10:38","sch_departuretime":"10:38","actual_arrivaltime":"","actual_departuretime":"","sch_tripstarttime":"09:45","sch_tripendtime":"09:45","lastlocationid":0,"currentlocationid":20567,"nextlocationid":0,"currentstop":null,"nextstop":null,"laststop":null,"stopCoveredStatus":0,"heading":93,"lastrefreshon":"28-07-2024 21:27:09","lastreceiveddatetimeflag":1,"tripposition":3}]},{"routeid":4254,"stationid":20599,"stationname":"Agrahara Dasarahalli","from":"Kempegowda Bus Station","to":"Kempegowda Bus Station","routeno":"265-A","distance_on_station":24.046,"centerlat":12.97853,"centerlong":77.54293,"responsecode":200,"isnotify":0,"vehicleDetails":[{"vehicleid":21232,"vehiclenumber":"KA53F0090","servicetypeid":72,"servicetype":"Non AC/Ordinary","centerlat":13.019794,"centerlong":77.499763,"eta":"","sch_arrivaltime":"10:40","sch_departuretime":"10:40","actual_arrivaltime":"","actual_departuretime":"","sch_tripstarttime":"09:45","sch_tripendtime":"09:45","lastlocationid":0,"currentlocationid":20567,"nextlocationid":0,"currentstop":null,"nextstop":null,"laststop":null,"stopCoveredStatus":0,"heading":93,"lastrefreshon":"28-07-2024 21:27:09","lastreceiveddatetimeflag":1,"tripposition":3}]},{"routeid":4254,"stationid":20976,"stationname":"Magadi Road TollGate","from":"Kempegowda Bus Station","to":"Kempegowda Bus Station","routeno":"265-A","distance_on_station":24.908,"centerlat":12.97459,"centerlong":77.54897,"responsecode":200,"isnotify":0,"vehicleDetails":[{"vehicleid":21232,"vehiclenumber":"KA53F0090","servicetypeid":72,"servicetype":"Non AC/Ordinary","centerlat":13.019794,"centerlong":77.499763,"eta":"","sch_arrivaltime":"10:42","sch_departuretime":"10:42","actual_arrivaltime":"","actual_departuretime":"","sch_tripstarttime":"09:45","sch_tripendtime":"09:45","lastlocationid":0,"currentlocationid":20567,"nextlocationid":0,"currentstop":null,"nextstop":null,"laststop":null,"stopCoveredStatus":0,"heading":93,"lastrefreshon":"28-07-2024 21:27:09","lastreceiveddatetimeflag":1,"tripposition":3}]},{"routeid":4254,"stationid":21102,"stationname":"Prasanna Theatre","from":"Kempegowda Bus Station","to":"Kempegowda Bus Station","routeno":"265-A","distance_on_station":25.454,"centerlat":12.97542,"centerlong":77.55288,"responsecode":200,"isnotify":0,"vehicleDetails":[{"vehicleid":21232,"vehiclenumber":"KA53F0090","servicetypeid":72,"servicetype":"Non AC/Ordinary","centerlat":13.019794,"centerlong":77.499763,"eta":"","sch_arrivaltime":"10:43","sch_departuretime":"10:43","actual_arrivaltime":"","actual_departuretime":"","sch_tripstarttime":"09:45","sch_tripendtime":"09:45","lastlocationid":0,"currentlocationid":20567,"nextlocationid":0,"currentstop":null,"nextstop":null,"laststop":null,"stopCoveredStatus":0,"heading":93,"lastrefreshon":"28-07-2024 21:27:09","lastreceiveddatetimeflag":1,"tripposition":3}]},{"routeid":4254,"stationid":38800,"stationname":"Magadi Road Metro Station","from":"Kempegowda Bus Station","to":"Kempegowda Bus Station","routeno":"265-A","distance_on_station":25.675,"centerlat":12.97562,"centerlong":77.55479,"responsecode":200,"isnotify":0,"vehicleDetails":[{"vehicleid":21232,"vehiclenumber":"KA53F0090","servicetypeid":72,"servicetype":"Non AC/Ordinary","centerlat":13.019794,"centerlong":77.499763,"eta":"","sch_arrivaltime":"10:44","sch_departuretime":"10:44","actual_arrivaltime":"","actual_departuretime":"","sch_tripstarttime":"09:45","sch_tripendtime":"09:45","lastlocationid":0,"currentlocationid":20567,"nextlocationid":0,"currentstop":null,"nextstop":null,"laststop":null,"stopCoveredStatus":0,"heading":93,"lastrefreshon":"28-07-2024 21:27:09","lastreceiveddatetimeflag":1,"tripposition":3}]},{"routeid":4254,"stationid":20559,"stationname":"10th Cross Magadi Road","from":"Kempegowda Bus Station","to":"Kempegowda Bus Station","routeno":"265-A","distance_on_station":25.938,"centerlat":12.97574,"centerlong":77.55706,"responsecode":200,"isnotify":0,"vehicleDetails":[{"vehicleid":21232,"vehiclenumber":"KA53F0090","servicetypeid":72,"servicetype":"Non AC/Ordinary","centerlat":13.019794,"centerlong":77.499763,"eta":"","sch_arrivaltime":"10:45","sch_departuretime":"10:45","actual_arrivaltime":"","actual_departuretime":"","sch_tripstarttime":"09:45","sch_tripendtime":"09:45","lastlocationid":0,"currentlocationid":20567,"nextlocationid":0,"currentstop":null,"nextstop":null,"laststop":null,"stopCoveredStatus":0,"heading":93,"lastrefreshon":"28-07-2024 21:27:09","lastreceiveddatetimeflag":1,"tripposition":3}]},{"routeid":4254,"stationid":20585,"stationname":"5th Cross Magadi Road","from":"Kempegowda Bus Station","to":"Kempegowda Bus Station","routeno":"265-A","distance_on_station":26.358,"centerlat":12.97578,"centerlong":77.56071,"responsecode":200,"isnotify":0,"vehicleDetails":[{"vehicleid":21232,"vehiclenumber":"KA53F0090","servicetypeid":72,"servicetype":"Non AC/Ordinary","centerlat":13.019794,"centerlong":77.499763,"eta":"","sch_arrivaltime":"10:46","sch_departuretime":"10:46","actual_arrivaltime":"","actual_departuretime":"","sch_tripstarttime":"09:45","sch_tripendtime":"09:45","lastlocationid":0,"currentlocationid":20567,"nextlocationid":0,"currentstop":null,"nextstop":null,"laststop":null,"stopCoveredStatus":0,"heading":93,"lastrefreshon":"28-07-2024 21:27:09","lastreceiveddatetimeflag":1,"tripposition":3}]},{"routeid":4254,"stationid":20578,"stationname":"1st Cross Magadi Road","from":"Kempegowda Bus Station","to":"Kempegowda Bus Station","routeno":"265-A","distance_on_station":26.589,"centerlat":12.97569,"centerlong":77.5628,"responsecode":200,"isnotify":0,"vehicleDetails":[{"vehicleid":21232,"vehiclenumber":"KA53F0090","servicetypeid":72,"servicetype":"Non AC/Ordinary","centerlat":13.019794,"centerlong":77.499763,"eta":"","sch_arrivaltime":"10:47","sch_departuretime":"10:47","actual_arrivaltime":"","actual_departuretime":"","sch_tripstarttime":"09:45","sch_tripendtime":"09:45","lastlocationid":0,"currentlocationid":20567,"nextlocationid":0,"currentstop":null,"nextstop":null,"laststop":null,"stopCoveredStatus":0,"heading":93,"lastrefreshon":"28-07-2024 21:27:09","lastreceiveddatetimeflag":1,"tripposition":3}]},{"routeid":4254,"stationid":21026,"stationname":"Minerva Mill","from":"Kempegowda Bus Station","to":"Kempegowda Bus Station","routeno":"265-A","distance_on_station":27.209,"centerlat":12.97945,"centerlong":77.56435,"responsecode":200,"isnotify":0,"vehicleDetails":[{"vehicleid":21232,"vehiclenumber":"KA53F0090","servicetypeid":72,"servicetype":"Non AC/Ordinary","centerlat":13.019794,"centerlong":77.499763,"eta":"","sch_arrivaltime":"10:48","sch_departuretime":"10:48","actual_arrivaltime":"","actual_departuretime":"","sch_tripstarttime":"09:45","sch_tripendtime":"09:45","lastlocationid":0,"currentlocationid":20567,"nextlocationid":0,"currentstop":null,"nextstop":null,"laststop":null,"stopCoveredStatus":0,"heading":93,"lastrefreshon":"28-07-2024 21:27:09","lastreceiveddatetimeflag":1,"tripposition":3}]},{"routeid":4254,"stationid":21071,"stationname":"Okalipura","from":"Kempegowda Bus Station","to":"Kempegowda Bus Station","routeno":"265-A","distance_on_station":27.987,"centerlat":12.98267,"centerlong":77.56837,"responsecode":200,"isnotify":0,"vehicleDetails":[{"vehicleid":21232,"vehiclenumber":"KA53F0090","servicetypeid":72,"servicetype":"Non AC/Ordinary","centerlat":13.019794,"centerlong":77.499763,"eta":"","sch_arrivaltime":"10:49","sch_departuretime":"10:49","actual_arrivaltime":"","actual_departuretime":"","sch_tripstarttime":"09:45","sch_tripendtime":"09:45","lastlocationid":0,"currentlocationid":20567,"nextlocationid":0,"currentstop":null,"nextstop":null,"laststop":null,"stopCoveredStatus":0,"heading":93,"lastrefreshon":"28-07-2024 21:27:09","lastreceiveddatetimeflag":1,"tripposition":3}]},{"routeid":4254,"stationid":20922,"stationname":"Kempegowda Bus Station","from":"Kempegowda Bus Station","to":"Kempegowda Bus Station","routeno":"265-A","distance_on_station":29.7,"centerlat":12.97749,"centerlong":77.57327,"responsecode":200,"isnotify":0,"vehicleDetails":[{"vehicleid":21232,"vehiclenumber":"KA53F0090","servicetypeid":72,"servicetype":"Non AC/Ordinary","centerlat":13.019794,"centerlong":77.499763,"eta":"","sch_arrivaltime":"10:54","sch_departuretime":"10:54","actual_arrivaltime":"","actual_departuretime":"","sch_tripstarttime":"09:45","sch_tripendtime":"09:45","lastlocationid":0,"currentlocationid":20567,"nextlocationid":0,"currentstop":null,"nextstop":null,"laststop":null,"stopCoveredStatus":0,"heading":93,"lastrefreshon":"28-07-2024 21:27:09","lastreceiveddatetimeflag":1,"tripposition":1}]}],"mapData":[{"vehicleid":21232,"vehiclenumber":"KA53F0090","servicetypeid":72,"servicetype":"Non AC/Ordinary","centerlat":13.019794,"centerlong":77.499763,"eta":"","sch_arrivaltime":"10:54","sch_departuretime":"10:54","actual_arrivaltime":"","actual_departuretime":"","sch_tripstarttime":"09:45","sch_tripendtime":"09:45","lastlocationid":0,"currentlocationid":20567,"nextlocationid":0,"currentstop":null,"nextstop":null,"laststop":null,"stopCoveredStatus":0,"heading":93,"lastrefreshon":"28-07-2024 21:27:09","lastreceiveddatetimeflag":1,"tripposition":1}]},"down":{"data":[],"mapData":[]},"message":"Success","issuccess":true,"exception":null,"rowCount":0,"responsecode":200}