{"up":{"data":[{"routeid":7346,"stationid":21080,"stationname":"Peenya 2nd Stage","from":"Peenya 2nd Stage","to":"Therelek Engineers PVT LTD Peenya","routeno":"265-A PSS-TEPL","distance_on_station":0,"centerlat":13.01098,"centerlong":77.5068,"responsecode":200,"isnotify":0,"vehicleDetails":[{"vehicleid":20386,"vehiclenumber":"KA57F4254","servicetypeid":72,"servicetype":"Non AC/Ordinary","centerlat":13.018647,"centerlong":77.500458,"eta":"","sch_arrivaltime":"07:50","sch_departuretime":"07:50","actual_arrivaltime":"","actual_departuretime":"","sch_tripstarttime":"07:50","sch_tripendtime":"07:50","lastlocationid":0,"currentlocationid":20566,"nextlocationid":0,"currentstop":null,"nextstop":null,"laststop":null,"stopCoveredStatus":0,"heading":19,"lastrefreshon":"26-07-2024 22:58:55","lastreceiveddatetimeflag":0,"tripposition":1}]},{"routeid":7346,"stationid":21114,"stationname":"Rajagopalanagara","from":"Peenya 2nd Stage","to":"Therelek Engineers PVT LTD Peenya","routeno":"265-A PSS-TEPL","distance_on_station":0.148,"centerlat":13.01368,"centerlong":77.50881,"responsecode":200,"isnotify":0,"vehicleDetails":[{"vehicleid":20386,"vehiclenumber":"KA57F4254","servicetypeid":72,"servicetype":"Non AC/Ordinary","centerlat":13.018647,"centerlong":77.500458,"eta":"","sch_arrivaltime":"07:51","sch_departuretime":"07:51","actual_arrivaltime":"","actual_departuretime":"","sch_tripstarttime":"07:50","sch_tripendtime":"07:50","lastlocationid":0,"currentlocationid":20566,"nextlocationid":0,"currentstop":null,"nextstop":null,"laststop":null,"stopCoveredStatus":0,"heading":19,"lastrefreshon":"26-07-2024 22:58:55","lastreceiveddatetimeflag":0,"tripposition":3}]},{"routeid":7346,"stationid":20566,"stationname":"Peenya 14th Cross","from":"Peenya 2nd Stage","to":"Therelek Engineers PVT LTD Peenya","routeno":"265-A PSS-TEPL","distance_on_station":0.357,"centerlat":13.01662,"centerlong":77.50559,"responsecode":200,"isnotify":0,"vehicleDetails":[{"vehicleid":20386,"vehiclenumber":"KA57F4254","servicetypeid":72,"servicetype":"Non AC/Ordinary","centerlat":13.018647,"centerlong":77.500458,"eta":"","sch_arrivaltime":"07:52","sch_departuretime":"07:52","actual_arrivaltime":"","actual_departuretime":"","sch_tripstarttime":"07:50","sch_tripendtime":"07:50","lastlocationid":0,"currentlocationid":20566,"nextlocationid":0,"currentstop":null,"nextstop":null,"laststop":null,"stopCoveredStatus":0,"heading":19,"lastrefreshon":"26-07-2024 22:58:55","lastreceiveddatetimeflag":0,"tripposition":3}]},{"routeid":7346,"stationid":20684,"stationname":"Brundavana Peenya","from":"Peenya 2nd Stage","to":"Therelek Engineers PVT LTD Peenya","routeno":"265-A PSS-TEPL","distance_on_station":0.539,"centerlat":13.02024,"centerlong":77.50803,"responsecode":200,"isnotify":0,"vehicleDetails":[{"vehicleid":20386,"vehiclenumber":"KA57F4254","servicetypeid":72,"servicetype":"Non AC/Ordinary","centerlat":13.018647,"centerlong":77.500458,"eta":"","sch_arrivaltime":"07:53","sch_departuretime":"07:53","actual_arrivaltime":"","actual_departuretime":"","sch_tripstarttime":"07:50","sch_tripendtime":"07:50","lastlocationid":0,"currentlocationid":20566,"nextlocationid":0,"currentstop":null,"nextstop":null,"laststop":null,"stopCoveredStatus":0,"heading":19,"lastrefreshon":"26-07-2024 22:58:55","lastreceiveddatetimeflag":0,"tripposition":3}]},{"routeid":7346,"stationid":34178,"stationname":"NTTF Peenya","from":"Peenya 2nd Stage","to":"Therelek Engineers PVT LTD Peenya","routeno":"265-A PSS-TEPL","distance_on_station":0.778,"centerlat":13.025,"centerlong":77.51099,"responsecode":200,"isnotify":0,"vehicleDetails":[{"vehicleid":20386,"vehiclenumber":"KA57F4254","servicetypeid":72,"servicetype":"Non AC/Ordinary","centerlat":13.018647,"centerlong":77.500458,"eta":"","sch_arrivaltime":"07:55","sch_departuretime":"07:55","actual_arrivaltime":"","actual_departuretime":"","sch_tripstarttime":"07:50","sch_tripendtime":"07:50","lastlocationid":0,"currentlocationid":20566,"nextlocationid":0,"currentstop":null,"nextstop":null,"laststop":null,"stopCoveredStatus":0,"heading":19,"lastrefreshon":"26-07-2024 22:58:55","lastreceiveddatetimeflag":0,"tripposition":3}]},{"routeid":7346,"stationid":27555,"stationname":"Out Door Clothing Company","from":"Peenya 2nd Stage","to":"Therelek Engineers PVT LTD Peenya","routeno":"265-A PSS-TEPL","distance_on_station":1.135,"centerlat":13.02301,"centerlong":77.51709,"responsecode":200,"isnotify":0,"vehicleDetails":[{"vehicleid":20386,"vehiclenumber":"KA57F4254","servicetypeid":72,"servicetype":"Non AC/Ordinary","centerlat":13.018647,"centerlong":77.500458,"eta":"","sch_arrivaltime":"07:58","sch_departuretime":"07:58","actual_arrivaltime":"","actual_departuretime":"","sch_tripstarttime":"07:50","sch_tripendtime":"07:50","lastlocationid":0,"currentlocationid":20566,"nextlocationid":0,"currentstop":null,"nextstop":null,"laststop":null,"stopCoveredStatus":0,"heading":19,"lastrefreshon":"26-07-2024 22:58:55","lastreceiveddatetimeflag":0,"tripposition":3}]},{"routeid":7346,"stationid":27556,"stationname":"Therelek Engineers PVT LTD Peenya","from":"Peenya 2nd Stage","to":"Therelek Engineers PVT LTD Peenya","routeno":"265-A PSS-TEPL","distance_on_station":1.2,"centerlat":13.02386,"centerlong":77.51844,"responsecode":200,"isnotify":0,"vehicleDetails":[{"vehicleid":20386,"vehiclenumber":"KA57F4254","servicetypeid":72,"servicetype":"Non AC/Ordinary","centerlat":13.018647,"centerlong":77.500458,"eta":"","sch_arrivaltime":"07:59","sch_departuretime":"07:59","actual_arrivaltime":"","actual_departuretime":"","sch_tripstarttime":"07:50","sch_tripendtime":"07:50","lastlocationid":0,"currentlocationid":20566,"nextlocationid":0,"currentstop":null,"nextstop":null,"laststop":null,"stopCoveredStatus":0,"heading":19,"lastrefreshon":"26-07-2024 22:58:55","lastreceiveddatetimeflag":0,"tripposition":1}]}],"mapData":[{"vehicleid":20386,"vehiclenumber":"KA57F4254","servicetypeid":72,"servicetype":"Non AC/Ordinary","centerlat":13.018647,"centerlong":77.500458,"eta":"","sch_arrivaltime":"07:59","sch_departuretime":"07:59","actual_arrivaltime":"","actual_departuretime":"","sch_tripstarttime":"07:50","sch_tripendtime":"07:50","lastlocationid":0,"currentlocationid":20566,"nextlocationid":0,"currentstop":null,"nextstop":null,"laststop":null,"stopCoveredStatus":0,"heading":19,"lastrefreshon":"26-07-2024 22:58:55","lastreceiveddatetimeflag":0,"tripposition":1}]},"down":{"data":[],"mapData":[]},"message":"Success","issuccess":true,"exception":null,"rowCount":0,"responsecode":200}