{"up":{"data":[{"routeid":12448,"stationid":35044,"stationname":"Depot-45 Gate","from":"Depot-45 Gate","to":"Hesaraghatta","routeno":"266 D45G-SVK-HSG","distance_on_station":0,"centerlat":13.08298,"centerlong":77.55066,"responsecode":200,"isnotify":0,"vehicleDetails":[{"vehicleid":22946,"vehiclenumber":"KA57F4668","servicetypeid":72,"servicetype":"Non AC/Ordinary","centerlat":13.049678,"centerlong":77.495305,"eta":"","sch_arrivaltime":"15:01","sch_departuretime":"15:01","actual_arrivaltime":"","actual_departuretime":"","sch_tripstarttime":"15:01","sch_tripendtime":"15:01","lastlocationid":0,"currentlocationid":33685,"nextlocationid":0,"currentstop":null,"nextstop":null,"laststop":null,"stopCoveredStatus":0,"heading":101,"lastrefreshon":"05-10-2023 17:13:35","lastreceiveddatetimeflag":1,"tripposition":3}]},{"routeid":12448,"stationid":33956,"stationname":"MS Palya","from":"Depot-45 Gate","to":"Hesaraghatta","routeno":"266 D45G-SVK-HSG","distance_on_station":0.329,"centerlat":13.08181,"centerlong":77.5482,"responsecode":200,"isnotify":0,"vehicleDetails":[{"vehicleid":22946,"vehiclenumber":"KA57F4668","servicetypeid":72,"servicetype":"Non AC/Ordinary","centerlat":13.049678,"centerlong":77.495305,"eta":"","sch_arrivaltime":"15:02","sch_departuretime":"15:02","actual_arrivaltime":"","actual_departuretime":"","sch_tripstarttime":"15:01","sch_tripendtime":"15:01","lastlocationid":0,"currentlocationid":33685,"nextlocationid":0,"currentstop":null,"nextstop":null,"laststop":null,"stopCoveredStatus":0,"heading":101,"lastrefreshon":"05-10-2023 17:13:35","lastreceiveddatetimeflag":1,"tripposition":3}]},{"routeid":12448,"stationid":28127,"stationname":"Sambhram College","from":"Depot-45 Gate","to":"Hesaraghatta","routeno":"266 D45G-SVK-HSG","distance_on_station":1.051,"centerlat":13.08827,"centerlong":77.54666,"responsecode":200,"isnotify":0,"vehicleDetails":[{"vehicleid":22946,"vehiclenumber":"KA57F4668","servicetypeid":72,"servicetype":"Non AC/Ordinary","centerlat":13.049678,"centerlong":77.495305,"eta":"","sch_arrivaltime":"15:04","sch_departuretime":"15:04","actual_arrivaltime":"","actual_departuretime":"","sch_tripstarttime":"15:01","sch_tripendtime":"15:01","lastlocationid":0,"currentlocationid":33685,"nextlocationid":0,"currentstop":null,"nextstop":null,"laststop":null,"stopCoveredStatus":0,"heading":101,"lastrefreshon":"05-10-2023 17:13:35","lastreceiveddatetimeflag":1,"tripposition":3}]},{"routeid":12448,"stationid":29896,"stationname":"Best County","from":"Depot-45 Gate","to":"Hesaraghatta","routeno":"266 D45G-SVK-HSG","distance_on_station":1.273,"centerlat":13.08932,"centerlong":77.54467,"responsecode":200,"isnotify":0,"vehicleDetails":[{"vehicleid":22946,"vehiclenumber":"KA57F4668","servicetypeid":72,"servicetype":"Non AC/Ordinary","centerlat":13.049678,"centerlong":77.495305,"eta":"","sch_arrivaltime":"15:05","sch_departuretime":"15:05","actual_arrivaltime":"","actual_departuretime":"","sch_tripstarttime":"15:01","sch_tripendtime":"15:01","lastlocationid":0,"currentlocationid":33685,"nextlocationid":0,"currentstop":null,"nextstop":null,"laststop":null,"stopCoveredStatus":0,"heading":101,"lastrefreshon":"05-10-2023 17:13:35","lastreceiveddatetimeflag":1,"tripposition":3}]},{"routeid":12448,"stationid":33339,"stationname":"Kanshiram Nagara","from":"Depot-45 Gate","to":"Hesaraghatta","routeno":"266 D45G-SVK-HSG","distance_on_station":1.843,"centerlat":13.09061,"centerlong":77.5389,"responsecode":200,"isnotify":0,"vehicleDetails":[{"vehicleid":22946,"vehiclenumber":"KA57F4668","servicetypeid":72,"servicetype":"Non AC/Ordinary","centerlat":13.049678,"centerlong":77.495305,"eta":"","sch_arrivaltime":"15:06","sch_departuretime":"15:06","actual_arrivaltime":"","actual_departuretime":"","sch_tripstarttime":"15:01","sch_tripendtime":"15:01","lastlocationid":0,"currentlocationid":33685,"nextlocationid":0,"currentstop":null,"nextstop":null,"laststop":null,"stopCoveredStatus":0,"heading":101,"lastrefreshon":"05-10-2023 17:13:35","lastreceiveddatetimeflag":1,"tripposition":3}]},{"routeid":12448,"stationid":33685,"stationname":"Lakshmipura Cross","from":"Depot-45 Gate","to":"Hesaraghatta","routeno":"266 D45G-SVK-HSG","distance_on_station":2.36,"centerlat":13.09209,"centerlong":77.53397,"responsecode":200,"isnotify":0,"vehicleDetails":[{"vehicleid":22946,"vehiclenumber":"KA57F4668","servicetypeid":72,"servicetype":"Non AC/Ordinary","centerlat":13.049678,"centerlong":77.495305,"eta":"","sch_arrivaltime":"15:07","sch_departuretime":"15:07","actual_arrivaltime":"","actual_departuretime":"","sch_tripstarttime":"15:01","sch_tripendtime":"15:01","lastlocationid":0,"currentlocationid":33685,"nextlocationid":0,"currentstop":null,"nextstop":null,"laststop":null,"stopCoveredStatus":0,"heading":101,"lastrefreshon":"05-10-2023 17:13:35","lastreceiveddatetimeflag":1,"tripposition":3}]},{"routeid":12448,"stationid":28948,"stationname":"Medi Agrahara Cross","from":"Depot-45 Gate","to":"Hesaraghatta","routeno":"266 D45G-SVK-HSG","distance_on_station":3.348,"centerlat":13.1013,"centerlong":77.53063,"responsecode":200,"isnotify":0,"vehicleDetails":[{"vehicleid":22946,"vehiclenumber":"KA57F4668","servicetypeid":72,"servicetype":"Non AC/Ordinary","centerlat":13.049678,"centerlong":77.495305,"eta":"","sch_arrivaltime":"15:09","sch_departuretime":"15:09","actual_arrivaltime":"","actual_departuretime":"","sch_tripstarttime":"15:01","sch_tripendtime":"15:01","lastlocationid":0,"currentlocationid":33685,"nextlocationid":0,"currentstop":null,"nextstop":null,"laststop":null,"stopCoveredStatus":0,"heading":101,"lastrefreshon":"05-10-2023 17:13:35","lastreceiveddatetimeflag":1,"tripposition":3}]},{"routeid":12448,"stationid":32355,"stationname":"Choudappa Layout","from":"Depot-45 Gate","to":"Hesaraghatta","routeno":"266 D45G-SVK-HSG","distance_on_station":4.248,"centerlat":13.10978,"centerlong":77.52807,"responsecode":200,"isnotify":0,"vehicleDetails":[{"vehicleid":22946,"vehiclenumber":"KA57F4668","servicetypeid":72,"servicetype":"Non AC/Ordinary","centerlat":13.049678,"centerlong":77.495305,"eta":"","sch_arrivaltime":"15:11","sch_departuretime":"15:11","actual_arrivaltime":"","actual_departuretime":"","sch_tripstarttime":"15:01","sch_tripendtime":"15:01","lastlocationid":0,"currentlocationid":33685,"nextlocationid":0,"currentstop":null,"nextstop":null,"laststop":null,"stopCoveredStatus":0,"heading":101,"lastrefreshon":"05-10-2023 17:13:35","lastreceiveddatetimeflag":1,"tripposition":3}]},{"routeid":12448,"stationid":32498,"stationname":"Dodda Byalakere","from":"Depot-45 Gate","to":"Hesaraghatta","routeno":"266 D45G-SVK-HSG","distance_on_station":4.684,"centerlat":13.11267,"centerlong":77.52494,"responsecode":200,"isnotify":0,"vehicleDetails":[{"vehicleid":22946,"vehiclenumber":"KA57F4668","servicetypeid":72,"servicetype":"Non AC/Ordinary","centerlat":13.049678,"centerlong":77.495305,"eta":"","sch_arrivaltime":"15:12","sch_departuretime":"15:12","actual_arrivaltime":"","actual_departuretime":"","sch_tripstarttime":"15:01","sch_tripendtime":"15:01","lastlocationid":0,"currentlocationid":33685,"nextlocationid":0,"currentstop":null,"nextstop":null,"laststop":null,"stopCoveredStatus":0,"heading":101,"lastrefreshon":"05-10-2023 17:13:35","lastreceiveddatetimeflag":1,"tripposition":3}]},{"routeid":12448,"stationid":32265,"stationname":"Chikka Byalakere","from":"Depot-45 Gate","to":"Hesaraghatta","routeno":"266 D45G-SVK-HSG","distance_on_station":5.539,"centerlat":13.11963,"centerlong":77.52156,"responsecode":200,"isnotify":0,"vehicleDetails":[{"vehicleid":22946,"vehiclenumber":"KA57F4668","servicetypeid":72,"servicetype":"Non AC/Ordinary","centerlat":13.049678,"centerlong":77.495305,"eta":"","sch_arrivaltime":"15:14","sch_departuretime":"15:14","actual_arrivaltime":"","actual_departuretime":"","sch_tripstarttime":"15:01","sch_tripendtime":"15:01","lastlocationid":0,"currentlocationid":33685,"nextlocationid":0,"currentstop":null,"nextstop":null,"laststop":null,"stopCoveredStatus":0,"heading":101,"lastrefreshon":"05-10-2023 17:13:35","lastreceiveddatetimeflag":1,"tripposition":3}]},{"routeid":12448,"stationid":33639,"stationname":"Kurubarahalli Cross","from":"Depot-45 Gate","to":"Hesaraghatta","routeno":"266 D45G-SVK-HSG","distance_on_station":6.287,"centerlat":13.12672,"centerlong":77.51956,"responsecode":200,"isnotify":0,"vehicleDetails":[{"vehicleid":22946,"vehiclenumber":"KA57F4668","servicetypeid":72,"servicetype":"Non AC/Ordinary","centerlat":13.049678,"centerlong":77.495305,"eta":"","sch_arrivaltime":"15:15","sch_departuretime":"15:15","actual_arrivaltime":"","actual_departuretime":"","sch_tripstarttime":"15:01","sch_tripendtime":"15:01","lastlocationid":0,"currentlocationid":33685,"nextlocationid":0,"currentstop":null,"nextstop":null,"laststop":null,"stopCoveredStatus":0,"heading":101,"lastrefreshon":"05-10-2023 17:13:35","lastreceiveddatetimeflag":1,"tripposition":3}]},{"routeid":12448,"stationid":34550,"stationname":"Shivakote","from":"Depot-45 Gate","to":"Hesaraghatta","routeno":"266 D45G-SVK-HSG","distance_on_station":7.178,"centerlat":13.13393,"centerlong":77.51471,"responsecode":200,"isnotify":0,"vehicleDetails":[{"vehicleid":22946,"vehiclenumber":"KA57F4668","servicetypeid":72,"servicetype":"Non AC/Ordinary","centerlat":13.049678,"centerlong":77.495305,"eta":"","sch_arrivaltime":"15:16","sch_departuretime":"15:16","actual_arrivaltime":"","actual_departuretime":"","sch_tripstarttime":"15:01","sch_tripendtime":"15:01","lastlocationid":0,"currentlocationid":33685,"nextlocationid":0,"currentstop":null,"nextstop":null,"laststop":null,"stopCoveredStatus":0,"heading":101,"lastrefreshon":"05-10-2023 17:13:35","lastreceiveddatetimeflag":1,"tripposition":3}]},{"routeid":12448,"stationid":39138,"stationname":"Annapurneshwari Badavane","from":"Depot-45 Gate","to":"Hesaraghatta","routeno":"266 D45G-SVK-HSG","distance_on_station":8.006,"centerlat":13.13874,"centerlong":77.50802,"responsecode":200,"isnotify":0,"vehicleDetails":[{"vehicleid":22946,"vehiclenumber":"KA57F4668","servicetypeid":72,"servicetype":"Non AC/Ordinary","centerlat":13.049678,"centerlong":77.495305,"eta":"","sch_arrivaltime":"15:18","sch_departuretime":"15:18","actual_arrivaltime":"","actual_departuretime":"","sch_tripstarttime":"15:01","sch_tripendtime":"15:01","lastlocationid":0,"currentlocationid":33685,"nextlocationid":0,"currentstop":null,"nextstop":null,"laststop":null,"stopCoveredStatus":0,"heading":101,"lastrefreshon":"05-10-2023 17:13:35","lastreceiveddatetimeflag":1,"tripposition":3}]},{"routeid":12448,"stationid":31396,"stationname":"Muthkur Cross Shivakote","from":"Depot-45 Gate","to":"Hesaraghatta","routeno":"266 D45G-SVK-HSG","distance_on_station":8.727,"centerlat":13.143,"centerlong":77.50225,"responsecode":200,"isnotify":0,"vehicleDetails":[{"vehicleid":22946,"vehiclenumber":"KA57F4668","servicetypeid":72,"servicetype":"Non AC/Ordinary","centerlat":13.049678,"centerlong":77.495305,"eta":"","sch_arrivaltime":"15:19","sch_departuretime":"15:19","actual_arrivaltime":"","actual_departuretime":"","sch_tripstarttime":"15:01","sch_tripendtime":"15:01","lastlocationid":0,"currentlocationid":33685,"nextlocationid":0,"currentstop":null,"nextstop":null,"laststop":null,"stopCoveredStatus":0,"heading":101,"lastrefreshon":"05-10-2023 17:13:35","lastreceiveddatetimeflag":1,"tripposition":3}]},{"routeid":12448,"stationid":33076,"stationname":"Ivarukandapura","from":"Depot-45 Gate","to":"Hesaraghatta","routeno":"266 D45G-SVK-HSG","distance_on_station":9.671,"centerlat":13.13769,"centerlong":77.49446,"responsecode":200,"isnotify":0,"vehicleDetails":[{"vehicleid":22946,"vehiclenumber":"KA57F4668","servicetypeid":72,"servicetype":"Non AC/Ordinary","centerlat":13.049678,"centerlong":77.495305,"eta":"","sch_arrivaltime":"15:21","sch_departuretime":"15:21","actual_arrivaltime":"","actual_departuretime":"","sch_tripstarttime":"15:01","sch_tripendtime":"15:01","lastlocationid":0,"currentlocationid":33685,"nextlocationid":0,"currentstop":null,"nextstop":null,"laststop":null,"stopCoveredStatus":0,"heading":101,"lastrefreshon":"05-10-2023 17:13:35","lastreceiveddatetimeflag":1,"tripposition":3}]},{"routeid":12448,"stationid":20832,"stationname":"Hesaraghatta TB Cross","from":"Depot-45 Gate","to":"Hesaraghatta","routeno":"266 D45G-SVK-HSG","distance_on_station":11.176,"centerlat":13.13052,"centerlong":77.48433,"responsecode":200,"isnotify":0,"vehicleDetails":[{"vehicleid":22946,"vehiclenumber":"KA57F4668","servicetypeid":72,"servicetype":"Non AC/Ordinary","centerlat":13.049678,"centerlong":77.495305,"eta":"","sch_arrivaltime":"15:24","sch_departuretime":"15:24","actual_arrivaltime":"","actual_departuretime":"","sch_tripstarttime":"15:01","sch_tripendtime":"15:01","lastlocationid":0,"currentlocationid":33685,"nextlocationid":0,"currentstop":null,"nextstop":null,"laststop":null,"stopCoveredStatus":0,"heading":101,"lastrefreshon":"05-10-2023 17:13:35","lastreceiveddatetimeflag":1,"tripposition":3}]},{"routeid":12448,"stationid":20833,"stationname":"Hesaraghatta","from":"Depot-45 Gate","to":"Hesaraghatta","routeno":"266 D45G-SVK-HSG","distance_on_station":12.2,"centerlat":13.13781,"centerlong":77.47937,"responsecode":200,"isnotify":0,"vehicleDetails":[{"vehicleid":22946,"vehiclenumber":"KA57F4668","servicetypeid":72,"servicetype":"Non AC/Ordinary","centerlat":13.049678,"centerlong":77.495305,"eta":"","sch_arrivaltime":"15:27","sch_departuretime":"15:27","actual_arrivaltime":"","actual_departuretime":"","sch_tripstarttime":"15:01","sch_tripendtime":"15:01","lastlocationid":0,"currentlocationid":33685,"nextlocationid":0,"currentstop":null,"nextstop":null,"laststop":null,"stopCoveredStatus":0,"heading":101,"lastrefreshon":"05-10-2023 17:13:35","lastreceiveddatetimeflag":1,"tripposition":3}]}],"mapData":[{"vehicleid":22946,"vehiclenumber":"KA57F4668","servicetypeid":72,"servicetype":"Non AC/Ordinary","centerlat":13.049678,"centerlong":77.495305,"eta":"","sch_arrivaltime":"15:27","sch_departuretime":"15:27","actual_arrivaltime":"","actual_departuretime":"","sch_tripstarttime":"15:01","sch_tripendtime":"15:01","lastlocationid":0,"currentlocationid":33685,"nextlocationid":0,"currentstop":null,"nextstop":null,"laststop":null,"stopCoveredStatus":0,"heading":101,"lastrefreshon":"05-10-2023 17:13:35","lastreceiveddatetimeflag":1,"tripposition":3}]},"down":{"data":[],"mapData":[]},"message":"Success","issuccess":true,"exception":null,"rowCount":0,"responsecode":200}