{"up":{"data":[],"mapData":[]},"down":{"data":[{"routeid":7726,"stationid":33728,"stationname":"Madappanahalli","from":"Madappanahalli","to":"KR Market","routeno":"266-K","distance_on_station":0,"centerlat":13.15405,"centerlong":77.54059,"responsecode":200,"isnotify":0,"vehicleDetails":[{"vehicleid":26888,"vehiclenumber":"KA57F5712","servicetypeid":72,"servicetype":"Non AC/Ordinary","centerlat":0,"centerlong":0,"eta":"","sch_arrivaltime":"19:30","sch_departuretime":"19:30","actual_arrivaltime":"","actual_departuretime":"","sch_tripstarttime":"19:30","sch_tripendtime":"19:30","lastlocationid":0,"currentlocationid":22092,"nextlocationid":0,"currentstop":null,"nextstop":null,"laststop":null,"stopCoveredStatus":0,"heading":0,"lastrefreshon":"30-08-2024 12:55:01","lastreceiveddatetimeflag":0,"tripposition":3}]},{"routeid":7726,"stationid":36460,"stationname":"Muthugadahalli Hostel","from":"Madappanahalli","to":"KR Market","routeno":"266-K","distance_on_station":1.169,"centerlat":13.14901,"centerlong":77.53435,"responsecode":200,"isnotify":0,"vehicleDetails":[{"vehicleid":26888,"vehiclenumber":"KA57F5712","servicetypeid":72,"servicetype":"Non AC/Ordinary","centerlat":0,"centerlong":0,"eta":"","sch_arrivaltime":"19:32","sch_departuretime":"19:32","actual_arrivaltime":"","actual_departuretime":"","sch_tripstarttime":"19:30","sch_tripendtime":"19:30","lastlocationid":0,"currentlocationid":22092,"nextlocationid":0,"currentstop":null,"nextstop":null,"laststop":null,"stopCoveredStatus":0,"heading":0,"lastrefreshon":"30-08-2024 12:55:01","lastreceiveddatetimeflag":0,"tripposition":3}]},{"routeid":7726,"stationid":33993,"stationname":"Muthugadahalli","from":"Madappanahalli","to":"KR Market","routeno":"266-K","distance_on_station":2.513,"centerlat":13.14071,"centerlong":77.52596,"responsecode":200,"isnotify":0,"vehicleDetails":[{"vehicleid":26888,"vehiclenumber":"KA57F5712","servicetypeid":72,"servicetype":"Non AC/Ordinary","centerlat":0,"centerlong":0,"eta":"","sch_arrivaltime":"19:35","sch_departuretime":"19:35","actual_arrivaltime":"","actual_departuretime":"","sch_tripstarttime":"19:30","sch_tripendtime":"19:30","lastlocationid":0,"currentlocationid":22092,"nextlocationid":0,"currentstop":null,"nextstop":null,"laststop":null,"stopCoveredStatus":0,"heading":0,"lastrefreshon":"30-08-2024 12:55:01","lastreceiveddatetimeflag":0,"tripposition":3}]},{"routeid":7726,"stationid":29167,"stationname":"Mylappanahalli","from":"Madappanahalli","to":"KR Market","routeno":"266-K","distance_on_station":3.663,"centerlat":13.13653,"centerlong":77.53511,"responsecode":200,"isnotify":0,"vehicleDetails":[{"vehicleid":26888,"vehiclenumber":"KA57F5712","servicetypeid":72,"servicetype":"Non AC/Ordinary","centerlat":0,"centerlong":0,"eta":"","sch_arrivaltime":"19:38","sch_departuretime":"19:38","actual_arrivaltime":"","actual_departuretime":"","sch_tripstarttime":"19:30","sch_tripendtime":"19:30","lastlocationid":0,"currentlocationid":22092,"nextlocationid":0,"currentstop":null,"nextstop":null,"laststop":null,"stopCoveredStatus":0,"heading":0,"lastrefreshon":"30-08-2024 12:55:01","lastreceiveddatetimeflag":0,"tripposition":3}]},{"routeid":7726,"stationid":34081,"stationname":"Nammura Sarkari School","from":"Madappanahalli","to":"KR Market","routeno":"266-K","distance_on_station":3.955,"centerlat":13.13415,"centerlong":77.5341,"responsecode":200,"isnotify":0,"vehicleDetails":[{"vehicleid":26888,"vehiclenumber":"KA57F5712","servicetypeid":72,"servicetype":"Non AC/Ordinary","centerlat":0,"centerlong":0,"eta":"","sch_arrivaltime":"19:39","sch_departuretime":"19:39","actual_arrivaltime":"","actual_departuretime":"","sch_tripstarttime":"19:30","sch_tripendtime":"19:30","lastlocationid":0,"currentlocationid":22092,"nextlocationid":0,"currentstop":null,"nextstop":null,"laststop":null,"stopCoveredStatus":0,"heading":0,"lastrefreshon":"30-08-2024 12:55:01","lastreceiveddatetimeflag":0,"tripposition":3}]},{"routeid":7726,"stationid":32439,"stationname":"Design Global Mavallipura","from":"Madappanahalli","to":"KR Market","routeno":"266-K","distance_on_station":4.452,"centerlat":13.13126,"centerlong":77.53097,"responsecode":200,"isnotify":0,"vehicleDetails":[{"vehicleid":26888,"vehiclenumber":"KA57F5712","servicetypeid":72,"servicetype":"Non AC/Ordinary","centerlat":0,"centerlong":0,"eta":"","sch_arrivaltime":"19:40","sch_departuretime":"19:40","actual_arrivaltime":"","actual_departuretime":"","sch_tripstarttime":"19:30","sch_tripendtime":"19:30","lastlocationid":0,"currentlocationid":22092,"nextlocationid":0,"currentstop":null,"nextstop":null,"laststop":null,"stopCoveredStatus":0,"heading":0,"lastrefreshon":"30-08-2024 12:55:01","lastreceiveddatetimeflag":0,"tripposition":3}]},{"routeid":7726,"stationid":33883,"stationname":"Mavallipura","from":"Madappanahalli","to":"KR Market","routeno":"266-K","distance_on_station":5.007,"centerlat":13.12759,"centerlong":77.52907,"responsecode":200,"isnotify":0,"vehicleDetails":[{"vehicleid":26888,"vehiclenumber":"KA57F5712","servicetypeid":72,"servicetype":"Non AC/Ordinary","centerlat":0,"centerlong":0,"eta":"","sch_arrivaltime":"19:41","sch_departuretime":"19:41","actual_arrivaltime":"","actual_departuretime":"","sch_tripstarttime":"19:30","sch_tripendtime":"19:30","lastlocationid":0,"currentlocationid":22092,"nextlocationid":0,"currentstop":null,"nextstop":null,"laststop":null,"stopCoveredStatus":0,"heading":0,"lastrefreshon":"30-08-2024 12:55:01","lastreceiveddatetimeflag":0,"tripposition":3}]},{"routeid":7726,"stationid":28417,"stationname":"Kurubarahalli Cross","from":"Madappanahalli","to":"KR Market","routeno":"266-K","distance_on_station":6.059,"centerlat":13.1267,"centerlong":77.51961,"responsecode":200,"isnotify":0,"vehicleDetails":[{"vehicleid":26888,"vehiclenumber":"KA57F5712","servicetypeid":72,"servicetype":"Non AC/Ordinary","centerlat":0,"centerlong":0,"eta":"","sch_arrivaltime":"19:43","sch_departuretime":"19:43","actual_arrivaltime":"","actual_departuretime":"","sch_tripstarttime":"19:30","sch_tripendtime":"19:30","lastlocationid":0,"currentlocationid":22092,"nextlocationid":0,"currentstop":null,"nextstop":null,"laststop":null,"stopCoveredStatus":0,"heading":0,"lastrefreshon":"30-08-2024 12:55:01","lastreceiveddatetimeflag":0,"tripposition":3}]},{"routeid":7726,"stationid":24491,"stationname":"Chikka Byalakere","from":"Madappanahalli","to":"KR Market","routeno":"266-K","distance_on_station":6.878,"centerlat":13.11965,"centerlong":77.52161,"responsecode":200,"isnotify":0,"vehicleDetails":[{"vehicleid":26888,"vehiclenumber":"KA57F5712","servicetypeid":72,"servicetype":"Non AC/Ordinary","centerlat":0,"centerlong":0,"eta":"","sch_arrivaltime":"19:44","sch_departuretime":"19:44","actual_arrivaltime":"","actual_departuretime":"","sch_tripstarttime":"19:30","sch_tripendtime":"19:30","lastlocationid":0,"currentlocationid":22092,"nextlocationid":0,"currentstop":null,"nextstop":null,"laststop":null,"stopCoveredStatus":0,"heading":0,"lastrefreshon":"30-08-2024 12:55:01","lastreceiveddatetimeflag":0,"tripposition":3}]},{"routeid":7726,"stationid":32499,"stationname":"Dodda Byalakere","from":"Madappanahalli","to":"KR Market","routeno":"266-K","distance_on_station":7.793,"centerlat":13.11275,"centerlong":77.52495,"responsecode":200,"isnotify":0,"vehicleDetails":[{"vehicleid":26888,"vehiclenumber":"KA57F5712","servicetypeid":72,"servicetype":"Non AC/Ordinary","centerlat":0,"centerlong":0,"eta":"","sch_arrivaltime":"19:46","sch_departuretime":"19:46","actual_arrivaltime":"","actual_departuretime":"","sch_tripstarttime":"19:30","sch_tripendtime":"19:30","lastlocationid":0,"currentlocationid":22092,"nextlocationid":0,"currentstop":null,"nextstop":null,"laststop":null,"stopCoveredStatus":0,"heading":0,"lastrefreshon":"30-08-2024 12:55:01","lastreceiveddatetimeflag":0,"tripposition":3}]},{"routeid":7726,"stationid":24669,"stationname":"Choudappa Layout","from":"Madappanahalli","to":"KR Market","routeno":"266-K","distance_on_station":8.29,"centerlat":13.10983,"centerlong":77.5281,"responsecode":200,"isnotify":0,"vehicleDetails":[{"vehicleid":26888,"vehiclenumber":"KA57F5712","servicetypeid":72,"servicetype":"Non AC/Ordinary","centerlat":0,"centerlong":0,"eta":"","sch_arrivaltime":"19:47","sch_departuretime":"19:47","actual_arrivaltime":"","actual_departuretime":"","sch_tripstarttime":"19:30","sch_tripendtime":"19:30","lastlocationid":0,"currentlocationid":22092,"nextlocationid":0,"currentstop":null,"nextstop":null,"laststop":null,"stopCoveredStatus":0,"heading":0,"lastrefreshon":"30-08-2024 12:55:01","lastreceiveddatetimeflag":0,"tripposition":3}]},{"routeid":7726,"stationid":33907,"stationname":"Medi Agrahara Cross","from":"Madappanahalli","to":"KR Market","routeno":"266-K","distance_on_station":9.293,"centerlat":13.1013,"centerlong":77.53071,"responsecode":200,"isnotify":0,"vehicleDetails":[{"vehicleid":26888,"vehiclenumber":"KA57F5712","servicetypeid":72,"servicetype":"Non AC/Ordinary","centerlat":0,"centerlong":0,"eta":"","sch_arrivaltime":"19:49","sch_departuretime":"19:49","actual_arrivaltime":"","actual_departuretime":"","sch_tripstarttime":"19:30","sch_tripendtime":"19:30","lastlocationid":0,"currentlocationid":22092,"nextlocationid":0,"currentstop":null,"nextstop":null,"laststop":null,"stopCoveredStatus":0,"heading":0,"lastrefreshon":"30-08-2024 12:55:01","lastreceiveddatetimeflag":0,"tripposition":3}]},{"routeid":7726,"stationid":33684,"stationname":"Lakshmipura Cross","from":"Madappanahalli","to":"KR Market","routeno":"266-K","distance_on_station":10.365,"centerlat":13.09209,"centerlong":77.534,"responsecode":200,"isnotify":0,"vehicleDetails":[{"vehicleid":26888,"vehiclenumber":"KA57F5712","servicetypeid":72,"servicetype":"Non AC/Ordinary","centerlat":0,"centerlong":0,"eta":"","sch_arrivaltime":"19:51","sch_departuretime":"19:51","actual_arrivaltime":"","actual_departuretime":"","sch_tripstarttime":"19:30","sch_tripendtime":"19:30","lastlocationid":0,"currentlocationid":22092,"nextlocationid":0,"currentstop":null,"nextstop":null,"laststop":null,"stopCoveredStatus":0,"heading":0,"lastrefreshon":"30-08-2024 12:55:01","lastreceiveddatetimeflag":0,"tripposition":3}]},{"routeid":7726,"stationid":30786,"stationname":"Kanshiram Nagara","from":"Madappanahalli","to":"KR Market","routeno":"266-K","distance_on_station":10.93,"centerlat":13.09064,"centerlong":77.53892,"responsecode":200,"isnotify":0,"vehicleDetails":[{"vehicleid":26888,"vehiclenumber":"KA57F5712","servicetypeid":72,"servicetype":"Non AC/Ordinary","centerlat":0,"centerlong":0,"eta":"","sch_arrivaltime":"19:52","sch_departuretime":"19:52","actual_arrivaltime":"","actual_departuretime":"","sch_tripstarttime":"19:30","sch_tripendtime":"19:30","lastlocationid":0,"currentlocationid":22092,"nextlocationid":0,"currentstop":null,"nextstop":null,"laststop":null,"stopCoveredStatus":0,"heading":0,"lastrefreshon":"30-08-2024 12:55:01","lastreceiveddatetimeflag":0,"tripposition":3}]},{"routeid":7726,"stationid":31972,"stationname":"Best County","from":"Madappanahalli","to":"KR Market","routeno":"266-K","distance_on_station":11.553,"centerlat":13.08935,"centerlong":77.5447,"responsecode":200,"isnotify":0,"vehicleDetails":[{"vehicleid":26888,"vehiclenumber":"KA57F5712","servicetypeid":72,"servicetype":"Non AC/Ordinary","centerlat":0,"centerlong":0,"eta":"","sch_arrivaltime":"19:53","sch_departuretime":"19:53","actual_arrivaltime":"","actual_departuretime":"","sch_tripstarttime":"19:30","sch_tripendtime":"19:30","lastlocationid":0,"currentlocationid":22092,"nextlocationid":0,"currentstop":null,"nextstop":null,"laststop":null,"stopCoveredStatus":0,"heading":0,"lastrefreshon":"30-08-2024 12:55:01","lastreceiveddatetimeflag":0,"tripposition":3}]},{"routeid":7726,"stationid":34459,"stationname":"Sambhram College","from":"Madappanahalli","to":"KR Market","routeno":"266-K","distance_on_station":11.797,"centerlat":13.0883,"centerlong":77.54669,"responsecode":200,"isnotify":0,"vehicleDetails":[{"vehicleid":26888,"vehiclenumber":"KA57F5712","servicetypeid":72,"servicetype":"Non AC/Ordinary","centerlat":0,"centerlong":0,"eta":"","sch_arrivaltime":"19:54","sch_departuretime":"19:54","actual_arrivaltime":"","actual_departuretime":"","sch_tripstarttime":"19:30","sch_tripendtime":"19:30","lastlocationid":0,"currentlocationid":22092,"nextlocationid":0,"currentstop":null,"nextstop":null,"laststop":null,"stopCoveredStatus":0,"heading":0,"lastrefreshon":"30-08-2024 12:55:01","lastreceiveddatetimeflag":0,"tripposition":3}]},{"routeid":7726,"stationid":33957,"stationname":"MS Palya","from":"Madappanahalli","to":"KR Market","routeno":"266-K","distance_on_station":12.635,"centerlat":13.08145,"centerlong":77.54831,"responsecode":200,"isnotify":0,"vehicleDetails":[{"vehicleid":26888,"vehiclenumber":"KA57F5712","servicetypeid":72,"servicetype":"Non AC/Ordinary","centerlat":0,"centerlong":0,"eta":"","sch_arrivaltime":"19:56","sch_departuretime":"19:56","actual_arrivaltime":"","actual_departuretime":"","sch_tripstarttime":"19:30","sch_tripendtime":"19:30","lastlocationid":0,"currentlocationid":22092,"nextlocationid":0,"currentstop":null,"nextstop":null,"laststop":null,"stopCoveredStatus":0,"heading":0,"lastrefreshon":"30-08-2024 12:55:01","lastreceiveddatetimeflag":0,"tripposition":3}]},{"routeid":7726,"stationid":22467,"stationname":"SBI Bank","from":"Madappanahalli","to":"KR Market","routeno":"266-K","distance_on_station":13.638,"centerlat":13.07239,"centerlong":77.54625,"responsecode":200,"isnotify":0,"vehicleDetails":[{"vehicleid":26888,"vehiclenumber":"KA57F5712","servicetypeid":72,"servicetype":"Non AC/Ordinary","centerlat":0,"centerlong":0,"eta":"","sch_arrivaltime":"19:58","sch_departuretime":"19:58","actual_arrivaltime":"","actual_departuretime":"","sch_tripstarttime":"19:30","sch_tripendtime":"19:30","lastlocationid":0,"currentlocationid":22092,"nextlocationid":0,"currentstop":null,"nextstop":null,"laststop":null,"stopCoveredStatus":0,"heading":0,"lastrefreshon":"30-08-2024 12:55:01","lastreceiveddatetimeflag":0,"tripposition":3}]},{"routeid":7726,"stationid":22092,"stationname":"Jalahalli East","from":"Madappanahalli","to":"KR Market","routeno":"266-K","distance_on_station":14.203,"centerlat":13.06759,"centerlong":77.54464,"responsecode":200,"isnotify":0,"vehicleDetails":[{"vehicleid":26888,"vehiclenumber":"KA57F5712","servicetypeid":72,"servicetype":"Non AC/Ordinary","centerlat":0,"centerlong":0,"eta":"","sch_arrivaltime":"19:59","sch_departuretime":"19:59","actual_arrivaltime":"","actual_departuretime":"","sch_tripstarttime":"19:30","sch_tripendtime":"19:30","lastlocationid":0,"currentlocationid":22092,"nextlocationid":0,"currentstop":null,"nextstop":null,"laststop":null,"stopCoveredStatus":0,"heading":0,"lastrefreshon":"30-08-2024 12:55:01","lastreceiveddatetimeflag":0,"tripposition":3}]},{"routeid":7726,"stationid":22163,"stationname":"Kendriya Vidyalaya","from":"Madappanahalli","to":"KR Market","routeno":"266-K","distance_on_station":14.427,"centerlat":13.06556,"centerlong":77.54428,"responsecode":200,"isnotify":0,"vehicleDetails":[{"vehicleid":26888,"vehiclenumber":"KA57F5712","servicetypeid":72,"servicetype":"Non AC/Ordinary","centerlat":0,"centerlong":0,"eta":"","sch_arrivaltime":"20:00","sch_departuretime":"20:00","actual_arrivaltime":"","actual_departuretime":"","sch_tripstarttime":"19:30","sch_tripendtime":"19:30","lastlocationid":0,"currentlocationid":22092,"nextlocationid":0,"currentstop":null,"nextstop":null,"laststop":null,"stopCoveredStatus":0,"heading":0,"lastrefreshon":"30-08-2024 12:55:01","lastreceiveddatetimeflag":0,"tripposition":3}]},{"routeid":7726,"stationid":25311,"stationname":"Gangamma Circle","from":"Madappanahalli","to":"KR Market","routeno":"266-K","distance_on_station":15.314,"centerlat":13.05776,"centerlong":77.54635,"responsecode":200,"isnotify":0,"vehicleDetails":[{"vehicleid":26888,"vehiclenumber":"KA57F5712","servicetypeid":72,"servicetype":"Non AC/Ordinary","centerlat":0,"centerlong":0,"eta":"","sch_arrivaltime":"20:02","sch_departuretime":"20:02","actual_arrivaltime":"","actual_departuretime":"","sch_tripstarttime":"19:30","sch_tripendtime":"19:30","lastlocationid":0,"currentlocationid":22092,"nextlocationid":0,"currentstop":null,"nextstop":null,"laststop":null,"stopCoveredStatus":0,"heading":0,"lastrefreshon":"30-08-2024 12:55:01","lastreceiveddatetimeflag":0,"tripposition":3}]},{"routeid":7726,"stationid":35215,"stationname":"HMT Club House","from":"Madappanahalli","to":"KR Market","routeno":"266-K","distance_on_station":15.976,"centerlat":13.0535,"centerlong":77.55068,"responsecode":200,"isnotify":0,"vehicleDetails":[{"vehicleid":26888,"vehiclenumber":"KA57F5712","servicetypeid":72,"servicetype":"Non AC/Ordinary","centerlat":0,"centerlong":0,"eta":"","sch_arrivaltime":"20:04","sch_departuretime":"20:04","actual_arrivaltime":"","actual_departuretime":"","sch_tripstarttime":"19:30","sch_tripendtime":"19:30","lastlocationid":0,"currentlocationid":22092,"nextlocationid":0,"currentstop":null,"nextstop":null,"laststop":null,"stopCoveredStatus":0,"heading":0,"lastrefreshon":"30-08-2024 12:55:01","lastreceiveddatetimeflag":0,"tripposition":3}]},{"routeid":7726,"stationid":35683,"stationname":"BEL Market 1","from":"Madappanahalli","to":"KR Market","routeno":"266-K","distance_on_station":16.19,"centerlat":13.05192,"centerlong":77.55193,"responsecode":200,"isnotify":0,"vehicleDetails":[{"vehicleid":26888,"vehiclenumber":"KA57F5712","servicetypeid":72,"servicetype":"Non AC/Ordinary","centerlat":0,"centerlong":0,"eta":"","sch_arrivaltime":"20:05","sch_departuretime":"20:05","actual_arrivaltime":"","actual_departuretime":"","sch_tripstarttime":"19:30","sch_tripendtime":"19:30","lastlocationid":0,"currentlocationid":22092,"nextlocationid":0,"currentstop":null,"nextstop":null,"laststop":null,"stopCoveredStatus":0,"heading":0,"lastrefreshon":"30-08-2024 12:55:01","lastreceiveddatetimeflag":0,"tripposition":3}]},{"routeid":7726,"stationid":22705,"stationname":"State Bank of India","from":"Madappanahalli","to":"KR Market","routeno":"266-K","distance_on_station":16.453,"centerlat":13.05051,"centerlong":77.55309,"responsecode":200,"isnotify":0,"vehicleDetails":[{"vehicleid":26888,"vehiclenumber":"KA57F5712","servicetypeid":72,"servicetype":"Non AC/Ordinary","centerlat":0,"centerlong":0,"eta":"","sch_arrivaltime":"20:06","sch_departuretime":"20:06","actual_arrivaltime":"","actual_departuretime":"","sch_tripstarttime":"19:30","sch_tripendtime":"19:30","lastlocationid":0,"currentlocationid":22092,"nextlocationid":0,"currentstop":null,"nextstop":null,"laststop":null,"stopCoveredStatus":0,"heading":0,"lastrefreshon":"30-08-2024 12:55:01","lastreceiveddatetimeflag":0,"tripposition":3}]},{"routeid":7726,"stationid":20637,"stationname":"BEL Circle","from":"Madappanahalli","to":"KR Market","routeno":"266-K","distance_on_station":17.077,"centerlat":13.0452,"centerlong":77.55669,"responsecode":200,"isnotify":0,"vehicleDetails":[{"vehicleid":26888,"vehiclenumber":"KA57F5712","servicetypeid":72,"servicetype":"Non AC/Ordinary","centerlat":0,"centerlong":0,"eta":"","sch_arrivaltime":"20:07","sch_departuretime":"20:07","actual_arrivaltime":"","actual_departuretime":"","sch_tripstarttime":"19:30","sch_tripendtime":"19:30","lastlocationid":0,"currentlocationid":22092,"nextlocationid":0,"currentstop":null,"nextstop":null,"laststop":null,"stopCoveredStatus":0,"heading":0,"lastrefreshon":"30-08-2024 12:55:01","lastreceiveddatetimeflag":0,"tripposition":3}]},{"routeid":7726,"stationid":21968,"stationname":"Gokula","from":"Madappanahalli","to":"KR Market","routeno":"266-K","distance_on_station":17.496,"centerlat":13.0415,"centerlong":77.55722,"responsecode":200,"isnotify":0,"vehicleDetails":[{"vehicleid":26888,"vehiclenumber":"KA57F5712","servicetypeid":72,"servicetype":"Non AC/Ordinary","centerlat":0,"centerlong":0,"eta":"","sch_arrivaltime":"20:08","sch_departuretime":"20:08","actual_arrivaltime":"","actual_departuretime":"","sch_tripstarttime":"19:30","sch_tripendtime":"19:30","lastlocationid":0,"currentlocationid":22092,"nextlocationid":0,"currentstop":null,"nextstop":null,"laststop":null,"stopCoveredStatus":0,"heading":0,"lastrefreshon":"30-08-2024 12:55:01","lastreceiveddatetimeflag":0,"tripposition":3}]},{"routeid":7726,"stationid":22276,"stationname":"Mathikere","from":"Madappanahalli","to":"KR Market","routeno":"266-K","distance_on_station":18.236,"centerlat":13.03467,"centerlong":77.55748,"responsecode":200,"isnotify":0,"vehicleDetails":[{"vehicleid":26888,"vehiclenumber":"KA57F5712","servicetypeid":72,"servicetype":"Non AC/Ordinary","centerlat":0,"centerlong":0,"eta":"","sch_arrivaltime":"20:10","sch_departuretime":"20:10","actual_arrivaltime":"","actual_departuretime":"","sch_tripstarttime":"19:30","sch_tripendtime":"19:30","lastlocationid":0,"currentlocationid":22092,"nextlocationid":0,"currentstop":null,"nextstop":null,"laststop":null,"stopCoveredStatus":0,"heading":0,"lastrefreshon":"30-08-2024 12:55:01","lastreceiveddatetimeflag":0,"tripposition":3}]},{"routeid":7726,"stationid":22306,"stationname":"MS Ramaiah College","from":"Madappanahalli","to":"KR Market","routeno":"266-K","distance_on_station":19.025,"centerlat":13.02871,"centerlong":77.56159,"responsecode":200,"isnotify":0,"vehicleDetails":[{"vehicleid":26888,"vehiclenumber":"KA57F5712","servicetypeid":72,"servicetype":"Non AC/Ordinary","centerlat":0,"centerlong":0,"eta":"","sch_arrivaltime":"20:13","sch_departuretime":"20:13","actual_arrivaltime":"","actual_departuretime":"","sch_tripstarttime":"19:30","sch_tripendtime":"19:30","lastlocationid":0,"currentlocationid":22092,"nextlocationid":0,"currentstop":null,"nextstop":null,"laststop":null,"stopCoveredStatus":0,"heading":0,"lastrefreshon":"30-08-2024 12:55:01","lastreceiveddatetimeflag":0,"tripposition":3}]},{"routeid":7726,"stationid":21899,"stationname":"Diwanarapalya","from":"Madappanahalli","to":"KR Market","routeno":"266-K","distance_on_station":19.24,"centerlat":13.02679,"centerlong":77.56182,"responsecode":200,"isnotify":0,"vehicleDetails":[{"vehicleid":26888,"vehiclenumber":"KA57F5712","servicetypeid":72,"servicetype":"Non AC/Ordinary","centerlat":0,"centerlong":0,"eta":"","sch_arrivaltime":"20:14","sch_departuretime":"20:14","actual_arrivaltime":"","actual_departuretime":"","sch_tripstarttime":"19:30","sch_tripendtime":"19:30","lastlocationid":0,"currentlocationid":22092,"nextlocationid":0,"currentstop":null,"nextstop":null,"laststop":null,"stopCoveredStatus":0,"heading":0,"lastrefreshon":"30-08-2024 12:55:01","lastreceiveddatetimeflag":0,"tripposition":3}]},{"routeid":7726,"stationid":21690,"stationname":"Ayyappa Temple Yashawanthapura","from":"Madappanahalli","to":"KR Market","routeno":"266-K","distance_on_station":19.814,"centerlat":13.02167,"centerlong":77.56321,"responsecode":200,"isnotify":0,"vehicleDetails":[{"vehicleid":26888,"vehiclenumber":"KA57F5712","servicetypeid":72,"servicetype":"Non AC/Ordinary","centerlat":0,"centerlong":0,"eta":"","sch_arrivaltime":"20:15","sch_departuretime":"20:15","actual_arrivaltime":"","actual_departuretime":"","sch_tripstarttime":"19:30","sch_tripendtime":"19:30","lastlocationid":0,"currentlocationid":22092,"nextlocationid":0,"currentstop":null,"nextstop":null,"laststop":null,"stopCoveredStatus":0,"heading":0,"lastrefreshon":"30-08-2024 12:55:01","lastreceiveddatetimeflag":0,"tripposition":3}]},{"routeid":7726,"stationid":22647,"stationname":"Yeshawanthapura Tollgate","from":"Madappanahalli","to":"KR Market","routeno":"266-K","distance_on_station":20.282,"centerlat":13.01797,"centerlong":77.56097,"responsecode":200,"isnotify":0,"vehicleDetails":[{"vehicleid":26888,"vehiclenumber":"KA57F5712","servicetypeid":72,"servicetype":"Non AC/Ordinary","centerlat":0,"centerlong":0,"eta":"","sch_arrivaltime":"20:16","sch_departuretime":"20:16","actual_arrivaltime":"","actual_departuretime":"","sch_tripstarttime":"19:30","sch_tripendtime":"19:30","lastlocationid":0,"currentlocationid":22092,"nextlocationid":0,"currentstop":null,"nextstop":null,"laststop":null,"stopCoveredStatus":0,"heading":0,"lastrefreshon":"30-08-2024 12:55:01","lastreceiveddatetimeflag":0,"tripposition":3}]},{"routeid":7726,"stationid":21214,"stationname":"Tata Institute","from":"Madappanahalli","to":"KR Market","routeno":"266-K","distance_on_station":21.237,"centerlat":13.01313,"centerlong":77.56755,"responsecode":200,"isnotify":0,"vehicleDetails":[{"vehicleid":26888,"vehiclenumber":"KA57F5712","servicetypeid":72,"servicetype":"Non AC/Ordinary","centerlat":0,"centerlong":0,"eta":"","sch_arrivaltime":"20:18","sch_departuretime":"20:18","actual_arrivaltime":"","actual_departuretime":"","sch_tripstarttime":"19:30","sch_tripendtime":"19:30","lastlocationid":0,"currentlocationid":22092,"nextlocationid":0,"currentstop":null,"nextstop":null,"laststop":null,"stopCoveredStatus":0,"heading":0,"lastrefreshon":"30-08-2024 12:55:01","lastreceiveddatetimeflag":0,"tripposition":3}]},{"routeid":7726,"stationid":20573,"stationname":"Malleshwara 18th Cross","from":"Madappanahalli","to":"KR Market","routeno":"266-K","distance_on_station":21.655,"centerlat":13.00894,"centerlong":77.56918,"responsecode":200,"isnotify":0,"vehicleDetails":[{"vehicleid":26888,"vehiclenumber":"KA57F5712","servicetypeid":72,"servicetype":"Non AC/Ordinary","centerlat":0,"centerlong":0,"eta":"","sch_arrivaltime":"20:19","sch_departuretime":"20:19","actual_arrivaltime":"","actual_departuretime":"","sch_tripstarttime":"19:30","sch_tripendtime":"19:30","lastlocationid":0,"currentlocationid":22092,"nextlocationid":0,"currentstop":null,"nextstop":null,"laststop":null,"stopCoveredStatus":0,"heading":0,"lastrefreshon":"30-08-2024 12:55:01","lastreceiveddatetimeflag":0,"tripposition":3}]},{"routeid":7726,"stationid":20564,"stationname":"Malleshwara 13th Cross","from":"Madappanahalli","to":"KR Market","routeno":"266-K","distance_on_station":22.337,"centerlat":13.00408,"centerlong":77.56923,"responsecode":200,"isnotify":0,"vehicleDetails":[{"vehicleid":26888,"vehiclenumber":"KA57F5712","servicetypeid":72,"servicetype":"Non AC/Ordinary","centerlat":0,"centerlong":0,"eta":"","sch_arrivaltime":"20:20","sch_departuretime":"20:20","actual_arrivaltime":"","actual_departuretime":"","sch_tripstarttime":"19:30","sch_tripendtime":"19:30","lastlocationid":0,"currentlocationid":22092,"nextlocationid":0,"currentstop":null,"nextstop":null,"laststop":null,"stopCoveredStatus":0,"heading":0,"lastrefreshon":"30-08-2024 12:55:01","lastreceiveddatetimeflag":0,"tripposition":3}]},{"routeid":7726,"stationid":20562,"stationname":"Malleshwara 11th Cross","from":"Madappanahalli","to":"KR Market","routeno":"266-K","distance_on_station":22.522,"centerlat":13.00238,"centerlong":77.5693,"responsecode":200,"isnotify":0,"vehicleDetails":[{"vehicleid":26888,"vehiclenumber":"KA57F5712","servicetypeid":72,"servicetype":"Non AC/Ordinary","centerlat":0,"centerlong":0,"eta":"","sch_arrivaltime":"20:21","sch_departuretime":"20:21","actual_arrivaltime":"","actual_departuretime":"","sch_tripstarttime":"19:30","sch_tripendtime":"19:30","lastlocationid":0,"currentlocationid":22092,"nextlocationid":0,"currentstop":null,"nextstop":null,"laststop":null,"stopCoveredStatus":0,"heading":0,"lastrefreshon":"30-08-2024 12:55:01","lastreceiveddatetimeflag":0,"tripposition":3}]},{"routeid":7726,"stationid":20589,"stationname":"Malleshwara 8th Cross","from":"Madappanahalli","to":"KR Market","routeno":"266-K","distance_on_station":22.815,"centerlat":12.99969,"centerlong":77.56933,"responsecode":200,"isnotify":0,"vehicleDetails":[{"vehicleid":26888,"vehiclenumber":"KA57F5712","servicetypeid":72,"servicetype":"Non AC/Ordinary","centerlat":0,"centerlong":0,"eta":"","sch_arrivaltime":"20:22","sch_departuretime":"20:22","actual_arrivaltime":"","actual_departuretime":"","sch_tripstarttime":"19:30","sch_tripendtime":"19:30","lastlocationid":0,"currentlocationid":22092,"nextlocationid":0,"currentstop":null,"nextstop":null,"laststop":null,"stopCoveredStatus":0,"heading":0,"lastrefreshon":"30-08-2024 12:55:01","lastreceiveddatetimeflag":0,"tripposition":3}]},{"routeid":7726,"stationid":20989,"stationname":"Malleshwara Circle","from":"Madappanahalli","to":"KR Market","routeno":"266-K","distance_on_station":23.078,"centerlat":12.99727,"centerlong":77.56945,"responsecode":200,"isnotify":0,"vehicleDetails":[{"vehicleid":26888,"vehiclenumber":"KA57F5712","servicetypeid":72,"servicetype":"Non AC/Ordinary","centerlat":0,"centerlong":0,"eta":"","sch_arrivaltime":"20:23","sch_departuretime":"20:23","actual_arrivaltime":"","actual_departuretime":"","sch_tripstarttime":"19:30","sch_tripendtime":"19:30","lastlocationid":0,"currentlocationid":22092,"nextlocationid":0,"currentstop":null,"nextstop":null,"laststop":null,"stopCoveredStatus":0,"heading":0,"lastrefreshon":"30-08-2024 12:55:01","lastreceiveddatetimeflag":0,"tripposition":3}]},{"routeid":7726,"stationid":20971,"stationname":"Link Road","from":"Madappanahalli","to":"KR Market","routeno":"266-K","distance_on_station":23.808,"centerlat":12.99426,"centerlong":77.57388,"responsecode":200,"isnotify":0,"vehicleDetails":[{"vehicleid":26888,"vehiclenumber":"KA57F5712","servicetypeid":72,"servicetype":"Non AC/Ordinary","centerlat":0,"centerlong":0,"eta":"","sch_arrivaltime":"20:25","sch_departuretime":"20:25","actual_arrivaltime":"","actual_departuretime":"","sch_tripstarttime":"19:30","sch_tripendtime":"19:30","lastlocationid":0,"currentlocationid":22092,"nextlocationid":0,"currentstop":null,"nextstop":null,"laststop":null,"stopCoveredStatus":0,"heading":0,"lastrefreshon":"30-08-2024 12:55:01","lastreceiveddatetimeflag":0,"tripposition":3}]},{"routeid":7726,"stationid":26782,"stationname":"Swastik Sheshadripuram College","from":"Madappanahalli","to":"KR Market","routeno":"266-K","distance_on_station":24.529,"centerlat":12.98851,"centerlong":77.57414,"responsecode":200,"isnotify":0,"vehicleDetails":[{"vehicleid":26888,"vehiclenumber":"KA57F5712","servicetypeid":72,"servicetype":"Non AC/Ordinary","centerlat":0,"centerlong":0,"eta":"","sch_arrivaltime":"20:27","sch_departuretime":"20:27","actual_arrivaltime":"","actual_departuretime":"","sch_tripstarttime":"19:30","sch_tripendtime":"19:30","lastlocationid":0,"currentlocationid":22092,"nextlocationid":0,"currentstop":null,"nextstop":null,"laststop":null,"stopCoveredStatus":0,"heading":0,"lastrefreshon":"30-08-2024 12:55:01","lastreceiveddatetimeflag":0,"tripposition":3}]},{"routeid":7726,"stationid":29506,"stationname":"Ananda Rao Circle","from":"Madappanahalli","to":"KR Market","routeno":"266-K","distance_on_station":25.406,"centerlat":12.98074,"centerlong":77.57503,"responsecode":200,"isnotify":0,"vehicleDetails":[{"vehicleid":26888,"vehiclenumber":"KA57F5712","servicetypeid":72,"servicetype":"Non AC/Ordinary","centerlat":0,"centerlong":0,"eta":"","sch_arrivaltime":"20:29","sch_departuretime":"20:29","actual_arrivaltime":"","actual_departuretime":"","sch_tripstarttime":"19:30","sch_tripendtime":"19:30","lastlocationid":0,"currentlocationid":22092,"nextlocationid":0,"currentstop":null,"nextstop":null,"laststop":null,"stopCoveredStatus":0,"heading":0,"lastrefreshon":"30-08-2024 12:55:01","lastreceiveddatetimeflag":0,"tripposition":3}]},{"routeid":7726,"stationid":20981,"stationname":"Maharani College","from":"Madappanahalli","to":"KR Market","routeno":"266-K","distance_on_station":26.653,"centerlat":12.97703,"centerlong":77.5858,"responsecode":200,"isnotify":0,"vehicleDetails":[{"vehicleid":26888,"vehiclenumber":"KA57F5712","servicetypeid":72,"servicetype":"Non AC/Ordinary","centerlat":0,"centerlong":0,"eta":"","sch_arrivaltime":"20:32","sch_departuretime":"20:32","actual_arrivaltime":"","actual_departuretime":"","sch_tripstarttime":"19:30","sch_tripendtime":"19:30","lastlocationid":0,"currentlocationid":22092,"nextlocationid":0,"currentstop":null,"nextstop":null,"laststop":null,"stopCoveredStatus":0,"heading":0,"lastrefreshon":"30-08-2024 12:55:01","lastreceiveddatetimeflag":0,"tripposition":3}]},{"routeid":7726,"stationid":20939,"stationname":"KR Circle","from":"Madappanahalli","to":"KR Market","routeno":"266-K","distance_on_station":27.052,"centerlat":12.97386,"centerlong":77.58661,"responsecode":200,"isnotify":0,"vehicleDetails":[{"vehicleid":26888,"vehiclenumber":"KA57F5712","servicetypeid":72,"servicetype":"Non AC/Ordinary","centerlat":0,"centerlong":0,"eta":"","sch_arrivaltime":"20:33","sch_departuretime":"20:33","actual_arrivaltime":"","actual_departuretime":"","sch_tripstarttime":"19:30","sch_tripendtime":"19:30","lastlocationid":0,"currentlocationid":22092,"nextlocationid":0,"currentstop":null,"nextstop":null,"laststop":null,"stopCoveredStatus":0,"heading":0,"lastrefreshon":"30-08-2024 12:55:01","lastreceiveddatetimeflag":0,"tripposition":3}]},{"routeid":7726,"stationid":21195,"stationname":"St Marthas Hospital","from":"Madappanahalli","to":"KR Market","routeno":"266-K","distance_on_station":27.578,"centerlat":12.96945,"centerlong":77.58716,"responsecode":200,"isnotify":0,"vehicleDetails":[{"vehicleid":26888,"vehiclenumber":"KA57F5712","servicetypeid":72,"servicetype":"Non AC/Ordinary","centerlat":0,"centerlong":0,"eta":"","sch_arrivaltime":"20:34","sch_departuretime":"20:34","actual_arrivaltime":"","actual_departuretime":"","sch_tripstarttime":"19:30","sch_tripendtime":"19:30","lastlocationid":0,"currentlocationid":22092,"nextlocationid":0,"currentstop":null,"nextstop":null,"laststop":null,"stopCoveredStatus":0,"heading":0,"lastrefreshon":"30-08-2024 12:55:01","lastreceiveddatetimeflag":0,"tripposition":3}]},{"routeid":7726,"stationid":20727,"stationname":"Corporation","from":"Madappanahalli","to":"KR Market","routeno":"266-K","distance_on_station":27.939,"centerlat":12.96701,"centerlong":77.58822,"responsecode":200,"isnotify":0,"vehicleDetails":[{"vehicleid":26888,"vehiclenumber":"KA57F5712","servicetypeid":72,"servicetype":"Non AC/Ordinary","centerlat":0,"centerlong":0,"eta":"","sch_arrivaltime":"20:35","sch_departuretime":"20:35","actual_arrivaltime":"","actual_departuretime":"","sch_tripstarttime":"19:30","sch_tripendtime":"19:30","lastlocationid":0,"currentlocationid":22092,"nextlocationid":0,"currentstop":null,"nextstop":null,"laststop":null,"stopCoveredStatus":0,"heading":0,"lastrefreshon":"30-08-2024 12:55:01","lastreceiveddatetimeflag":0,"tripposition":3}]},{"routeid":7726,"stationid":21232,"stationname":"Town Hall","from":"Madappanahalli","to":"KR Market","routeno":"266-K","distance_on_station":28.543,"centerlat":12.96355,"centerlong":77.58375,"responsecode":200,"isnotify":0,"vehicleDetails":[{"vehicleid":26888,"vehiclenumber":"KA57F5712","servicetypeid":72,"servicetype":"Non AC/Ordinary","centerlat":0,"centerlong":0,"eta":"","sch_arrivaltime":"20:36","sch_departuretime":"20:36","actual_arrivaltime":"","actual_departuretime":"","sch_tripstarttime":"19:30","sch_tripendtime":"19:30","lastlocationid":0,"currentlocationid":22092,"nextlocationid":0,"currentstop":null,"nextstop":null,"laststop":null,"stopCoveredStatus":0,"heading":0,"lastrefreshon":"30-08-2024 12:55:01","lastreceiveddatetimeflag":0,"tripposition":3}]},{"routeid":7726,"stationid":22199,"stationname":"KR Market","from":"Madappanahalli","to":"KR Market","routeno":"266-K","distance_on_station":29.4,"centerlat":12.96437,"centerlong":77.57736,"responsecode":200,"isnotify":0,"vehicleDetails":[{"vehicleid":26888,"vehiclenumber":"KA57F5712","servicetypeid":72,"servicetype":"Non AC/Ordinary","centerlat":0,"centerlong":0,"eta":"","sch_arrivaltime":"20:38","sch_departuretime":"20:38","actual_arrivaltime":"","actual_departuretime":"","sch_tripstarttime":"19:30","sch_tripendtime":"19:30","lastlocationid":0,"currentlocationid":22092,"nextlocationid":0,"currentstop":null,"nextstop":null,"laststop":null,"stopCoveredStatus":0,"heading":0,"lastrefreshon":"30-08-2024 12:55:01","lastreceiveddatetimeflag":0,"tripposition":3}]}],"mapData":[{"vehicleid":26888,"vehiclenumber":"KA57F5712","servicetypeid":72,"servicetype":"Non AC/Ordinary","centerlat":0,"centerlong":0,"eta":"","sch_arrivaltime":"20:38","sch_departuretime":"20:38","actual_arrivaltime":"","actual_departuretime":"","sch_tripstarttime":"19:30","sch_tripendtime":"19:30","lastlocationid":0,"currentlocationid":22092,"nextlocationid":0,"currentstop":null,"nextstop":null,"laststop":null,"stopCoveredStatus":0,"heading":0,"lastrefreshon":"30-08-2024 12:55:01","lastreceiveddatetimeflag":0,"tripposition":3}]},"message":"Success","issuccess":true,"exception":null,"rowCount":0,"responsecode":200}