{"up":{"data":[{"routeid":13199,"stationid":22305,"stationname":"MS Palya","from":"Shivajinagara Bus Station","to":"Hesaraghatta","routeno":"267","distance_on_station":0,"centerlat":13.08178,"centerlong":77.54849,"responsecode":200,"isnotify":0,"vehicleDetails":[{"vehicleid":22737,"vehiclenumber":"KA57F2977","servicetypeid":72,"servicetype":"Non AC/Ordinary","centerlat":13.126725,"centerlong":77.519547,"eta":"","sch_arrivaltime":"14:02","sch_departuretime":"14:02","actual_arrivaltime":"12:59","actual_departuretime":"12:59","sch_tripstarttime":"13:25","sch_tripendtime":"13:25","lastlocationid":0,"currentlocationid":33639,"nextlocationid":0,"currentstop":null,"nextstop":null,"laststop":null,"stopCoveredStatus":1,"heading":332,"lastrefreshon":"21-10-2024 14:18:47","lastreceiveddatetimeflag":0,"tripposition":1}]},{"routeid":13199,"stationid":35044,"stationname":"Depot-45 Gate","from":"Shivajinagara Bus Station","to":"Hesaraghatta","routeno":"267","distance_on_station":0.303,"centerlat":13.08298,"centerlong":77.55066,"responsecode":200,"isnotify":0,"vehicleDetails":[{"vehicleid":22737,"vehiclenumber":"KA57F2977","servicetypeid":72,"servicetype":"Non AC/Ordinary","centerlat":13.126725,"centerlong":77.519547,"eta":"","sch_arrivaltime":"14:03","sch_departuretime":"14:03","actual_arrivaltime":"13:00","actual_departuretime":"13:01","sch_tripstarttime":"13:25","sch_tripendtime":"13:25","lastlocationid":0,"currentlocationid":33639,"nextlocationid":0,"currentstop":null,"nextstop":null,"laststop":null,"stopCoveredStatus":1,"heading":332,"lastrefreshon":"21-10-2024 14:18:47","lastreceiveddatetimeflag":0,"tripposition":1}]},{"routeid":13199,"stationid":22097,"stationname":"Jalli Machine","from":"Shivajinagara Bus Station","to":"Hesaraghatta","routeno":"267","distance_on_station":0.95,"centerlat":13.086,"centerlong":77.55526,"responsecode":200,"isnotify":0,"vehicleDetails":[{"vehicleid":22737,"vehiclenumber":"KA57F2977","servicetypeid":72,"servicetype":"Non AC/Ordinary","centerlat":13.126725,"centerlong":77.519547,"eta":"","sch_arrivaltime":"14:04","sch_departuretime":"14:04","actual_arrivaltime":"","actual_departuretime":"","sch_tripstarttime":"13:25","sch_tripendtime":"13:25","lastlocationid":0,"currentlocationid":33639,"nextlocationid":0,"currentstop":null,"nextstop":null,"laststop":null,"stopCoveredStatus":0,"heading":332,"lastrefreshon":"21-10-2024 14:18:47","lastreceiveddatetimeflag":0,"tripposition":3}]},{"routeid":13199,"stationid":21833,"stationname":"Chikka Bettahalli","from":"Shivajinagara Bus Station","to":"Hesaraghatta","routeno":"267","distance_on_station":1.388,"centerlat":13.08949,"centerlong":77.55624,"responsecode":200,"isnotify":0,"vehicleDetails":[{"vehicleid":22737,"vehiclenumber":"KA57F2977","servicetypeid":72,"servicetype":"Non AC/Ordinary","centerlat":13.126725,"centerlong":77.519547,"eta":"","sch_arrivaltime":"14:05","sch_departuretime":"14:05","actual_arrivaltime":"","actual_departuretime":"","sch_tripstarttime":"13:25","sch_tripendtime":"13:25","lastlocationid":0,"currentlocationid":33639,"nextlocationid":0,"currentstop":null,"nextstop":null,"laststop":null,"stopCoveredStatus":0,"heading":332,"lastrefreshon":"21-10-2024 14:18:47","lastreceiveddatetimeflag":0,"tripposition":3}]},{"routeid":13199,"stationid":32497,"stationname":"Dodda Bettahalli","from":"Shivajinagara Bus Station","to":"Hesaraghatta","routeno":"267","distance_on_station":2.077,"centerlat":13.09433,"centerlong":77.5542,"responsecode":200,"isnotify":0,"vehicleDetails":[{"vehicleid":22737,"vehiclenumber":"KA57F2977","servicetypeid":72,"servicetype":"Non AC/Ordinary","centerlat":13.126725,"centerlong":77.519547,"eta":"","sch_arrivaltime":"14:06","sch_departuretime":"14:06","actual_arrivaltime":"","actual_departuretime":"","sch_tripstarttime":"13:25","sch_tripendtime":"13:25","lastlocationid":0,"currentlocationid":33639,"nextlocationid":0,"currentstop":null,"nextstop":null,"laststop":null,"stopCoveredStatus":0,"heading":332,"lastrefreshon":"21-10-2024 14:18:47","lastreceiveddatetimeflag":0,"tripposition":3}]},{"routeid":13199,"stationid":34903,"stationname":"Veerasagara","from":"Shivajinagara Bus Station","to":"Hesaraghatta","routeno":"267","distance_on_station":3.32,"centerlat":13.10482,"centerlong":77.55409,"responsecode":200,"isnotify":0,"vehicleDetails":[{"vehicleid":22737,"vehiclenumber":"KA57F2977","servicetypeid":72,"servicetype":"Non AC/Ordinary","centerlat":13.126725,"centerlong":77.519547,"eta":"","sch_arrivaltime":"14:09","sch_departuretime":"14:09","actual_arrivaltime":"","actual_departuretime":"","sch_tripstarttime":"13:25","sch_tripendtime":"13:25","lastlocationid":0,"currentlocationid":33639,"nextlocationid":0,"currentstop":null,"nextstop":null,"laststop":null,"stopCoveredStatus":0,"heading":332,"lastrefreshon":"21-10-2024 14:18:47","lastreceiveddatetimeflag":0,"tripposition":3}]},{"routeid":13199,"stationid":38709,"stationname":"Shamarajapura Cross","from":"Shivajinagara Bus Station","to":"Hesaraghatta","routeno":"267","distance_on_station":4.196,"centerlat":13.1062,"centerlong":77.54673,"responsecode":200,"isnotify":0,"vehicleDetails":[{"vehicleid":22737,"vehiclenumber":"KA57F2977","servicetypeid":72,"servicetype":"Non AC/Ordinary","centerlat":13.126725,"centerlong":77.519547,"eta":"","sch_arrivaltime":"14:10","sch_departuretime":"14:10","actual_arrivaltime":"","actual_departuretime":"","sch_tripstarttime":"13:25","sch_tripendtime":"13:25","lastlocationid":0,"currentlocationid":33639,"nextlocationid":0,"currentstop":null,"nextstop":null,"laststop":null,"stopCoveredStatus":0,"heading":332,"lastrefreshon":"21-10-2024 14:18:47","lastreceiveddatetimeflag":0,"tripposition":3}]},{"routeid":13199,"stationid":32498,"stationname":"Dodda Byalakere","from":"Shivajinagara Bus Station","to":"Hesaraghatta","routeno":"267","distance_on_station":6.89,"centerlat":13.11267,"centerlong":77.52494,"responsecode":200,"isnotify":0,"vehicleDetails":[{"vehicleid":22737,"vehiclenumber":"KA57F2977","servicetypeid":72,"servicetype":"Non AC/Ordinary","centerlat":13.126725,"centerlong":77.519547,"eta":"","sch_arrivaltime":"14:15","sch_departuretime":"14:15","actual_arrivaltime":"","actual_departuretime":"","sch_tripstarttime":"13:25","sch_tripendtime":"13:25","lastlocationid":0,"currentlocationid":33639,"nextlocationid":0,"currentstop":null,"nextstop":null,"laststop":null,"stopCoveredStatus":0,"heading":332,"lastrefreshon":"21-10-2024 14:18:47","lastreceiveddatetimeflag":0,"tripposition":3}]},{"routeid":13199,"stationid":32265,"stationname":"Chikka Byalakere","from":"Shivajinagara Bus Station","to":"Hesaraghatta","routeno":"267","distance_on_station":7.892,"centerlat":13.11963,"centerlong":77.52156,"responsecode":200,"isnotify":0,"vehicleDetails":[{"vehicleid":22737,"vehiclenumber":"KA57F2977","servicetypeid":72,"servicetype":"Non AC/Ordinary","centerlat":13.126725,"centerlong":77.519547,"eta":"","sch_arrivaltime":"14:17","sch_departuretime":"14:17","actual_arrivaltime":"","actual_departuretime":"","sch_tripstarttime":"13:25","sch_tripendtime":"13:25","lastlocationid":0,"currentlocationid":33639,"nextlocationid":0,"currentstop":null,"nextstop":null,"laststop":null,"stopCoveredStatus":0,"heading":332,"lastrefreshon":"21-10-2024 14:18:47","lastreceiveddatetimeflag":0,"tripposition":3}]},{"routeid":13199,"stationid":33639,"stationname":"Kurubarahalli Cross","from":"Shivajinagara Bus Station","to":"Hesaraghatta","routeno":"267","distance_on_station":8.769,"centerlat":13.12672,"centerlong":77.51956,"responsecode":200,"isnotify":0,"vehicleDetails":[{"vehicleid":22737,"vehiclenumber":"KA57F2977","servicetypeid":72,"servicetype":"Non AC/Ordinary","centerlat":13.126725,"centerlong":77.519547,"eta":"","sch_arrivaltime":"14:18","sch_departuretime":"14:18","actual_arrivaltime":"","actual_departuretime":"","sch_tripstarttime":"13:25","sch_tripendtime":"13:25","lastlocationid":0,"currentlocationid":33639,"nextlocationid":0,"currentstop":null,"nextstop":null,"laststop":null,"stopCoveredStatus":0,"heading":332,"lastrefreshon":"21-10-2024 14:18:47","lastreceiveddatetimeflag":0,"tripposition":3}]},{"routeid":13199,"stationid":34551,"stationname":"Shivakote","from":"Shivajinagara Bus Station","to":"Hesaraghatta","routeno":"267","distance_on_station":9.823,"centerlat":13.13401,"centerlong":77.51473,"responsecode":200,"isnotify":0,"vehicleDetails":[{"vehicleid":22737,"vehiclenumber":"KA57F2977","servicetypeid":72,"servicetype":"Non AC/Ordinary","centerlat":13.126725,"centerlong":77.519547,"eta":"","sch_arrivaltime":"14:20","sch_departuretime":"14:20","actual_arrivaltime":"","actual_departuretime":"","sch_tripstarttime":"13:25","sch_tripendtime":"13:25","lastlocationid":0,"currentlocationid":33639,"nextlocationid":0,"currentstop":null,"nextstop":null,"laststop":null,"stopCoveredStatus":0,"heading":332,"lastrefreshon":"21-10-2024 14:18:47","lastreceiveddatetimeflag":0,"tripposition":3}]},{"routeid":13199,"stationid":34554,"stationname":"Shivakote Cross","from":"Shivajinagara Bus Station","to":"Hesaraghatta","routeno":"267","distance_on_station":10.073,"centerlat":13.13552,"centerlong":77.51326,"responsecode":200,"isnotify":0,"vehicleDetails":[{"vehicleid":22737,"vehiclenumber":"KA57F2977","servicetypeid":72,"servicetype":"Non AC/Ordinary","centerlat":13.126725,"centerlong":77.519547,"eta":"","sch_arrivaltime":"14:21","sch_departuretime":"14:21","actual_arrivaltime":"","actual_departuretime":"","sch_tripstarttime":"13:25","sch_tripendtime":"13:25","lastlocationid":0,"currentlocationid":33639,"nextlocationid":0,"currentstop":null,"nextstop":null,"laststop":null,"stopCoveredStatus":0,"heading":332,"lastrefreshon":"21-10-2024 14:18:47","lastreceiveddatetimeflag":0,"tripposition":3}]},{"routeid":13199,"stationid":39138,"stationname":"Annapurneshwari Badavane","from":"Shivajinagara Bus Station","to":"Hesaraghatta","routeno":"267","distance_on_station":10.783,"centerlat":13.13874,"centerlong":77.50802,"responsecode":200,"isnotify":0,"vehicleDetails":[{"vehicleid":22737,"vehiclenumber":"KA57F2977","servicetypeid":72,"servicetype":"Non AC/Ordinary","centerlat":13.126725,"centerlong":77.519547,"eta":"","sch_arrivaltime":"14:22","sch_departuretime":"14:22","actual_arrivaltime":"","actual_departuretime":"","sch_tripstarttime":"13:25","sch_tripendtime":"13:25","lastlocationid":0,"currentlocationid":33639,"nextlocationid":0,"currentstop":null,"nextstop":null,"laststop":null,"stopCoveredStatus":0,"heading":332,"lastrefreshon":"21-10-2024 14:18:47","lastreceiveddatetimeflag":0,"tripposition":3}]},{"routeid":13199,"stationid":33988,"stationname":"Muthkur Cross Shivakote","from":"Shivajinagara Bus Station","to":"Hesaraghatta","routeno":"267","distance_on_station":11.629,"centerlat":13.14299,"centerlong":77.50221,"responsecode":200,"isnotify":0,"vehicleDetails":[{"vehicleid":22737,"vehiclenumber":"KA57F2977","servicetypeid":72,"servicetype":"Non AC/Ordinary","centerlat":13.126725,"centerlong":77.519547,"eta":"","sch_arrivaltime":"14:23","sch_departuretime":"14:23","actual_arrivaltime":"","actual_departuretime":"","sch_tripstarttime":"13:25","sch_tripendtime":"13:25","lastlocationid":0,"currentlocationid":33639,"nextlocationid":0,"currentstop":null,"nextstop":null,"laststop":null,"stopCoveredStatus":0,"heading":332,"lastrefreshon":"21-10-2024 14:18:47","lastreceiveddatetimeflag":0,"tripposition":3}]},{"routeid":13199,"stationid":33076,"stationname":"Ivarukandapura","from":"Shivajinagara Bus Station","to":"Hesaraghatta","routeno":"267","distance_on_station":12.735,"centerlat":13.13769,"centerlong":77.49446,"responsecode":200,"isnotify":0,"vehicleDetails":[{"vehicleid":22737,"vehiclenumber":"KA57F2977","servicetypeid":72,"servicetype":"Non AC/Ordinary","centerlat":13.126725,"centerlong":77.519547,"eta":"","sch_arrivaltime":"14:24","sch_departuretime":"14:24","actual_arrivaltime":"","actual_departuretime":"","sch_tripstarttime":"13:25","sch_tripendtime":"13:25","lastlocationid":0,"currentlocationid":33639,"nextlocationid":0,"currentstop":null,"nextstop":null,"laststop":null,"stopCoveredStatus":0,"heading":332,"lastrefreshon":"21-10-2024 14:18:47","lastreceiveddatetimeflag":0,"tripposition":3}]},{"routeid":13199,"stationid":26123,"stationname":"Indian Institute of Horticultural Research TB","from":"Shivajinagara Bus Station","to":"Hesaraghatta","routeno":"267","distance_on_station":13.247,"centerlat":13.13545,"centerlong":77.49098,"responsecode":200,"isnotify":0,"vehicleDetails":[{"vehicleid":22737,"vehiclenumber":"KA57F2977","servicetypeid":72,"servicetype":"Non AC/Ordinary","centerlat":13.126725,"centerlong":77.519547,"eta":"","sch_arrivaltime":"14:25","sch_departuretime":"14:25","actual_arrivaltime":"","actual_departuretime":"","sch_tripstarttime":"13:25","sch_tripendtime":"13:25","lastlocationid":0,"currentlocationid":33639,"nextlocationid":0,"currentstop":null,"nextstop":null,"laststop":null,"stopCoveredStatus":0,"heading":332,"lastrefreshon":"21-10-2024 14:18:47","lastreceiveddatetimeflag":0,"tripposition":3}]},{"routeid":13199,"stationid":20832,"stationname":"Hesaraghatta TB Cross","from":"Shivajinagara Bus Station","to":"Hesaraghatta","routeno":"267","distance_on_station":14.5,"centerlat":13.13052,"centerlong":77.48433,"responsecode":200,"isnotify":0,"vehicleDetails":[{"vehicleid":22737,"vehiclenumber":"KA57F2977","servicetypeid":72,"servicetype":"Non AC/Ordinary","centerlat":13.126725,"centerlong":77.519547,"eta":"","sch_arrivaltime":"14:27","sch_departuretime":"14:27","actual_arrivaltime":"","actual_departuretime":"","sch_tripstarttime":"13:25","sch_tripendtime":"13:25","lastlocationid":0,"currentlocationid":33639,"nextlocationid":0,"currentstop":null,"nextstop":null,"laststop":null,"stopCoveredStatus":0,"heading":332,"lastrefreshon":"21-10-2024 14:18:47","lastreceiveddatetimeflag":0,"tripposition":3}]},{"routeid":13199,"stationid":20833,"stationname":"Hesaraghatta","from":"Shivajinagara Bus Station","to":"Hesaraghatta","routeno":"267","distance_on_station":15.7,"centerlat":13.13781,"centerlong":77.47937,"responsecode":200,"isnotify":0,"vehicleDetails":[{"vehicleid":22737,"vehiclenumber":"KA57F2977","servicetypeid":72,"servicetype":"Non AC/Ordinary","centerlat":13.126725,"centerlong":77.519547,"eta":"","sch_arrivaltime":"14:29","sch_departuretime":"14:29","actual_arrivaltime":"","actual_departuretime":"","sch_tripstarttime":"13:25","sch_tripendtime":"13:25","lastlocationid":0,"currentlocationid":33639,"nextlocationid":0,"currentstop":null,"nextstop":null,"laststop":null,"stopCoveredStatus":0,"heading":332,"lastrefreshon":"21-10-2024 14:18:47","lastreceiveddatetimeflag":0,"tripposition":1}]}],"mapData":[{"vehicleid":22737,"vehiclenumber":"KA57F2977","servicetypeid":72,"servicetype":"Non AC/Ordinary","centerlat":13.126725,"centerlong":77.519547,"eta":"","sch_arrivaltime":"14:29","sch_departuretime":"14:29","actual_arrivaltime":"","actual_departuretime":"","sch_tripstarttime":"13:25","sch_tripendtime":"13:25","lastlocationid":0,"currentlocationid":33639,"nextlocationid":0,"currentstop":null,"nextstop":null,"laststop":null,"stopCoveredStatus":0,"heading":332,"lastrefreshon":"21-10-2024 14:18:47","lastreceiveddatetimeflag":0,"tripposition":1}]},"down":{"data":[{"routeid":13200,"stationid":35751,"stationname":"Hesaraghatta","from":"Hesaraghatta","to":"Shivajinagara Bus Station","routeno":"267","distance_on_station":0,"centerlat":13.13784,"centerlong":77.47944,"responsecode":200,"isnotify":0,"vehicleDetails":[{"vehicleid":22829,"vehiclenumber":"KA57F3098","servicetypeid":72,"servicetype":"Non AC/Ordinary","centerlat":13.001854,"centerlong":77.59446,"eta":"","sch_arrivaltime":"12:55","sch_departuretime":"12:55","actual_arrivaltime":"12:54","actual_departuretime":"12:54","sch_tripstarttime":"12:55","sch_tripendtime":"12:55","lastlocationid":0,"currentlocationid":23792,"nextlocationid":0,"currentstop":null,"nextstop":null,"laststop":null,"stopCoveredStatus":1,"heading":135,"lastrefreshon":"21-10-2024 14:18:57","lastreceiveddatetimeflag":0,"tripposition":1}]},{"routeid":13200,"stationid":25869,"stationname":"Hesaraghatta TB Cross","from":"Hesaraghatta","to":"Shivajinagara Bus Station","routeno":"267","distance_on_station":1.16,"centerlat":13.13056,"centerlong":77.48438,"responsecode":200,"isnotify":0,"vehicleDetails":[{"vehicleid":22829,"vehiclenumber":"KA57F3098","servicetypeid":72,"servicetype":"Non AC/Ordinary","centerlat":13.001854,"centerlong":77.59446,"eta":"","sch_arrivaltime":"12:57","sch_departuretime":"12:57","actual_arrivaltime":"13:00","actual_departuretime":"13:01","sch_tripstarttime":"12:55","sch_tripendtime":"12:55","lastlocationid":0,"currentlocationid":23792,"nextlocationid":0,"currentstop":null,"nextstop":null,"laststop":null,"stopCoveredStatus":1,"heading":135,"lastrefreshon":"21-10-2024 14:18:57","lastreceiveddatetimeflag":0,"tripposition":1}]},{"routeid":13200,"stationid":33033,"stationname":"Indian Institute of Horticultural Research","from":"Hesaraghatta","to":"Shivajinagara Bus Station","routeno":"267","distance_on_station":2.36,"centerlat":13.13544,"centerlong":77.49095,"responsecode":200,"isnotify":0,"vehicleDetails":[{"vehicleid":22829,"vehiclenumber":"KA57F3098","servicetypeid":72,"servicetype":"Non AC/Ordinary","centerlat":13.001854,"centerlong":77.59446,"eta":"","sch_arrivaltime":"12:59","sch_departuretime":"12:59","actual_arrivaltime":"13:03","actual_departuretime":"13:03","sch_tripstarttime":"12:55","sch_tripendtime":"12:55","lastlocationid":0,"currentlocationid":23792,"nextlocationid":0,"currentstop":null,"nextstop":null,"laststop":null,"stopCoveredStatus":1,"heading":135,"lastrefreshon":"21-10-2024 14:18:57","lastreceiveddatetimeflag":0,"tripposition":1}]},{"routeid":13200,"stationid":26212,"stationname":"Ivarukandapura","from":"Hesaraghatta","to":"Shivajinagara Bus Station","routeno":"267","distance_on_station":2.855,"centerlat":13.13767,"centerlong":77.49442,"responsecode":200,"isnotify":0,"vehicleDetails":[{"vehicleid":22829,"vehiclenumber":"KA57F3098","servicetypeid":72,"servicetype":"Non AC/Ordinary","centerlat":13.001854,"centerlong":77.59446,"eta":"","sch_arrivaltime":"13:00","sch_departuretime":"13:00","actual_arrivaltime":"13:04","actual_departuretime":"13:05","sch_tripstarttime":"12:55","sch_tripendtime":"12:55","lastlocationid":0,"currentlocationid":23792,"nextlocationid":0,"currentstop":null,"nextstop":null,"laststop":null,"stopCoveredStatus":1,"heading":135,"lastrefreshon":"21-10-2024 14:18:57","lastreceiveddatetimeflag":0,"tripposition":1}]},{"routeid":13200,"stationid":31396,"stationname":"Muthkur Cross Shivakote","from":"Hesaraghatta","to":"Shivajinagara Bus Station","routeno":"267","distance_on_station":3.934,"centerlat":13.143,"centerlong":77.50225,"responsecode":200,"isnotify":0,"vehicleDetails":[{"vehicleid":22829,"vehiclenumber":"KA57F3098","servicetypeid":72,"servicetype":"Non AC/Ordinary","centerlat":13.001854,"centerlong":77.59446,"eta":"","sch_arrivaltime":"13:02","sch_departuretime":"13:02","actual_arrivaltime":"13:07","actual_departuretime":"13:07","sch_tripstarttime":"12:55","sch_tripendtime":"12:55","lastlocationid":0,"currentlocationid":23792,"nextlocationid":0,"currentstop":null,"nextstop":null,"laststop":null,"stopCoveredStatus":1,"heading":135,"lastrefreshon":"21-10-2024 14:18:57","lastreceiveddatetimeflag":0,"tripposition":1}]},{"routeid":13200,"stationid":39139,"stationname":"Annapurneshwari Badavane","from":"Hesaraghatta","to":"Shivajinagara Bus Station","routeno":"267","distance_on_station":4.741,"centerlat":13.13879,"centerlong":77.50799,"responsecode":200,"isnotify":0,"vehicleDetails":[{"vehicleid":22829,"vehiclenumber":"KA57F3098","servicetypeid":72,"servicetype":"Non AC/Ordinary","centerlat":13.001854,"centerlong":77.59446,"eta":"","sch_arrivaltime":"13:03","sch_departuretime":"13:03","actual_arrivaltime":"13:08","actual_departuretime":"13:08","sch_tripstarttime":"12:55","sch_tripendtime":"12:55","lastlocationid":0,"currentlocationid":23792,"nextlocationid":0,"currentstop":null,"nextstop":null,"laststop":null,"stopCoveredStatus":1,"heading":135,"lastrefreshon":"21-10-2024 14:18:57","lastreceiveddatetimeflag":0,"tripposition":1}]},{"routeid":13200,"stationid":28339,"stationname":"Shivakote Cross","from":"Hesaraghatta","to":"Shivajinagara Bus Station","routeno":"267","distance_on_station":5.437,"centerlat":13.13555,"centerlong":77.51331,"responsecode":200,"isnotify":0,"vehicleDetails":[{"vehicleid":22829,"vehiclenumber":"KA57F3098","servicetypeid":72,"servicetype":"Non AC/Ordinary","centerlat":13.001854,"centerlong":77.59446,"eta":"","sch_arrivaltime":"13:04","sch_departuretime":"13:04","actual_arrivaltime":"13:09","actual_departuretime":"13:09","sch_tripstarttime":"12:55","sch_tripendtime":"12:55","lastlocationid":0,"currentlocationid":23792,"nextlocationid":0,"currentstop":null,"nextstop":null,"laststop":null,"stopCoveredStatus":1,"heading":135,"lastrefreshon":"21-10-2024 14:18:57","lastreceiveddatetimeflag":0,"tripposition":1}]},{"routeid":13200,"stationid":34552,"stationname":"Shivakote","from":"Hesaraghatta","to":"Shivajinagara Bus Station","routeno":"267","distance_on_station":5.679,"centerlat":13.13403,"centerlong":77.51476,"responsecode":200,"isnotify":0,"vehicleDetails":[{"vehicleid":22829,"vehiclenumber":"KA57F3098","servicetypeid":72,"servicetype":"Non AC/Ordinary","centerlat":13.001854,"centerlong":77.59446,"eta":"","sch_arrivaltime":"13:05","sch_departuretime":"13:05","actual_arrivaltime":"13:10","actual_departuretime":"13:10","sch_tripstarttime":"12:55","sch_tripendtime":"12:55","lastlocationid":0,"currentlocationid":23792,"nextlocationid":0,"currentstop":null,"nextstop":null,"laststop":null,"stopCoveredStatus":1,"heading":135,"lastrefreshon":"21-10-2024 14:18:57","lastreceiveddatetimeflag":0,"tripposition":1}]},{"routeid":13200,"stationid":33638,"stationname":"Kurubarahalli Cross","from":"Hesaraghatta","to":"Shivajinagara Bus Station","routeno":"267","distance_on_station":6.688,"centerlat":13.12676,"centerlong":77.51959,"responsecode":200,"isnotify":0,"vehicleDetails":[{"vehicleid":22829,"vehiclenumber":"KA57F3098","servicetypeid":72,"servicetype":"Non AC/Ordinary","centerlat":13.001854,"centerlong":77.59446,"eta":"","sch_arrivaltime":"13:07","sch_departuretime":"13:07","actual_arrivaltime":"13:12","actual_departuretime":"13:12","sch_tripstarttime":"12:55","sch_tripendtime":"12:55","lastlocationid":0,"currentlocationid":23792,"nextlocationid":0,"currentstop":null,"nextstop":null,"laststop":null,"stopCoveredStatus":1,"heading":135,"lastrefreshon":"21-10-2024 14:18:57","lastreceiveddatetimeflag":0,"tripposition":1}]},{"routeid":13200,"stationid":24491,"stationname":"Chikka Byalakere","from":"Hesaraghatta","to":"Shivajinagara Bus Station","routeno":"267","distance_on_station":7.535,"centerlat":13.11965,"centerlong":77.52161,"responsecode":200,"isnotify":0,"vehicleDetails":[{"vehicleid":22829,"vehiclenumber":"KA57F3098","servicetypeid":72,"servicetype":"Non AC/Ordinary","centerlat":13.001854,"centerlong":77.59446,"eta":"","sch_arrivaltime":"13:08","sch_departuretime":"13:08","actual_arrivaltime":"13:14","actual_departuretime":"13:15","sch_tripstarttime":"12:55","sch_tripendtime":"12:55","lastlocationid":0,"currentlocationid":23792,"nextlocationid":0,"currentstop":null,"nextstop":null,"laststop":null,"stopCoveredStatus":1,"heading":135,"lastrefreshon":"21-10-2024 14:18:57","lastreceiveddatetimeflag":0,"tripposition":1}]},{"routeid":13200,"stationid":32499,"stationname":"Dodda Byalakere","from":"Hesaraghatta","to":"Shivajinagara Bus Station","routeno":"267","distance_on_station":8.494,"centerlat":13.11275,"centerlong":77.52495,"responsecode":200,"isnotify":0,"vehicleDetails":[{"vehicleid":22829,"vehiclenumber":"KA57F3098","servicetypeid":72,"servicetype":"Non AC/Ordinary","centerlat":13.001854,"centerlong":77.59446,"eta":"","sch_arrivaltime":"13:10","sch_departuretime":"13:10","actual_arrivaltime":"13:17","actual_departuretime":"13:18","sch_tripstarttime":"12:55","sch_tripendtime":"12:55","lastlocationid":0,"currentlocationid":23792,"nextlocationid":0,"currentstop":null,"nextstop":null,"laststop":null,"stopCoveredStatus":1,"heading":135,"lastrefreshon":"21-10-2024 14:18:57","lastreceiveddatetimeflag":0,"tripposition":1}]},{"routeid":13200,"stationid":38710,"stationname":"Shamarajapura Cross","from":"Hesaraghatta","to":"Shivajinagara Bus Station","routeno":"267","distance_on_station":11.106,"centerlat":13.10625,"centerlong":77.54676,"responsecode":200,"isnotify":0,"vehicleDetails":[{"vehicleid":22829,"vehiclenumber":"KA57F3098","servicetypeid":72,"servicetype":"Non AC/Ordinary","centerlat":13.001854,"centerlong":77.59446,"eta":"","sch_arrivaltime":"13:14","sch_departuretime":"13:14","actual_arrivaltime":"13:23","actual_departuretime":"13:24","sch_tripstarttime":"12:55","sch_tripendtime":"12:55","lastlocationid":0,"currentlocationid":23792,"nextlocationid":0,"currentstop":null,"nextstop":null,"laststop":null,"stopCoveredStatus":1,"heading":135,"lastrefreshon":"21-10-2024 14:18:57","lastreceiveddatetimeflag":0,"tripposition":1}]},{"routeid":13200,"stationid":31572,"stationname":"Veerasagara","from":"Hesaraghatta","to":"Shivajinagara Bus Station","routeno":"267","distance_on_station":11.943,"centerlat":13.10485,"centerlong":77.55407,"responsecode":200,"isnotify":0,"vehicleDetails":[{"vehicleid":22829,"vehiclenumber":"KA57F3098","servicetypeid":72,"servicetype":"Non AC/Ordinary","centerlat":13.001854,"centerlong":77.59446,"eta":"","sch_arrivaltime":"13:15","sch_departuretime":"13:15","actual_arrivaltime":"13:25","actual_departuretime":"13:26","sch_tripstarttime":"12:55","sch_tripendtime":"12:55","lastlocationid":0,"currentlocationid":23792,"nextlocationid":0,"currentstop":null,"nextstop":null,"laststop":null,"stopCoveredStatus":1,"heading":135,"lastrefreshon":"21-10-2024 14:18:57","lastreceiveddatetimeflag":0,"tripposition":1}]},{"routeid":13200,"stationid":25010,"stationname":"Dodda Bettahalli","from":"Hesaraghatta","to":"Shivajinagara Bus Station","routeno":"267","distance_on_station":13.154,"centerlat":13.0943,"centerlong":77.55426,"responsecode":200,"isnotify":0,"vehicleDetails":[{"vehicleid":22829,"vehiclenumber":"KA57F3098","servicetypeid":72,"servicetype":"Non AC/Ordinary","centerlat":13.001854,"centerlong":77.59446,"eta":"","sch_arrivaltime":"13:18","sch_departuretime":"13:18","actual_arrivaltime":"13:29","actual_departuretime":"13:29","sch_tripstarttime":"12:55","sch_tripendtime":"12:55","lastlocationid":0,"currentlocationid":23792,"nextlocationid":0,"currentstop":null,"nextstop":null,"laststop":null,"stopCoveredStatus":1,"heading":135,"lastrefreshon":"21-10-2024 14:18:57","lastreceiveddatetimeflag":0,"tripposition":1}]},{"routeid":13200,"stationid":21832,"stationname":"Chikka Bettahalli","from":"Hesaraghatta","to":"Shivajinagara Bus Station","routeno":"267","distance_on_station":13.83,"centerlat":13.08945,"centerlong":77.55629,"responsecode":200,"isnotify":0,"vehicleDetails":[{"vehicleid":22829,"vehiclenumber":"KA57F3098","servicetypeid":72,"servicetype":"Non AC/Ordinary","centerlat":13.001854,"centerlong":77.59446,"eta":"","sch_arrivaltime":"13:20","sch_departuretime":"13:20","actual_arrivaltime":"13:31","actual_departuretime":"13:32","sch_tripstarttime":"12:55","sch_tripendtime":"12:55","lastlocationid":0,"currentlocationid":23792,"nextlocationid":0,"currentstop":null,"nextstop":null,"laststop":null,"stopCoveredStatus":1,"heading":135,"lastrefreshon":"21-10-2024 14:18:57","lastreceiveddatetimeflag":0,"tripposition":1}]},{"routeid":13200,"stationid":22096,"stationname":"Jalli Machine","from":"Hesaraghatta","to":"Shivajinagara Bus Station","routeno":"267","distance_on_station":14.253,"centerlat":13.08595,"centerlong":77.55535,"responsecode":200,"isnotify":0,"vehicleDetails":[{"vehicleid":22829,"vehiclenumber":"KA57F3098","servicetypeid":72,"servicetype":"Non AC/Ordinary","centerlat":13.001854,"centerlong":77.59446,"eta":"","sch_arrivaltime":"13:21","sch_departuretime":"13:21","actual_arrivaltime":"13:33","actual_departuretime":"13:33","sch_tripstarttime":"12:55","sch_tripendtime":"12:55","lastlocationid":0,"currentlocationid":23792,"nextlocationid":0,"currentstop":null,"nextstop":null,"laststop":null,"stopCoveredStatus":1,"heading":135,"lastrefreshon":"21-10-2024 14:18:57","lastreceiveddatetimeflag":0,"tripposition":1}]},{"routeid":13200,"stationid":36327,"stationname":"Depot-45 Gate","from":"Hesaraghatta","to":"Shivajinagara Bus Station","routeno":"267","distance_on_station":14.889,"centerlat":13.0829,"centerlong":77.55072,"responsecode":200,"isnotify":0,"vehicleDetails":[{"vehicleid":22829,"vehiclenumber":"KA57F3098","servicetypeid":72,"servicetype":"Non AC/Ordinary","centerlat":13.001854,"centerlong":77.59446,"eta":"","sch_arrivaltime":"13:22","sch_departuretime":"13:22","actual_arrivaltime":"13:35","actual_departuretime":"13:35","sch_tripstarttime":"12:55","sch_tripendtime":"12:55","lastlocationid":0,"currentlocationid":23792,"nextlocationid":0,"currentstop":null,"nextstop":null,"laststop":null,"stopCoveredStatus":1,"heading":135,"lastrefreshon":"21-10-2024 14:18:57","lastreceiveddatetimeflag":0,"tripposition":1}]},{"routeid":13200,"stationid":33957,"stationname":"MS Palya","from":"Hesaraghatta","to":"Shivajinagara Bus Station","routeno":"267","distance_on_station":15.222,"centerlat":13.08145,"centerlong":77.54831,"responsecode":200,"isnotify":0,"vehicleDetails":[{"vehicleid":22829,"vehiclenumber":"KA57F3098","servicetypeid":72,"servicetype":"Non AC/Ordinary","centerlat":13.001854,"centerlong":77.59446,"eta":"","sch_arrivaltime":"13:23","sch_departuretime":"13:23","actual_arrivaltime":"13:36","actual_departuretime":"13:37","sch_tripstarttime":"12:55","sch_tripendtime":"12:55","lastlocationid":0,"currentlocationid":23792,"nextlocationid":0,"currentstop":null,"nextstop":null,"laststop":null,"stopCoveredStatus":1,"heading":135,"lastrefreshon":"21-10-2024 14:18:57","lastreceiveddatetimeflag":0,"tripposition":1}]},{"routeid":13200,"stationid":26259,"stationname":"Jalahalli East 7th Camp","from":"Hesaraghatta","to":"Shivajinagara Bus Station","routeno":"267","distance_on_station":16.13,"centerlat":13.07354,"centerlong":77.5465,"responsecode":200,"isnotify":0,"vehicleDetails":[{"vehicleid":22829,"vehiclenumber":"KA57F3098","servicetypeid":72,"servicetype":"Non AC/Ordinary","centerlat":13.001854,"centerlong":77.59446,"eta":"","sch_arrivaltime":"13:25","sch_departuretime":"13:25","actual_arrivaltime":"13:39","actual_departuretime":"13:39","sch_tripstarttime":"12:55","sch_tripendtime":"12:55","lastlocationid":0,"currentlocationid":23792,"nextlocationid":0,"currentstop":null,"nextstop":null,"laststop":null,"stopCoveredStatus":1,"heading":135,"lastrefreshon":"21-10-2024 14:18:57","lastreceiveddatetimeflag":0,"tripposition":1}]},{"routeid":13200,"stationid":22467,"stationname":"SBI Bank","from":"Hesaraghatta","to":"Shivajinagara Bus Station","routeno":"267","distance_on_station":16.261,"centerlat":13.07239,"centerlong":77.54625,"responsecode":200,"isnotify":0,"vehicleDetails":[{"vehicleid":22829,"vehiclenumber":"KA57F3098","servicetypeid":72,"servicetype":"Non AC/Ordinary","centerlat":13.001854,"centerlong":77.59446,"eta":"","sch_arrivaltime":"13:26","sch_departuretime":"13:26","actual_arrivaltime":"13:39","actual_departuretime":"13:40","sch_tripstarttime":"12:55","sch_tripendtime":"12:55","lastlocationid":0,"currentlocationid":23792,"nextlocationid":0,"currentstop":null,"nextstop":null,"laststop":null,"stopCoveredStatus":1,"heading":135,"lastrefreshon":"21-10-2024 14:18:57","lastreceiveddatetimeflag":0,"tripposition":1}]},{"routeid":13200,"stationid":22092,"stationname":"Jalahalli East","from":"Hesaraghatta","to":"Shivajinagara Bus Station","routeno":"267","distance_on_station":16.846,"centerlat":13.06759,"centerlong":77.54464,"responsecode":200,"isnotify":0,"vehicleDetails":[{"vehicleid":22829,"vehiclenumber":"KA57F3098","servicetypeid":72,"servicetype":"Non AC/Ordinary","centerlat":13.001854,"centerlong":77.59446,"eta":"","sch_arrivaltime":"13:27","sch_departuretime":"13:27","actual_arrivaltime":"13:41","actual_departuretime":"13:41","sch_tripstarttime":"12:55","sch_tripendtime":"12:55","lastlocationid":0,"currentlocationid":23792,"nextlocationid":0,"currentstop":null,"nextstop":null,"laststop":null,"stopCoveredStatus":1,"heading":135,"lastrefreshon":"21-10-2024 14:18:57","lastreceiveddatetimeflag":0,"tripposition":1}]},{"routeid":13200,"stationid":22163,"stationname":"Kendriya Vidyalaya","from":"Hesaraghatta","to":"Shivajinagara Bus Station","routeno":"267","distance_on_station":17.078,"centerlat":13.06556,"centerlong":77.54428,"responsecode":200,"isnotify":0,"vehicleDetails":[{"vehicleid":22829,"vehiclenumber":"KA57F3098","servicetypeid":72,"servicetype":"Non AC/Ordinary","centerlat":13.001854,"centerlong":77.59446,"eta":"","sch_arrivaltime":"13:28","sch_departuretime":"13:28","actual_arrivaltime":"13:41","actual_departuretime":"13:41","sch_tripstarttime":"12:55","sch_tripendtime":"12:55","lastlocationid":0,"currentlocationid":23792,"nextlocationid":0,"currentstop":null,"nextstop":null,"laststop":null,"stopCoveredStatus":1,"heading":135,"lastrefreshon":"21-10-2024 14:18:57","lastreceiveddatetimeflag":0,"tripposition":1}]},{"routeid":13200,"stationid":25311,"stationname":"Gangamma Circle","from":"Hesaraghatta","to":"Shivajinagara Bus Station","routeno":"267","distance_on_station":17.996,"centerlat":13.05776,"centerlong":77.54635,"responsecode":200,"isnotify":0,"vehicleDetails":[{"vehicleid":22829,"vehiclenumber":"KA57F3098","servicetypeid":72,"servicetype":"Non AC/Ordinary","centerlat":13.001854,"centerlong":77.59446,"eta":"","sch_arrivaltime":"13:30","sch_departuretime":"13:30","actual_arrivaltime":"13:43","actual_departuretime":"13:44","sch_tripstarttime":"12:55","sch_tripendtime":"12:55","lastlocationid":0,"currentlocationid":23792,"nextlocationid":0,"currentstop":null,"nextstop":null,"laststop":null,"stopCoveredStatus":1,"heading":135,"lastrefreshon":"21-10-2024 14:18:57","lastreceiveddatetimeflag":0,"tripposition":1}]},{"routeid":13200,"stationid":35215,"stationname":"HMT Club House","from":"Hesaraghatta","to":"Shivajinagara Bus Station","routeno":"267","distance_on_station":18.682,"centerlat":13.0535,"centerlong":77.55068,"responsecode":200,"isnotify":0,"vehicleDetails":[{"vehicleid":22829,"vehiclenumber":"KA57F3098","servicetypeid":72,"servicetype":"Non AC/Ordinary","centerlat":13.001854,"centerlong":77.59446,"eta":"","sch_arrivaltime":"13:32","sch_departuretime":"13:32","actual_arrivaltime":"13:46","actual_departuretime":"13:47","sch_tripstarttime":"12:55","sch_tripendtime":"12:55","lastlocationid":0,"currentlocationid":23792,"nextlocationid":0,"currentstop":null,"nextstop":null,"laststop":null,"stopCoveredStatus":1,"heading":135,"lastrefreshon":"21-10-2024 14:18:57","lastreceiveddatetimeflag":0,"tripposition":1}]},{"routeid":13200,"stationid":35683,"stationname":"BEL Market 1","from":"Hesaraghatta","to":"Shivajinagara Bus Station","routeno":"267","distance_on_station":18.904,"centerlat":13.05192,"centerlong":77.55193,"responsecode":200,"isnotify":0,"vehicleDetails":[{"vehicleid":22829,"vehiclenumber":"KA57F3098","servicetypeid":72,"servicetype":"Non AC/Ordinary","centerlat":13.001854,"centerlong":77.59446,"eta":"","sch_arrivaltime":"13:33","sch_departuretime":"13:33","actual_arrivaltime":"13:47","actual_departuretime":"13:47","sch_tripstarttime":"12:55","sch_tripendtime":"12:55","lastlocationid":0,"currentlocationid":23792,"nextlocationid":0,"currentstop":null,"nextstop":null,"laststop":null,"stopCoveredStatus":1,"heading":135,"lastrefreshon":"21-10-2024 14:18:57","lastreceiveddatetimeflag":0,"tripposition":1}]},{"routeid":13200,"stationid":20637,"stationname":"BEL Circle","from":"Hesaraghatta","to":"Shivajinagara Bus Station","routeno":"267","distance_on_station":19.832,"centerlat":13.0452,"centerlong":77.55669,"responsecode":200,"isnotify":0,"vehicleDetails":[{"vehicleid":22829,"vehiclenumber":"KA57F3098","servicetypeid":72,"servicetype":"Non AC/Ordinary","centerlat":13.001854,"centerlong":77.59446,"eta":"","sch_arrivaltime":"13:35","sch_departuretime":"13:35","actual_arrivaltime":"13:51","actual_departuretime":"13:52","sch_tripstarttime":"12:55","sch_tripendtime":"12:55","lastlocationid":0,"currentlocationid":23792,"nextlocationid":0,"currentstop":null,"nextstop":null,"laststop":null,"stopCoveredStatus":1,"heading":135,"lastrefreshon":"21-10-2024 14:18:57","lastreceiveddatetimeflag":0,"tripposition":1}]},{"routeid":13200,"stationid":21968,"stationname":"Gokula","from":"Hesaraghatta","to":"Shivajinagara Bus Station","routeno":"267","distance_on_station":20.265,"centerlat":13.04152,"centerlong":77.55725,"responsecode":200,"isnotify":0,"vehicleDetails":[{"vehicleid":22829,"vehiclenumber":"KA57F3098","servicetypeid":72,"servicetype":"Non AC/Ordinary","centerlat":13.001854,"centerlong":77.59446,"eta":"","sch_arrivaltime":"13:37","sch_departuretime":"13:37","actual_arrivaltime":"13:53","actual_departuretime":"13:53","sch_tripstarttime":"12:55","sch_tripendtime":"12:55","lastlocationid":0,"currentlocationid":23792,"nextlocationid":0,"currentstop":null,"nextstop":null,"laststop":null,"stopCoveredStatus":1,"heading":135,"lastrefreshon":"21-10-2024 14:18:57","lastreceiveddatetimeflag":0,"tripposition":1}]},{"routeid":13200,"stationid":22276,"stationname":"Mathikere","from":"Hesaraghatta","to":"Shivajinagara Bus Station","routeno":"267","distance_on_station":21.042,"centerlat":13.03467,"centerlong":77.55748,"responsecode":200,"isnotify":0,"vehicleDetails":[{"vehicleid":22829,"vehiclenumber":"KA57F3098","servicetypeid":72,"servicetype":"Non AC/Ordinary","centerlat":13.001854,"centerlong":77.59446,"eta":"","sch_arrivaltime":"13:38","sch_departuretime":"13:38","actual_arrivaltime":"13:55","actual_departuretime":"13:55","sch_tripstarttime":"12:55","sch_tripendtime":"12:55","lastlocationid":0,"currentlocationid":23792,"nextlocationid":0,"currentstop":null,"nextstop":null,"laststop":null,"stopCoveredStatus":1,"heading":135,"lastrefreshon":"21-10-2024 14:18:57","lastreceiveddatetimeflag":0,"tripposition":1}]},{"routeid":13200,"stationid":22306,"stationname":"MS Ramaiah College","from":"Hesaraghatta","to":"Shivajinagara Bus Station","routeno":"267","distance_on_station":21.849,"centerlat":13.02871,"centerlong":77.56159,"responsecode":200,"isnotify":0,"vehicleDetails":[{"vehicleid":22829,"vehiclenumber":"KA57F3098","servicetypeid":72,"servicetype":"Non AC/Ordinary","centerlat":13.001854,"centerlong":77.59446,"eta":"","sch_arrivaltime":"13:40","sch_departuretime":"13:40","actual_arrivaltime":"13:57","actual_departuretime":"13:58","sch_tripstarttime":"12:55","sch_tripendtime":"12:55","lastlocationid":0,"currentlocationid":23792,"nextlocationid":0,"currentstop":null,"nextstop":null,"laststop":null,"stopCoveredStatus":1,"heading":135,"lastrefreshon":"21-10-2024 14:18:57","lastreceiveddatetimeflag":0,"tripposition":1}]},{"routeid":13200,"stationid":21899,"stationname":"Diwanarapalya","from":"Hesaraghatta","to":"Shivajinagara Bus Station","routeno":"267","distance_on_station":22.081,"centerlat":13.02679,"centerlong":77.56182,"responsecode":200,"isnotify":0,"vehicleDetails":[{"vehicleid":22829,"vehiclenumber":"KA57F3098","servicetypeid":72,"servicetype":"Non AC/Ordinary","centerlat":13.001854,"centerlong":77.59446,"eta":"","sch_arrivaltime":"13:41","sch_departuretime":"13:41","actual_arrivaltime":"","actual_departuretime":"","sch_tripstarttime":"12:55","sch_tripendtime":"12:55","lastlocationid":0,"currentlocationid":23792,"nextlocationid":0,"currentstop":null,"nextstop":null,"laststop":null,"stopCoveredStatus":1,"heading":135,"lastrefreshon":"21-10-2024 14:18:57","lastreceiveddatetimeflag":0,"tripposition":3}]},{"routeid":13200,"stationid":21690,"stationname":"Ayyappa Temple Yashawanthapura","from":"Hesaraghatta","to":"Shivajinagara Bus Station","routeno":"267","distance_on_station":22.676,"centerlat":13.02167,"centerlong":77.56321,"responsecode":200,"isnotify":0,"vehicleDetails":[{"vehicleid":22829,"vehiclenumber":"KA57F3098","servicetypeid":72,"servicetype":"Non AC/Ordinary","centerlat":13.001854,"centerlong":77.59446,"eta":"","sch_arrivaltime":"13:42","sch_departuretime":"13:42","actual_arrivaltime":"14:00","actual_departuretime":"14:00","sch_tripstarttime":"12:55","sch_tripendtime":"12:55","lastlocationid":0,"currentlocationid":23792,"nextlocationid":0,"currentstop":null,"nextstop":null,"laststop":null,"stopCoveredStatus":1,"heading":135,"lastrefreshon":"21-10-2024 14:18:57","lastreceiveddatetimeflag":0,"tripposition":1}]},{"routeid":13200,"stationid":22647,"stationname":"Yeshawanthapura Tollgate","from":"Hesaraghatta","to":"Shivajinagara Bus Station","routeno":"267","distance_on_station":23.16,"centerlat":13.01797,"centerlong":77.56097,"responsecode":200,"isnotify":0,"vehicleDetails":[{"vehicleid":22829,"vehiclenumber":"KA57F3098","servicetypeid":72,"servicetype":"Non AC/Ordinary","centerlat":13.001854,"centerlong":77.59446,"eta":"","sch_arrivaltime":"13:43","sch_departuretime":"13:43","actual_arrivaltime":"14:02","actual_departuretime":"14:02","sch_tripstarttime":"12:55","sch_tripendtime":"12:55","lastlocationid":0,"currentlocationid":23792,"nextlocationid":0,"currentstop":null,"nextstop":null,"laststop":null,"stopCoveredStatus":1,"heading":135,"lastrefreshon":"21-10-2024 14:18:57","lastreceiveddatetimeflag":0,"tripposition":1}]},{"routeid":13200,"stationid":21215,"stationname":"Tata Institute","from":"Hesaraghatta","to":"Shivajinagara Bus Station","routeno":"267","distance_on_station":24.179,"centerlat":13.01437,"centerlong":77.56803,"responsecode":200,"isnotify":0,"vehicleDetails":[{"vehicleid":22829,"vehiclenumber":"KA57F3098","servicetypeid":72,"servicetype":"Non AC/Ordinary","centerlat":13.001854,"centerlong":77.59446,"eta":"","sch_arrivaltime":"13:45","sch_departuretime":"13:45","actual_arrivaltime":"14:07","actual_departuretime":"14:07","sch_tripstarttime":"12:55","sch_tripendtime":"12:55","lastlocationid":0,"currentlocationid":23792,"nextlocationid":0,"currentstop":null,"nextstop":null,"laststop":null,"stopCoveredStatus":1,"heading":135,"lastrefreshon":"21-10-2024 14:18:57","lastreceiveddatetimeflag":0,"tripposition":1}]},{"routeid":13200,"stationid":24726,"stationname":"CPRI","from":"Hesaraghatta","to":"Shivajinagara Bus Station","routeno":"267","distance_on_station":24.926,"centerlat":13.01484,"centerlong":77.57489,"responsecode":200,"isnotify":0,"vehicleDetails":[{"vehicleid":22829,"vehiclenumber":"KA57F3098","servicetypeid":72,"servicetype":"Non AC/Ordinary","centerlat":13.001854,"centerlong":77.59446,"eta":"","sch_arrivaltime":"13:46","sch_departuretime":"13:46","actual_arrivaltime":"14:10","actual_departuretime":"14:10","sch_tripstarttime":"12:55","sch_tripendtime":"12:55","lastlocationid":0,"currentlocationid":23792,"nextlocationid":0,"currentstop":null,"nextstop":null,"laststop":null,"stopCoveredStatus":1,"heading":135,"lastrefreshon":"21-10-2024 14:18:57","lastreceiveddatetimeflag":0,"tripposition":1}]},{"routeid":13200,"stationid":33920,"stationname":"Mekhri Circle","from":"Hesaraghatta","to":"Shivajinagara Bus Station","routeno":"267","distance_on_station":26.035,"centerlat":13.01458,"centerlong":77.58502,"responsecode":200,"isnotify":0,"vehicleDetails":[{"vehicleid":22829,"vehiclenumber":"KA57F3098","servicetypeid":72,"servicetype":"Non AC/Ordinary","centerlat":13.001854,"centerlong":77.59446,"eta":"","sch_arrivaltime":"13:47","sch_departuretime":"13:47","actual_arrivaltime":"14:14","actual_departuretime":"14:14","sch_tripstarttime":"12:55","sch_tripendtime":"12:55","lastlocationid":0,"currentlocationid":23792,"nextlocationid":0,"currentstop":null,"nextstop":null,"laststop":null,"stopCoveredStatus":1,"heading":135,"lastrefreshon":"21-10-2024 14:18:57","lastreceiveddatetimeflag":0,"tripposition":1}]},{"routeid":13200,"stationid":23790,"stationname":"TV Tower","from":"Hesaraghatta","to":"Shivajinagara Bus Station","routeno":"267","distance_on_station":26.913,"centerlat":13.00978,"centerlong":77.59078,"responsecode":200,"isnotify":0,"vehicleDetails":[{"vehicleid":22829,"vehiclenumber":"KA57F3098","servicetypeid":72,"servicetype":"Non AC/Ordinary","centerlat":13.001854,"centerlong":77.59446,"eta":"","sch_arrivaltime":"13:48","sch_departuretime":"13:48","actual_arrivaltime":"14:16","actual_departuretime":"14:17","sch_tripstarttime":"12:55","sch_tripendtime":"12:55","lastlocationid":0,"currentlocationid":23792,"nextlocationid":0,"currentstop":null,"nextstop":null,"laststop":null,"stopCoveredStatus":1,"heading":135,"lastrefreshon":"21-10-2024 14:18:57","lastreceiveddatetimeflag":0,"tripposition":1}]},{"routeid":13200,"stationid":23791,"stationname":"Munireddy Palya J C Nagara","from":"Hesaraghatta","to":"Shivajinagara Bus Station","routeno":"267","distance_on_station":27.316,"centerlat":13.00676,"centerlong":77.59276,"responsecode":200,"isnotify":0,"vehicleDetails":[{"vehicleid":22829,"vehiclenumber":"KA57F3098","servicetypeid":72,"servicetype":"Non AC/Ordinary","centerlat":13.001854,"centerlong":77.59446,"eta":"","sch_arrivaltime":"13:49","sch_departuretime":"13:49","actual_arrivaltime":"14:17","actual_departuretime":"14:17","sch_tripstarttime":"12:55","sch_tripendtime":"12:55","lastlocationid":0,"currentlocationid":23792,"nextlocationid":0,"currentstop":null,"nextstop":null,"laststop":null,"stopCoveredStatus":1,"heading":135,"lastrefreshon":"21-10-2024 14:18:57","lastreceiveddatetimeflag":0,"tripposition":1}]},{"routeid":13200,"stationid":23792,"stationname":"Jayamahal","from":"Hesaraghatta","to":"Shivajinagara Bus Station","routeno":"267","distance_on_station":27.891,"centerlat":13.00189,"centerlong":77.59448,"responsecode":200,"isnotify":0,"vehicleDetails":[{"vehicleid":22829,"vehiclenumber":"KA57F3098","servicetypeid":72,"servicetype":"Non AC/Ordinary","centerlat":13.001854,"centerlong":77.59446,"eta":"2024-10-21 14:19:00","sch_arrivaltime":"13:50","sch_departuretime":"13:50","actual_arrivaltime":"14:18","actual_departuretime":"","sch_tripstarttime":"12:55","sch_tripendtime":"12:55","lastlocationid":0,"currentlocationid":23792,"nextlocationid":0,"currentstop":null,"nextstop":null,"laststop":null,"stopCoveredStatus":1,"heading":135,"lastrefreshon":"21-10-2024 14:18:57","lastreceiveddatetimeflag":0,"tripposition":2}]},{"routeid":13200,"stationid":21805,"stationname":"Cantonment Railway Station","from":"Hesaraghatta","to":"Shivajinagara Bus Station","routeno":"267","distance_on_station":28.91,"centerlat":12.99384,"centerlong":77.59712,"responsecode":200,"isnotify":0,"vehicleDetails":[{"vehicleid":22829,"vehiclenumber":"KA57F3098","servicetypeid":72,"servicetype":"Non AC/Ordinary","centerlat":13.001854,"centerlong":77.59446,"eta":"2024-10-21 14:22:00","sch_arrivaltime":"13:52","sch_departuretime":"13:52","actual_arrivaltime":"","actual_departuretime":"","sch_tripstarttime":"12:55","sch_tripendtime":"12:55","lastlocationid":0,"currentlocationid":23792,"nextlocationid":0,"currentstop":null,"nextstop":null,"laststop":null,"stopCoveredStatus":0,"heading":135,"lastrefreshon":"21-10-2024 14:18:57","lastreceiveddatetimeflag":0,"tripposition":3}]},{"routeid":13200,"stationid":21868,"stationname":"CSI Hospital","from":"Hesaraghatta","to":"Shivajinagara Bus Station","routeno":"267","distance_on_station":29.586,"centerlat":12.98983,"centerlong":77.59938,"responsecode":200,"isnotify":0,"vehicleDetails":[{"vehicleid":22829,"vehiclenumber":"KA57F3098","servicetypeid":72,"servicetype":"Non AC/Ordinary","centerlat":13.001854,"centerlong":77.59446,"eta":"2024-10-21 14:23:00","sch_arrivaltime":"13:53","sch_departuretime":"13:53","actual_arrivaltime":"","actual_departuretime":"","sch_tripstarttime":"12:55","sch_tripendtime":"12:55","lastlocationid":0,"currentlocationid":23792,"nextlocationid":0,"currentstop":null,"nextstop":null,"laststop":null,"stopCoveredStatus":0,"heading":135,"lastrefreshon":"21-10-2024 14:18:57","lastreceiveddatetimeflag":0,"tripposition":3}]},{"routeid":13200,"stationid":20855,"stationname":"Indian Express","from":"Hesaraghatta","to":"Shivajinagara Bus Station","routeno":"267","distance_on_station":30.373,"centerlat":12.98408,"centerlong":77.59827,"responsecode":200,"isnotify":0,"vehicleDetails":[{"vehicleid":22829,"vehiclenumber":"KA57F3098","servicetypeid":72,"servicetype":"Non AC/Ordinary","centerlat":13.001854,"centerlong":77.59446,"eta":"2024-10-21 14:25:00","sch_arrivaltime":"13:54","sch_departuretime":"13:54","actual_arrivaltime":"","actual_departuretime":"","sch_tripstarttime":"12:55","sch_tripendtime":"12:55","lastlocationid":0,"currentlocationid":23792,"nextlocationid":0,"currentstop":null,"nextstop":null,"laststop":null,"stopCoveredStatus":0,"heading":135,"lastrefreshon":"21-10-2024 14:18:57","lastreceiveddatetimeflag":0,"tripposition":3}]},{"routeid":13200,"stationid":21173,"stationname":"Shivajinagara Bus Station","from":"Hesaraghatta","to":"Shivajinagara Bus Station","routeno":"267","distance_on_station":31.2,"centerlat":12.98328,"centerlong":77.60304,"responsecode":200,"isnotify":0,"vehicleDetails":[{"vehicleid":22829,"vehiclenumber":"KA57F3098","servicetypeid":72,"servicetype":"Non AC/Ordinary","centerlat":13.001854,"centerlong":77.59446,"eta":"2024-10-21 14:27:00","sch_arrivaltime":"13:58","sch_departuretime":"13:58","actual_arrivaltime":"","actual_departuretime":"","sch_tripstarttime":"12:55","sch_tripendtime":"12:55","lastlocationid":0,"currentlocationid":23792,"nextlocationid":0,"currentstop":null,"nextstop":null,"laststop":null,"stopCoveredStatus":0,"heading":135,"lastrefreshon":"21-10-2024 14:18:57","lastreceiveddatetimeflag":0,"tripposition":1}]}],"mapData":[{"vehicleid":22829,"vehiclenumber":"KA57F3098","servicetypeid":72,"servicetype":"Non AC/Ordinary","centerlat":13.001854,"centerlong":77.59446,"eta":"2024-10-21 14:27:00","sch_arrivaltime":"13:58","sch_departuretime":"13:58","actual_arrivaltime":"","actual_departuretime":"","sch_tripstarttime":"12:55","sch_tripendtime":"12:55","lastlocationid":0,"currentlocationid":23792,"nextlocationid":0,"currentstop":null,"nextstop":null,"laststop":null,"stopCoveredStatus":0,"heading":135,"lastrefreshon":"21-10-2024 14:18:57","lastreceiveddatetimeflag":0,"tripposition":1}]},"message":"Success","issuccess":true,"exception":null,"rowCount":0,"responsecode":200}