{"up":{"data":[],"mapData":[]},"down":{"data":[{"routeid":4700,"stationid":22091,"stationname":"Jalahalli Cross","from":"Jalahalli Cross","to":"Kempegowda Bus Station","routeno":"273-C","distance_on_station":0,"centerlat":13.04066,"centerlong":77.51872,"responsecode":200,"isnotify":0,"vehicleDetails":[{"vehicleid":18618,"vehiclenumber":"KA57F4152","servicetypeid":72,"servicetype":"Non AC/Ordinary","centerlat":13.040756,"centerlong":77.518867,"eta":"","sch_arrivaltime":"20:55","sch_departuretime":"20:55","actual_arrivaltime":"21:27","actual_departuretime":"","sch_tripstarttime":"20:55","sch_tripendtime":"20:55","lastlocationid":0,"currentlocationid":22091,"nextlocationid":0,"currentstop":null,"nextstop":null,"laststop":null,"stopCoveredStatus":1,"heading":36,"lastrefreshon":"06-11-2024 21:28:00","lastreceiveddatetimeflag":0,"tripposition":1}]},{"routeid":4700,"stationid":21689,"stationname":"Ayyappa Temple Jalahalli Cross","from":"Jalahalli Cross","to":"Kempegowda Bus Station","routeno":"273-C","distance_on_station":0.662,"centerlat":13.0461,"centerlong":77.52231,"responsecode":200,"isnotify":0,"vehicleDetails":[{"vehicleid":18618,"vehiclenumber":"KA57F4152","servicetypeid":72,"servicetype":"Non AC/Ordinary","centerlat":13.040756,"centerlong":77.518867,"eta":"","sch_arrivaltime":"21:03","sch_departuretime":"21:03","actual_arrivaltime":"","actual_departuretime":"","sch_tripstarttime":"20:55","sch_tripendtime":"20:55","lastlocationid":0,"currentlocationid":22091,"nextlocationid":0,"currentstop":null,"nextstop":null,"laststop":null,"stopCoveredStatus":0,"heading":36,"lastrefreshon":"06-11-2024 21:28:00","lastreceiveddatetimeflag":0,"tripposition":3}]},{"routeid":4700,"stationid":22484,"stationname":"Shettyhalli Cross","from":"Jalahalli Cross","to":"Kempegowda Bus Station","routeno":"273-C","distance_on_station":1.196,"centerlat":13.05011,"centerlong":77.52546,"responsecode":200,"isnotify":0,"vehicleDetails":[{"vehicleid":18618,"vehiclenumber":"KA57F4152","servicetypeid":72,"servicetype":"Non AC/Ordinary","centerlat":13.040756,"centerlong":77.518867,"eta":"","sch_arrivaltime":"21:06","sch_departuretime":"21:06","actual_arrivaltime":"","actual_departuretime":"","sch_tripstarttime":"20:55","sch_tripendtime":"20:55","lastlocationid":0,"currentlocationid":22091,"nextlocationid":0,"currentstop":null,"nextstop":null,"laststop":null,"stopCoveredStatus":0,"heading":36,"lastrefreshon":"06-11-2024 21:28:00","lastreceiveddatetimeflag":0,"tripposition":3}]},{"routeid":4700,"stationid":22066,"stationname":"IAF Jalahalli","from":"Jalahalli Cross","to":"Kempegowda Bus Station","routeno":"273-C","distance_on_station":1.84,"centerlat":13.05358,"centerlong":77.53075,"responsecode":200,"isnotify":0,"vehicleDetails":[{"vehicleid":18618,"vehiclenumber":"KA57F4152","servicetypeid":72,"servicetype":"Non AC/Ordinary","centerlat":13.040756,"centerlong":77.518867,"eta":"","sch_arrivaltime":"21:07","sch_departuretime":"21:07","actual_arrivaltime":"","actual_departuretime":"","sch_tripstarttime":"20:55","sch_tripendtime":"20:55","lastlocationid":0,"currentlocationid":22091,"nextlocationid":0,"currentstop":null,"nextstop":null,"laststop":null,"stopCoveredStatus":0,"heading":36,"lastrefreshon":"06-11-2024 21:28:00","lastreceiveddatetimeflag":0,"tripposition":3}]},{"routeid":4700,"stationid":36601,"stationname":"Kammagondanahalli Bridge","from":"Jalahalli Cross","to":"Kempegowda Bus Station","routeno":"273-C","distance_on_station":2.088,"centerlat":13.05454,"centerlong":77.53265,"responsecode":200,"isnotify":0,"vehicleDetails":[{"vehicleid":18618,"vehiclenumber":"KA57F4152","servicetypeid":72,"servicetype":"Non AC/Ordinary","centerlat":13.040756,"centerlong":77.518867,"eta":"","sch_arrivaltime":"21:08","sch_departuretime":"21:08","actual_arrivaltime":"","actual_departuretime":"","sch_tripstarttime":"20:55","sch_tripendtime":"20:55","lastlocationid":0,"currentlocationid":22091,"nextlocationid":0,"currentstop":null,"nextstop":null,"laststop":null,"stopCoveredStatus":0,"heading":36,"lastrefreshon":"06-11-2024 21:28:00","lastreceiveddatetimeflag":0,"tripposition":3}]},{"routeid":4700,"stationid":22700,"stationname":"HMT Watch Factory","from":"Jalahalli Cross","to":"Kempegowda Bus Station","routeno":"273-C","distance_on_station":2.585,"centerlat":13.05046,"centerlong":77.53521,"responsecode":200,"isnotify":0,"vehicleDetails":[{"vehicleid":18618,"vehiclenumber":"KA57F4152","servicetypeid":72,"servicetype":"Non AC/Ordinary","centerlat":13.040756,"centerlong":77.518867,"eta":"","sch_arrivaltime":"21:09","sch_departuretime":"21:09","actual_arrivaltime":"","actual_departuretime":"","sch_tripstarttime":"20:55","sch_tripendtime":"20:55","lastlocationid":0,"currentlocationid":22091,"nextlocationid":0,"currentstop":null,"nextstop":null,"laststop":null,"stopCoveredStatus":0,"heading":36,"lastrefreshon":"06-11-2024 21:28:00","lastreceiveddatetimeflag":0,"tripposition":3}]},{"routeid":4700,"stationid":22710,"stationname":"Shopping Complex HMT","from":"Jalahalli Cross","to":"Kempegowda Bus Station","routeno":"273-C","distance_on_station":3.036,"centerlat":13.04962,"centerlong":77.53739,"responsecode":200,"isnotify":0,"vehicleDetails":[{"vehicleid":18618,"vehiclenumber":"KA57F4152","servicetypeid":72,"servicetype":"Non AC/Ordinary","centerlat":13.040756,"centerlong":77.518867,"eta":"","sch_arrivaltime":"21:10","sch_departuretime":"21:10","actual_arrivaltime":"","actual_departuretime":"","sch_tripstarttime":"20:55","sch_tripendtime":"20:55","lastlocationid":0,"currentlocationid":22091,"nextlocationid":0,"currentstop":null,"nextstop":null,"laststop":null,"stopCoveredStatus":0,"heading":36,"lastrefreshon":"06-11-2024 21:28:00","lastreceiveddatetimeflag":0,"tripposition":3}]},{"routeid":4700,"stationid":22702,"stationname":"HMT Post Office","from":"Jalahalli Cross","to":"Kempegowda Bus Station","routeno":"273-C","distance_on_station":3.468,"centerlat":13.05066,"centerlong":77.54157,"responsecode":200,"isnotify":0,"vehicleDetails":[{"vehicleid":18618,"vehiclenumber":"KA57F4152","servicetypeid":72,"servicetype":"Non AC/Ordinary","centerlat":13.040756,"centerlong":77.518867,"eta":"","sch_arrivaltime":"21:11","sch_departuretime":"21:11","actual_arrivaltime":"","actual_departuretime":"","sch_tripstarttime":"20:55","sch_tripendtime":"20:55","lastlocationid":0,"currentlocationid":22091,"nextlocationid":0,"currentstop":null,"nextstop":null,"laststop":null,"stopCoveredStatus":0,"heading":36,"lastrefreshon":"06-11-2024 21:28:00","lastreceiveddatetimeflag":0,"tripposition":3}]},{"routeid":4700,"stationid":22703,"stationname":"HMT Auditorium","from":"Jalahalli Cross","to":"Kempegowda Bus Station","routeno":"273-C","distance_on_station":3.983,"centerlat":13.04918,"centerlong":77.54503,"responsecode":200,"isnotify":0,"vehicleDetails":[{"vehicleid":18618,"vehiclenumber":"KA57F4152","servicetypeid":72,"servicetype":"Non AC/Ordinary","centerlat":13.040756,"centerlong":77.518867,"eta":"","sch_arrivaltime":"21:12","sch_departuretime":"21:12","actual_arrivaltime":"","actual_departuretime":"","sch_tripstarttime":"20:55","sch_tripendtime":"20:55","lastlocationid":0,"currentlocationid":22091,"nextlocationid":0,"currentstop":null,"nextstop":null,"laststop":null,"stopCoveredStatus":0,"heading":36,"lastrefreshon":"06-11-2024 21:28:00","lastreceiveddatetimeflag":0,"tripposition":3}]},{"routeid":4700,"stationid":37103,"stationname":"Jalahalli Police Station","from":"Jalahalli Cross","to":"Kempegowda Bus Station","routeno":"273-C","distance_on_station":4.489,"centerlat":13.04889,"centerlong":77.55009,"responsecode":200,"isnotify":0,"vehicleDetails":[{"vehicleid":18618,"vehiclenumber":"KA57F4152","servicetypeid":72,"servicetype":"Non AC/Ordinary","centerlat":13.040756,"centerlong":77.518867,"eta":"","sch_arrivaltime":"21:13","sch_departuretime":"21:13","actual_arrivaltime":"","actual_departuretime":"","sch_tripstarttime":"20:55","sch_tripendtime":"20:55","lastlocationid":0,"currentlocationid":22091,"nextlocationid":0,"currentstop":null,"nextstop":null,"laststop":null,"stopCoveredStatus":0,"heading":36,"lastrefreshon":"06-11-2024 21:28:00","lastreceiveddatetimeflag":0,"tripposition":3}]},{"routeid":4700,"stationid":20637,"stationname":"BEL Circle","from":"Jalahalli Cross","to":"Kempegowda Bus Station","routeno":"273-C","distance_on_station":6.044,"centerlat":13.0452,"centerlong":77.55669,"responsecode":200,"isnotify":0,"vehicleDetails":[{"vehicleid":18618,"vehiclenumber":"KA57F4152","servicetypeid":72,"servicetype":"Non AC/Ordinary","centerlat":13.040756,"centerlong":77.518867,"eta":"","sch_arrivaltime":"21:18","sch_departuretime":"21:18","actual_arrivaltime":"","actual_departuretime":"","sch_tripstarttime":"20:55","sch_tripendtime":"20:55","lastlocationid":0,"currentlocationid":22091,"nextlocationid":0,"currentstop":null,"nextstop":null,"laststop":null,"stopCoveredStatus":0,"heading":36,"lastrefreshon":"06-11-2024 21:28:00","lastreceiveddatetimeflag":0,"tripposition":3}]},{"routeid":4700,"stationid":21968,"stationname":"Gokula","from":"Jalahalli Cross","to":"Kempegowda Bus Station","routeno":"273-C","distance_on_station":6.43,"centerlat":13.04152,"centerlong":77.55725,"responsecode":200,"isnotify":0,"vehicleDetails":[{"vehicleid":18618,"vehiclenumber":"KA57F4152","servicetypeid":72,"servicetype":"Non AC/Ordinary","centerlat":13.040756,"centerlong":77.518867,"eta":"","sch_arrivaltime":"21:19","sch_departuretime":"21:19","actual_arrivaltime":"","actual_departuretime":"","sch_tripstarttime":"20:55","sch_tripendtime":"20:55","lastlocationid":0,"currentlocationid":22091,"nextlocationid":0,"currentstop":null,"nextstop":null,"laststop":null,"stopCoveredStatus":0,"heading":36,"lastrefreshon":"06-11-2024 21:28:00","lastreceiveddatetimeflag":0,"tripposition":3}]},{"routeid":4700,"stationid":33881,"stationname":"Mathikere","from":"Jalahalli Cross","to":"Kempegowda Bus Station","routeno":"273-C","distance_on_station":7.065,"centerlat":13.03533,"centerlong":77.55755,"responsecode":200,"isnotify":0,"vehicleDetails":[{"vehicleid":18618,"vehiclenumber":"KA57F4152","servicetypeid":72,"servicetype":"Non AC/Ordinary","centerlat":13.040756,"centerlong":77.518867,"eta":"","sch_arrivaltime":"21:20","sch_departuretime":"21:20","actual_arrivaltime":"","actual_departuretime":"","sch_tripstarttime":"20:55","sch_tripendtime":"20:55","lastlocationid":0,"currentlocationid":22091,"nextlocationid":0,"currentstop":null,"nextstop":null,"laststop":null,"stopCoveredStatus":0,"heading":36,"lastrefreshon":"06-11-2024 21:28:00","lastreceiveddatetimeflag":0,"tripposition":3}]},{"routeid":4700,"stationid":22306,"stationname":"MS Ramaiah College","from":"Jalahalli Cross","to":"Kempegowda Bus Station","routeno":"273-C","distance_on_station":7.874,"centerlat":13.02871,"centerlong":77.56159,"responsecode":200,"isnotify":0,"vehicleDetails":[{"vehicleid":18618,"vehiclenumber":"KA57F4152","servicetypeid":72,"servicetype":"Non AC/Ordinary","centerlat":13.040756,"centerlong":77.518867,"eta":"","sch_arrivaltime":"21:22","sch_departuretime":"21:22","actual_arrivaltime":"","actual_departuretime":"","sch_tripstarttime":"20:55","sch_tripendtime":"20:55","lastlocationid":0,"currentlocationid":22091,"nextlocationid":0,"currentstop":null,"nextstop":null,"laststop":null,"stopCoveredStatus":0,"heading":36,"lastrefreshon":"06-11-2024 21:28:00","lastreceiveddatetimeflag":0,"tripposition":3}]},{"routeid":4700,"stationid":21899,"stationname":"Diwanarapalya","from":"Jalahalli Cross","to":"Kempegowda Bus Station","routeno":"273-C","distance_on_station":8.086,"centerlat":13.02679,"centerlong":77.56182,"responsecode":200,"isnotify":0,"vehicleDetails":[{"vehicleid":18618,"vehiclenumber":"KA57F4152","servicetypeid":72,"servicetype":"Non AC/Ordinary","centerlat":13.040756,"centerlong":77.518867,"eta":"","sch_arrivaltime":"21:23","sch_departuretime":"21:23","actual_arrivaltime":"","actual_departuretime":"","sch_tripstarttime":"20:55","sch_tripendtime":"20:55","lastlocationid":0,"currentlocationid":22091,"nextlocationid":0,"currentstop":null,"nextstop":null,"laststop":null,"stopCoveredStatus":0,"heading":36,"lastrefreshon":"06-11-2024 21:28:00","lastreceiveddatetimeflag":0,"tripposition":3}]},{"routeid":4700,"stationid":21690,"stationname":"Ayyappa Temple Yashawanthapura","from":"Jalahalli Cross","to":"Kempegowda Bus Station","routeno":"273-C","distance_on_station":8.629,"centerlat":13.02167,"centerlong":77.56321,"responsecode":200,"isnotify":0,"vehicleDetails":[{"vehicleid":18618,"vehiclenumber":"KA57F4152","servicetypeid":72,"servicetype":"Non AC/Ordinary","centerlat":13.040756,"centerlong":77.518867,"eta":"","sch_arrivaltime":"21:24","sch_departuretime":"21:24","actual_arrivaltime":"","actual_departuretime":"","sch_tripstarttime":"20:55","sch_tripendtime":"20:55","lastlocationid":0,"currentlocationid":22091,"nextlocationid":0,"currentstop":null,"nextstop":null,"laststop":null,"stopCoveredStatus":0,"heading":36,"lastrefreshon":"06-11-2024 21:28:00","lastreceiveddatetimeflag":0,"tripposition":3}]},{"routeid":4700,"stationid":22647,"stationname":"Yeshawanthapura Tollgate","from":"Jalahalli Cross","to":"Kempegowda Bus Station","routeno":"273-C","distance_on_station":9.07,"centerlat":13.01797,"centerlong":77.56097,"responsecode":200,"isnotify":0,"vehicleDetails":[{"vehicleid":18618,"vehiclenumber":"KA57F4152","servicetypeid":72,"servicetype":"Non AC/Ordinary","centerlat":13.040756,"centerlong":77.518867,"eta":"","sch_arrivaltime":"21:25","sch_departuretime":"21:25","actual_arrivaltime":"","actual_departuretime":"","sch_tripstarttime":"20:55","sch_tripendtime":"20:55","lastlocationid":0,"currentlocationid":22091,"nextlocationid":0,"currentstop":null,"nextstop":null,"laststop":null,"stopCoveredStatus":0,"heading":36,"lastrefreshon":"06-11-2024 21:28:00","lastreceiveddatetimeflag":0,"tripposition":3}]},{"routeid":4700,"stationid":21214,"stationname":"Tata Institute","from":"Jalahalli Cross","to":"Kempegowda Bus Station","routeno":"273-C","distance_on_station":9.972,"centerlat":13.01313,"centerlong":77.56755,"responsecode":200,"isnotify":0,"vehicleDetails":[{"vehicleid":18618,"vehiclenumber":"KA57F4152","servicetypeid":72,"servicetype":"Non AC/Ordinary","centerlat":13.040756,"centerlong":77.518867,"eta":"","sch_arrivaltime":"21:27","sch_departuretime":"21:27","actual_arrivaltime":"","actual_departuretime":"","sch_tripstarttime":"20:55","sch_tripendtime":"20:55","lastlocationid":0,"currentlocationid":22091,"nextlocationid":0,"currentstop":null,"nextstop":null,"laststop":null,"stopCoveredStatus":0,"heading":36,"lastrefreshon":"06-11-2024 21:28:00","lastreceiveddatetimeflag":0,"tripposition":3}]},{"routeid":4700,"stationid":20573,"stationname":"Malleshwara 18th Cross","from":"Jalahalli Cross","to":"Kempegowda Bus Station","routeno":"273-C","distance_on_station":10.505,"centerlat":13.00894,"centerlong":77.56918,"responsecode":200,"isnotify":0,"vehicleDetails":[{"vehicleid":18618,"vehiclenumber":"KA57F4152","servicetypeid":72,"servicetype":"Non AC/Ordinary","centerlat":13.040756,"centerlong":77.518867,"eta":"","sch_arrivaltime":"21:28","sch_departuretime":"21:28","actual_arrivaltime":"","actual_departuretime":"","sch_tripstarttime":"20:55","sch_tripendtime":"20:55","lastlocationid":0,"currentlocationid":22091,"nextlocationid":0,"currentstop":null,"nextstop":null,"laststop":null,"stopCoveredStatus":0,"heading":36,"lastrefreshon":"06-11-2024 21:28:00","lastreceiveddatetimeflag":0,"tripposition":3}]},{"routeid":4700,"stationid":20564,"stationname":"Malleshwara 13th Cross","from":"Jalahalli Cross","to":"Kempegowda Bus Station","routeno":"273-C","distance_on_station":11.002,"centerlat":13.00408,"centerlong":77.56923,"responsecode":200,"isnotify":0,"vehicleDetails":[{"vehicleid":18618,"vehiclenumber":"KA57F4152","servicetypeid":72,"servicetype":"Non AC/Ordinary","centerlat":13.040756,"centerlong":77.518867,"eta":"","sch_arrivaltime":"21:29","sch_departuretime":"21:29","actual_arrivaltime":"","actual_departuretime":"","sch_tripstarttime":"20:55","sch_tripendtime":"20:55","lastlocationid":0,"currentlocationid":22091,"nextlocationid":0,"currentstop":null,"nextstop":null,"laststop":null,"stopCoveredStatus":0,"heading":36,"lastrefreshon":"06-11-2024 21:28:00","lastreceiveddatetimeflag":0,"tripposition":3}]},{"routeid":4700,"stationid":20562,"stationname":"Malleshwara 11th Cross","from":"Jalahalli Cross","to":"Kempegowda Bus Station","routeno":"273-C","distance_on_station":11.177,"centerlat":13.00238,"centerlong":77.5693,"responsecode":200,"isnotify":0,"vehicleDetails":[{"vehicleid":18618,"vehiclenumber":"KA57F4152","servicetypeid":72,"servicetype":"Non AC/Ordinary","centerlat":13.040756,"centerlong":77.518867,"eta":"","sch_arrivaltime":"21:30","sch_departuretime":"21:30","actual_arrivaltime":"","actual_departuretime":"","sch_tripstarttime":"20:55","sch_tripendtime":"20:55","lastlocationid":0,"currentlocationid":22091,"nextlocationid":0,"currentstop":null,"nextstop":null,"laststop":null,"stopCoveredStatus":0,"heading":36,"lastrefreshon":"06-11-2024 21:28:00","lastreceiveddatetimeflag":0,"tripposition":3}]},{"routeid":4700,"stationid":20589,"stationname":"Malleshwara 8th Cross","from":"Jalahalli Cross","to":"Kempegowda Bus Station","routeno":"273-C","distance_on_station":11.453,"centerlat":12.99969,"centerlong":77.56933,"responsecode":200,"isnotify":0,"vehicleDetails":[{"vehicleid":18618,"vehiclenumber":"KA57F4152","servicetypeid":72,"servicetype":"Non AC/Ordinary","centerlat":13.040756,"centerlong":77.518867,"eta":"","sch_arrivaltime":"21:31","sch_departuretime":"21:31","actual_arrivaltime":"","actual_departuretime":"","sch_tripstarttime":"20:55","sch_tripendtime":"20:55","lastlocationid":0,"currentlocationid":22091,"nextlocationid":0,"currentstop":null,"nextstop":null,"laststop":null,"stopCoveredStatus":0,"heading":36,"lastrefreshon":"06-11-2024 21:28:00","lastreceiveddatetimeflag":0,"tripposition":3}]},{"routeid":4700,"stationid":20989,"stationname":"Malleshwara Circle","from":"Jalahalli Cross","to":"Kempegowda Bus Station","routeno":"273-C","distance_on_station":11.701,"centerlat":12.99727,"centerlong":77.56945,"responsecode":200,"isnotify":0,"vehicleDetails":[{"vehicleid":18618,"vehiclenumber":"KA57F4152","servicetypeid":72,"servicetype":"Non AC/Ordinary","centerlat":13.040756,"centerlong":77.518867,"eta":"","sch_arrivaltime":"21:32","sch_departuretime":"21:32","actual_arrivaltime":"","actual_departuretime":"","sch_tripstarttime":"20:55","sch_tripendtime":"20:55","lastlocationid":0,"currentlocationid":22091,"nextlocationid":0,"currentstop":null,"nextstop":null,"laststop":null,"stopCoveredStatus":0,"heading":36,"lastrefreshon":"06-11-2024 21:28:00","lastreceiveddatetimeflag":0,"tripposition":3}]},{"routeid":4700,"stationid":20971,"stationname":"Link Road","from":"Jalahalli Cross","to":"Kempegowda Bus Station","routeno":"273-C","distance_on_station":12.391,"centerlat":12.99426,"centerlong":77.57388,"responsecode":200,"isnotify":0,"vehicleDetails":[{"vehicleid":18618,"vehiclenumber":"KA57F4152","servicetypeid":72,"servicetype":"Non AC/Ordinary","centerlat":13.040756,"centerlong":77.518867,"eta":"","sch_arrivaltime":"21:34","sch_departuretime":"21:34","actual_arrivaltime":"","actual_departuretime":"","sch_tripstarttime":"20:55","sch_tripendtime":"20:55","lastlocationid":0,"currentlocationid":22091,"nextlocationid":0,"currentstop":null,"nextstop":null,"laststop":null,"stopCoveredStatus":0,"heading":36,"lastrefreshon":"06-11-2024 21:28:00","lastreceiveddatetimeflag":0,"tripposition":3}]},{"routeid":4700,"stationid":20703,"stationname":"Central","from":"Jalahalli Cross","to":"Kempegowda Bus Station","routeno":"273-C","distance_on_station":13.247,"centerlat":12.9898,"centerlong":77.57204,"responsecode":200,"isnotify":0,"vehicleDetails":[{"vehicleid":18618,"vehiclenumber":"KA57F4152","servicetypeid":72,"servicetype":"Non AC/Ordinary","centerlat":13.040756,"centerlong":77.518867,"eta":"","sch_arrivaltime":"21:36","sch_departuretime":"21:36","actual_arrivaltime":"","actual_departuretime":"","sch_tripstarttime":"20:55","sch_tripendtime":"20:55","lastlocationid":0,"currentlocationid":22091,"nextlocationid":0,"currentstop":null,"nextstop":null,"laststop":null,"stopCoveredStatus":0,"heading":36,"lastrefreshon":"06-11-2024 21:28:00","lastreceiveddatetimeflag":0,"tripposition":3}]},{"routeid":4700,"stationid":20922,"stationname":"Kempegowda Bus Station","from":"Jalahalli Cross","to":"Kempegowda Bus Station","routeno":"273-C","distance_on_station":14.7,"centerlat":12.97749,"centerlong":77.57327,"responsecode":200,"isnotify":0,"vehicleDetails":[{"vehicleid":18618,"vehiclenumber":"KA57F4152","servicetypeid":72,"servicetype":"Non AC/Ordinary","centerlat":13.040756,"centerlong":77.518867,"eta":"","sch_arrivaltime":"21:42","sch_departuretime":"21:42","actual_arrivaltime":"","actual_departuretime":"","sch_tripstarttime":"20:55","sch_tripendtime":"20:55","lastlocationid":0,"currentlocationid":22091,"nextlocationid":0,"currentstop":null,"nextstop":null,"laststop":null,"stopCoveredStatus":0,"heading":36,"lastrefreshon":"06-11-2024 21:28:00","lastreceiveddatetimeflag":0,"tripposition":1}]}],"mapData":[{"vehicleid":18618,"vehiclenumber":"KA57F4152","servicetypeid":72,"servicetype":"Non AC/Ordinary","centerlat":13.040756,"centerlong":77.518867,"eta":"","sch_arrivaltime":"21:42","sch_departuretime":"21:42","actual_arrivaltime":"","actual_departuretime":"","sch_tripstarttime":"20:55","sch_tripendtime":"20:55","lastlocationid":0,"currentlocationid":22091,"nextlocationid":0,"currentstop":null,"nextstop":null,"laststop":null,"stopCoveredStatus":0,"heading":36,"lastrefreshon":"06-11-2024 21:28:00","lastreceiveddatetimeflag":0,"tripposition":1}]},"message":"Success","issuccess":true,"exception":null,"rowCount":0,"responsecode":200}