{"up":{"data":[{"routeid":4863,"stationid":34300,"stationname":"Puttenahalli","from":"Puttenahalli","to":"Kempegowda International Airport","routeno":"281-AP PTH-KIAS","distance_on_station":0,"centerlat":13.11016,"centerlong":77.58024,"responsecode":200,"isnotify":0,"vehicleDetails":[{"vehicleid":26273,"vehiclenumber":"KA51AH6776","servicetypeid":72,"servicetype":"Non AC/Ordinary","centerlat":13.143687,"centerlong":77.617201,"eta":"","sch_arrivaltime":"12:36","sch_departuretime":"12:36","actual_arrivaltime":"12:29","actual_departuretime":"12:30","sch_tripstarttime":"12:36","sch_tripendtime":"12:36","lastlocationid":0,"currentlocationid":33001,"nextlocationid":0,"currentstop":null,"nextstop":null,"laststop":null,"stopCoveredStatus":1,"heading":0,"lastrefreshon":"30-08-2024 12:53:40","lastreceiveddatetimeflag":0,"tripposition":1}]},{"routeid":4863,"stationid":34849,"stationname":"Wheel And Axle Plant","from":"Puttenahalli","to":"Kempegowda International Airport","routeno":"281-AP PTH-KIAS","distance_on_station":0.524,"centerlat":13.10603,"centerlong":77.58227,"responsecode":200,"isnotify":0,"vehicleDetails":[{"vehicleid":26273,"vehiclenumber":"KA51AH6776","servicetypeid":72,"servicetype":"Non AC/Ordinary","centerlat":13.143687,"centerlong":77.617201,"eta":"","sch_arrivaltime":"12:37","sch_departuretime":"12:37","actual_arrivaltime":"","actual_departuretime":"","sch_tripstarttime":"12:36","sch_tripendtime":"12:36","lastlocationid":0,"currentlocationid":33001,"nextlocationid":0,"currentstop":null,"nextstop":null,"laststop":null,"stopCoveredStatus":1,"heading":0,"lastrefreshon":"30-08-2024 12:53:40","lastreceiveddatetimeflag":0,"tripposition":3}]},{"routeid":4863,"stationid":25225,"stationname":"Escorts","from":"Puttenahalli","to":"Kempegowda International Airport","routeno":"281-AP PTH-KIAS","distance_on_station":1.038,"centerlat":13.10278,"centerlong":77.58564,"responsecode":200,"isnotify":0,"vehicleDetails":[{"vehicleid":26273,"vehiclenumber":"KA51AH6776","servicetypeid":72,"servicetype":"Non AC/Ordinary","centerlat":13.143687,"centerlong":77.617201,"eta":"","sch_arrivaltime":"12:38","sch_departuretime":"12:38","actual_arrivaltime":"12:32","actual_departuretime":"12:32","sch_tripstarttime":"12:36","sch_tripendtime":"12:36","lastlocationid":0,"currentlocationid":33001,"nextlocationid":0,"currentstop":null,"nextstop":null,"laststop":null,"stopCoveredStatus":1,"heading":0,"lastrefreshon":"30-08-2024 12:53:40","lastreceiveddatetimeflag":0,"tripposition":1}]},{"routeid":4863,"stationid":28297,"stationname":"Sheshadripuram College","from":"Puttenahalli","to":"Kempegowda International Airport","routeno":"281-AP PTH-KIAS","distance_on_station":1.461,"centerlat":13.10041,"centerlong":77.58864,"responsecode":200,"isnotify":0,"vehicleDetails":[{"vehicleid":26273,"vehiclenumber":"KA51AH6776","servicetypeid":72,"servicetype":"Non AC/Ordinary","centerlat":13.143687,"centerlong":77.617201,"eta":"","sch_arrivaltime":"12:39","sch_departuretime":"12:39","actual_arrivaltime":"12:32","actual_departuretime":"12:33","sch_tripstarttime":"12:36","sch_tripendtime":"12:36","lastlocationid":0,"currentlocationid":33001,"nextlocationid":0,"currentstop":null,"nextstop":null,"laststop":null,"stopCoveredStatus":1,"heading":0,"lastrefreshon":"30-08-2024 12:53:40","lastreceiveddatetimeflag":0,"tripposition":1}]},{"routeid":4863,"stationid":22357,"stationname":"NES Office","from":"Puttenahalli","to":"Kempegowda International Airport","routeno":"281-AP PTH-KIAS","distance_on_station":1.895,"centerlat":13.09784,"centerlong":77.59167,"responsecode":200,"isnotify":0,"vehicleDetails":[{"vehicleid":26273,"vehiclenumber":"KA51AH6776","servicetypeid":72,"servicetype":"Non AC/Ordinary","centerlat":13.143687,"centerlong":77.617201,"eta":"","sch_arrivaltime":"12:43","sch_departuretime":"12:43","actual_arrivaltime":"12:33","actual_departuretime":"12:33","sch_tripstarttime":"12:36","sch_tripendtime":"12:36","lastlocationid":0,"currentlocationid":33001,"nextlocationid":0,"currentstop":null,"nextstop":null,"laststop":null,"stopCoveredStatus":1,"heading":0,"lastrefreshon":"30-08-2024 12:53:40","lastreceiveddatetimeflag":0,"tripposition":1}]},{"routeid":4863,"stationid":22643,"stationname":"Yelahanka Santhe Circle","from":"Puttenahalli","to":"Kempegowda International Airport","routeno":"281-AP PTH-KIAS","distance_on_station":2.832,"centerlat":13.09919,"centerlong":77.59731,"responsecode":200,"isnotify":0,"vehicleDetails":[{"vehicleid":26273,"vehiclenumber":"KA51AH6776","servicetypeid":72,"servicetype":"Non AC/Ordinary","centerlat":13.143687,"centerlong":77.617201,"eta":"","sch_arrivaltime":"12:51","sch_departuretime":"12:51","actual_arrivaltime":"12:41","actual_departuretime":"12:41","sch_tripstarttime":"12:36","sch_tripendtime":"12:36","lastlocationid":0,"currentlocationid":33001,"nextlocationid":0,"currentstop":null,"nextstop":null,"laststop":null,"stopCoveredStatus":1,"heading":0,"lastrefreshon":"30-08-2024 12:53:40","lastreceiveddatetimeflag":0,"tripposition":1}]},{"routeid":4863,"stationid":31172,"stationname":"Kogilu Cross","from":"Puttenahalli","to":"Kempegowda International Airport","routeno":"281-AP PTH-KIAS","distance_on_station":3.447,"centerlat":13.10386,"centerlong":77.60028,"responsecode":200,"isnotify":0,"vehicleDetails":[{"vehicleid":26273,"vehiclenumber":"KA51AH6776","servicetypeid":72,"servicetype":"Non AC/Ordinary","centerlat":13.143687,"centerlong":77.617201,"eta":"","sch_arrivaltime":"12:53","sch_departuretime":"12:53","actual_arrivaltime":"12:44","actual_departuretime":"12:44","sch_tripstarttime":"12:36","sch_tripendtime":"12:36","lastlocationid":0,"currentlocationid":33001,"nextlocationid":0,"currentstop":null,"nextstop":null,"laststop":null,"stopCoveredStatus":1,"heading":0,"lastrefreshon":"30-08-2024 12:53:40","lastreceiveddatetimeflag":0,"tripposition":1}]},{"routeid":4863,"stationid":33453,"stationname":"Kendriya Vihara","from":"Puttenahalli","to":"Kempegowda International Airport","routeno":"281-AP PTH-KIAS","distance_on_station":3.78,"centerlat":13.10653,"centerlong":77.60161,"responsecode":200,"isnotify":0,"vehicleDetails":[{"vehicleid":26273,"vehiclenumber":"KA51AH6776","servicetypeid":72,"servicetype":"Non AC/Ordinary","centerlat":13.143687,"centerlong":77.617201,"eta":"","sch_arrivaltime":"12:54","sch_departuretime":"12:54","actual_arrivaltime":"12:45","actual_departuretime":"12:45","sch_tripstarttime":"12:36","sch_tripendtime":"12:36","lastlocationid":0,"currentlocationid":33001,"nextlocationid":0,"currentstop":null,"nextstop":null,"laststop":null,"stopCoveredStatus":1,"heading":0,"lastrefreshon":"30-08-2024 12:53:40","lastreceiveddatetimeflag":0,"tripposition":1}]},{"routeid":4863,"stationid":31579,"stationname":"Venkatala","from":"Puttenahalli","to":"Kempegowda International Airport","routeno":"281-AP PTH-KIAS","distance_on_station":4.415,"centerlat":13.11139,"centerlong":77.60456,"responsecode":200,"isnotify":0,"vehicleDetails":[{"vehicleid":26273,"vehiclenumber":"KA51AH6776","servicetypeid":72,"servicetype":"Non AC/Ordinary","centerlat":13.143687,"centerlong":77.617201,"eta":"","sch_arrivaltime":"12:56","sch_departuretime":"12:56","actual_arrivaltime":"12:46","actual_departuretime":"12:46","sch_tripstarttime":"12:36","sch_tripendtime":"12:36","lastlocationid":0,"currentlocationid":33001,"nextlocationid":0,"currentstop":null,"nextstop":null,"laststop":null,"stopCoveredStatus":1,"heading":0,"lastrefreshon":"30-08-2024 12:53:40","lastreceiveddatetimeflag":0,"tripposition":1}]},{"routeid":4863,"stationid":34203,"stationname":"Palanahalli Gate","from":"Puttenahalli","to":"Kempegowda International Airport","routeno":"281-AP PTH-KIAS","distance_on_station":5.16,"centerlat":13.11708,"centerlong":77.60807,"responsecode":200,"isnotify":0,"vehicleDetails":[{"vehicleid":26273,"vehiclenumber":"KA51AH6776","servicetypeid":72,"servicetype":"Non AC/Ordinary","centerlat":13.143687,"centerlong":77.617201,"eta":"","sch_arrivaltime":"12:57","sch_departuretime":"12:57","actual_arrivaltime":"","actual_departuretime":"","sch_tripstarttime":"12:36","sch_tripendtime":"12:36","lastlocationid":0,"currentlocationid":33001,"nextlocationid":0,"currentstop":null,"nextstop":null,"laststop":null,"stopCoveredStatus":1,"heading":0,"lastrefreshon":"30-08-2024 12:53:40","lastreceiveddatetimeflag":0,"tripposition":3}]},{"routeid":4863,"stationid":29626,"stationname":"Bagalur Cross","from":"Puttenahalli","to":"Kempegowda International Airport","routeno":"281-AP PTH-KIAS","distance_on_station":5.775,"centerlat":13.12198,"centerlong":77.61061,"responsecode":200,"isnotify":0,"vehicleDetails":[{"vehicleid":26273,"vehiclenumber":"KA51AH6776","servicetypeid":72,"servicetype":"Non AC/Ordinary","centerlat":13.143687,"centerlong":77.617201,"eta":"","sch_arrivaltime":"12:58","sch_departuretime":"12:58","actual_arrivaltime":"12:48","actual_departuretime":"12:49","sch_tripstarttime":"12:36","sch_tripendtime":"12:36","lastlocationid":0,"currentlocationid":33001,"nextlocationid":0,"currentstop":null,"nextstop":null,"laststop":null,"stopCoveredStatus":1,"heading":0,"lastrefreshon":"30-08-2024 12:53:40","lastreceiveddatetimeflag":0,"tripposition":1}]},{"routeid":4863,"stationid":33030,"stationname":"Indian Air Force","from":"Puttenahalli","to":"Kempegowda International Airport","routeno":"281-AP PTH-KIAS","distance_on_station":6.904,"centerlat":13.13103,"centerlong":77.61503,"responsecode":200,"isnotify":0,"vehicleDetails":[{"vehicleid":26273,"vehiclenumber":"KA51AH6776","servicetypeid":72,"servicetype":"Non AC/Ordinary","centerlat":13.143687,"centerlong":77.617201,"eta":"","sch_arrivaltime":"13:00","sch_departuretime":"13:00","actual_arrivaltime":"12:51","actual_departuretime":"12:51","sch_tripstarttime":"12:36","sch_tripendtime":"12:36","lastlocationid":0,"currentlocationid":33001,"nextlocationid":0,"currentstop":null,"nextstop":null,"laststop":null,"stopCoveredStatus":1,"heading":0,"lastrefreshon":"30-08-2024 12:53:40","lastreceiveddatetimeflag":0,"tripposition":1}]},{"routeid":4863,"stationid":29992,"stationname":"Bharathi Nagara","from":"Puttenahalli","to":"Kempegowda International Airport","routeno":"281-AP PTH-KIAS","distance_on_station":7.67,"centerlat":13.1374,"centerlong":77.61746,"responsecode":200,"isnotify":0,"vehicleDetails":[{"vehicleid":26273,"vehiclenumber":"KA51AH6776","servicetypeid":72,"servicetype":"Non AC/Ordinary","centerlat":13.143687,"centerlong":77.617201,"eta":"2024-08-30 12:54:00","sch_arrivaltime":"13:01","sch_departuretime":"13:01","actual_arrivaltime":"","actual_departuretime":"","sch_tripstarttime":"12:36","sch_tripendtime":"12:36","lastlocationid":0,"currentlocationid":33001,"nextlocationid":0,"currentstop":null,"nextstop":null,"laststop":null,"stopCoveredStatus":0,"heading":0,"lastrefreshon":"30-08-2024 12:53:40","lastreceiveddatetimeflag":0,"tripposition":3}]},{"routeid":4863,"stationid":33001,"stationname":"Hunasamaranahalli","from":"Puttenahalli","to":"Kempegowda International Airport","routeno":"281-AP PTH-KIAS","distance_on_station":8.547,"centerlat":13.14519,"centerlong":77.6174,"responsecode":200,"isnotify":0,"vehicleDetails":[{"vehicleid":26273,"vehiclenumber":"KA51AH6776","servicetypeid":72,"servicetype":"Non AC/Ordinary","centerlat":13.143687,"centerlong":77.617201,"eta":"2024-08-30 12:55:00","sch_arrivaltime":"13:02","sch_departuretime":"13:02","actual_arrivaltime":"","actual_departuretime":"","sch_tripstarttime":"12:36","sch_tripendtime":"12:36","lastlocationid":0,"currentlocationid":33001,"nextlocationid":0,"currentstop":null,"nextstop":null,"laststop":null,"stopCoveredStatus":0,"heading":0,"lastrefreshon":"30-08-2024 12:53:40","lastreceiveddatetimeflag":0,"tripposition":3}]},{"routeid":4863,"stationid":34626,"stationname":"SMVIT Cross","from":"Puttenahalli","to":"Kempegowda International Airport","routeno":"281-AP PTH-KIAS","distance_on_station":9.383,"centerlat":13.15209,"centerlong":77.62015,"responsecode":200,"isnotify":0,"vehicleDetails":[{"vehicleid":26273,"vehiclenumber":"KA51AH6776","servicetypeid":72,"servicetype":"Non AC/Ordinary","centerlat":13.143687,"centerlong":77.617201,"eta":"2024-08-30 12:56:00","sch_arrivaltime":"13:03","sch_departuretime":"13:03","actual_arrivaltime":"","actual_departuretime":"","sch_tripstarttime":"12:36","sch_tripendtime":"12:36","lastlocationid":0,"currentlocationid":33001,"nextlocationid":0,"currentstop":null,"nextstop":null,"laststop":null,"stopCoveredStatus":0,"heading":0,"lastrefreshon":"30-08-2024 12:53:40","lastreceiveddatetimeflag":0,"tripposition":3}]},{"routeid":4863,"stationid":31981,"stationname":"Bettahalasuru Cross","from":"Puttenahalli","to":"Kempegowda International Airport","routeno":"281-AP PTH-KIAS","distance_on_station":10.049,"centerlat":13.1571,"centerlong":77.62336,"responsecode":200,"isnotify":0,"vehicleDetails":[{"vehicleid":26273,"vehiclenumber":"KA51AH6776","servicetypeid":72,"servicetype":"Non AC/Ordinary","centerlat":13.143687,"centerlong":77.617201,"eta":"2024-08-30 12:57:00","sch_arrivaltime":"13:04","sch_departuretime":"13:04","actual_arrivaltime":"","actual_departuretime":"","sch_tripstarttime":"12:36","sch_tripendtime":"12:36","lastlocationid":0,"currentlocationid":33001,"nextlocationid":0,"currentstop":null,"nextstop":null,"laststop":null,"stopCoveredStatus":0,"heading":0,"lastrefreshon":"30-08-2024 12:53:40","lastreceiveddatetimeflag":0,"tripposition":3}]},{"routeid":4863,"stationid":31590,"stationname":"Vidyanagara Cross Chikkajala","from":"Puttenahalli","to":"Kempegowda International Airport","routeno":"281-AP PTH-KIAS","distance_on_station":10.643,"centerlat":13.16137,"centerlong":77.62657,"responsecode":200,"isnotify":0,"vehicleDetails":[{"vehicleid":26273,"vehiclenumber":"KA51AH6776","servicetypeid":72,"servicetype":"Non AC/Ordinary","centerlat":13.143687,"centerlong":77.617201,"eta":"2024-08-30 13:00:00","sch_arrivaltime":"13:05","sch_departuretime":"13:05","actual_arrivaltime":"","actual_departuretime":"","sch_tripstarttime":"12:36","sch_tripendtime":"12:36","lastlocationid":0,"currentlocationid":33001,"nextlocationid":0,"currentstop":null,"nextstop":null,"laststop":null,"stopCoveredStatus":0,"heading":0,"lastrefreshon":"30-08-2024 12:53:40","lastreceiveddatetimeflag":0,"tripposition":3}]},{"routeid":4863,"stationid":24574,"stationname":"Chikkajala","from":"Puttenahalli","to":"Kempegowda International Airport","routeno":"281-AP PTH-KIAS","distance_on_station":12.125,"centerlat":13.17277,"centerlong":77.63318,"responsecode":200,"isnotify":0,"vehicleDetails":[{"vehicleid":26273,"vehiclenumber":"KA51AH6776","servicetypeid":72,"servicetype":"Non AC/Ordinary","centerlat":13.143687,"centerlong":77.617201,"eta":"2024-08-30 13:05:00","sch_arrivaltime":"13:07","sch_departuretime":"13:07","actual_arrivaltime":"","actual_departuretime":"","sch_tripstarttime":"12:36","sch_tripendtime":"12:36","lastlocationid":0,"currentlocationid":33001,"nextlocationid":0,"currentstop":null,"nextstop":null,"laststop":null,"stopCoveredStatus":0,"heading":0,"lastrefreshon":"30-08-2024 12:53:40","lastreceiveddatetimeflag":0,"tripposition":3}]},{"routeid":4863,"stationid":33910,"stationname":"Meenakunte","from":"Puttenahalli","to":"Kempegowda International Airport","routeno":"281-AP PTH-KIAS","distance_on_station":13.566,"centerlat":13.18063,"centerlong":77.6421,"responsecode":200,"isnotify":0,"vehicleDetails":[{"vehicleid":26273,"vehiclenumber":"KA51AH6776","servicetypeid":72,"servicetype":"Non AC/Ordinary","centerlat":13.143687,"centerlong":77.617201,"eta":"2024-08-30 13:09:00","sch_arrivaltime":"13:14","sch_departuretime":"13:14","actual_arrivaltime":"","actual_departuretime":"","sch_tripstarttime":"12:36","sch_tripendtime":"12:36","lastlocationid":0,"currentlocationid":33001,"nextlocationid":0,"currentstop":null,"nextstop":null,"laststop":null,"stopCoveredStatus":0,"heading":0,"lastrefreshon":"30-08-2024 12:53:40","lastreceiveddatetimeflag":0,"tripposition":3}]},{"routeid":4863,"stationid":25092,"stationname":"Doddajala","from":"Puttenahalli","to":"Kempegowda International Airport","routeno":"281-AP PTH-KIAS","distance_on_station":14.897,"centerlat":13.17735,"centerlong":77.65338,"responsecode":200,"isnotify":0,"vehicleDetails":[{"vehicleid":26273,"vehiclenumber":"KA51AH6776","servicetypeid":72,"servicetype":"Non AC/Ordinary","centerlat":13.143687,"centerlong":77.617201,"eta":"2024-08-30 13:13:00","sch_arrivaltime":"13:16","sch_departuretime":"13:16","actual_arrivaltime":"","actual_departuretime":"","sch_tripstarttime":"12:36","sch_tripendtime":"12:36","lastlocationid":0,"currentlocationid":33001,"nextlocationid":0,"currentstop":null,"nextstop":null,"laststop":null,"stopCoveredStatus":0,"heading":0,"lastrefreshon":"30-08-2024 12:53:40","lastreceiveddatetimeflag":0,"tripposition":3}]},{"routeid":4863,"stationid":28306,"stationname":"Shettigere","from":"Puttenahalli","to":"Kempegowda International Airport","routeno":"281-AP PTH-KIAS","distance_on_station":16.63,"centerlat":13.17921,"centerlong":77.66688,"responsecode":200,"isnotify":0,"vehicleDetails":[{"vehicleid":26273,"vehiclenumber":"KA51AH6776","servicetypeid":72,"servicetype":"Non AC/Ordinary","centerlat":13.143687,"centerlong":77.617201,"eta":"2024-08-30 13:19:00","sch_arrivaltime":"13:19","sch_departuretime":"13:19","actual_arrivaltime":"","actual_departuretime":"","sch_tripstarttime":"12:36","sch_tripendtime":"12:36","lastlocationid":0,"currentlocationid":33001,"nextlocationid":0,"currentstop":null,"nextstop":null,"laststop":null,"stopCoveredStatus":0,"heading":0,"lastrefreshon":"30-08-2024 12:53:40","lastreceiveddatetimeflag":0,"tripposition":3}]},{"routeid":4863,"stationid":33997,"stationname":"Muthukadahalli","from":"Puttenahalli","to":"Kempegowda International Airport","routeno":"281-AP PTH-KIAS","distance_on_station":17.537,"centerlat":13.1825,"centerlong":77.67303,"responsecode":200,"isnotify":0,"vehicleDetails":[{"vehicleid":26273,"vehiclenumber":"KA51AH6776","servicetypeid":72,"servicetype":"Non AC/Ordinary","centerlat":13.143687,"centerlong":77.617201,"eta":"2024-08-30 13:23:00","sch_arrivaltime":"13:20","sch_departuretime":"13:20","actual_arrivaltime":"","actual_departuretime":"","sch_tripstarttime":"12:36","sch_tripendtime":"12:36","lastlocationid":0,"currentlocationid":33001,"nextlocationid":0,"currentstop":null,"nextstop":null,"laststop":null,"stopCoveredStatus":0,"heading":0,"lastrefreshon":"30-08-2024 12:53:40","lastreceiveddatetimeflag":0,"tripposition":3}]},{"routeid":4863,"stationid":31944,"stationname":"Beguru","from":"Puttenahalli","to":"Kempegowda International Airport","routeno":"281-AP PTH-KIAS","distance_on_station":18.283,"centerlat":13.18356,"centerlong":77.67974,"responsecode":200,"isnotify":0,"vehicleDetails":[{"vehicleid":26273,"vehiclenumber":"KA51AH6776","servicetypeid":72,"servicetype":"Non AC/Ordinary","centerlat":13.143687,"centerlong":77.617201,"eta":"2024-08-30 13:25:00","sch_arrivaltime":"13:22","sch_departuretime":"13:22","actual_arrivaltime":"","actual_departuretime":"","sch_tripstarttime":"12:36","sch_tripendtime":"12:36","lastlocationid":0,"currentlocationid":33001,"nextlocationid":0,"currentstop":null,"nextstop":null,"laststop":null,"stopCoveredStatus":0,"heading":0,"lastrefreshon":"30-08-2024 12:53:40","lastreceiveddatetimeflag":0,"tripposition":3}]},{"routeid":4863,"stationid":38072,"stationname":"Kempegowda International Airport Back Gate","from":"Puttenahalli","to":"Kempegowda International Airport","routeno":"281-AP PTH-KIAS","distance_on_station":19.976,"centerlat":13.1982,"centerlong":77.67968,"responsecode":200,"isnotify":0,"vehicleDetails":[{"vehicleid":26273,"vehiclenumber":"KA51AH6776","servicetypeid":72,"servicetype":"Non AC/Ordinary","centerlat":13.143687,"centerlong":77.617201,"eta":"2024-08-30 13:30:00","sch_arrivaltime":"13:25","sch_departuretime":"13:25","actual_arrivaltime":"","actual_departuretime":"","sch_tripstarttime":"12:36","sch_tripendtime":"12:36","lastlocationid":0,"currentlocationid":33001,"nextlocationid":0,"currentstop":null,"nextstop":null,"laststop":null,"stopCoveredStatus":0,"heading":0,"lastrefreshon":"30-08-2024 12:53:40","lastreceiveddatetimeflag":0,"tripposition":3}]},{"routeid":4863,"stationid":37968,"stationname":"Cargo Village","from":"Puttenahalli","to":"Kempegowda International Airport","routeno":"281-AP PTH-KIAS","distance_on_station":20.49,"centerlat":13.19967,"centerlong":77.68231,"responsecode":200,"isnotify":0,"vehicleDetails":[{"vehicleid":26273,"vehiclenumber":"KA51AH6776","servicetypeid":72,"servicetype":"Non AC/Ordinary","centerlat":13.143687,"centerlong":77.617201,"eta":"2024-08-30 13:32:00","sch_arrivaltime":"13:27","sch_departuretime":"13:27","actual_arrivaltime":"","actual_departuretime":"","sch_tripstarttime":"12:36","sch_tripendtime":"12:36","lastlocationid":0,"currentlocationid":33001,"nextlocationid":0,"currentstop":null,"nextstop":null,"laststop":null,"stopCoveredStatus":0,"heading":0,"lastrefreshon":"30-08-2024 12:53:40","lastreceiveddatetimeflag":0,"tripposition":3}]},{"routeid":4863,"stationid":37969,"stationname":"DHFL","from":"Puttenahalli","to":"Kempegowda International Airport","routeno":"281-AP PTH-KIAS","distance_on_station":21.942,"centerlat":13.19963,"centerlong":77.69561,"responsecode":200,"isnotify":0,"vehicleDetails":[{"vehicleid":26273,"vehiclenumber":"KA51AH6776","servicetypeid":72,"servicetype":"Non AC/Ordinary","centerlat":13.143687,"centerlong":77.617201,"eta":"2024-08-30 13:36:00","sch_arrivaltime":"13:30","sch_departuretime":"13:30","actual_arrivaltime":"","actual_departuretime":"","sch_tripstarttime":"12:36","sch_tripendtime":"12:36","lastlocationid":0,"currentlocationid":33001,"nextlocationid":0,"currentstop":null,"nextstop":null,"laststop":null,"stopCoveredStatus":0,"heading":0,"lastrefreshon":"30-08-2024 12:53:40","lastreceiveddatetimeflag":0,"tripposition":3}]},{"routeid":4863,"stationid":38069,"stationname":"Kempegowda International Airport","from":"Puttenahalli","to":"Kempegowda International Airport","routeno":"281-AP PTH-KIAS","distance_on_station":23,"centerlat":13.19975,"centerlong":77.70514,"responsecode":200,"isnotify":0,"vehicleDetails":[{"vehicleid":26273,"vehiclenumber":"KA51AH6776","servicetypeid":72,"servicetype":"Non AC/Ordinary","centerlat":13.143687,"centerlong":77.617201,"eta":"2024-08-30 13:39:00","sch_arrivaltime":"13:32","sch_departuretime":"13:32","actual_arrivaltime":"","actual_departuretime":"","sch_tripstarttime":"12:36","sch_tripendtime":"12:36","lastlocationid":0,"currentlocationid":33001,"nextlocationid":0,"currentstop":null,"nextstop":null,"laststop":null,"stopCoveredStatus":0,"heading":0,"lastrefreshon":"30-08-2024 12:53:40","lastreceiveddatetimeflag":0,"tripposition":1}]}],"mapData":[{"vehicleid":26273,"vehiclenumber":"KA51AH6776","servicetypeid":72,"servicetype":"Non AC/Ordinary","centerlat":13.143687,"centerlong":77.617201,"eta":"2024-08-30 13:39:00","sch_arrivaltime":"13:32","sch_departuretime":"13:32","actual_arrivaltime":"","actual_departuretime":"","sch_tripstarttime":"12:36","sch_tripendtime":"12:36","lastlocationid":0,"currentlocationid":33001,"nextlocationid":0,"currentstop":null,"nextstop":null,"laststop":null,"stopCoveredStatus":0,"heading":0,"lastrefreshon":"30-08-2024 12:53:40","lastreceiveddatetimeflag":0,"tripposition":1}]},"down":{"data":[{"routeid":4864,"stationid":38069,"stationname":"Kempegowda International Airport","from":"Kempegowda International Airport","to":"Puttenahalli","routeno":"281-AP PTH-KIAS","distance_on_station":0,"centerlat":13.19975,"centerlong":77.70514,"responsecode":200,"isnotify":0,"vehicleDetails":[{"vehicleid":26372,"vehiclenumber":"KA51AH4988","servicetypeid":72,"servicetype":"Non AC/Ordinary","centerlat":13.110637,"centerlong":77.578024,"eta":"","sch_arrivaltime":"10:40","sch_departuretime":"10:40","actual_arrivaltime":"10:27","actual_departuretime":"10:28","sch_tripstarttime":"10:40","sch_tripendtime":"10:40","lastlocationid":0,"currentlocationid":34299,"nextlocationid":0,"currentstop":null,"nextstop":null,"laststop":null,"stopCoveredStatus":1,"heading":76,"lastrefreshon":"30-08-2024 12:51:39","lastreceiveddatetimeflag":0,"tripposition":1}]},{"routeid":4864,"stationid":38070,"stationname":"DHFL","from":"Kempegowda International Airport","to":"Puttenahalli","routeno":"281-AP PTH-KIAS","distance_on_station":1.026,"centerlat":13.19945,"centerlong":77.69561,"responsecode":200,"isnotify":0,"vehicleDetails":[{"vehicleid":26372,"vehiclenumber":"KA51AH4988","servicetypeid":72,"servicetype":"Non AC/Ordinary","centerlat":13.110637,"centerlong":77.578024,"eta":"","sch_arrivaltime":"10:42","sch_departuretime":"10:42","actual_arrivaltime":"","actual_departuretime":"","sch_tripstarttime":"10:40","sch_tripendtime":"10:40","lastlocationid":0,"currentlocationid":34299,"nextlocationid":0,"currentstop":null,"nextstop":null,"laststop":null,"stopCoveredStatus":1,"heading":76,"lastrefreshon":"30-08-2024 12:51:39","lastreceiveddatetimeflag":0,"tripposition":3}]},{"routeid":4864,"stationid":38068,"stationname":"Cargo Village","from":"Kempegowda International Airport","to":"Puttenahalli","routeno":"281-AP PTH-KIAS","distance_on_station":2.471,"centerlat":13.19956,"centerlong":77.68225,"responsecode":200,"isnotify":0,"vehicleDetails":[{"vehicleid":26372,"vehiclenumber":"KA51AH4988","servicetypeid":72,"servicetype":"Non AC/Ordinary","centerlat":13.110637,"centerlong":77.578024,"eta":"","sch_arrivaltime":"10:45","sch_departuretime":"10:45","actual_arrivaltime":"","actual_departuretime":"","sch_tripstarttime":"10:40","sch_tripendtime":"10:40","lastlocationid":0,"currentlocationid":34299,"nextlocationid":0,"currentstop":null,"nextstop":null,"laststop":null,"stopCoveredStatus":1,"heading":76,"lastrefreshon":"30-08-2024 12:51:39","lastreceiveddatetimeflag":0,"tripposition":3}]},{"routeid":4864,"stationid":38071,"stationname":"Kempegowda International Airport Back Gate","from":"Kempegowda International Airport","to":"Puttenahalli","routeno":"281-AP PTH-KIAS","distance_on_station":2.95,"centerlat":13.19816,"centerlong":77.67987,"responsecode":200,"isnotify":0,"vehicleDetails":[{"vehicleid":26372,"vehiclenumber":"KA51AH4988","servicetypeid":72,"servicetype":"Non AC/Ordinary","centerlat":13.110637,"centerlong":77.578024,"eta":"","sch_arrivaltime":"10:46","sch_departuretime":"10:46","actual_arrivaltime":"","actual_departuretime":"","sch_tripstarttime":"10:40","sch_tripendtime":"10:40","lastlocationid":0,"currentlocationid":34299,"nextlocationid":0,"currentstop":null,"nextstop":null,"laststop":null,"stopCoveredStatus":1,"heading":76,"lastrefreshon":"30-08-2024 12:51:39","lastreceiveddatetimeflag":0,"tripposition":3}]},{"routeid":4864,"stationid":29836,"stationname":"Beguru","from":"Kempegowda International Airport","to":"Puttenahalli","routeno":"281-AP PTH-KIAS","distance_on_station":4.614,"centerlat":13.18348,"centerlong":77.67967,"responsecode":200,"isnotify":0,"vehicleDetails":[{"vehicleid":26372,"vehiclenumber":"KA51AH4988","servicetypeid":72,"servicetype":"Non AC/Ordinary","centerlat":13.110637,"centerlong":77.578024,"eta":"","sch_arrivaltime":"10:49","sch_departuretime":"10:49","actual_arrivaltime":"10:37","actual_departuretime":"10:39","sch_tripstarttime":"10:40","sch_tripendtime":"10:40","lastlocationid":0,"currentlocationid":34299,"nextlocationid":0,"currentstop":null,"nextstop":null,"laststop":null,"stopCoveredStatus":1,"heading":76,"lastrefreshon":"30-08-2024 12:51:39","lastreceiveddatetimeflag":0,"tripposition":1}]},{"routeid":4864,"stationid":33995,"stationname":"Muthugadahalli","from":"Kempegowda International Airport","to":"Puttenahalli","routeno":"281-AP PTH-KIAS","distance_on_station":5.351,"centerlat":13.18243,"centerlong":77.67306,"responsecode":200,"isnotify":0,"vehicleDetails":[{"vehicleid":26372,"vehiclenumber":"KA51AH4988","servicetypeid":72,"servicetype":"Non AC/Ordinary","centerlat":13.110637,"centerlong":77.578024,"eta":"","sch_arrivaltime":"10:50","sch_departuretime":"10:50","actual_arrivaltime":"10:41","actual_departuretime":"10:41","sch_tripstarttime":"10:40","sch_tripendtime":"10:40","lastlocationid":0,"currentlocationid":34299,"nextlocationid":0,"currentstop":null,"nextstop":null,"laststop":null,"stopCoveredStatus":1,"heading":76,"lastrefreshon":"30-08-2024 12:51:39","lastreceiveddatetimeflag":0,"tripposition":1}]},{"routeid":4864,"stationid":34539,"stationname":"Shettigere","from":"Kempegowda International Airport","to":"Puttenahalli","routeno":"281-AP PTH-KIAS","distance_on_station":6.158,"centerlat":13.1798,"centerlong":77.66724,"responsecode":200,"isnotify":0,"vehicleDetails":[{"vehicleid":26372,"vehiclenumber":"KA51AH4988","servicetypeid":72,"servicetype":"Non AC/Ordinary","centerlat":13.110637,"centerlong":77.578024,"eta":"","sch_arrivaltime":"10:51","sch_departuretime":"10:51","actual_arrivaltime":"","actual_departuretime":"","sch_tripstarttime":"10:40","sch_tripendtime":"10:40","lastlocationid":0,"currentlocationid":34299,"nextlocationid":0,"currentstop":null,"nextstop":null,"laststop":null,"stopCoveredStatus":1,"heading":76,"lastrefreshon":"30-08-2024 12:51:39","lastreceiveddatetimeflag":0,"tripposition":3}]},{"routeid":4864,"stationid":32538,"stationname":"Doddajala","from":"Kempegowda International Airport","to":"Puttenahalli","routeno":"281-AP PTH-KIAS","distance_on_station":7.952,"centerlat":13.1773,"centerlong":77.65328,"responsecode":200,"isnotify":0,"vehicleDetails":[{"vehicleid":26372,"vehiclenumber":"KA51AH4988","servicetypeid":72,"servicetype":"Non AC/Ordinary","centerlat":13.110637,"centerlong":77.578024,"eta":"","sch_arrivaltime":"10:54","sch_departuretime":"10:54","actual_arrivaltime":"10:47","actual_departuretime":"10:47","sch_tripstarttime":"10:40","sch_tripendtime":"10:40","lastlocationid":0,"currentlocationid":34299,"nextlocationid":0,"currentstop":null,"nextstop":null,"laststop":null,"stopCoveredStatus":1,"heading":76,"lastrefreshon":"30-08-2024 12:51:39","lastreceiveddatetimeflag":0,"tripposition":1}]},{"routeid":4864,"stationid":28954,"stationname":"Meenakunte","from":"Kempegowda International Airport","to":"Puttenahalli","routeno":"281-AP PTH-KIAS","distance_on_station":9.277,"centerlat":13.18059,"centerlong":77.64208,"responsecode":200,"isnotify":0,"vehicleDetails":[{"vehicleid":26372,"vehiclenumber":"KA51AH4988","servicetypeid":72,"servicetype":"Non AC/Ordinary","centerlat":13.110637,"centerlong":77.578024,"eta":"","sch_arrivaltime":"10:56","sch_departuretime":"10:56","actual_arrivaltime":"","actual_departuretime":"","sch_tripstarttime":"10:40","sch_tripendtime":"10:40","lastlocationid":0,"currentlocationid":34299,"nextlocationid":0,"currentstop":null,"nextstop":null,"laststop":null,"stopCoveredStatus":1,"heading":76,"lastrefreshon":"30-08-2024 12:51:39","lastreceiveddatetimeflag":0,"tripposition":3}]},{"routeid":4864,"stationid":32304,"stationname":"Chikkajala","from":"Kempegowda International Airport","to":"Puttenahalli","routeno":"281-AP PTH-KIAS","distance_on_station":10.633,"centerlat":13.17273,"centerlong":77.63369,"responsecode":200,"isnotify":0,"vehicleDetails":[{"vehicleid":26372,"vehiclenumber":"KA51AH4988","servicetypeid":72,"servicetype":"Non AC/Ordinary","centerlat":13.110637,"centerlong":77.578024,"eta":"","sch_arrivaltime":"10:58","sch_departuretime":"10:58","actual_arrivaltime":"10:53","actual_departuretime":"10:55","sch_tripstarttime":"10:40","sch_tripendtime":"10:40","lastlocationid":0,"currentlocationid":34299,"nextlocationid":0,"currentstop":null,"nextstop":null,"laststop":null,"stopCoveredStatus":1,"heading":76,"lastrefreshon":"30-08-2024 12:51:39","lastreceiveddatetimeflag":0,"tripposition":1}]},{"routeid":4864,"stationid":30568,"stationname":"Kadiganahalli Gate","from":"Kempegowda International Airport","to":"Puttenahalli","routeno":"281-AP PTH-KIAS","distance_on_station":11.171,"centerlat":13.16825,"centerlong":77.63162,"responsecode":200,"isnotify":0,"vehicleDetails":[{"vehicleid":26372,"vehiclenumber":"KA51AH4988","servicetypeid":72,"servicetype":"Non AC/Ordinary","centerlat":13.110637,"centerlong":77.578024,"eta":"","sch_arrivaltime":"10:59","sch_departuretime":"10:59","actual_arrivaltime":"10:55","actual_departuretime":"10:57","sch_tripstarttime":"10:40","sch_tripendtime":"10:40","lastlocationid":0,"currentlocationid":34299,"nextlocationid":0,"currentstop":null,"nextstop":null,"laststop":null,"stopCoveredStatus":1,"heading":76,"lastrefreshon":"30-08-2024 12:51:39","lastreceiveddatetimeflag":0,"tripposition":1}]},{"routeid":4864,"stationid":27274,"stationname":"Vidyanagara Cross","from":"Kempegowda International Airport","to":"Puttenahalli","routeno":"281-AP PTH-KIAS","distance_on_station":12.127,"centerlat":13.161,"centerlong":77.6269,"responsecode":200,"isnotify":0,"vehicleDetails":[{"vehicleid":26372,"vehiclenumber":"KA51AH4988","servicetypeid":72,"servicetype":"Non AC/Ordinary","centerlat":13.110637,"centerlong":77.578024,"eta":"","sch_arrivaltime":"11:00","sch_departuretime":"11:00","actual_arrivaltime":"","actual_departuretime":"","sch_tripstarttime":"10:40","sch_tripendtime":"10:40","lastlocationid":0,"currentlocationid":34299,"nextlocationid":0,"currentstop":null,"nextstop":null,"laststop":null,"stopCoveredStatus":1,"heading":76,"lastrefreshon":"30-08-2024 12:51:39","lastreceiveddatetimeflag":0,"tripposition":3}]},{"routeid":4864,"stationid":29914,"stationname":"Bettahalasuru Cross","from":"Kempegowda International Airport","to":"Puttenahalli","routeno":"281-AP PTH-KIAS","distance_on_station":12.735,"centerlat":13.15656,"centerlong":77.62358,"responsecode":200,"isnotify":0,"vehicleDetails":[{"vehicleid":26372,"vehiclenumber":"KA51AH4988","servicetypeid":72,"servicetype":"Non AC/Ordinary","centerlat":13.110637,"centerlong":77.578024,"eta":"","sch_arrivaltime":"11:01","sch_departuretime":"11:01","actual_arrivaltime":"","actual_departuretime":"","sch_tripstarttime":"10:40","sch_tripendtime":"10:40","lastlocationid":0,"currentlocationid":34299,"nextlocationid":0,"currentstop":null,"nextstop":null,"laststop":null,"stopCoveredStatus":1,"heading":76,"lastrefreshon":"30-08-2024 12:51:39","lastreceiveddatetimeflag":0,"tripposition":3}]},{"routeid":4864,"stationid":34627,"stationname":"SMVIT Cross","from":"Kempegowda International Airport","to":"Puttenahalli","routeno":"281-AP PTH-KIAS","distance_on_station":13.343,"centerlat":13.15197,"centerlong":77.62063,"responsecode":200,"isnotify":0,"vehicleDetails":[{"vehicleid":26372,"vehiclenumber":"KA51AH4988","servicetypeid":72,"servicetype":"Non AC/Ordinary","centerlat":13.110637,"centerlong":77.578024,"eta":"","sch_arrivaltime":"11:02","sch_departuretime":"11:02","actual_arrivaltime":"","actual_departuretime":"","sch_tripstarttime":"10:40","sch_tripendtime":"10:40","lastlocationid":0,"currentlocationid":34299,"nextlocationid":0,"currentstop":null,"nextstop":null,"laststop":null,"stopCoveredStatus":1,"heading":76,"lastrefreshon":"30-08-2024 12:51:39","lastreceiveddatetimeflag":0,"tripposition":3}]},{"routeid":4864,"stationid":33002,"stationname":"Hunasamaranahalli","from":"Kempegowda International Airport","to":"Puttenahalli","routeno":"281-AP PTH-KIAS","distance_on_station":14.25,"centerlat":13.14427,"centerlong":77.61777,"responsecode":200,"isnotify":0,"vehicleDetails":[{"vehicleid":26372,"vehiclenumber":"KA51AH4988","servicetypeid":72,"servicetype":"Non AC/Ordinary","centerlat":13.110637,"centerlong":77.578024,"eta":"","sch_arrivaltime":"11:03","sch_departuretime":"11:03","actual_arrivaltime":"","actual_departuretime":"","sch_tripstarttime":"10:40","sch_tripendtime":"10:40","lastlocationid":0,"currentlocationid":34299,"nextlocationid":0,"currentstop":null,"nextstop":null,"laststop":null,"stopCoveredStatus":1,"heading":76,"lastrefreshon":"30-08-2024 12:51:39","lastreceiveddatetimeflag":0,"tripposition":3}]},{"routeid":4864,"stationid":32026,"stationname":"Bharathi Nagara","from":"Kempegowda International Airport","to":"Puttenahalli","routeno":"281-AP PTH-KIAS","distance_on_station":15.017,"centerlat":13.13752,"centerlong":77.61764,"responsecode":200,"isnotify":0,"vehicleDetails":[{"vehicleid":26372,"vehiclenumber":"KA51AH4988","servicetypeid":72,"servicetype":"Non AC/Ordinary","centerlat":13.110637,"centerlong":77.578024,"eta":"","sch_arrivaltime":"11:04","sch_departuretime":"11:04","actual_arrivaltime":"","actual_departuretime":"","sch_tripstarttime":"10:40","sch_tripendtime":"10:40","lastlocationid":0,"currentlocationid":34299,"nextlocationid":0,"currentstop":null,"nextstop":null,"laststop":null,"stopCoveredStatus":1,"heading":76,"lastrefreshon":"30-08-2024 12:51:39","lastreceiveddatetimeflag":0,"tripposition":3}]},{"routeid":4864,"stationid":26090,"stationname":"Indian Air Force","from":"Kempegowda International Airport","to":"Puttenahalli","routeno":"281-AP PTH-KIAS","distance_on_station":15.804,"centerlat":13.13092,"centerlong":77.6153,"responsecode":200,"isnotify":0,"vehicleDetails":[{"vehicleid":26372,"vehiclenumber":"KA51AH4988","servicetypeid":72,"servicetype":"Non AC/Ordinary","centerlat":13.110637,"centerlong":77.578024,"eta":"","sch_arrivaltime":"11:05","sch_departuretime":"11:05","actual_arrivaltime":"","actual_departuretime":"","sch_tripstarttime":"10:40","sch_tripendtime":"10:40","lastlocationid":0,"currentlocationid":34299,"nextlocationid":0,"currentstop":null,"nextstop":null,"laststop":null,"stopCoveredStatus":1,"heading":76,"lastrefreshon":"30-08-2024 12:51:39","lastreceiveddatetimeflag":0,"tripposition":3}]},{"routeid":4864,"stationid":35633,"stationname":"Bagalur Cross","from":"Kempegowda International Airport","to":"Puttenahalli","routeno":"281-AP PTH-KIAS","distance_on_station":16.97,"centerlat":13.12211,"centerlong":77.61116,"responsecode":200,"isnotify":0,"vehicleDetails":[{"vehicleid":26372,"vehiclenumber":"KA51AH4988","servicetypeid":72,"servicetype":"Non AC/Ordinary","centerlat":13.110637,"centerlong":77.578024,"eta":"","sch_arrivaltime":"11:06","sch_departuretime":"11:06","actual_arrivaltime":"","actual_departuretime":"","sch_tripstarttime":"10:40","sch_tripendtime":"10:40","lastlocationid":0,"currentlocationid":34299,"nextlocationid":0,"currentstop":null,"nextstop":null,"laststop":null,"stopCoveredStatus":1,"heading":76,"lastrefreshon":"30-08-2024 12:51:39","lastreceiveddatetimeflag":0,"tripposition":3}]},{"routeid":4864,"stationid":27578,"stationname":"Palanahalli Gate","from":"Kempegowda International Airport","to":"Puttenahalli","routeno":"281-AP PTH-KIAS","distance_on_station":17.548,"centerlat":13.11678,"centerlong":77.60847,"responsecode":200,"isnotify":0,"vehicleDetails":[{"vehicleid":26372,"vehiclenumber":"KA51AH4988","servicetypeid":72,"servicetype":"Non AC/Ordinary","centerlat":13.110637,"centerlong":77.578024,"eta":"","sch_arrivaltime":"11:07","sch_departuretime":"11:07","actual_arrivaltime":"","actual_departuretime":"","sch_tripstarttime":"10:40","sch_tripendtime":"10:40","lastlocationid":0,"currentlocationid":34299,"nextlocationid":0,"currentstop":null,"nextstop":null,"laststop":null,"stopCoveredStatus":1,"heading":76,"lastrefreshon":"30-08-2024 12:51:39","lastreceiveddatetimeflag":0,"tripposition":3}]},{"routeid":4864,"stationid":34897,"stationname":"Venkatala","from":"Kempegowda International Airport","to":"Puttenahalli","routeno":"281-AP PTH-KIAS","distance_on_station":18.286,"centerlat":13.1111,"centerlong":77.60498,"responsecode":200,"isnotify":0,"vehicleDetails":[{"vehicleid":26372,"vehiclenumber":"KA51AH4988","servicetypeid":72,"servicetype":"Non AC/Ordinary","centerlat":13.110637,"centerlong":77.578024,"eta":"","sch_arrivaltime":"11:08","sch_departuretime":"11:08","actual_arrivaltime":"","actual_departuretime":"","sch_tripstarttime":"10:40","sch_tripendtime":"10:40","lastlocationid":0,"currentlocationid":34299,"nextlocationid":0,"currentstop":null,"nextstop":null,"laststop":null,"stopCoveredStatus":1,"heading":76,"lastrefreshon":"30-08-2024 12:51:39","lastreceiveddatetimeflag":0,"tripposition":3}]},{"routeid":4864,"stationid":33454,"stationname":"Kendriya Vihara","from":"Kempegowda International Airport","to":"Puttenahalli","routeno":"281-AP PTH-KIAS","distance_on_station":18.883,"centerlat":13.10643,"centerlong":77.60213,"responsecode":200,"isnotify":0,"vehicleDetails":[{"vehicleid":26372,"vehiclenumber":"KA51AH4988","servicetypeid":72,"servicetype":"Non AC/Ordinary","centerlat":13.110637,"centerlong":77.578024,"eta":"","sch_arrivaltime":"11:09","sch_departuretime":"11:09","actual_arrivaltime":"","actual_departuretime":"","sch_tripstarttime":"10:40","sch_tripendtime":"10:40","lastlocationid":0,"currentlocationid":34299,"nextlocationid":0,"currentstop":null,"nextstop":null,"laststop":null,"stopCoveredStatus":1,"heading":76,"lastrefreshon":"30-08-2024 12:51:39","lastreceiveddatetimeflag":0,"tripposition":3}]},{"routeid":4864,"stationid":22184,"stationname":"Kogilu Cross","from":"Kempegowda International Airport","to":"Puttenahalli","routeno":"281-AP PTH-KIAS","distance_on_station":19.192,"centerlat":13.10398,"centerlong":77.60084,"responsecode":200,"isnotify":0,"vehicleDetails":[{"vehicleid":26372,"vehiclenumber":"KA51AH4988","servicetypeid":72,"servicetype":"Non AC/Ordinary","centerlat":13.110637,"centerlong":77.578024,"eta":"","sch_arrivaltime":"11:10","sch_departuretime":"11:10","actual_arrivaltime":"11:13","actual_departuretime":"11:14","sch_tripstarttime":"10:40","sch_tripendtime":"10:40","lastlocationid":0,"currentlocationid":34299,"nextlocationid":0,"currentstop":null,"nextstop":null,"laststop":null,"stopCoveredStatus":1,"heading":76,"lastrefreshon":"30-08-2024 12:51:39","lastreceiveddatetimeflag":0,"tripposition":1}]},{"routeid":4864,"stationid":22645,"stationname":"Yelahanka Santhe Circle","from":"Kempegowda International Airport","to":"Puttenahalli","routeno":"281-AP PTH-KIAS","distance_on_station":19.96,"centerlat":13.09852,"centerlong":77.59698,"responsecode":200,"isnotify":0,"vehicleDetails":[{"vehicleid":26372,"vehiclenumber":"KA51AH4988","servicetypeid":72,"servicetype":"Non AC/Ordinary","centerlat":13.110637,"centerlong":77.578024,"eta":"","sch_arrivaltime":"11:14","sch_departuretime":"11:14","actual_arrivaltime":"","actual_departuretime":"","sch_tripstarttime":"10:40","sch_tripendtime":"10:40","lastlocationid":0,"currentlocationid":34299,"nextlocationid":0,"currentstop":null,"nextstop":null,"laststop":null,"stopCoveredStatus":0,"heading":76,"lastrefreshon":"30-08-2024 12:51:39","lastreceiveddatetimeflag":0,"tripposition":3}]},{"routeid":4864,"stationid":22356,"stationname":"NES Office","from":"Kempegowda International Airport","to":"Puttenahalli","routeno":"281-AP PTH-KIAS","distance_on_station":20.827,"centerlat":13.09766,"centerlong":77.59166,"responsecode":200,"isnotify":0,"vehicleDetails":[{"vehicleid":26372,"vehiclenumber":"KA51AH4988","servicetypeid":72,"servicetype":"Non AC/Ordinary","centerlat":13.110637,"centerlong":77.578024,"eta":"","sch_arrivaltime":"11:16","sch_departuretime":"11:16","actual_arrivaltime":"","actual_departuretime":"","sch_tripstarttime":"10:40","sch_tripendtime":"10:40","lastlocationid":0,"currentlocationid":34299,"nextlocationid":0,"currentstop":null,"nextstop":null,"laststop":null,"stopCoveredStatus":0,"heading":76,"lastrefreshon":"30-08-2024 12:51:39","lastreceiveddatetimeflag":0,"tripposition":3}]},{"routeid":4864,"stationid":34534,"stationname":"Sheshadripuram College","from":"Kempegowda International Airport","to":"Puttenahalli","routeno":"281-AP PTH-KIAS","distance_on_station":21.255,"centerlat":13.10022,"centerlong":77.58866,"responsecode":200,"isnotify":0,"vehicleDetails":[{"vehicleid":26372,"vehiclenumber":"KA51AH4988","servicetypeid":72,"servicetype":"Non AC/Ordinary","centerlat":13.110637,"centerlong":77.578024,"eta":"","sch_arrivaltime":"11:19","sch_departuretime":"11:19","actual_arrivaltime":"","actual_departuretime":"","sch_tripstarttime":"10:40","sch_tripendtime":"10:40","lastlocationid":0,"currentlocationid":34299,"nextlocationid":0,"currentstop":null,"nextstop":null,"laststop":null,"stopCoveredStatus":0,"heading":76,"lastrefreshon":"30-08-2024 12:51:39","lastreceiveddatetimeflag":0,"tripposition":3}]},{"routeid":4864,"stationid":32598,"stationname":"Escorts","from":"Kempegowda International Airport","to":"Puttenahalli","routeno":"281-AP PTH-KIAS","distance_on_station":21.674,"centerlat":13.10263,"centerlong":77.58569,"responsecode":200,"isnotify":0,"vehicleDetails":[{"vehicleid":26372,"vehiclenumber":"KA51AH4988","servicetypeid":72,"servicetype":"Non AC/Ordinary","centerlat":13.110637,"centerlong":77.578024,"eta":"","sch_arrivaltime":"11:20","sch_departuretime":"11:20","actual_arrivaltime":"","actual_departuretime":"","sch_tripstarttime":"10:40","sch_tripendtime":"10:40","lastlocationid":0,"currentlocationid":34299,"nextlocationid":0,"currentstop":null,"nextstop":null,"laststop":null,"stopCoveredStatus":0,"heading":76,"lastrefreshon":"30-08-2024 12:51:39","lastreceiveddatetimeflag":0,"tripposition":3}]},{"routeid":4864,"stationid":31633,"stationname":"Wheel And Axle Plant","from":"Kempegowda International Airport","to":"Puttenahalli","routeno":"281-AP PTH-KIAS","distance_on_station":22.162,"centerlat":13.10572,"centerlong":77.58241,"responsecode":200,"isnotify":0,"vehicleDetails":[{"vehicleid":26372,"vehiclenumber":"KA51AH4988","servicetypeid":72,"servicetype":"Non AC/Ordinary","centerlat":13.110637,"centerlong":77.578024,"eta":"","sch_arrivaltime":"11:21","sch_departuretime":"11:21","actual_arrivaltime":"","actual_departuretime":"","sch_tripstarttime":"10:40","sch_tripendtime":"10:40","lastlocationid":0,"currentlocationid":34299,"nextlocationid":0,"currentstop":null,"nextstop":null,"laststop":null,"stopCoveredStatus":0,"heading":76,"lastrefreshon":"30-08-2024 12:51:39","lastreceiveddatetimeflag":0,"tripposition":3}]},{"routeid":4864,"stationid":34299,"stationname":"Puttenahalli","from":"Kempegowda International Airport","to":"Puttenahalli","routeno":"281-AP PTH-KIAS","distance_on_station":22.7,"centerlat":13.10995,"centerlong":77.58022,"responsecode":200,"isnotify":0,"vehicleDetails":[{"vehicleid":26372,"vehiclenumber":"KA51AH4988","servicetypeid":72,"servicetype":"Non AC/Ordinary","centerlat":13.110637,"centerlong":77.578024,"eta":"","sch_arrivaltime":"11:22","sch_departuretime":"11:22","actual_arrivaltime":"","actual_departuretime":"","sch_tripstarttime":"10:40","sch_tripendtime":"10:40","lastlocationid":0,"currentlocationid":34299,"nextlocationid":0,"currentstop":null,"nextstop":null,"laststop":null,"stopCoveredStatus":0,"heading":76,"lastrefreshon":"30-08-2024 12:51:39","lastreceiveddatetimeflag":0,"tripposition":1}]}],"mapData":[{"vehicleid":26372,"vehiclenumber":"KA51AH4988","servicetypeid":72,"servicetype":"Non AC/Ordinary","centerlat":13.110637,"centerlong":77.578024,"eta":"","sch_arrivaltime":"11:22","sch_departuretime":"11:22","actual_arrivaltime":"","actual_departuretime":"","sch_tripstarttime":"10:40","sch_tripendtime":"10:40","lastlocationid":0,"currentlocationid":34299,"nextlocationid":0,"currentstop":null,"nextstop":null,"laststop":null,"stopCoveredStatus":0,"heading":76,"lastrefreshon":"30-08-2024 12:51:39","lastreceiveddatetimeflag":0,"tripposition":1}]},"message":"Success","issuccess":true,"exception":null,"rowCount":0,"responsecode":200}