{"up":{"data":[{"routeid":1799,"stationid":21096,"stationname":"RT Nagara Police Station","from":"Shanthinagara Bus Station","to":"Hebbala Bridge","routeno":"284 SNBS-SBS-RTNP-HBLB","distance_on_station":0,"centerlat":13.02566,"centerlong":77.59301,"responsecode":200,"isnotify":0,"vehicleDetails":[{"vehicleid":19518,"vehiclenumber":"KA57F2274","servicetypeid":72,"servicetype":"Non AC/Ordinary","centerlat":12.982882,"centerlong":77.602943,"eta":"","sch_arrivaltime":"14:36","sch_departuretime":"14:36","actual_arrivaltime":"","actual_departuretime":"","sch_tripstarttime":"13:56","sch_tripendtime":"13:56","lastlocationid":0,"currentlocationid":21096,"nextlocationid":0,"currentstop":null,"nextstop":null,"laststop":null,"stopCoveredStatus":0,"heading":35,"lastrefreshon":"05-08-2024 23:27:53","lastreceiveddatetimeflag":1,"tripposition":1}]},{"routeid":1799,"stationid":21246,"stationname":"Vasanthappa Block","from":"Shanthinagara Bus Station","to":"Hebbala Bridge","routeno":"284 SNBS-SBS-RTNP-HBLB","distance_on_station":1.419,"centerlat":13.02628,"centerlong":77.58917,"responsecode":200,"isnotify":0,"vehicleDetails":[{"vehicleid":19518,"vehiclenumber":"KA57F2274","servicetypeid":72,"servicetype":"Non AC/Ordinary","centerlat":12.982882,"centerlong":77.602943,"eta":"","sch_arrivaltime":"14:38","sch_departuretime":"14:38","actual_arrivaltime":"","actual_departuretime":"","sch_tripstarttime":"13:56","sch_tripendtime":"13:56","lastlocationid":0,"currentlocationid":21096,"nextlocationid":0,"currentstop":null,"nextstop":null,"laststop":null,"stopCoveredStatus":0,"heading":35,"lastrefreshon":"05-08-2024 23:27:53","lastreceiveddatetimeflag":1,"tripposition":3}]},{"routeid":1799,"stationid":20701,"stationname":"CBI","from":"Shanthinagara Bus Station","to":"Hebbala Bridge","routeno":"284 SNBS-SBS-RTNP-HBLB","distance_on_station":2.261,"centerlat":13.02691,"centerlong":77.58601,"responsecode":200,"isnotify":0,"vehicleDetails":[{"vehicleid":19518,"vehiclenumber":"KA57F2274","servicetypeid":72,"servicetype":"Non AC/Ordinary","centerlat":12.982882,"centerlong":77.602943,"eta":"","sch_arrivaltime":"14:39","sch_departuretime":"14:39","actual_arrivaltime":"","actual_departuretime":"","sch_tripstarttime":"13:56","sch_tripendtime":"13:56","lastlocationid":0,"currentlocationid":21096,"nextlocationid":0,"currentstop":null,"nextstop":null,"laststop":null,"stopCoveredStatus":0,"heading":35,"lastrefreshon":"05-08-2024 23:27:53","lastreceiveddatetimeflag":1,"tripposition":3}]},{"routeid":1799,"stationid":20695,"stationname":"Canara Bank Hebbala","from":"Shanthinagara Bus Station","to":"Hebbala Bridge","routeno":"284 SNBS-SBS-RTNP-HBLB","distance_on_station":4.931,"centerlat":13.03581,"centerlong":77.58886,"responsecode":200,"isnotify":0,"vehicleDetails":[{"vehicleid":19518,"vehiclenumber":"KA57F2274","servicetypeid":72,"servicetype":"Non AC/Ordinary","centerlat":12.982882,"centerlong":77.602943,"eta":"","sch_arrivaltime":"14:41","sch_departuretime":"14:41","actual_arrivaltime":"","actual_departuretime":"","sch_tripstarttime":"13:56","sch_tripendtime":"13:56","lastlocationid":0,"currentlocationid":21096,"nextlocationid":0,"currentstop":null,"nextstop":null,"laststop":null,"stopCoveredStatus":0,"heading":35,"lastrefreshon":"05-08-2024 23:27:53","lastreceiveddatetimeflag":1,"tripposition":3}]},{"routeid":1799,"stationid":20822,"stationname":"Hebbala Bridge","from":"Shanthinagara Bus Station","to":"Hebbala Bridge","routeno":"284 SNBS-SBS-RTNP-HBLB","distance_on_station":8.9,"centerlat":13.04218,"centerlong":77.59387,"responsecode":200,"isnotify":0,"vehicleDetails":[{"vehicleid":19518,"vehiclenumber":"KA57F2274","servicetypeid":72,"servicetype":"Non AC/Ordinary","centerlat":12.982882,"centerlong":77.602943,"eta":"","sch_arrivaltime":"14:44","sch_departuretime":"14:44","actual_arrivaltime":"","actual_departuretime":"","sch_tripstarttime":"13:56","sch_tripendtime":"13:56","lastlocationid":0,"currentlocationid":21096,"nextlocationid":0,"currentstop":null,"nextstop":null,"laststop":null,"stopCoveredStatus":0,"heading":35,"lastrefreshon":"05-08-2024 23:27:53","lastreceiveddatetimeflag":1,"tripposition":1}]}],"mapData":[{"vehicleid":19518,"vehiclenumber":"KA57F2274","servicetypeid":72,"servicetype":"Non AC/Ordinary","centerlat":12.982882,"centerlong":77.602943,"eta":"","sch_arrivaltime":"14:44","sch_departuretime":"14:44","actual_arrivaltime":"","actual_departuretime":"","sch_tripstarttime":"13:56","sch_tripendtime":"13:56","lastlocationid":0,"currentlocationid":21096,"nextlocationid":0,"currentstop":null,"nextstop":null,"laststop":null,"stopCoveredStatus":0,"heading":35,"lastrefreshon":"05-08-2024 23:27:53","lastreceiveddatetimeflag":1,"tripposition":1}]},"down":{"data":[],"mapData":[]},"message":"Success","issuccess":true,"exception":null,"rowCount":0,"responsecode":200}