{"up":{"data":[{"routeid":2031,"stationid":20921,"stationname":"Kempegowda Bus Station","from":"Kempegowda Bus Station","to":"Vidyaniketan School Hebbala","routeno":"285 KBS-VPSH","distance_on_station":0,"centerlat":12.97751,"centerlong":77.57141,"responsecode":200,"isnotify":0,"vehicleDetails":[{"vehicleid":18469,"vehiclenumber":"KA57F2921","servicetypeid":72,"servicetype":"Non AC/Ordinary","centerlat":13.017698,"centerlong":77.555817,"eta":"","sch_arrivaltime":"13:25","sch_departuretime":"13:25","actual_arrivaltime":"","actual_departuretime":"","sch_tripstarttime":"13:25","sch_tripendtime":"13:25","lastlocationid":0,"currentlocationid":21019,"nextlocationid":0,"currentstop":null,"nextstop":null,"laststop":null,"stopCoveredStatus":0,"heading":166,"lastrefreshon":"28-07-2024 18:29:07","lastreceiveddatetimeflag":1,"tripposition":1}]},{"routeid":2031,"stationid":20938,"stationname":"KPCC Office","from":"Kempegowda Bus Station","to":"Vidyaniketan School Hebbala","routeno":"285 KBS-VPSH","distance_on_station":1.248,"centerlat":12.98287,"centerlong":77.57642,"responsecode":200,"isnotify":0,"vehicleDetails":[{"vehicleid":18469,"vehiclenumber":"KA57F2921","servicetypeid":72,"servicetype":"Non AC/Ordinary","centerlat":13.017698,"centerlong":77.555817,"eta":"","sch_arrivaltime":"13:30","sch_departuretime":"13:30","actual_arrivaltime":"","actual_departuretime":"","sch_tripstarttime":"13:25","sch_tripendtime":"13:25","lastlocationid":0,"currentlocationid":21019,"nextlocationid":0,"currentstop":null,"nextstop":null,"laststop":null,"stopCoveredStatus":0,"heading":166,"lastrefreshon":"28-07-2024 18:29:07","lastreceiveddatetimeflag":1,"tripposition":3}]},{"routeid":2031,"stationid":21175,"stationname":"Shivananda Store","from":"Kempegowda Bus Station","to":"Vidyaniketan School Hebbala","routeno":"285 KBS-VPSH","distance_on_station":2.096,"centerlat":12.98735,"centerlong":77.58022,"responsecode":200,"isnotify":0,"vehicleDetails":[{"vehicleid":18469,"vehiclenumber":"KA57F2921","servicetypeid":72,"servicetype":"Non AC/Ordinary","centerlat":13.017698,"centerlong":77.555817,"eta":"","sch_arrivaltime":"13:32","sch_departuretime":"13:32","actual_arrivaltime":"","actual_departuretime":"","sch_tripstarttime":"13:25","sch_tripendtime":"13:25","lastlocationid":0,"currentlocationid":21019,"nextlocationid":0,"currentstop":null,"nextstop":null,"laststop":null,"stopCoveredStatus":0,"heading":166,"lastrefreshon":"28-07-2024 18:29:07","lastreceiveddatetimeflag":1,"tripposition":3}]},{"routeid":2031,"stationid":21130,"stationname":"RM Guttahalli","from":"Kempegowda Bus Station","to":"Vidyaniketan School Hebbala","routeno":"285 KBS-VPSH","distance_on_station":4.08,"centerlat":12.99977,"centerlong":77.58392,"responsecode":200,"isnotify":0,"vehicleDetails":[{"vehicleid":18469,"vehiclenumber":"KA57F2921","servicetypeid":72,"servicetype":"Non AC/Ordinary","centerlat":13.017698,"centerlong":77.555817,"eta":"","sch_arrivaltime":"13:36","sch_departuretime":"13:36","actual_arrivaltime":"","actual_departuretime":"","sch_tripstarttime":"13:25","sch_tripendtime":"13:25","lastlocationid":0,"currentlocationid":21019,"nextlocationid":0,"currentstop":null,"nextstop":null,"laststop":null,"stopCoveredStatus":0,"heading":166,"lastrefreshon":"28-07-2024 18:29:07","lastreceiveddatetimeflag":1,"tripposition":3}]},{"routeid":2031,"stationid":21076,"stationname":"Palace Ground","from":"Kempegowda Bus Station","to":"Vidyaniketan School Hebbala","routeno":"285 KBS-VPSH","distance_on_station":5.59,"centerlat":13.01057,"centerlong":77.58378,"responsecode":200,"isnotify":0,"vehicleDetails":[{"vehicleid":18469,"vehiclenumber":"KA57F2921","servicetypeid":72,"servicetype":"Non AC/Ordinary","centerlat":13.017698,"centerlong":77.555817,"eta":"","sch_arrivaltime":"13:38","sch_departuretime":"13:38","actual_arrivaltime":"","actual_departuretime":"","sch_tripstarttime":"13:25","sch_tripendtime":"13:25","lastlocationid":0,"currentlocationid":21019,"nextlocationid":0,"currentstop":null,"nextstop":null,"laststop":null,"stopCoveredStatus":0,"heading":166,"lastrefreshon":"28-07-2024 18:29:07","lastreceiveddatetimeflag":1,"tripposition":3}]},{"routeid":2031,"stationid":21019,"stationname":"Mekhri Circle","from":"Kempegowda Bus Station","to":"Vidyaniketan School Hebbala","routeno":"285 KBS-VPSH","distance_on_station":6.551,"centerlat":13.01749,"centerlong":77.58388,"responsecode":200,"isnotify":0,"vehicleDetails":[{"vehicleid":18469,"vehiclenumber":"KA57F2921","servicetypeid":72,"servicetype":"Non AC/Ordinary","centerlat":13.017698,"centerlong":77.555817,"eta":"","sch_arrivaltime":"13:39","sch_departuretime":"13:39","actual_arrivaltime":"","actual_departuretime":"","sch_tripstarttime":"13:25","sch_tripendtime":"13:25","lastlocationid":0,"currentlocationid":21019,"nextlocationid":0,"currentstop":null,"nextstop":null,"laststop":null,"stopCoveredStatus":0,"heading":166,"lastrefreshon":"28-07-2024 18:29:07","lastreceiveddatetimeflag":1,"tripposition":3}]},{"routeid":2031,"stationid":20698,"stationname":"CBI","from":"Kempegowda Bus Station","to":"Vidyaniketan School Hebbala","routeno":"285 KBS-VPSH","distance_on_station":7.761,"centerlat":13.02613,"centerlong":77.58514,"responsecode":200,"isnotify":0,"vehicleDetails":[{"vehicleid":18469,"vehiclenumber":"KA57F2921","servicetypeid":72,"servicetype":"Non AC/Ordinary","centerlat":13.017698,"centerlong":77.555817,"eta":"","sch_arrivaltime":"13:40","sch_departuretime":"13:40","actual_arrivaltime":"","actual_departuretime":"","sch_tripstarttime":"13:25","sch_tripendtime":"13:25","lastlocationid":0,"currentlocationid":21019,"nextlocationid":0,"currentstop":null,"nextstop":null,"laststop":null,"stopCoveredStatus":0,"heading":166,"lastrefreshon":"28-07-2024 18:29:07","lastreceiveddatetimeflag":1,"tripposition":3}]},{"routeid":2031,"stationid":21254,"stationname":"Veterinary Hospital","from":"Kempegowda Bus Station","to":"Vidyaniketan School Hebbala","routeno":"285 KBS-VPSH","distance_on_station":8.735,"centerlat":13.03257,"centerlong":77.58769,"responsecode":200,"isnotify":0,"vehicleDetails":[{"vehicleid":18469,"vehiclenumber":"KA57F2921","servicetypeid":72,"servicetype":"Non AC/Ordinary","centerlat":13.017698,"centerlong":77.555817,"eta":"","sch_arrivaltime":"13:41","sch_departuretime":"13:41","actual_arrivaltime":"","actual_departuretime":"","sch_tripstarttime":"13:25","sch_tripendtime":"13:25","lastlocationid":0,"currentlocationid":21019,"nextlocationid":0,"currentstop":null,"nextstop":null,"laststop":null,"stopCoveredStatus":0,"heading":166,"lastrefreshon":"28-07-2024 18:29:07","lastreceiveddatetimeflag":1,"tripposition":3}]},{"routeid":2031,"stationid":20695,"stationname":"Canara Bank Hebbala","from":"Kempegowda Bus Station","to":"Vidyaniketan School Hebbala","routeno":"285 KBS-VPSH","distance_on_station":9.209,"centerlat":13.03581,"centerlong":77.58886,"responsecode":200,"isnotify":0,"vehicleDetails":[{"vehicleid":18469,"vehiclenumber":"KA57F2921","servicetypeid":72,"servicetype":"Non AC/Ordinary","centerlat":13.017698,"centerlong":77.555817,"eta":"","sch_arrivaltime":"13:42","sch_departuretime":"13:42","actual_arrivaltime":"","actual_departuretime":"","sch_tripstarttime":"13:25","sch_tripendtime":"13:25","lastlocationid":0,"currentlocationid":21019,"nextlocationid":0,"currentstop":null,"nextstop":null,"laststop":null,"stopCoveredStatus":0,"heading":166,"lastrefreshon":"28-07-2024 18:29:07","lastreceiveddatetimeflag":1,"tripposition":3}]},{"routeid":2031,"stationid":20820,"stationname":"Hebbala","from":"Kempegowda Bus Station","to":"Vidyaniketan School Hebbala","routeno":"285 KBS-VPSH","distance_on_station":9.583,"centerlat":13.03847,"centerlong":77.5892,"responsecode":200,"isnotify":0,"vehicleDetails":[{"vehicleid":18469,"vehiclenumber":"KA57F2921","servicetypeid":72,"servicetype":"Non AC/Ordinary","centerlat":13.017698,"centerlong":77.555817,"eta":"","sch_arrivaltime":"13:43","sch_departuretime":"13:43","actual_arrivaltime":"","actual_departuretime":"","sch_tripstarttime":"13:25","sch_tripendtime":"13:25","lastlocationid":0,"currentlocationid":21019,"nextlocationid":0,"currentstop":null,"nextstop":null,"laststop":null,"stopCoveredStatus":0,"heading":166,"lastrefreshon":"28-07-2024 18:29:07","lastreceiveddatetimeflag":1,"tripposition":3}]},{"routeid":2031,"stationid":33931,"stationname":"Military Dairy Farm (Esteem Mall)","from":"Kempegowda Bus Station","to":"Vidyaniketan School Hebbala","routeno":"285 KBS-VPSH","distance_on_station":11.243,"centerlat":13.04979,"centerlong":77.59274,"responsecode":200,"isnotify":0,"vehicleDetails":[{"vehicleid":18469,"vehiclenumber":"KA57F2921","servicetypeid":72,"servicetype":"Non AC/Ordinary","centerlat":13.017698,"centerlong":77.555817,"eta":"","sch_arrivaltime":"13:45","sch_departuretime":"13:45","actual_arrivaltime":"","actual_departuretime":"","sch_tripstarttime":"13:25","sch_tripendtime":"13:25","lastlocationid":0,"currentlocationid":21019,"nextlocationid":0,"currentstop":null,"nextstop":null,"laststop":null,"stopCoveredStatus":0,"heading":166,"lastrefreshon":"28-07-2024 18:29:07","lastreceiveddatetimeflag":1,"tripposition":3}]},{"routeid":2031,"stationid":33932,"stationname":"Military Dairy Farm (Esteem Mall)","from":"Kempegowda Bus Station","to":"Vidyaniketan School Hebbala","routeno":"285 KBS-VPSH","distance_on_station":13.489,"centerlat":13.04943,"centerlong":77.59324,"responsecode":200,"isnotify":0,"vehicleDetails":[{"vehicleid":18469,"vehiclenumber":"KA57F2921","servicetypeid":72,"servicetype":"Non AC/Ordinary","centerlat":13.017698,"centerlong":77.555817,"eta":"","sch_arrivaltime":"13:51","sch_departuretime":"13:51","actual_arrivaltime":"","actual_departuretime":"","sch_tripstarttime":"13:25","sch_tripendtime":"13:25","lastlocationid":0,"currentlocationid":21019,"nextlocationid":0,"currentstop":null,"nextstop":null,"laststop":null,"stopCoveredStatus":0,"heading":166,"lastrefreshon":"28-07-2024 18:29:07","lastreceiveddatetimeflag":1,"tripposition":3}]},{"routeid":2031,"stationid":31591,"stationname":"Vidyaniketan School Hebbala","from":"Kempegowda Bus Station","to":"Vidyaniketan School Hebbala","routeno":"285 KBS-VPSH","distance_on_station":14.1,"centerlat":13.04769,"centerlong":77.59644,"responsecode":200,"isnotify":0,"vehicleDetails":[{"vehicleid":18469,"vehiclenumber":"KA57F2921","servicetypeid":72,"servicetype":"Non AC/Ordinary","centerlat":13.017698,"centerlong":77.555817,"eta":"","sch_arrivaltime":"13:52","sch_departuretime":"13:52","actual_arrivaltime":"","actual_departuretime":"","sch_tripstarttime":"13:25","sch_tripendtime":"13:25","lastlocationid":0,"currentlocationid":21019,"nextlocationid":0,"currentstop":null,"nextstop":null,"laststop":null,"stopCoveredStatus":0,"heading":166,"lastrefreshon":"28-07-2024 18:29:07","lastreceiveddatetimeflag":1,"tripposition":1}]}],"mapData":[{"vehicleid":18469,"vehiclenumber":"KA57F2921","servicetypeid":72,"servicetype":"Non AC/Ordinary","centerlat":13.017698,"centerlong":77.555817,"eta":"","sch_arrivaltime":"13:52","sch_departuretime":"13:52","actual_arrivaltime":"","actual_departuretime":"","sch_tripstarttime":"13:25","sch_tripendtime":"13:25","lastlocationid":0,"currentlocationid":21019,"nextlocationid":0,"currentstop":null,"nextstop":null,"laststop":null,"stopCoveredStatus":0,"heading":166,"lastrefreshon":"28-07-2024 18:29:07","lastreceiveddatetimeflag":1,"tripposition":1}]},"down":{"data":[],"mapData":[]},"message":"Success","issuccess":true,"exception":null,"rowCount":0,"responsecode":200}