{"up":{"data":[{"routeid":2031,"stationid":20921,"stationname":"Kempegowda Bus Station","from":"Kempegowda Bus Station","to":"Vidyaniketan School Hebbala","routeno":"285 KBS-VPSH","distance_on_station":0,"centerlat":12.97751,"centerlong":77.57141,"responsecode":200,"isnotify":0,"vehicleDetails":[{"vehicleid":18490,"vehiclenumber":"KA57F4246","servicetypeid":72,"servicetype":"Non AC/Ordinary","centerlat":13.048647,"centerlong":77.594955,"eta":"","sch_arrivaltime":"13:55","sch_departuretime":"13:55","actual_arrivaltime":"13:31","actual_departuretime":"13:31","sch_tripstarttime":"13:55","sch_tripendtime":"13:55","lastlocationid":0,"currentlocationid":31591,"nextlocationid":0,"currentstop":null,"nextstop":null,"laststop":null,"stopCoveredStatus":1,"heading":86,"lastrefreshon":"21-10-2024 14:18:49","lastreceiveddatetimeflag":0,"tripposition":1},{"vehicleid":18713,"vehiclenumber":"KA57F2362","servicetypeid":72,"servicetype":"Non AC/Ordinary","centerlat":13.048733,"centerlong":77.594872,"eta":"","sch_arrivaltime":"13:25","sch_departuretime":"13:25","actual_arrivaltime":"13:07","actual_departuretime":"13:07","sch_tripstarttime":"13:25","sch_tripendtime":"13:25","lastlocationid":0,"currentlocationid":33932,"nextlocationid":0,"currentstop":null,"nextstop":null,"laststop":null,"stopCoveredStatus":1,"heading":97,"lastrefreshon":"21-10-2024 14:19:16","lastreceiveddatetimeflag":0,"tripposition":1},{"vehicleid":19131,"vehiclenumber":"KA57F1864","servicetypeid":72,"servicetype":"Non AC/Ordinary","centerlat":12.99684,"centerlong":77.584602,"eta":"","sch_arrivaltime":"14:10","sch_departuretime":"14:10","actual_arrivaltime":"","actual_departuretime":"","sch_tripstarttime":"14:10","sch_tripendtime":"14:10","lastlocationid":0,"currentlocationid":21130,"nextlocationid":0,"currentstop":null,"nextstop":null,"laststop":null,"stopCoveredStatus":1,"heading":347,"lastrefreshon":"21-10-2024 14:19:33","lastreceiveddatetimeflag":0,"tripposition":1},{"vehicleid":19519,"vehiclenumber":"KA57F1987","servicetypeid":72,"servicetype":"Non AC/Ordinary","centerlat":13.048693,"centerlong":77.594711,"eta":"","sch_arrivaltime":"13:25","sch_departuretime":"13:25","actual_arrivaltime":"12:58","actual_departuretime":"12:58","sch_tripstarttime":"13:25","sch_tripendtime":"13:25","lastlocationid":0,"currentlocationid":33932,"nextlocationid":0,"currentstop":null,"nextstop":null,"laststop":null,"stopCoveredStatus":1,"heading":96,"lastrefreshon":"21-10-2024 14:18:40","lastreceiveddatetimeflag":0,"tripposition":1},{"vehicleid":25884,"vehiclenumber":"KA57F2096","servicetypeid":72,"servicetype":"Non AC/Ordinary","centerlat":13.048803,"centerlong":77.594955,"eta":"","sch_arrivaltime":"13:25","sch_departuretime":"13:25","actual_arrivaltime":"13:16","actual_departuretime":"13:16","sch_tripstarttime":"13:25","sch_tripendtime":"13:25","lastlocationid":0,"currentlocationid":31591,"nextlocationid":0,"currentstop":null,"nextstop":null,"laststop":null,"stopCoveredStatus":1,"heading":27,"lastrefreshon":"21-10-2024 14:19:50","lastreceiveddatetimeflag":0,"tripposition":1},{"vehicleid":25884,"vehiclenumber":"KA57F2096","servicetypeid":72,"servicetype":"Non AC/Ordinary","centerlat":13.048803,"centerlong":77.594955,"eta":"","sch_arrivaltime":"13:25","sch_departuretime":"13:25","actual_arrivaltime":"13:16","actual_departuretime":"13:16","sch_tripstarttime":"13:25","sch_tripendtime":"13:25","lastlocationid":0,"currentlocationid":33932,"nextlocationid":0,"currentstop":null,"nextstop":null,"laststop":null,"stopCoveredStatus":1,"heading":27,"lastrefreshon":"21-10-2024 14:19:50","lastreceiveddatetimeflag":0,"tripposition":1}]},{"routeid":2031,"stationid":20938,"stationname":"KPCC Office","from":"Kempegowda Bus Station","to":"Vidyaniketan School Hebbala","routeno":"285 KBS-VPSH","distance_on_station":1.248,"centerlat":12.98287,"centerlong":77.57642,"responsecode":200,"isnotify":0,"vehicleDetails":[{"vehicleid":19519,"vehiclenumber":"KA57F1987","servicetypeid":72,"servicetype":"Non AC/Ordinary","centerlat":13.048693,"centerlong":77.594711,"eta":"","sch_arrivaltime":"13:30","sch_departuretime":"13:30","actual_arrivaltime":"13:00","actual_departuretime":"13:00","sch_tripstarttime":"13:25","sch_tripendtime":"13:25","lastlocationid":0,"currentlocationid":33932,"nextlocationid":0,"currentstop":null,"nextstop":null,"laststop":null,"stopCoveredStatus":1,"heading":96,"lastrefreshon":"21-10-2024 14:18:40","lastreceiveddatetimeflag":0,"tripposition":1},{"vehicleid":18713,"vehiclenumber":"KA57F2362","servicetypeid":72,"servicetype":"Non AC/Ordinary","centerlat":13.048733,"centerlong":77.594872,"eta":"","sch_arrivaltime":"13:30","sch_departuretime":"13:30","actual_arrivaltime":"13:09","actual_departuretime":"13:09","sch_tripstarttime":"13:25","sch_tripendtime":"13:25","lastlocationid":0,"currentlocationid":33932,"nextlocationid":0,"currentstop":null,"nextstop":null,"laststop":null,"stopCoveredStatus":1,"heading":97,"lastrefreshon":"21-10-2024 14:19:16","lastreceiveddatetimeflag":0,"tripposition":1},{"vehicleid":25884,"vehiclenumber":"KA57F2096","servicetypeid":72,"servicetype":"Non AC/Ordinary","centerlat":13.048803,"centerlong":77.594955,"eta":"","sch_arrivaltime":"13:30","sch_departuretime":"13:30","actual_arrivaltime":"13:17","actual_departuretime":"13:17","sch_tripstarttime":"13:25","sch_tripendtime":"13:25","lastlocationid":0,"currentlocationid":31591,"nextlocationid":0,"currentstop":null,"nextstop":null,"laststop":null,"stopCoveredStatus":1,"heading":27,"lastrefreshon":"21-10-2024 14:19:50","lastreceiveddatetimeflag":0,"tripposition":1},{"vehicleid":25884,"vehiclenumber":"KA57F2096","servicetypeid":72,"servicetype":"Non AC/Ordinary","centerlat":13.048803,"centerlong":77.594955,"eta":"","sch_arrivaltime":"13:30","sch_departuretime":"13:30","actual_arrivaltime":"13:17","actual_departuretime":"13:17","sch_tripstarttime":"13:25","sch_tripendtime":"13:25","lastlocationid":0,"currentlocationid":33932,"nextlocationid":0,"currentstop":null,"nextstop":null,"laststop":null,"stopCoveredStatus":1,"heading":27,"lastrefreshon":"21-10-2024 14:19:50","lastreceiveddatetimeflag":0,"tripposition":1},{"vehicleid":18490,"vehiclenumber":"KA57F4246","servicetypeid":72,"servicetype":"Non AC/Ordinary","centerlat":13.048647,"centerlong":77.594955,"eta":"","sch_arrivaltime":"14:00","sch_departuretime":"14:00","actual_arrivaltime":"13:32","actual_departuretime":"13:33","sch_tripstarttime":"13:55","sch_tripendtime":"13:55","lastlocationid":0,"currentlocationid":31591,"nextlocationid":0,"currentstop":null,"nextstop":null,"laststop":null,"stopCoveredStatus":1,"heading":86,"lastrefreshon":"21-10-2024 14:18:49","lastreceiveddatetimeflag":0,"tripposition":1},{"vehicleid":19131,"vehiclenumber":"KA57F1864","servicetypeid":72,"servicetype":"Non AC/Ordinary","centerlat":12.99684,"centerlong":77.584602,"eta":"","sch_arrivaltime":"14:15","sch_departuretime":"14:15","actual_arrivaltime":"14:12","actual_departuretime":"14:12","sch_tripstarttime":"14:10","sch_tripendtime":"14:10","lastlocationid":0,"currentlocationid":21130,"nextlocationid":0,"currentstop":null,"nextstop":null,"laststop":null,"stopCoveredStatus":1,"heading":347,"lastrefreshon":"21-10-2024 14:19:33","lastreceiveddatetimeflag":0,"tripposition":1}]},{"routeid":2031,"stationid":21175,"stationname":"Shivananda Store","from":"Kempegowda Bus Station","to":"Vidyaniketan School Hebbala","routeno":"285 KBS-VPSH","distance_on_station":2.096,"centerlat":12.98735,"centerlong":77.58022,"responsecode":200,"isnotify":0,"vehicleDetails":[{"vehicleid":19519,"vehiclenumber":"KA57F1987","servicetypeid":72,"servicetype":"Non AC/Ordinary","centerlat":13.048693,"centerlong":77.594711,"eta":"","sch_arrivaltime":"13:32","sch_departuretime":"13:32","actual_arrivaltime":"13:03","actual_departuretime":"13:03","sch_tripstarttime":"13:25","sch_tripendtime":"13:25","lastlocationid":0,"currentlocationid":33932,"nextlocationid":0,"currentstop":null,"nextstop":null,"laststop":null,"stopCoveredStatus":1,"heading":96,"lastrefreshon":"21-10-2024 14:18:40","lastreceiveddatetimeflag":0,"tripposition":1},{"vehicleid":18713,"vehiclenumber":"KA57F2362","servicetypeid":72,"servicetype":"Non AC/Ordinary","centerlat":13.048733,"centerlong":77.594872,"eta":"","sch_arrivaltime":"13:32","sch_departuretime":"13:32","actual_arrivaltime":"13:13","actual_departuretime":"13:13","sch_tripstarttime":"13:25","sch_tripendtime":"13:25","lastlocationid":0,"currentlocationid":33932,"nextlocationid":0,"currentstop":null,"nextstop":null,"laststop":null,"stopCoveredStatus":1,"heading":97,"lastrefreshon":"21-10-2024 14:19:16","lastreceiveddatetimeflag":0,"tripposition":1},{"vehicleid":25884,"vehiclenumber":"KA57F2096","servicetypeid":72,"servicetype":"Non AC/Ordinary","centerlat":13.048803,"centerlong":77.594955,"eta":"","sch_arrivaltime":"13:32","sch_departuretime":"13:32","actual_arrivaltime":"13:20","actual_departuretime":"13:20","sch_tripstarttime":"13:25","sch_tripendtime":"13:25","lastlocationid":0,"currentlocationid":31591,"nextlocationid":0,"currentstop":null,"nextstop":null,"laststop":null,"stopCoveredStatus":1,"heading":27,"lastrefreshon":"21-10-2024 14:19:50","lastreceiveddatetimeflag":0,"tripposition":1},{"vehicleid":25884,"vehiclenumber":"KA57F2096","servicetypeid":72,"servicetype":"Non AC/Ordinary","centerlat":13.048803,"centerlong":77.594955,"eta":"","sch_arrivaltime":"13:32","sch_departuretime":"13:32","actual_arrivaltime":"13:20","actual_departuretime":"13:20","sch_tripstarttime":"13:25","sch_tripendtime":"13:25","lastlocationid":0,"currentlocationid":33932,"nextlocationid":0,"currentstop":null,"nextstop":null,"laststop":null,"stopCoveredStatus":1,"heading":27,"lastrefreshon":"21-10-2024 14:19:50","lastreceiveddatetimeflag":0,"tripposition":1},{"vehicleid":18490,"vehiclenumber":"KA57F4246","servicetypeid":72,"servicetype":"Non AC/Ordinary","centerlat":13.048647,"centerlong":77.594955,"eta":"","sch_arrivaltime":"14:02","sch_departuretime":"14:02","actual_arrivaltime":"13:37","actual_departuretime":"13:37","sch_tripstarttime":"13:55","sch_tripendtime":"13:55","lastlocationid":0,"currentlocationid":31591,"nextlocationid":0,"currentstop":null,"nextstop":null,"laststop":null,"stopCoveredStatus":1,"heading":86,"lastrefreshon":"21-10-2024 14:18:49","lastreceiveddatetimeflag":0,"tripposition":1},{"vehicleid":19131,"vehiclenumber":"KA57F1864","servicetypeid":72,"servicetype":"Non AC/Ordinary","centerlat":12.99684,"centerlong":77.584602,"eta":"","sch_arrivaltime":"14:17","sch_departuretime":"14:17","actual_arrivaltime":"14:16","actual_departuretime":"14:16","sch_tripstarttime":"14:10","sch_tripendtime":"14:10","lastlocationid":0,"currentlocationid":21130,"nextlocationid":0,"currentstop":null,"nextstop":null,"laststop":null,"stopCoveredStatus":1,"heading":347,"lastrefreshon":"21-10-2024 14:19:33","lastreceiveddatetimeflag":0,"tripposition":1}]},{"routeid":2031,"stationid":21130,"stationname":"RM Guttahalli","from":"Kempegowda Bus Station","to":"Vidyaniketan School Hebbala","routeno":"285 KBS-VPSH","distance_on_station":4.08,"centerlat":12.99977,"centerlong":77.58392,"responsecode":200,"isnotify":0,"vehicleDetails":[{"vehicleid":19519,"vehiclenumber":"KA57F1987","servicetypeid":72,"servicetype":"Non AC/Ordinary","centerlat":13.048693,"centerlong":77.594711,"eta":"","sch_arrivaltime":"13:36","sch_departuretime":"13:36","actual_arrivaltime":"13:15","actual_departuretime":"13:15","sch_tripstarttime":"13:25","sch_tripendtime":"13:25","lastlocationid":0,"currentlocationid":33932,"nextlocationid":0,"currentstop":null,"nextstop":null,"laststop":null,"stopCoveredStatus":1,"heading":96,"lastrefreshon":"21-10-2024 14:18:40","lastreceiveddatetimeflag":0,"tripposition":1},{"vehicleid":18713,"vehiclenumber":"KA57F2362","servicetypeid":72,"servicetype":"Non AC/Ordinary","centerlat":13.048733,"centerlong":77.594872,"eta":"","sch_arrivaltime":"13:36","sch_departuretime":"13:36","actual_arrivaltime":"13:18","actual_departuretime":"13:19","sch_tripstarttime":"13:25","sch_tripendtime":"13:25","lastlocationid":0,"currentlocationid":33932,"nextlocationid":0,"currentstop":null,"nextstop":null,"laststop":null,"stopCoveredStatus":1,"heading":97,"lastrefreshon":"21-10-2024 14:19:16","lastreceiveddatetimeflag":0,"tripposition":1},{"vehicleid":25884,"vehiclenumber":"KA57F2096","servicetypeid":72,"servicetype":"Non AC/Ordinary","centerlat":13.048803,"centerlong":77.594955,"eta":"","sch_arrivaltime":"13:36","sch_departuretime":"13:36","actual_arrivaltime":"13:28","actual_departuretime":"13:28","sch_tripstarttime":"13:25","sch_tripendtime":"13:25","lastlocationid":0,"currentlocationid":31591,"nextlocationid":0,"currentstop":null,"nextstop":null,"laststop":null,"stopCoveredStatus":1,"heading":27,"lastrefreshon":"21-10-2024 14:19:50","lastreceiveddatetimeflag":0,"tripposition":1},{"vehicleid":25884,"vehiclenumber":"KA57F2096","servicetypeid":72,"servicetype":"Non AC/Ordinary","centerlat":13.048803,"centerlong":77.594955,"eta":"","sch_arrivaltime":"13:36","sch_departuretime":"13:36","actual_arrivaltime":"13:28","actual_departuretime":"13:28","sch_tripstarttime":"13:25","sch_tripendtime":"13:25","lastlocationid":0,"currentlocationid":33932,"nextlocationid":0,"currentstop":null,"nextstop":null,"laststop":null,"stopCoveredStatus":1,"heading":27,"lastrefreshon":"21-10-2024 14:19:50","lastreceiveddatetimeflag":0,"tripposition":1},{"vehicleid":18490,"vehiclenumber":"KA57F4246","servicetypeid":72,"servicetype":"Non AC/Ordinary","centerlat":13.048647,"centerlong":77.594955,"eta":"","sch_arrivaltime":"14:06","sch_departuretime":"14:06","actual_arrivaltime":"13:44","actual_departuretime":"13:44","sch_tripstarttime":"13:55","sch_tripendtime":"13:55","lastlocationid":0,"currentlocationid":31591,"nextlocationid":0,"currentstop":null,"nextstop":null,"laststop":null,"stopCoveredStatus":1,"heading":86,"lastrefreshon":"21-10-2024 14:18:49","lastreceiveddatetimeflag":0,"tripposition":1},{"vehicleid":19131,"vehiclenumber":"KA57F1864","servicetypeid":72,"servicetype":"Non AC/Ordinary","centerlat":12.99684,"centerlong":77.584602,"eta":"2024-10-21 14:21:00","sch_arrivaltime":"14:21","sch_departuretime":"14:21","actual_arrivaltime":"","actual_departuretime":"","sch_tripstarttime":"14:10","sch_tripendtime":"14:10","lastlocationid":0,"currentlocationid":21130,"nextlocationid":0,"currentstop":null,"nextstop":null,"laststop":null,"stopCoveredStatus":0,"heading":347,"lastrefreshon":"21-10-2024 14:19:33","lastreceiveddatetimeflag":0,"tripposition":3}]},{"routeid":2031,"stationid":21076,"stationname":"Palace Ground","from":"Kempegowda Bus Station","to":"Vidyaniketan School Hebbala","routeno":"285 KBS-VPSH","distance_on_station":5.59,"centerlat":13.01057,"centerlong":77.58378,"responsecode":200,"isnotify":0,"vehicleDetails":[{"vehicleid":19519,"vehiclenumber":"KA57F1987","servicetypeid":72,"servicetype":"Non AC/Ordinary","centerlat":13.048693,"centerlong":77.594711,"eta":"","sch_arrivaltime":"13:38","sch_departuretime":"13:38","actual_arrivaltime":"13:20","actual_departuretime":"13:20","sch_tripstarttime":"13:25","sch_tripendtime":"13:25","lastlocationid":0,"currentlocationid":33932,"nextlocationid":0,"currentstop":null,"nextstop":null,"laststop":null,"stopCoveredStatus":1,"heading":96,"lastrefreshon":"21-10-2024 14:18:40","lastreceiveddatetimeflag":0,"tripposition":1},{"vehicleid":18713,"vehiclenumber":"KA57F2362","servicetypeid":72,"servicetype":"Non AC/Ordinary","centerlat":13.048733,"centerlong":77.594872,"eta":"","sch_arrivaltime":"13:38","sch_departuretime":"13:38","actual_arrivaltime":"13:24","actual_departuretime":"13:24","sch_tripstarttime":"13:25","sch_tripendtime":"13:25","lastlocationid":0,"currentlocationid":33932,"nextlocationid":0,"currentstop":null,"nextstop":null,"laststop":null,"stopCoveredStatus":1,"heading":97,"lastrefreshon":"21-10-2024 14:19:16","lastreceiveddatetimeflag":0,"tripposition":1},{"vehicleid":25884,"vehiclenumber":"KA57F2096","servicetypeid":72,"servicetype":"Non AC/Ordinary","centerlat":13.048803,"centerlong":77.594955,"eta":"","sch_arrivaltime":"13:38","sch_departuretime":"13:38","actual_arrivaltime":"13:34","actual_departuretime":"13:34","sch_tripstarttime":"13:25","sch_tripendtime":"13:25","lastlocationid":0,"currentlocationid":31591,"nextlocationid":0,"currentstop":null,"nextstop":null,"laststop":null,"stopCoveredStatus":1,"heading":27,"lastrefreshon":"21-10-2024 14:19:50","lastreceiveddatetimeflag":0,"tripposition":1},{"vehicleid":25884,"vehiclenumber":"KA57F2096","servicetypeid":72,"servicetype":"Non AC/Ordinary","centerlat":13.048803,"centerlong":77.594955,"eta":"","sch_arrivaltime":"13:38","sch_departuretime":"13:38","actual_arrivaltime":"13:34","actual_departuretime":"13:34","sch_tripstarttime":"13:25","sch_tripendtime":"13:25","lastlocationid":0,"currentlocationid":33932,"nextlocationid":0,"currentstop":null,"nextstop":null,"laststop":null,"stopCoveredStatus":1,"heading":27,"lastrefreshon":"21-10-2024 14:19:50","lastreceiveddatetimeflag":0,"tripposition":1},{"vehicleid":18490,"vehiclenumber":"KA57F4246","servicetypeid":72,"servicetype":"Non AC/Ordinary","centerlat":13.048647,"centerlong":77.594955,"eta":"","sch_arrivaltime":"14:08","sch_departuretime":"14:08","actual_arrivaltime":"13:48","actual_departuretime":"13:49","sch_tripstarttime":"13:55","sch_tripendtime":"13:55","lastlocationid":0,"currentlocationid":31591,"nextlocationid":0,"currentstop":null,"nextstop":null,"laststop":null,"stopCoveredStatus":1,"heading":86,"lastrefreshon":"21-10-2024 14:18:49","lastreceiveddatetimeflag":0,"tripposition":1},{"vehicleid":19131,"vehiclenumber":"KA57F1864","servicetypeid":72,"servicetype":"Non AC/Ordinary","centerlat":12.99684,"centerlong":77.584602,"eta":"2024-10-21 14:24:00","sch_arrivaltime":"14:23","sch_departuretime":"14:23","actual_arrivaltime":"","actual_departuretime":"","sch_tripstarttime":"14:10","sch_tripendtime":"14:10","lastlocationid":0,"currentlocationid":21130,"nextlocationid":0,"currentstop":null,"nextstop":null,"laststop":null,"stopCoveredStatus":0,"heading":347,"lastrefreshon":"21-10-2024 14:19:33","lastreceiveddatetimeflag":0,"tripposition":3}]},{"routeid":2031,"stationid":21019,"stationname":"Mekhri Circle","from":"Kempegowda Bus Station","to":"Vidyaniketan School Hebbala","routeno":"285 KBS-VPSH","distance_on_station":6.551,"centerlat":13.01749,"centerlong":77.58388,"responsecode":200,"isnotify":0,"vehicleDetails":[{"vehicleid":19519,"vehiclenumber":"KA57F1987","servicetypeid":72,"servicetype":"Non AC/Ordinary","centerlat":13.048693,"centerlong":77.594711,"eta":"","sch_arrivaltime":"13:39","sch_departuretime":"13:39","actual_arrivaltime":"13:21","actual_departuretime":"13:21","sch_tripstarttime":"13:25","sch_tripendtime":"13:25","lastlocationid":0,"currentlocationid":33932,"nextlocationid":0,"currentstop":null,"nextstop":null,"laststop":null,"stopCoveredStatus":1,"heading":96,"lastrefreshon":"21-10-2024 14:18:40","lastreceiveddatetimeflag":0,"tripposition":1},{"vehicleid":18713,"vehiclenumber":"KA57F2362","servicetypeid":72,"servicetype":"Non AC/Ordinary","centerlat":13.048733,"centerlong":77.594872,"eta":"","sch_arrivaltime":"13:39","sch_departuretime":"13:39","actual_arrivaltime":"13:25","actual_departuretime":"13:26","sch_tripstarttime":"13:25","sch_tripendtime":"13:25","lastlocationid":0,"currentlocationid":33932,"nextlocationid":0,"currentstop":null,"nextstop":null,"laststop":null,"stopCoveredStatus":1,"heading":97,"lastrefreshon":"21-10-2024 14:19:16","lastreceiveddatetimeflag":0,"tripposition":1},{"vehicleid":25884,"vehiclenumber":"KA57F2096","servicetypeid":72,"servicetype":"Non AC/Ordinary","centerlat":13.048803,"centerlong":77.594955,"eta":"","sch_arrivaltime":"13:39","sch_departuretime":"13:39","actual_arrivaltime":"13:35","actual_departuretime":"13:35","sch_tripstarttime":"13:25","sch_tripendtime":"13:25","lastlocationid":0,"currentlocationid":31591,"nextlocationid":0,"currentstop":null,"nextstop":null,"laststop":null,"stopCoveredStatus":1,"heading":27,"lastrefreshon":"21-10-2024 14:19:50","lastreceiveddatetimeflag":0,"tripposition":1},{"vehicleid":25884,"vehiclenumber":"KA57F2096","servicetypeid":72,"servicetype":"Non AC/Ordinary","centerlat":13.048803,"centerlong":77.594955,"eta":"","sch_arrivaltime":"13:39","sch_departuretime":"13:39","actual_arrivaltime":"13:35","actual_departuretime":"13:35","sch_tripstarttime":"13:25","sch_tripendtime":"13:25","lastlocationid":0,"currentlocationid":33932,"nextlocationid":0,"currentstop":null,"nextstop":null,"laststop":null,"stopCoveredStatus":1,"heading":27,"lastrefreshon":"21-10-2024 14:19:50","lastreceiveddatetimeflag":0,"tripposition":1},{"vehicleid":18490,"vehiclenumber":"KA57F4246","servicetypeid":72,"servicetype":"Non AC/Ordinary","centerlat":13.048647,"centerlong":77.594955,"eta":"","sch_arrivaltime":"14:09","sch_departuretime":"14:09","actual_arrivaltime":"13:49","actual_departuretime":"13:50","sch_tripstarttime":"13:55","sch_tripendtime":"13:55","lastlocationid":0,"currentlocationid":31591,"nextlocationid":0,"currentstop":null,"nextstop":null,"laststop":null,"stopCoveredStatus":1,"heading":86,"lastrefreshon":"21-10-2024 14:18:49","lastreceiveddatetimeflag":0,"tripposition":1},{"vehicleid":19131,"vehiclenumber":"KA57F1864","servicetypeid":72,"servicetype":"Non AC/Ordinary","centerlat":12.99684,"centerlong":77.584602,"eta":"2024-10-21 14:27:00","sch_arrivaltime":"14:24","sch_departuretime":"14:24","actual_arrivaltime":"","actual_departuretime":"","sch_tripstarttime":"14:10","sch_tripendtime":"14:10","lastlocationid":0,"currentlocationid":21130,"nextlocationid":0,"currentstop":null,"nextstop":null,"laststop":null,"stopCoveredStatus":0,"heading":347,"lastrefreshon":"21-10-2024 14:19:33","lastreceiveddatetimeflag":0,"tripposition":3}]},{"routeid":2031,"stationid":20698,"stationname":"CBI","from":"Kempegowda Bus Station","to":"Vidyaniketan School Hebbala","routeno":"285 KBS-VPSH","distance_on_station":7.761,"centerlat":13.02613,"centerlong":77.58514,"responsecode":200,"isnotify":0,"vehicleDetails":[{"vehicleid":19519,"vehiclenumber":"KA57F1987","servicetypeid":72,"servicetype":"Non AC/Ordinary","centerlat":13.048693,"centerlong":77.594711,"eta":"","sch_arrivaltime":"13:40","sch_departuretime":"13:40","actual_arrivaltime":"13:24","actual_departuretime":"13:24","sch_tripstarttime":"13:25","sch_tripendtime":"13:25","lastlocationid":0,"currentlocationid":33932,"nextlocationid":0,"currentstop":null,"nextstop":null,"laststop":null,"stopCoveredStatus":1,"heading":96,"lastrefreshon":"21-10-2024 14:18:40","lastreceiveddatetimeflag":0,"tripposition":1},{"vehicleid":18713,"vehiclenumber":"KA57F2362","servicetypeid":72,"servicetype":"Non AC/Ordinary","centerlat":13.048733,"centerlong":77.594872,"eta":"","sch_arrivaltime":"13:40","sch_departuretime":"13:40","actual_arrivaltime":"13:27","actual_departuretime":"13:28","sch_tripstarttime":"13:25","sch_tripendtime":"13:25","lastlocationid":0,"currentlocationid":33932,"nextlocationid":0,"currentstop":null,"nextstop":null,"laststop":null,"stopCoveredStatus":1,"heading":97,"lastrefreshon":"21-10-2024 14:19:16","lastreceiveddatetimeflag":0,"tripposition":1},{"vehicleid":25884,"vehiclenumber":"KA57F2096","servicetypeid":72,"servicetype":"Non AC/Ordinary","centerlat":13.048803,"centerlong":77.594955,"eta":"","sch_arrivaltime":"13:40","sch_departuretime":"13:40","actual_arrivaltime":"13:37","actual_departuretime":"13:37","sch_tripstarttime":"13:25","sch_tripendtime":"13:25","lastlocationid":0,"currentlocationid":31591,"nextlocationid":0,"currentstop":null,"nextstop":null,"laststop":null,"stopCoveredStatus":1,"heading":27,"lastrefreshon":"21-10-2024 14:19:50","lastreceiveddatetimeflag":0,"tripposition":1},{"vehicleid":25884,"vehiclenumber":"KA57F2096","servicetypeid":72,"servicetype":"Non AC/Ordinary","centerlat":13.048803,"centerlong":77.594955,"eta":"","sch_arrivaltime":"13:40","sch_departuretime":"13:40","actual_arrivaltime":"13:37","actual_departuretime":"13:37","sch_tripstarttime":"13:25","sch_tripendtime":"13:25","lastlocationid":0,"currentlocationid":33932,"nextlocationid":0,"currentstop":null,"nextstop":null,"laststop":null,"stopCoveredStatus":1,"heading":27,"lastrefreshon":"21-10-2024 14:19:50","lastreceiveddatetimeflag":0,"tripposition":1},{"vehicleid":18490,"vehiclenumber":"KA57F4246","servicetypeid":72,"servicetype":"Non AC/Ordinary","centerlat":13.048647,"centerlong":77.594955,"eta":"","sch_arrivaltime":"14:10","sch_departuretime":"14:10","actual_arrivaltime":"13:51","actual_departuretime":"13:52","sch_tripstarttime":"13:55","sch_tripendtime":"13:55","lastlocationid":0,"currentlocationid":31591,"nextlocationid":0,"currentstop":null,"nextstop":null,"laststop":null,"stopCoveredStatus":1,"heading":86,"lastrefreshon":"21-10-2024 14:18:49","lastreceiveddatetimeflag":0,"tripposition":1},{"vehicleid":19131,"vehiclenumber":"KA57F1864","servicetypeid":72,"servicetype":"Non AC/Ordinary","centerlat":12.99684,"centerlong":77.584602,"eta":"2024-10-21 14:30:00","sch_arrivaltime":"14:25","sch_departuretime":"14:25","actual_arrivaltime":"","actual_departuretime":"","sch_tripstarttime":"14:10","sch_tripendtime":"14:10","lastlocationid":0,"currentlocationid":21130,"nextlocationid":0,"currentstop":null,"nextstop":null,"laststop":null,"stopCoveredStatus":0,"heading":347,"lastrefreshon":"21-10-2024 14:19:33","lastreceiveddatetimeflag":0,"tripposition":3}]},{"routeid":2031,"stationid":21254,"stationname":"Veterinary Hospital","from":"Kempegowda Bus Station","to":"Vidyaniketan School Hebbala","routeno":"285 KBS-VPSH","distance_on_station":8.735,"centerlat":13.03257,"centerlong":77.58769,"responsecode":200,"isnotify":0,"vehicleDetails":[{"vehicleid":19519,"vehiclenumber":"KA57F1987","servicetypeid":72,"servicetype":"Non AC/Ordinary","centerlat":13.048693,"centerlong":77.594711,"eta":"","sch_arrivaltime":"13:41","sch_departuretime":"13:41","actual_arrivaltime":"13:26","actual_departuretime":"13:26","sch_tripstarttime":"13:25","sch_tripendtime":"13:25","lastlocationid":0,"currentlocationid":33932,"nextlocationid":0,"currentstop":null,"nextstop":null,"laststop":null,"stopCoveredStatus":1,"heading":96,"lastrefreshon":"21-10-2024 14:18:40","lastreceiveddatetimeflag":0,"tripposition":1},{"vehicleid":18713,"vehiclenumber":"KA57F2362","servicetypeid":72,"servicetype":"Non AC/Ordinary","centerlat":13.048733,"centerlong":77.594872,"eta":"","sch_arrivaltime":"13:41","sch_departuretime":"13:41","actual_arrivaltime":"","actual_departuretime":"","sch_tripstarttime":"13:25","sch_tripendtime":"13:25","lastlocationid":0,"currentlocationid":33932,"nextlocationid":0,"currentstop":null,"nextstop":null,"laststop":null,"stopCoveredStatus":1,"heading":97,"lastrefreshon":"21-10-2024 14:19:16","lastreceiveddatetimeflag":0,"tripposition":3},{"vehicleid":25884,"vehiclenumber":"KA57F2096","servicetypeid":72,"servicetype":"Non AC/Ordinary","centerlat":13.048803,"centerlong":77.594955,"eta":"","sch_arrivaltime":"13:41","sch_departuretime":"13:41","actual_arrivaltime":"13:39","actual_departuretime":"13:39","sch_tripstarttime":"13:25","sch_tripendtime":"13:25","lastlocationid":0,"currentlocationid":31591,"nextlocationid":0,"currentstop":null,"nextstop":null,"laststop":null,"stopCoveredStatus":1,"heading":27,"lastrefreshon":"21-10-2024 14:19:50","lastreceiveddatetimeflag":0,"tripposition":1},{"vehicleid":25884,"vehiclenumber":"KA57F2096","servicetypeid":72,"servicetype":"Non AC/Ordinary","centerlat":13.048803,"centerlong":77.594955,"eta":"","sch_arrivaltime":"13:41","sch_departuretime":"13:41","actual_arrivaltime":"13:39","actual_departuretime":"13:39","sch_tripstarttime":"13:25","sch_tripendtime":"13:25","lastlocationid":0,"currentlocationid":33932,"nextlocationid":0,"currentstop":null,"nextstop":null,"laststop":null,"stopCoveredStatus":1,"heading":27,"lastrefreshon":"21-10-2024 14:19:50","lastreceiveddatetimeflag":0,"tripposition":1},{"vehicleid":18490,"vehiclenumber":"KA57F4246","servicetypeid":72,"servicetype":"Non AC/Ordinary","centerlat":13.048647,"centerlong":77.594955,"eta":"","sch_arrivaltime":"14:11","sch_departuretime":"14:11","actual_arrivaltime":"","actual_departuretime":"","sch_tripstarttime":"13:55","sch_tripendtime":"13:55","lastlocationid":0,"currentlocationid":31591,"nextlocationid":0,"currentstop":null,"nextstop":null,"laststop":null,"stopCoveredStatus":1,"heading":86,"lastrefreshon":"21-10-2024 14:18:49","lastreceiveddatetimeflag":0,"tripposition":3},{"vehicleid":19131,"vehiclenumber":"KA57F1864","servicetypeid":72,"servicetype":"Non AC/Ordinary","centerlat":12.99684,"centerlong":77.584602,"eta":"2024-10-21 14:32:00","sch_arrivaltime":"14:26","sch_departuretime":"14:26","actual_arrivaltime":"","actual_departuretime":"","sch_tripstarttime":"14:10","sch_tripendtime":"14:10","lastlocationid":0,"currentlocationid":21130,"nextlocationid":0,"currentstop":null,"nextstop":null,"laststop":null,"stopCoveredStatus":0,"heading":347,"lastrefreshon":"21-10-2024 14:19:33","lastreceiveddatetimeflag":0,"tripposition":3}]},{"routeid":2031,"stationid":20695,"stationname":"Canara Bank Hebbala","from":"Kempegowda Bus Station","to":"Vidyaniketan School Hebbala","routeno":"285 KBS-VPSH","distance_on_station":9.209,"centerlat":13.03581,"centerlong":77.58886,"responsecode":200,"isnotify":0,"vehicleDetails":[{"vehicleid":19519,"vehiclenumber":"KA57F1987","servicetypeid":72,"servicetype":"Non AC/Ordinary","centerlat":13.048693,"centerlong":77.594711,"eta":"","sch_arrivaltime":"13:42","sch_departuretime":"13:42","actual_arrivaltime":"","actual_departuretime":"","sch_tripstarttime":"13:25","sch_tripendtime":"13:25","lastlocationid":0,"currentlocationid":33932,"nextlocationid":0,"currentstop":null,"nextstop":null,"laststop":null,"stopCoveredStatus":1,"heading":96,"lastrefreshon":"21-10-2024 14:18:40","lastreceiveddatetimeflag":0,"tripposition":3},{"vehicleid":18713,"vehiclenumber":"KA57F2362","servicetypeid":72,"servicetype":"Non AC/Ordinary","centerlat":13.048733,"centerlong":77.594872,"eta":"","sch_arrivaltime":"13:42","sch_departuretime":"13:42","actual_arrivaltime":"13:29","actual_departuretime":"13:29","sch_tripstarttime":"13:25","sch_tripendtime":"13:25","lastlocationid":0,"currentlocationid":33932,"nextlocationid":0,"currentstop":null,"nextstop":null,"laststop":null,"stopCoveredStatus":1,"heading":97,"lastrefreshon":"21-10-2024 14:19:16","lastreceiveddatetimeflag":0,"tripposition":1},{"vehicleid":25884,"vehiclenumber":"KA57F2096","servicetypeid":72,"servicetype":"Non AC/Ordinary","centerlat":13.048803,"centerlong":77.594955,"eta":"","sch_arrivaltime":"13:42","sch_departuretime":"13:42","actual_arrivaltime":"","actual_departuretime":"","sch_tripstarttime":"13:25","sch_tripendtime":"13:25","lastlocationid":0,"currentlocationid":31591,"nextlocationid":0,"currentstop":null,"nextstop":null,"laststop":null,"stopCoveredStatus":1,"heading":27,"lastrefreshon":"21-10-2024 14:19:50","lastreceiveddatetimeflag":0,"tripposition":3},{"vehicleid":25884,"vehiclenumber":"KA57F2096","servicetypeid":72,"servicetype":"Non AC/Ordinary","centerlat":13.048803,"centerlong":77.594955,"eta":"","sch_arrivaltime":"13:42","sch_departuretime":"13:42","actual_arrivaltime":"","actual_departuretime":"","sch_tripstarttime":"13:25","sch_tripendtime":"13:25","lastlocationid":0,"currentlocationid":33932,"nextlocationid":0,"currentstop":null,"nextstop":null,"laststop":null,"stopCoveredStatus":1,"heading":27,"lastrefreshon":"21-10-2024 14:19:50","lastreceiveddatetimeflag":0,"tripposition":3},{"vehicleid":18490,"vehiclenumber":"KA57F4246","servicetypeid":72,"servicetype":"Non AC/Ordinary","centerlat":13.048647,"centerlong":77.594955,"eta":"","sch_arrivaltime":"14:12","sch_departuretime":"14:12","actual_arrivaltime":"13:53","actual_departuretime":"13:53","sch_tripstarttime":"13:55","sch_tripendtime":"13:55","lastlocationid":0,"currentlocationid":31591,"nextlocationid":0,"currentstop":null,"nextstop":null,"laststop":null,"stopCoveredStatus":1,"heading":86,"lastrefreshon":"21-10-2024 14:18:49","lastreceiveddatetimeflag":0,"tripposition":1},{"vehicleid":19131,"vehiclenumber":"KA57F1864","servicetypeid":72,"servicetype":"Non AC/Ordinary","centerlat":12.99684,"centerlong":77.584602,"eta":"2024-10-21 14:34:00","sch_arrivaltime":"14:27","sch_departuretime":"14:27","actual_arrivaltime":"","actual_departuretime":"","sch_tripstarttime":"14:10","sch_tripendtime":"14:10","lastlocationid":0,"currentlocationid":21130,"nextlocationid":0,"currentstop":null,"nextstop":null,"laststop":null,"stopCoveredStatus":0,"heading":347,"lastrefreshon":"21-10-2024 14:19:33","lastreceiveddatetimeflag":0,"tripposition":3}]},{"routeid":2031,"stationid":20820,"stationname":"Hebbala","from":"Kempegowda Bus Station","to":"Vidyaniketan School Hebbala","routeno":"285 KBS-VPSH","distance_on_station":9.583,"centerlat":13.03847,"centerlong":77.5892,"responsecode":200,"isnotify":0,"vehicleDetails":[{"vehicleid":19519,"vehiclenumber":"KA57F1987","servicetypeid":72,"servicetype":"Non AC/Ordinary","centerlat":13.048693,"centerlong":77.594711,"eta":"","sch_arrivaltime":"13:43","sch_departuretime":"13:43","actual_arrivaltime":"13:27","actual_departuretime":"13:28","sch_tripstarttime":"13:25","sch_tripendtime":"13:25","lastlocationid":0,"currentlocationid":33932,"nextlocationid":0,"currentstop":null,"nextstop":null,"laststop":null,"stopCoveredStatus":1,"heading":96,"lastrefreshon":"21-10-2024 14:18:40","lastreceiveddatetimeflag":0,"tripposition":1},{"vehicleid":18713,"vehiclenumber":"KA57F2362","servicetypeid":72,"servicetype":"Non AC/Ordinary","centerlat":13.048733,"centerlong":77.594872,"eta":"","sch_arrivaltime":"13:43","sch_departuretime":"13:43","actual_arrivaltime":"13:29","actual_departuretime":"13:30","sch_tripstarttime":"13:25","sch_tripendtime":"13:25","lastlocationid":0,"currentlocationid":33932,"nextlocationid":0,"currentstop":null,"nextstop":null,"laststop":null,"stopCoveredStatus":1,"heading":97,"lastrefreshon":"21-10-2024 14:19:16","lastreceiveddatetimeflag":0,"tripposition":1},{"vehicleid":25884,"vehiclenumber":"KA57F2096","servicetypeid":72,"servicetype":"Non AC/Ordinary","centerlat":13.048803,"centerlong":77.594955,"eta":"","sch_arrivaltime":"13:43","sch_departuretime":"13:43","actual_arrivaltime":"13:40","actual_departuretime":"13:41","sch_tripstarttime":"13:25","sch_tripendtime":"13:25","lastlocationid":0,"currentlocationid":31591,"nextlocationid":0,"currentstop":null,"nextstop":null,"laststop":null,"stopCoveredStatus":1,"heading":27,"lastrefreshon":"21-10-2024 14:19:50","lastreceiveddatetimeflag":0,"tripposition":1},{"vehicleid":25884,"vehiclenumber":"KA57F2096","servicetypeid":72,"servicetype":"Non AC/Ordinary","centerlat":13.048803,"centerlong":77.594955,"eta":"","sch_arrivaltime":"13:43","sch_departuretime":"13:43","actual_arrivaltime":"13:40","actual_departuretime":"13:41","sch_tripstarttime":"13:25","sch_tripendtime":"13:25","lastlocationid":0,"currentlocationid":33932,"nextlocationid":0,"currentstop":null,"nextstop":null,"laststop":null,"stopCoveredStatus":1,"heading":27,"lastrefreshon":"21-10-2024 14:19:50","lastreceiveddatetimeflag":0,"tripposition":1},{"vehicleid":18490,"vehiclenumber":"KA57F4246","servicetypeid":72,"servicetype":"Non AC/Ordinary","centerlat":13.048647,"centerlong":77.594955,"eta":"","sch_arrivaltime":"14:13","sch_departuretime":"14:13","actual_arrivaltime":"13:54","actual_departuretime":"13:55","sch_tripstarttime":"13:55","sch_tripendtime":"13:55","lastlocationid":0,"currentlocationid":31591,"nextlocationid":0,"currentstop":null,"nextstop":null,"laststop":null,"stopCoveredStatus":1,"heading":86,"lastrefreshon":"21-10-2024 14:18:49","lastreceiveddatetimeflag":0,"tripposition":1},{"vehicleid":19131,"vehiclenumber":"KA57F1864","servicetypeid":72,"servicetype":"Non AC/Ordinary","centerlat":12.99684,"centerlong":77.584602,"eta":"2024-10-21 14:35:00","sch_arrivaltime":"14:28","sch_departuretime":"14:28","actual_arrivaltime":"","actual_departuretime":"","sch_tripstarttime":"14:10","sch_tripendtime":"14:10","lastlocationid":0,"currentlocationid":21130,"nextlocationid":0,"currentstop":null,"nextstop":null,"laststop":null,"stopCoveredStatus":0,"heading":347,"lastrefreshon":"21-10-2024 14:19:33","lastreceiveddatetimeflag":0,"tripposition":3}]},{"routeid":2031,"stationid":33931,"stationname":"Military Dairy Farm (Esteem Mall)","from":"Kempegowda Bus Station","to":"Vidyaniketan School Hebbala","routeno":"285 KBS-VPSH","distance_on_station":11.243,"centerlat":13.04974,"centerlong":77.59271,"responsecode":200,"isnotify":0,"vehicleDetails":[{"vehicleid":19519,"vehiclenumber":"KA57F1987","servicetypeid":72,"servicetype":"Non AC/Ordinary","centerlat":13.048693,"centerlong":77.594711,"eta":"","sch_arrivaltime":"13:45","sch_departuretime":"13:45","actual_arrivaltime":"13:31","actual_departuretime":"13:31","sch_tripstarttime":"13:25","sch_tripendtime":"13:25","lastlocationid":0,"currentlocationid":33932,"nextlocationid":0,"currentstop":null,"nextstop":null,"laststop":null,"stopCoveredStatus":1,"heading":96,"lastrefreshon":"21-10-2024 14:18:40","lastreceiveddatetimeflag":0,"tripposition":1},{"vehicleid":18713,"vehiclenumber":"KA57F2362","servicetypeid":72,"servicetype":"Non AC/Ordinary","centerlat":13.048733,"centerlong":77.594872,"eta":"","sch_arrivaltime":"13:45","sch_departuretime":"13:45","actual_arrivaltime":"13:33","actual_departuretime":"13:33","sch_tripstarttime":"13:25","sch_tripendtime":"13:25","lastlocationid":0,"currentlocationid":33932,"nextlocationid":0,"currentstop":null,"nextstop":null,"laststop":null,"stopCoveredStatus":1,"heading":97,"lastrefreshon":"21-10-2024 14:19:16","lastreceiveddatetimeflag":0,"tripposition":1},{"vehicleid":25884,"vehiclenumber":"KA57F2096","servicetypeid":72,"servicetype":"Non AC/Ordinary","centerlat":13.048803,"centerlong":77.594955,"eta":"","sch_arrivaltime":"13:45","sch_departuretime":"13:45","actual_arrivaltime":"13:43","actual_departuretime":"13:44","sch_tripstarttime":"13:25","sch_tripendtime":"13:25","lastlocationid":0,"currentlocationid":31591,"nextlocationid":0,"currentstop":null,"nextstop":null,"laststop":null,"stopCoveredStatus":1,"heading":27,"lastrefreshon":"21-10-2024 14:19:50","lastreceiveddatetimeflag":0,"tripposition":1},{"vehicleid":25884,"vehiclenumber":"KA57F2096","servicetypeid":72,"servicetype":"Non AC/Ordinary","centerlat":13.048803,"centerlong":77.594955,"eta":"","sch_arrivaltime":"13:45","sch_departuretime":"13:45","actual_arrivaltime":"13:43","actual_departuretime":"13:44","sch_tripstarttime":"13:25","sch_tripendtime":"13:25","lastlocationid":0,"currentlocationid":33932,"nextlocationid":0,"currentstop":null,"nextstop":null,"laststop":null,"stopCoveredStatus":1,"heading":27,"lastrefreshon":"21-10-2024 14:19:50","lastreceiveddatetimeflag":0,"tripposition":1},{"vehicleid":18490,"vehiclenumber":"KA57F4246","servicetypeid":72,"servicetype":"Non AC/Ordinary","centerlat":13.048647,"centerlong":77.594955,"eta":"","sch_arrivaltime":"14:15","sch_departuretime":"14:15","actual_arrivaltime":"13:57","actual_departuretime":"13:58","sch_tripstarttime":"13:55","sch_tripendtime":"13:55","lastlocationid":0,"currentlocationid":31591,"nextlocationid":0,"currentstop":null,"nextstop":null,"laststop":null,"stopCoveredStatus":1,"heading":86,"lastrefreshon":"21-10-2024 14:18:49","lastreceiveddatetimeflag":0,"tripposition":1},{"vehicleid":19131,"vehiclenumber":"KA57F1864","servicetypeid":72,"servicetype":"Non AC/Ordinary","centerlat":12.99684,"centerlong":77.584602,"eta":"2024-10-21 14:39:00","sch_arrivaltime":"14:30","sch_departuretime":"14:30","actual_arrivaltime":"","actual_departuretime":"","sch_tripstarttime":"14:10","sch_tripendtime":"14:10","lastlocationid":0,"currentlocationid":21130,"nextlocationid":0,"currentstop":null,"nextstop":null,"laststop":null,"stopCoveredStatus":0,"heading":347,"lastrefreshon":"21-10-2024 14:19:33","lastreceiveddatetimeflag":0,"tripposition":3}]},{"routeid":2031,"stationid":33932,"stationname":"Military Dairy Farm (Esteem Mall)","from":"Kempegowda Bus Station","to":"Vidyaniketan School Hebbala","routeno":"285 KBS-VPSH","distance_on_station":13.489,"centerlat":13.04943,"centerlong":77.59324,"responsecode":200,"isnotify":0,"vehicleDetails":[{"vehicleid":18713,"vehiclenumber":"KA57F2362","servicetypeid":72,"servicetype":"Non AC/Ordinary","centerlat":13.048733,"centerlong":77.594872,"eta":"","sch_arrivaltime":"13:51","sch_departuretime":"13:51","actual_arrivaltime":"13:38","actual_departuretime":"13:38","sch_tripstarttime":"13:25","sch_tripendtime":"13:25","lastlocationid":0,"currentlocationid":33932,"nextlocationid":0,"currentstop":null,"nextstop":null,"laststop":null,"stopCoveredStatus":1,"heading":97,"lastrefreshon":"21-10-2024 14:19:16","lastreceiveddatetimeflag":0,"tripposition":1},{"vehicleid":19519,"vehiclenumber":"KA57F1987","servicetypeid":72,"servicetype":"Non AC/Ordinary","centerlat":13.048693,"centerlong":77.594711,"eta":"","sch_arrivaltime":"13:51","sch_departuretime":"13:51","actual_arrivaltime":"13:37","actual_departuretime":"13:38","sch_tripstarttime":"13:25","sch_tripendtime":"13:25","lastlocationid":0,"currentlocationid":33932,"nextlocationid":0,"currentstop":null,"nextstop":null,"laststop":null,"stopCoveredStatus":1,"heading":96,"lastrefreshon":"21-10-2024 14:18:40","lastreceiveddatetimeflag":0,"tripposition":1},{"vehicleid":25884,"vehiclenumber":"KA57F2096","servicetypeid":72,"servicetype":"Non AC/Ordinary","centerlat":13.048803,"centerlong":77.594955,"eta":"","sch_arrivaltime":"13:51","sch_departuretime":"13:51","actual_arrivaltime":"13:47","actual_departuretime":"13:48","sch_tripstarttime":"13:25","sch_tripendtime":"13:25","lastlocationid":0,"currentlocationid":31591,"nextlocationid":0,"currentstop":null,"nextstop":null,"laststop":null,"stopCoveredStatus":1,"heading":27,"lastrefreshon":"21-10-2024 14:19:50","lastreceiveddatetimeflag":0,"tripposition":1},{"vehicleid":25884,"vehiclenumber":"KA57F2096","servicetypeid":72,"servicetype":"Non AC/Ordinary","centerlat":13.048803,"centerlong":77.594955,"eta":"","sch_arrivaltime":"13:51","sch_departuretime":"13:51","actual_arrivaltime":"13:47","actual_departuretime":"13:48","sch_tripstarttime":"13:25","sch_tripendtime":"13:25","lastlocationid":0,"currentlocationid":33932,"nextlocationid":0,"currentstop":null,"nextstop":null,"laststop":null,"stopCoveredStatus":1,"heading":27,"lastrefreshon":"21-10-2024 14:19:50","lastreceiveddatetimeflag":0,"tripposition":1},{"vehicleid":18490,"vehiclenumber":"KA57F4246","servicetypeid":72,"servicetype":"Non AC/Ordinary","centerlat":13.048647,"centerlong":77.594955,"eta":"","sch_arrivaltime":"14:21","sch_departuretime":"14:21","actual_arrivaltime":"14:01","actual_departuretime":"14:01","sch_tripstarttime":"13:55","sch_tripendtime":"13:55","lastlocationid":0,"currentlocationid":31591,"nextlocationid":0,"currentstop":null,"nextstop":null,"laststop":null,"stopCoveredStatus":1,"heading":86,"lastrefreshon":"21-10-2024 14:18:49","lastreceiveddatetimeflag":0,"tripposition":1},{"vehicleid":19131,"vehiclenumber":"KA57F1864","servicetypeid":72,"servicetype":"Non AC/Ordinary","centerlat":12.99684,"centerlong":77.584602,"eta":"2024-10-21 14:45:00","sch_arrivaltime":"14:36","sch_departuretime":"14:36","actual_arrivaltime":"","actual_departuretime":"","sch_tripstarttime":"14:10","sch_tripendtime":"14:10","lastlocationid":0,"currentlocationid":21130,"nextlocationid":0,"currentstop":null,"nextstop":null,"laststop":null,"stopCoveredStatus":0,"heading":347,"lastrefreshon":"21-10-2024 14:19:33","lastreceiveddatetimeflag":0,"tripposition":3}]},{"routeid":2031,"stationid":31591,"stationname":"Vidyaniketan School Hebbala","from":"Kempegowda Bus Station","to":"Vidyaniketan School Hebbala","routeno":"285 KBS-VPSH","distance_on_station":14.1,"centerlat":13.04769,"centerlong":77.59644,"responsecode":200,"isnotify":0,"vehicleDetails":[{"vehicleid":18490,"vehiclenumber":"KA57F4246","servicetypeid":72,"servicetype":"Non AC/Ordinary","centerlat":13.048647,"centerlong":77.594955,"eta":"","sch_arrivaltime":"14:22","sch_departuretime":"14:22","actual_arrivaltime":"","actual_departuretime":"","sch_tripstarttime":"13:55","sch_tripendtime":"13:55","lastlocationid":0,"currentlocationid":31591,"nextlocationid":0,"currentstop":null,"nextstop":null,"laststop":null,"stopCoveredStatus":0,"heading":86,"lastrefreshon":"21-10-2024 14:18:49","lastreceiveddatetimeflag":0,"tripposition":1},{"vehicleid":19519,"vehiclenumber":"KA57F1987","servicetypeid":72,"servicetype":"Non AC/Ordinary","centerlat":13.048693,"centerlong":77.594711,"eta":"","sch_arrivaltime":"13:52","sch_departuretime":"13:52","actual_arrivaltime":"","actual_departuretime":"","sch_tripstarttime":"13:25","sch_tripendtime":"13:25","lastlocationid":0,"currentlocationid":33932,"nextlocationid":0,"currentstop":null,"nextstop":null,"laststop":null,"stopCoveredStatus":0,"heading":96,"lastrefreshon":"21-10-2024 14:18:40","lastreceiveddatetimeflag":0,"tripposition":1},{"vehicleid":18713,"vehiclenumber":"KA57F2362","servicetypeid":72,"servicetype":"Non AC/Ordinary","centerlat":13.048733,"centerlong":77.594872,"eta":"2024-10-21 14:20:00","sch_arrivaltime":"13:52","sch_departuretime":"13:52","actual_arrivaltime":"","actual_departuretime":"","sch_tripstarttime":"13:25","sch_tripendtime":"13:25","lastlocationid":0,"currentlocationid":33932,"nextlocationid":0,"currentstop":null,"nextstop":null,"laststop":null,"stopCoveredStatus":0,"heading":97,"lastrefreshon":"21-10-2024 14:19:16","lastreceiveddatetimeflag":0,"tripposition":1},{"vehicleid":25884,"vehiclenumber":"KA57F2096","servicetypeid":72,"servicetype":"Non AC/Ordinary","centerlat":13.048803,"centerlong":77.594955,"eta":"2024-10-21 14:20:00","sch_arrivaltime":"13:52","sch_departuretime":"13:52","actual_arrivaltime":"","actual_departuretime":"","sch_tripstarttime":"13:25","sch_tripendtime":"13:25","lastlocationid":0,"currentlocationid":31591,"nextlocationid":0,"currentstop":null,"nextstop":null,"laststop":null,"stopCoveredStatus":0,"heading":27,"lastrefreshon":"21-10-2024 14:19:50","lastreceiveddatetimeflag":0,"tripposition":1},{"vehicleid":25884,"vehiclenumber":"KA57F2096","servicetypeid":72,"servicetype":"Non AC/Ordinary","centerlat":13.048803,"centerlong":77.594955,"eta":"2024-10-21 14:20:00","sch_arrivaltime":"13:52","sch_departuretime":"13:52","actual_arrivaltime":"","actual_departuretime":"","sch_tripstarttime":"13:25","sch_tripendtime":"13:25","lastlocationid":0,"currentlocationid":33932,"nextlocationid":0,"currentstop":null,"nextstop":null,"laststop":null,"stopCoveredStatus":0,"heading":27,"lastrefreshon":"21-10-2024 14:19:50","lastreceiveddatetimeflag":0,"tripposition":1},{"vehicleid":19131,"vehiclenumber":"KA57F1864","servicetypeid":72,"servicetype":"Non AC/Ordinary","centerlat":12.99684,"centerlong":77.584602,"eta":"2024-10-21 14:46:00","sch_arrivaltime":"14:37","sch_departuretime":"14:37","actual_arrivaltime":"","actual_departuretime":"","sch_tripstarttime":"14:10","sch_tripendtime":"14:10","lastlocationid":0,"currentlocationid":21130,"nextlocationid":0,"currentstop":null,"nextstop":null,"laststop":null,"stopCoveredStatus":0,"heading":347,"lastrefreshon":"21-10-2024 14:19:33","lastreceiveddatetimeflag":0,"tripposition":1}]}],"mapData":[{"vehicleid":19131,"vehiclenumber":"KA57F1864","servicetypeid":72,"servicetype":"Non AC/Ordinary","centerlat":12.99684,"centerlong":77.584602,"eta":"2024-10-21 14:46:00","sch_arrivaltime":"14:37","sch_departuretime":"14:37","actual_arrivaltime":"","actual_departuretime":"","sch_tripstarttime":"14:10","sch_tripendtime":"14:10","lastlocationid":0,"currentlocationid":21130,"nextlocationid":0,"currentstop":null,"nextstop":null,"laststop":null,"stopCoveredStatus":0,"heading":347,"lastrefreshon":"21-10-2024 14:19:33","lastreceiveddatetimeflag":0,"tripposition":1},{"vehicleid":18490,"vehiclenumber":"KA57F4246","servicetypeid":72,"servicetype":"Non AC/Ordinary","centerlat":13.048647,"centerlong":77.594955,"eta":"","sch_arrivaltime":"14:22","sch_departuretime":"14:22","actual_arrivaltime":"","actual_departuretime":"","sch_tripstarttime":"13:55","sch_tripendtime":"13:55","lastlocationid":0,"currentlocationid":31591,"nextlocationid":0,"currentstop":null,"nextstop":null,"laststop":null,"stopCoveredStatus":0,"heading":86,"lastrefreshon":"21-10-2024 14:18:49","lastreceiveddatetimeflag":0,"tripposition":1},{"vehicleid":19519,"vehiclenumber":"KA57F1987","servicetypeid":72,"servicetype":"Non AC/Ordinary","centerlat":13.048693,"centerlong":77.594711,"eta":"","sch_arrivaltime":"13:52","sch_departuretime":"13:52","actual_arrivaltime":"","actual_departuretime":"","sch_tripstarttime":"13:25","sch_tripendtime":"13:25","lastlocationid":0,"currentlocationid":33932,"nextlocationid":0,"currentstop":null,"nextstop":null,"laststop":null,"stopCoveredStatus":0,"heading":96,"lastrefreshon":"21-10-2024 14:18:40","lastreceiveddatetimeflag":0,"tripposition":1},{"vehicleid":18713,"vehiclenumber":"KA57F2362","servicetypeid":72,"servicetype":"Non AC/Ordinary","centerlat":13.048733,"centerlong":77.594872,"eta":"2024-10-21 14:20:00","sch_arrivaltime":"13:52","sch_departuretime":"13:52","actual_arrivaltime":"","actual_departuretime":"","sch_tripstarttime":"13:25","sch_tripendtime":"13:25","lastlocationid":0,"currentlocationid":33932,"nextlocationid":0,"currentstop":null,"nextstop":null,"laststop":null,"stopCoveredStatus":0,"heading":97,"lastrefreshon":"21-10-2024 14:19:16","lastreceiveddatetimeflag":0,"tripposition":1},{"vehicleid":25884,"vehiclenumber":"KA57F2096","servicetypeid":72,"servicetype":"Non AC/Ordinary","centerlat":13.048803,"centerlong":77.594955,"eta":"2024-10-21 14:20:00","sch_arrivaltime":"13:52","sch_departuretime":"13:52","actual_arrivaltime":"","actual_departuretime":"","sch_tripstarttime":"13:25","sch_tripendtime":"13:25","lastlocationid":0,"currentlocationid":33932,"nextlocationid":0,"currentstop":null,"nextstop":null,"laststop":null,"stopCoveredStatus":0,"heading":27,"lastrefreshon":"21-10-2024 14:19:50","lastreceiveddatetimeflag":0,"tripposition":1}]},"down":{"data":[],"mapData":[]},"message":"Success","issuccess":true,"exception":null,"rowCount":0,"responsecode":200}