{"up":{"data":[],"mapData":[]},"down":{"data":[{"routeid":5683,"stationid":22356,"stationname":"NES Office","from":"Yelahanka Old Town","to":"BMSIT College Campous Yelahanka","routeno":"285 BMSITY-YHKOT","distance_on_station":0,"centerlat":13.09766,"centerlong":77.59166,"responsecode":200,"isnotify":0,"vehicleDetails":[{"vehicleid":19507,"vehiclenumber":"KA57F3341","servicetypeid":72,"servicetype":"Non AC/Ordinary","centerlat":13.110187,"centerlong":77.579109,"eta":"","sch_arrivaltime":"21:54","sch_departuretime":"21:54","actual_arrivaltime":"","actual_departuretime":"","sch_tripstarttime":"21:50","sch_tripendtime":"21:50","lastlocationid":0,"currentlocationid":34299,"nextlocationid":0,"currentstop":null,"nextstop":null,"laststop":null,"stopCoveredStatus":0,"heading":115,"lastrefreshon":"30-08-2024 12:53:19","lastreceiveddatetimeflag":0,"tripposition":3}]},{"routeid":5683,"stationid":34534,"stationname":"Sheshadripuram College","from":"Yelahanka Old Town","to":"BMSIT College Campous Yelahanka","routeno":"285 BMSITY-YHKOT","distance_on_station":0.398,"centerlat":13.10022,"centerlong":77.58866,"responsecode":200,"isnotify":0,"vehicleDetails":[{"vehicleid":19507,"vehiclenumber":"KA57F3341","servicetypeid":72,"servicetype":"Non AC/Ordinary","centerlat":13.110187,"centerlong":77.579109,"eta":"","sch_arrivaltime":"21:55","sch_departuretime":"21:55","actual_arrivaltime":"","actual_departuretime":"","sch_tripstarttime":"21:50","sch_tripendtime":"21:50","lastlocationid":0,"currentlocationid":34299,"nextlocationid":0,"currentstop":null,"nextstop":null,"laststop":null,"stopCoveredStatus":0,"heading":115,"lastrefreshon":"30-08-2024 12:53:19","lastreceiveddatetimeflag":0,"tripposition":3}]},{"routeid":5683,"stationid":32598,"stationname":"Escorts","from":"Yelahanka Old Town","to":"BMSIT College Campous Yelahanka","routeno":"285 BMSITY-YHKOT","distance_on_station":0.777,"centerlat":13.10263,"centerlong":77.58569,"responsecode":200,"isnotify":0,"vehicleDetails":[{"vehicleid":19507,"vehiclenumber":"KA57F3341","servicetypeid":72,"servicetype":"Non AC/Ordinary","centerlat":13.110187,"centerlong":77.579109,"eta":"","sch_arrivaltime":"21:56","sch_departuretime":"21:56","actual_arrivaltime":"","actual_departuretime":"","sch_tripstarttime":"21:50","sch_tripendtime":"21:50","lastlocationid":0,"currentlocationid":34299,"nextlocationid":0,"currentstop":null,"nextstop":null,"laststop":null,"stopCoveredStatus":0,"heading":115,"lastrefreshon":"30-08-2024 12:53:19","lastreceiveddatetimeflag":0,"tripposition":3}]},{"routeid":5683,"stationid":31633,"stationname":"Wheel And Axle Plant","from":"Yelahanka Old Town","to":"BMSIT College Campous Yelahanka","routeno":"285 BMSITY-YHKOT","distance_on_station":1.22,"centerlat":13.10572,"centerlong":77.58241,"responsecode":200,"isnotify":0,"vehicleDetails":[{"vehicleid":19507,"vehiclenumber":"KA57F3341","servicetypeid":72,"servicetype":"Non AC/Ordinary","centerlat":13.110187,"centerlong":77.579109,"eta":"","sch_arrivaltime":"21:57","sch_departuretime":"21:57","actual_arrivaltime":"","actual_departuretime":"","sch_tripstarttime":"21:50","sch_tripendtime":"21:50","lastlocationid":0,"currentlocationid":34299,"nextlocationid":0,"currentstop":null,"nextstop":null,"laststop":null,"stopCoveredStatus":0,"heading":115,"lastrefreshon":"30-08-2024 12:53:19","lastreceiveddatetimeflag":0,"tripposition":3}]},{"routeid":5683,"stationid":34299,"stationname":"Puttenahalli","from":"Yelahanka Old Town","to":"BMSIT College Campous Yelahanka","routeno":"285 BMSITY-YHKOT","distance_on_station":1.708,"centerlat":13.10995,"centerlong":77.58022,"responsecode":200,"isnotify":0,"vehicleDetails":[{"vehicleid":19507,"vehiclenumber":"KA57F3341","servicetypeid":72,"servicetype":"Non AC/Ordinary","centerlat":13.110187,"centerlong":77.579109,"eta":"","sch_arrivaltime":"21:58","sch_departuretime":"21:58","actual_arrivaltime":"","actual_departuretime":"","sch_tripstarttime":"21:50","sch_tripendtime":"21:50","lastlocationid":0,"currentlocationid":34299,"nextlocationid":0,"currentstop":null,"nextstop":null,"laststop":null,"stopCoveredStatus":0,"heading":115,"lastrefreshon":"30-08-2024 12:53:19","lastreceiveddatetimeflag":0,"tripposition":3}]},{"routeid":5683,"stationid":23081,"stationname":"Ananthapura Gate","from":"Yelahanka Old Town","to":"BMSIT College Campous Yelahanka","routeno":"285 BMSITY-YHKOT","distance_on_station":2.196,"centerlat":13.1146,"centerlong":77.57901,"responsecode":200,"isnotify":0,"vehicleDetails":[{"vehicleid":19507,"vehiclenumber":"KA57F3341","servicetypeid":72,"servicetype":"Non AC/Ordinary","centerlat":13.110187,"centerlong":77.579109,"eta":"","sch_arrivaltime":"21:59","sch_departuretime":"21:59","actual_arrivaltime":"","actual_departuretime":"","sch_tripstarttime":"21:50","sch_tripendtime":"21:50","lastlocationid":0,"currentlocationid":34299,"nextlocationid":0,"currentstop":null,"nextstop":null,"laststop":null,"stopCoveredStatus":0,"heading":115,"lastrefreshon":"30-08-2024 12:53:19","lastreceiveddatetimeflag":0,"tripposition":3}]},{"routeid":5683,"stationid":32384,"stationname":"C R P F Yelahanka","from":"Yelahanka Old Town","to":"BMSIT College Campous Yelahanka","routeno":"285 BMSITY-YHKOT","distance_on_station":3.081,"centerlat":13.12278,"centerlong":77.57552,"responsecode":200,"isnotify":0,"vehicleDetails":[{"vehicleid":19507,"vehiclenumber":"KA57F3341","servicetypeid":72,"servicetype":"Non AC/Ordinary","centerlat":13.110187,"centerlong":77.579109,"eta":"","sch_arrivaltime":"22:00","sch_departuretime":"22:00","actual_arrivaltime":"","actual_departuretime":"","sch_tripstarttime":"21:50","sch_tripendtime":"21:50","lastlocationid":0,"currentlocationid":34299,"nextlocationid":0,"currentstop":null,"nextstop":null,"laststop":null,"stopCoveredStatus":0,"heading":115,"lastrefreshon":"30-08-2024 12:53:19","lastreceiveddatetimeflag":0,"tripposition":3}]},{"routeid":5683,"stationid":34069,"stationname":"Nagenahalli Gate","from":"Yelahanka Old Town","to":"BMSIT College Campous Yelahanka","routeno":"285 BMSITY-YHKOT","distance_on_station":3.904,"centerlat":13.12991,"centerlong":77.57141,"responsecode":200,"isnotify":0,"vehicleDetails":[{"vehicleid":19507,"vehiclenumber":"KA57F3341","servicetypeid":72,"servicetype":"Non AC/Ordinary","centerlat":13.110187,"centerlong":77.579109,"eta":"","sch_arrivaltime":"22:01","sch_departuretime":"22:01","actual_arrivaltime":"","actual_departuretime":"","sch_tripstarttime":"21:50","sch_tripendtime":"21:50","lastlocationid":0,"currentlocationid":34299,"nextlocationid":0,"currentstop":null,"nextstop":null,"laststop":null,"stopCoveredStatus":0,"heading":115,"lastrefreshon":"30-08-2024 12:53:19","lastreceiveddatetimeflag":0,"tripposition":3}]},{"routeid":5683,"stationid":30141,"stationname":"BMSIT College Campous Yelahanka","from":"Yelahanka Old Town","to":"BMSIT College Campous Yelahanka","routeno":"285 BMSITY-YHKOT","distance_on_station":4.5,"centerlat":13.1337,"centerlong":77.56811,"responsecode":200,"isnotify":0,"vehicleDetails":[{"vehicleid":19507,"vehiclenumber":"KA57F3341","servicetypeid":72,"servicetype":"Non AC/Ordinary","centerlat":13.110187,"centerlong":77.579109,"eta":"","sch_arrivaltime":"22:02","sch_departuretime":"22:02","actual_arrivaltime":"","actual_departuretime":"","sch_tripstarttime":"21:50","sch_tripendtime":"21:50","lastlocationid":0,"currentlocationid":34299,"nextlocationid":0,"currentstop":null,"nextstop":null,"laststop":null,"stopCoveredStatus":0,"heading":115,"lastrefreshon":"30-08-2024 12:53:19","lastreceiveddatetimeflag":0,"tripposition":3}]}],"mapData":[{"vehicleid":19507,"vehiclenumber":"KA57F3341","servicetypeid":72,"servicetype":"Non AC/Ordinary","centerlat":13.110187,"centerlong":77.579109,"eta":"","sch_arrivaltime":"22:02","sch_departuretime":"22:02","actual_arrivaltime":"","actual_departuretime":"","sch_tripstarttime":"21:50","sch_tripendtime":"21:50","lastlocationid":0,"currentlocationid":34299,"nextlocationid":0,"currentstop":null,"nextstop":null,"laststop":null,"stopCoveredStatus":0,"heading":115,"lastrefreshon":"30-08-2024 12:53:19","lastreceiveddatetimeflag":0,"tripposition":3}]},"message":"Success","issuccess":true,"exception":null,"rowCount":0,"responsecode":200}