{"up":{"data":[],"mapData":[]},"down":{"data":[{"routeid":3679,"stationid":30310,"stationname":"Byrapura","from":"Byrapura","to":"KR Market","routeno":"285-F","distance_on_station":0,"centerlat":13.20109,"centerlong":77.52295,"responsecode":200,"isnotify":0,"vehicleDetails":[{"vehicleid":22814,"vehiclenumber":"KA57F3456","servicetypeid":72,"servicetype":"Non AC/Ordinary","centerlat":13.201468,"centerlong":77.522972,"eta":"","sch_arrivaltime":"07:45","sch_departuretime":"07:45","actual_arrivaltime":"","actual_departuretime":"","sch_tripstarttime":"07:45","sch_tripendtime":"07:45","lastlocationid":0,"currentlocationid":30310,"nextlocationid":0,"currentstop":null,"nextstop":null,"laststop":null,"stopCoveredStatus":0,"heading":132,"lastrefreshon":"06-08-2024 03:02:33","lastreceiveddatetimeflag":0,"tripposition":1}]},{"routeid":3679,"stationid":35448,"stationname":"Arakere Byrapura","from":"Byrapura","to":"KR Market","routeno":"285-F","distance_on_station":1.948,"centerlat":13.20064,"centerlong":77.53932,"responsecode":200,"isnotify":0,"vehicleDetails":[{"vehicleid":22814,"vehiclenumber":"KA57F3456","servicetypeid":72,"servicetype":"Non AC/Ordinary","centerlat":13.201468,"centerlong":77.522972,"eta":"","sch_arrivaltime":"07:50","sch_departuretime":"07:50","actual_arrivaltime":"","actual_departuretime":"","sch_tripstarttime":"07:45","sch_tripendtime":"07:45","lastlocationid":0,"currentlocationid":30310,"nextlocationid":0,"currentstop":null,"nextstop":null,"laststop":null,"stopCoveredStatus":0,"heading":132,"lastrefreshon":"06-08-2024 03:02:33","lastreceiveddatetimeflag":0,"tripposition":3}]},{"routeid":3679,"stationid":29444,"stationname":"Adde Vishwanathapura","from":"Byrapura","to":"KR Market","routeno":"285-F","distance_on_station":5.564,"centerlat":13.18672,"centerlong":77.55112,"responsecode":200,"isnotify":0,"vehicleDetails":[{"vehicleid":22814,"vehiclenumber":"KA57F3456","servicetypeid":72,"servicetype":"Non AC/Ordinary","centerlat":13.201468,"centerlong":77.522972,"eta":"","sch_arrivaltime":"07:56","sch_departuretime":"07:56","actual_arrivaltime":"","actual_departuretime":"","sch_tripstarttime":"07:45","sch_tripendtime":"07:45","lastlocationid":0,"currentlocationid":30310,"nextlocationid":0,"currentstop":null,"nextstop":null,"laststop":null,"stopCoveredStatus":0,"heading":132,"lastrefreshon":"06-08-2024 03:02:33","lastreceiveddatetimeflag":0,"tripposition":3}]},{"routeid":3679,"stationid":34337,"stationname":"Rajanukunte","from":"Byrapura","to":"KR Market","routeno":"285-F","distance_on_station":8.044,"centerlat":13.17167,"centerlong":77.56446,"responsecode":200,"isnotify":0,"vehicleDetails":[{"vehicleid":22814,"vehiclenumber":"KA57F3456","servicetypeid":72,"servicetype":"Non AC/Ordinary","centerlat":13.201468,"centerlong":77.522972,"eta":"","sch_arrivaltime":"08:01","sch_departuretime":"08:01","actual_arrivaltime":"","actual_departuretime":"","sch_tripstarttime":"07:45","sch_tripendtime":"07:45","lastlocationid":0,"currentlocationid":30310,"nextlocationid":0,"currentstop":null,"nextstop":null,"laststop":null,"stopCoveredStatus":0,"heading":132,"lastrefreshon":"06-08-2024 03:02:33","lastreceiveddatetimeflag":0,"tripposition":3}]},{"routeid":3679,"stationid":32941,"stationname":"Honnenahalli","from":"Byrapura","to":"KR Market","routeno":"285-F","distance_on_station":9.37,"centerlat":13.16003,"centerlong":77.56665,"responsecode":200,"isnotify":0,"vehicleDetails":[{"vehicleid":22814,"vehiclenumber":"KA57F3456","servicetypeid":72,"servicetype":"Non AC/Ordinary","centerlat":13.201468,"centerlong":77.522972,"eta":"","sch_arrivaltime":"08:02","sch_departuretime":"08:02","actual_arrivaltime":"","actual_departuretime":"","sch_tripstarttime":"07:45","sch_tripendtime":"07:45","lastlocationid":0,"currentlocationid":30310,"nextlocationid":0,"currentstop":null,"nextstop":null,"laststop":null,"stopCoveredStatus":0,"heading":132,"lastrefreshon":"06-08-2024 03:02:33","lastreceiveddatetimeflag":0,"tripposition":3}]},{"routeid":3679,"stationid":35778,"stationname":"Singanayakanahalli Gate","from":"Byrapura","to":"KR Market","routeno":"285-F","distance_on_station":10.796,"centerlat":13.1477,"centerlong":77.56982,"responsecode":200,"isnotify":0,"vehicleDetails":[{"vehicleid":22814,"vehiclenumber":"KA57F3456","servicetypeid":72,"servicetype":"Non AC/Ordinary","centerlat":13.201468,"centerlong":77.522972,"eta":"","sch_arrivaltime":"08:03","sch_departuretime":"08:03","actual_arrivaltime":"","actual_departuretime":"","sch_tripstarttime":"07:45","sch_tripendtime":"07:45","lastlocationid":0,"currentlocationid":30310,"nextlocationid":0,"currentstop":null,"nextstop":null,"laststop":null,"stopCoveredStatus":0,"heading":132,"lastrefreshon":"06-08-2024 03:02:33","lastreceiveddatetimeflag":0,"tripposition":3}]},{"routeid":3679,"stationid":23220,"stationname":"Avalahalli","from":"Byrapura","to":"KR Market","routeno":"285-F","distance_on_station":12.181,"centerlat":13.13538,"centerlong":77.56924,"responsecode":200,"isnotify":0,"vehicleDetails":[{"vehicleid":22814,"vehiclenumber":"KA57F3456","servicetypeid":72,"servicetype":"Non AC/Ordinary","centerlat":13.201468,"centerlong":77.522972,"eta":"","sch_arrivaltime":"08:05","sch_departuretime":"08:05","actual_arrivaltime":"","actual_departuretime":"","sch_tripstarttime":"07:45","sch_tripendtime":"07:45","lastlocationid":0,"currentlocationid":30310,"nextlocationid":0,"currentstop":null,"nextstop":null,"laststop":null,"stopCoveredStatus":0,"heading":132,"lastrefreshon":"06-08-2024 03:02:33","lastreceiveddatetimeflag":0,"tripposition":3}]},{"routeid":3679,"stationid":29256,"stationname":"Nagenahalli Gate","from":"Byrapura","to":"KR Market","routeno":"285-F","distance_on_station":12.824,"centerlat":13.13007,"centerlong":77.57144,"responsecode":200,"isnotify":0,"vehicleDetails":[{"vehicleid":22814,"vehiclenumber":"KA57F3456","servicetypeid":72,"servicetype":"Non AC/Ordinary","centerlat":13.201468,"centerlong":77.522972,"eta":"","sch_arrivaltime":"08:06","sch_departuretime":"08:06","actual_arrivaltime":"","actual_departuretime":"","sch_tripstarttime":"07:45","sch_tripendtime":"07:45","lastlocationid":0,"currentlocationid":30310,"nextlocationid":0,"currentstop":null,"nextstop":null,"laststop":null,"stopCoveredStatus":0,"heading":132,"lastrefreshon":"06-08-2024 03:02:33","lastreceiveddatetimeflag":0,"tripposition":3}]},{"routeid":3679,"stationid":24736,"stationname":"C R P F Yelahanka","from":"Byrapura","to":"KR Market","routeno":"285-F","distance_on_station":13.728,"centerlat":13.12298,"centerlong":77.57554,"responsecode":200,"isnotify":0,"vehicleDetails":[{"vehicleid":22814,"vehiclenumber":"KA57F3456","servicetypeid":72,"servicetype":"Non AC/Ordinary","centerlat":13.201468,"centerlong":77.522972,"eta":"","sch_arrivaltime":"08:07","sch_departuretime":"08:07","actual_arrivaltime":"","actual_departuretime":"","sch_tripstarttime":"07:45","sch_tripendtime":"07:45","lastlocationid":0,"currentlocationid":30310,"nextlocationid":0,"currentstop":null,"nextstop":null,"laststop":null,"stopCoveredStatus":0,"heading":132,"lastrefreshon":"06-08-2024 03:02:33","lastreceiveddatetimeflag":0,"tripposition":3}]},{"routeid":3679,"stationid":23082,"stationname":"Ananthapura Gate","from":"Byrapura","to":"KR Market","routeno":"285-F","distance_on_station":14.712,"centerlat":13.11478,"centerlong":77.57907,"responsecode":200,"isnotify":0,"vehicleDetails":[{"vehicleid":22814,"vehiclenumber":"KA57F3456","servicetypeid":72,"servicetype":"Non AC/Ordinary","centerlat":13.201468,"centerlong":77.522972,"eta":"","sch_arrivaltime":"08:08","sch_departuretime":"08:08","actual_arrivaltime":"","actual_departuretime":"","sch_tripstarttime":"07:45","sch_tripendtime":"07:45","lastlocationid":0,"currentlocationid":30310,"nextlocationid":0,"currentstop":null,"nextstop":null,"laststop":null,"stopCoveredStatus":0,"heading":132,"lastrefreshon":"06-08-2024 03:02:33","lastreceiveddatetimeflag":0,"tripposition":3}]},{"routeid":3679,"stationid":34300,"stationname":"Puttenahalli","from":"Byrapura","to":"KR Market","routeno":"285-F","distance_on_station":15.254,"centerlat":13.11016,"centerlong":77.58024,"responsecode":200,"isnotify":0,"vehicleDetails":[{"vehicleid":22814,"vehiclenumber":"KA57F3456","servicetypeid":72,"servicetype":"Non AC/Ordinary","centerlat":13.201468,"centerlong":77.522972,"eta":"","sch_arrivaltime":"08:09","sch_departuretime":"08:09","actual_arrivaltime":"","actual_departuretime":"","sch_tripstarttime":"07:45","sch_tripendtime":"07:45","lastlocationid":0,"currentlocationid":30310,"nextlocationid":0,"currentstop":null,"nextstop":null,"laststop":null,"stopCoveredStatus":0,"heading":132,"lastrefreshon":"06-08-2024 03:02:33","lastreceiveddatetimeflag":0,"tripposition":3}]},{"routeid":3679,"stationid":34849,"stationname":"Wheel And Axle Plant","from":"Byrapura","to":"KR Market","routeno":"285-F","distance_on_station":15.777,"centerlat":13.10603,"centerlong":77.58227,"responsecode":200,"isnotify":0,"vehicleDetails":[{"vehicleid":22814,"vehiclenumber":"KA57F3456","servicetypeid":72,"servicetype":"Non AC/Ordinary","centerlat":13.201468,"centerlong":77.522972,"eta":"","sch_arrivaltime":"08:10","sch_departuretime":"08:10","actual_arrivaltime":"","actual_departuretime":"","sch_tripstarttime":"07:45","sch_tripendtime":"07:45","lastlocationid":0,"currentlocationid":30310,"nextlocationid":0,"currentstop":null,"nextstop":null,"laststop":null,"stopCoveredStatus":0,"heading":132,"lastrefreshon":"06-08-2024 03:02:33","lastreceiveddatetimeflag":0,"tripposition":3}]},{"routeid":3679,"stationid":25225,"stationname":"Escorts","from":"Byrapura","to":"KR Market","routeno":"285-F","distance_on_station":16.289,"centerlat":13.10278,"centerlong":77.58564,"responsecode":200,"isnotify":0,"vehicleDetails":[{"vehicleid":22814,"vehiclenumber":"KA57F3456","servicetypeid":72,"servicetype":"Non AC/Ordinary","centerlat":13.201468,"centerlong":77.522972,"eta":"","sch_arrivaltime":"08:11","sch_departuretime":"08:11","actual_arrivaltime":"","actual_departuretime":"","sch_tripstarttime":"07:45","sch_tripendtime":"07:45","lastlocationid":0,"currentlocationid":30310,"nextlocationid":0,"currentstop":null,"nextstop":null,"laststop":null,"stopCoveredStatus":0,"heading":132,"lastrefreshon":"06-08-2024 03:02:33","lastreceiveddatetimeflag":0,"tripposition":3}]},{"routeid":3679,"stationid":28297,"stationname":"Sheshadripuram College","from":"Byrapura","to":"KR Market","routeno":"285-F","distance_on_station":16.711,"centerlat":13.10041,"centerlong":77.58864,"responsecode":200,"isnotify":0,"vehicleDetails":[{"vehicleid":22814,"vehiclenumber":"KA57F3456","servicetypeid":72,"servicetype":"Non AC/Ordinary","centerlat":13.201468,"centerlong":77.522972,"eta":"","sch_arrivaltime":"08:12","sch_departuretime":"08:12","actual_arrivaltime":"","actual_departuretime":"","sch_tripstarttime":"07:45","sch_tripendtime":"07:45","lastlocationid":0,"currentlocationid":30310,"nextlocationid":0,"currentstop":null,"nextstop":null,"laststop":null,"stopCoveredStatus":0,"heading":132,"lastrefreshon":"06-08-2024 03:02:33","lastreceiveddatetimeflag":0,"tripposition":3}]},{"routeid":3679,"stationid":22357,"stationname":"NES Office","from":"Byrapura","to":"KR Market","routeno":"285-F","distance_on_station":17.142,"centerlat":13.09784,"centerlong":77.59167,"responsecode":200,"isnotify":0,"vehicleDetails":[{"vehicleid":22814,"vehiclenumber":"KA57F3456","servicetypeid":72,"servicetype":"Non AC/Ordinary","centerlat":13.201468,"centerlong":77.522972,"eta":"","sch_arrivaltime":"08:13","sch_departuretime":"08:13","actual_arrivaltime":"","actual_departuretime":"","sch_tripstarttime":"07:45","sch_tripendtime":"07:45","lastlocationid":0,"currentlocationid":30310,"nextlocationid":0,"currentstop":null,"nextstop":null,"laststop":null,"stopCoveredStatus":0,"heading":132,"lastrefreshon":"06-08-2024 03:02:33","lastreceiveddatetimeflag":0,"tripposition":3}]},{"routeid":3679,"stationid":22845,"stationname":"Yalahanka Police Station","from":"Byrapura","to":"KR Market","routeno":"285-F","distance_on_station":17.624,"centerlat":13.09478,"centerlong":77.59442,"responsecode":200,"isnotify":0,"vehicleDetails":[{"vehicleid":22814,"vehiclenumber":"KA57F3456","servicetypeid":72,"servicetype":"Non AC/Ordinary","centerlat":13.201468,"centerlong":77.522972,"eta":"","sch_arrivaltime":"08:15","sch_departuretime":"08:15","actual_arrivaltime":"","actual_departuretime":"","sch_tripstarttime":"07:45","sch_tripendtime":"07:45","lastlocationid":0,"currentlocationid":30310,"nextlocationid":0,"currentstop":null,"nextstop":null,"laststop":null,"stopCoveredStatus":0,"heading":132,"lastrefreshon":"06-08-2024 03:02:33","lastreceiveddatetimeflag":0,"tripposition":3}]},{"routeid":3679,"stationid":35608,"stationname":"Allalasandra Gate","from":"Byrapura","to":"KR Market","routeno":"285-F","distance_on_station":18.508,"centerlat":13.08686,"centerlong":77.59386,"responsecode":200,"isnotify":0,"vehicleDetails":[{"vehicleid":22814,"vehiclenumber":"KA57F3456","servicetypeid":72,"servicetype":"Non AC/Ordinary","centerlat":13.201468,"centerlong":77.522972,"eta":"","sch_arrivaltime":"08:16","sch_departuretime":"08:16","actual_arrivaltime":"","actual_departuretime":"","sch_tripstarttime":"07:45","sch_tripendtime":"07:45","lastlocationid":0,"currentlocationid":30310,"nextlocationid":0,"currentstop":null,"nextstop":null,"laststop":null,"stopCoveredStatus":0,"heading":132,"lastrefreshon":"06-08-2024 03:02:33","lastreceiveddatetimeflag":0,"tripposition":3}]},{"routeid":3679,"stationid":35376,"stationname":"Jakkur Aerodrum","from":"Byrapura","to":"KR Market","routeno":"285-F","distance_on_station":19.643,"centerlat":13.07701,"centerlong":77.59301,"responsecode":200,"isnotify":0,"vehicleDetails":[{"vehicleid":22814,"vehiclenumber":"KA57F3456","servicetypeid":72,"servicetype":"Non AC/Ordinary","centerlat":13.201468,"centerlong":77.522972,"eta":"","sch_arrivaltime":"08:18","sch_departuretime":"08:18","actual_arrivaltime":"","actual_departuretime":"","sch_tripstarttime":"07:45","sch_tripendtime":"07:45","lastlocationid":0,"currentlocationid":30310,"nextlocationid":0,"currentstop":null,"nextstop":null,"laststop":null,"stopCoveredStatus":0,"heading":132,"lastrefreshon":"06-08-2024 03:02:33","lastreceiveddatetimeflag":0,"tripposition":3}]},{"routeid":3679,"stationid":35685,"stationname":"GKVK GATE","from":"Byrapura","to":"KR Market","routeno":"285-F","distance_on_station":20.115,"centerlat":13.07276,"centerlong":77.59292,"responsecode":200,"isnotify":0,"vehicleDetails":[{"vehicleid":22814,"vehiclenumber":"KA57F3456","servicetypeid":72,"servicetype":"Non AC/Ordinary","centerlat":13.201468,"centerlong":77.522972,"eta":"","sch_arrivaltime":"08:19","sch_departuretime":"08:19","actual_arrivaltime":"","actual_departuretime":"","sch_tripstarttime":"07:45","sch_tripendtime":"07:45","lastlocationid":0,"currentlocationid":30310,"nextlocationid":0,"currentstop":null,"nextstop":null,"laststop":null,"stopCoveredStatus":0,"heading":132,"lastrefreshon":"06-08-2024 03:02:33","lastreceiveddatetimeflag":0,"tripposition":3}]},{"routeid":3679,"stationid":35273,"stationname":"Byatarayanapura","from":"Byrapura","to":"KR Market","routeno":"285-F","distance_on_station":20.768,"centerlat":13.06693,"centerlong":77.59337,"responsecode":200,"isnotify":0,"vehicleDetails":[{"vehicleid":22814,"vehiclenumber":"KA57F3456","servicetypeid":72,"servicetype":"Non AC/Ordinary","centerlat":13.201468,"centerlong":77.522972,"eta":"","sch_arrivaltime":"08:20","sch_departuretime":"08:20","actual_arrivaltime":"","actual_departuretime":"","sch_tripstarttime":"07:45","sch_tripendtime":"07:45","lastlocationid":0,"currentlocationid":30310,"nextlocationid":0,"currentstop":null,"nextstop":null,"laststop":null,"stopCoveredStatus":0,"heading":132,"lastrefreshon":"06-08-2024 03:02:33","lastreceiveddatetimeflag":0,"tripposition":3}]},{"routeid":3679,"stationid":35129,"stationname":"Kodigehalli Gate","from":"Byrapura","to":"KR Market","routeno":"285-F","distance_on_station":21.842,"centerlat":13.05734,"centerlong":77.59362,"responsecode":200,"isnotify":0,"vehicleDetails":[{"vehicleid":22814,"vehiclenumber":"KA57F3456","servicetypeid":72,"servicetype":"Non AC/Ordinary","centerlat":13.201468,"centerlong":77.522972,"eta":"","sch_arrivaltime":"08:22","sch_departuretime":"08:22","actual_arrivaltime":"","actual_departuretime":"","sch_tripstarttime":"07:45","sch_tripendtime":"07:45","lastlocationid":0,"currentlocationid":30310,"nextlocationid":0,"currentstop":null,"nextstop":null,"laststop":null,"stopCoveredStatus":0,"heading":132,"lastrefreshon":"06-08-2024 03:02:33","lastreceiveddatetimeflag":0,"tripposition":3}]},{"routeid":3679,"stationid":28995,"stationname":"Military Dairy Farm (Esteem Mall)","from":"Byrapura","to":"KR Market","routeno":"285-F","distance_on_station":22.676,"centerlat":13.04974,"centerlong":77.59287,"responsecode":200,"isnotify":0,"vehicleDetails":[{"vehicleid":22814,"vehiclenumber":"KA57F3456","servicetypeid":72,"servicetype":"Non AC/Ordinary","centerlat":13.201468,"centerlong":77.522972,"eta":"","sch_arrivaltime":"08:24","sch_departuretime":"08:24","actual_arrivaltime":"","actual_departuretime":"","sch_tripstarttime":"07:45","sch_tripendtime":"07:45","lastlocationid":0,"currentlocationid":30310,"nextlocationid":0,"currentstop":null,"nextstop":null,"laststop":null,"stopCoveredStatus":0,"heading":132,"lastrefreshon":"06-08-2024 03:02:33","lastreceiveddatetimeflag":0,"tripposition":3}]},{"routeid":3679,"stationid":37944,"stationname":"Hebbala Bridge","from":"Byrapura","to":"KR Market","routeno":"285-F","distance_on_station":23.62,"centerlat":13.04294,"centerlong":77.59145,"responsecode":200,"isnotify":0,"vehicleDetails":[{"vehicleid":22814,"vehiclenumber":"KA57F3456","servicetypeid":72,"servicetype":"Non AC/Ordinary","centerlat":13.201468,"centerlong":77.522972,"eta":"","sch_arrivaltime":"08:29","sch_departuretime":"08:29","actual_arrivaltime":"","actual_departuretime":"","sch_tripstarttime":"07:45","sch_tripendtime":"07:45","lastlocationid":0,"currentlocationid":30310,"nextlocationid":0,"currentstop":null,"nextstop":null,"laststop":null,"stopCoveredStatus":0,"heading":132,"lastrefreshon":"06-08-2024 03:02:33","lastreceiveddatetimeflag":0,"tripposition":3}]},{"routeid":3679,"stationid":25816,"stationname":"Hebbala","from":"Byrapura","to":"KR Market","routeno":"285-F","distance_on_station":24.544,"centerlat":13.03917,"centerlong":77.58951,"responsecode":200,"isnotify":0,"vehicleDetails":[{"vehicleid":22814,"vehiclenumber":"KA57F3456","servicetypeid":72,"servicetype":"Non AC/Ordinary","centerlat":13.201468,"centerlong":77.522972,"eta":"","sch_arrivaltime":"08:31","sch_departuretime":"08:31","actual_arrivaltime":"","actual_departuretime":"","sch_tripstarttime":"07:45","sch_tripendtime":"07:45","lastlocationid":0,"currentlocationid":30310,"nextlocationid":0,"currentstop":null,"nextstop":null,"laststop":null,"stopCoveredStatus":0,"heading":132,"lastrefreshon":"06-08-2024 03:02:33","lastreceiveddatetimeflag":0,"tripposition":3}]},{"routeid":3679,"stationid":20694,"stationname":"Canara Bank Hebbala","from":"Byrapura","to":"KR Market","routeno":"285-F","distance_on_station":24.935,"centerlat":13.0357,"centerlong":77.58909,"responsecode":200,"isnotify":0,"vehicleDetails":[{"vehicleid":22814,"vehiclenumber":"KA57F3456","servicetypeid":72,"servicetype":"Non AC/Ordinary","centerlat":13.201468,"centerlong":77.522972,"eta":"","sch_arrivaltime":"08:32","sch_departuretime":"08:32","actual_arrivaltime":"","actual_departuretime":"","sch_tripstarttime":"07:45","sch_tripendtime":"07:45","lastlocationid":0,"currentlocationid":30310,"nextlocationid":0,"currentstop":null,"nextstop":null,"laststop":null,"stopCoveredStatus":0,"heading":132,"lastrefreshon":"06-08-2024 03:02:33","lastreceiveddatetimeflag":0,"tripposition":3}]},{"routeid":3679,"stationid":21253,"stationname":"Veterinary Hospital","from":"Byrapura","to":"KR Market","routeno":"285-F","distance_on_station":25.608,"centerlat":13.03018,"centerlong":77.58697,"responsecode":200,"isnotify":0,"vehicleDetails":[{"vehicleid":22814,"vehiclenumber":"KA57F3456","servicetypeid":72,"servicetype":"Non AC/Ordinary","centerlat":13.201468,"centerlong":77.522972,"eta":"","sch_arrivaltime":"08:33","sch_departuretime":"08:33","actual_arrivaltime":"","actual_departuretime":"","sch_tripstarttime":"07:45","sch_tripendtime":"07:45","lastlocationid":0,"currentlocationid":30310,"nextlocationid":0,"currentstop":null,"nextstop":null,"laststop":null,"stopCoveredStatus":0,"heading":132,"lastrefreshon":"06-08-2024 03:02:33","lastreceiveddatetimeflag":0,"tripposition":3}]},{"routeid":3679,"stationid":20699,"stationname":"CBI","from":"Byrapura","to":"KR Market","routeno":"285-F","distance_on_station":26.04,"centerlat":13.02653,"centerlong":77.58565,"responsecode":200,"isnotify":0,"vehicleDetails":[{"vehicleid":22814,"vehiclenumber":"KA57F3456","servicetypeid":72,"servicetype":"Non AC/Ordinary","centerlat":13.201468,"centerlong":77.522972,"eta":"","sch_arrivaltime":"08:34","sch_departuretime":"08:34","actual_arrivaltime":"","actual_departuretime":"","sch_tripstarttime":"07:45","sch_tripendtime":"07:45","lastlocationid":0,"currentlocationid":30310,"nextlocationid":0,"currentstop":null,"nextstop":null,"laststop":null,"stopCoveredStatus":0,"heading":132,"lastrefreshon":"06-08-2024 03:02:33","lastreceiveddatetimeflag":0,"tripposition":3}]},{"routeid":3679,"stationid":21018,"stationname":"Mekhri Circle","from":"Byrapura","to":"KR Market","routeno":"285-F","distance_on_station":27.074,"centerlat":13.01756,"centerlong":77.584,"responsecode":200,"isnotify":0,"vehicleDetails":[{"vehicleid":22814,"vehiclenumber":"KA57F3456","servicetypeid":72,"servicetype":"Non AC/Ordinary","centerlat":13.201468,"centerlong":77.522972,"eta":"","sch_arrivaltime":"08:36","sch_departuretime":"08:36","actual_arrivaltime":"","actual_departuretime":"","sch_tripstarttime":"07:45","sch_tripendtime":"07:45","lastlocationid":0,"currentlocationid":30310,"nextlocationid":0,"currentstop":null,"nextstop":null,"laststop":null,"stopCoveredStatus":0,"heading":132,"lastrefreshon":"06-08-2024 03:02:33","lastreceiveddatetimeflag":0,"tripposition":3}]},{"routeid":3679,"stationid":21075,"stationname":"Palace Ground","from":"Byrapura","to":"KR Market","routeno":"285-F","distance_on_station":27.848,"centerlat":13.01061,"centerlong":77.58399,"responsecode":200,"isnotify":0,"vehicleDetails":[{"vehicleid":22814,"vehiclenumber":"KA57F3456","servicetypeid":72,"servicetype":"Non AC/Ordinary","centerlat":13.201468,"centerlong":77.522972,"eta":"","sch_arrivaltime":"08:37","sch_departuretime":"08:37","actual_arrivaltime":"","actual_departuretime":"","sch_tripstarttime":"07:45","sch_tripendtime":"07:45","lastlocationid":0,"currentlocationid":30310,"nextlocationid":0,"currentstop":null,"nextstop":null,"laststop":null,"stopCoveredStatus":0,"heading":132,"lastrefreshon":"06-08-2024 03:02:33","lastreceiveddatetimeflag":0,"tripposition":3}]},{"routeid":3679,"stationid":21129,"stationname":"RM Guttahalli","from":"Byrapura","to":"KR Market","routeno":"285-F","distance_on_station":29.023,"centerlat":13.00009,"centerlong":77.58425,"responsecode":200,"isnotify":0,"vehicleDetails":[{"vehicleid":22814,"vehiclenumber":"KA57F3456","servicetypeid":72,"servicetype":"Non AC/Ordinary","centerlat":13.201468,"centerlong":77.522972,"eta":"","sch_arrivaltime":"08:39","sch_departuretime":"08:39","actual_arrivaltime":"","actual_departuretime":"","sch_tripstarttime":"07:45","sch_tripendtime":"07:45","lastlocationid":0,"currentlocationid":30310,"nextlocationid":0,"currentstop":null,"nextstop":null,"laststop":null,"stopCoveredStatus":0,"heading":132,"lastrefreshon":"06-08-2024 03:02:33","lastreceiveddatetimeflag":0,"tripposition":3}]},{"routeid":3679,"stationid":23354,"stationname":"Shivananda Store","from":"Byrapura","to":"KR Market","routeno":"285-F","distance_on_station":30.72,"centerlat":12.98755,"centerlong":77.58039,"responsecode":200,"isnotify":0,"vehicleDetails":[{"vehicleid":22814,"vehiclenumber":"KA57F3456","servicetypeid":72,"servicetype":"Non AC/Ordinary","centerlat":13.201468,"centerlong":77.522972,"eta":"","sch_arrivaltime":"08:42","sch_departuretime":"08:42","actual_arrivaltime":"","actual_departuretime":"","sch_tripstarttime":"07:45","sch_tripendtime":"07:45","lastlocationid":0,"currentlocationid":30310,"nextlocationid":0,"currentstop":null,"nextstop":null,"laststop":null,"stopCoveredStatus":0,"heading":132,"lastrefreshon":"06-08-2024 03:02:33","lastreceiveddatetimeflag":0,"tripposition":3}]},{"routeid":3679,"stationid":35375,"stationname":"Ananda Rao Circle","from":"Byrapura","to":"KR Market","routeno":"285-F","distance_on_station":31.604,"centerlat":12.98117,"centerlong":77.57694,"responsecode":200,"isnotify":0,"vehicleDetails":[{"vehicleid":22814,"vehiclenumber":"KA57F3456","servicetypeid":72,"servicetype":"Non AC/Ordinary","centerlat":13.201468,"centerlong":77.522972,"eta":"","sch_arrivaltime":"08:44","sch_departuretime":"08:44","actual_arrivaltime":"","actual_departuretime":"","sch_tripstarttime":"07:45","sch_tripendtime":"07:45","lastlocationid":0,"currentlocationid":30310,"nextlocationid":0,"currentstop":null,"nextstop":null,"laststop":null,"stopCoveredStatus":0,"heading":132,"lastrefreshon":"06-08-2024 03:02:33","lastreceiveddatetimeflag":0,"tripposition":3}]},{"routeid":3679,"stationid":20981,"stationname":"Maharani College","from":"Byrapura","to":"KR Market","routeno":"285-F","distance_on_station":32.708,"centerlat":12.97703,"centerlong":77.5858,"responsecode":200,"isnotify":0,"vehicleDetails":[{"vehicleid":22814,"vehiclenumber":"KA57F3456","servicetypeid":72,"servicetype":"Non AC/Ordinary","centerlat":13.201468,"centerlong":77.522972,"eta":"","sch_arrivaltime":"08:46","sch_departuretime":"08:46","actual_arrivaltime":"","actual_departuretime":"","sch_tripstarttime":"07:45","sch_tripendtime":"07:45","lastlocationid":0,"currentlocationid":30310,"nextlocationid":0,"currentstop":null,"nextstop":null,"laststop":null,"stopCoveredStatus":0,"heading":132,"lastrefreshon":"06-08-2024 03:02:33","lastreceiveddatetimeflag":0,"tripposition":3}]},{"routeid":3679,"stationid":20939,"stationname":"KR Circle","from":"Byrapura","to":"KR Market","routeno":"285-F","distance_on_station":33.17,"centerlat":12.97386,"centerlong":77.58661,"responsecode":200,"isnotify":0,"vehicleDetails":[{"vehicleid":22814,"vehiclenumber":"KA57F3456","servicetypeid":72,"servicetype":"Non AC/Ordinary","centerlat":13.201468,"centerlong":77.522972,"eta":"","sch_arrivaltime":"08:47","sch_departuretime":"08:47","actual_arrivaltime":"","actual_departuretime":"","sch_tripstarttime":"07:45","sch_tripendtime":"07:45","lastlocationid":0,"currentlocationid":30310,"nextlocationid":0,"currentstop":null,"nextstop":null,"laststop":null,"stopCoveredStatus":0,"heading":132,"lastrefreshon":"06-08-2024 03:02:33","lastreceiveddatetimeflag":0,"tripposition":3}]},{"routeid":3679,"stationid":21195,"stationname":"St Marthas Hospital","from":"Byrapura","to":"KR Market","routeno":"285-F","distance_on_station":33.662,"centerlat":12.96945,"centerlong":77.58716,"responsecode":200,"isnotify":0,"vehicleDetails":[{"vehicleid":22814,"vehiclenumber":"KA57F3456","servicetypeid":72,"servicetype":"Non AC/Ordinary","centerlat":13.201468,"centerlong":77.522972,"eta":"","sch_arrivaltime":"08:48","sch_departuretime":"08:48","actual_arrivaltime":"","actual_departuretime":"","sch_tripstarttime":"07:45","sch_tripendtime":"07:45","lastlocationid":0,"currentlocationid":30310,"nextlocationid":0,"currentstop":null,"nextstop":null,"laststop":null,"stopCoveredStatus":0,"heading":132,"lastrefreshon":"06-08-2024 03:02:33","lastreceiveddatetimeflag":0,"tripposition":3}]},{"routeid":3679,"stationid":20727,"stationname":"Corporation","from":"Byrapura","to":"KR Market","routeno":"285-F","distance_on_station":34.044,"centerlat":12.96701,"centerlong":77.58822,"responsecode":200,"isnotify":0,"vehicleDetails":[{"vehicleid":22814,"vehiclenumber":"KA57F3456","servicetypeid":72,"servicetype":"Non AC/Ordinary","centerlat":13.201468,"centerlong":77.522972,"eta":"","sch_arrivaltime":"08:49","sch_departuretime":"08:49","actual_arrivaltime":"","actual_departuretime":"","sch_tripstarttime":"07:45","sch_tripendtime":"07:45","lastlocationid":0,"currentlocationid":30310,"nextlocationid":0,"currentstop":null,"nextstop":null,"laststop":null,"stopCoveredStatus":0,"heading":132,"lastrefreshon":"06-08-2024 03:02:33","lastreceiveddatetimeflag":0,"tripposition":3}]},{"routeid":3679,"stationid":21232,"stationname":"Town Hall","from":"Byrapura","to":"KR Market","routeno":"285-F","distance_on_station":34.697,"centerlat":12.96355,"centerlong":77.58375,"responsecode":200,"isnotify":0,"vehicleDetails":[{"vehicleid":22814,"vehiclenumber":"KA57F3456","servicetypeid":72,"servicetype":"Non AC/Ordinary","centerlat":13.201468,"centerlong":77.522972,"eta":"","sch_arrivaltime":"08:51","sch_departuretime":"08:51","actual_arrivaltime":"","actual_departuretime":"","sch_tripstarttime":"07:45","sch_tripendtime":"07:45","lastlocationid":0,"currentlocationid":30310,"nextlocationid":0,"currentstop":null,"nextstop":null,"laststop":null,"stopCoveredStatus":0,"heading":132,"lastrefreshon":"06-08-2024 03:02:33","lastreceiveddatetimeflag":0,"tripposition":3}]},{"routeid":3679,"stationid":22199,"stationname":"KR Market","from":"Byrapura","to":"KR Market","routeno":"285-F","distance_on_station":35.5,"centerlat":12.96437,"centerlong":77.57736,"responsecode":200,"isnotify":0,"vehicleDetails":[{"vehicleid":22814,"vehiclenumber":"KA57F3456","servicetypeid":72,"servicetype":"Non AC/Ordinary","centerlat":13.201468,"centerlong":77.522972,"eta":"","sch_arrivaltime":"08:54","sch_departuretime":"08:54","actual_arrivaltime":"","actual_departuretime":"","sch_tripstarttime":"07:45","sch_tripendtime":"07:45","lastlocationid":0,"currentlocationid":30310,"nextlocationid":0,"currentstop":null,"nextstop":null,"laststop":null,"stopCoveredStatus":0,"heading":132,"lastrefreshon":"06-08-2024 03:02:33","lastreceiveddatetimeflag":0,"tripposition":1}]}],"mapData":[{"vehicleid":22814,"vehiclenumber":"KA57F3456","servicetypeid":72,"servicetype":"Non AC/Ordinary","centerlat":13.201468,"centerlong":77.522972,"eta":"","sch_arrivaltime":"08:54","sch_departuretime":"08:54","actual_arrivaltime":"","actual_departuretime":"","sch_tripstarttime":"07:45","sch_tripendtime":"07:45","lastlocationid":0,"currentlocationid":30310,"nextlocationid":0,"currentstop":null,"nextstop":null,"laststop":null,"stopCoveredStatus":0,"heading":132,"lastrefreshon":"06-08-2024 03:02:33","lastreceiveddatetimeflag":0,"tripposition":1}]},"message":"Success","issuccess":true,"exception":null,"rowCount":0,"responsecode":200}