{"up":{"data":[{"routeid":2623,"stationid":34677,"stationname":"Sri Venkateshwara Nagara","from":"Sri Venkateshwara Nagara","to":"Kempegowda Bus Station","routeno":"286-E SVKTN-KBS","distance_on_station":0,"centerlat":13.07482,"centerlong":77.61888,"responsecode":200,"isnotify":0,"vehicleDetails":[{"vehicleid":20075,"vehiclenumber":"KA57F0014","servicetypeid":72,"servicetype":"Non AC/Ordinary","centerlat":12.989552,"centerlong":77.571915,"eta":"","sch_arrivaltime":"15:15","sch_departuretime":"15:15","actual_arrivaltime":"","actual_departuretime":"","sch_tripstarttime":"15:15","sch_tripendtime":"15:15","lastlocationid":0,"currentlocationid":20703,"nextlocationid":0,"currentstop":null,"nextstop":null,"laststop":null,"stopCoveredStatus":0,"heading":167,"lastrefreshon":"21-10-2024 14:19:21","lastreceiveddatetimeflag":0,"tripposition":3}]},{"routeid":2623,"stationid":35270,"stationname":"Telecom Layout","from":"Sri Venkateshwara Nagara","to":"Kempegowda Bus Station","routeno":"286-E SVKTN-KBS","distance_on_station":1.026,"centerlat":13.06791,"centerlong":77.61657,"responsecode":200,"isnotify":0,"vehicleDetails":[{"vehicleid":20075,"vehiclenumber":"KA57F0014","servicetypeid":72,"servicetype":"Non AC/Ordinary","centerlat":12.989552,"centerlong":77.571915,"eta":"","sch_arrivaltime":"15:18","sch_departuretime":"15:18","actual_arrivaltime":"","actual_departuretime":"","sch_tripstarttime":"15:15","sch_tripendtime":"15:15","lastlocationid":0,"currentlocationid":20703,"nextlocationid":0,"currentstop":null,"nextstop":null,"laststop":null,"stopCoveredStatus":0,"heading":167,"lastrefreshon":"21-10-2024 14:19:21","lastreceiveddatetimeflag":0,"tripposition":3}]},{"routeid":2623,"stationid":26618,"stationname":"Sriramapura Cross","from":"Sri Venkateshwara Nagara","to":"Kempegowda Bus Station","routeno":"286-E SVKTN-KBS","distance_on_station":1.384,"centerlat":13.06767,"centerlong":77.61321,"responsecode":200,"isnotify":0,"vehicleDetails":[{"vehicleid":20075,"vehiclenumber":"KA57F0014","servicetypeid":72,"servicetype":"Non AC/Ordinary","centerlat":12.989552,"centerlong":77.571915,"eta":"","sch_arrivaltime":"15:19","sch_departuretime":"15:19","actual_arrivaltime":"","actual_departuretime":"","sch_tripstarttime":"15:15","sch_tripendtime":"15:15","lastlocationid":0,"currentlocationid":20703,"nextlocationid":0,"currentstop":null,"nextstop":null,"laststop":null,"stopCoveredStatus":0,"heading":167,"lastrefreshon":"21-10-2024 14:19:21","lastreceiveddatetimeflag":0,"tripposition":3}]},{"routeid":2623,"stationid":34672,"stationname":"Sriramapura Circle","from":"Sri Venkateshwara Nagara","to":"Kempegowda Bus Station","routeno":"286-E SVKTN-KBS","distance_on_station":1.882,"centerlat":13.06658,"centerlong":77.60966,"responsecode":200,"isnotify":0,"vehicleDetails":[{"vehicleid":20075,"vehiclenumber":"KA57F0014","servicetypeid":72,"servicetype":"Non AC/Ordinary","centerlat":12.989552,"centerlong":77.571915,"eta":"","sch_arrivaltime":"15:20","sch_departuretime":"15:20","actual_arrivaltime":"","actual_departuretime":"","sch_tripstarttime":"15:15","sch_tripendtime":"15:15","lastlocationid":0,"currentlocationid":20703,"nextlocationid":0,"currentstop":null,"nextstop":null,"laststop":null,"stopCoveredStatus":0,"heading":167,"lastrefreshon":"21-10-2024 14:19:21","lastreceiveddatetimeflag":0,"tripposition":3}]},{"routeid":2623,"stationid":35272,"stationname":"Jakkur 18th Cross","from":"Sri Venkateshwara Nagara","to":"Kempegowda Bus Station","routeno":"286-E SVKTN-KBS","distance_on_station":2.599,"centerlat":13.06885,"centerlong":77.60338,"responsecode":200,"isnotify":0,"vehicleDetails":[{"vehicleid":20075,"vehiclenumber":"KA57F0014","servicetypeid":72,"servicetype":"Non AC/Ordinary","centerlat":12.989552,"centerlong":77.571915,"eta":"","sch_arrivaltime":"15:21","sch_departuretime":"15:21","actual_arrivaltime":"","actual_departuretime":"","sch_tripstarttime":"15:15","sch_tripendtime":"15:15","lastlocationid":0,"currentlocationid":20703,"nextlocationid":0,"currentstop":null,"nextstop":null,"laststop":null,"stopCoveredStatus":0,"heading":167,"lastrefreshon":"21-10-2024 14:19:21","lastreceiveddatetimeflag":0,"tripposition":3}]},{"routeid":2623,"stationid":24105,"stationname":"Jakkur Layout 3rd Cross.","from":"Sri Venkateshwara Nagara","to":"Kempegowda Bus Station","routeno":"286-E SVKTN-KBS","distance_on_station":2.808,"centerlat":13.06952,"centerlong":77.60166,"responsecode":200,"isnotify":0,"vehicleDetails":[{"vehicleid":20075,"vehiclenumber":"KA57F0014","servicetypeid":72,"servicetype":"Non AC/Ordinary","centerlat":12.989552,"centerlong":77.571915,"eta":"","sch_arrivaltime":"15:22","sch_departuretime":"15:22","actual_arrivaltime":"","actual_departuretime":"","sch_tripstarttime":"15:15","sch_tripendtime":"15:15","lastlocationid":0,"currentlocationid":20703,"nextlocationid":0,"currentstop":null,"nextstop":null,"laststop":null,"stopCoveredStatus":0,"heading":167,"lastrefreshon":"21-10-2024 14:19:21","lastreceiveddatetimeflag":0,"tripposition":3}]},{"routeid":2623,"stationid":23067,"stationname":"Amruthahalli","from":"Sri Venkateshwara Nagara","to":"Kempegowda Bus Station","routeno":"286-E SVKTN-KBS","distance_on_station":3.236,"centerlat":13.06576,"centerlong":77.60081,"responsecode":200,"isnotify":0,"vehicleDetails":[{"vehicleid":20075,"vehiclenumber":"KA57F0014","servicetypeid":72,"servicetype":"Non AC/Ordinary","centerlat":12.989552,"centerlong":77.571915,"eta":"","sch_arrivaltime":"15:23","sch_departuretime":"15:23","actual_arrivaltime":"","actual_departuretime":"","sch_tripstarttime":"15:15","sch_tripendtime":"15:15","lastlocationid":0,"currentlocationid":20703,"nextlocationid":0,"currentstop":null,"nextstop":null,"laststop":null,"stopCoveredStatus":0,"heading":167,"lastrefreshon":"21-10-2024 14:19:21","lastreceiveddatetimeflag":0,"tripposition":3}]},{"routeid":2623,"stationid":29711,"stationname":"Bank Amruthahalli","from":"Sri Venkateshwara Nagara","to":"Kempegowda Bus Station","routeno":"286-E SVKTN-KBS","distance_on_station":3.515,"centerlat":13.06601,"centerlong":77.5983,"responsecode":200,"isnotify":0,"vehicleDetails":[{"vehicleid":20075,"vehiclenumber":"KA57F0014","servicetypeid":72,"servicetype":"Non AC/Ordinary","centerlat":12.989552,"centerlong":77.571915,"eta":"","sch_arrivaltime":"15:24","sch_departuretime":"15:24","actual_arrivaltime":"","actual_departuretime":"","sch_tripstarttime":"15:15","sch_tripendtime":"15:15","lastlocationid":0,"currentlocationid":20703,"nextlocationid":0,"currentstop":null,"nextstop":null,"laststop":null,"stopCoveredStatus":0,"heading":167,"lastrefreshon":"21-10-2024 14:19:21","lastreceiveddatetimeflag":0,"tripposition":3}]},{"routeid":2623,"stationid":35273,"stationname":"Byatarayanapura","from":"Sri Venkateshwara Nagara","to":"Kempegowda Bus Station","routeno":"286-E SVKTN-KBS","distance_on_station":4.103,"centerlat":13.06693,"centerlong":77.59337,"responsecode":200,"isnotify":0,"vehicleDetails":[{"vehicleid":20075,"vehiclenumber":"KA57F0014","servicetypeid":72,"servicetype":"Non AC/Ordinary","centerlat":12.989552,"centerlong":77.571915,"eta":"","sch_arrivaltime":"15:26","sch_departuretime":"15:26","actual_arrivaltime":"","actual_departuretime":"","sch_tripstarttime":"15:15","sch_tripendtime":"15:15","lastlocationid":0,"currentlocationid":20703,"nextlocationid":0,"currentstop":null,"nextstop":null,"laststop":null,"stopCoveredStatus":0,"heading":167,"lastrefreshon":"21-10-2024 14:19:21","lastreceiveddatetimeflag":0,"tripposition":3}]},{"routeid":2623,"stationid":35129,"stationname":"Kodigehalli Gate","from":"Sri Venkateshwara Nagara","to":"Kempegowda Bus Station","routeno":"286-E SVKTN-KBS","distance_on_station":5.168,"centerlat":13.05734,"centerlong":77.59362,"responsecode":200,"isnotify":0,"vehicleDetails":[{"vehicleid":20075,"vehiclenumber":"KA57F0014","servicetypeid":72,"servicetype":"Non AC/Ordinary","centerlat":12.989552,"centerlong":77.571915,"eta":"","sch_arrivaltime":"15:28","sch_departuretime":"15:28","actual_arrivaltime":"","actual_departuretime":"","sch_tripstarttime":"15:15","sch_tripendtime":"15:15","lastlocationid":0,"currentlocationid":20703,"nextlocationid":0,"currentstop":null,"nextstop":null,"laststop":null,"stopCoveredStatus":0,"heading":167,"lastrefreshon":"21-10-2024 14:19:21","lastreceiveddatetimeflag":0,"tripposition":3}]},{"routeid":2623,"stationid":28995,"stationname":"Military Dairy Farm (Esteem Mall)","from":"Sri Venkateshwara Nagara","to":"Kempegowda Bus Station","routeno":"286-E SVKTN-KBS","distance_on_station":5.995,"centerlat":13.04974,"centerlong":77.59287,"responsecode":200,"isnotify":0,"vehicleDetails":[{"vehicleid":20075,"vehiclenumber":"KA57F0014","servicetypeid":72,"servicetype":"Non AC/Ordinary","centerlat":12.989552,"centerlong":77.571915,"eta":"","sch_arrivaltime":"15:29","sch_departuretime":"15:29","actual_arrivaltime":"","actual_departuretime":"","sch_tripstarttime":"15:15","sch_tripendtime":"15:15","lastlocationid":0,"currentlocationid":20703,"nextlocationid":0,"currentstop":null,"nextstop":null,"laststop":null,"stopCoveredStatus":0,"heading":167,"lastrefreshon":"21-10-2024 14:19:21","lastreceiveddatetimeflag":0,"tripposition":3}]},{"routeid":2623,"stationid":37944,"stationname":"Hebbala Bridge","from":"Sri Venkateshwara Nagara","to":"Kempegowda Bus Station","routeno":"286-E SVKTN-KBS","distance_on_station":6.931,"centerlat":13.04294,"centerlong":77.59145,"responsecode":200,"isnotify":0,"vehicleDetails":[{"vehicleid":20075,"vehiclenumber":"KA57F0014","servicetypeid":72,"servicetype":"Non AC/Ordinary","centerlat":12.989552,"centerlong":77.571915,"eta":"","sch_arrivaltime":"15:33","sch_departuretime":"15:33","actual_arrivaltime":"","actual_departuretime":"","sch_tripstarttime":"15:15","sch_tripendtime":"15:15","lastlocationid":0,"currentlocationid":20703,"nextlocationid":0,"currentstop":null,"nextstop":null,"laststop":null,"stopCoveredStatus":0,"heading":167,"lastrefreshon":"21-10-2024 14:19:21","lastreceiveddatetimeflag":0,"tripposition":3}]},{"routeid":2623,"stationid":25816,"stationname":"Hebbala","from":"Sri Venkateshwara Nagara","to":"Kempegowda Bus Station","routeno":"286-E SVKTN-KBS","distance_on_station":7.847,"centerlat":13.03917,"centerlong":77.58951,"responsecode":200,"isnotify":0,"vehicleDetails":[{"vehicleid":20075,"vehiclenumber":"KA57F0014","servicetypeid":72,"servicetype":"Non AC/Ordinary","centerlat":12.989552,"centerlong":77.571915,"eta":"","sch_arrivaltime":"15:36","sch_departuretime":"15:36","actual_arrivaltime":"","actual_departuretime":"","sch_tripstarttime":"15:15","sch_tripendtime":"15:15","lastlocationid":0,"currentlocationid":20703,"nextlocationid":0,"currentstop":null,"nextstop":null,"laststop":null,"stopCoveredStatus":0,"heading":167,"lastrefreshon":"21-10-2024 14:19:21","lastreceiveddatetimeflag":0,"tripposition":3}]},{"routeid":2623,"stationid":20694,"stationname":"Canara Bank Hebbala","from":"Sri Venkateshwara Nagara","to":"Kempegowda Bus Station","routeno":"286-E SVKTN-KBS","distance_on_station":8.235,"centerlat":13.0357,"centerlong":77.58909,"responsecode":200,"isnotify":0,"vehicleDetails":[{"vehicleid":20075,"vehiclenumber":"KA57F0014","servicetypeid":72,"servicetype":"Non AC/Ordinary","centerlat":12.989552,"centerlong":77.571915,"eta":"","sch_arrivaltime":"15:37","sch_departuretime":"15:37","actual_arrivaltime":"","actual_departuretime":"","sch_tripstarttime":"15:15","sch_tripendtime":"15:15","lastlocationid":0,"currentlocationid":20703,"nextlocationid":0,"currentstop":null,"nextstop":null,"laststop":null,"stopCoveredStatus":0,"heading":167,"lastrefreshon":"21-10-2024 14:19:21","lastreceiveddatetimeflag":0,"tripposition":3}]},{"routeid":2623,"stationid":21253,"stationname":"Veterinary Hospital","from":"Sri Venkateshwara Nagara","to":"Kempegowda Bus Station","routeno":"286-E SVKTN-KBS","distance_on_station":8.903,"centerlat":13.03018,"centerlong":77.58697,"responsecode":200,"isnotify":0,"vehicleDetails":[{"vehicleid":20075,"vehiclenumber":"KA57F0014","servicetypeid":72,"servicetype":"Non AC/Ordinary","centerlat":12.989552,"centerlong":77.571915,"eta":"","sch_arrivaltime":"15:38","sch_departuretime":"15:38","actual_arrivaltime":"","actual_departuretime":"","sch_tripstarttime":"15:15","sch_tripendtime":"15:15","lastlocationid":0,"currentlocationid":20703,"nextlocationid":0,"currentstop":null,"nextstop":null,"laststop":null,"stopCoveredStatus":0,"heading":167,"lastrefreshon":"21-10-2024 14:19:21","lastreceiveddatetimeflag":0,"tripposition":3}]},{"routeid":2623,"stationid":20699,"stationname":"CBI","from":"Sri Venkateshwara Nagara","to":"Kempegowda Bus Station","routeno":"286-E SVKTN-KBS","distance_on_station":9.331,"centerlat":13.02653,"centerlong":77.58565,"responsecode":200,"isnotify":0,"vehicleDetails":[{"vehicleid":20075,"vehiclenumber":"KA57F0014","servicetypeid":72,"servicetype":"Non AC/Ordinary","centerlat":12.989552,"centerlong":77.571915,"eta":"","sch_arrivaltime":"15:39","sch_departuretime":"15:39","actual_arrivaltime":"","actual_departuretime":"","sch_tripstarttime":"15:15","sch_tripendtime":"15:15","lastlocationid":0,"currentlocationid":20703,"nextlocationid":0,"currentstop":null,"nextstop":null,"laststop":null,"stopCoveredStatus":0,"heading":167,"lastrefreshon":"21-10-2024 14:19:21","lastreceiveddatetimeflag":0,"tripposition":3}]},{"routeid":2623,"stationid":21018,"stationname":"Mekhri Circle","from":"Sri Venkateshwara Nagara","to":"Kempegowda Bus Station","routeno":"286-E SVKTN-KBS","distance_on_station":10.357,"centerlat":13.01756,"centerlong":77.584,"responsecode":200,"isnotify":0,"vehicleDetails":[{"vehicleid":20075,"vehiclenumber":"KA57F0014","servicetypeid":72,"servicetype":"Non AC/Ordinary","centerlat":12.989552,"centerlong":77.571915,"eta":"","sch_arrivaltime":"15:42","sch_departuretime":"15:42","actual_arrivaltime":"","actual_departuretime":"","sch_tripstarttime":"15:15","sch_tripendtime":"15:15","lastlocationid":0,"currentlocationid":20703,"nextlocationid":0,"currentstop":null,"nextstop":null,"laststop":null,"stopCoveredStatus":0,"heading":167,"lastrefreshon":"21-10-2024 14:19:21","lastreceiveddatetimeflag":0,"tripposition":3}]},{"routeid":2623,"stationid":21075,"stationname":"Palace Ground","from":"Sri Venkateshwara Nagara","to":"Kempegowda Bus Station","routeno":"286-E SVKTN-KBS","distance_on_station":11.123,"centerlat":13.01061,"centerlong":77.58399,"responsecode":200,"isnotify":0,"vehicleDetails":[{"vehicleid":20075,"vehiclenumber":"KA57F0014","servicetypeid":72,"servicetype":"Non AC/Ordinary","centerlat":12.989552,"centerlong":77.571915,"eta":"","sch_arrivaltime":"15:43","sch_departuretime":"15:43","actual_arrivaltime":"","actual_departuretime":"","sch_tripstarttime":"15:15","sch_tripendtime":"15:15","lastlocationid":0,"currentlocationid":20703,"nextlocationid":0,"currentstop":null,"nextstop":null,"laststop":null,"stopCoveredStatus":0,"heading":167,"lastrefreshon":"21-10-2024 14:19:21","lastreceiveddatetimeflag":0,"tripposition":3}]},{"routeid":2623,"stationid":21129,"stationname":"RM Guttahalli","from":"Sri Venkateshwara Nagara","to":"Kempegowda Bus Station","routeno":"286-E SVKTN-KBS","distance_on_station":12.288,"centerlat":13.00009,"centerlong":77.58425,"responsecode":200,"isnotify":0,"vehicleDetails":[{"vehicleid":20075,"vehiclenumber":"KA57F0014","servicetypeid":72,"servicetype":"Non AC/Ordinary","centerlat":12.989552,"centerlong":77.571915,"eta":"","sch_arrivaltime":"15:47","sch_departuretime":"15:47","actual_arrivaltime":"","actual_departuretime":"","sch_tripstarttime":"15:15","sch_tripendtime":"15:15","lastlocationid":0,"currentlocationid":20703,"nextlocationid":0,"currentstop":null,"nextstop":null,"laststop":null,"stopCoveredStatus":0,"heading":167,"lastrefreshon":"21-10-2024 14:19:21","lastreceiveddatetimeflag":0,"tripposition":3}]},{"routeid":2623,"stationid":21174,"stationname":"Shivananda Store","from":"Sri Venkateshwara Nagara","to":"Kempegowda Bus Station","routeno":"286-E SVKTN-KBS","distance_on_station":14.151,"centerlat":12.98666,"centerlong":77.57938,"responsecode":200,"isnotify":0,"vehicleDetails":[{"vehicleid":20075,"vehiclenumber":"KA57F0014","servicetypeid":72,"servicetype":"Non AC/Ordinary","centerlat":12.989552,"centerlong":77.571915,"eta":"","sch_arrivaltime":"15:54","sch_departuretime":"15:54","actual_arrivaltime":"","actual_departuretime":"","sch_tripstarttime":"15:15","sch_tripendtime":"15:15","lastlocationid":0,"currentlocationid":20703,"nextlocationid":0,"currentstop":null,"nextstop":null,"laststop":null,"stopCoveredStatus":0,"heading":167,"lastrefreshon":"21-10-2024 14:19:21","lastreceiveddatetimeflag":0,"tripposition":3}]},{"routeid":2623,"stationid":35303,"stationname":"Swastik Sheshadripuram College","from":"Sri Venkateshwara Nagara","to":"Kempegowda Bus Station","routeno":"286-E SVKTN-KBS","distance_on_station":14.778,"centerlat":12.98798,"centerlong":77.57422,"responsecode":200,"isnotify":0,"vehicleDetails":[{"vehicleid":20075,"vehiclenumber":"KA57F0014","servicetypeid":72,"servicetype":"Non AC/Ordinary","centerlat":12.989552,"centerlong":77.571915,"eta":"","sch_arrivaltime":"15:56","sch_departuretime":"15:56","actual_arrivaltime":"","actual_departuretime":"","sch_tripstarttime":"15:15","sch_tripendtime":"15:15","lastlocationid":0,"currentlocationid":20703,"nextlocationid":0,"currentstop":null,"nextstop":null,"laststop":null,"stopCoveredStatus":0,"heading":167,"lastrefreshon":"21-10-2024 14:19:21","lastreceiveddatetimeflag":0,"tripposition":3}]},{"routeid":2623,"stationid":20703,"stationname":"Central","from":"Sri Venkateshwara Nagara","to":"Kempegowda Bus Station","routeno":"286-E SVKTN-KBS","distance_on_station":15.127,"centerlat":12.9898,"centerlong":77.57204,"responsecode":200,"isnotify":0,"vehicleDetails":[{"vehicleid":20075,"vehiclenumber":"KA57F0014","servicetypeid":72,"servicetype":"Non AC/Ordinary","centerlat":12.989552,"centerlong":77.571915,"eta":"","sch_arrivaltime":"15:57","sch_departuretime":"15:57","actual_arrivaltime":"","actual_departuretime":"","sch_tripstarttime":"15:15","sch_tripendtime":"15:15","lastlocationid":0,"currentlocationid":20703,"nextlocationid":0,"currentstop":null,"nextstop":null,"laststop":null,"stopCoveredStatus":0,"heading":167,"lastrefreshon":"21-10-2024 14:19:21","lastreceiveddatetimeflag":0,"tripposition":3}]},{"routeid":2623,"stationid":20922,"stationname":"Kempegowda Bus Station","from":"Sri Venkateshwara Nagara","to":"Kempegowda Bus Station","routeno":"286-E SVKTN-KBS","distance_on_station":16.7,"centerlat":12.97749,"centerlong":77.57327,"responsecode":200,"isnotify":0,"vehicleDetails":[{"vehicleid":20075,"vehiclenumber":"KA57F0014","servicetypeid":72,"servicetype":"Non AC/Ordinary","centerlat":12.989552,"centerlong":77.571915,"eta":"","sch_arrivaltime":"16:03","sch_departuretime":"16:03","actual_arrivaltime":"","actual_departuretime":"","sch_tripstarttime":"15:15","sch_tripendtime":"15:15","lastlocationid":0,"currentlocationid":20703,"nextlocationid":0,"currentstop":null,"nextstop":null,"laststop":null,"stopCoveredStatus":0,"heading":167,"lastrefreshon":"21-10-2024 14:19:21","lastreceiveddatetimeflag":0,"tripposition":3}]}],"mapData":[{"vehicleid":20075,"vehiclenumber":"KA57F0014","servicetypeid":72,"servicetype":"Non AC/Ordinary","centerlat":12.989552,"centerlong":77.571915,"eta":"","sch_arrivaltime":"16:03","sch_departuretime":"16:03","actual_arrivaltime":"","actual_departuretime":"","sch_tripstarttime":"15:15","sch_tripendtime":"15:15","lastlocationid":0,"currentlocationid":20703,"nextlocationid":0,"currentstop":null,"nextstop":null,"laststop":null,"stopCoveredStatus":0,"heading":167,"lastrefreshon":"21-10-2024 14:19:21","lastreceiveddatetimeflag":0,"tripposition":3}]},"down":{"data":[],"mapData":[]},"message":"Success","issuccess":true,"exception":null,"rowCount":0,"responsecode":200}