{"up":{"data":[],"mapData":[]},"down":{"data":[{"routeid":7299,"stationid":22541,"stationname":"Thanisandra","from":"Thanisandra","to":"Shivajinagara Bus Station","routeno":"290","distance_on_station":0,"centerlat":13.05612,"centerlong":77.6329,"responsecode":200,"isnotify":0,"vehicleDetails":[{"vehicleid":27284,"vehiclenumber":"KA57F5885","servicetypeid":72,"servicetype":"Non AC/Ordinary","centerlat":0,"centerlong":0,"eta":"","sch_arrivaltime":"17:15","sch_departuretime":"17:15","actual_arrivaltime":"","actual_departuretime":"","sch_tripstarttime":"17:15","sch_tripendtime":"17:15","lastlocationid":0,"currentlocationid":21173,"nextlocationid":0,"currentstop":null,"nextstop":null,"laststop":null,"stopCoveredStatus":0,"heading":0,"lastrefreshon":"21-10-2024 14:19:13","lastreceiveddatetimeflag":0,"tripposition":3}]},{"routeid":7299,"stationid":21666,"stationname":"Ashwath Nagara","from":"Thanisandra","to":"Shivajinagara Bus Station","routeno":"290","distance_on_station":0.41,"centerlat":13.05289,"centerlong":77.63144,"responsecode":200,"isnotify":0,"vehicleDetails":[{"vehicleid":27284,"vehiclenumber":"KA57F5885","servicetypeid":72,"servicetype":"Non AC/Ordinary","centerlat":0,"centerlong":0,"eta":"","sch_arrivaltime":"17:16","sch_departuretime":"17:16","actual_arrivaltime":"","actual_departuretime":"","sch_tripstarttime":"17:15","sch_tripendtime":"17:15","lastlocationid":0,"currentlocationid":21173,"nextlocationid":0,"currentstop":null,"nextstop":null,"laststop":null,"stopCoveredStatus":0,"heading":0,"lastrefreshon":"21-10-2024 14:19:13","lastreceiveddatetimeflag":0,"tripposition":3}]},{"routeid":7299,"stationid":28167,"stationname":"Sarayipalya","from":"Thanisandra","to":"Shivajinagara Bus Station","routeno":"290","distance_on_station":1.074,"centerlat":13.04745,"centerlong":77.62868,"responsecode":200,"isnotify":0,"vehicleDetails":[{"vehicleid":27284,"vehiclenumber":"KA57F5885","servicetypeid":72,"servicetype":"Non AC/Ordinary","centerlat":0,"centerlong":0,"eta":"","sch_arrivaltime":"17:19","sch_departuretime":"17:19","actual_arrivaltime":"","actual_departuretime":"","sch_tripstarttime":"17:15","sch_tripendtime":"17:15","lastlocationid":0,"currentlocationid":21173,"nextlocationid":0,"currentstop":null,"nextstop":null,"laststop":null,"stopCoveredStatus":0,"heading":0,"lastrefreshon":"21-10-2024 14:19:13","lastreceiveddatetimeflag":0,"tripposition":3}]},{"routeid":7299,"stationid":22601,"stationname":"Vidyasagara","from":"Thanisandra","to":"Shivajinagara Bus Station","routeno":"290","distance_on_station":1.309,"centerlat":13.04559,"centerlong":77.62758,"responsecode":200,"isnotify":0,"vehicleDetails":[{"vehicleid":27284,"vehiclenumber":"KA57F5885","servicetypeid":72,"servicetype":"Non AC/Ordinary","centerlat":0,"centerlong":0,"eta":"","sch_arrivaltime":"17:20","sch_departuretime":"17:20","actual_arrivaltime":"","actual_departuretime":"","sch_tripstarttime":"17:15","sch_tripendtime":"17:15","lastlocationid":0,"currentlocationid":21173,"nextlocationid":0,"currentstop":null,"nextstop":null,"laststop":null,"stopCoveredStatus":0,"heading":0,"lastrefreshon":"21-10-2024 14:19:13","lastreceiveddatetimeflag":0,"tripposition":3}]},{"routeid":7299,"stationid":22382,"stationname":"Nagavara Junction Petrol Bunk","from":"Thanisandra","to":"Shivajinagara Bus Station","routeno":"290","distance_on_station":1.797,"centerlat":13.04189,"centerlong":77.62498,"responsecode":200,"isnotify":0,"vehicleDetails":[{"vehicleid":27284,"vehiclenumber":"KA57F5885","servicetypeid":72,"servicetype":"Non AC/Ordinary","centerlat":0,"centerlong":0,"eta":"","sch_arrivaltime":"17:22","sch_departuretime":"17:22","actual_arrivaltime":"","actual_departuretime":"","sch_tripstarttime":"17:15","sch_tripendtime":"17:15","lastlocationid":0,"currentlocationid":21173,"nextlocationid":0,"currentstop":null,"nextstop":null,"laststop":null,"stopCoveredStatus":0,"heading":0,"lastrefreshon":"21-10-2024 14:19:13","lastreceiveddatetimeflag":0,"tripposition":3}]},{"routeid":7299,"stationid":35838,"stationname":"Nagawara Junction","from":"Thanisandra","to":"Shivajinagara Bus Station","routeno":"290","distance_on_station":1.973,"centerlat":13.04042,"centerlong":77.62445,"responsecode":200,"isnotify":0,"vehicleDetails":[{"vehicleid":27284,"vehiclenumber":"KA57F5885","servicetypeid":72,"servicetype":"Non AC/Ordinary","centerlat":0,"centerlong":0,"eta":"","sch_arrivaltime":"17:23","sch_departuretime":"17:23","actual_arrivaltime":"","actual_departuretime":"","sch_tripstarttime":"17:15","sch_tripendtime":"17:15","lastlocationid":0,"currentlocationid":21173,"nextlocationid":0,"currentstop":null,"nextstop":null,"laststop":null,"stopCoveredStatus":0,"heading":0,"lastrefreshon":"21-10-2024 14:19:13","lastreceiveddatetimeflag":0,"tripposition":3}]},{"routeid":7299,"stationid":22327,"stationname":"Nagavara","from":"Thanisandra","to":"Shivajinagara Bus Station","routeno":"290","distance_on_station":2.217,"centerlat":13.03825,"centerlong":77.62352,"responsecode":200,"isnotify":0,"vehicleDetails":[{"vehicleid":27284,"vehiclenumber":"KA57F5885","servicetypeid":72,"servicetype":"Non AC/Ordinary","centerlat":0,"centerlong":0,"eta":"","sch_arrivaltime":"17:24","sch_departuretime":"17:24","actual_arrivaltime":"","actual_departuretime":"","sch_tripstarttime":"17:15","sch_tripendtime":"17:15","lastlocationid":0,"currentlocationid":21173,"nextlocationid":0,"currentstop":null,"nextstop":null,"laststop":null,"stopCoveredStatus":0,"heading":0,"lastrefreshon":"21-10-2024 14:19:13","lastreceiveddatetimeflag":0,"tripposition":3}]},{"routeid":7299,"stationid":21963,"stationname":"Glass Factory","from":"Thanisandra","to":"Shivajinagara Bus Station","routeno":"290","distance_on_station":2.666,"centerlat":13.03429,"centerlong":77.62277,"responsecode":200,"isnotify":0,"vehicleDetails":[{"vehicleid":27284,"vehiclenumber":"KA57F5885","servicetypeid":72,"servicetype":"Non AC/Ordinary","centerlat":0,"centerlong":0,"eta":"","sch_arrivaltime":"17:25","sch_departuretime":"17:25","actual_arrivaltime":"","actual_departuretime":"","sch_tripstarttime":"17:15","sch_tripendtime":"17:15","lastlocationid":0,"currentlocationid":21173,"nextlocationid":0,"currentstop":null,"nextstop":null,"laststop":null,"stopCoveredStatus":0,"heading":0,"lastrefreshon":"21-10-2024 14:19:13","lastreceiveddatetimeflag":0,"tripposition":3}]},{"routeid":7299,"stationid":21975,"stationname":"Govindapura Cross","from":"Thanisandra","to":"Shivajinagara Bus Station","routeno":"290","distance_on_station":2.871,"centerlat":13.03249,"centerlong":77.62209,"responsecode":200,"isnotify":0,"vehicleDetails":[{"vehicleid":27284,"vehiclenumber":"KA57F5885","servicetypeid":72,"servicetype":"Non AC/Ordinary","centerlat":0,"centerlong":0,"eta":"","sch_arrivaltime":"17:26","sch_departuretime":"17:26","actual_arrivaltime":"","actual_departuretime":"","sch_tripstarttime":"17:15","sch_tripendtime":"17:15","lastlocationid":0,"currentlocationid":21173,"nextlocationid":0,"currentstop":null,"nextstop":null,"laststop":null,"stopCoveredStatus":0,"heading":0,"lastrefreshon":"21-10-2024 14:19:13","lastreceiveddatetimeflag":0,"tripposition":3}]},{"routeid":7299,"stationid":21657,"stationname":"Arebic College","from":"Thanisandra","to":"Shivajinagara Bus Station","routeno":"290","distance_on_station":3.105,"centerlat":13.03049,"centerlong":77.62121,"responsecode":200,"isnotify":0,"vehicleDetails":[{"vehicleid":27284,"vehiclenumber":"KA57F5885","servicetypeid":72,"servicetype":"Non AC/Ordinary","centerlat":0,"centerlong":0,"eta":"","sch_arrivaltime":"17:27","sch_departuretime":"17:27","actual_arrivaltime":"","actual_departuretime":"","sch_tripstarttime":"17:15","sch_tripendtime":"17:15","lastlocationid":0,"currentlocationid":21173,"nextlocationid":0,"currentstop":null,"nextstop":null,"laststop":null,"stopCoveredStatus":0,"heading":0,"lastrefreshon":"21-10-2024 14:19:13","lastreceiveddatetimeflag":0,"tripposition":3}]},{"routeid":7299,"stationid":22173,"stationname":"Kadugondanahalli Railway Gate","from":"Thanisandra","to":"Shivajinagara Bus Station","routeno":"290","distance_on_station":3.613,"centerlat":13.02599,"centerlong":77.62003,"responsecode":200,"isnotify":0,"vehicleDetails":[{"vehicleid":27284,"vehiclenumber":"KA57F5885","servicetypeid":72,"servicetype":"Non AC/Ordinary","centerlat":0,"centerlong":0,"eta":"","sch_arrivaltime":"17:29","sch_departuretime":"17:29","actual_arrivaltime":"","actual_departuretime":"","sch_tripstarttime":"17:15","sch_tripendtime":"17:15","lastlocationid":0,"currentlocationid":21173,"nextlocationid":0,"currentstop":null,"nextstop":null,"laststop":null,"stopCoveredStatus":0,"heading":0,"lastrefreshon":"21-10-2024 14:19:13","lastreceiveddatetimeflag":0,"tripposition":3}]},{"routeid":7299,"stationid":22136,"stationname":"Kadugondanahalli Police Station","from":"Thanisandra","to":"Shivajinagara Bus Station","routeno":"290","distance_on_station":4.131,"centerlat":13.02128,"centerlong":77.61912,"responsecode":200,"isnotify":0,"vehicleDetails":[{"vehicleid":27284,"vehiclenumber":"KA57F5885","servicetypeid":72,"servicetype":"Non AC/Ordinary","centerlat":0,"centerlong":0,"eta":"","sch_arrivaltime":"17:31","sch_departuretime":"17:31","actual_arrivaltime":"","actual_departuretime":"","sch_tripstarttime":"17:15","sch_tripendtime":"17:15","lastlocationid":0,"currentlocationid":21173,"nextlocationid":0,"currentstop":null,"nextstop":null,"laststop":null,"stopCoveredStatus":0,"heading":0,"lastrefreshon":"21-10-2024 14:19:13","lastreceiveddatetimeflag":0,"tripposition":3}]},{"routeid":7299,"stationid":22597,"stationname":"Venkateshapura","from":"Thanisandra","to":"Shivajinagara Bus Station","routeno":"290","distance_on_station":4.775,"centerlat":13.0155,"centerlong":77.61762,"responsecode":200,"isnotify":0,"vehicleDetails":[{"vehicleid":27284,"vehiclenumber":"KA57F5885","servicetypeid":72,"servicetype":"Non AC/Ordinary","centerlat":0,"centerlong":0,"eta":"","sch_arrivaltime":"17:33","sch_departuretime":"17:33","actual_arrivaltime":"","actual_departuretime":"","sch_tripstarttime":"17:15","sch_tripendtime":"17:15","lastlocationid":0,"currentlocationid":21173,"nextlocationid":0,"currentstop":null,"nextstop":null,"laststop":null,"stopCoveredStatus":0,"heading":0,"lastrefreshon":"21-10-2024 14:19:13","lastreceiveddatetimeflag":0,"tripposition":3}]},{"routeid":7299,"stationid":22402,"stationname":"Postal and Telecom Colony","from":"Thanisandra","to":"Shivajinagara Bus Station","routeno":"290","distance_on_station":5.195,"centerlat":13.01201,"centerlong":77.61614,"responsecode":200,"isnotify":0,"vehicleDetails":[{"vehicleid":27284,"vehiclenumber":"KA57F5885","servicetypeid":72,"servicetype":"Non AC/Ordinary","centerlat":0,"centerlong":0,"eta":"","sch_arrivaltime":"17:34","sch_departuretime":"17:34","actual_arrivaltime":"","actual_departuretime":"","sch_tripstarttime":"17:15","sch_tripendtime":"17:15","lastlocationid":0,"currentlocationid":21173,"nextlocationid":0,"currentstop":null,"nextstop":null,"laststop":null,"stopCoveredStatus":0,"heading":0,"lastrefreshon":"21-10-2024 14:19:13","lastreceiveddatetimeflag":0,"tripposition":3}]},{"routeid":7299,"stationid":22319,"stationname":"Muslim Colony","from":"Thanisandra","to":"Shivajinagara Bus Station","routeno":"290","distance_on_station":5.342,"centerlat":13.01085,"centerlong":77.61541,"responsecode":200,"isnotify":0,"vehicleDetails":[{"vehicleid":27284,"vehiclenumber":"KA57F5885","servicetypeid":72,"servicetype":"Non AC/Ordinary","centerlat":0,"centerlong":0,"eta":"","sch_arrivaltime":"17:35","sch_departuretime":"17:35","actual_arrivaltime":"","actual_departuretime":"","sch_tripstarttime":"17:15","sch_tripendtime":"17:15","lastlocationid":0,"currentlocationid":21173,"nextlocationid":0,"currentstop":null,"nextstop":null,"laststop":null,"stopCoveredStatus":0,"heading":0,"lastrefreshon":"21-10-2024 14:19:13","lastreceiveddatetimeflag":0,"tripposition":3}]},{"routeid":7299,"stationid":22379,"stationname":"Periyar Nagara Circle","from":"Thanisandra","to":"Shivajinagara Bus Station","routeno":"290","distance_on_station":5.683,"centerlat":13.00853,"centerlong":77.61328,"responsecode":200,"isnotify":0,"vehicleDetails":[{"vehicleid":27284,"vehiclenumber":"KA57F5885","servicetypeid":72,"servicetype":"Non AC/Ordinary","centerlat":0,"centerlong":0,"eta":"","sch_arrivaltime":"17:37","sch_departuretime":"17:37","actual_arrivaltime":"","actual_departuretime":"","sch_tripstarttime":"17:15","sch_tripendtime":"17:15","lastlocationid":0,"currentlocationid":21173,"nextlocationid":0,"currentstop":null,"nextstop":null,"laststop":null,"stopCoveredStatus":0,"heading":0,"lastrefreshon":"21-10-2024 14:19:13","lastreceiveddatetimeflag":0,"tripposition":3}]},{"routeid":7299,"stationid":21802,"stationname":"Canara Bank Tannery Road","from":"Thanisandra","to":"Shivajinagara Bus Station","routeno":"290","distance_on_station":5.937,"centerlat":13.00625,"centerlong":77.61245,"responsecode":200,"isnotify":0,"vehicleDetails":[{"vehicleid":27284,"vehiclenumber":"KA57F5885","servicetypeid":72,"servicetype":"Non AC/Ordinary","centerlat":0,"centerlong":0,"eta":"","sch_arrivaltime":"17:38","sch_departuretime":"17:38","actual_arrivaltime":"","actual_departuretime":"","sch_tripstarttime":"17:15","sch_tripendtime":"17:15","lastlocationid":0,"currentlocationid":21173,"nextlocationid":0,"currentstop":null,"nextstop":null,"laststop":null,"stopCoveredStatus":0,"heading":0,"lastrefreshon":"21-10-2024 14:19:13","lastreceiveddatetimeflag":0,"tripposition":3}]},{"routeid":7299,"stationid":21911,"stationname":"Doddy","from":"Thanisandra","to":"Shivajinagara Bus Station","routeno":"290","distance_on_station":6.338,"centerlat":13.00266,"centerlong":77.61215,"responsecode":200,"isnotify":0,"vehicleDetails":[{"vehicleid":27284,"vehiclenumber":"KA57F5885","servicetypeid":72,"servicetype":"Non AC/Ordinary","centerlat":0,"centerlong":0,"eta":"","sch_arrivaltime":"17:41","sch_departuretime":"17:41","actual_arrivaltime":"","actual_departuretime":"","sch_tripstarttime":"17:15","sch_tripendtime":"17:15","lastlocationid":0,"currentlocationid":21173,"nextlocationid":0,"currentstop":null,"nextstop":null,"laststop":null,"stopCoveredStatus":0,"heading":0,"lastrefreshon":"21-10-2024 14:19:13","lastreceiveddatetimeflag":0,"tripposition":3}]},{"routeid":7299,"stationid":21943,"stationname":"Frazer Town","from":"Thanisandra","to":"Shivajinagara Bus Station","routeno":"290","distance_on_station":6.504,"centerlat":13.00115,"centerlong":77.61196,"responsecode":200,"isnotify":0,"vehicleDetails":[{"vehicleid":27284,"vehiclenumber":"KA57F5885","servicetypeid":72,"servicetype":"Non AC/Ordinary","centerlat":0,"centerlong":0,"eta":"","sch_arrivaltime":"17:42","sch_departuretime":"17:42","actual_arrivaltime":"","actual_departuretime":"","sch_tripstarttime":"17:15","sch_tripendtime":"17:15","lastlocationid":0,"currentlocationid":21173,"nextlocationid":0,"currentstop":null,"nextstop":null,"laststop":null,"stopCoveredStatus":0,"heading":0,"lastrefreshon":"21-10-2024 14:19:13","lastreceiveddatetimeflag":0,"tripposition":3}]},{"routeid":7299,"stationid":21857,"stationname":"Coles Park","from":"Thanisandra","to":"Shivajinagara Bus Station","routeno":"290","distance_on_station":7.304,"centerlat":12.99534,"centerlong":77.60829,"responsecode":200,"isnotify":0,"vehicleDetails":[{"vehicleid":27284,"vehiclenumber":"KA57F5885","servicetypeid":72,"servicetype":"Non AC/Ordinary","centerlat":0,"centerlong":0,"eta":"","sch_arrivaltime":"17:44","sch_departuretime":"17:44","actual_arrivaltime":"","actual_departuretime":"","sch_tripstarttime":"17:15","sch_tripendtime":"17:15","lastlocationid":0,"currentlocationid":21173,"nextlocationid":0,"currentstop":null,"nextstop":null,"laststop":null,"stopCoveredStatus":0,"heading":0,"lastrefreshon":"21-10-2024 14:19:13","lastreceiveddatetimeflag":0,"tripposition":3}]},{"routeid":7299,"stationid":21706,"stationname":"Bamboo Bazaar","from":"Thanisandra","to":"Shivajinagara Bus Station","routeno":"290","distance_on_station":8.222,"centerlat":12.99208,"centerlong":77.60402,"responsecode":200,"isnotify":0,"vehicleDetails":[{"vehicleid":27284,"vehiclenumber":"KA57F5885","servicetypeid":72,"servicetype":"Non AC/Ordinary","centerlat":0,"centerlong":0,"eta":"","sch_arrivaltime":"17:48","sch_departuretime":"17:48","actual_arrivaltime":"","actual_departuretime":"","sch_tripstarttime":"17:15","sch_tripendtime":"17:15","lastlocationid":0,"currentlocationid":21173,"nextlocationid":0,"currentstop":null,"nextstop":null,"laststop":null,"stopCoveredStatus":0,"heading":0,"lastrefreshon":"21-10-2024 14:19:13","lastreceiveddatetimeflag":0,"tripposition":3}]},{"routeid":7299,"stationid":21868,"stationname":"CSI Hospital","from":"Thanisandra","to":"Shivajinagara Bus Station","routeno":"290","distance_on_station":8.857,"centerlat":12.98983,"centerlong":77.59938,"responsecode":200,"isnotify":0,"vehicleDetails":[{"vehicleid":27284,"vehiclenumber":"KA57F5885","servicetypeid":72,"servicetype":"Non AC/Ordinary","centerlat":0,"centerlong":0,"eta":"","sch_arrivaltime":"17:50","sch_departuretime":"17:50","actual_arrivaltime":"","actual_departuretime":"","sch_tripstarttime":"17:15","sch_tripendtime":"17:15","lastlocationid":0,"currentlocationid":21173,"nextlocationid":0,"currentstop":null,"nextstop":null,"laststop":null,"stopCoveredStatus":0,"heading":0,"lastrefreshon":"21-10-2024 14:19:13","lastreceiveddatetimeflag":0,"tripposition":3}]},{"routeid":7299,"stationid":20855,"stationname":"Indian Express","from":"Thanisandra","to":"Shivajinagara Bus Station","routeno":"290","distance_on_station":9.609,"centerlat":12.98408,"centerlong":77.59827,"responsecode":200,"isnotify":0,"vehicleDetails":[{"vehicleid":27284,"vehiclenumber":"KA57F5885","servicetypeid":72,"servicetype":"Non AC/Ordinary","centerlat":0,"centerlong":0,"eta":"","sch_arrivaltime":"17:52","sch_departuretime":"17:52","actual_arrivaltime":"","actual_departuretime":"","sch_tripstarttime":"17:15","sch_tripendtime":"17:15","lastlocationid":0,"currentlocationid":21173,"nextlocationid":0,"currentstop":null,"nextstop":null,"laststop":null,"stopCoveredStatus":0,"heading":0,"lastrefreshon":"21-10-2024 14:19:13","lastreceiveddatetimeflag":0,"tripposition":3}]},{"routeid":7299,"stationid":21173,"stationname":"Shivajinagara Bus Station","from":"Thanisandra","to":"Shivajinagara Bus Station","routeno":"290","distance_on_station":10.4,"centerlat":12.98328,"centerlong":77.60304,"responsecode":200,"isnotify":0,"vehicleDetails":[{"vehicleid":27284,"vehiclenumber":"KA57F5885","servicetypeid":72,"servicetype":"Non AC/Ordinary","centerlat":0,"centerlong":0,"eta":"","sch_arrivaltime":"17:56","sch_departuretime":"17:56","actual_arrivaltime":"","actual_departuretime":"","sch_tripstarttime":"17:15","sch_tripendtime":"17:15","lastlocationid":0,"currentlocationid":21173,"nextlocationid":0,"currentstop":null,"nextstop":null,"laststop":null,"stopCoveredStatus":0,"heading":0,"lastrefreshon":"21-10-2024 14:19:13","lastreceiveddatetimeflag":0,"tripposition":3}]}],"mapData":[{"vehicleid":27284,"vehiclenumber":"KA57F5885","servicetypeid":72,"servicetype":"Non AC/Ordinary","centerlat":0,"centerlong":0,"eta":"","sch_arrivaltime":"17:56","sch_departuretime":"17:56","actual_arrivaltime":"","actual_departuretime":"","sch_tripstarttime":"17:15","sch_tripendtime":"17:15","lastlocationid":0,"currentlocationid":21173,"nextlocationid":0,"currentstop":null,"nextstop":null,"laststop":null,"stopCoveredStatus":0,"heading":0,"lastrefreshon":"21-10-2024 14:19:13","lastreceiveddatetimeflag":0,"tripposition":3}]},"message":"Success","issuccess":true,"exception":null,"rowCount":0,"responsecode":200}