{"up":{"data":[{"routeid":13508,"stationid":25068,"stationname":"Doddaballapura Bus Stand","from":"Doddaballapura Bus Stand","to":"Vijayapura Bus Stand Jangamakote","routeno":"298-W","distance_on_station":0,"centerlat":13.29346,"centerlong":77.54224,"responsecode":200,"isnotify":0,"vehicleDetails":[{"vehicleid":23243,"vehiclenumber":"KA53F0255","servicetypeid":72,"servicetype":"Non AC/Ordinary","centerlat":13.247107,"centerlong":77.717674,"eta":"","sch_arrivaltime":"14:00","sch_departuretime":"14:00","actual_arrivaltime":"","actual_departuretime":"","sch_tripstarttime":"14:00","sch_tripendtime":"14:00","lastlocationid":0,"currentlocationid":32461,"nextlocationid":0,"currentstop":null,"nextstop":null,"laststop":null,"stopCoveredStatus":0,"heading":124,"lastrefreshon":"29-07-2024 02:39:47","lastreceiveddatetimeflag":0,"tripposition":1}]},{"routeid":13508,"stationid":24749,"stationname":"D Cross Doddaballapura","from":"Doddaballapura Bus Stand","to":"Vijayapura Bus Stand Jangamakote","routeno":"298-W","distance_on_station":1.905,"centerlat":13.30659,"centerlong":77.54594,"responsecode":200,"isnotify":0,"vehicleDetails":[{"vehicleid":23243,"vehiclenumber":"KA53F0255","servicetypeid":72,"servicetype":"Non AC/Ordinary","centerlat":13.247107,"centerlong":77.717674,"eta":"","sch_arrivaltime":"14:04","sch_departuretime":"14:04","actual_arrivaltime":"","actual_departuretime":"","sch_tripstarttime":"14:00","sch_tripendtime":"14:00","lastlocationid":0,"currentlocationid":32461,"nextlocationid":0,"currentstop":null,"nextstop":null,"laststop":null,"stopCoveredStatus":0,"heading":124,"lastrefreshon":"29-07-2024 02:39:47","lastreceiveddatetimeflag":0,"tripposition":3}]},{"routeid":13508,"stationid":28436,"stationname":"L and T Factory Doddaballapura","from":"Doddaballapura Bus Stand","to":"Vijayapura Bus Stand Jangamakote","routeno":"298-W","distance_on_station":5.128,"centerlat":13.29227,"centerlong":77.56985,"responsecode":200,"isnotify":0,"vehicleDetails":[{"vehicleid":23243,"vehiclenumber":"KA53F0255","servicetypeid":72,"servicetype":"Non AC/Ordinary","centerlat":13.247107,"centerlong":77.717674,"eta":"","sch_arrivaltime":"14:08","sch_departuretime":"14:08","actual_arrivaltime":"","actual_departuretime":"","sch_tripstarttime":"14:00","sch_tripendtime":"14:00","lastlocationid":0,"currentlocationid":32461,"nextlocationid":0,"currentstop":null,"nextstop":null,"laststop":null,"stopCoveredStatus":0,"heading":124,"lastrefreshon":"29-07-2024 02:39:47","lastreceiveddatetimeflag":0,"tripposition":3}]},{"routeid":13508,"stationid":34835,"stationname":"Raghunathapura Doddaballapura","from":"Doddaballapura Bus Stand","to":"Vijayapura Bus Stand Jangamakote","routeno":"298-W","distance_on_station":6.059,"centerlat":13.28876,"centerlong":77.57717,"responsecode":200,"isnotify":0,"vehicleDetails":[{"vehicleid":23243,"vehiclenumber":"KA53F0255","servicetypeid":72,"servicetype":"Non AC/Ordinary","centerlat":13.247107,"centerlong":77.717674,"eta":"","sch_arrivaltime":"14:09","sch_departuretime":"14:09","actual_arrivaltime":"","actual_departuretime":"","sch_tripstarttime":"14:00","sch_tripendtime":"14:00","lastlocationid":0,"currentlocationid":32461,"nextlocationid":0,"currentstop":null,"nextstop":null,"laststop":null,"stopCoveredStatus":0,"heading":124,"lastrefreshon":"29-07-2024 02:39:47","lastreceiveddatetimeflag":0,"tripposition":3}]},{"routeid":13508,"stationid":29186,"stationname":"Nagadenahalli","from":"Doddaballapura Bus Stand","to":"Vijayapura Bus Stand Jangamakote","routeno":"298-W","distance_on_station":8.518,"centerlat":13.28511,"centerlong":77.59849,"responsecode":200,"isnotify":0,"vehicleDetails":[{"vehicleid":23243,"vehiclenumber":"KA53F0255","servicetypeid":72,"servicetype":"Non AC/Ordinary","centerlat":13.247107,"centerlong":77.717674,"eta":"","sch_arrivaltime":"14:12","sch_departuretime":"14:12","actual_arrivaltime":"","actual_departuretime":"","sch_tripstarttime":"14:00","sch_tripendtime":"14:00","lastlocationid":0,"currentlocationid":32461,"nextlocationid":0,"currentstop":null,"nextstop":null,"laststop":null,"stopCoveredStatus":0,"heading":124,"lastrefreshon":"29-07-2024 02:39:47","lastreceiveddatetimeflag":0,"tripposition":3}]},{"routeid":13508,"stationid":31938,"stationname":"Beerasandra Chapradakallu","from":"Doddaballapura Bus Stand","to":"Vijayapura Bus Stand Jangamakote","routeno":"298-W","distance_on_station":10.423,"centerlat":13.28152,"centerlong":77.61485,"responsecode":200,"isnotify":0,"vehicleDetails":[{"vehicleid":23243,"vehiclenumber":"KA53F0255","servicetypeid":72,"servicetype":"Non AC/Ordinary","centerlat":13.247107,"centerlong":77.717674,"eta":"","sch_arrivaltime":"14:14","sch_departuretime":"14:14","actual_arrivaltime":"","actual_departuretime":"","sch_tripstarttime":"14:00","sch_tripendtime":"14:00","lastlocationid":0,"currentlocationid":32461,"nextlocationid":0,"currentstop":null,"nextstop":null,"laststop":null,"stopCoveredStatus":0,"heading":124,"lastrefreshon":"29-07-2024 02:39:47","lastreceiveddatetimeflag":0,"tripposition":3}]},{"routeid":13508,"stationid":29830,"stationname":"Chapradakallu","from":"Doddaballapura Bus Stand","to":"Vijayapura Bus Stand Jangamakote","routeno":"298-W","distance_on_station":11.647,"centerlat":13.27924,"centerlong":77.62536,"responsecode":200,"isnotify":0,"vehicleDetails":[{"vehicleid":23243,"vehiclenumber":"KA53F0255","servicetypeid":72,"servicetype":"Non AC/Ordinary","centerlat":13.247107,"centerlong":77.717674,"eta":"","sch_arrivaltime":"14:15","sch_departuretime":"14:15","actual_arrivaltime":"","actual_departuretime":"","sch_tripstarttime":"14:00","sch_tripendtime":"14:00","lastlocationid":0,"currentlocationid":32461,"nextlocationid":0,"currentstop":null,"nextstop":null,"laststop":null,"stopCoveredStatus":0,"heading":124,"lastrefreshon":"29-07-2024 02:39:47","lastreceiveddatetimeflag":0,"tripposition":3}]},{"routeid":13508,"stationid":34861,"stationname":"Vishwanathapura","from":"Doddaballapura Bus Stand","to":"Vijayapura Bus Stand Jangamakote","routeno":"298-W","distance_on_station":14.452,"centerlat":13.27199,"centerlong":77.64898,"responsecode":200,"isnotify":0,"vehicleDetails":[{"vehicleid":23243,"vehiclenumber":"KA53F0255","servicetypeid":72,"servicetype":"Non AC/Ordinary","centerlat":13.247107,"centerlong":77.717674,"eta":"","sch_arrivaltime":"14:18","sch_departuretime":"14:18","actual_arrivaltime":"","actual_departuretime":"","sch_tripstarttime":"14:00","sch_tripendtime":"14:00","lastlocationid":0,"currentlocationid":32461,"nextlocationid":0,"currentstop":null,"nextstop":null,"laststop":null,"stopCoveredStatus":0,"heading":124,"lastrefreshon":"29-07-2024 02:39:47","lastreceiveddatetimeflag":0,"tripposition":3}]},{"routeid":13508,"stationid":34636,"stationname":"Solur Gate","from":"Doddaballapura Bus Stand","to":"Vijayapura Bus Stand Jangamakote","routeno":"298-W","distance_on_station":15.31,"centerlat":13.27013,"centerlong":77.65629,"responsecode":200,"isnotify":0,"vehicleDetails":[{"vehicleid":23243,"vehiclenumber":"KA53F0255","servicetypeid":72,"servicetype":"Non AC/Ordinary","centerlat":13.247107,"centerlong":77.717674,"eta":"","sch_arrivaltime":"14:19","sch_departuretime":"14:19","actual_arrivaltime":"","actual_departuretime":"","sch_tripstarttime":"14:00","sch_tripendtime":"14:00","lastlocationid":0,"currentlocationid":32461,"nextlocationid":0,"currentstop":null,"nextstop":null,"laststop":null,"stopCoveredStatus":0,"heading":124,"lastrefreshon":"29-07-2024 02:39:47","lastreceiveddatetimeflag":0,"tripposition":3}]},{"routeid":13508,"stationid":27600,"stationname":"Pandurangapura","from":"Doddaballapura Bus Stand","to":"Vijayapura Bus Stand Jangamakote","routeno":"298-W","distance_on_station":15.802,"centerlat":13.2695,"centerlong":77.66056,"responsecode":200,"isnotify":0,"vehicleDetails":[{"vehicleid":23243,"vehiclenumber":"KA53F0255","servicetypeid":72,"servicetype":"Non AC/Ordinary","centerlat":13.247107,"centerlong":77.717674,"eta":"","sch_arrivaltime":"14:20","sch_departuretime":"14:20","actual_arrivaltime":"","actual_departuretime":"","sch_tripstarttime":"14:00","sch_tripendtime":"14:00","lastlocationid":0,"currentlocationid":32461,"nextlocationid":0,"currentstop":null,"nextstop":null,"laststop":null,"stopCoveredStatus":0,"heading":124,"lastrefreshon":"29-07-2024 02:39:47","lastreceiveddatetimeflag":0,"tripposition":3}]},{"routeid":13508,"stationid":34537,"stationname":"Shettarahalli Cross","from":"Doddaballapura Bus Stand","to":"Vijayapura Bus Stand Jangamakote","routeno":"298-W","distance_on_station":17.633,"centerlat":13.26652,"centerlong":77.67638,"responsecode":200,"isnotify":0,"vehicleDetails":[{"vehicleid":23243,"vehiclenumber":"KA53F0255","servicetypeid":72,"servicetype":"Non AC/Ordinary","centerlat":13.247107,"centerlong":77.717674,"eta":"","sch_arrivaltime":"14:22","sch_departuretime":"14:22","actual_arrivaltime":"","actual_departuretime":"","sch_tripstarttime":"14:00","sch_tripendtime":"14:00","lastlocationid":0,"currentlocationid":32461,"nextlocationid":0,"currentstop":null,"nextstop":null,"laststop":null,"stopCoveredStatus":0,"heading":124,"lastrefreshon":"29-07-2024 02:39:47","lastreceiveddatetimeflag":0,"tripposition":3}]},{"routeid":13508,"stationid":30175,"stationname":"Bommawara Gate","from":"Doddaballapura Bus Stand","to":"Vijayapura Bus Stand Jangamakote","routeno":"298-W","distance_on_station":17.759,"centerlat":13.26641,"centerlong":77.67758,"responsecode":200,"isnotify":0,"vehicleDetails":[{"vehicleid":23243,"vehiclenumber":"KA53F0255","servicetypeid":72,"servicetype":"Non AC/Ordinary","centerlat":13.247107,"centerlong":77.717674,"eta":"","sch_arrivaltime":"14:23","sch_departuretime":"14:23","actual_arrivaltime":"","actual_departuretime":"","sch_tripstarttime":"14:00","sch_tripendtime":"14:00","lastlocationid":0,"currentlocationid":32461,"nextlocationid":0,"currentstop":null,"nextstop":null,"laststop":null,"stopCoveredStatus":0,"heading":124,"lastrefreshon":"29-07-2024 02:39:47","lastreceiveddatetimeflag":0,"tripposition":3}]},{"routeid":13508,"stationid":32564,"stationname":"Dorekavalu","from":"Doddaballapura Bus Stand","to":"Vijayapura Bus Stand Jangamakote","routeno":"298-W","distance_on_station":18.868,"centerlat":13.26215,"centerlong":77.68632,"responsecode":200,"isnotify":0,"vehicleDetails":[{"vehicleid":23243,"vehiclenumber":"KA53F0255","servicetypeid":72,"servicetype":"Non AC/Ordinary","centerlat":13.247107,"centerlong":77.717674,"eta":"","sch_arrivaltime":"14:24","sch_departuretime":"14:24","actual_arrivaltime":"","actual_departuretime":"","sch_tripstarttime":"14:00","sch_tripendtime":"14:00","lastlocationid":0,"currentlocationid":32461,"nextlocationid":0,"currentstop":null,"nextstop":null,"laststop":null,"stopCoveredStatus":0,"heading":124,"lastrefreshon":"29-07-2024 02:39:47","lastreceiveddatetimeflag":0,"tripposition":3}]},{"routeid":13508,"stationid":28187,"stationname":"Savukanahalli Gate","from":"Doddaballapura Bus Stand","to":"Vijayapura Bus Stand Jangamakote","routeno":"298-W","distance_on_station":19.977,"centerlat":13.25813,"centerlong":77.69537,"responsecode":200,"isnotify":0,"vehicleDetails":[{"vehicleid":23243,"vehiclenumber":"KA53F0255","servicetypeid":72,"servicetype":"Non AC/Ordinary","centerlat":13.247107,"centerlong":77.717674,"eta":"","sch_arrivaltime":"14:25","sch_departuretime":"14:25","actual_arrivaltime":"","actual_departuretime":"","sch_tripstarttime":"14:00","sch_tripendtime":"14:00","lastlocationid":0,"currentlocationid":32461,"nextlocationid":0,"currentstop":null,"nextstop":null,"laststop":null,"stopCoveredStatus":0,"heading":124,"lastrefreshon":"29-07-2024 02:39:47","lastreceiveddatetimeflag":0,"tripposition":3}]},{"routeid":13508,"stationid":33526,"stationname":"Kodimanchanahalli Gate","from":"Doddaballapura Bus Stand","to":"Vijayapura Bus Stand Jangamakote","routeno":"298-W","distance_on_station":20.385,"centerlat":13.25781,"centerlong":77.69881,"responsecode":200,"isnotify":0,"vehicleDetails":[{"vehicleid":23243,"vehiclenumber":"KA53F0255","servicetypeid":72,"servicetype":"Non AC/Ordinary","centerlat":13.247107,"centerlong":77.717674,"eta":"","sch_arrivaltime":"14:26","sch_departuretime":"14:26","actual_arrivaltime":"","actual_departuretime":"","sch_tripstarttime":"14:00","sch_tripendtime":"14:00","lastlocationid":0,"currentlocationid":32461,"nextlocationid":0,"currentstop":null,"nextstop":null,"laststop":null,"stopCoveredStatus":0,"heading":124,"lastrefreshon":"29-07-2024 02:39:47","lastreceiveddatetimeflag":0,"tripposition":3}]},{"routeid":13508,"stationid":27402,"stationname":"Neeleri Gate","from":"Doddaballapura Bus Stand","to":"Vijayapura Bus Stand Jangamakote","routeno":"298-W","distance_on_station":21.254,"centerlat":13.25862,"centerlong":77.70601,"responsecode":200,"isnotify":0,"vehicleDetails":[{"vehicleid":23243,"vehiclenumber":"KA53F0255","servicetypeid":72,"servicetype":"Non AC/Ordinary","centerlat":13.247107,"centerlong":77.717674,"eta":"","sch_arrivaltime":"14:27","sch_departuretime":"14:27","actual_arrivaltime":"","actual_departuretime":"","sch_tripstarttime":"14:00","sch_tripendtime":"14:00","lastlocationid":0,"currentlocationid":32461,"nextlocationid":0,"currentstop":null,"nextstop":null,"laststop":null,"stopCoveredStatus":0,"heading":124,"lastrefreshon":"29-07-2024 02:39:47","lastreceiveddatetimeflag":0,"tripposition":3}]},{"routeid":13508,"stationid":27620,"stationname":"Parvatapura Devanahalli","from":"Doddaballapura Bus Stand","to":"Vijayapura Bus Stand Jangamakote","routeno":"298-W","distance_on_station":21.976,"centerlat":13.25752,"centerlong":77.712,"responsecode":200,"isnotify":0,"vehicleDetails":[{"vehicleid":23243,"vehiclenumber":"KA53F0255","servicetypeid":72,"servicetype":"Non AC/Ordinary","centerlat":13.247107,"centerlong":77.717674,"eta":"","sch_arrivaltime":"14:28","sch_departuretime":"14:28","actual_arrivaltime":"","actual_departuretime":"","sch_tripstarttime":"14:00","sch_tripendtime":"14:00","lastlocationid":0,"currentlocationid":32461,"nextlocationid":0,"currentstop":null,"nextstop":null,"laststop":null,"stopCoveredStatus":0,"heading":124,"lastrefreshon":"29-07-2024 02:39:47","lastreceiveddatetimeflag":0,"tripposition":3}]},{"routeid":13508,"stationid":34877,"stationname":"Vijayapura Cross","from":"Doddaballapura Bus Stand","to":"Vijayapura Bus Stand Jangamakote","routeno":"298-W","distance_on_station":22.583,"centerlat":13.25686,"centerlong":77.7173,"responsecode":200,"isnotify":0,"vehicleDetails":[{"vehicleid":23243,"vehiclenumber":"KA53F0255","servicetypeid":72,"servicetype":"Non AC/Ordinary","centerlat":13.247107,"centerlong":77.717674,"eta":"","sch_arrivaltime":"14:29","sch_departuretime":"14:29","actual_arrivaltime":"","actual_departuretime":"","sch_tripstarttime":"14:00","sch_tripendtime":"14:00","lastlocationid":0,"currentlocationid":32461,"nextlocationid":0,"currentstop":null,"nextstop":null,"laststop":null,"stopCoveredStatus":0,"heading":124,"lastrefreshon":"29-07-2024 02:39:47","lastreceiveddatetimeflag":0,"tripposition":3}]},{"routeid":13508,"stationid":32461,"stationname":"Devanahalli Old Bus Stand","from":"Doddaballapura Bus Stand","to":"Vijayapura Bus Stand Jangamakote","routeno":"298-W","distance_on_station":23.818,"centerlat":13.24853,"centerlong":77.71547,"responsecode":200,"isnotify":0,"vehicleDetails":[{"vehicleid":23243,"vehiclenumber":"KA53F0255","servicetypeid":72,"servicetype":"Non AC/Ordinary","centerlat":13.247107,"centerlong":77.717674,"eta":"","sch_arrivaltime":"14:32","sch_departuretime":"14:32","actual_arrivaltime":"","actual_departuretime":"","sch_tripstarttime":"14:00","sch_tripendtime":"14:00","lastlocationid":0,"currentlocationid":32461,"nextlocationid":0,"currentstop":null,"nextstop":null,"laststop":null,"stopCoveredStatus":0,"heading":124,"lastrefreshon":"29-07-2024 02:39:47","lastreceiveddatetimeflag":0,"tripposition":3}]},{"routeid":13508,"stationid":31600,"stationname":"Vijayapura Cross","from":"Doddaballapura Bus Stand","to":"Vijayapura Bus Stand Jangamakote","routeno":"298-W","distance_on_station":24.802,"centerlat":13.25678,"centerlong":77.71718,"responsecode":200,"isnotify":0,"vehicleDetails":[{"vehicleid":23243,"vehiclenumber":"KA53F0255","servicetypeid":72,"servicetype":"Non AC/Ordinary","centerlat":13.247107,"centerlong":77.717674,"eta":"","sch_arrivaltime":"14:33","sch_departuretime":"14:33","actual_arrivaltime":"","actual_departuretime":"","sch_tripstarttime":"14:00","sch_tripendtime":"14:00","lastlocationid":0,"currentlocationid":32461,"nextlocationid":0,"currentstop":null,"nextstop":null,"laststop":null,"stopCoveredStatus":0,"heading":124,"lastrefreshon":"29-07-2024 02:39:47","lastreceiveddatetimeflag":0,"tripposition":3}]},{"routeid":13508,"stationid":32457,"stationname":"Devanahalli Govt Hospital","from":"Doddaballapura Bus Stand","to":"Vijayapura Bus Stand Jangamakote","routeno":"298-W","distance_on_station":25.911,"centerlat":13.25751,"centerlong":77.72657,"responsecode":200,"isnotify":0,"vehicleDetails":[{"vehicleid":23243,"vehiclenumber":"KA53F0255","servicetypeid":72,"servicetype":"Non AC/Ordinary","centerlat":13.247107,"centerlong":77.717674,"eta":"","sch_arrivaltime":"14:34","sch_departuretime":"14:34","actual_arrivaltime":"","actual_departuretime":"","sch_tripstarttime":"14:00","sch_tripendtime":"14:00","lastlocationid":0,"currentlocationid":32461,"nextlocationid":0,"currentstop":null,"nextstop":null,"laststop":null,"stopCoveredStatus":0,"heading":124,"lastrefreshon":"29-07-2024 02:39:47","lastreceiveddatetimeflag":0,"tripposition":3}]},{"routeid":13508,"stationid":25052,"stationname":"Brigade Atmosphere","from":"Doddaballapura Bus Stand","to":"Vijayapura Bus Stand Jangamakote","routeno":"298-W","distance_on_station":27.617,"centerlat":13.26543,"centerlong":77.73925,"responsecode":200,"isnotify":0,"vehicleDetails":[{"vehicleid":23243,"vehiclenumber":"KA53F0255","servicetypeid":72,"servicetype":"Non AC/Ordinary","centerlat":13.247107,"centerlong":77.717674,"eta":"","sch_arrivaltime":"14:36","sch_departuretime":"14:36","actual_arrivaltime":"","actual_departuretime":"","sch_tripstarttime":"14:00","sch_tripendtime":"14:00","lastlocationid":0,"currentlocationid":32461,"nextlocationid":0,"currentstop":null,"nextstop":null,"laststop":null,"stopCoveredStatus":0,"heading":124,"lastrefreshon":"29-07-2024 02:39:47","lastreceiveddatetimeflag":0,"tripposition":3}]},{"routeid":13508,"stationid":22827,"stationname":"Kurubarakunte Cross (Narsari)","from":"Doddaballapura Bus Stand","to":"Vijayapura Bus Stand Jangamakote","routeno":"298-W","distance_on_station":27.91,"centerlat":13.26679,"centerlong":77.74136,"responsecode":200,"isnotify":0,"vehicleDetails":[{"vehicleid":23243,"vehiclenumber":"KA53F0255","servicetypeid":72,"servicetype":"Non AC/Ordinary","centerlat":13.247107,"centerlong":77.717674,"eta":"","sch_arrivaltime":"14:37","sch_departuretime":"14:37","actual_arrivaltime":"","actual_departuretime":"","sch_tripstarttime":"14:00","sch_tripendtime":"14:00","lastlocationid":0,"currentlocationid":32461,"nextlocationid":0,"currentstop":null,"nextstop":null,"laststop":null,"stopCoveredStatus":0,"heading":124,"lastrefreshon":"29-07-2024 02:39:47","lastreceiveddatetimeflag":0,"tripposition":3}]},{"routeid":13508,"stationid":38396,"stationname":"Chatra (Yeliyuru Gate)","from":"Doddaballapura Bus Stand","to":"Vijayapura Bus Stand Jangamakote","routeno":"298-W","distance_on_station":30.212,"centerlat":13.27744,"centerlong":77.75845,"responsecode":200,"isnotify":0,"vehicleDetails":[{"vehicleid":23243,"vehiclenumber":"KA53F0255","servicetypeid":72,"servicetype":"Non AC/Ordinary","centerlat":13.247107,"centerlong":77.717674,"eta":"","sch_arrivaltime":"14:39","sch_departuretime":"14:39","actual_arrivaltime":"","actual_departuretime":"","sch_tripstarttime":"14:00","sch_tripendtime":"14:00","lastlocationid":0,"currentlocationid":32461,"nextlocationid":0,"currentstop":null,"nextstop":null,"laststop":null,"stopCoveredStatus":0,"heading":124,"lastrefreshon":"29-07-2024 02:39:47","lastreceiveddatetimeflag":0,"tripposition":3}]},{"routeid":13508,"stationid":32781,"stationname":"Chikka Tattamangala Gate","from":"Doddaballapura Bus Stand","to":"Vijayapura Bus Stand Jangamakote","routeno":"298-W","distance_on_station":30.243,"centerlat":13.28017,"centerlong":77.76282,"responsecode":200,"isnotify":0,"vehicleDetails":[{"vehicleid":23243,"vehiclenumber":"KA53F0255","servicetypeid":72,"servicetype":"Non AC/Ordinary","centerlat":13.247107,"centerlong":77.717674,"eta":"","sch_arrivaltime":"14:40","sch_departuretime":"14:40","actual_arrivaltime":"","actual_departuretime":"","sch_tripstarttime":"14:00","sch_tripendtime":"14:00","lastlocationid":0,"currentlocationid":32461,"nextlocationid":0,"currentstop":null,"nextstop":null,"laststop":null,"stopCoveredStatus":0,"heading":124,"lastrefreshon":"29-07-2024 02:39:47","lastreceiveddatetimeflag":0,"tripposition":3}]},{"routeid":13508,"stationid":32288,"stationname":"Guduvanahalli Gate","from":"Doddaballapura Bus Stand","to":"Vijayapura Bus Stand Jangamakote","routeno":"298-W","distance_on_station":30.871,"centerlat":13.28072,"centerlong":77.76369,"responsecode":200,"isnotify":0,"vehicleDetails":[{"vehicleid":23243,"vehiclenumber":"KA53F0255","servicetypeid":72,"servicetype":"Non AC/Ordinary","centerlat":13.247107,"centerlong":77.717674,"eta":"","sch_arrivaltime":"14:41","sch_departuretime":"14:41","actual_arrivaltime":"","actual_departuretime":"","sch_tripstarttime":"14:00","sch_tripendtime":"14:00","lastlocationid":0,"currentlocationid":32461,"nextlocationid":0,"currentstop":null,"nextstop":null,"laststop":null,"stopCoveredStatus":0,"heading":124,"lastrefreshon":"29-07-2024 02:39:47","lastreceiveddatetimeflag":0,"tripposition":3}]},{"routeid":13508,"stationid":32406,"stationname":"Dargha","from":"Doddaballapura Bus Stand","to":"Vijayapura Bus Stand Jangamakote","routeno":"298-W","distance_on_station":33.1,"centerlat":13.28746,"centerlong":77.77446,"responsecode":200,"isnotify":0,"vehicleDetails":[{"vehicleid":23243,"vehiclenumber":"KA53F0255","servicetypeid":72,"servicetype":"Non AC/Ordinary","centerlat":13.247107,"centerlong":77.717674,"eta":"","sch_arrivaltime":"14:44","sch_departuretime":"14:44","actual_arrivaltime":"","actual_departuretime":"","sch_tripstarttime":"14:00","sch_tripendtime":"14:00","lastlocationid":0,"currentlocationid":32461,"nextlocationid":0,"currentstop":null,"nextstop":null,"laststop":null,"stopCoveredStatus":0,"heading":124,"lastrefreshon":"29-07-2024 02:39:47","lastreceiveddatetimeflag":0,"tripposition":3}]},{"routeid":13508,"stationid":34549,"stationname":"Shivagiri Choultry Vijyapura","from":"Doddaballapura Bus Stand","to":"Vijayapura Bus Stand Jangamakote","routeno":"298-W","distance_on_station":34.44,"centerlat":13.29467,"centerlong":77.79103,"responsecode":200,"isnotify":0,"vehicleDetails":[{"vehicleid":23243,"vehiclenumber":"KA53F0255","servicetypeid":72,"servicetype":"Non AC/Ordinary","centerlat":13.247107,"centerlong":77.717674,"eta":"","sch_arrivaltime":"14:45","sch_departuretime":"14:45","actual_arrivaltime":"","actual_departuretime":"","sch_tripstarttime":"14:00","sch_tripendtime":"14:00","lastlocationid":0,"currentlocationid":32461,"nextlocationid":0,"currentstop":null,"nextstop":null,"laststop":null,"stopCoveredStatus":0,"heading":124,"lastrefreshon":"29-07-2024 02:39:47","lastreceiveddatetimeflag":0,"tripposition":3}]},{"routeid":13508,"stationid":32752,"stationname":"Govt Hospital Vijayapura","from":"Doddaballapura Bus Stand","to":"Vijayapura Bus Stand Jangamakote","routeno":"298-W","distance_on_station":34.774,"centerlat":13.29565,"centerlong":77.79376,"responsecode":200,"isnotify":0,"vehicleDetails":[{"vehicleid":23243,"vehiclenumber":"KA53F0255","servicetypeid":72,"servicetype":"Non AC/Ordinary","centerlat":13.247107,"centerlong":77.717674,"eta":"","sch_arrivaltime":"14:46","sch_departuretime":"14:46","actual_arrivaltime":"","actual_departuretime":"","sch_tripstarttime":"14:00","sch_tripendtime":"14:00","lastlocationid":0,"currentlocationid":32461,"nextlocationid":0,"currentstop":null,"nextstop":null,"laststop":null,"stopCoveredStatus":0,"heading":124,"lastrefreshon":"29-07-2024 02:39:47","lastreceiveddatetimeflag":0,"tripposition":3}]},{"routeid":13508,"stationid":33972,"stationname":"Muncipal Office Vijayapura","from":"Doddaballapura Bus Stand","to":"Vijayapura Bus Stand Jangamakote","routeno":"298-W","distance_on_station":35.517,"centerlat":13.29605,"centerlong":77.80025,"responsecode":200,"isnotify":0,"vehicleDetails":[{"vehicleid":23243,"vehiclenumber":"KA53F0255","servicetypeid":72,"servicetype":"Non AC/Ordinary","centerlat":13.247107,"centerlong":77.717674,"eta":"","sch_arrivaltime":"14:47","sch_departuretime":"14:47","actual_arrivaltime":"","actual_departuretime":"","sch_tripstarttime":"14:00","sch_tripendtime":"14:00","lastlocationid":0,"currentlocationid":32461,"nextlocationid":0,"currentstop":null,"nextstop":null,"laststop":null,"stopCoveredStatus":0,"heading":124,"lastrefreshon":"29-07-2024 02:39:47","lastreceiveddatetimeflag":0,"tripposition":3}]},{"routeid":13508,"stationid":22609,"stationname":"Vijayapura Bus Stand Jangamakote","from":"Doddaballapura Bus Stand","to":"Vijayapura Bus Stand Jangamakote","routeno":"298-W","distance_on_station":35.8,"centerlat":13.29499,"centerlong":77.80215,"responsecode":200,"isnotify":0,"vehicleDetails":[{"vehicleid":23243,"vehiclenumber":"KA53F0255","servicetypeid":72,"servicetype":"Non AC/Ordinary","centerlat":13.247107,"centerlong":77.717674,"eta":"","sch_arrivaltime":"14:48","sch_departuretime":"14:48","actual_arrivaltime":"","actual_departuretime":"","sch_tripstarttime":"14:00","sch_tripendtime":"14:00","lastlocationid":0,"currentlocationid":32461,"nextlocationid":0,"currentstop":null,"nextstop":null,"laststop":null,"stopCoveredStatus":0,"heading":124,"lastrefreshon":"29-07-2024 02:39:47","lastreceiveddatetimeflag":0,"tripposition":1}]}],"mapData":[{"vehicleid":23243,"vehiclenumber":"KA53F0255","servicetypeid":72,"servicetype":"Non AC/Ordinary","centerlat":13.247107,"centerlong":77.717674,"eta":"","sch_arrivaltime":"14:48","sch_departuretime":"14:48","actual_arrivaltime":"","actual_departuretime":"","sch_tripstarttime":"14:00","sch_tripendtime":"14:00","lastlocationid":0,"currentlocationid":32461,"nextlocationid":0,"currentstop":null,"nextstop":null,"laststop":null,"stopCoveredStatus":0,"heading":124,"lastrefreshon":"29-07-2024 02:39:47","lastreceiveddatetimeflag":0,"tripposition":1}]},"down":{"data":[],"mapData":[]},"message":"Success","issuccess":true,"exception":null,"rowCount":0,"responsecode":200}