{"up":{"data":[{"routeid":5337,"stationid":20921,"stationname":"Kempegowda Bus Station","from":"Kempegowda Bus Station","to":"Babusabpalya 302","routeno":"302-F","distance_on_station":0,"centerlat":12.97751,"centerlong":77.57141,"responsecode":200,"isnotify":0,"vehicleDetails":[{"vehicleid":21244,"vehiclenumber":"KA57F2270","servicetypeid":72,"servicetype":"Non AC/Ordinary","centerlat":13.001595,"centerlong":77.683464,"eta":"","sch_arrivaltime":"21:30","sch_departuretime":"21:30","actual_arrivaltime":"","actual_departuretime":"","sch_tripstarttime":"21:30","sch_tripendtime":"21:30","lastlocationid":0,"currentlocationid":33869,"nextlocationid":0,"currentstop":null,"nextstop":null,"laststop":null,"stopCoveredStatus":0,"heading":326,"lastrefreshon":"30-08-2024 12:53:45","lastreceiveddatetimeflag":0,"tripposition":3}]},{"routeid":5337,"stationid":20981,"stationname":"Maharani College","from":"Kempegowda Bus Station","to":"Babusabpalya 302","routeno":"302-F","distance_on_station":2.587,"centerlat":12.97703,"centerlong":77.5858,"responsecode":200,"isnotify":0,"vehicleDetails":[{"vehicleid":21244,"vehiclenumber":"KA57F2270","servicetypeid":72,"servicetype":"Non AC/Ordinary","centerlat":13.001595,"centerlong":77.683464,"eta":"","sch_arrivaltime":"21:36","sch_departuretime":"21:36","actual_arrivaltime":"","actual_departuretime":"","sch_tripstarttime":"21:30","sch_tripendtime":"21:30","lastlocationid":0,"currentlocationid":33869,"nextlocationid":0,"currentstop":null,"nextstop":null,"laststop":null,"stopCoveredStatus":0,"heading":326,"lastrefreshon":"30-08-2024 12:53:45","lastreceiveddatetimeflag":0,"tripposition":3}]},{"routeid":5337,"stationid":21259,"stationname":"Vidhana Soudha Karnataka High Court","from":"Kempegowda Bus Station","to":"Babusabpalya 302","routeno":"302-F","distance_on_station":3.855,"centerlat":12.9802,"centerlong":77.59296,"responsecode":200,"isnotify":0,"vehicleDetails":[{"vehicleid":21244,"vehiclenumber":"KA57F2270","servicetypeid":72,"servicetype":"Non AC/Ordinary","centerlat":13.001595,"centerlong":77.683464,"eta":"","sch_arrivaltime":"21:37","sch_departuretime":"21:37","actual_arrivaltime":"","actual_departuretime":"","sch_tripstarttime":"21:30","sch_tripendtime":"21:30","lastlocationid":0,"currentlocationid":33869,"nextlocationid":0,"currentstop":null,"nextstop":null,"laststop":null,"stopCoveredStatus":0,"heading":326,"lastrefreshon":"30-08-2024 12:53:45","lastreceiveddatetimeflag":0,"tripposition":3}]},{"routeid":5337,"stationid":26121,"stationname":"Indian Express","from":"Kempegowda Bus Station","to":"Babusabpalya 302","routeno":"302-F","distance_on_station":4.572,"centerlat":12.98387,"centerlong":77.59645,"responsecode":200,"isnotify":0,"vehicleDetails":[{"vehicleid":21244,"vehiclenumber":"KA57F2270","servicetypeid":72,"servicetype":"Non AC/Ordinary","centerlat":13.001595,"centerlong":77.683464,"eta":"","sch_arrivaltime":"21:38","sch_departuretime":"21:38","actual_arrivaltime":"","actual_departuretime":"","sch_tripstarttime":"21:30","sch_tripendtime":"21:30","lastlocationid":0,"currentlocationid":33869,"nextlocationid":0,"currentstop":null,"nextstop":null,"laststop":null,"stopCoveredStatus":0,"heading":326,"lastrefreshon":"30-08-2024 12:53:45","lastreceiveddatetimeflag":0,"tripposition":3}]},{"routeid":5337,"stationid":21869,"stationname":"Cunningham Road","from":"Kempegowda Bus Station","to":"Babusabpalya 302","routeno":"302-F","distance_on_station":5.327,"centerlat":12.98787,"centerlong":77.59427,"responsecode":200,"isnotify":0,"vehicleDetails":[{"vehicleid":21244,"vehiclenumber":"KA57F2270","servicetypeid":72,"servicetype":"Non AC/Ordinary","centerlat":13.001595,"centerlong":77.683464,"eta":"","sch_arrivaltime":"21:39","sch_departuretime":"21:39","actual_arrivaltime":"","actual_departuretime":"","sch_tripstarttime":"21:30","sch_tripendtime":"21:30","lastlocationid":0,"currentlocationid":33869,"nextlocationid":0,"currentstop":null,"nextstop":null,"laststop":null,"stopCoveredStatus":0,"heading":326,"lastrefreshon":"30-08-2024 12:53:45","lastreceiveddatetimeflag":0,"tripposition":3}]},{"routeid":5337,"stationid":22585,"stationname":"Vasantha Nagara","from":"Kempegowda Bus Station","to":"Babusabpalya 302","routeno":"302-F","distance_on_station":6.198,"centerlat":12.99278,"centerlong":77.59503,"responsecode":200,"isnotify":0,"vehicleDetails":[{"vehicleid":21244,"vehiclenumber":"KA57F2270","servicetypeid":72,"servicetype":"Non AC/Ordinary","centerlat":13.001595,"centerlong":77.683464,"eta":"","sch_arrivaltime":"21:40","sch_departuretime":"21:40","actual_arrivaltime":"","actual_departuretime":"","sch_tripstarttime":"21:30","sch_tripendtime":"21:30","lastlocationid":0,"currentlocationid":33869,"nextlocationid":0,"currentstop":null,"nextstop":null,"laststop":null,"stopCoveredStatus":0,"heading":326,"lastrefreshon":"30-08-2024 12:53:45","lastreceiveddatetimeflag":0,"tripposition":3}]},{"routeid":5337,"stationid":21805,"stationname":"Cantonment Railway Station","from":"Kempegowda Bus Station","to":"Babusabpalya 302","routeno":"302-F","distance_on_station":6.582,"centerlat":12.99384,"centerlong":77.59712,"responsecode":200,"isnotify":0,"vehicleDetails":[{"vehicleid":21244,"vehiclenumber":"KA57F2270","servicetypeid":72,"servicetype":"Non AC/Ordinary","centerlat":13.001595,"centerlong":77.683464,"eta":"","sch_arrivaltime":"21:41","sch_departuretime":"21:41","actual_arrivaltime":"","actual_departuretime":"","sch_tripstarttime":"21:30","sch_tripendtime":"21:30","lastlocationid":0,"currentlocationid":33869,"nextlocationid":0,"currentstop":null,"nextstop":null,"laststop":null,"stopCoveredStatus":0,"heading":326,"lastrefreshon":"30-08-2024 12:53:45","lastreceiveddatetimeflag":0,"tripposition":3}]},{"routeid":5337,"stationid":21704,"stationname":"Bamboo Bazaar","from":"Kempegowda Bus Station","to":"Babusabpalya 302","routeno":"302-F","distance_on_station":7.517,"centerlat":12.99192,"centerlong":77.60332,"responsecode":200,"isnotify":0,"vehicleDetails":[{"vehicleid":21244,"vehiclenumber":"KA57F2270","servicetypeid":72,"servicetype":"Non AC/Ordinary","centerlat":13.001595,"centerlong":77.683464,"eta":"","sch_arrivaltime":"21:42","sch_departuretime":"21:42","actual_arrivaltime":"","actual_departuretime":"","sch_tripstarttime":"21:30","sch_tripendtime":"21:30","lastlocationid":0,"currentlocationid":33869,"nextlocationid":0,"currentstop":null,"nextstop":null,"laststop":null,"stopCoveredStatus":0,"heading":326,"lastrefreshon":"30-08-2024 12:53:45","lastreceiveddatetimeflag":0,"tripposition":3}]},{"routeid":5337,"stationid":21859,"stationname":"Coles Park","from":"Kempegowda Bus Station","to":"Babusabpalya 302","routeno":"302-F","distance_on_station":8.26,"centerlat":12.99573,"centerlong":77.60668,"responsecode":200,"isnotify":0,"vehicleDetails":[{"vehicleid":21244,"vehiclenumber":"KA57F2270","servicetypeid":72,"servicetype":"Non AC/Ordinary","centerlat":13.001595,"centerlong":77.683464,"eta":"","sch_arrivaltime":"21:43","sch_departuretime":"21:43","actual_arrivaltime":"","actual_departuretime":"","sch_tripstarttime":"21:30","sch_tripendtime":"21:30","lastlocationid":0,"currentlocationid":33869,"nextlocationid":0,"currentstop":null,"nextstop":null,"laststop":null,"stopCoveredStatus":0,"heading":326,"lastrefreshon":"30-08-2024 12:53:45","lastreceiveddatetimeflag":0,"tripposition":3}]},{"routeid":5337,"stationid":36720,"stationname":"Seventh Day School (Coles Park)","from":"Kempegowda Bus Station","to":"Babusabpalya 302","routeno":"302-F","distance_on_station":9.054,"centerlat":12.9956,"centerlong":77.61107,"responsecode":200,"isnotify":0,"vehicleDetails":[{"vehicleid":21244,"vehiclenumber":"KA57F2270","servicetypeid":72,"servicetype":"Non AC/Ordinary","centerlat":13.001595,"centerlong":77.683464,"eta":"","sch_arrivaltime":"21:45","sch_departuretime":"21:45","actual_arrivaltime":"","actual_departuretime":"","sch_tripstarttime":"21:30","sch_tripendtime":"21:30","lastlocationid":0,"currentlocationid":33869,"nextlocationid":0,"currentstop":null,"nextstop":null,"laststop":null,"stopCoveredStatus":0,"heading":326,"lastrefreshon":"30-08-2024 12:53:45","lastreceiveddatetimeflag":0,"tripposition":3}]},{"routeid":5337,"stationid":21862,"stationname":"Coles Road","from":"Kempegowda Bus Station","to":"Babusabpalya 302","routeno":"302-F","distance_on_station":9.284,"centerlat":12.99661,"centerlong":77.61204,"responsecode":200,"isnotify":0,"vehicleDetails":[{"vehicleid":21244,"vehiclenumber":"KA57F2270","servicetypeid":72,"servicetype":"Non AC/Ordinary","centerlat":13.001595,"centerlong":77.683464,"eta":"","sch_arrivaltime":"21:46","sch_departuretime":"21:46","actual_arrivaltime":"","actual_departuretime":"","sch_tripstarttime":"21:30","sch_tripendtime":"21:30","lastlocationid":0,"currentlocationid":33869,"nextlocationid":0,"currentstop":null,"nextstop":null,"laststop":null,"stopCoveredStatus":0,"heading":326,"lastrefreshon":"30-08-2024 12:53:45","lastreceiveddatetimeflag":0,"tripposition":3}]},{"routeid":5337,"stationid":22297,"stationname":"Mosque Road","from":"Kempegowda Bus Station","to":"Babusabpalya 302","routeno":"302-F","distance_on_station":10.232,"centerlat":13.00037,"centerlong":77.61598,"responsecode":200,"isnotify":0,"vehicleDetails":[{"vehicleid":21244,"vehiclenumber":"KA57F2270","servicetypeid":72,"servicetype":"Non AC/Ordinary","centerlat":13.001595,"centerlong":77.683464,"eta":"","sch_arrivaltime":"21:47","sch_departuretime":"21:47","actual_arrivaltime":"","actual_departuretime":"","sch_tripstarttime":"21:30","sch_tripendtime":"21:30","lastlocationid":0,"currentlocationid":33869,"nextlocationid":0,"currentstop":null,"nextstop":null,"laststop":null,"stopCoveredStatus":0,"heading":326,"lastrefreshon":"30-08-2024 12:53:45","lastreceiveddatetimeflag":0,"tripposition":3}]},{"routeid":5337,"stationid":21929,"stationname":"East Railway Station","from":"Kempegowda Bus Station","to":"Babusabpalya 302","routeno":"302-F","distance_on_station":10.872,"centerlat":13.00143,"centerlong":77.61865,"responsecode":200,"isnotify":0,"vehicleDetails":[{"vehicleid":21244,"vehiclenumber":"KA57F2270","servicetypeid":72,"servicetype":"Non AC/Ordinary","centerlat":13.001595,"centerlong":77.683464,"eta":"","sch_arrivaltime":"21:49","sch_departuretime":"21:49","actual_arrivaltime":"","actual_departuretime":"","sch_tripstarttime":"21:30","sch_tripendtime":"21:30","lastlocationid":0,"currentlocationid":33869,"nextlocationid":0,"currentstop":null,"nextstop":null,"laststop":null,"stopCoveredStatus":0,"heading":326,"lastrefreshon":"30-08-2024 12:53:45","lastreceiveddatetimeflag":0,"tripposition":3}]},{"routeid":5337,"stationid":22082,"stationname":"ITC Factory","from":"Kempegowda Bus Station","to":"Babusabpalya 302","routeno":"302-F","distance_on_station":11.679,"centerlat":12.99821,"centerlong":77.62324,"responsecode":200,"isnotify":0,"vehicleDetails":[{"vehicleid":21244,"vehiclenumber":"KA57F2270","servicetypeid":72,"servicetype":"Non AC/Ordinary","centerlat":13.001595,"centerlong":77.683464,"eta":"","sch_arrivaltime":"21:50","sch_departuretime":"21:50","actual_arrivaltime":"","actual_departuretime":"","sch_tripstarttime":"21:30","sch_tripendtime":"21:30","lastlocationid":0,"currentlocationid":33869,"nextlocationid":0,"currentstop":null,"nextstop":null,"laststop":null,"stopCoveredStatus":0,"heading":326,"lastrefreshon":"30-08-2024 12:53:45","lastreceiveddatetimeflag":0,"tripposition":3}]},{"routeid":5337,"stationid":22089,"stationname":"Jai Bharath Nagara","from":"Kempegowda Bus Station","to":"Babusabpalya 302","routeno":"302-F","distance_on_station":12.806,"centerlat":13.00156,"centerlong":77.63032,"responsecode":200,"isnotify":0,"vehicleDetails":[{"vehicleid":21244,"vehiclenumber":"KA57F2270","servicetypeid":72,"servicetype":"Non AC/Ordinary","centerlat":13.001595,"centerlong":77.683464,"eta":"","sch_arrivaltime":"21:52","sch_departuretime":"21:52","actual_arrivaltime":"","actual_departuretime":"","sch_tripstarttime":"21:30","sch_tripendtime":"21:30","lastlocationid":0,"currentlocationid":33869,"nextlocationid":0,"currentstop":null,"nextstop":null,"laststop":null,"stopCoveredStatus":0,"heading":326,"lastrefreshon":"30-08-2024 12:53:45","lastreceiveddatetimeflag":0,"tripposition":3}]},{"routeid":5337,"stationid":22272,"stationname":"Maruthi Sevanagara","from":"Kempegowda Bus Station","to":"Babusabpalya 302","routeno":"302-F","distance_on_station":13.433,"centerlat":13.00273,"centerlong":77.63467,"responsecode":200,"isnotify":0,"vehicleDetails":[{"vehicleid":21244,"vehiclenumber":"KA57F2270","servicetypeid":72,"servicetype":"Non AC/Ordinary","centerlat":13.001595,"centerlong":77.683464,"eta":"","sch_arrivaltime":"21:53","sch_departuretime":"21:53","actual_arrivaltime":"","actual_departuretime":"","sch_tripstarttime":"21:30","sch_tripendtime":"21:30","lastlocationid":0,"currentlocationid":33869,"nextlocationid":0,"currentstop":null,"nextstop":null,"laststop":null,"stopCoveredStatus":0,"heading":326,"lastrefreshon":"30-08-2024 12:53:45","lastreceiveddatetimeflag":0,"tripposition":3}]},{"routeid":5337,"stationid":22070,"stationname":"Indian Oil","from":"Kempegowda Bus Station","to":"Babusabpalya 302","routeno":"302-F","distance_on_station":14.176,"centerlat":13.00598,"centerlong":77.63877,"responsecode":200,"isnotify":0,"vehicleDetails":[{"vehicleid":21244,"vehiclenumber":"KA57F2270","servicetypeid":72,"servicetype":"Non AC/Ordinary","centerlat":13.001595,"centerlong":77.683464,"eta":"","sch_arrivaltime":"21:54","sch_departuretime":"21:54","actual_arrivaltime":"","actual_departuretime":"","sch_tripstarttime":"21:30","sch_tripendtime":"21:30","lastlocationid":0,"currentlocationid":33869,"nextlocationid":0,"currentstop":null,"nextstop":null,"laststop":null,"stopCoveredStatus":0,"heading":326,"lastrefreshon":"30-08-2024 12:53:45","lastreceiveddatetimeflag":0,"tripposition":3}]},{"routeid":5337,"stationid":29659,"stationname":"Subbayyanapalya/Ayyappa Temple","from":"Kempegowda Bus Station","to":"Babusabpalya 302","routeno":"302-F","distance_on_station":14.509,"centerlat":13.00747,"centerlong":77.64063,"responsecode":200,"isnotify":0,"vehicleDetails":[{"vehicleid":21244,"vehiclenumber":"KA57F2270","servicetypeid":72,"servicetype":"Non AC/Ordinary","centerlat":13.001595,"centerlong":77.683464,"eta":"","sch_arrivaltime":"21:55","sch_departuretime":"21:55","actual_arrivaltime":"","actual_departuretime":"","sch_tripstarttime":"21:30","sch_tripendtime":"21:30","lastlocationid":0,"currentlocationid":33869,"nextlocationid":0,"currentstop":null,"nextstop":null,"laststop":null,"stopCoveredStatus":0,"heading":326,"lastrefreshon":"30-08-2024 12:53:45","lastreceiveddatetimeflag":0,"tripposition":3}]},{"routeid":5337,"stationid":33869,"stationname":"Maruthi School","from":"Kempegowda Bus Station","to":"Babusabpalya 302","routeno":"302-F","distance_on_station":14.996,"centerlat":13.00948,"centerlong":77.64318,"responsecode":200,"isnotify":0,"vehicleDetails":[{"vehicleid":21244,"vehiclenumber":"KA57F2270","servicetypeid":72,"servicetype":"Non AC/Ordinary","centerlat":13.001595,"centerlong":77.683464,"eta":"","sch_arrivaltime":"21:58","sch_departuretime":"21:58","actual_arrivaltime":"","actual_departuretime":"","sch_tripstarttime":"21:30","sch_tripendtime":"21:30","lastlocationid":0,"currentlocationid":33869,"nextlocationid":0,"currentstop":null,"nextstop":null,"laststop":null,"stopCoveredStatus":0,"heading":326,"lastrefreshon":"30-08-2024 12:53:45","lastreceiveddatetimeflag":0,"tripposition":3}]},{"routeid":5337,"stationid":27636,"stationname":"Patel Public School Kalyananagara","from":"Kempegowda Bus Station","to":"Babusabpalya 302","routeno":"302-F","distance_on_station":15.623,"centerlat":13.01387,"centerlong":77.64233,"responsecode":200,"isnotify":0,"vehicleDetails":[{"vehicleid":21244,"vehiclenumber":"KA57F2270","servicetypeid":72,"servicetype":"Non AC/Ordinary","centerlat":13.001595,"centerlong":77.683464,"eta":"","sch_arrivaltime":"21:59","sch_departuretime":"21:59","actual_arrivaltime":"","actual_departuretime":"","sch_tripstarttime":"21:30","sch_tripendtime":"21:30","lastlocationid":0,"currentlocationid":33869,"nextlocationid":0,"currentstop":null,"nextstop":null,"laststop":null,"stopCoveredStatus":0,"heading":326,"lastrefreshon":"30-08-2024 12:53:45","lastreceiveddatetimeflag":0,"tripposition":3}]},{"routeid":5337,"stationid":35575,"stationname":"80ft Road Banasawadi","from":"Kempegowda Bus Station","to":"Babusabpalya 302","routeno":"302-F","distance_on_station":15.802,"centerlat":13.01511,"centerlong":77.64267,"responsecode":200,"isnotify":0,"vehicleDetails":[{"vehicleid":21244,"vehiclenumber":"KA57F2270","servicetypeid":72,"servicetype":"Non AC/Ordinary","centerlat":13.001595,"centerlong":77.683464,"eta":"","sch_arrivaltime":"22:00","sch_departuretime":"22:00","actual_arrivaltime":"","actual_departuretime":"","sch_tripstarttime":"21:30","sch_tripendtime":"21:30","lastlocationid":0,"currentlocationid":33869,"nextlocationid":0,"currentstop":null,"nextstop":null,"laststop":null,"stopCoveredStatus":0,"heading":326,"lastrefreshon":"30-08-2024 12:53:45","lastreceiveddatetimeflag":0,"tripposition":3}]},{"routeid":5337,"stationid":29420,"stationname":"80ft Road HRBR Layout","from":"Kempegowda Bus Station","to":"Babusabpalya 302","routeno":"302-F","distance_on_station":16.647,"centerlat":13.02095,"centerlong":77.64317,"responsecode":200,"isnotify":0,"vehicleDetails":[{"vehicleid":21244,"vehiclenumber":"KA57F2270","servicetypeid":72,"servicetype":"Non AC/Ordinary","centerlat":13.001595,"centerlong":77.683464,"eta":"","sch_arrivaltime":"22:01","sch_departuretime":"22:01","actual_arrivaltime":"","actual_departuretime":"","sch_tripstarttime":"21:30","sch_tripendtime":"21:30","lastlocationid":0,"currentlocationid":33869,"nextlocationid":0,"currentstop":null,"nextstop":null,"laststop":null,"stopCoveredStatus":0,"heading":326,"lastrefreshon":"30-08-2024 12:53:45","lastreceiveddatetimeflag":0,"tripposition":3}]},{"routeid":5337,"stationid":33282,"stationname":"Kalyananagara 1st Block","from":"Kempegowda Bus Station","to":"Babusabpalya 302","routeno":"302-F","distance_on_station":16.801,"centerlat":13.022,"centerlong":77.64313,"responsecode":200,"isnotify":0,"vehicleDetails":[{"vehicleid":21244,"vehiclenumber":"KA57F2270","servicetypeid":72,"servicetype":"Non AC/Ordinary","centerlat":13.001595,"centerlong":77.683464,"eta":"","sch_arrivaltime":"22:02","sch_departuretime":"22:02","actual_arrivaltime":"","actual_departuretime":"","sch_tripstarttime":"21:30","sch_tripendtime":"21:30","lastlocationid":0,"currentlocationid":33869,"nextlocationid":0,"currentstop":null,"nextstop":null,"laststop":null,"stopCoveredStatus":0,"heading":326,"lastrefreshon":"30-08-2024 12:53:45","lastreceiveddatetimeflag":0,"tripposition":3}]},{"routeid":5337,"stationid":32985,"stationname":"HRBR Layout Cross","from":"Kempegowda Bus Station","to":"Babusabpalya 302","routeno":"302-F","distance_on_station":17.07,"centerlat":13.02386,"centerlong":77.64321,"responsecode":200,"isnotify":0,"vehicleDetails":[{"vehicleid":21244,"vehiclenumber":"KA57F2270","servicetypeid":72,"servicetype":"Non AC/Ordinary","centerlat":13.001595,"centerlong":77.683464,"eta":"","sch_arrivaltime":"22:03","sch_departuretime":"22:03","actual_arrivaltime":"","actual_departuretime":"","sch_tripstarttime":"21:30","sch_tripendtime":"21:30","lastlocationid":0,"currentlocationid":33869,"nextlocationid":0,"currentstop":null,"nextstop":null,"laststop":null,"stopCoveredStatus":0,"heading":326,"lastrefreshon":"30-08-2024 12:53:45","lastreceiveddatetimeflag":0,"tripposition":3}]},{"routeid":5337,"stationid":37934,"stationname":"Babusabpalya 302","from":"Kempegowda Bus Station","to":"Babusabpalya 302","routeno":"302-F","distance_on_station":17.8,"centerlat":13.02285,"centerlong":77.64747,"responsecode":200,"isnotify":0,"vehicleDetails":[{"vehicleid":21244,"vehiclenumber":"KA57F2270","servicetypeid":72,"servicetype":"Non AC/Ordinary","centerlat":13.001595,"centerlong":77.683464,"eta":"","sch_arrivaltime":"22:04","sch_departuretime":"22:04","actual_arrivaltime":"","actual_departuretime":"","sch_tripstarttime":"21:30","sch_tripendtime":"21:30","lastlocationid":0,"currentlocationid":33869,"nextlocationid":0,"currentstop":null,"nextstop":null,"laststop":null,"stopCoveredStatus":0,"heading":326,"lastrefreshon":"30-08-2024 12:53:45","lastreceiveddatetimeflag":0,"tripposition":3}]}],"mapData":[{"vehicleid":21244,"vehiclenumber":"KA57F2270","servicetypeid":72,"servicetype":"Non AC/Ordinary","centerlat":13.001595,"centerlong":77.683464,"eta":"","sch_arrivaltime":"22:04","sch_departuretime":"22:04","actual_arrivaltime":"","actual_departuretime":"","sch_tripstarttime":"21:30","sch_tripendtime":"21:30","lastlocationid":0,"currentlocationid":33869,"nextlocationid":0,"currentstop":null,"nextstop":null,"laststop":null,"stopCoveredStatus":0,"heading":326,"lastrefreshon":"30-08-2024 12:53:45","lastreceiveddatetimeflag":0,"tripposition":3}]},"down":{"data":[],"mapData":[]},"message":"Success","issuccess":true,"exception":null,"rowCount":0,"responsecode":200}