{"up":{"data":[],"mapData":[]},"down":{"data":[{"routeid":5458,"stationid":29182,"stationname":"Naduvatti Colony","from":"Naduvatti Colony","to":"Depot-24 Gate","routeno":"305-F D24G-NDVC","distance_on_station":0,"centerlat":12.99979,"centerlong":77.79968,"responsecode":200,"isnotify":0,"vehicleDetails":[{"vehicleid":21247,"vehiclenumber":"KA57F2307","servicetypeid":72,"servicetype":"Non AC/Ordinary","centerlat":13.002254,"centerlong":77.683632,"eta":"","sch_arrivaltime":"17:05","sch_departuretime":"17:05","actual_arrivaltime":"","actual_departuretime":"","sch_tripstarttime":"17:05","sch_tripendtime":"17:05","lastlocationid":0,"currentlocationid":21886,"nextlocationid":0,"currentstop":null,"nextstop":null,"laststop":null,"stopCoveredStatus":0,"heading":92,"lastrefreshon":"06-08-2024 03:01:59","lastreceiveddatetimeflag":0,"tripposition":1}]},{"routeid":5458,"stationid":34028,"stationname":"Naduvatti","from":"Naduvatti Colony","to":"Depot-24 Gate","routeno":"305-F D24G-NDVC","distance_on_station":0.737,"centerlat":13.0061,"centerlong":77.79657,"responsecode":200,"isnotify":0,"vehicleDetails":[{"vehicleid":21247,"vehiclenumber":"KA57F2307","servicetypeid":72,"servicetype":"Non AC/Ordinary","centerlat":13.002254,"centerlong":77.683632,"eta":"","sch_arrivaltime":"17:07","sch_departuretime":"17:07","actual_arrivaltime":"","actual_departuretime":"","sch_tripstarttime":"17:05","sch_tripendtime":"17:05","lastlocationid":0,"currentlocationid":21886,"nextlocationid":0,"currentstop":null,"nextstop":null,"laststop":null,"stopCoveredStatus":0,"heading":92,"lastrefreshon":"06-08-2024 03:01:59","lastreceiveddatetimeflag":0,"tripposition":3}]},{"routeid":5458,"stationid":33775,"stationname":"Mallasandra","from":"Naduvatti Colony","to":"Depot-24 Gate","routeno":"305-F D24G-NDVC","distance_on_station":1.842,"centerlat":13.0081,"centerlong":77.78412,"responsecode":200,"isnotify":0,"vehicleDetails":[{"vehicleid":21247,"vehiclenumber":"KA57F2307","servicetypeid":72,"servicetype":"Non AC/Ordinary","centerlat":13.002254,"centerlong":77.683632,"eta":"","sch_arrivaltime":"17:10","sch_departuretime":"17:10","actual_arrivaltime":"","actual_departuretime":"","sch_tripstarttime":"17:05","sch_tripendtime":"17:05","lastlocationid":0,"currentlocationid":21886,"nextlocationid":0,"currentstop":null,"nextstop":null,"laststop":null,"stopCoveredStatus":0,"heading":92,"lastrefreshon":"06-08-2024 03:01:59","lastreceiveddatetimeflag":0,"tripposition":3}]},{"routeid":5458,"stationid":31228,"stationname":"Koraluru","from":"Naduvatti Colony","to":"Depot-24 Gate","routeno":"305-F D24G-NDVC","distance_on_station":2.85,"centerlat":12.9979,"centerlong":77.7842,"responsecode":200,"isnotify":0,"vehicleDetails":[{"vehicleid":21247,"vehiclenumber":"KA57F2307","servicetypeid":72,"servicetype":"Non AC/Ordinary","centerlat":13.002254,"centerlong":77.683632,"eta":"","sch_arrivaltime":"17:13","sch_departuretime":"17:13","actual_arrivaltime":"","actual_departuretime":"","sch_tripstarttime":"17:05","sch_tripendtime":"17:05","lastlocationid":0,"currentlocationid":21886,"nextlocationid":0,"currentstop":null,"nextstop":null,"laststop":null,"stopCoveredStatus":0,"heading":92,"lastrefreshon":"06-08-2024 03:01:59","lastreceiveddatetimeflag":0,"tripposition":3}]},{"routeid":5458,"stationid":31230,"stationname":"Koraluru Railway Gate","from":"Naduvatti Colony","to":"Depot-24 Gate","routeno":"305-F D24G-NDVC","distance_on_station":3.018,"centerlat":12.99608,"centerlong":77.78371,"responsecode":200,"isnotify":0,"vehicleDetails":[{"vehicleid":21247,"vehiclenumber":"KA57F2307","servicetypeid":72,"servicetype":"Non AC/Ordinary","centerlat":13.002254,"centerlong":77.683632,"eta":"","sch_arrivaltime":"17:14","sch_departuretime":"17:14","actual_arrivaltime":"","actual_departuretime":"","sch_tripstarttime":"17:05","sch_tripendtime":"17:05","lastlocationid":0,"currentlocationid":21886,"nextlocationid":0,"currentstop":null,"nextstop":null,"laststop":null,"stopCoveredStatus":0,"heading":92,"lastrefreshon":"06-08-2024 03:01:59","lastreceiveddatetimeflag":0,"tripposition":3}]},{"routeid":5458,"stationid":33156,"stationname":"Soukya Hospital Junction","from":"Naduvatti Colony","to":"Depot-24 Gate","routeno":"305-F D24G-NDVC","distance_on_station":3.795,"centerlat":12.98795,"centerlong":77.78205,"responsecode":200,"isnotify":0,"vehicleDetails":[{"vehicleid":21247,"vehiclenumber":"KA57F2307","servicetypeid":72,"servicetype":"Non AC/Ordinary","centerlat":13.002254,"centerlong":77.683632,"eta":"","sch_arrivaltime":"17:16","sch_departuretime":"17:16","actual_arrivaltime":"","actual_departuretime":"","sch_tripstarttime":"17:05","sch_tripendtime":"17:05","lastlocationid":0,"currentlocationid":21886,"nextlocationid":0,"currentstop":null,"nextstop":null,"laststop":null,"stopCoveredStatus":0,"heading":92,"lastrefreshon":"06-08-2024 03:01:59","lastreceiveddatetimeflag":0,"tripposition":3}]},{"routeid":5458,"stationid":22554,"stationname":"Thirumalashettyhalli  Cross","from":"Naduvatti Colony","to":"Depot-24 Gate","routeno":"305-F D24G-NDVC","distance_on_station":3.971,"centerlat":12.9862,"centerlong":77.7811,"responsecode":200,"isnotify":0,"vehicleDetails":[{"vehicleid":21247,"vehiclenumber":"KA57F2307","servicetypeid":72,"servicetype":"Non AC/Ordinary","centerlat":13.002254,"centerlong":77.683632,"eta":"","sch_arrivaltime":"17:17","sch_departuretime":"17:17","actual_arrivaltime":"","actual_departuretime":"","sch_tripstarttime":"17:05","sch_tripendtime":"17:05","lastlocationid":0,"currentlocationid":21886,"nextlocationid":0,"currentstop":null,"nextstop":null,"laststop":null,"stopCoveredStatus":0,"heading":92,"lastrefreshon":"06-08-2024 03:01:59","lastreceiveddatetimeflag":0,"tripposition":3}]},{"routeid":5458,"stationid":21822,"stationname":"Channasandra","from":"Naduvatti Colony","to":"Depot-24 Gate","routeno":"305-F D24G-NDVC","distance_on_station":5.252,"centerlat":12.98334,"centerlong":77.76702,"responsecode":200,"isnotify":0,"vehicleDetails":[{"vehicleid":21247,"vehiclenumber":"KA57F2307","servicetypeid":72,"servicetype":"Non AC/Ordinary","centerlat":13.002254,"centerlong":77.683632,"eta":"","sch_arrivaltime":"17:21","sch_departuretime":"17:21","actual_arrivaltime":"","actual_departuretime":"","sch_tripstarttime":"17:05","sch_tripendtime":"17:05","lastlocationid":0,"currentlocationid":21886,"nextlocationid":0,"currentstop":null,"nextstop":null,"laststop":null,"stopCoveredStatus":0,"heading":92,"lastrefreshon":"06-08-2024 03:01:59","lastreceiveddatetimeflag":0,"tripposition":3}]},{"routeid":5458,"stationid":22321,"stationname":"MVJ College Channasandra","from":"Naduvatti Colony","to":"Depot-24 Gate","routeno":"305-F D24G-NDVC","distance_on_station":5.773,"centerlat":12.98286,"centerlong":77.76121,"responsecode":200,"isnotify":0,"vehicleDetails":[{"vehicleid":21247,"vehiclenumber":"KA57F2307","servicetypeid":72,"servicetype":"Non AC/Ordinary","centerlat":13.002254,"centerlong":77.683632,"eta":"","sch_arrivaltime":"17:22","sch_departuretime":"17:22","actual_arrivaltime":"","actual_departuretime":"","sch_tripstarttime":"17:05","sch_tripendtime":"17:05","lastlocationid":0,"currentlocationid":21886,"nextlocationid":0,"currentstop":null,"nextstop":null,"laststop":null,"stopCoveredStatus":0,"heading":92,"lastrefreshon":"06-08-2024 03:01:59","lastreceiveddatetimeflag":0,"tripposition":3}]},{"routeid":5458,"stationid":20837,"stationname":"Hope Farm","from":"Naduvatti Colony","to":"Depot-24 Gate","routeno":"305-F D24G-NDVC","distance_on_station":6.597,"centerlat":12.9839,"centerlong":77.75189,"responsecode":200,"isnotify":0,"vehicleDetails":[{"vehicleid":21247,"vehiclenumber":"KA57F2307","servicetypeid":72,"servicetype":"Non AC/Ordinary","centerlat":13.002254,"centerlong":77.683632,"eta":"","sch_arrivaltime":"17:25","sch_departuretime":"17:25","actual_arrivaltime":"","actual_departuretime":"","sch_tripstarttime":"17:05","sch_tripendtime":"17:05","lastlocationid":0,"currentlocationid":21886,"nextlocationid":0,"currentstop":null,"nextstop":null,"laststop":null,"stopCoveredStatus":0,"heading":92,"lastrefreshon":"06-08-2024 03:01:59","lastreceiveddatetimeflag":0,"tripposition":3}]},{"routeid":5458,"stationid":20681,"stationname":"BPL","from":"Naduvatti Colony","to":"Depot-24 Gate","routeno":"305-F D24G-NDVC","distance_on_station":6.982,"centerlat":12.98531,"centerlong":77.74768,"responsecode":200,"isnotify":0,"vehicleDetails":[{"vehicleid":21247,"vehiclenumber":"KA57F2307","servicetypeid":72,"servicetype":"Non AC/Ordinary","centerlat":13.002254,"centerlong":77.683632,"eta":"","sch_arrivaltime":"17:26","sch_departuretime":"17:26","actual_arrivaltime":"","actual_departuretime":"","sch_tripstarttime":"17:05","sch_tripendtime":"17:05","lastlocationid":0,"currentlocationid":21886,"nextlocationid":0,"currentstop":null,"nextstop":null,"laststop":null,"stopCoveredStatus":0,"heading":92,"lastrefreshon":"06-08-2024 03:01:59","lastreceiveddatetimeflag":0,"tripposition":3}]},{"routeid":5458,"stationid":20800,"stationname":"GR Tech Park ITPL","from":"Naduvatti Colony","to":"Depot-24 Gate","routeno":"305-F D24G-NDVC","distance_on_station":7.366,"centerlat":12.98666,"centerlong":77.74351,"responsecode":200,"isnotify":0,"vehicleDetails":[{"vehicleid":21247,"vehiclenumber":"KA57F2307","servicetypeid":72,"servicetype":"Non AC/Ordinary","centerlat":13.002254,"centerlong":77.683632,"eta":"","sch_arrivaltime":"17:27","sch_departuretime":"17:27","actual_arrivaltime":"","actual_departuretime":"","sch_tripstarttime":"17:05","sch_tripendtime":"17:05","lastlocationid":0,"currentlocationid":21886,"nextlocationid":0,"currentstop":null,"nextstop":null,"laststop":null,"stopCoveredStatus":0,"heading":92,"lastrefreshon":"06-08-2024 03:01:59","lastreceiveddatetimeflag":0,"tripposition":3}]},{"routeid":5458,"stationid":20865,"stationname":"ITPL","from":"Naduvatti Colony","to":"Depot-24 Gate","routeno":"305-F D24G-NDVC","distance_on_station":7.999,"centerlat":12.98754,"centerlong":77.73636,"responsecode":200,"isnotify":0,"vehicleDetails":[{"vehicleid":21247,"vehiclenumber":"KA57F2307","servicetypeid":72,"servicetype":"Non AC/Ordinary","centerlat":13.002254,"centerlong":77.683632,"eta":"","sch_arrivaltime":"17:29","sch_departuretime":"17:29","actual_arrivaltime":"","actual_departuretime":"","sch_tripstarttime":"17:05","sch_tripendtime":"17:05","lastlocationid":0,"currentlocationid":21886,"nextlocationid":0,"currentstop":null,"nextstop":null,"laststop":null,"stopCoveredStatus":0,"heading":92,"lastrefreshon":"06-08-2024 03:01:59","lastreceiveddatetimeflag":0,"tripposition":3}]},{"routeid":5458,"stationid":21078,"stationname":"Pattandur Agrahara Gate","from":"Naduvatti Colony","to":"Depot-24 Gate","routeno":"305-F D24G-NDVC","distance_on_station":8.231,"centerlat":12.9878,"centerlong":77.73366,"responsecode":200,"isnotify":0,"vehicleDetails":[{"vehicleid":21247,"vehiclenumber":"KA57F2307","servicetypeid":72,"servicetype":"Non AC/Ordinary","centerlat":13.002254,"centerlong":77.683632,"eta":"","sch_arrivaltime":"17:30","sch_departuretime":"17:30","actual_arrivaltime":"","actual_departuretime":"","sch_tripstarttime":"17:05","sch_tripendtime":"17:05","lastlocationid":0,"currentlocationid":21886,"nextlocationid":0,"currentstop":null,"nextstop":null,"laststop":null,"stopCoveredStatus":0,"heading":92,"lastrefreshon":"06-08-2024 03:01:59","lastreceiveddatetimeflag":0,"tripposition":3}]},{"routeid":5458,"stationid":21768,"stationname":"Big Bazzar ITPL","from":"Naduvatti Colony","to":"Depot-24 Gate","routeno":"305-F D24G-NDVC","distance_on_station":9.32,"centerlat":12.98827,"centerlong":77.73061,"responsecode":200,"isnotify":0,"vehicleDetails":[{"vehicleid":21247,"vehiclenumber":"KA57F2307","servicetypeid":72,"servicetype":"Non AC/Ordinary","centerlat":13.002254,"centerlong":77.683632,"eta":"","sch_arrivaltime":"17:35","sch_departuretime":"17:35","actual_arrivaltime":"","actual_departuretime":"","sch_tripstarttime":"17:05","sch_tripendtime":"17:05","lastlocationid":0,"currentlocationid":21886,"nextlocationid":0,"currentstop":null,"nextstop":null,"laststop":null,"stopCoveredStatus":0,"heading":92,"lastrefreshon":"06-08-2024 03:01:59","lastreceiveddatetimeflag":0,"tripposition":3}]},{"routeid":5458,"stationid":37983,"stationname":"Prestige Shantiniketana /Manipal Hospital","from":"Naduvatti Colony","to":"Depot-24 Gate","routeno":"305-F D24G-NDVC","distance_on_station":9.512,"centerlat":12.98872,"centerlong":77.72844,"responsecode":200,"isnotify":0,"vehicleDetails":[{"vehicleid":21247,"vehiclenumber":"KA57F2307","servicetypeid":72,"servicetype":"Non AC/Ordinary","centerlat":13.002254,"centerlong":77.683632,"eta":"","sch_arrivaltime":"17:36","sch_departuretime":"17:36","actual_arrivaltime":"","actual_departuretime":"","sch_tripstarttime":"17:05","sch_tripendtime":"17:05","lastlocationid":0,"currentlocationid":21886,"nextlocationid":0,"currentstop":null,"nextstop":null,"laststop":null,"stopCoveredStatus":0,"heading":92,"lastrefreshon":"06-08-2024 03:01:59","lastreceiveddatetimeflag":0,"tripposition":3}]},{"routeid":5458,"stationid":22411,"stationname":"Rajapalya","from":"Naduvatti Colony","to":"Depot-24 Gate","routeno":"305-F D24G-NDVC","distance_on_station":10.216,"centerlat":12.99138,"centerlong":77.72084,"responsecode":200,"isnotify":0,"vehicleDetails":[{"vehicleid":21247,"vehiclenumber":"KA57F2307","servicetypeid":72,"servicetype":"Non AC/Ordinary","centerlat":13.002254,"centerlong":77.683632,"eta":"","sch_arrivaltime":"17:38","sch_departuretime":"17:38","actual_arrivaltime":"","actual_departuretime":"","sch_tripstarttime":"17:05","sch_tripendtime":"17:05","lastlocationid":0,"currentlocationid":21886,"nextlocationid":0,"currentstop":null,"nextstop":null,"laststop":null,"stopCoveredStatus":0,"heading":92,"lastrefreshon":"06-08-2024 03:01:59","lastreceiveddatetimeflag":0,"tripposition":3}]},{"routeid":5458,"stationid":35198,"stationname":"Hoodi","from":"Naduvatti Colony","to":"Depot-24 Gate","routeno":"305-F D24G-NDVC","distance_on_station":10.689,"centerlat":12.99191,"centerlong":77.71576,"responsecode":200,"isnotify":0,"vehicleDetails":[{"vehicleid":21247,"vehiclenumber":"KA57F2307","servicetypeid":72,"servicetype":"Non AC/Ordinary","centerlat":13.002254,"centerlong":77.683632,"eta":"","sch_arrivaltime":"17:39","sch_departuretime":"17:39","actual_arrivaltime":"","actual_departuretime":"","sch_tripstarttime":"17:05","sch_tripendtime":"17:05","lastlocationid":0,"currentlocationid":21886,"nextlocationid":0,"currentstop":null,"nextstop":null,"laststop":null,"stopCoveredStatus":0,"heading":92,"lastrefreshon":"06-08-2024 03:01:59","lastreceiveddatetimeflag":0,"tripposition":3}]},{"routeid":5458,"stationid":38419,"stationname":"Hoodi Metro Station","from":"Naduvatti Colony","to":"Depot-24 Gate","routeno":"305-F D24G-NDVC","distance_on_station":11.161,"centerlat":12.98863,"centerlong":77.7115,"responsecode":200,"isnotify":0,"vehicleDetails":[{"vehicleid":21247,"vehiclenumber":"KA57F2307","servicetypeid":72,"servicetype":"Non AC/Ordinary","centerlat":13.002254,"centerlong":77.683632,"eta":"","sch_arrivaltime":"17:40","sch_departuretime":"17:40","actual_arrivaltime":"","actual_departuretime":"","sch_tripstarttime":"17:05","sch_tripendtime":"17:05","lastlocationid":0,"currentlocationid":21886,"nextlocationid":0,"currentstop":null,"nextstop":null,"laststop":null,"stopCoveredStatus":0,"heading":92,"lastrefreshon":"06-08-2024 03:01:59","lastreceiveddatetimeflag":0,"tripposition":3}]},{"routeid":5458,"stationid":33145,"stationname":"Graphite Junction","from":"Naduvatti Colony","to":"Depot-24 Gate","routeno":"305-F D24G-NDVC","distance_on_station":11.642,"centerlat":12.98524,"centerlong":77.70808,"responsecode":200,"isnotify":0,"vehicleDetails":[{"vehicleid":21247,"vehiclenumber":"KA57F2307","servicetypeid":72,"servicetype":"Non AC/Ordinary","centerlat":13.002254,"centerlong":77.683632,"eta":"","sch_arrivaltime":"17:41","sch_departuretime":"17:41","actual_arrivaltime":"","actual_departuretime":"","sch_tripstarttime":"17:05","sch_tripendtime":"17:05","lastlocationid":0,"currentlocationid":21886,"nextlocationid":0,"currentstop":null,"nextstop":null,"laststop":null,"stopCoveredStatus":0,"heading":92,"lastrefreshon":"06-08-2024 03:01:59","lastreceiveddatetimeflag":0,"tripposition":3}]},{"routeid":5458,"stationid":21782,"stationname":"Brook Steel ESI","from":"Naduvatti Colony","to":"Depot-24 Gate","routeno":"305-F D24G-NDVC","distance_on_station":12.378,"centerlat":12.99295,"centerlong":77.70547,"responsecode":200,"isnotify":0,"vehicleDetails":[{"vehicleid":21247,"vehiclenumber":"KA57F2307","servicetypeid":72,"servicetype":"Non AC/Ordinary","centerlat":13.002254,"centerlong":77.683632,"eta":"","sch_arrivaltime":"17:42","sch_departuretime":"17:42","actual_arrivaltime":"","actual_departuretime":"","sch_tripstarttime":"17:05","sch_tripendtime":"17:05","lastlocationid":0,"currentlocationid":21886,"nextlocationid":0,"currentstop":null,"nextstop":null,"laststop":null,"stopCoveredStatus":0,"heading":92,"lastrefreshon":"06-08-2024 03:01:59","lastreceiveddatetimeflag":0,"tripposition":3}]},{"routeid":5458,"stationid":21954,"stationname":"Garudacharpalya","from":"Naduvatti Colony","to":"Depot-24 Gate","routeno":"305-F D24G-NDVC","distance_on_station":12.714,"centerlat":12.99388,"centerlong":77.70172,"responsecode":200,"isnotify":0,"vehicleDetails":[{"vehicleid":21247,"vehiclenumber":"KA57F2307","servicetypeid":72,"servicetype":"Non AC/Ordinary","centerlat":13.002254,"centerlong":77.683632,"eta":"","sch_arrivaltime":"17:43","sch_departuretime":"17:43","actual_arrivaltime":"","actual_departuretime":"","sch_tripstarttime":"17:05","sch_tripendtime":"17:05","lastlocationid":0,"currentlocationid":21886,"nextlocationid":0,"currentstop":null,"nextstop":null,"laststop":null,"stopCoveredStatus":0,"heading":92,"lastrefreshon":"06-08-2024 03:01:59","lastreceiveddatetimeflag":0,"tripposition":3}]},{"routeid":5458,"stationid":22493,"stationname":"Singaianapalya Phoenix","from":"Naduvatti Colony","to":"Depot-24 Gate","routeno":"305-F D24G-NDVC","distance_on_station":13.283,"centerlat":12.99542,"centerlong":77.6954,"responsecode":200,"isnotify":0,"vehicleDetails":[{"vehicleid":21247,"vehiclenumber":"KA57F2307","servicetypeid":72,"servicetype":"Non AC/Ordinary","centerlat":13.002254,"centerlong":77.683632,"eta":"","sch_arrivaltime":"17:44","sch_departuretime":"17:44","actual_arrivaltime":"","actual_departuretime":"","sch_tripstarttime":"17:05","sch_tripendtime":"17:05","lastlocationid":0,"currentlocationid":21886,"nextlocationid":0,"currentstop":null,"nextstop":null,"laststop":null,"stopCoveredStatus":0,"heading":92,"lastrefreshon":"06-08-2024 03:01:59","lastreceiveddatetimeflag":0,"tripposition":3}]},{"routeid":5458,"stationid":22238,"stationname":"Mahadevapura","from":"Naduvatti Colony","to":"Depot-24 Gate","routeno":"305-F D24G-NDVC","distance_on_station":13.723,"centerlat":12.9972,"centerlong":77.69069,"responsecode":200,"isnotify":0,"vehicleDetails":[{"vehicleid":21247,"vehiclenumber":"KA57F2307","servicetypeid":72,"servicetype":"Non AC/Ordinary","centerlat":13.002254,"centerlong":77.683632,"eta":"","sch_arrivaltime":"17:45","sch_departuretime":"17:45","actual_arrivaltime":"","actual_departuretime":"","sch_tripstarttime":"17:05","sch_tripendtime":"17:05","lastlocationid":0,"currentlocationid":21886,"nextlocationid":0,"currentstop":null,"nextstop":null,"laststop":null,"stopCoveredStatus":0,"heading":92,"lastrefreshon":"06-08-2024 03:01:59","lastreceiveddatetimeflag":0,"tripposition":3}]},{"routeid":5458,"stationid":21697,"stationname":"B Narayanapura","from":"Naduvatti Colony","to":"Depot-24 Gate","routeno":"305-F D24G-NDVC","distance_on_station":14.372,"centerlat":13.00028,"centerlong":77.68415,"responsecode":200,"isnotify":0,"vehicleDetails":[{"vehicleid":21247,"vehiclenumber":"KA57F2307","servicetypeid":72,"servicetype":"Non AC/Ordinary","centerlat":13.002254,"centerlong":77.683632,"eta":"","sch_arrivaltime":"17:46","sch_departuretime":"17:46","actual_arrivaltime":"","actual_departuretime":"","sch_tripstarttime":"17:05","sch_tripendtime":"17:05","lastlocationid":0,"currentlocationid":21886,"nextlocationid":0,"currentstop":null,"nextstop":null,"laststop":null,"stopCoveredStatus":0,"heading":92,"lastrefreshon":"06-08-2024 03:01:59","lastreceiveddatetimeflag":0,"tripposition":3}]},{"routeid":5458,"stationid":21113,"stationname":"KR Pura Railway Station","from":"Naduvatti Colony","to":"Depot-24 Gate","routeno":"305-F D24G-NDVC","distance_on_station":15.036,"centerlat":12.99998,"centerlong":77.67654,"responsecode":200,"isnotify":0,"vehicleDetails":[{"vehicleid":21247,"vehiclenumber":"KA57F2307","servicetypeid":72,"servicetype":"Non AC/Ordinary","centerlat":13.002254,"centerlong":77.683632,"eta":"","sch_arrivaltime":"17:48","sch_departuretime":"17:48","actual_arrivaltime":"","actual_departuretime":"","sch_tripstarttime":"17:05","sch_tripendtime":"17:05","lastlocationid":0,"currentlocationid":21886,"nextlocationid":0,"currentstop":null,"nextstop":null,"laststop":null,"stopCoveredStatus":0,"heading":92,"lastrefreshon":"06-08-2024 03:01:59","lastreceiveddatetimeflag":0,"tripposition":3}]},{"routeid":5458,"stationid":21229,"stationname":"Tin Factory","from":"Naduvatti Colony","to":"Depot-24 Gate","routeno":"305-F D24G-NDVC","distance_on_station":16.365,"centerlat":12.99709,"centerlong":77.66946,"responsecode":200,"isnotify":0,"vehicleDetails":[{"vehicleid":21247,"vehiclenumber":"KA57F2307","servicetypeid":72,"servicetype":"Non AC/Ordinary","centerlat":13.002254,"centerlong":77.683632,"eta":"","sch_arrivaltime":"17:52","sch_departuretime":"17:52","actual_arrivaltime":"","actual_departuretime":"","sch_tripstarttime":"17:05","sch_tripendtime":"17:05","lastlocationid":0,"currentlocationid":21886,"nextlocationid":0,"currentstop":null,"nextstop":null,"laststop":null,"stopCoveredStatus":0,"heading":92,"lastrefreshon":"06-08-2024 03:01:59","lastreceiveddatetimeflag":0,"tripposition":3}]},{"routeid":5458,"stationid":20863,"stationname":"ITI Colony Gate","from":"Naduvatti Colony","to":"Depot-24 Gate","routeno":"305-F D24G-NDVC","distance_on_station":17.927,"centerlat":13.00532,"centerlong":77.68522,"responsecode":200,"isnotify":0,"vehicleDetails":[{"vehicleid":21247,"vehiclenumber":"KA57F2307","servicetypeid":72,"servicetype":"Non AC/Ordinary","centerlat":13.002254,"centerlong":77.683632,"eta":"","sch_arrivaltime":"17:56","sch_departuretime":"17:56","actual_arrivaltime":"","actual_departuretime":"","sch_tripstarttime":"17:05","sch_tripendtime":"17:05","lastlocationid":0,"currentlocationid":21886,"nextlocationid":0,"currentstop":null,"nextstop":null,"laststop":null,"stopCoveredStatus":0,"heading":92,"lastrefreshon":"06-08-2024 03:01:59","lastreceiveddatetimeflag":0,"tripposition":3}]},{"routeid":5458,"stationid":22204,"stationname":"Krishnaraja Pura Govt Hospital","from":"Naduvatti Colony","to":"Depot-24 Gate","routeno":"305-F D24G-NDVC","distance_on_station":18.655,"centerlat":13.00804,"centerlong":77.69217,"responsecode":200,"isnotify":0,"vehicleDetails":[{"vehicleid":21247,"vehiclenumber":"KA57F2307","servicetypeid":72,"servicetype":"Non AC/Ordinary","centerlat":13.002254,"centerlong":77.683632,"eta":"","sch_arrivaltime":"17:58","sch_departuretime":"17:58","actual_arrivaltime":"","actual_departuretime":"","sch_tripstarttime":"17:05","sch_tripendtime":"17:05","lastlocationid":0,"currentlocationid":21886,"nextlocationid":0,"currentstop":null,"nextstop":null,"laststop":null,"stopCoveredStatus":0,"heading":92,"lastrefreshon":"06-08-2024 03:01:59","lastreceiveddatetimeflag":0,"tripposition":3}]},{"routeid":5458,"stationid":21886,"stationname":"Depot-24 Gate","from":"Naduvatti Colony","to":"Depot-24 Gate","routeno":"305-F D24G-NDVC","distance_on_station":19.6,"centerlat":13.00341,"centerlong":77.6825,"responsecode":200,"isnotify":0,"vehicleDetails":[{"vehicleid":21247,"vehiclenumber":"KA57F2307","servicetypeid":72,"servicetype":"Non AC/Ordinary","centerlat":13.002254,"centerlong":77.683632,"eta":"","sch_arrivaltime":"18:00","sch_departuretime":"18:00","actual_arrivaltime":"","actual_departuretime":"","sch_tripstarttime":"17:05","sch_tripendtime":"17:05","lastlocationid":0,"currentlocationid":21886,"nextlocationid":0,"currentstop":null,"nextstop":null,"laststop":null,"stopCoveredStatus":0,"heading":92,"lastrefreshon":"06-08-2024 03:01:59","lastreceiveddatetimeflag":0,"tripposition":1}]}],"mapData":[{"vehicleid":21247,"vehiclenumber":"KA57F2307","servicetypeid":72,"servicetype":"Non AC/Ordinary","centerlat":13.002254,"centerlong":77.683632,"eta":"","sch_arrivaltime":"18:00","sch_departuretime":"18:00","actual_arrivaltime":"","actual_departuretime":"","sch_tripstarttime":"17:05","sch_tripendtime":"17:05","lastlocationid":0,"currentlocationid":21886,"nextlocationid":0,"currentstop":null,"nextstop":null,"laststop":null,"stopCoveredStatus":0,"heading":92,"lastrefreshon":"06-08-2024 03:01:59","lastreceiveddatetimeflag":0,"tripposition":1}]},"message":"Success","issuccess":true,"exception":null,"rowCount":0,"responsecode":200}