{"up":{"data":[],"mapData":[]},"down":{"data":[{"routeid":10326,"stationid":35070,"stationname":"Ayyappa Nagara Muneshwara Temple Sadaramangala","from":"Ayyappa Nagara Muneshwara Temple Sadaramangala","to":"Kempegowda Bus Station","routeno":"311-E KBS-VSD-AMT","distance_on_station":0,"centerlat":13.00445,"centerlong":77.71243,"responsecode":200,"isnotify":0,"vehicleDetails":[{"vehicleid":21155,"vehiclenumber":"KA57F1556","servicetypeid":72,"servicetype":"Non AC/Ordinary","centerlat":13.002183,"centerlong":77.683632,"eta":"","sch_arrivaltime":"09:05","sch_departuretime":"09:05","actual_arrivaltime":"","actual_departuretime":"","sch_tripstarttime":"09:05","sch_tripendtime":"09:05","lastlocationid":0,"currentlocationid":20864,"nextlocationid":0,"currentstop":null,"nextstop":null,"laststop":null,"stopCoveredStatus":0,"heading":179,"lastrefreshon":"28-07-2024 19:26:40","lastreceiveddatetimeflag":1,"tripposition":1}]},{"routeid":10326,"stationid":23238,"stationname":"Ayyappa Nagara  Sadaramangala","from":"Ayyappa Nagara Muneshwara Temple Sadaramangala","to":"Kempegowda Bus Station","routeno":"311-E KBS-VSD-AMT","distance_on_station":0.275,"centerlat":13.00426,"centerlong":77.70997,"responsecode":200,"isnotify":0,"vehicleDetails":[{"vehicleid":21155,"vehiclenumber":"KA57F1556","servicetypeid":72,"servicetype":"Non AC/Ordinary","centerlat":13.002183,"centerlong":77.683632,"eta":"","sch_arrivaltime":"09:06","sch_departuretime":"09:06","actual_arrivaltime":"","actual_departuretime":"","sch_tripstarttime":"09:05","sch_tripendtime":"09:05","lastlocationid":0,"currentlocationid":20864,"nextlocationid":0,"currentstop":null,"nextstop":null,"laststop":null,"stopCoveredStatus":0,"heading":179,"lastrefreshon":"28-07-2024 19:26:40","lastreceiveddatetimeflag":1,"tripposition":3}]},{"routeid":10326,"stationid":24260,"stationname":"Chikka Devasandra KR Puram","from":"Ayyappa Nagara Muneshwara Temple Sadaramangala","to":"Kempegowda Bus Station","routeno":"311-E KBS-VSD-AMT","distance_on_station":0.719,"centerlat":13.00423,"centerlong":77.70605,"responsecode":200,"isnotify":0,"vehicleDetails":[{"vehicleid":21155,"vehiclenumber":"KA57F1556","servicetypeid":72,"servicetype":"Non AC/Ordinary","centerlat":13.002183,"centerlong":77.683632,"eta":"","sch_arrivaltime":"09:07","sch_departuretime":"09:07","actual_arrivaltime":"","actual_departuretime":"","sch_tripstarttime":"09:05","sch_tripendtime":"09:05","lastlocationid":0,"currentlocationid":20864,"nextlocationid":0,"currentstop":null,"nextstop":null,"laststop":null,"stopCoveredStatus":0,"heading":179,"lastrefreshon":"28-07-2024 19:26:40","lastreceiveddatetimeflag":1,"tripposition":3}]},{"routeid":10326,"stationid":24261,"stationname":"Venugopala Temple Devasandra","from":"Ayyappa Nagara Muneshwara Temple Sadaramangala","to":"Kempegowda Bus Station","routeno":"311-E KBS-VSD-AMT","distance_on_station":1.174,"centerlat":13.00525,"centerlong":77.7023,"responsecode":200,"isnotify":0,"vehicleDetails":[{"vehicleid":21155,"vehiclenumber":"KA57F1556","servicetypeid":72,"servicetype":"Non AC/Ordinary","centerlat":13.002183,"centerlong":77.683632,"eta":"","sch_arrivaltime":"09:08","sch_departuretime":"09:08","actual_arrivaltime":"","actual_departuretime":"","sch_tripstarttime":"09:05","sch_tripendtime":"09:05","lastlocationid":0,"currentlocationid":20864,"nextlocationid":0,"currentstop":null,"nextstop":null,"laststop":null,"stopCoveredStatus":0,"heading":179,"lastrefreshon":"28-07-2024 19:26:40","lastreceiveddatetimeflag":1,"tripposition":3}]},{"routeid":10326,"stationid":24262,"stationname":"Devasandra","from":"Ayyappa Nagara Muneshwara Temple Sadaramangala","to":"Kempegowda Bus Station","routeno":"311-E KBS-VSD-AMT","distance_on_station":1.459,"centerlat":13.00618,"centerlong":77.70009,"responsecode":200,"isnotify":0,"vehicleDetails":[{"vehicleid":21155,"vehiclenumber":"KA57F1556","servicetypeid":72,"servicetype":"Non AC/Ordinary","centerlat":13.002183,"centerlong":77.683632,"eta":"","sch_arrivaltime":"09:09","sch_departuretime":"09:09","actual_arrivaltime":"","actual_departuretime":"","sch_tripstarttime":"09:05","sch_tripendtime":"09:05","lastlocationid":0,"currentlocationid":20864,"nextlocationid":0,"currentstop":null,"nextstop":null,"laststop":null,"stopCoveredStatus":0,"heading":179,"lastrefreshon":"28-07-2024 19:26:40","lastreceiveddatetimeflag":1,"tripposition":3}]},{"routeid":10326,"stationid":22206,"stationname":"KR Pura Market","from":"Ayyappa Nagara Muneshwara Temple Sadaramangala","to":"Kempegowda Bus Station","routeno":"311-E KBS-VSD-AMT","distance_on_station":2.073,"centerlat":13.00821,"centerlong":77.69535,"responsecode":200,"isnotify":0,"vehicleDetails":[{"vehicleid":21155,"vehiclenumber":"KA57F1556","servicetypeid":72,"servicetype":"Non AC/Ordinary","centerlat":13.002183,"centerlong":77.683632,"eta":"","sch_arrivaltime":"09:11","sch_departuretime":"09:11","actual_arrivaltime":"","actual_departuretime":"","sch_tripstarttime":"09:05","sch_tripendtime":"09:05","lastlocationid":0,"currentlocationid":20864,"nextlocationid":0,"currentstop":null,"nextstop":null,"laststop":null,"stopCoveredStatus":0,"heading":179,"lastrefreshon":"28-07-2024 19:26:40","lastreceiveddatetimeflag":1,"tripposition":3}]},{"routeid":10326,"stationid":22204,"stationname":"Krishnaraja Pura Govt Hospital","from":"Ayyappa Nagara Muneshwara Temple Sadaramangala","to":"Kempegowda Bus Station","routeno":"311-E KBS-VSD-AMT","distance_on_station":2.443,"centerlat":13.00804,"centerlong":77.69217,"responsecode":200,"isnotify":0,"vehicleDetails":[{"vehicleid":21155,"vehiclenumber":"KA57F1556","servicetypeid":72,"servicetype":"Non AC/Ordinary","centerlat":13.002183,"centerlong":77.683632,"eta":"","sch_arrivaltime":"09:12","sch_departuretime":"09:12","actual_arrivaltime":"","actual_departuretime":"","sch_tripstarttime":"09:05","sch_tripendtime":"09:05","lastlocationid":0,"currentlocationid":20864,"nextlocationid":0,"currentstop":null,"nextstop":null,"laststop":null,"stopCoveredStatus":0,"heading":179,"lastrefreshon":"28-07-2024 19:26:40","lastreceiveddatetimeflag":1,"tripposition":3}]},{"routeid":10326,"stationid":20864,"stationname":"ITI Colony Gate","from":"Ayyappa Nagara Muneshwara Temple Sadaramangala","to":"Kempegowda Bus Station","routeno":"311-E KBS-VSD-AMT","distance_on_station":3.341,"centerlat":13.00503,"centerlong":77.68506,"responsecode":200,"isnotify":0,"vehicleDetails":[{"vehicleid":21155,"vehiclenumber":"KA57F1556","servicetypeid":72,"servicetype":"Non AC/Ordinary","centerlat":13.002183,"centerlong":77.683632,"eta":"","sch_arrivaltime":"09:13","sch_departuretime":"09:13","actual_arrivaltime":"","actual_departuretime":"","sch_tripstarttime":"09:05","sch_tripendtime":"09:05","lastlocationid":0,"currentlocationid":20864,"nextlocationid":0,"currentstop":null,"nextstop":null,"laststop":null,"stopCoveredStatus":0,"heading":179,"lastrefreshon":"28-07-2024 19:26:40","lastreceiveddatetimeflag":1,"tripposition":3}]},{"routeid":10326,"stationid":21228,"stationname":"Tin Factory","from":"Ayyappa Nagara Muneshwara Temple Sadaramangala","to":"Kempegowda Bus Station","routeno":"311-E KBS-VSD-AMT","distance_on_station":5.488,"centerlat":12.99645,"centerlong":77.66857,"responsecode":200,"isnotify":0,"vehicleDetails":[{"vehicleid":21155,"vehiclenumber":"KA57F1556","servicetypeid":72,"servicetype":"Non AC/Ordinary","centerlat":13.002183,"centerlong":77.683632,"eta":"","sch_arrivaltime":"09:16","sch_departuretime":"09:16","actual_arrivaltime":"","actual_departuretime":"","sch_tripstarttime":"09:05","sch_tripendtime":"09:05","lastlocationid":0,"currentlocationid":20864,"nextlocationid":0,"currentstop":null,"nextstop":null,"laststop":null,"stopCoveredStatus":0,"heading":179,"lastrefreshon":"28-07-2024 19:26:40","lastreceiveddatetimeflag":1,"tripposition":3}]},{"routeid":10326,"stationid":20657,"stationname":"Benniganahalli","from":"Ayyappa Nagara Muneshwara Temple Sadaramangala","to":"Kempegowda Bus Station","routeno":"311-E KBS-VSD-AMT","distance_on_station":6.165,"centerlat":12.99406,"centerlong":77.6632,"responsecode":200,"isnotify":0,"vehicleDetails":[{"vehicleid":21155,"vehiclenumber":"KA57F1556","servicetypeid":72,"servicetype":"Non AC/Ordinary","centerlat":13.002183,"centerlong":77.683632,"eta":"","sch_arrivaltime":"09:17","sch_departuretime":"09:17","actual_arrivaltime":"","actual_departuretime":"","sch_tripstarttime":"09:05","sch_tripendtime":"09:05","lastlocationid":0,"currentlocationid":20864,"nextlocationid":0,"currentstop":null,"nextstop":null,"laststop":null,"stopCoveredStatus":0,"heading":179,"lastrefreshon":"28-07-2024 19:26:40","lastreceiveddatetimeflag":1,"tripposition":3}]},{"routeid":10326,"stationid":20635,"stationname":"Bayyappanahalli Metro Station","from":"Ayyappa Nagara Muneshwara Temple Sadaramangala","to":"Kempegowda Bus Station","routeno":"311-E KBS-VSD-AMT","distance_on_station":7.328,"centerlat":12.98967,"centerlong":77.65404,"responsecode":200,"isnotify":0,"vehicleDetails":[{"vehicleid":21155,"vehiclenumber":"KA57F1556","servicetypeid":72,"servicetype":"Non AC/Ordinary","centerlat":13.002183,"centerlong":77.683632,"eta":"","sch_arrivaltime":"09:19","sch_departuretime":"09:19","actual_arrivaltime":"","actual_departuretime":"","sch_tripstarttime":"09:05","sch_tripendtime":"09:05","lastlocationid":0,"currentlocationid":20864,"nextlocationid":0,"currentstop":null,"nextstop":null,"laststop":null,"stopCoveredStatus":0,"heading":179,"lastrefreshon":"28-07-2024 19:26:40","lastreceiveddatetimeflag":1,"tripposition":3}]},{"routeid":10326,"stationid":21061,"stationname":"NGEF","from":"Ayyappa Nagara Muneshwara Temple Sadaramangala","to":"Kempegowda Bus Station","routeno":"311-E KBS-VSD-AMT","distance_on_station":7.857,"centerlat":12.98771,"centerlong":77.64986,"responsecode":200,"isnotify":0,"vehicleDetails":[{"vehicleid":21155,"vehiclenumber":"KA57F1556","servicetypeid":72,"servicetype":"Non AC/Ordinary","centerlat":13.002183,"centerlong":77.683632,"eta":"","sch_arrivaltime":"09:21","sch_departuretime":"09:21","actual_arrivaltime":"","actual_departuretime":"","sch_tripstarttime":"09:05","sch_tripendtime":"09:05","lastlocationid":0,"currentlocationid":20864,"nextlocationid":0,"currentstop":null,"nextstop":null,"laststop":null,"stopCoveredStatus":0,"heading":179,"lastrefreshon":"28-07-2024 19:26:40","lastreceiveddatetimeflag":1,"tripposition":3}]},{"routeid":10326,"stationid":20862,"stationname":"Swamy Vivekananda Metro Station/Isolation Hospital","from":"Ayyappa Nagara Muneshwara Temple Sadaramangala","to":"Kempegowda Bus Station","routeno":"311-E KBS-VSD-AMT","distance_on_station":8.66,"centerlat":12.98507,"centerlong":77.6434,"responsecode":200,"isnotify":0,"vehicleDetails":[{"vehicleid":21155,"vehiclenumber":"KA57F1556","servicetypeid":72,"servicetype":"Non AC/Ordinary","centerlat":13.002183,"centerlong":77.683632,"eta":"","sch_arrivaltime":"09:25","sch_departuretime":"09:25","actual_arrivaltime":"","actual_departuretime":"","sch_tripstarttime":"09:05","sch_tripendtime":"09:05","lastlocationid":0,"currentlocationid":20864,"nextlocationid":0,"currentstop":null,"nextstop":null,"laststop":null,"stopCoveredStatus":0,"heading":179,"lastrefreshon":"28-07-2024 19:26:40","lastreceiveddatetimeflag":1,"tripposition":3}]},{"routeid":10326,"stationid":20671,"stationname":"Binnamangala","from":"Ayyappa Nagara Muneshwara Temple Sadaramangala","to":"Kempegowda Bus Station","routeno":"311-E KBS-VSD-AMT","distance_on_station":9.062,"centerlat":12.98384,"centerlong":77.64002,"responsecode":200,"isnotify":0,"vehicleDetails":[{"vehicleid":21155,"vehiclenumber":"KA57F1556","servicetypeid":72,"servicetype":"Non AC/Ordinary","centerlat":13.002183,"centerlong":77.683632,"eta":"","sch_arrivaltime":"09:26","sch_departuretime":"09:26","actual_arrivaltime":"","actual_departuretime":"","sch_tripstarttime":"09:05","sch_tripendtime":"09:05","lastlocationid":0,"currentlocationid":20864,"nextlocationid":0,"currentstop":null,"nextstop":null,"laststop":null,"stopCoveredStatus":0,"heading":179,"lastrefreshon":"28-07-2024 19:26:40","lastreceiveddatetimeflag":1,"tripposition":3}]},{"routeid":10326,"stationid":20742,"stationname":"Depot-06 Gate","from":"Ayyappa Nagara Muneshwara Temple Sadaramangala","to":"Kempegowda Bus Station","routeno":"311-E KBS-VSD-AMT","distance_on_station":9.707,"centerlat":12.98246,"centerlong":77.63463,"responsecode":200,"isnotify":0,"vehicleDetails":[{"vehicleid":21155,"vehiclenumber":"KA57F1556","servicetypeid":72,"servicetype":"Non AC/Ordinary","centerlat":13.002183,"centerlong":77.683632,"eta":"","sch_arrivaltime":"09:27","sch_departuretime":"09:27","actual_arrivaltime":"","actual_departuretime":"","sch_tripstarttime":"09:05","sch_tripendtime":"09:05","lastlocationid":0,"currentlocationid":20864,"nextlocationid":0,"currentstop":null,"nextstop":null,"laststop":null,"stopCoveredStatus":0,"heading":179,"lastrefreshon":"28-07-2024 19:26:40","lastreceiveddatetimeflag":1,"tripposition":3}]},{"routeid":10326,"stationid":20806,"stationname":"Halasuru","from":"Ayyappa Nagara Muneshwara Temple Sadaramangala","to":"Kempegowda Bus Station","routeno":"311-E KBS-VSD-AMT","distance_on_station":10.68,"centerlat":12.97793,"centerlong":77.6283,"responsecode":200,"isnotify":0,"vehicleDetails":[{"vehicleid":21155,"vehiclenumber":"KA57F1556","servicetypeid":72,"servicetype":"Non AC/Ordinary","centerlat":13.002183,"centerlong":77.683632,"eta":"","sch_arrivaltime":"09:29","sch_departuretime":"09:29","actual_arrivaltime":"","actual_departuretime":"","sch_tripstarttime":"09:05","sch_tripendtime":"09:05","lastlocationid":0,"currentlocationid":20864,"nextlocationid":0,"currentstop":null,"nextstop":null,"laststop":null,"stopCoveredStatus":0,"heading":179,"lastrefreshon":"28-07-2024 19:26:40","lastreceiveddatetimeflag":1,"tripposition":3}]},{"routeid":10326,"stationid":20969,"stationname":"Lido Talkies","from":"Ayyappa Nagara Muneshwara Temple Sadaramangala","to":"Kempegowda Bus Station","routeno":"311-E KBS-VSD-AMT","distance_on_station":11.674,"centerlat":12.97282,"centerlong":77.6214,"responsecode":200,"isnotify":0,"vehicleDetails":[{"vehicleid":21155,"vehiclenumber":"KA57F1556","servicetypeid":72,"servicetype":"Non AC/Ordinary","centerlat":13.002183,"centerlong":77.683632,"eta":"","sch_arrivaltime":"09:32","sch_departuretime":"09:32","actual_arrivaltime":"","actual_departuretime":"","sch_tripstarttime":"09:05","sch_tripendtime":"09:05","lastlocationid":0,"currentlocationid":20864,"nextlocationid":0,"currentstop":null,"nextstop":null,"laststop":null,"stopCoveredStatus":0,"heading":179,"lastrefreshon":"28-07-2024 19:26:40","lastreceiveddatetimeflag":1,"tripposition":3}]},{"routeid":10326,"stationid":22255,"stationname":"Manipal Centre MG Road","from":"Ayyappa Nagara Muneshwara Temple Sadaramangala","to":"Kempegowda Bus Station","routeno":"311-E KBS-VSD-AMT","distance_on_station":12.932,"centerlat":12.97552,"centerlong":77.61356,"responsecode":200,"isnotify":0,"vehicleDetails":[{"vehicleid":21155,"vehiclenumber":"KA57F1556","servicetypeid":72,"servicetype":"Non AC/Ordinary","centerlat":13.002183,"centerlong":77.683632,"eta":"","sch_arrivaltime":"09:35","sch_departuretime":"09:35","actual_arrivaltime":"","actual_departuretime":"","sch_tripstarttime":"09:05","sch_tripendtime":"09:05","lastlocationid":0,"currentlocationid":20864,"nextlocationid":0,"currentstop":null,"nextstop":null,"laststop":null,"stopCoveredStatus":0,"heading":179,"lastrefreshon":"28-07-2024 19:26:40","lastreceiveddatetimeflag":1,"tripposition":3}]},{"routeid":10326,"stationid":22252,"stationname":"Maniksha Parade Ground","from":"Ayyappa Nagara Muneshwara Temple Sadaramangala","to":"Kempegowda Bus Station","routeno":"311-E KBS-VSD-AMT","distance_on_station":13.641,"centerlat":12.97746,"centerlong":77.60771,"responsecode":200,"isnotify":0,"vehicleDetails":[{"vehicleid":21155,"vehiclenumber":"KA57F1556","servicetypeid":72,"servicetype":"Non AC/Ordinary","centerlat":13.002183,"centerlong":77.683632,"eta":"","sch_arrivaltime":"09:36","sch_departuretime":"09:36","actual_arrivaltime":"","actual_departuretime":"","sch_tripstarttime":"09:05","sch_tripendtime":"09:05","lastlocationid":0,"currentlocationid":20864,"nextlocationid":0,"currentstop":null,"nextstop":null,"laststop":null,"stopCoveredStatus":0,"heading":179,"lastrefreshon":"28-07-2024 19:26:40","lastreceiveddatetimeflag":1,"tripposition":3}]},{"routeid":10326,"stationid":21258,"stationname":"Vidhana Soudha Karnataka High Court","from":"Ayyappa Nagara Muneshwara Temple Sadaramangala","to":"Kempegowda Bus Station","routeno":"311-E KBS-VSD-AMT","distance_on_station":15.787,"centerlat":12.97821,"centerlong":77.59135,"responsecode":200,"isnotify":0,"vehicleDetails":[{"vehicleid":21155,"vehiclenumber":"KA57F1556","servicetypeid":72,"servicetype":"Non AC/Ordinary","centerlat":13.002183,"centerlong":77.683632,"eta":"","sch_arrivaltime":"09:41","sch_departuretime":"09:41","actual_arrivaltime":"","actual_departuretime":"","sch_tripstarttime":"09:05","sch_tripendtime":"09:05","lastlocationid":0,"currentlocationid":20864,"nextlocationid":0,"currentstop":null,"nextstop":null,"laststop":null,"stopCoveredStatus":0,"heading":179,"lastrefreshon":"28-07-2024 19:26:40","lastreceiveddatetimeflag":1,"tripposition":3}]},{"routeid":10326,"stationid":20983,"stationname":"Maharani College","from":"Ayyappa Nagara Muneshwara Temple Sadaramangala","to":"Kempegowda Bus Station","routeno":"311-E KBS-VSD-AMT","distance_on_station":16.601,"centerlat":12.97697,"centerlong":77.58567,"responsecode":200,"isnotify":0,"vehicleDetails":[{"vehicleid":21155,"vehiclenumber":"KA57F1556","servicetypeid":72,"servicetype":"Non AC/Ordinary","centerlat":13.002183,"centerlong":77.683632,"eta":"","sch_arrivaltime":"09:43","sch_departuretime":"09:43","actual_arrivaltime":"","actual_departuretime":"","sch_tripstarttime":"09:05","sch_tripendtime":"09:05","lastlocationid":0,"currentlocationid":20864,"nextlocationid":0,"currentstop":null,"nextstop":null,"laststop":null,"stopCoveredStatus":0,"heading":179,"lastrefreshon":"28-07-2024 19:26:40","lastreceiveddatetimeflag":1,"tripposition":3}]},{"routeid":10326,"stationid":20697,"stationname":"Cauvery Bhavana","from":"Ayyappa Nagara Muneshwara Temple Sadaramangala","to":"Kempegowda Bus Station","routeno":"311-E KBS-VSD-AMT","distance_on_station":17.352,"centerlat":12.97372,"centerlong":77.58157,"responsecode":200,"isnotify":0,"vehicleDetails":[{"vehicleid":21155,"vehiclenumber":"KA57F1556","servicetypeid":72,"servicetype":"Non AC/Ordinary","centerlat":13.002183,"centerlong":77.683632,"eta":"","sch_arrivaltime":"09:44","sch_departuretime":"09:44","actual_arrivaltime":"","actual_departuretime":"","sch_tripstarttime":"09:05","sch_tripendtime":"09:05","lastlocationid":0,"currentlocationid":20864,"nextlocationid":0,"currentstop":null,"nextstop":null,"laststop":null,"stopCoveredStatus":0,"heading":179,"lastrefreshon":"28-07-2024 19:26:40","lastreceiveddatetimeflag":1,"tripposition":3}]},{"routeid":10326,"stationid":20922,"stationname":"Kempegowda Bus Station","from":"Ayyappa Nagara Muneshwara Temple Sadaramangala","to":"Kempegowda Bus Station","routeno":"311-E KBS-VSD-AMT","distance_on_station":18.6,"centerlat":12.97749,"centerlong":77.57327,"responsecode":200,"isnotify":0,"vehicleDetails":[{"vehicleid":21155,"vehiclenumber":"KA57F1556","servicetypeid":72,"servicetype":"Non AC/Ordinary","centerlat":13.002183,"centerlong":77.683632,"eta":"","sch_arrivaltime":"09:50","sch_departuretime":"09:50","actual_arrivaltime":"","actual_departuretime":"","sch_tripstarttime":"09:05","sch_tripendtime":"09:05","lastlocationid":0,"currentlocationid":20864,"nextlocationid":0,"currentstop":null,"nextstop":null,"laststop":null,"stopCoveredStatus":0,"heading":179,"lastrefreshon":"28-07-2024 19:26:40","lastreceiveddatetimeflag":1,"tripposition":1}]}],"mapData":[{"vehicleid":21155,"vehiclenumber":"KA57F1556","servicetypeid":72,"servicetype":"Non AC/Ordinary","centerlat":13.002183,"centerlong":77.683632,"eta":"","sch_arrivaltime":"09:50","sch_departuretime":"09:50","actual_arrivaltime":"","actual_departuretime":"","sch_tripstarttime":"09:05","sch_tripendtime":"09:05","lastlocationid":0,"currentlocationid":20864,"nextlocationid":0,"currentstop":null,"nextstop":null,"laststop":null,"stopCoveredStatus":0,"heading":179,"lastrefreshon":"28-07-2024 19:26:40","lastreceiveddatetimeflag":1,"tripposition":1}]},"message":"Success","issuccess":true,"exception":null,"rowCount":0,"responsecode":200}