{"up":{"data":[{"routeid":5783,"stationid":20741,"stationname":"Depot-06 Gate","from":"Depot-06 Gate","to":"DRDO 2nd Stage","routeno":"314-A D06G-DRDO2S","distance_on_station":0,"centerlat":12.98262,"centerlong":77.63503,"responsecode":200,"isnotify":0,"vehicleDetails":[{"vehicleid":15278,"vehiclenumber":"KA01F9022","servicetypeid":72,"servicetype":"Non AC/Ordinary","centerlat":12.98212,"centerlong":77.634972,"eta":"","sch_arrivaltime":"07:11","sch_departuretime":"07:11","actual_arrivaltime":"","actual_departuretime":"","sch_tripstarttime":"07:11","sch_tripendtime":"07:11","lastlocationid":0,"currentlocationid":20741,"nextlocationid":0,"currentstop":null,"nextstop":null,"laststop":null,"stopCoveredStatus":0,"heading":321,"lastrefreshon":"29-07-2024 02:38:29","lastreceiveddatetimeflag":0,"tripposition":1}]},{"routeid":5783,"stationid":20672,"stationname":"Binnamangala","from":"Depot-06 Gate","to":"DRDO 2nd Stage","routeno":"314-A D06G-DRDO2S","distance_on_station":0.507,"centerlat":12.98331,"centerlong":77.63834,"responsecode":200,"isnotify":0,"vehicleDetails":[{"vehicleid":15278,"vehiclenumber":"KA01F9022","servicetypeid":72,"servicetype":"Non AC/Ordinary","centerlat":12.98212,"centerlong":77.634972,"eta":"","sch_arrivaltime":"07:12","sch_departuretime":"07:12","actual_arrivaltime":"","actual_departuretime":"","sch_tripstarttime":"07:11","sch_tripendtime":"07:11","lastlocationid":0,"currentlocationid":20741,"nextlocationid":0,"currentstop":null,"nextstop":null,"laststop":null,"stopCoveredStatus":0,"heading":321,"lastrefreshon":"29-07-2024 02:38:29","lastreceiveddatetimeflag":0,"tripposition":3}]},{"routeid":5783,"stationid":22527,"stationname":"Swamy Vivekananda Metro Station/Isolation Hospital","from":"Depot-06 Gate","to":"DRDO 2nd Stage","routeno":"314-A D06G-DRDO2S","distance_on_station":1.604,"centerlat":12.9859,"centerlong":77.6452,"responsecode":200,"isnotify":0,"vehicleDetails":[{"vehicleid":15278,"vehiclenumber":"KA01F9022","servicetypeid":72,"servicetype":"Non AC/Ordinary","centerlat":12.98212,"centerlong":77.634972,"eta":"","sch_arrivaltime":"07:15","sch_departuretime":"07:15","actual_arrivaltime":"","actual_departuretime":"","sch_tripstarttime":"07:11","sch_tripendtime":"07:11","lastlocationid":0,"currentlocationid":20741,"nextlocationid":0,"currentstop":null,"nextstop":null,"laststop":null,"stopCoveredStatus":0,"heading":321,"lastrefreshon":"29-07-2024 02:38:29","lastreceiveddatetimeflag":0,"tripposition":3}]},{"routeid":5783,"stationid":26771,"stationname":"Suranjan Das Road/NGEF","from":"Depot-06 Gate","to":"DRDO 2nd Stage","routeno":"314-A D06G-DRDO2S","distance_on_station":2.139,"centerlat":12.98643,"centerlong":77.6481,"responsecode":200,"isnotify":0,"vehicleDetails":[{"vehicleid":15278,"vehiclenumber":"KA01F9022","servicetypeid":72,"servicetype":"Non AC/Ordinary","centerlat":12.98212,"centerlong":77.634972,"eta":"","sch_arrivaltime":"07:16","sch_departuretime":"07:16","actual_arrivaltime":"","actual_departuretime":"","sch_tripstarttime":"07:11","sch_tripendtime":"07:11","lastlocationid":0,"currentlocationid":20741,"nextlocationid":0,"currentstop":null,"nextstop":null,"laststop":null,"stopCoveredStatus":0,"heading":321,"lastrefreshon":"29-07-2024 02:38:29","lastreceiveddatetimeflag":0,"tripposition":3}]},{"routeid":5783,"stationid":25560,"stationname":"GTRE Engine Division","from":"Depot-06 Gate","to":"DRDO 2nd Stage","routeno":"314-A D06G-DRDO2S","distance_on_station":2.619,"centerlat":12.9836,"centerlong":77.64942,"responsecode":200,"isnotify":0,"vehicleDetails":[{"vehicleid":15278,"vehiclenumber":"KA01F9022","servicetypeid":72,"servicetype":"Non AC/Ordinary","centerlat":12.98212,"centerlong":77.634972,"eta":"","sch_arrivaltime":"07:17","sch_departuretime":"07:17","actual_arrivaltime":"","actual_departuretime":"","sch_tripstarttime":"07:11","sch_tripendtime":"07:11","lastlocationid":0,"currentlocationid":20741,"nextlocationid":0,"currentstop":null,"nextstop":null,"laststop":null,"stopCoveredStatus":0,"heading":321,"lastrefreshon":"29-07-2024 02:38:29","lastreceiveddatetimeflag":0,"tripposition":3}]},{"routeid":5783,"stationid":21652,"stationname":"A P J Abdul Kalam Statue","from":"Depot-06 Gate","to":"DRDO 2nd Stage","routeno":"314-A D06G-DRDO2S","distance_on_station":3.647,"centerlat":12.97972,"centerlong":77.65404,"responsecode":200,"isnotify":0,"vehicleDetails":[{"vehicleid":15278,"vehiclenumber":"KA01F9022","servicetypeid":72,"servicetype":"Non AC/Ordinary","centerlat":12.98212,"centerlong":77.634972,"eta":"","sch_arrivaltime":"07:18","sch_departuretime":"07:18","actual_arrivaltime":"","actual_departuretime":"","sch_tripstarttime":"07:11","sch_tripendtime":"07:11","lastlocationid":0,"currentlocationid":20741,"nextlocationid":0,"currentstop":null,"nextstop":null,"laststop":null,"stopCoveredStatus":0,"heading":321,"lastrefreshon":"29-07-2024 02:38:29","lastreceiveddatetimeflag":0,"tripposition":3}]},{"routeid":5783,"stationid":21925,"stationname":"DRDO Quarters","from":"Depot-06 Gate","to":"DRDO 2nd Stage","routeno":"314-A D06G-DRDO2S","distance_on_station":5.21,"centerlat":12.98546,"centerlong":77.66133,"responsecode":200,"isnotify":0,"vehicleDetails":[{"vehicleid":15278,"vehiclenumber":"KA01F9022","servicetypeid":72,"servicetype":"Non AC/Ordinary","centerlat":12.98212,"centerlong":77.634972,"eta":"","sch_arrivaltime":"07:21","sch_departuretime":"07:21","actual_arrivaltime":"","actual_departuretime":"","sch_tripstarttime":"07:11","sch_tripendtime":"07:11","lastlocationid":0,"currentlocationid":20741,"nextlocationid":0,"currentstop":null,"nextstop":null,"laststop":null,"stopCoveredStatus":0,"heading":321,"lastrefreshon":"29-07-2024 02:38:29","lastreceiveddatetimeflag":0,"tripposition":3}]},{"routeid":5783,"stationid":35262,"stationname":"CV Raman Nagara","from":"Depot-06 Gate","to":"DRDO 2nd Stage","routeno":"314-A D06G-DRDO2S","distance_on_station":5.607,"centerlat":12.98555,"centerlong":77.66382,"responsecode":200,"isnotify":0,"vehicleDetails":[{"vehicleid":15278,"vehiclenumber":"KA01F9022","servicetypeid":72,"servicetype":"Non AC/Ordinary","centerlat":12.98212,"centerlong":77.634972,"eta":"","sch_arrivaltime":"07:22","sch_departuretime":"07:22","actual_arrivaltime":"","actual_departuretime":"","sch_tripstarttime":"07:11","sch_tripendtime":"07:11","lastlocationid":0,"currentlocationid":20741,"nextlocationid":0,"currentstop":null,"nextstop":null,"laststop":null,"stopCoveredStatus":0,"heading":321,"lastrefreshon":"29-07-2024 02:38:29","lastreceiveddatetimeflag":0,"tripposition":3}]},{"routeid":5783,"stationid":30591,"stationname":"Kaggadasapura Main Road","from":"Depot-06 Gate","to":"DRDO 2nd Stage","routeno":"314-A D06G-DRDO2S","distance_on_station":6.965,"centerlat":12.9856,"centerlong":77.67253,"responsecode":200,"isnotify":0,"vehicleDetails":[{"vehicleid":15278,"vehiclenumber":"KA01F9022","servicetypeid":72,"servicetype":"Non AC/Ordinary","centerlat":12.98212,"centerlong":77.634972,"eta":"","sch_arrivaltime":"07:24","sch_departuretime":"07:24","actual_arrivaltime":"","actual_departuretime":"","sch_tripstarttime":"07:11","sch_tripendtime":"07:11","lastlocationid":0,"currentlocationid":20741,"nextlocationid":0,"currentstop":null,"nextstop":null,"laststop":null,"stopCoveredStatus":0,"heading":321,"lastrefreshon":"29-07-2024 02:38:29","lastreceiveddatetimeflag":0,"tripposition":3}]},{"routeid":5783,"stationid":30589,"stationname":"Kaggadasapura","from":"Depot-06 Gate","to":"DRDO 2nd Stage","routeno":"314-A D06G-DRDO2S","distance_on_station":7.938,"centerlat":12.9841,"centerlong":77.6789,"responsecode":200,"isnotify":0,"vehicleDetails":[{"vehicleid":15278,"vehiclenumber":"KA01F9022","servicetypeid":72,"servicetype":"Non AC/Ordinary","centerlat":12.98212,"centerlong":77.634972,"eta":"","sch_arrivaltime":"07:26","sch_departuretime":"07:26","actual_arrivaltime":"","actual_departuretime":"","sch_tripstarttime":"07:11","sch_tripendtime":"07:11","lastlocationid":0,"currentlocationid":20741,"nextlocationid":0,"currentstop":null,"nextstop":null,"laststop":null,"stopCoveredStatus":0,"heading":321,"lastrefreshon":"29-07-2024 02:38:29","lastreceiveddatetimeflag":0,"tripposition":3}]},{"routeid":5783,"stationid":25158,"stationname":"DRDO 2nd Stage","from":"Depot-06 Gate","to":"DRDO 2nd Stage","routeno":"314-A D06G-DRDO2S","distance_on_station":8.5,"centerlat":12.9859,"centerlong":77.67917,"responsecode":200,"isnotify":0,"vehicleDetails":[{"vehicleid":15278,"vehiclenumber":"KA01F9022","servicetypeid":72,"servicetype":"Non AC/Ordinary","centerlat":12.98212,"centerlong":77.634972,"eta":"","sch_arrivaltime":"07:27","sch_departuretime":"07:27","actual_arrivaltime":"","actual_departuretime":"","sch_tripstarttime":"07:11","sch_tripendtime":"07:11","lastlocationid":0,"currentlocationid":20741,"nextlocationid":0,"currentstop":null,"nextstop":null,"laststop":null,"stopCoveredStatus":0,"heading":321,"lastrefreshon":"29-07-2024 02:38:29","lastreceiveddatetimeflag":0,"tripposition":1}]}],"mapData":[{"vehicleid":15278,"vehiclenumber":"KA01F9022","servicetypeid":72,"servicetype":"Non AC/Ordinary","centerlat":12.98212,"centerlong":77.634972,"eta":"","sch_arrivaltime":"07:27","sch_departuretime":"07:27","actual_arrivaltime":"","actual_departuretime":"","sch_tripstarttime":"07:11","sch_tripendtime":"07:11","lastlocationid":0,"currentlocationid":20741,"nextlocationid":0,"currentstop":null,"nextstop":null,"laststop":null,"stopCoveredStatus":0,"heading":321,"lastrefreshon":"29-07-2024 02:38:29","lastreceiveddatetimeflag":0,"tripposition":1}]},"down":{"data":[],"mapData":[]},"message":"Success","issuccess":true,"exception":null,"rowCount":0,"responsecode":200}