{"up":{"data":[],"mapData":[]},"down":{"data":[{"routeid":4399,"stationid":22204,"stationname":"Krishnaraja Pura Govt Hospital","from":"Krishnaraja Pura Govt Hospital","to":"Shanthinagara Bus Station","routeno":"315 SNBS-KRPGH","distance_on_station":0,"centerlat":13.00804,"centerlong":77.69217,"responsecode":200,"isnotify":0,"vehicleDetails":[{"vehicleid":21249,"vehiclenumber":"KA57F2309","servicetypeid":72,"servicetype":"Non AC/Ordinary","centerlat":13.001984,"centerlong":77.684059,"eta":"","sch_arrivaltime":"17:20","sch_departuretime":"17:20","actual_arrivaltime":"17:06","actual_departuretime":"17:06","sch_tripstarttime":"17:20","sch_tripendtime":"17:20","lastlocationid":0,"currentlocationid":20864,"nextlocationid":0,"currentstop":null,"nextstop":null,"laststop":null,"stopCoveredStatus":1,"heading":168,"lastrefreshon":"06-11-2024 21:22:02","lastreceiveddatetimeflag":1,"tripposition":3}]},{"routeid":4399,"stationid":20864,"stationname":"ITI Colony Gate","from":"Krishnaraja Pura Govt Hospital","to":"Shanthinagara Bus Station","routeno":"315 SNBS-KRPGH","distance_on_station":0.934,"centerlat":13.00503,"centerlong":77.68506,"responsecode":200,"isnotify":0,"vehicleDetails":[{"vehicleid":21249,"vehiclenumber":"KA57F2309","servicetypeid":72,"servicetype":"Non AC/Ordinary","centerlat":13.001984,"centerlong":77.684059,"eta":"","sch_arrivaltime":"17:21","sch_departuretime":"17:21","actual_arrivaltime":"17:07","actual_departuretime":"17:08","sch_tripstarttime":"17:20","sch_tripendtime":"17:20","lastlocationid":0,"currentlocationid":20864,"nextlocationid":0,"currentstop":null,"nextstop":null,"laststop":null,"stopCoveredStatus":1,"heading":168,"lastrefreshon":"06-11-2024 21:22:02","lastreceiveddatetimeflag":1,"tripposition":3}]},{"routeid":4399,"stationid":21228,"stationname":"Tin Factory","from":"Krishnaraja Pura Govt Hospital","to":"Shanthinagara Bus Station","routeno":"315 SNBS-KRPGH","distance_on_station":3.154,"centerlat":12.99645,"centerlong":77.66857,"responsecode":200,"isnotify":0,"vehicleDetails":[{"vehicleid":21249,"vehiclenumber":"KA57F2309","servicetypeid":72,"servicetype":"Non AC/Ordinary","centerlat":13.001984,"centerlong":77.684059,"eta":"","sch_arrivaltime":"17:24","sch_departuretime":"17:24","actual_arrivaltime":"17:12","actual_departuretime":"17:14","sch_tripstarttime":"17:20","sch_tripendtime":"17:20","lastlocationid":0,"currentlocationid":20864,"nextlocationid":0,"currentstop":null,"nextstop":null,"laststop":null,"stopCoveredStatus":1,"heading":168,"lastrefreshon":"06-11-2024 21:22:02","lastreceiveddatetimeflag":1,"tripposition":3}]},{"routeid":4399,"stationid":20657,"stationname":"Benniganahalli","from":"Krishnaraja Pura Govt Hospital","to":"Shanthinagara Bus Station","routeno":"315 SNBS-KRPGH","distance_on_station":3.846,"centerlat":12.99406,"centerlong":77.6632,"responsecode":200,"isnotify":0,"vehicleDetails":[{"vehicleid":21249,"vehiclenumber":"KA57F2309","servicetypeid":72,"servicetype":"Non AC/Ordinary","centerlat":13.001984,"centerlong":77.684059,"eta":"","sch_arrivaltime":"17:25","sch_departuretime":"17:25","actual_arrivaltime":"17:15","actual_departuretime":"17:16","sch_tripstarttime":"17:20","sch_tripendtime":"17:20","lastlocationid":0,"currentlocationid":20864,"nextlocationid":0,"currentstop":null,"nextstop":null,"laststop":null,"stopCoveredStatus":1,"heading":168,"lastrefreshon":"06-11-2024 21:22:02","lastreceiveddatetimeflag":1,"tripposition":3}]},{"routeid":4399,"stationid":20635,"stationname":"Bayyappanahalli Metro Station","from":"Krishnaraja Pura Govt Hospital","to":"Shanthinagara Bus Station","routeno":"315 SNBS-KRPGH","distance_on_station":5.066,"centerlat":12.98967,"centerlong":77.65404,"responsecode":200,"isnotify":0,"vehicleDetails":[{"vehicleid":21249,"vehiclenumber":"KA57F2309","servicetypeid":72,"servicetype":"Non AC/Ordinary","centerlat":13.001984,"centerlong":77.684059,"eta":"","sch_arrivaltime":"17:27","sch_departuretime":"17:27","actual_arrivaltime":"17:20","actual_departuretime":"17:23","sch_tripstarttime":"17:20","sch_tripendtime":"17:20","lastlocationid":0,"currentlocationid":20864,"nextlocationid":0,"currentstop":null,"nextstop":null,"laststop":null,"stopCoveredStatus":1,"heading":168,"lastrefreshon":"06-11-2024 21:22:02","lastreceiveddatetimeflag":1,"tripposition":3}]},{"routeid":4399,"stationid":21061,"stationname":"NGEF","from":"Krishnaraja Pura Govt Hospital","to":"Shanthinagara Bus Station","routeno":"315 SNBS-KRPGH","distance_on_station":5.616,"centerlat":12.98771,"centerlong":77.64986,"responsecode":200,"isnotify":0,"vehicleDetails":[{"vehicleid":21249,"vehiclenumber":"KA57F2309","servicetypeid":72,"servicetype":"Non AC/Ordinary","centerlat":13.001984,"centerlong":77.684059,"eta":"","sch_arrivaltime":"17:29","sch_departuretime":"17:29","actual_arrivaltime":"17:29","actual_departuretime":"17:29","sch_tripstarttime":"17:20","sch_tripendtime":"17:20","lastlocationid":0,"currentlocationid":20864,"nextlocationid":0,"currentstop":null,"nextstop":null,"laststop":null,"stopCoveredStatus":1,"heading":168,"lastrefreshon":"06-11-2024 21:22:02","lastreceiveddatetimeflag":1,"tripposition":3}]},{"routeid":4399,"stationid":20862,"stationname":"Swamy Vivekananda Metro Station/Isolation Hospital","from":"Krishnaraja Pura Govt Hospital","to":"Shanthinagara Bus Station","routeno":"315 SNBS-KRPGH","distance_on_station":6.187,"centerlat":12.98507,"centerlong":77.6434,"responsecode":200,"isnotify":0,"vehicleDetails":[{"vehicleid":21249,"vehiclenumber":"KA57F2309","servicetypeid":72,"servicetype":"Non AC/Ordinary","centerlat":13.001984,"centerlong":77.684059,"eta":"","sch_arrivaltime":"17:31","sch_departuretime":"17:31","actual_arrivaltime":"17:35","actual_departuretime":"17:36","sch_tripstarttime":"17:20","sch_tripendtime":"17:20","lastlocationid":0,"currentlocationid":20864,"nextlocationid":0,"currentstop":null,"nextstop":null,"laststop":null,"stopCoveredStatus":1,"heading":168,"lastrefreshon":"06-11-2024 21:22:02","lastreceiveddatetimeflag":1,"tripposition":3}]},{"routeid":4399,"stationid":20671,"stationname":"Binnamangala","from":"Krishnaraja Pura Govt Hospital","to":"Shanthinagara Bus Station","routeno":"315 SNBS-KRPGH","distance_on_station":6.605,"centerlat":12.98384,"centerlong":77.64002,"responsecode":200,"isnotify":0,"vehicleDetails":[{"vehicleid":21249,"vehiclenumber":"KA57F2309","servicetypeid":72,"servicetype":"Non AC/Ordinary","centerlat":13.001984,"centerlong":77.684059,"eta":"","sch_arrivaltime":"17:32","sch_departuretime":"17:32","actual_arrivaltime":"17:39","actual_departuretime":"17:39","sch_tripstarttime":"17:20","sch_tripendtime":"17:20","lastlocationid":0,"currentlocationid":20864,"nextlocationid":0,"currentstop":null,"nextstop":null,"laststop":null,"stopCoveredStatus":1,"heading":168,"lastrefreshon":"06-11-2024 21:22:02","lastreceiveddatetimeflag":1,"tripposition":3}]},{"routeid":4399,"stationid":20742,"stationname":"Depot-06 Gate","from":"Krishnaraja Pura Govt Hospital","to":"Shanthinagara Bus Station","routeno":"315 SNBS-KRPGH","distance_on_station":7.33,"centerlat":12.9824,"centerlong":77.6344,"responsecode":200,"isnotify":0,"vehicleDetails":[{"vehicleid":21249,"vehiclenumber":"KA57F2309","servicetypeid":72,"servicetype":"Non AC/Ordinary","centerlat":13.001984,"centerlong":77.684059,"eta":"","sch_arrivaltime":"17:33","sch_departuretime":"17:33","actual_arrivaltime":"17:40","actual_departuretime":"17:41","sch_tripstarttime":"17:20","sch_tripendtime":"17:20","lastlocationid":0,"currentlocationid":20864,"nextlocationid":0,"currentstop":null,"nextstop":null,"laststop":null,"stopCoveredStatus":1,"heading":168,"lastrefreshon":"06-11-2024 21:22:02","lastreceiveddatetimeflag":1,"tripposition":3}]},{"routeid":4399,"stationid":20806,"stationname":"Halasuru","from":"Krishnaraja Pura Govt Hospital","to":"Shanthinagara Bus Station","routeno":"315 SNBS-KRPGH","distance_on_station":8.319,"centerlat":12.97793,"centerlong":77.6283,"responsecode":200,"isnotify":0,"vehicleDetails":[{"vehicleid":21249,"vehiclenumber":"KA57F2309","servicetypeid":72,"servicetype":"Non AC/Ordinary","centerlat":13.001984,"centerlong":77.684059,"eta":"","sch_arrivaltime":"17:36","sch_departuretime":"17:36","actual_arrivaltime":"17:43","actual_departuretime":"17:44","sch_tripstarttime":"17:20","sch_tripendtime":"17:20","lastlocationid":0,"currentlocationid":20864,"nextlocationid":0,"currentstop":null,"nextstop":null,"laststop":null,"stopCoveredStatus":1,"heading":168,"lastrefreshon":"06-11-2024 21:22:02","lastreceiveddatetimeflag":1,"tripposition":3}]},{"routeid":4399,"stationid":20807,"stationname":"Halasuru Police Station","from":"Krishnaraja Pura Govt Hospital","to":"Shanthinagara Bus Station","routeno":"315 SNBS-KRPGH","distance_on_station":8.748,"centerlat":12.97515,"centerlong":77.62564,"responsecode":200,"isnotify":0,"vehicleDetails":[{"vehicleid":21249,"vehiclenumber":"KA57F2309","servicetypeid":72,"servicetype":"Non AC/Ordinary","centerlat":13.001984,"centerlong":77.684059,"eta":"","sch_arrivaltime":"17:37","sch_departuretime":"17:37","actual_arrivaltime":"17:45","actual_departuretime":"17:47","sch_tripstarttime":"17:20","sch_tripendtime":"17:20","lastlocationid":0,"currentlocationid":20864,"nextlocationid":0,"currentstop":null,"nextstop":null,"laststop":null,"stopCoveredStatus":1,"heading":168,"lastrefreshon":"06-11-2024 21:22:02","lastreceiveddatetimeflag":1,"tripposition":3}]},{"routeid":4399,"stationid":20969,"stationname":"Lido Talkies","from":"Krishnaraja Pura Govt Hospital","to":"Shanthinagara Bus Station","routeno":"315 SNBS-KRPGH","distance_on_station":9.33,"centerlat":12.97277,"centerlong":77.62141,"responsecode":200,"isnotify":0,"vehicleDetails":[{"vehicleid":21249,"vehiclenumber":"KA57F2309","servicetypeid":72,"servicetype":"Non AC/Ordinary","centerlat":13.001984,"centerlong":77.684059,"eta":"","sch_arrivaltime":"17:40","sch_departuretime":"17:40","actual_arrivaltime":"17:48","actual_departuretime":"17:48","sch_tripstarttime":"17:20","sch_tripendtime":"17:20","lastlocationid":0,"currentlocationid":20864,"nextlocationid":0,"currentstop":null,"nextstop":null,"laststop":null,"stopCoveredStatus":1,"heading":168,"lastrefreshon":"06-11-2024 21:22:02","lastreceiveddatetimeflag":1,"tripposition":3}]},{"routeid":4399,"stationid":20846,"stationname":"Hosmat Hospital (DIG Office)","from":"Krishnaraja Pura Govt Hospital","to":"Shanthinagara Bus Station","routeno":"315 SNBS-KRPGH","distance_on_station":10.199,"centerlat":12.96893,"centerlong":77.61529,"responsecode":200,"isnotify":0,"vehicleDetails":[{"vehicleid":21249,"vehiclenumber":"KA57F2309","servicetypeid":72,"servicetype":"Non AC/Ordinary","centerlat":13.001984,"centerlong":77.684059,"eta":"","sch_arrivaltime":"17:45","sch_departuretime":"17:45","actual_arrivaltime":"17:52","actual_departuretime":"17:53","sch_tripstarttime":"17:20","sch_tripendtime":"17:20","lastlocationid":0,"currentlocationid":20864,"nextlocationid":0,"currentstop":null,"nextstop":null,"laststop":null,"stopCoveredStatus":1,"heading":168,"lastrefreshon":"06-11-2024 21:22:02","lastreceiveddatetimeflag":1,"tripposition":3}]},{"routeid":4399,"stationid":20970,"stationname":"Life Style (Sacred Heart School)","from":"Krishnaraja Pura Govt Hospital","to":"Shanthinagara Bus Station","routeno":"315 SNBS-KRPGH","distance_on_station":10.957,"centerlat":12.96692,"centerlong":77.61018,"responsecode":200,"isnotify":0,"vehicleDetails":[{"vehicleid":21249,"vehiclenumber":"KA57F2309","servicetypeid":72,"servicetype":"Non AC/Ordinary","centerlat":13.001984,"centerlong":77.684059,"eta":"","sch_arrivaltime":"17:48","sch_departuretime":"17:48","actual_arrivaltime":"17:55","actual_departuretime":"17:55","sch_tripstarttime":"17:20","sch_tripendtime":"17:20","lastlocationid":0,"currentlocationid":20864,"nextlocationid":0,"currentstop":null,"nextstop":null,"laststop":null,"stopCoveredStatus":1,"heading":168,"lastrefreshon":"06-11-2024 21:22:02","lastreceiveddatetimeflag":1,"tripposition":3}]},{"routeid":4399,"stationid":21126,"stationname":"Richmond Circle","from":"Krishnaraja Pura Govt Hospital","to":"Shanthinagara Bus Station","routeno":"315 SNBS-KRPGH","distance_on_station":11.671,"centerlat":12.9658,"centerlong":77.60433,"responsecode":200,"isnotify":0,"vehicleDetails":[{"vehicleid":21249,"vehiclenumber":"KA57F2309","servicetypeid":72,"servicetype":"Non AC/Ordinary","centerlat":13.001984,"centerlong":77.684059,"eta":"","sch_arrivaltime":"17:51","sch_departuretime":"17:51","actual_arrivaltime":"17:59","actual_departuretime":"18:00","sch_tripstarttime":"17:20","sch_tripendtime":"17:20","lastlocationid":0,"currentlocationid":20864,"nextlocationid":0,"currentstop":null,"nextstop":null,"laststop":null,"stopCoveredStatus":1,"heading":168,"lastrefreshon":"06-11-2024 21:22:02","lastreceiveddatetimeflag":1,"tripposition":3}]},{"routeid":4399,"stationid":20927,"stationname":"KH Road","from":"Krishnaraja Pura Govt Hospital","to":"Shanthinagara Bus Station","routeno":"315 SNBS-KRPGH","distance_on_station":13.583,"centerlat":12.95759,"centerlong":77.59286,"responsecode":200,"isnotify":0,"vehicleDetails":[{"vehicleid":21249,"vehiclenumber":"KA57F2309","servicetypeid":72,"servicetype":"Non AC/Ordinary","centerlat":13.001984,"centerlong":77.684059,"eta":"","sch_arrivaltime":"17:54","sch_departuretime":"17:54","actual_arrivaltime":"","actual_departuretime":"","sch_tripstarttime":"17:20","sch_tripendtime":"17:20","lastlocationid":0,"currentlocationid":20864,"nextlocationid":0,"currentstop":null,"nextstop":null,"laststop":null,"stopCoveredStatus":1,"heading":168,"lastrefreshon":"06-11-2024 21:22:02","lastreceiveddatetimeflag":1,"tripposition":3}]},{"routeid":4399,"stationid":21166,"stationname":"Shanthinagara Bus Station","from":"Krishnaraja Pura Govt Hospital","to":"Shanthinagara Bus Station","routeno":"315 SNBS-KRPGH","distance_on_station":14.1,"centerlat":12.95449,"centerlong":77.59258,"responsecode":200,"isnotify":0,"vehicleDetails":[{"vehicleid":21249,"vehiclenumber":"KA57F2309","servicetypeid":72,"servicetype":"Non AC/Ordinary","centerlat":13.001984,"centerlong":77.684059,"eta":"","sch_arrivaltime":"17:57","sch_departuretime":"17:57","actual_arrivaltime":"18:06","actual_departuretime":"","sch_tripstarttime":"17:20","sch_tripendtime":"17:20","lastlocationid":0,"currentlocationid":20864,"nextlocationid":0,"currentstop":null,"nextstop":null,"laststop":null,"stopCoveredStatus":1,"heading":168,"lastrefreshon":"06-11-2024 21:22:02","lastreceiveddatetimeflag":1,"tripposition":3}]}],"mapData":[{"vehicleid":21249,"vehiclenumber":"KA57F2309","servicetypeid":72,"servicetype":"Non AC/Ordinary","centerlat":13.001984,"centerlong":77.684059,"eta":"","sch_arrivaltime":"17:57","sch_departuretime":"17:57","actual_arrivaltime":"18:06","actual_departuretime":"","sch_tripstarttime":"17:20","sch_tripendtime":"17:20","lastlocationid":0,"currentlocationid":20864,"nextlocationid":0,"currentstop":null,"nextstop":null,"laststop":null,"stopCoveredStatus":1,"heading":168,"lastrefreshon":"06-11-2024 21:22:02","lastreceiveddatetimeflag":1,"tripposition":3}]},"message":"Success","issuccess":true,"exception":null,"rowCount":0,"responsecode":200}