{"up":{"data":[{"routeid":5927,"stationid":22199,"stationname":"KR Market","from":"KR Market","to":"Somathanahalli","routeno":"316-T","distance_on_station":0,"centerlat":12.96437,"centerlong":77.57736,"responsecode":200,"isnotify":0,"vehicleDetails":[{"vehicleid":25700,"vehiclenumber":"KA57F5151","servicetypeid":72,"servicetype":"Non AC/Ordinary","centerlat":13.012036,"centerlong":77.699039,"eta":"","sch_arrivaltime":"19:10","sch_departuretime":"19:10","actual_arrivaltime":"","actual_departuretime":"","sch_tripstarttime":"19:10","sch_tripendtime":"19:10","lastlocationid":0,"currentlocationid":22203,"nextlocationid":0,"currentstop":null,"nextstop":null,"laststop":null,"stopCoveredStatus":0,"heading":212,"lastrefreshon":"05-10-2023 17:07:52","lastreceiveddatetimeflag":1,"tripposition":3}]},{"routeid":5927,"stationid":21231,"stationname":"Town Hall","from":"KR Market","to":"Somathanahalli","routeno":"316-T","distance_on_station":0.747,"centerlat":12.96384,"centerlong":77.58434,"responsecode":200,"isnotify":0,"vehicleDetails":[{"vehicleid":25700,"vehiclenumber":"KA57F5151","servicetypeid":72,"servicetype":"Non AC/Ordinary","centerlat":13.012036,"centerlong":77.699039,"eta":"","sch_arrivaltime":"19:14","sch_departuretime":"19:14","actual_arrivaltime":"","actual_departuretime":"","sch_tripstarttime":"19:10","sch_tripendtime":"19:10","lastlocationid":0,"currentlocationid":22203,"nextlocationid":0,"currentstop":null,"nextstop":null,"laststop":null,"stopCoveredStatus":0,"heading":212,"lastrefreshon":"05-10-2023 17:07:52","lastreceiveddatetimeflag":1,"tripposition":3}]},{"routeid":5927,"stationid":20726,"stationname":"Corporation","from":"KR Market","to":"Somathanahalli","routeno":"316-T","distance_on_station":1.553,"centerlat":12.9682,"centerlong":77.58936,"responsecode":200,"isnotify":0,"vehicleDetails":[{"vehicleid":25700,"vehiclenumber":"KA57F5151","servicetypeid":72,"servicetype":"Non AC/Ordinary","centerlat":13.012036,"centerlong":77.699039,"eta":"","sch_arrivaltime":"19:17","sch_departuretime":"19:17","actual_arrivaltime":"","actual_departuretime":"","sch_tripstarttime":"19:10","sch_tripendtime":"19:10","lastlocationid":0,"currentlocationid":22203,"nextlocationid":0,"currentstop":null,"nextstop":null,"laststop":null,"stopCoveredStatus":0,"heading":212,"lastrefreshon":"05-10-2023 17:07:52","lastreceiveddatetimeflag":1,"tripposition":3}]},{"routeid":5927,"stationid":21193,"stationname":"St Josephs Indian School/ Malya Hospital","from":"KR Market","to":"Somathanahalli","routeno":"316-T","distance_on_station":2.339,"centerlat":12.97052,"centerlong":77.5943,"responsecode":200,"isnotify":0,"vehicleDetails":[{"vehicleid":25700,"vehiclenumber":"KA57F5151","servicetypeid":72,"servicetype":"Non AC/Ordinary","centerlat":13.012036,"centerlong":77.699039,"eta":"","sch_arrivaltime":"19:19","sch_departuretime":"19:19","actual_arrivaltime":"","actual_departuretime":"","sch_tripstarttime":"19:10","sch_tripendtime":"19:10","lastlocationid":0,"currentlocationid":22203,"nextlocationid":0,"currentstop":null,"nextstop":null,"laststop":null,"stopCoveredStatus":0,"heading":212,"lastrefreshon":"05-10-2023 17:07:52","lastreceiveddatetimeflag":1,"tripposition":3}]},{"routeid":5927,"stationid":21125,"stationname":"Richmond Circle","from":"KR Market","to":"Somathanahalli","routeno":"316-T","distance_on_station":3.459,"centerlat":12.96738,"centerlong":77.59946,"responsecode":200,"isnotify":0,"vehicleDetails":[{"vehicleid":25700,"vehiclenumber":"KA57F5151","servicetypeid":72,"servicetype":"Non AC/Ordinary","centerlat":13.012036,"centerlong":77.699039,"eta":"","sch_arrivaltime":"19:22","sch_departuretime":"19:22","actual_arrivaltime":"","actual_departuretime":"","sch_tripstarttime":"19:10","sch_tripendtime":"19:10","lastlocationid":0,"currentlocationid":22203,"nextlocationid":0,"currentstop":null,"nextstop":null,"laststop":null,"stopCoveredStatus":0,"heading":212,"lastrefreshon":"05-10-2023 17:07:52","lastreceiveddatetimeflag":1,"tripposition":3}]},{"routeid":5927,"stationid":21194,"stationname":"St Joseph College","from":"KR Market","to":"Somathanahalli","routeno":"316-T","distance_on_station":4.009,"centerlat":12.97036,"centerlong":77.60368,"responsecode":200,"isnotify":0,"vehicleDetails":[{"vehicleid":25700,"vehiclenumber":"KA57F5151","servicetypeid":72,"servicetype":"Non AC/Ordinary","centerlat":13.012036,"centerlong":77.699039,"eta":"","sch_arrivaltime":"19:25","sch_departuretime":"19:25","actual_arrivaltime":"","actual_departuretime":"","sch_tripstarttime":"19:10","sch_tripendtime":"19:10","lastlocationid":0,"currentlocationid":22203,"nextlocationid":0,"currentstop":null,"nextstop":null,"laststop":null,"stopCoveredStatus":0,"heading":212,"lastrefreshon":"05-10-2023 17:07:52","lastreceiveddatetimeflag":1,"tripposition":3}]},{"routeid":5927,"stationid":22278,"stationname":"Mayohall","from":"KR Market","to":"Somathanahalli","routeno":"316-T","distance_on_station":4.756,"centerlat":12.97336,"centerlong":77.6099,"responsecode":200,"isnotify":0,"vehicleDetails":[{"vehicleid":25700,"vehiclenumber":"KA57F5151","servicetypeid":72,"servicetype":"Non AC/Ordinary","centerlat":13.012036,"centerlong":77.699039,"eta":"","sch_arrivaltime":"19:28","sch_departuretime":"19:28","actual_arrivaltime":"","actual_departuretime":"","sch_tripstarttime":"19:10","sch_tripendtime":"19:10","lastlocationid":0,"currentlocationid":22203,"nextlocationid":0,"currentstop":null,"nextstop":null,"laststop":null,"stopCoveredStatus":0,"heading":212,"lastrefreshon":"05-10-2023 17:07:52","lastreceiveddatetimeflag":1,"tripposition":3}]},{"routeid":5927,"stationid":21235,"stationname":"Lido Talkies","from":"KR Market","to":"Somathanahalli","routeno":"316-T","distance_on_station":5.994,"centerlat":12.97346,"centerlong":77.62005,"responsecode":200,"isnotify":0,"vehicleDetails":[{"vehicleid":25700,"vehiclenumber":"KA57F5151","servicetypeid":72,"servicetype":"Non AC/Ordinary","centerlat":13.012036,"centerlong":77.699039,"eta":"","sch_arrivaltime":"19:33","sch_departuretime":"19:33","actual_arrivaltime":"","actual_departuretime":"","sch_tripstarttime":"19:10","sch_tripendtime":"19:10","lastlocationid":0,"currentlocationid":22203,"nextlocationid":0,"currentstop":null,"nextstop":null,"laststop":null,"stopCoveredStatus":0,"heading":212,"lastrefreshon":"05-10-2023 17:07:52","lastreceiveddatetimeflag":1,"tripposition":3}]},{"routeid":5927,"stationid":21093,"stationname":"Philips Millenium Halasuru","from":"KR Market","to":"Somathanahalli","routeno":"316-T","distance_on_station":7.164,"centerlat":12.98196,"centerlong":77.62443,"responsecode":200,"isnotify":0,"vehicleDetails":[{"vehicleid":25700,"vehiclenumber":"KA57F5151","servicetypeid":72,"servicetype":"Non AC/Ordinary","centerlat":13.012036,"centerlong":77.699039,"eta":"","sch_arrivaltime":"19:36","sch_departuretime":"19:36","actual_arrivaltime":"","actual_departuretime":"","sch_tripstarttime":"19:10","sch_tripendtime":"19:10","lastlocationid":0,"currentlocationid":22203,"nextlocationid":0,"currentstop":null,"nextstop":null,"laststop":null,"stopCoveredStatus":0,"heading":212,"lastrefreshon":"05-10-2023 17:07:52","lastreceiveddatetimeflag":1,"tripposition":3}]},{"routeid":5927,"stationid":20805,"stationname":"Halasuru","from":"KR Market","to":"Somathanahalli","routeno":"316-T","distance_on_station":8.009,"centerlat":12.97949,"centerlong":77.62949,"responsecode":200,"isnotify":0,"vehicleDetails":[{"vehicleid":25700,"vehiclenumber":"KA57F5151","servicetypeid":72,"servicetype":"Non AC/Ordinary","centerlat":13.012036,"centerlong":77.699039,"eta":"","sch_arrivaltime":"19:40","sch_departuretime":"19:40","actual_arrivaltime":"","actual_departuretime":"","sch_tripstarttime":"19:10","sch_tripendtime":"19:10","lastlocationid":0,"currentlocationid":22203,"nextlocationid":0,"currentstop":null,"nextstop":null,"laststop":null,"stopCoveredStatus":0,"heading":212,"lastrefreshon":"05-10-2023 17:07:52","lastreceiveddatetimeflag":1,"tripposition":3}]},{"routeid":5927,"stationid":20741,"stationname":"Depot-06 Gate","from":"KR Market","to":"Somathanahalli","routeno":"316-T","distance_on_station":8.638,"centerlat":12.98255,"centerlong":77.63434,"responsecode":200,"isnotify":0,"vehicleDetails":[{"vehicleid":25700,"vehiclenumber":"KA57F5151","servicetypeid":72,"servicetype":"Non AC/Ordinary","centerlat":13.012036,"centerlong":77.699039,"eta":"","sch_arrivaltime":"19:42","sch_departuretime":"19:42","actual_arrivaltime":"","actual_departuretime":"","sch_tripstarttime":"19:10","sch_tripendtime":"19:10","lastlocationid":0,"currentlocationid":22203,"nextlocationid":0,"currentstop":null,"nextstop":null,"laststop":null,"stopCoveredStatus":0,"heading":212,"lastrefreshon":"05-10-2023 17:07:52","lastreceiveddatetimeflag":1,"tripposition":3}]},{"routeid":5927,"stationid":20672,"stationname":"Binnamangala","from":"KR Market","to":"Somathanahalli","routeno":"316-T","distance_on_station":9.08,"centerlat":12.98331,"centerlong":77.63834,"responsecode":200,"isnotify":0,"vehicleDetails":[{"vehicleid":25700,"vehiclenumber":"KA57F5151","servicetypeid":72,"servicetype":"Non AC/Ordinary","centerlat":13.012036,"centerlong":77.699039,"eta":"","sch_arrivaltime":"19:43","sch_departuretime":"19:43","actual_arrivaltime":"","actual_departuretime":"","sch_tripstarttime":"19:10","sch_tripendtime":"19:10","lastlocationid":0,"currentlocationid":22203,"nextlocationid":0,"currentstop":null,"nextstop":null,"laststop":null,"stopCoveredStatus":0,"heading":212,"lastrefreshon":"05-10-2023 17:07:52","lastreceiveddatetimeflag":1,"tripposition":3}]},{"routeid":5927,"stationid":22527,"stationname":"Swamy Vivekananda Metro Station/Isolation Hospital","from":"KR Market","to":"Somathanahalli","routeno":"316-T","distance_on_station":9.866,"centerlat":12.9859,"centerlong":77.6452,"responsecode":200,"isnotify":0,"vehicleDetails":[{"vehicleid":25700,"vehiclenumber":"KA57F5151","servicetypeid":72,"servicetype":"Non AC/Ordinary","centerlat":13.012036,"centerlong":77.699039,"eta":"","sch_arrivaltime":"19:45","sch_departuretime":"19:45","actual_arrivaltime":"","actual_departuretime":"","sch_tripstarttime":"19:10","sch_tripendtime":"19:10","lastlocationid":0,"currentlocationid":22203,"nextlocationid":0,"currentstop":null,"nextstop":null,"laststop":null,"stopCoveredStatus":0,"heading":212,"lastrefreshon":"05-10-2023 17:07:52","lastreceiveddatetimeflag":1,"tripposition":3}]},{"routeid":5927,"stationid":21060,"stationname":"NGEF","from":"KR Market","to":"Somathanahalli","routeno":"316-T","distance_on_station":10.407,"centerlat":12.98787,"centerlong":77.64987,"responsecode":200,"isnotify":0,"vehicleDetails":[{"vehicleid":25700,"vehiclenumber":"KA57F5151","servicetypeid":72,"servicetype":"Non AC/Ordinary","centerlat":13.012036,"centerlong":77.699039,"eta":"","sch_arrivaltime":"19:46","sch_departuretime":"19:46","actual_arrivaltime":"","actual_departuretime":"","sch_tripstarttime":"19:10","sch_tripendtime":"19:10","lastlocationid":0,"currentlocationid":22203,"nextlocationid":0,"currentstop":null,"nextstop":null,"laststop":null,"stopCoveredStatus":0,"heading":212,"lastrefreshon":"05-10-2023 17:07:52","lastreceiveddatetimeflag":1,"tripposition":3}]},{"routeid":5927,"stationid":20634,"stationname":"Bayyappanahalli Metro Station","from":"KR Market","to":"Somathanahalli","routeno":"316-T","distance_on_station":10.957,"centerlat":12.99001,"centerlong":77.65454,"responsecode":200,"isnotify":0,"vehicleDetails":[{"vehicleid":25700,"vehiclenumber":"KA57F5151","servicetypeid":72,"servicetype":"Non AC/Ordinary","centerlat":13.012036,"centerlong":77.699039,"eta":"","sch_arrivaltime":"19:47","sch_departuretime":"19:47","actual_arrivaltime":"","actual_departuretime":"","sch_tripstarttime":"19:10","sch_tripendtime":"19:10","lastlocationid":0,"currentlocationid":22203,"nextlocationid":0,"currentstop":null,"nextstop":null,"laststop":null,"stopCoveredStatus":0,"heading":212,"lastrefreshon":"05-10-2023 17:07:52","lastreceiveddatetimeflag":1,"tripposition":3}]},{"routeid":5927,"stationid":20656,"stationname":"Benniganahalli","from":"KR Market","to":"Somathanahalli","routeno":"316-T","distance_on_station":11.999,"centerlat":12.99428,"centerlong":77.6633,"responsecode":200,"isnotify":0,"vehicleDetails":[{"vehicleid":25700,"vehiclenumber":"KA57F5151","servicetypeid":72,"servicetype":"Non AC/Ordinary","centerlat":13.012036,"centerlong":77.699039,"eta":"","sch_arrivaltime":"19:50","sch_departuretime":"19:50","actual_arrivaltime":"","actual_departuretime":"","sch_tripstarttime":"19:10","sch_tripendtime":"19:10","lastlocationid":0,"currentlocationid":22203,"nextlocationid":0,"currentstop":null,"nextstop":null,"laststop":null,"stopCoveredStatus":0,"heading":212,"lastrefreshon":"05-10-2023 17:07:52","lastreceiveddatetimeflag":1,"tripposition":3}]},{"routeid":5927,"stationid":21229,"stationname":"Tin Factory","from":"KR Market","to":"Somathanahalli","routeno":"316-T","distance_on_station":12.726,"centerlat":12.99709,"centerlong":77.66946,"responsecode":200,"isnotify":0,"vehicleDetails":[{"vehicleid":25700,"vehiclenumber":"KA57F5151","servicetypeid":72,"servicetype":"Non AC/Ordinary","centerlat":13.012036,"centerlong":77.699039,"eta":"","sch_arrivaltime":"19:52","sch_departuretime":"19:52","actual_arrivaltime":"","actual_departuretime":"","sch_tripstarttime":"19:10","sch_tripendtime":"19:10","lastlocationid":0,"currentlocationid":22203,"nextlocationid":0,"currentstop":null,"nextstop":null,"laststop":null,"stopCoveredStatus":0,"heading":212,"lastrefreshon":"05-10-2023 17:07:52","lastreceiveddatetimeflag":1,"tripposition":3}]},{"routeid":5927,"stationid":20863,"stationname":"ITI Colony Gate","from":"KR Market","to":"Somathanahalli","routeno":"316-T","distance_on_station":14.642,"centerlat":13.00532,"centerlong":77.68522,"responsecode":200,"isnotify":0,"vehicleDetails":[{"vehicleid":25700,"vehiclenumber":"KA57F5151","servicetypeid":72,"servicetype":"Non AC/Ordinary","centerlat":13.012036,"centerlong":77.699039,"eta":"","sch_arrivaltime":"19:55","sch_departuretime":"19:55","actual_arrivaltime":"","actual_departuretime":"","sch_tripstarttime":"19:10","sch_tripendtime":"19:10","lastlocationid":0,"currentlocationid":22203,"nextlocationid":0,"currentstop":null,"nextstop":null,"laststop":null,"stopCoveredStatus":0,"heading":212,"lastrefreshon":"05-10-2023 17:07:52","lastreceiveddatetimeflag":1,"tripposition":3}]},{"routeid":5927,"stationid":22205,"stationname":"Krishnaraja Pura Govt Hospital","from":"KR Market","to":"Somathanahalli","routeno":"316-T","distance_on_station":15.458,"centerlat":13.00821,"centerlong":77.69214,"responsecode":200,"isnotify":0,"vehicleDetails":[{"vehicleid":25700,"vehiclenumber":"KA57F5151","servicetypeid":72,"servicetype":"Non AC/Ordinary","centerlat":13.012036,"centerlong":77.699039,"eta":"","sch_arrivaltime":"19:56","sch_departuretime":"19:56","actual_arrivaltime":"","actual_departuretime":"","sch_tripstarttime":"19:10","sch_tripendtime":"19:10","lastlocationid":0,"currentlocationid":22203,"nextlocationid":0,"currentstop":null,"nextstop":null,"laststop":null,"stopCoveredStatus":0,"heading":212,"lastrefreshon":"05-10-2023 17:07:52","lastreceiveddatetimeflag":1,"tripposition":3}]},{"routeid":5927,"stationid":22207,"stationname":"KR Pura Market","from":"KR Market","to":"Somathanahalli","routeno":"316-T","distance_on_station":15.654,"centerlat":13.00841,"centerlong":77.69403,"responsecode":200,"isnotify":0,"vehicleDetails":[{"vehicleid":25700,"vehiclenumber":"KA57F5151","servicetypeid":72,"servicetype":"Non AC/Ordinary","centerlat":13.012036,"centerlong":77.699039,"eta":"","sch_arrivaltime":"19:57","sch_departuretime":"19:57","actual_arrivaltime":"","actual_departuretime":"","sch_tripstarttime":"19:10","sch_tripendtime":"19:10","lastlocationid":0,"currentlocationid":22203,"nextlocationid":0,"currentstop":null,"nextstop":null,"laststop":null,"stopCoveredStatus":0,"heading":212,"lastrefreshon":"05-10-2023 17:07:52","lastreceiveddatetimeflag":1,"tripposition":3}]},{"routeid":5927,"stationid":22203,"stationname":"KR Pura Extension","from":"KR Market","to":"Somathanahalli","routeno":"316-T","distance_on_station":16.313,"centerlat":13.01172,"centerlong":77.69862,"responsecode":200,"isnotify":0,"vehicleDetails":[{"vehicleid":25700,"vehiclenumber":"KA57F5151","servicetypeid":72,"servicetype":"Non AC/Ordinary","centerlat":13.012036,"centerlong":77.699039,"eta":"","sch_arrivaltime":"19:58","sch_departuretime":"19:58","actual_arrivaltime":"","actual_departuretime":"","sch_tripstarttime":"19:10","sch_tripendtime":"19:10","lastlocationid":0,"currentlocationid":22203,"nextlocationid":0,"currentstop":null,"nextstop":null,"laststop":null,"stopCoveredStatus":0,"heading":212,"lastrefreshon":"05-10-2023 17:07:52","lastreceiveddatetimeflag":1,"tripposition":3}]},{"routeid":5927,"stationid":22536,"stationname":"TC Palya  Gate Hosakote Road","from":"KR Market","to":"Somathanahalli","routeno":"316-T","distance_on_station":17.237,"centerlat":13.01736,"centerlong":77.70462,"responsecode":200,"isnotify":0,"vehicleDetails":[{"vehicleid":25700,"vehiclenumber":"KA57F5151","servicetypeid":72,"servicetype":"Non AC/Ordinary","centerlat":13.012036,"centerlong":77.699039,"eta":"","sch_arrivaltime":"20:01","sch_departuretime":"20:01","actual_arrivaltime":"","actual_departuretime":"","sch_tripstarttime":"19:10","sch_tripendtime":"19:10","lastlocationid":0,"currentlocationid":22203,"nextlocationid":0,"currentstop":null,"nextstop":null,"laststop":null,"stopCoveredStatus":0,"heading":212,"lastrefreshon":"05-10-2023 17:07:52","lastreceiveddatetimeflag":1,"tripposition":3}]},{"routeid":5927,"stationid":21756,"stationname":"Bhattarahalli","from":"KR Market","to":"Somathanahalli","routeno":"316-T","distance_on_station":17.875,"centerlat":13.02046,"centerlong":77.70985,"responsecode":200,"isnotify":0,"vehicleDetails":[{"vehicleid":25700,"vehiclenumber":"KA57F5151","servicetypeid":72,"servicetype":"Non AC/Ordinary","centerlat":13.012036,"centerlong":77.699039,"eta":"","sch_arrivaltime":"20:03","sch_departuretime":"20:03","actual_arrivaltime":"","actual_departuretime":"","sch_tripstarttime":"19:10","sch_tripendtime":"19:10","lastlocationid":0,"currentlocationid":22203,"nextlocationid":0,"currentstop":null,"nextstop":null,"laststop":null,"stopCoveredStatus":0,"heading":212,"lastrefreshon":"05-10-2023 17:07:52","lastreceiveddatetimeflag":1,"tripposition":3}]},{"routeid":5927,"stationid":22496,"stationname":"SJES College","from":"KR Market","to":"Somathanahalli","routeno":"316-T","distance_on_station":18.632,"centerlat":13.02393,"centerlong":77.71589,"responsecode":200,"isnotify":0,"vehicleDetails":[{"vehicleid":25700,"vehiclenumber":"KA57F5151","servicetypeid":72,"servicetype":"Non AC/Ordinary","centerlat":13.012036,"centerlong":77.699039,"eta":"","sch_arrivaltime":"20:05","sch_departuretime":"20:05","actual_arrivaltime":"","actual_departuretime":"","sch_tripstarttime":"19:10","sch_tripendtime":"19:10","lastlocationid":0,"currentlocationid":22203,"nextlocationid":0,"currentstop":null,"nextstop":null,"laststop":null,"stopCoveredStatus":0,"heading":212,"lastrefreshon":"05-10-2023 17:07:52","lastreceiveddatetimeflag":1,"tripposition":3}]},{"routeid":5927,"stationid":33899,"stationname":"Medahalli","from":"KR Market","to":"Somathanahalli","routeno":"316-T","distance_on_station":19.202,"centerlat":13.02647,"centerlong":77.72054,"responsecode":200,"isnotify":0,"vehicleDetails":[{"vehicleid":25700,"vehiclenumber":"KA57F5151","servicetypeid":72,"servicetype":"Non AC/Ordinary","centerlat":13.012036,"centerlong":77.699039,"eta":"","sch_arrivaltime":"20:06","sch_departuretime":"20:06","actual_arrivaltime":"","actual_departuretime":"","sch_tripstarttime":"19:10","sch_tripendtime":"19:10","lastlocationid":0,"currentlocationid":22203,"nextlocationid":0,"currentstop":null,"nextstop":null,"laststop":null,"stopCoveredStatus":0,"heading":212,"lastrefreshon":"05-10-2023 17:07:52","lastreceiveddatetimeflag":1,"tripposition":3}]},{"routeid":5927,"stationid":21851,"stationname":"Cipla Avalahalli","from":"KR Market","to":"Somathanahalli","routeno":"316-T","distance_on_station":20.519,"centerlat":13.03263,"centerlong":77.73114,"responsecode":200,"isnotify":0,"vehicleDetails":[{"vehicleid":25700,"vehiclenumber":"KA57F5151","servicetypeid":72,"servicetype":"Non AC/Ordinary","centerlat":13.012036,"centerlong":77.699039,"eta":"","sch_arrivaltime":"20:08","sch_departuretime":"20:08","actual_arrivaltime":"","actual_departuretime":"","sch_tripstarttime":"19:10","sch_tripendtime":"19:10","lastlocationid":0,"currentlocationid":22203,"nextlocationid":0,"currentstop":null,"nextstop":null,"laststop":null,"stopCoveredStatus":0,"heading":212,"lastrefreshon":"05-10-2023 17:07:52","lastreceiveddatetimeflag":1,"tripposition":3}]},{"routeid":5927,"stationid":23219,"stationname":"Avalahalli Hosakote","from":"KR Market","to":"Somathanahalli","routeno":"316-T","distance_on_station":21.138,"centerlat":13.03605,"centerlong":77.7358,"responsecode":200,"isnotify":0,"vehicleDetails":[{"vehicleid":25700,"vehiclenumber":"KA57F5151","servicetypeid":72,"servicetype":"Non AC/Ordinary","centerlat":13.012036,"centerlong":77.699039,"eta":"","sch_arrivaltime":"20:09","sch_departuretime":"20:09","actual_arrivaltime":"","actual_departuretime":"","sch_tripstarttime":"19:10","sch_tripendtime":"19:10","lastlocationid":0,"currentlocationid":22203,"nextlocationid":0,"currentstop":null,"nextstop":null,"laststop":null,"stopCoveredStatus":0,"heading":212,"lastrefreshon":"05-10-2023 17:07:52","lastreceiveddatetimeflag":1,"tripposition":3}]},{"routeid":5927,"stationid":24455,"stationname":"Cheemasandra Gate","from":"KR Market","to":"Somathanahalli","routeno":"316-T","distance_on_station":21.698,"centerlat":13.03903,"centerlong":77.74008,"responsecode":200,"isnotify":0,"vehicleDetails":[{"vehicleid":25700,"vehiclenumber":"KA57F5151","servicetypeid":72,"servicetype":"Non AC/Ordinary","centerlat":13.012036,"centerlong":77.699039,"eta":"","sch_arrivaltime":"20:10","sch_departuretime":"20:10","actual_arrivaltime":"","actual_departuretime":"","sch_tripstarttime":"19:10","sch_tripendtime":"19:10","lastlocationid":0,"currentlocationid":22203,"nextlocationid":0,"currentstop":null,"nextstop":null,"laststop":null,"stopCoveredStatus":0,"heading":212,"lastrefreshon":"05-10-2023 17:07:52","lastreceiveddatetimeflag":1,"tripposition":3}]},{"routeid":5927,"stationid":21715,"stationname":"Bandapura Gate","from":"KR Market","to":"Somathanahalli","routeno":"316-T","distance_on_station":22.298,"centerlat":13.04228,"centerlong":77.74459,"responsecode":200,"isnotify":0,"vehicleDetails":[{"vehicleid":25700,"vehiclenumber":"KA57F5151","servicetypeid":72,"servicetype":"Non AC/Ordinary","centerlat":13.012036,"centerlong":77.699039,"eta":"","sch_arrivaltime":"20:11","sch_departuretime":"20:11","actual_arrivaltime":"","actual_departuretime":"","sch_tripstarttime":"19:10","sch_tripendtime":"19:10","lastlocationid":0,"currentlocationid":22203,"nextlocationid":0,"currentstop":null,"nextstop":null,"laststop":null,"stopCoveredStatus":0,"heading":212,"lastrefreshon":"05-10-2023 17:07:52","lastreceiveddatetimeflag":1,"tripposition":3}]},{"routeid":5927,"stationid":36723,"stationname":"Budigere Cross","from":"KR Market","to":"Somathanahalli","routeno":"316-T","distance_on_station":23.084,"centerlat":13.04651,"centerlong":77.75021,"responsecode":200,"isnotify":0,"vehicleDetails":[{"vehicleid":25700,"vehiclenumber":"KA57F5151","servicetypeid":72,"servicetype":"Non AC/Ordinary","centerlat":13.012036,"centerlong":77.699039,"eta":"","sch_arrivaltime":"20:12","sch_departuretime":"20:12","actual_arrivaltime":"","actual_departuretime":"","sch_tripstarttime":"19:10","sch_tripendtime":"19:10","lastlocationid":0,"currentlocationid":22203,"nextlocationid":0,"currentstop":null,"nextstop":null,"laststop":null,"stopCoveredStatus":0,"heading":212,"lastrefreshon":"05-10-2023 17:07:52","lastreceiveddatetimeflag":1,"tripposition":3}]},{"routeid":5927,"stationid":26503,"stationname":"SKF Factory","from":"KR Market","to":"Somathanahalli","routeno":"316-T","distance_on_station":24.912,"centerlat":13.06116,"centerlong":77.74189,"responsecode":200,"isnotify":0,"vehicleDetails":[{"vehicleid":25700,"vehiclenumber":"KA57F5151","servicetypeid":72,"servicetype":"Non AC/Ordinary","centerlat":13.012036,"centerlong":77.699039,"eta":"","sch_arrivaltime":"20:14","sch_departuretime":"20:14","actual_arrivaltime":"","actual_departuretime":"","sch_tripstarttime":"19:10","sch_tripendtime":"19:10","lastlocationid":0,"currentlocationid":22203,"nextlocationid":0,"currentstop":null,"nextstop":null,"laststop":null,"stopCoveredStatus":0,"heading":212,"lastrefreshon":"05-10-2023 17:07:52","lastreceiveddatetimeflag":1,"tripposition":3}]},{"routeid":5927,"stationid":32761,"stationname":"Grandwell","from":"KR Market","to":"Somathanahalli","routeno":"316-T","distance_on_station":25.216,"centerlat":13.06318,"centerlong":77.73989,"responsecode":200,"isnotify":0,"vehicleDetails":[{"vehicleid":25700,"vehiclenumber":"KA57F5151","servicetypeid":72,"servicetype":"Non AC/Ordinary","centerlat":13.012036,"centerlong":77.699039,"eta":"","sch_arrivaltime":"20:15","sch_departuretime":"20:15","actual_arrivaltime":"","actual_departuretime":"","sch_tripstarttime":"19:10","sch_tripendtime":"19:10","lastlocationid":0,"currentlocationid":22203,"nextlocationid":0,"currentstop":null,"nextstop":null,"laststop":null,"stopCoveredStatus":0,"heading":212,"lastrefreshon":"05-10-2023 17:07:52","lastreceiveddatetimeflag":1,"tripposition":3}]},{"routeid":5927,"stationid":27447,"stationname":"New Baldwin International School","from":"KR Market","to":"Somathanahalli","routeno":"316-T","distance_on_station":26.317,"centerlat":13.07263,"centerlong":77.73716,"responsecode":200,"isnotify":0,"vehicleDetails":[{"vehicleid":25700,"vehiclenumber":"KA57F5151","servicetypeid":72,"servicetype":"Non AC/Ordinary","centerlat":13.012036,"centerlong":77.699039,"eta":"","sch_arrivaltime":"20:16","sch_departuretime":"20:16","actual_arrivaltime":"","actual_departuretime":"","sch_tripstarttime":"19:10","sch_tripendtime":"19:10","lastlocationid":0,"currentlocationid":22203,"nextlocationid":0,"currentstop":null,"nextstop":null,"laststop":null,"stopCoveredStatus":0,"heading":212,"lastrefreshon":"05-10-2023 17:07:52","lastreceiveddatetimeflag":1,"tripposition":3}]},{"routeid":5927,"stationid":34283,"stationname":"Premium Farm Mandur","from":"KR Market","to":"Somathanahalli","routeno":"316-T","distance_on_station":27.034,"centerlat":13.07913,"centerlong":77.73699,"responsecode":200,"isnotify":0,"vehicleDetails":[{"vehicleid":25700,"vehiclenumber":"KA57F5151","servicetypeid":72,"servicetype":"Non AC/Ordinary","centerlat":13.012036,"centerlong":77.699039,"eta":"","sch_arrivaltime":"20:17","sch_departuretime":"20:17","actual_arrivaltime":"","actual_departuretime":"","sch_tripstarttime":"19:10","sch_tripendtime":"19:10","lastlocationid":0,"currentlocationid":22203,"nextlocationid":0,"currentstop":null,"nextstop":null,"laststop":null,"stopCoveredStatus":0,"heading":212,"lastrefreshon":"05-10-2023 17:07:52","lastreceiveddatetimeflag":1,"tripposition":3}]},{"routeid":5927,"stationid":28752,"stationname":"Mandur","from":"KR Market","to":"Somathanahalli","routeno":"316-T","distance_on_station":27.349,"centerlat":13.08157,"centerlong":77.73818,"responsecode":200,"isnotify":0,"vehicleDetails":[{"vehicleid":25700,"vehiclenumber":"KA57F5151","servicetypeid":72,"servicetype":"Non AC/Ordinary","centerlat":13.012036,"centerlong":77.699039,"eta":"","sch_arrivaltime":"20:18","sch_departuretime":"20:18","actual_arrivaltime":"","actual_departuretime":"","sch_tripstarttime":"19:10","sch_tripendtime":"19:10","lastlocationid":0,"currentlocationid":22203,"nextlocationid":0,"currentstop":null,"nextstop":null,"laststop":null,"stopCoveredStatus":0,"heading":212,"lastrefreshon":"05-10-2023 17:07:52","lastreceiveddatetimeflag":1,"tripposition":3}]},{"routeid":5927,"stationid":39026,"stationname":"Gnana Jyothi school","from":"KR Market","to":"Somathanahalli","routeno":"316-T","distance_on_station":27.683,"centerlat":13.08455,"centerlong":77.73915,"responsecode":200,"isnotify":0,"vehicleDetails":[{"vehicleid":25700,"vehiclenumber":"KA57F5151","servicetypeid":72,"servicetype":"Non AC/Ordinary","centerlat":13.012036,"centerlong":77.699039,"eta":"","sch_arrivaltime":"20:19","sch_departuretime":"20:19","actual_arrivaltime":"","actual_departuretime":"","sch_tripstarttime":"19:10","sch_tripendtime":"19:10","lastlocationid":0,"currentlocationid":22203,"nextlocationid":0,"currentstop":null,"nextstop":null,"laststop":null,"stopCoveredStatus":0,"heading":212,"lastrefreshon":"05-10-2023 17:07:52","lastreceiveddatetimeflag":1,"tripposition":3}]},{"routeid":5927,"stationid":32841,"stationname":"Hancharahalli Gate","from":"KR Market","to":"Somathanahalli","routeno":"316-T","distance_on_station":28.518,"centerlat":13.09178,"centerlong":77.74163,"responsecode":200,"isnotify":0,"vehicleDetails":[{"vehicleid":25700,"vehiclenumber":"KA57F5151","servicetypeid":72,"servicetype":"Non AC/Ordinary","centerlat":13.012036,"centerlong":77.699039,"eta":"","sch_arrivaltime":"20:20","sch_departuretime":"20:20","actual_arrivaltime":"","actual_departuretime":"","sch_tripstarttime":"19:10","sch_tripendtime":"19:10","lastlocationid":0,"currentlocationid":22203,"nextlocationid":0,"currentstop":null,"nextstop":null,"laststop":null,"stopCoveredStatus":0,"heading":212,"lastrefreshon":"05-10-2023 17:07:52","lastreceiveddatetimeflag":1,"tripposition":3}]},{"routeid":5927,"stationid":33396,"stationname":"Kattu Gollahalli Gate","from":"KR Market","to":"Somathanahalli","routeno":"316-T","distance_on_station":28.832,"centerlat":13.09438,"centerlong":77.74282,"responsecode":200,"isnotify":0,"vehicleDetails":[{"vehicleid":25700,"vehiclenumber":"KA57F5151","servicetypeid":72,"servicetype":"Non AC/Ordinary","centerlat":13.012036,"centerlong":77.699039,"eta":"","sch_arrivaltime":"20:21","sch_departuretime":"20:21","actual_arrivaltime":"","actual_departuretime":"","sch_tripstarttime":"19:10","sch_tripendtime":"19:10","lastlocationid":0,"currentlocationid":22203,"nextlocationid":0,"currentstop":null,"nextstop":null,"laststop":null,"stopCoveredStatus":0,"heading":212,"lastrefreshon":"05-10-2023 17:07:52","lastreceiveddatetimeflag":1,"tripposition":3}]},{"routeid":5927,"stationid":26487,"stationname":"Singarapura","from":"KR Market","to":"Somathanahalli","routeno":"316-T","distance_on_station":29.412,"centerlat":13.09957,"centerlong":77.74372,"responsecode":200,"isnotify":0,"vehicleDetails":[{"vehicleid":25700,"vehiclenumber":"KA57F5151","servicetypeid":72,"servicetype":"Non AC/Ordinary","centerlat":13.012036,"centerlong":77.699039,"eta":"","sch_arrivaltime":"20:22","sch_departuretime":"20:22","actual_arrivaltime":"","actual_departuretime":"","sch_tripstarttime":"19:10","sch_tripendtime":"19:10","lastlocationid":0,"currentlocationid":22203,"nextlocationid":0,"currentstop":null,"nextstop":null,"laststop":null,"stopCoveredStatus":0,"heading":212,"lastrefreshon":"05-10-2023 17:07:52","lastreceiveddatetimeflag":1,"tripposition":3}]},{"routeid":5927,"stationid":30494,"stationname":"Jyothipura Gate","from":"KR Market","to":"Somathanahalli","routeno":"316-T","distance_on_station":29.737,"centerlat":13.10258,"centerlong":77.74415,"responsecode":200,"isnotify":0,"vehicleDetails":[{"vehicleid":25700,"vehiclenumber":"KA57F5151","servicetypeid":72,"servicetype":"Non AC/Ordinary","centerlat":13.012036,"centerlong":77.699039,"eta":"","sch_arrivaltime":"20:23","sch_departuretime":"20:23","actual_arrivaltime":"","actual_departuretime":"","sch_tripstarttime":"19:10","sch_tripendtime":"19:10","lastlocationid":0,"currentlocationid":22203,"nextlocationid":0,"currentstop":null,"nextstop":null,"laststop":null,"stopCoveredStatus":0,"heading":212,"lastrefreshon":"05-10-2023 17:07:52","lastreceiveddatetimeflag":1,"tripposition":3}]},{"routeid":5927,"stationid":34988,"stationname":"Thirumenahalli Gate","from":"KR Market","to":"Somathanahalli","routeno":"316-T","distance_on_station":30.611,"centerlat":13.11045,"centerlong":77.74512,"responsecode":200,"isnotify":0,"vehicleDetails":[{"vehicleid":25700,"vehiclenumber":"KA57F5151","servicetypeid":72,"servicetype":"Non AC/Ordinary","centerlat":13.012036,"centerlong":77.699039,"eta":"","sch_arrivaltime":"20:24","sch_departuretime":"20:24","actual_arrivaltime":"","actual_departuretime":"","sch_tripstarttime":"19:10","sch_tripendtime":"19:10","lastlocationid":0,"currentlocationid":22203,"nextlocationid":0,"currentstop":null,"nextstop":null,"laststop":null,"stopCoveredStatus":0,"heading":212,"lastrefreshon":"05-10-2023 17:07:52","lastreceiveddatetimeflag":1,"tripposition":3}]},{"routeid":5927,"stationid":29519,"stationname":"Andhrahalli Gate","from":"KR Market","to":"Somathanahalli","routeno":"316-T","distance_on_station":31.152,"centerlat":13.11542,"centerlong":77.74525,"responsecode":200,"isnotify":0,"vehicleDetails":[{"vehicleid":25700,"vehiclenumber":"KA57F5151","servicetypeid":72,"servicetype":"Non AC/Ordinary","centerlat":13.012036,"centerlong":77.699039,"eta":"","sch_arrivaltime":"20:25","sch_departuretime":"20:25","actual_arrivaltime":"","actual_departuretime":"","sch_tripstarttime":"19:10","sch_tripendtime":"19:10","lastlocationid":0,"currentlocationid":22203,"nextlocationid":0,"currentstop":null,"nextstop":null,"laststop":null,"stopCoveredStatus":0,"heading":212,"lastrefreshon":"05-10-2023 17:07:52","lastreceiveddatetimeflag":1,"tripposition":3}]},{"routeid":5927,"stationid":32845,"stationname":"Hittarahalli Gate","from":"KR Market","to":"Somathanahalli","routeno":"316-T","distance_on_station":32.046,"centerlat":13.12333,"centerlong":77.74424,"responsecode":200,"isnotify":0,"vehicleDetails":[{"vehicleid":25700,"vehiclenumber":"KA57F5151","servicetypeid":72,"servicetype":"Non AC/Ordinary","centerlat":13.012036,"centerlong":77.699039,"eta":"","sch_arrivaltime":"20:26","sch_departuretime":"20:26","actual_arrivaltime":"","actual_departuretime":"","sch_tripstarttime":"19:10","sch_tripendtime":"19:10","lastlocationid":0,"currentlocationid":22203,"nextlocationid":0,"currentstop":null,"nextstop":null,"laststop":null,"stopCoveredStatus":0,"heading":212,"lastrefreshon":"05-10-2023 17:07:52","lastreceiveddatetimeflag":1,"tripposition":3}]},{"routeid":5927,"stationid":30214,"stationname":"Budigere","from":"KR Market","to":"Somathanahalli","routeno":"316-T","distance_on_station":33.5,"centerlat":13.1351,"centerlong":77.74751,"responsecode":200,"isnotify":0,"vehicleDetails":[{"vehicleid":25700,"vehiclenumber":"KA57F5151","servicetypeid":72,"servicetype":"Non AC/Ordinary","centerlat":13.012036,"centerlong":77.699039,"eta":"","sch_arrivaltime":"20:29","sch_departuretime":"20:29","actual_arrivaltime":"","actual_departuretime":"","sch_tripstarttime":"19:10","sch_tripendtime":"19:10","lastlocationid":0,"currentlocationid":22203,"nextlocationid":0,"currentstop":null,"nextstop":null,"laststop":null,"stopCoveredStatus":0,"heading":212,"lastrefreshon":"05-10-2023 17:07:52","lastreceiveddatetimeflag":1,"tripposition":3}]},{"routeid":5927,"stationid":21849,"stationname":"Chowdappanahalli","from":"KR Market","to":"Somathanahalli","routeno":"316-T","distance_on_station":35.367,"centerlat":13.14869,"centerlong":77.75372,"responsecode":200,"isnotify":0,"vehicleDetails":[{"vehicleid":25700,"vehiclenumber":"KA57F5151","servicetypeid":72,"servicetype":"Non AC/Ordinary","centerlat":13.012036,"centerlong":77.699039,"eta":"","sch_arrivaltime":"20:32","sch_departuretime":"20:32","actual_arrivaltime":"","actual_departuretime":"","sch_tripstarttime":"19:10","sch_tripendtime":"19:10","lastlocationid":0,"currentlocationid":22203,"nextlocationid":0,"currentstop":null,"nextstop":null,"laststop":null,"stopCoveredStatus":0,"heading":212,"lastrefreshon":"05-10-2023 17:07:52","lastreceiveddatetimeflag":1,"tripposition":3}]},{"routeid":5927,"stationid":30600,"stationname":"Kaggalahalli Gate","from":"KR Market","to":"Somathanahalli","routeno":"316-T","distance_on_station":35.878,"centerlat":13.15318,"centerlong":77.75262,"responsecode":200,"isnotify":0,"vehicleDetails":[{"vehicleid":25700,"vehiclenumber":"KA57F5151","servicetypeid":72,"servicetype":"Non AC/Ordinary","centerlat":13.012036,"centerlong":77.699039,"eta":"","sch_arrivaltime":"20:33","sch_departuretime":"20:33","actual_arrivaltime":"","actual_departuretime":"","sch_tripstarttime":"19:10","sch_tripendtime":"19:10","lastlocationid":0,"currentlocationid":22203,"nextlocationid":0,"currentstop":null,"nextstop":null,"laststop":null,"stopCoveredStatus":0,"heading":212,"lastrefreshon":"05-10-2023 17:07:52","lastreceiveddatetimeflag":1,"tripposition":3}]},{"routeid":5927,"stationid":22498,"stationname":"Somathanahalli Gate","from":"KR Market","to":"Somathanahalli","routeno":"316-T","distance_on_station":38.276,"centerlat":13.1711,"centerlong":77.76016,"responsecode":200,"isnotify":0,"vehicleDetails":[{"vehicleid":25700,"vehiclenumber":"KA57F5151","servicetypeid":72,"servicetype":"Non AC/Ordinary","centerlat":13.012036,"centerlong":77.699039,"eta":"","sch_arrivaltime":"20:35","sch_departuretime":"20:35","actual_arrivaltime":"","actual_departuretime":"","sch_tripstarttime":"19:10","sch_tripendtime":"19:10","lastlocationid":0,"currentlocationid":22203,"nextlocationid":0,"currentstop":null,"nextstop":null,"laststop":null,"stopCoveredStatus":0,"heading":212,"lastrefreshon":"05-10-2023 17:07:52","lastreceiveddatetimeflag":1,"tripposition":3}]},{"routeid":5927,"stationid":26544,"stationname":"Somathanahalli","from":"KR Market","to":"Somathanahalli","routeno":"316-T","distance_on_station":39.2,"centerlat":13.16917,"centerlong":77.76858,"responsecode":200,"isnotify":0,"vehicleDetails":[{"vehicleid":25700,"vehiclenumber":"KA57F5151","servicetypeid":72,"servicetype":"Non AC/Ordinary","centerlat":13.012036,"centerlong":77.699039,"eta":"","sch_arrivaltime":"20:37","sch_departuretime":"20:37","actual_arrivaltime":"","actual_departuretime":"","sch_tripstarttime":"19:10","sch_tripendtime":"19:10","lastlocationid":0,"currentlocationid":22203,"nextlocationid":0,"currentstop":null,"nextstop":null,"laststop":null,"stopCoveredStatus":0,"heading":212,"lastrefreshon":"05-10-2023 17:07:52","lastreceiveddatetimeflag":1,"tripposition":3}]}],"mapData":[{"vehicleid":25700,"vehiclenumber":"KA57F5151","servicetypeid":72,"servicetype":"Non AC/Ordinary","centerlat":13.012036,"centerlong":77.699039,"eta":"","sch_arrivaltime":"20:37","sch_departuretime":"20:37","actual_arrivaltime":"","actual_departuretime":"","sch_tripstarttime":"19:10","sch_tripendtime":"19:10","lastlocationid":0,"currentlocationid":22203,"nextlocationid":0,"currentstop":null,"nextstop":null,"laststop":null,"stopCoveredStatus":0,"heading":212,"lastrefreshon":"05-10-2023 17:07:52","lastreceiveddatetimeflag":1,"tripposition":3}]},"down":{"data":[],"mapData":[]},"message":"Success","issuccess":true,"exception":null,"rowCount":0,"responsecode":200}