{"up":{"data":[{"routeid":6038,"stationid":33809,"stationname":"Mandur","from":"Depot-47 Gate","to":"Kannamangala","routeno":"317-B D47 MDR-KNM","distance_on_station":0,"centerlat":13.08181,"centerlong":77.73841,"responsecode":200,"isnotify":0,"vehicleDetails":[{"vehicleid":22207,"vehiclenumber":"KA57F3256","servicetypeid":72,"servicetype":"Non AC/Ordinary","centerlat":13.034078,"centerlong":77.770096,"eta":"","sch_arrivaltime":"14:46","sch_departuretime":"14:46","actual_arrivaltime":"","actual_departuretime":"","sch_tripstarttime":"14:45","sch_tripendtime":"14:45","lastlocationid":0,"currentlocationid":31065,"nextlocationid":0,"currentstop":null,"nextstop":null,"laststop":null,"stopCoveredStatus":0,"heading":66,"lastrefreshon":"05-08-2024 23:42:00","lastreceiveddatetimeflag":1,"tripposition":1}]},{"routeid":6038,"stationid":27752,"stationname":"Premium Farm Mandur","from":"Depot-47 Gate","to":"Kannamangala","routeno":"317-B D47 MDR-KNM","distance_on_station":0.323,"centerlat":13.07918,"centerlong":77.73703,"responsecode":200,"isnotify":0,"vehicleDetails":[{"vehicleid":22207,"vehiclenumber":"KA57F3256","servicetypeid":72,"servicetype":"Non AC/Ordinary","centerlat":13.034078,"centerlong":77.770096,"eta":"","sch_arrivaltime":"14:47","sch_departuretime":"14:47","actual_arrivaltime":"","actual_departuretime":"","sch_tripstarttime":"14:45","sch_tripendtime":"14:45","lastlocationid":0,"currentlocationid":31065,"nextlocationid":0,"currentstop":null,"nextstop":null,"laststop":null,"stopCoveredStatus":0,"heading":66,"lastrefreshon":"05-08-2024 23:42:00","lastreceiveddatetimeflag":1,"tripposition":3}]},{"routeid":6038,"stationid":34151,"stationname":"New Baldwin International School","from":"Depot-47 Gate","to":"Kannamangala","routeno":"317-B D47 MDR-KNM","distance_on_station":1.056,"centerlat":13.07254,"centerlong":77.73721,"responsecode":200,"isnotify":0,"vehicleDetails":[{"vehicleid":22207,"vehiclenumber":"KA57F3256","servicetypeid":72,"servicetype":"Non AC/Ordinary","centerlat":13.034078,"centerlong":77.770096,"eta":"","sch_arrivaltime":"14:48","sch_departuretime":"14:48","actual_arrivaltime":"","actual_departuretime":"","sch_tripstarttime":"14:45","sch_tripendtime":"14:45","lastlocationid":0,"currentlocationid":31065,"nextlocationid":0,"currentstop":null,"nextstop":null,"laststop":null,"stopCoveredStatus":0,"heading":66,"lastrefreshon":"05-08-2024 23:42:00","lastreceiveddatetimeflag":1,"tripposition":3}]},{"routeid":6038,"stationid":25553,"stationname":"Grandwell","from":"Depot-47 Gate","to":"Kannamangala","routeno":"317-B D47 MDR-KNM","distance_on_station":2.141,"centerlat":13.06328,"centerlong":77.73995,"responsecode":200,"isnotify":0,"vehicleDetails":[{"vehicleid":22207,"vehiclenumber":"KA57F3256","servicetypeid":72,"servicetype":"Non AC/Ordinary","centerlat":13.034078,"centerlong":77.770096,"eta":"","sch_arrivaltime":"14:50","sch_departuretime":"14:50","actual_arrivaltime":"","actual_departuretime":"","sch_tripstarttime":"14:45","sch_tripendtime":"14:45","lastlocationid":0,"currentlocationid":31065,"nextlocationid":0,"currentstop":null,"nextstop":null,"laststop":null,"stopCoveredStatus":0,"heading":66,"lastrefreshon":"05-08-2024 23:42:00","lastreceiveddatetimeflag":1,"tripposition":3}]},{"routeid":6038,"stationid":34621,"stationname":"SKF Factory","from":"Depot-47 Gate","to":"Kannamangala","routeno":"317-B D47 MDR-KNM","distance_on_station":2.454,"centerlat":13.06124,"centerlong":77.74195,"responsecode":200,"isnotify":0,"vehicleDetails":[{"vehicleid":22207,"vehiclenumber":"KA57F3256","servicetypeid":72,"servicetype":"Non AC/Ordinary","centerlat":13.034078,"centerlong":77.770096,"eta":"","sch_arrivaltime":"14:51","sch_departuretime":"14:51","actual_arrivaltime":"","actual_departuretime":"","sch_tripstarttime":"14:45","sch_tripendtime":"14:45","lastlocationid":0,"currentlocationid":31065,"nextlocationid":0,"currentstop":null,"nextstop":null,"laststop":null,"stopCoveredStatus":0,"heading":66,"lastrefreshon":"05-08-2024 23:42:00","lastreceiveddatetimeflag":1,"tripposition":3}]},{"routeid":6038,"stationid":21791,"stationname":"Budigere Cross","from":"Depot-47 Gate","to":"Kannamangala","routeno":"317-B D47 MDR-KNM","distance_on_station":4.331,"centerlat":13.04651,"centerlong":77.75054,"responsecode":200,"isnotify":0,"vehicleDetails":[{"vehicleid":22207,"vehiclenumber":"KA57F3256","servicetypeid":72,"servicetype":"Non AC/Ordinary","centerlat":13.034078,"centerlong":77.770096,"eta":"","sch_arrivaltime":"14:55","sch_departuretime":"14:55","actual_arrivaltime":"","actual_departuretime":"","sch_tripstarttime":"14:45","sch_tripendtime":"14:45","lastlocationid":0,"currentlocationid":31065,"nextlocationid":0,"currentstop":null,"nextstop":null,"laststop":null,"stopCoveredStatus":0,"heading":66,"lastrefreshon":"05-08-2024 23:42:00","lastreceiveddatetimeflag":1,"tripposition":3}]},{"routeid":6038,"stationid":22456,"stationname":"Sapthagiri Convention Hall","from":"Depot-47 Gate","to":"Kannamangala","routeno":"317-B D47 MDR-KNM","distance_on_station":5.152,"centerlat":13.0509,"centerlong":77.75676,"responsecode":200,"isnotify":0,"vehicleDetails":[{"vehicleid":22207,"vehiclenumber":"KA57F3256","servicetypeid":72,"servicetype":"Non AC/Ordinary","centerlat":13.034078,"centerlong":77.770096,"eta":"","sch_arrivaltime":"14:56","sch_departuretime":"14:56","actual_arrivaltime":"","actual_departuretime":"","sch_tripstarttime":"14:45","sch_tripendtime":"14:45","lastlocationid":0,"currentlocationid":31065,"nextlocationid":0,"currentstop":null,"nextstop":null,"laststop":null,"stopCoveredStatus":0,"heading":66,"lastrefreshon":"05-08-2024 23:42:00","lastreceiveddatetimeflag":1,"tripposition":3}]},{"routeid":6038,"stationid":36724,"stationname":"Katamanallur Gate","from":"Depot-47 Gate","to":"Kannamangala","routeno":"317-B D47 MDR-KNM","distance_on_station":5.827,"centerlat":13.05315,"centerlong":77.76198,"responsecode":200,"isnotify":0,"vehicleDetails":[{"vehicleid":22207,"vehiclenumber":"KA57F3256","servicetypeid":72,"servicetype":"Non AC/Ordinary","centerlat":13.034078,"centerlong":77.770096,"eta":"","sch_arrivaltime":"14:57","sch_departuretime":"14:57","actual_arrivaltime":"","actual_departuretime":"","sch_tripstarttime":"14:45","sch_tripendtime":"14:45","lastlocationid":0,"currentlocationid":31065,"nextlocationid":0,"currentstop":null,"nextstop":null,"laststop":null,"stopCoveredStatus":0,"heading":66,"lastrefreshon":"05-08-2024 23:42:00","lastreceiveddatetimeflag":1,"tripposition":3}]},{"routeid":6038,"stationid":22453,"stationname":"Sannathammanahalli","from":"Depot-47 Gate","to":"Kannamangala","routeno":"317-B D47 MDR-KNM","distance_on_station":6.443,"centerlat":13.04778,"centerlong":77.76062,"responsecode":200,"isnotify":0,"vehicleDetails":[{"vehicleid":22207,"vehiclenumber":"KA57F3256","servicetypeid":72,"servicetype":"Non AC/Ordinary","centerlat":13.034078,"centerlong":77.770096,"eta":"","sch_arrivaltime":"14:58","sch_departuretime":"14:58","actual_arrivaltime":"","actual_departuretime":"","sch_tripstarttime":"14:45","sch_tripendtime":"14:45","lastlocationid":0,"currentlocationid":31065,"nextlocationid":0,"currentstop":null,"nextstop":null,"laststop":null,"stopCoveredStatus":0,"heading":66,"lastrefreshon":"05-08-2024 23:42:00","lastreceiveddatetimeflag":1,"tripposition":3}]},{"routeid":6038,"stationid":21974,"stationname":"Gorivegere Gate","from":"Depot-47 Gate","to":"Kannamangala","routeno":"317-B D47 MDR-KNM","distance_on_station":6.854,"centerlat":13.04398,"centerlong":77.76046,"responsecode":200,"isnotify":0,"vehicleDetails":[{"vehicleid":22207,"vehiclenumber":"KA57F3256","servicetypeid":72,"servicetype":"Non AC/Ordinary","centerlat":13.034078,"centerlong":77.770096,"eta":"","sch_arrivaltime":"14:59","sch_departuretime":"14:59","actual_arrivaltime":"","actual_departuretime":"","sch_tripstarttime":"14:45","sch_tripendtime":"14:45","lastlocationid":0,"currentlocationid":31065,"nextlocationid":0,"currentstop":null,"nextstop":null,"laststop":null,"stopCoveredStatus":0,"heading":66,"lastrefreshon":"05-08-2024 23:42:00","lastreceiveddatetimeflag":1,"tripposition":3}]},{"routeid":6038,"stationid":22440,"stationname":"Safal Market","from":"Depot-47 Gate","to":"Kannamangala","routeno":"317-B D47 MDR-KNM","distance_on_station":7.479,"centerlat":13.03799,"centerlong":77.75986,"responsecode":200,"isnotify":0,"vehicleDetails":[{"vehicleid":22207,"vehiclenumber":"KA57F3256","servicetypeid":72,"servicetype":"Non AC/Ordinary","centerlat":13.034078,"centerlong":77.770096,"eta":"","sch_arrivaltime":"15:00","sch_departuretime":"15:00","actual_arrivaltime":"","actual_departuretime":"","sch_tripstarttime":"14:45","sch_tripendtime":"14:45","lastlocationid":0,"currentlocationid":31065,"nextlocationid":0,"currentstop":null,"nextstop":null,"laststop":null,"stopCoveredStatus":0,"heading":66,"lastrefreshon":"05-08-2024 23:42:00","lastreceiveddatetimeflag":1,"tripposition":3}]},{"routeid":6038,"stationid":22175,"stationname":"Khaji Sonnenahalli Gate","from":"Depot-47 Gate","to":"Kannamangala","routeno":"317-B D47 MDR-KNM","distance_on_station":7.851,"centerlat":13.03457,"centerlong":77.75908,"responsecode":200,"isnotify":0,"vehicleDetails":[{"vehicleid":22207,"vehiclenumber":"KA57F3256","servicetypeid":72,"servicetype":"Non AC/Ordinary","centerlat":13.034078,"centerlong":77.770096,"eta":"","sch_arrivaltime":"15:01","sch_departuretime":"15:01","actual_arrivaltime":"","actual_departuretime":"","sch_tripstarttime":"14:45","sch_tripendtime":"14:45","lastlocationid":0,"currentlocationid":31065,"nextlocationid":0,"currentstop":null,"nextstop":null,"laststop":null,"stopCoveredStatus":0,"heading":66,"lastrefreshon":"05-08-2024 23:42:00","lastreceiveddatetimeflag":1,"tripposition":3}]},{"routeid":6038,"stationid":31065,"stationname":"Khaji Sonnenahalli","from":"Depot-47 Gate","to":"Kannamangala","routeno":"317-B D47 MDR-KNM","distance_on_station":9.2,"centerlat":13.03341,"centerlong":77.77009,"responsecode":200,"isnotify":0,"vehicleDetails":[{"vehicleid":22207,"vehiclenumber":"KA57F3256","servicetypeid":72,"servicetype":"Non AC/Ordinary","centerlat":13.034078,"centerlong":77.770096,"eta":"","sch_arrivaltime":"15:04","sch_departuretime":"15:04","actual_arrivaltime":"","actual_departuretime":"","sch_tripstarttime":"14:45","sch_tripendtime":"14:45","lastlocationid":0,"currentlocationid":31065,"nextlocationid":0,"currentstop":null,"nextstop":null,"laststop":null,"stopCoveredStatus":0,"heading":66,"lastrefreshon":"05-08-2024 23:42:00","lastreceiveddatetimeflag":1,"tripposition":1}]}],"mapData":[{"vehicleid":22207,"vehiclenumber":"KA57F3256","servicetypeid":72,"servicetype":"Non AC/Ordinary","centerlat":13.034078,"centerlong":77.770096,"eta":"","sch_arrivaltime":"15:04","sch_departuretime":"15:04","actual_arrivaltime":"","actual_departuretime":"","sch_tripstarttime":"14:45","sch_tripendtime":"14:45","lastlocationid":0,"currentlocationid":31065,"nextlocationid":0,"currentstop":null,"nextstop":null,"laststop":null,"stopCoveredStatus":0,"heading":66,"lastrefreshon":"05-08-2024 23:42:00","lastreceiveddatetimeflag":1,"tripposition":1}]},"down":{"data":[],"mapData":[]},"message":"Success","issuccess":true,"exception":null,"rowCount":0,"responsecode":200}