{"up":{"data":[],"mapData":[]},"down":{"data":[{"routeid":6163,"stationid":25474,"stationname":"Gonighattapura","from":"Gonighattapura","to":"Kempegowda Bus Station","routeno":"323-AK","distance_on_station":0,"centerlat":12.91374,"centerlong":77.7888,"responsecode":200,"isnotify":0,"vehicleDetails":[{"vehicleid":23421,"vehiclenumber":"KA57F4855","servicetypeid":72,"servicetype":"Non AC/Ordinary","centerlat":12.944835,"centerlong":77.747167,"eta":"","sch_arrivaltime":"18:10","sch_departuretime":"18:10","actual_arrivaltime":"","actual_departuretime":"","sch_tripstarttime":"18:10","sch_tripendtime":"18:10","lastlocationid":0,"currentlocationid":22582,"nextlocationid":0,"currentstop":null,"nextstop":null,"laststop":null,"stopCoveredStatus":0,"heading":222,"lastrefreshon":"05-10-2023 17:13:22","lastreceiveddatetimeflag":1,"tripposition":1}]},{"routeid":6163,"stationid":25475,"stationname":"Gonighattapura Cross","from":"Gonighattapura","to":"Kempegowda Bus Station","routeno":"323-AK","distance_on_station":0.62,"centerlat":12.91278,"centerlong":77.79444,"responsecode":200,"isnotify":0,"vehicleDetails":[{"vehicleid":23421,"vehiclenumber":"KA57F4855","servicetypeid":72,"servicetype":"Non AC/Ordinary","centerlat":12.944835,"centerlong":77.747167,"eta":"","sch_arrivaltime":"18:11","sch_departuretime":"18:11","actual_arrivaltime":"","actual_departuretime":"","sch_tripstarttime":"18:10","sch_tripendtime":"18:10","lastlocationid":0,"currentlocationid":22582,"nextlocationid":0,"currentstop":null,"nextstop":null,"laststop":null,"stopCoveredStatus":0,"heading":222,"lastrefreshon":"05-10-2023 17:13:22","lastreceiveddatetimeflag":1,"tripposition":3}]},{"routeid":6163,"stationid":35159,"stationname":"Madappanahalli Cross","from":"Gonighattapura","to":"Kempegowda Bus Station","routeno":"323-AK","distance_on_station":1.22,"centerlat":12.91784,"centerlong":77.79606,"responsecode":200,"isnotify":0,"vehicleDetails":[{"vehicleid":23421,"vehiclenumber":"KA57F4855","servicetypeid":72,"servicetype":"Non AC/Ordinary","centerlat":12.944835,"centerlong":77.747167,"eta":"","sch_arrivaltime":"18:13","sch_departuretime":"18:13","actual_arrivaltime":"","actual_departuretime":"","sch_tripstarttime":"18:10","sch_tripendtime":"18:10","lastlocationid":0,"currentlocationid":22582,"nextlocationid":0,"currentstop":null,"nextstop":null,"laststop":null,"stopCoveredStatus":0,"heading":222,"lastrefreshon":"05-10-2023 17:13:22","lastreceiveddatetimeflag":1,"tripposition":3}]},{"routeid":6163,"stationid":24328,"stationname":"Janthagundanahalli","from":"Gonighattapura","to":"Kempegowda Bus Station","routeno":"323-AK","distance_on_station":2.72,"centerlat":12.92421,"centerlong":77.78562,"responsecode":200,"isnotify":0,"vehicleDetails":[{"vehicleid":23421,"vehiclenumber":"KA57F4855","servicetypeid":72,"servicetype":"Non AC/Ordinary","centerlat":12.944835,"centerlong":77.747167,"eta":"","sch_arrivaltime":"18:15","sch_departuretime":"18:15","actual_arrivaltime":"","actual_departuretime":"","sch_tripstarttime":"18:10","sch_tripendtime":"18:10","lastlocationid":0,"currentlocationid":22582,"nextlocationid":0,"currentstop":null,"nextstop":null,"laststop":null,"stopCoveredStatus":0,"heading":222,"lastrefreshon":"05-10-2023 17:13:22","lastreceiveddatetimeflag":1,"tripposition":3}]},{"routeid":6163,"stationid":24329,"stationname":"Janthagundanahalli Cross","from":"Gonighattapura","to":"Kempegowda Bus Station","routeno":"323-AK","distance_on_station":3.19,"centerlat":12.92649,"centerlong":77.78187,"responsecode":200,"isnotify":0,"vehicleDetails":[{"vehicleid":23421,"vehiclenumber":"KA57F4855","servicetypeid":72,"servicetype":"Non AC/Ordinary","centerlat":12.944835,"centerlong":77.747167,"eta":"","sch_arrivaltime":"18:16","sch_departuretime":"18:16","actual_arrivaltime":"","actual_departuretime":"","sch_tripstarttime":"18:10","sch_tripendtime":"18:10","lastlocationid":0,"currentlocationid":22582,"nextlocationid":0,"currentstop":null,"nextstop":null,"laststop":null,"stopCoveredStatus":0,"heading":222,"lastrefreshon":"05-10-2023 17:13:22","lastreceiveddatetimeflag":1,"tripposition":3}]},{"routeid":6163,"stationid":24330,"stationname":"Nekkundi Dommasandra","from":"Gonighattapura","to":"Kempegowda Bus Station","routeno":"323-AK","distance_on_station":3.87,"centerlat":12.92785,"centerlong":77.77604,"responsecode":200,"isnotify":0,"vehicleDetails":[{"vehicleid":23421,"vehiclenumber":"KA57F4855","servicetypeid":72,"servicetype":"Non AC/Ordinary","centerlat":12.944835,"centerlong":77.747167,"eta":"","sch_arrivaltime":"18:17","sch_departuretime":"18:17","actual_arrivaltime":"","actual_departuretime":"","sch_tripstarttime":"18:10","sch_tripendtime":"18:10","lastlocationid":0,"currentlocationid":22582,"nextlocationid":0,"currentstop":null,"nextstop":null,"laststop":null,"stopCoveredStatus":0,"heading":222,"lastrefreshon":"05-10-2023 17:13:22","lastreceiveddatetimeflag":1,"tripposition":3}]},{"routeid":6163,"stationid":24533,"stationname":"Chikka Nekkundi","from":"Gonighattapura","to":"Kempegowda Bus Station","routeno":"323-AK","distance_on_station":5.01,"centerlat":12.92985,"centerlong":77.76583,"responsecode":200,"isnotify":0,"vehicleDetails":[{"vehicleid":23421,"vehiclenumber":"KA57F4855","servicetypeid":72,"servicetype":"Non AC/Ordinary","centerlat":12.944835,"centerlong":77.747167,"eta":"","sch_arrivaltime":"18:18","sch_departuretime":"18:18","actual_arrivaltime":"","actual_departuretime":"","sch_tripstarttime":"18:10","sch_tripendtime":"18:10","lastlocationid":0,"currentlocationid":22582,"nextlocationid":0,"currentstop":null,"nextstop":null,"laststop":null,"stopCoveredStatus":0,"heading":222,"lastrefreshon":"05-10-2023 17:13:22","lastreceiveddatetimeflag":1,"tripposition":3}]},{"routeid":6163,"stationid":24331,"stationname":"Surya Nagara Apartment","from":"Gonighattapura","to":"Kempegowda Bus Station","routeno":"323-AK","distance_on_station":5.38,"centerlat":12.9313,"centerlong":77.76268,"responsecode":200,"isnotify":0,"vehicleDetails":[{"vehicleid":23421,"vehiclenumber":"KA57F4855","servicetypeid":72,"servicetype":"Non AC/Ordinary","centerlat":12.944835,"centerlong":77.747167,"eta":"","sch_arrivaltime":"18:19","sch_departuretime":"18:19","actual_arrivaltime":"","actual_departuretime":"","sch_tripstarttime":"18:10","sch_tripendtime":"18:10","lastlocationid":0,"currentlocationid":22582,"nextlocationid":0,"currentstop":null,"nextstop":null,"laststop":null,"stopCoveredStatus":0,"heading":222,"lastrefreshon":"05-10-2023 17:13:22","lastreceiveddatetimeflag":1,"tripposition":3}]},{"routeid":6163,"stationid":24332,"stationname":"Vagdevi Vilas School","from":"Gonighattapura","to":"Kempegowda Bus Station","routeno":"323-AK","distance_on_station":5.61,"centerlat":12.93227,"centerlong":77.76075,"responsecode":200,"isnotify":0,"vehicleDetails":[{"vehicleid":23421,"vehiclenumber":"KA57F4855","servicetypeid":72,"servicetype":"Non AC/Ordinary","centerlat":12.944835,"centerlong":77.747167,"eta":"","sch_arrivaltime":"18:20","sch_departuretime":"18:20","actual_arrivaltime":"","actual_departuretime":"","sch_tripstarttime":"18:10","sch_tripendtime":"18:10","lastlocationid":0,"currentlocationid":22582,"nextlocationid":0,"currentstop":null,"nextstop":null,"laststop":null,"stopCoveredStatus":0,"heading":222,"lastrefreshon":"05-10-2023 17:13:22","lastreceiveddatetimeflag":1,"tripposition":3}]},{"routeid":6163,"stationid":35332,"stationname":"Halasahalli Cross","from":"Gonighattapura","to":"Kempegowda Bus Station","routeno":"323-AK","distance_on_station":5.89,"centerlat":12.9329,"centerlong":77.75829,"responsecode":200,"isnotify":0,"vehicleDetails":[{"vehicleid":23421,"vehiclenumber":"KA57F4855","servicetypeid":72,"servicetype":"Non AC/Ordinary","centerlat":12.944835,"centerlong":77.747167,"eta":"","sch_arrivaltime":"18:21","sch_departuretime":"18:21","actual_arrivaltime":"","actual_departuretime":"","sch_tripstarttime":"18:10","sch_tripendtime":"18:10","lastlocationid":0,"currentlocationid":22582,"nextlocationid":0,"currentstop":null,"nextstop":null,"laststop":null,"stopCoveredStatus":0,"heading":222,"lastrefreshon":"05-10-2023 17:13:22","lastreceiveddatetimeflag":1,"tripposition":3}]},{"routeid":6163,"stationid":34913,"stationname":"Varthuru Police Station","from":"Gonighattapura","to":"Kempegowda Bus Station","routeno":"323-AK","distance_on_station":7.32,"centerlat":12.93828,"centerlong":77.74692,"responsecode":200,"isnotify":0,"vehicleDetails":[{"vehicleid":23421,"vehiclenumber":"KA57F4855","servicetypeid":72,"servicetype":"Non AC/Ordinary","centerlat":12.944835,"centerlong":77.747167,"eta":"","sch_arrivaltime":"18:25","sch_departuretime":"18:25","actual_arrivaltime":"","actual_departuretime":"","sch_tripstarttime":"18:10","sch_tripendtime":"18:10","lastlocationid":0,"currentlocationid":22582,"nextlocationid":0,"currentstop":null,"nextstop":null,"laststop":null,"stopCoveredStatus":0,"heading":222,"lastrefreshon":"05-10-2023 17:13:22","lastreceiveddatetimeflag":1,"tripposition":3}]},{"routeid":6163,"stationid":22580,"stationname":"Varthuru","from":"Gonighattapura","to":"Kempegowda Bus Station","routeno":"323-AK","distance_on_station":7.61,"centerlat":12.94016,"centerlong":77.74727,"responsecode":200,"isnotify":0,"vehicleDetails":[{"vehicleid":23421,"vehiclenumber":"KA57F4855","servicetypeid":72,"servicetype":"Non AC/Ordinary","centerlat":12.944835,"centerlong":77.747167,"eta":"","sch_arrivaltime":"18:26","sch_departuretime":"18:26","actual_arrivaltime":"","actual_departuretime":"","sch_tripstarttime":"18:10","sch_tripendtime":"18:10","lastlocationid":0,"currentlocationid":22582,"nextlocationid":0,"currentstop":null,"nextstop":null,"laststop":null,"stopCoveredStatus":0,"heading":222,"lastrefreshon":"05-10-2023 17:13:22","lastreceiveddatetimeflag":1,"tripposition":3}]},{"routeid":6163,"stationid":22582,"stationname":"Varthuru Govt College","from":"Gonighattapura","to":"Kempegowda Bus Station","routeno":"323-AK","distance_on_station":7.83,"centerlat":12.94276,"centerlong":77.74697,"responsecode":200,"isnotify":0,"vehicleDetails":[{"vehicleid":23421,"vehiclenumber":"KA57F4855","servicetypeid":72,"servicetype":"Non AC/Ordinary","centerlat":12.944835,"centerlong":77.747167,"eta":"","sch_arrivaltime":"18:27","sch_departuretime":"18:27","actual_arrivaltime":"","actual_departuretime":"","sch_tripstarttime":"18:10","sch_tripendtime":"18:10","lastlocationid":0,"currentlocationid":22582,"nextlocationid":0,"currentstop":null,"nextstop":null,"laststop":null,"stopCoveredStatus":0,"heading":222,"lastrefreshon":"05-10-2023 17:13:22","lastreceiveddatetimeflag":1,"tripposition":3}]},{"routeid":6163,"stationid":22829,"stationname":"Varthur Kodi","from":"Gonighattapura","to":"Kempegowda Bus Station","routeno":"323-AK","distance_on_station":9.57,"centerlat":12.95664,"centerlong":77.74472,"responsecode":200,"isnotify":0,"vehicleDetails":[{"vehicleid":23421,"vehiclenumber":"KA57F4855","servicetypeid":72,"servicetype":"Non AC/Ordinary","centerlat":12.944835,"centerlong":77.747167,"eta":"","sch_arrivaltime":"18:31","sch_departuretime":"18:31","actual_arrivaltime":"","actual_departuretime":"","sch_tripstarttime":"18:10","sch_tripendtime":"18:10","lastlocationid":0,"currentlocationid":22582,"nextlocationid":0,"currentstop":null,"nextstop":null,"laststop":null,"stopCoveredStatus":0,"heading":222,"lastrefreshon":"05-10-2023 17:13:22","lastreceiveddatetimeflag":1,"tripposition":3}]},{"routeid":6163,"stationid":22413,"stationname":"Ramagondanahalli","from":"Gonighattapura","to":"Kempegowda Bus Station","routeno":"323-AK","distance_on_station":10.17,"centerlat":12.95695,"centerlong":77.73949,"responsecode":200,"isnotify":0,"vehicleDetails":[{"vehicleid":23421,"vehiclenumber":"KA57F4855","servicetypeid":72,"servicetype":"Non AC/Ordinary","centerlat":12.944835,"centerlong":77.747167,"eta":"","sch_arrivaltime":"18:32","sch_departuretime":"18:32","actual_arrivaltime":"","actual_departuretime":"","sch_tripstarttime":"18:10","sch_tripendtime":"18:10","lastlocationid":0,"currentlocationid":22582,"nextlocationid":0,"currentstop":null,"nextstop":null,"laststop":null,"stopCoveredStatus":0,"heading":222,"lastrefreshon":"05-10-2023 17:13:22","lastreceiveddatetimeflag":1,"tripposition":3}]},{"routeid":6163,"stationid":22488,"stationname":"Siddapura","from":"Gonighattapura","to":"Kempegowda Bus Station","routeno":"323-AK","distance_on_station":11.15,"centerlat":12.95607,"centerlong":77.73057,"responsecode":200,"isnotify":0,"vehicleDetails":[{"vehicleid":23421,"vehiclenumber":"KA57F4855","servicetypeid":72,"servicetype":"Non AC/Ordinary","centerlat":12.944835,"centerlong":77.747167,"eta":"","sch_arrivaltime":"18:34","sch_departuretime":"18:34","actual_arrivaltime":"","actual_departuretime":"","sch_tripstarttime":"18:10","sch_tripendtime":"18:10","lastlocationid":0,"currentlocationid":22582,"nextlocationid":0,"currentstop":null,"nextstop":null,"laststop":null,"stopCoveredStatus":0,"heading":222,"lastrefreshon":"05-10-2023 17:13:22","lastreceiveddatetimeflag":1,"tripposition":3}]},{"routeid":6163,"stationid":22558,"stationname":"Thubarahalli","from":"Gonighattapura","to":"Kempegowda Bus Station","routeno":"323-AK","distance_on_station":12.26,"centerlat":12.95575,"centerlong":77.72042,"responsecode":200,"isnotify":0,"vehicleDetails":[{"vehicleid":23421,"vehiclenumber":"KA57F4855","servicetypeid":72,"servicetype":"Non AC/Ordinary","centerlat":12.944835,"centerlong":77.747167,"eta":"","sch_arrivaltime":"18:38","sch_departuretime":"18:38","actual_arrivaltime":"","actual_departuretime":"","sch_tripstarttime":"18:10","sch_tripendtime":"18:10","lastlocationid":0,"currentlocationid":22582,"nextlocationid":0,"currentstop":null,"nextstop":null,"laststop":null,"stopCoveredStatus":0,"heading":222,"lastrefreshon":"05-10-2023 17:13:22","lastreceiveddatetimeflag":1,"tripposition":3}]},{"routeid":6163,"stationid":20959,"stationname":"Kundalahalli Gate","from":"Gonighattapura","to":"Kempegowda Bus Station","routeno":"323-AK","distance_on_station":12.97,"centerlat":12.95592,"centerlong":77.71378,"responsecode":200,"isnotify":0,"vehicleDetails":[{"vehicleid":23421,"vehiclenumber":"KA57F4855","servicetypeid":72,"servicetype":"Non AC/Ordinary","centerlat":12.944835,"centerlong":77.747167,"eta":"","sch_arrivaltime":"18:40","sch_departuretime":"18:40","actual_arrivaltime":"","actual_departuretime":"","sch_tripstarttime":"18:10","sch_tripendtime":"18:10","lastlocationid":0,"currentlocationid":22582,"nextlocationid":0,"currentstop":null,"nextstop":null,"laststop":null,"stopCoveredStatus":0,"heading":222,"lastrefreshon":"05-10-2023 17:13:22","lastreceiveddatetimeflag":1,"tripposition":3}]},{"routeid":6163,"stationid":21037,"stationname":"Munnekolalu Cross (Spice Garden)","from":"Gonighattapura","to":"Kempegowda Bus Station","routeno":"323-AK","distance_on_station":13.51,"centerlat":12.95634,"centerlong":77.70878,"responsecode":200,"isnotify":0,"vehicleDetails":[{"vehicleid":23421,"vehiclenumber":"KA57F4855","servicetypeid":72,"servicetype":"Non AC/Ordinary","centerlat":12.944835,"centerlong":77.747167,"eta":"","sch_arrivaltime":"18:41","sch_departuretime":"18:41","actual_arrivaltime":"","actual_departuretime":"","sch_tripstarttime":"18:10","sch_tripendtime":"18:10","lastlocationid":0,"currentlocationid":22582,"nextlocationid":0,"currentstop":null,"nextstop":null,"laststop":null,"stopCoveredStatus":0,"heading":222,"lastrefreshon":"05-10-2023 17:13:22","lastreceiveddatetimeflag":1,"tripposition":3}]},{"routeid":6163,"stationid":22662,"stationname":"Marathahalli Bridge","from":"Gonighattapura","to":"Kempegowda Bus Station","routeno":"323-AK","distance_on_station":14.39,"centerlat":12.95694,"centerlong":77.70062,"responsecode":200,"isnotify":0,"vehicleDetails":[{"vehicleid":23421,"vehiclenumber":"KA57F4855","servicetypeid":72,"servicetype":"Non AC/Ordinary","centerlat":12.944835,"centerlong":77.747167,"eta":"","sch_arrivaltime":"18:43","sch_departuretime":"18:43","actual_arrivaltime":"","actual_departuretime":"","sch_tripstarttime":"18:10","sch_tripendtime":"18:10","lastlocationid":0,"currentlocationid":22582,"nextlocationid":0,"currentstop":null,"nextstop":null,"laststop":null,"stopCoveredStatus":0,"heading":222,"lastrefreshon":"05-10-2023 17:13:22","lastreceiveddatetimeflag":1,"tripposition":3}]},{"routeid":6163,"stationid":22261,"stationname":"Marathahalli","from":"Gonighattapura","to":"Kempegowda Bus Station","routeno":"323-AK","distance_on_station":15.16,"centerlat":12.95611,"centerlong":77.69372,"responsecode":200,"isnotify":0,"vehicleDetails":[{"vehicleid":23421,"vehiclenumber":"KA57F4855","servicetypeid":72,"servicetype":"Non AC/Ordinary","centerlat":12.944835,"centerlong":77.747167,"eta":"","sch_arrivaltime":"18:47","sch_departuretime":"18:47","actual_arrivaltime":"","actual_departuretime":"","sch_tripstarttime":"18:10","sch_tripendtime":"18:10","lastlocationid":0,"currentlocationid":22582,"nextlocationid":0,"currentstop":null,"nextstop":null,"laststop":null,"stopCoveredStatus":0,"heading":222,"lastrefreshon":"05-10-2023 17:13:22","lastreceiveddatetimeflag":1,"tripposition":3}]},{"routeid":6163,"stationid":22628,"stationname":"Yamalur Cross","from":"Gonighattapura","to":"Kempegowda Bus Station","routeno":"323-AK","distance_on_station":15.84,"centerlat":12.95498,"centerlong":77.68756,"responsecode":200,"isnotify":0,"vehicleDetails":[{"vehicleid":23421,"vehiclenumber":"KA57F4855","servicetypeid":72,"servicetype":"Non AC/Ordinary","centerlat":12.944835,"centerlong":77.747167,"eta":"","sch_arrivaltime":"18:49","sch_departuretime":"18:49","actual_arrivaltime":"","actual_departuretime":"","sch_tripstarttime":"18:10","sch_tripendtime":"18:10","lastlocationid":0,"currentlocationid":22582,"nextlocationid":0,"currentstop":null,"nextstop":null,"laststop":null,"stopCoveredStatus":0,"heading":222,"lastrefreshon":"05-10-2023 17:13:22","lastreceiveddatetimeflag":1,"tripposition":3}]},{"routeid":6163,"stationid":22002,"stationname":"HAL Kalyana Mantap","from":"Gonighattapura","to":"Kempegowda Bus Station","routeno":"323-AK","distance_on_station":16.42,"centerlat":12.95448,"centerlong":77.68225,"responsecode":200,"isnotify":0,"vehicleDetails":[{"vehicleid":23421,"vehiclenumber":"KA57F4855","servicetypeid":72,"servicetype":"Non AC/Ordinary","centerlat":12.944835,"centerlong":77.747167,"eta":"","sch_arrivaltime":"18:50","sch_departuretime":"18:50","actual_arrivaltime":"","actual_departuretime":"","sch_tripstarttime":"18:10","sch_tripendtime":"18:10","lastlocationid":0,"currentlocationid":22582,"nextlocationid":0,"currentstop":null,"nextstop":null,"laststop":null,"stopCoveredStatus":0,"heading":222,"lastrefreshon":"05-10-2023 17:13:22","lastreceiveddatetimeflag":1,"tripposition":3}]},{"routeid":6163,"stationid":22022,"stationname":"Helicopter Division","from":"Gonighattapura","to":"Kempegowda Bus Station","routeno":"323-AK","distance_on_station":17.23,"centerlat":12.95662,"centerlong":77.67535,"responsecode":200,"isnotify":0,"vehicleDetails":[{"vehicleid":23421,"vehiclenumber":"KA57F4855","servicetypeid":72,"servicetype":"Non AC/Ordinary","centerlat":12.944835,"centerlong":77.747167,"eta":"","sch_arrivaltime":"18:51","sch_departuretime":"18:51","actual_arrivaltime":"","actual_departuretime":"","sch_tripstarttime":"18:10","sch_tripendtime":"18:10","lastlocationid":0,"currentlocationid":22582,"nextlocationid":0,"currentstop":null,"nextstop":null,"laststop":null,"stopCoveredStatus":0,"heading":222,"lastrefreshon":"05-10-2023 17:13:22","lastreceiveddatetimeflag":1,"tripposition":3}]},{"routeid":6163,"stationid":22004,"stationname":"HAL Main Gate","from":"Gonighattapura","to":"Kempegowda Bus Station","routeno":"323-AK","distance_on_station":18.37,"centerlat":12.95854,"centerlong":77.66505,"responsecode":200,"isnotify":0,"vehicleDetails":[{"vehicleid":23421,"vehiclenumber":"KA57F4855","servicetypeid":72,"servicetype":"Non AC/Ordinary","centerlat":12.944835,"centerlong":77.747167,"eta":"","sch_arrivaltime":"18:53","sch_departuretime":"18:53","actual_arrivaltime":"","actual_departuretime":"","sch_tripstarttime":"18:10","sch_tripendtime":"18:10","lastlocationid":0,"currentlocationid":22582,"nextlocationid":0,"currentstop":null,"nextstop":null,"laststop":null,"stopCoveredStatus":0,"heading":222,"lastrefreshon":"05-10-2023 17:13:22","lastreceiveddatetimeflag":1,"tripposition":3}]},{"routeid":6163,"stationid":22194,"stationname":"Konena Agrahara","from":"Gonighattapura","to":"Kempegowda Bus Station","routeno":"323-AK","distance_on_station":18.99,"centerlat":12.95902,"centerlong":77.65946,"responsecode":200,"isnotify":0,"vehicleDetails":[{"vehicleid":23421,"vehiclenumber":"KA57F4855","servicetypeid":72,"servicetype":"Non AC/Ordinary","centerlat":12.944835,"centerlong":77.747167,"eta":"","sch_arrivaltime":"18:55","sch_departuretime":"18:55","actual_arrivaltime":"","actual_departuretime":"","sch_tripstarttime":"18:10","sch_tripendtime":"18:10","lastlocationid":0,"currentlocationid":22582,"nextlocationid":0,"currentstop":null,"nextstop":null,"laststop":null,"stopCoveredStatus":0,"heading":222,"lastrefreshon":"05-10-2023 17:13:22","lastreceiveddatetimeflag":1,"tripposition":3}]},{"routeid":6163,"stationid":22485,"stationname":"Murugeshpalya","from":"Gonighattapura","to":"Kempegowda Bus Station","routeno":"323-AK","distance_on_station":19.36,"centerlat":12.95927,"centerlong":77.65611,"responsecode":200,"isnotify":0,"vehicleDetails":[{"vehicleid":23421,"vehiclenumber":"KA57F4855","servicetypeid":72,"servicetype":"Non AC/Ordinary","centerlat":12.944835,"centerlong":77.747167,"eta":"","sch_arrivaltime":"18:56","sch_departuretime":"18:56","actual_arrivaltime":"","actual_departuretime":"","sch_tripstarttime":"18:10","sch_tripendtime":"18:10","lastlocationid":0,"currentlocationid":22582,"nextlocationid":0,"currentstop":null,"nextstop":null,"laststop":null,"stopCoveredStatus":0,"heading":222,"lastrefreshon":"05-10-2023 17:13:22","lastreceiveddatetimeflag":1,"tripposition":3}]},{"routeid":6163,"stationid":22337,"stationname":"NAL Manipal Hospital","from":"Gonighattapura","to":"Kempegowda Bus Station","routeno":"323-AK","distance_on_station":20.03,"centerlat":12.95961,"centerlong":77.64991,"responsecode":200,"isnotify":0,"vehicleDetails":[{"vehicleid":23421,"vehiclenumber":"KA57F4855","servicetypeid":72,"servicetype":"Non AC/Ordinary","centerlat":12.944835,"centerlong":77.747167,"eta":"","sch_arrivaltime":"18:57","sch_departuretime":"18:57","actual_arrivaltime":"","actual_departuretime":"","sch_tripstarttime":"18:10","sch_tripendtime":"18:10","lastlocationid":0,"currentlocationid":22582,"nextlocationid":0,"currentstop":null,"nextstop":null,"laststop":null,"stopCoveredStatus":0,"heading":222,"lastrefreshon":"05-10-2023 17:13:22","lastreceiveddatetimeflag":1,"tripposition":3}]},{"routeid":6163,"stationid":22179,"stationname":"Kodihalli","from":"Gonighattapura","to":"Kempegowda Bus Station","routeno":"323-AK","distance_on_station":20.36,"centerlat":12.95997,"centerlong":77.64687,"responsecode":200,"isnotify":0,"vehicleDetails":[{"vehicleid":23421,"vehiclenumber":"KA57F4855","servicetypeid":72,"servicetype":"Non AC/Ordinary","centerlat":12.944835,"centerlong":77.747167,"eta":"","sch_arrivaltime":"18:58","sch_departuretime":"18:58","actual_arrivaltime":"","actual_departuretime":"","sch_tripstarttime":"18:10","sch_tripendtime":"18:10","lastlocationid":0,"currentlocationid":22582,"nextlocationid":0,"currentstop":null,"nextstop":null,"laststop":null,"stopCoveredStatus":0,"heading":222,"lastrefreshon":"05-10-2023 17:13:22","lastreceiveddatetimeflag":1,"tripposition":3}]},{"routeid":6163,"stationid":21915,"stationname":"Domlur Flyover","from":"Gonighattapura","to":"Kempegowda Bus Station","routeno":"323-AK","distance_on_station":20.83,"centerlat":12.96045,"centerlong":77.64251,"responsecode":200,"isnotify":0,"vehicleDetails":[{"vehicleid":23421,"vehiclenumber":"KA57F4855","servicetypeid":72,"servicetype":"Non AC/Ordinary","centerlat":12.944835,"centerlong":77.747167,"eta":"","sch_arrivaltime":"18:59","sch_departuretime":"18:59","actual_arrivaltime":"","actual_departuretime":"","sch_tripstarttime":"18:10","sch_tripendtime":"18:10","lastlocationid":0,"currentlocationid":22582,"nextlocationid":0,"currentstop":null,"nextstop":null,"laststop":null,"stopCoveredStatus":0,"heading":222,"lastrefreshon":"05-10-2023 17:13:22","lastreceiveddatetimeflag":1,"tripposition":3}]},{"routeid":6163,"stationid":21913,"stationname":"Domlur","from":"Gonighattapura","to":"Kempegowda Bus Station","routeno":"323-AK","distance_on_station":21.47,"centerlat":12.96122,"centerlong":77.63667,"responsecode":200,"isnotify":0,"vehicleDetails":[{"vehicleid":23421,"vehiclenumber":"KA57F4855","servicetypeid":72,"servicetype":"Non AC/Ordinary","centerlat":12.944835,"centerlong":77.747167,"eta":"","sch_arrivaltime":"19:01","sch_departuretime":"19:01","actual_arrivaltime":"","actual_departuretime":"","sch_tripstarttime":"18:10","sch_tripendtime":"18:10","lastlocationid":0,"currentlocationid":22582,"nextlocationid":0,"currentstop":null,"nextstop":null,"laststop":null,"stopCoveredStatus":0,"heading":222,"lastrefreshon":"05-10-2023 17:13:22","lastreceiveddatetimeflag":1,"tripposition":3}]},{"routeid":6163,"stationid":21865,"stationname":"Commando Hospital","from":"Gonighattapura","to":"Kempegowda Bus Station","routeno":"323-AK","distance_on_station":22.5,"centerlat":12.96271,"centerlong":77.62756,"responsecode":200,"isnotify":0,"vehicleDetails":[{"vehicleid":23421,"vehiclenumber":"KA57F4855","servicetypeid":72,"servicetype":"Non AC/Ordinary","centerlat":12.944835,"centerlong":77.747167,"eta":"","sch_arrivaltime":"19:02","sch_departuretime":"19:02","actual_arrivaltime":"","actual_departuretime":"","sch_tripstarttime":"18:10","sch_tripendtime":"18:10","lastlocationid":0,"currentlocationid":22582,"nextlocationid":0,"currentstop":null,"nextstop":null,"laststop":null,"stopCoveredStatus":0,"heading":222,"lastrefreshon":"05-10-2023 17:13:22","lastreceiveddatetimeflag":1,"tripposition":3}]},{"routeid":6163,"stationid":22288,"stationname":"Military Accounts Office","from":"Gonighattapura","to":"Kempegowda Bus Station","routeno":"323-AK","distance_on_station":23.42,"centerlat":12.96691,"centerlong":77.62117,"responsecode":200,"isnotify":0,"vehicleDetails":[{"vehicleid":23421,"vehiclenumber":"KA57F4855","servicetypeid":72,"servicetype":"Non AC/Ordinary","centerlat":12.944835,"centerlong":77.747167,"eta":"","sch_arrivaltime":"19:03","sch_departuretime":"19:03","actual_arrivaltime":"","actual_departuretime":"","sch_tripstarttime":"18:10","sch_tripendtime":"18:10","lastlocationid":0,"currentlocationid":22582,"nextlocationid":0,"currentstop":null,"nextstop":null,"laststop":null,"stopCoveredStatus":0,"heading":222,"lastrefreshon":"05-10-2023 17:13:22","lastreceiveddatetimeflag":1,"tripposition":3}]},{"routeid":6163,"stationid":31011,"stationname":"Kendriya Vidyalaya ASC Center","from":"Gonighattapura","to":"Kempegowda Bus Station","routeno":"323-AK","distance_on_station":24.45,"centerlat":12.96676,"centerlong":77.61259,"responsecode":200,"isnotify":0,"vehicleDetails":[{"vehicleid":23421,"vehiclenumber":"KA57F4855","servicetypeid":72,"servicetype":"Non AC/Ordinary","centerlat":12.944835,"centerlong":77.747167,"eta":"","sch_arrivaltime":"19:05","sch_departuretime":"19:05","actual_arrivaltime":"","actual_departuretime":"","sch_tripstarttime":"18:10","sch_tripendtime":"18:10","lastlocationid":0,"currentlocationid":22582,"nextlocationid":0,"currentstop":null,"nextstop":null,"laststop":null,"stopCoveredStatus":0,"heading":222,"lastrefreshon":"05-10-2023 17:13:22","lastreceiveddatetimeflag":1,"tripposition":3}]},{"routeid":6163,"stationid":20970,"stationname":"Life Style (Sacred Heart School)","from":"Gonighattapura","to":"Kempegowda Bus Station","routeno":"323-AK","distance_on_station":24.72,"centerlat":12.96692,"centerlong":77.61018,"responsecode":200,"isnotify":0,"vehicleDetails":[{"vehicleid":23421,"vehiclenumber":"KA57F4855","servicetypeid":72,"servicetype":"Non AC/Ordinary","centerlat":12.944835,"centerlong":77.747167,"eta":"","sch_arrivaltime":"19:06","sch_departuretime":"19:06","actual_arrivaltime":"","actual_departuretime":"","sch_tripstarttime":"18:10","sch_tripendtime":"18:10","lastlocationid":0,"currentlocationid":22582,"nextlocationid":0,"currentstop":null,"nextstop":null,"laststop":null,"stopCoveredStatus":0,"heading":222,"lastrefreshon":"05-10-2023 17:13:22","lastreceiveddatetimeflag":1,"tripposition":3}]},{"routeid":6163,"stationid":21126,"stationname":"Richmond Circle","from":"Gonighattapura","to":"Kempegowda Bus Station","routeno":"323-AK","distance_on_station":25.37,"centerlat":12.9658,"centerlong":77.60433,"responsecode":200,"isnotify":0,"vehicleDetails":[{"vehicleid":23421,"vehiclenumber":"KA57F4855","servicetypeid":72,"servicetype":"Non AC/Ordinary","centerlat":12.944835,"centerlong":77.747167,"eta":"","sch_arrivaltime":"19:07","sch_departuretime":"19:07","actual_arrivaltime":"","actual_departuretime":"","sch_tripstarttime":"18:10","sch_tripendtime":"18:10","lastlocationid":0,"currentlocationid":22582,"nextlocationid":0,"currentstop":null,"nextstop":null,"laststop":null,"stopCoveredStatus":0,"heading":222,"lastrefreshon":"05-10-2023 17:13:22","lastreceiveddatetimeflag":1,"tripposition":3}]},{"routeid":6163,"stationid":22667,"stationname":"Pallavi Talkies","from":"Gonighattapura","to":"Kempegowda Bus Station","routeno":"323-AK","distance_on_station":26.98,"centerlat":12.9679,"centerlong":77.59102,"responsecode":200,"isnotify":0,"vehicleDetails":[{"vehicleid":23421,"vehiclenumber":"KA57F4855","servicetypeid":72,"servicetype":"Non AC/Ordinary","centerlat":12.944835,"centerlong":77.747167,"eta":"","sch_arrivaltime":"19:11","sch_departuretime":"19:11","actual_arrivaltime":"","actual_departuretime":"","sch_tripstarttime":"18:10","sch_tripendtime":"18:10","lastlocationid":0,"currentlocationid":22582,"nextlocationid":0,"currentstop":null,"nextstop":null,"laststop":null,"stopCoveredStatus":0,"heading":222,"lastrefreshon":"05-10-2023 17:13:22","lastreceiveddatetimeflag":1,"tripposition":3}]},{"routeid":6163,"stationid":20725,"stationname":"Corporation","from":"Gonighattapura","to":"Kempegowda Bus Station","routeno":"323-AK","distance_on_station":27.61,"centerlat":12.96839,"centerlong":77.58675,"responsecode":200,"isnotify":0,"vehicleDetails":[{"vehicleid":23421,"vehiclenumber":"KA57F4855","servicetypeid":72,"servicetype":"Non AC/Ordinary","centerlat":12.944835,"centerlong":77.747167,"eta":"","sch_arrivaltime":"19:13","sch_departuretime":"19:13","actual_arrivaltime":"","actual_departuretime":"","sch_tripstarttime":"18:10","sch_tripendtime":"18:10","lastlocationid":0,"currentlocationid":22582,"nextlocationid":0,"currentstop":null,"nextstop":null,"laststop":null,"stopCoveredStatus":0,"heading":222,"lastrefreshon":"05-10-2023 17:13:22","lastreceiveddatetimeflag":1,"tripposition":3}]},{"routeid":6163,"stationid":35383,"stationname":"Mysore Bank","from":"Gonighattapura","to":"Kempegowda Bus Station","routeno":"323-AK","distance_on_station":28.32,"centerlat":12.97253,"centerlong":77.58199,"responsecode":200,"isnotify":0,"vehicleDetails":[{"vehicleid":23421,"vehiclenumber":"KA57F4855","servicetypeid":72,"servicetype":"Non AC/Ordinary","centerlat":12.944835,"centerlong":77.747167,"eta":"","sch_arrivaltime":"19:14","sch_departuretime":"19:14","actual_arrivaltime":"","actual_departuretime":"","sch_tripstarttime":"18:10","sch_tripendtime":"18:10","lastlocationid":0,"currentlocationid":22582,"nextlocationid":0,"currentstop":null,"nextstop":null,"laststop":null,"stopCoveredStatus":0,"heading":222,"lastrefreshon":"05-10-2023 17:13:22","lastreceiveddatetimeflag":1,"tripposition":3}]},{"routeid":6163,"stationid":20922,"stationname":"Kempegowda Bus Station","from":"Gonighattapura","to":"Kempegowda Bus Station","routeno":"323-AK","distance_on_station":29.5,"centerlat":12.97749,"centerlong":77.57327,"responsecode":200,"isnotify":0,"vehicleDetails":[{"vehicleid":23421,"vehiclenumber":"KA57F4855","servicetypeid":72,"servicetype":"Non AC/Ordinary","centerlat":12.944835,"centerlong":77.747167,"eta":"","sch_arrivaltime":"19:19","sch_departuretime":"19:19","actual_arrivaltime":"","actual_departuretime":"","sch_tripstarttime":"18:10","sch_tripendtime":"18:10","lastlocationid":0,"currentlocationid":22582,"nextlocationid":0,"currentstop":null,"nextstop":null,"laststop":null,"stopCoveredStatus":0,"heading":222,"lastrefreshon":"05-10-2023 17:13:22","lastreceiveddatetimeflag":1,"tripposition":1}]}],"mapData":[{"vehicleid":23421,"vehiclenumber":"KA57F4855","servicetypeid":72,"servicetype":"Non AC/Ordinary","centerlat":12.944835,"centerlong":77.747167,"eta":"","sch_arrivaltime":"19:19","sch_departuretime":"19:19","actual_arrivaltime":"","actual_departuretime":"","sch_tripstarttime":"18:10","sch_tripendtime":"18:10","lastlocationid":0,"currentlocationid":22582,"nextlocationid":0,"currentstop":null,"nextstop":null,"laststop":null,"stopCoveredStatus":0,"heading":222,"lastrefreshon":"05-10-2023 17:13:22","lastreceiveddatetimeflag":1,"tripposition":1}]},"message":"Success","issuccess":true,"exception":null,"rowCount":0,"responsecode":200}