{"up":{"data":[{"routeid":6216,"stationid":35181,"stationname":"Nagondanahalli","from":"Nagondanahalli","to":"Depot-41 Gate","routeno":"324 NGH-D41G","distance_on_station":0,"centerlat":12.97526,"centerlong":77.77131,"responsecode":200,"isnotify":0,"vehicleDetails":[{"vehicleid":23394,"vehiclenumber":"KA57F4057","servicetypeid":72,"servicetype":"Non AC/Ordinary","centerlat":12.921988,"centerlong":77.743454,"eta":"","sch_arrivaltime":"12:15","sch_departuretime":"12:15","actual_arrivaltime":"","actual_departuretime":"","sch_tripstarttime":"12:15","sch_tripendtime":"12:15","lastlocationid":0,"currentlocationid":37151,"nextlocationid":0,"currentstop":null,"nextstop":null,"laststop":null,"stopCoveredStatus":1,"heading":152,"lastrefreshon":"30-08-2024 12:54:04","lastreceiveddatetimeflag":0,"tripposition":1}]},{"routeid":6216,"stationid":23562,"stationname":"Immadihalli","from":"Nagondanahalli","to":"Depot-41 Gate","routeno":"324 NGH-D41G","distance_on_station":1.422,"centerlat":12.96669,"centerlong":77.76309,"responsecode":200,"isnotify":0,"vehicleDetails":[{"vehicleid":23294,"vehiclenumber":"KA57F1465","servicetypeid":72,"servicetype":"Non AC/Ordinary","centerlat":12.96479,"centerlong":77.758446,"eta":"","sch_arrivaltime":"13:29","sch_departuretime":"13:29","actual_arrivaltime":"12:51","actual_departuretime":"12:51","sch_tripstarttime":"13:25","sch_tripendtime":"13:25","lastlocationid":0,"currentlocationid":23562,"nextlocationid":0,"currentstop":null,"nextstop":null,"laststop":null,"stopCoveredStatus":1,"heading":288,"lastrefreshon":"30-08-2024 12:55:03","lastreceiveddatetimeflag":0,"tripposition":1},{"vehicleid":23394,"vehiclenumber":"KA57F4057","servicetypeid":72,"servicetype":"Non AC/Ordinary","centerlat":12.921988,"centerlong":77.743454,"eta":"","sch_arrivaltime":"12:19","sch_departuretime":"12:19","actual_arrivaltime":"","actual_departuretime":"","sch_tripstarttime":"12:15","sch_tripendtime":"12:15","lastlocationid":0,"currentlocationid":37151,"nextlocationid":0,"currentstop":null,"nextstop":null,"laststop":null,"stopCoveredStatus":1,"heading":152,"lastrefreshon":"30-08-2024 12:54:04","lastreceiveddatetimeflag":0,"tripposition":3}]},{"routeid":6216,"stationid":23564,"stationname":"Gandhipura","from":"Nagondanahalli","to":"Depot-41 Gate","routeno":"324 NGH-D41G","distance_on_station":2.707,"centerlat":12.96968,"centerlong":77.75239,"responsecode":200,"isnotify":0,"vehicleDetails":[{"vehicleid":23294,"vehiclenumber":"KA57F1465","servicetypeid":72,"servicetype":"Non AC/Ordinary","centerlat":12.96479,"centerlong":77.758446,"eta":"2024-08-30 12:57:00","sch_arrivaltime":"13:33","sch_departuretime":"13:33","actual_arrivaltime":"","actual_departuretime":"","sch_tripstarttime":"13:25","sch_tripendtime":"13:25","lastlocationid":0,"currentlocationid":23562,"nextlocationid":0,"currentstop":null,"nextstop":null,"laststop":null,"stopCoveredStatus":0,"heading":288,"lastrefreshon":"30-08-2024 12:55:03","lastreceiveddatetimeflag":0,"tripposition":3},{"vehicleid":23394,"vehiclenumber":"KA57F4057","servicetypeid":72,"servicetype":"Non AC/Ordinary","centerlat":12.921988,"centerlong":77.743454,"eta":"","sch_arrivaltime":"12:23","sch_departuretime":"12:23","actual_arrivaltime":"","actual_departuretime":"","sch_tripstarttime":"12:15","sch_tripendtime":"12:15","lastlocationid":0,"currentlocationid":37151,"nextlocationid":0,"currentstop":null,"nextstop":null,"laststop":null,"stopCoveredStatus":1,"heading":152,"lastrefreshon":"30-08-2024 12:54:04","lastreceiveddatetimeflag":0,"tripposition":3}]},{"routeid":6216,"stationid":22620,"stationname":"White Field Post Office","from":"Nagondanahalli","to":"Depot-41 Gate","routeno":"324 NGH-D41G","distance_on_station":3.036,"centerlat":12.96932,"centerlong":77.74996,"responsecode":200,"isnotify":0,"vehicleDetails":[{"vehicleid":23294,"vehiclenumber":"KA57F1465","servicetypeid":72,"servicetype":"Non AC/Ordinary","centerlat":12.96479,"centerlong":77.758446,"eta":"2024-08-30 12:58:00","sch_arrivaltime":"13:34","sch_departuretime":"13:34","actual_arrivaltime":"","actual_departuretime":"","sch_tripstarttime":"13:25","sch_tripendtime":"13:25","lastlocationid":0,"currentlocationid":23562,"nextlocationid":0,"currentstop":null,"nextstop":null,"laststop":null,"stopCoveredStatus":0,"heading":288,"lastrefreshon":"30-08-2024 12:55:03","lastreceiveddatetimeflag":0,"tripposition":3},{"vehicleid":23394,"vehiclenumber":"KA57F4057","servicetypeid":72,"servicetype":"Non AC/Ordinary","centerlat":12.921988,"centerlong":77.743454,"eta":"","sch_arrivaltime":"12:24","sch_departuretime":"12:24","actual_arrivaltime":"","actual_departuretime":"","sch_tripstarttime":"12:15","sch_tripendtime":"12:15","lastlocationid":0,"currentlocationid":37151,"nextlocationid":0,"currentstop":null,"nextstop":null,"laststop":null,"stopCoveredStatus":1,"heading":152,"lastrefreshon":"30-08-2024 12:54:04","lastreceiveddatetimeflag":0,"tripposition":3}]},{"routeid":6216,"stationid":21783,"stationname":"Brooke Bond","from":"Nagondanahalli","to":"Depot-41 Gate","routeno":"324 NGH-D41G","distance_on_station":3.619,"centerlat":12.96454,"centerlong":77.74869,"responsecode":200,"isnotify":0,"vehicleDetails":[{"vehicleid":23294,"vehiclenumber":"KA57F1465","servicetypeid":72,"servicetype":"Non AC/Ordinary","centerlat":12.96479,"centerlong":77.758446,"eta":"2024-08-30 12:59:00","sch_arrivaltime":"13:35","sch_departuretime":"13:35","actual_arrivaltime":"","actual_departuretime":"","sch_tripstarttime":"13:25","sch_tripendtime":"13:25","lastlocationid":0,"currentlocationid":23562,"nextlocationid":0,"currentstop":null,"nextstop":null,"laststop":null,"stopCoveredStatus":0,"heading":288,"lastrefreshon":"30-08-2024 12:55:03","lastreceiveddatetimeflag":0,"tripposition":3},{"vehicleid":23394,"vehiclenumber":"KA57F4057","servicetypeid":72,"servicetype":"Non AC/Ordinary","centerlat":12.921988,"centerlong":77.743454,"eta":"","sch_arrivaltime":"12:25","sch_departuretime":"12:25","actual_arrivaltime":"","actual_departuretime":"","sch_tripstarttime":"12:15","sch_tripendtime":"12:15","lastlocationid":0,"currentlocationid":37151,"nextlocationid":0,"currentstop":null,"nextstop":null,"laststop":null,"stopCoveredStatus":1,"heading":152,"lastrefreshon":"30-08-2024 12:54:04","lastreceiveddatetimeflag":0,"tripposition":3}]},{"routeid":6216,"stationid":21941,"stationname":"Forum Mall","from":"Nagondanahalli","to":"Depot-41 Gate","routeno":"324 NGH-D41G","distance_on_station":4.267,"centerlat":12.95943,"centerlong":77.7468,"responsecode":200,"isnotify":0,"vehicleDetails":[{"vehicleid":23294,"vehiclenumber":"KA57F1465","servicetypeid":72,"servicetype":"Non AC/Ordinary","centerlat":12.96479,"centerlong":77.758446,"eta":"2024-08-30 13:01:00","sch_arrivaltime":"13:36","sch_departuretime":"13:36","actual_arrivaltime":"","actual_departuretime":"","sch_tripstarttime":"13:25","sch_tripendtime":"13:25","lastlocationid":0,"currentlocationid":23562,"nextlocationid":0,"currentstop":null,"nextstop":null,"laststop":null,"stopCoveredStatus":0,"heading":288,"lastrefreshon":"30-08-2024 12:55:03","lastreceiveddatetimeflag":0,"tripposition":3},{"vehicleid":23394,"vehiclenumber":"KA57F4057","servicetypeid":72,"servicetype":"Non AC/Ordinary","centerlat":12.921988,"centerlong":77.743454,"eta":"","sch_arrivaltime":"12:26","sch_departuretime":"12:26","actual_arrivaltime":"11:36","actual_departuretime":"11:36","sch_tripstarttime":"12:15","sch_tripendtime":"12:15","lastlocationid":0,"currentlocationid":37151,"nextlocationid":0,"currentstop":null,"nextstop":null,"laststop":null,"stopCoveredStatus":1,"heading":152,"lastrefreshon":"30-08-2024 12:54:04","lastreceiveddatetimeflag":0,"tripposition":1}]},{"routeid":6216,"stationid":22578,"stationname":"Varthur Kodi","from":"Nagondanahalli","to":"Depot-41 Gate","routeno":"324 NGH-D41G","distance_on_station":4.649,"centerlat":12.95642,"centerlong":77.74524,"responsecode":200,"isnotify":0,"vehicleDetails":[{"vehicleid":23294,"vehiclenumber":"KA57F1465","servicetypeid":72,"servicetype":"Non AC/Ordinary","centerlat":12.96479,"centerlong":77.758446,"eta":"2024-08-30 13:02:00","sch_arrivaltime":"13:37","sch_departuretime":"13:37","actual_arrivaltime":"","actual_departuretime":"","sch_tripstarttime":"13:25","sch_tripendtime":"13:25","lastlocationid":0,"currentlocationid":23562,"nextlocationid":0,"currentstop":null,"nextstop":null,"laststop":null,"stopCoveredStatus":0,"heading":288,"lastrefreshon":"30-08-2024 12:55:03","lastreceiveddatetimeflag":0,"tripposition":3},{"vehicleid":23394,"vehiclenumber":"KA57F4057","servicetypeid":72,"servicetype":"Non AC/Ordinary","centerlat":12.921988,"centerlong":77.743454,"eta":"","sch_arrivaltime":"12:27","sch_departuretime":"12:27","actual_arrivaltime":"11:36","actual_departuretime":"11:38","sch_tripstarttime":"12:15","sch_tripendtime":"12:15","lastlocationid":0,"currentlocationid":37151,"nextlocationid":0,"currentstop":null,"nextstop":null,"laststop":null,"stopCoveredStatus":1,"heading":152,"lastrefreshon":"30-08-2024 12:54:04","lastreceiveddatetimeflag":0,"tripposition":1}]},{"routeid":6216,"stationid":22581,"stationname":"Varthuru Govt College","from":"Nagondanahalli","to":"Depot-41 Gate","routeno":"324 NGH-D41G","distance_on_station":6.464,"centerlat":12.94221,"centerlong":77.74711,"responsecode":200,"isnotify":0,"vehicleDetails":[{"vehicleid":23394,"vehiclenumber":"KA57F4057","servicetypeid":72,"servicetype":"Non AC/Ordinary","centerlat":12.921988,"centerlong":77.743454,"eta":"","sch_arrivaltime":"12:30","sch_departuretime":"12:30","actual_arrivaltime":"11:46","actual_departuretime":"11:46","sch_tripstarttime":"12:15","sch_tripendtime":"12:15","lastlocationid":0,"currentlocationid":37151,"nextlocationid":0,"currentstop":null,"nextstop":null,"laststop":null,"stopCoveredStatus":1,"heading":152,"lastrefreshon":"30-08-2024 12:54:04","lastreceiveddatetimeflag":0,"tripposition":1},{"vehicleid":23294,"vehiclenumber":"KA57F1465","servicetypeid":72,"servicetype":"Non AC/Ordinary","centerlat":12.96479,"centerlong":77.758446,"eta":"2024-08-30 13:07:00","sch_arrivaltime":"13:40","sch_departuretime":"13:40","actual_arrivaltime":"","actual_departuretime":"","sch_tripstarttime":"13:25","sch_tripendtime":"13:25","lastlocationid":0,"currentlocationid":23562,"nextlocationid":0,"currentstop":null,"nextstop":null,"laststop":null,"stopCoveredStatus":0,"heading":288,"lastrefreshon":"30-08-2024 12:55:03","lastreceiveddatetimeflag":0,"tripposition":3}]},{"routeid":6216,"stationid":22579,"stationname":"Varthuru","from":"Nagondanahalli","to":"Depot-41 Gate","routeno":"324 NGH-D41G","distance_on_station":6.708,"centerlat":12.94011,"centerlong":77.74735,"responsecode":200,"isnotify":0,"vehicleDetails":[{"vehicleid":23394,"vehiclenumber":"KA57F4057","servicetypeid":72,"servicetype":"Non AC/Ordinary","centerlat":12.921988,"centerlong":77.743454,"eta":"","sch_arrivaltime":"12:32","sch_departuretime":"12:32","actual_arrivaltime":"11:47","actual_departuretime":"11:48","sch_tripstarttime":"12:15","sch_tripendtime":"12:15","lastlocationid":0,"currentlocationid":37151,"nextlocationid":0,"currentstop":null,"nextstop":null,"laststop":null,"stopCoveredStatus":1,"heading":152,"lastrefreshon":"30-08-2024 12:54:04","lastreceiveddatetimeflag":0,"tripposition":1},{"vehicleid":23294,"vehiclenumber":"KA57F1465","servicetypeid":72,"servicetype":"Non AC/Ordinary","centerlat":12.96479,"centerlong":77.758446,"eta":"2024-08-30 13:08:00","sch_arrivaltime":"13:42","sch_departuretime":"13:42","actual_arrivaltime":"","actual_departuretime":"","sch_tripstarttime":"13:25","sch_tripendtime":"13:25","lastlocationid":0,"currentlocationid":23562,"nextlocationid":0,"currentstop":null,"nextstop":null,"laststop":null,"stopCoveredStatus":0,"heading":288,"lastrefreshon":"30-08-2024 12:55:03","lastreceiveddatetimeflag":0,"tripposition":3}]},{"routeid":6216,"stationid":31562,"stationname":"Varthuru Police Station","from":"Nagondanahalli","to":"Depot-41 Gate","routeno":"324 NGH-D41G","distance_on_station":7.037,"centerlat":12.93773,"centerlong":77.74638,"responsecode":200,"isnotify":0,"vehicleDetails":[{"vehicleid":23394,"vehiclenumber":"KA57F4057","servicetypeid":72,"servicetype":"Non AC/Ordinary","centerlat":12.921988,"centerlong":77.743454,"eta":"","sch_arrivaltime":"12:34","sch_departuretime":"12:34","actual_arrivaltime":"11:48","actual_departuretime":"11:49","sch_tripstarttime":"12:15","sch_tripendtime":"12:15","lastlocationid":0,"currentlocationid":37151,"nextlocationid":0,"currentstop":null,"nextstop":null,"laststop":null,"stopCoveredStatus":1,"heading":152,"lastrefreshon":"30-08-2024 12:54:04","lastreceiveddatetimeflag":0,"tripposition":1},{"vehicleid":23294,"vehiclenumber":"KA57F1465","servicetypeid":72,"servicetype":"Non AC/Ordinary","centerlat":12.96479,"centerlong":77.758446,"eta":"2024-08-30 13:09:00","sch_arrivaltime":"13:44","sch_departuretime":"13:44","actual_arrivaltime":"","actual_departuretime":"","sch_tripstarttime":"13:25","sch_tripendtime":"13:25","lastlocationid":0,"currentlocationid":23562,"nextlocationid":0,"currentstop":null,"nextstop":null,"laststop":null,"stopCoveredStatus":0,"heading":288,"lastrefreshon":"30-08-2024 12:55:03","lastreceiveddatetimeflag":0,"tripposition":3}]},{"routeid":6216,"stationid":22611,"stationname":"Vinayakanagara Varthur","from":"Nagondanahalli","to":"Depot-41 Gate","routeno":"324 NGH-D41G","distance_on_station":8.396,"centerlat":12.92864,"centerlong":77.73954,"responsecode":200,"isnotify":0,"vehicleDetails":[{"vehicleid":23394,"vehiclenumber":"KA57F4057","servicetypeid":72,"servicetype":"Non AC/Ordinary","centerlat":12.921988,"centerlong":77.743454,"eta":"","sch_arrivaltime":"12:37","sch_departuretime":"12:37","actual_arrivaltime":"11:52","actual_departuretime":"11:53","sch_tripstarttime":"12:15","sch_tripendtime":"12:15","lastlocationid":0,"currentlocationid":37151,"nextlocationid":0,"currentstop":null,"nextstop":null,"laststop":null,"stopCoveredStatus":1,"heading":152,"lastrefreshon":"30-08-2024 12:54:04","lastreceiveddatetimeflag":0,"tripposition":1},{"vehicleid":23294,"vehiclenumber":"KA57F1465","servicetypeid":72,"servicetype":"Non AC/Ordinary","centerlat":12.96479,"centerlong":77.758446,"eta":"2024-08-30 13:13:00","sch_arrivaltime":"13:47","sch_departuretime":"13:47","actual_arrivaltime":"","actual_departuretime":"","sch_tripstarttime":"13:25","sch_tripendtime":"13:25","lastlocationid":0,"currentlocationid":23562,"nextlocationid":0,"currentstop":null,"nextstop":null,"laststop":null,"stopCoveredStatus":0,"heading":288,"lastrefreshon":"30-08-2024 12:55:03","lastreceiveddatetimeflag":0,"tripposition":3}]},{"routeid":6216,"stationid":32798,"stationname":"Gunjuru","from":"Nagondanahalli","to":"Depot-41 Gate","routeno":"324 NGH-D41G","distance_on_station":9.372,"centerlat":12.92119,"centerlong":77.73642,"responsecode":200,"isnotify":0,"vehicleDetails":[{"vehicleid":23394,"vehiclenumber":"KA57F4057","servicetypeid":72,"servicetype":"Non AC/Ordinary","centerlat":12.921988,"centerlong":77.743454,"eta":"","sch_arrivaltime":"12:39","sch_departuretime":"12:39","actual_arrivaltime":"11:56","actual_departuretime":"11:57","sch_tripstarttime":"12:15","sch_tripendtime":"12:15","lastlocationid":0,"currentlocationid":37151,"nextlocationid":0,"currentstop":null,"nextstop":null,"laststop":null,"stopCoveredStatus":1,"heading":152,"lastrefreshon":"30-08-2024 12:54:04","lastreceiveddatetimeflag":0,"tripposition":1},{"vehicleid":23294,"vehiclenumber":"KA57F1465","servicetypeid":72,"servicetype":"Non AC/Ordinary","centerlat":12.96479,"centerlong":77.758446,"eta":"2024-08-30 13:15:00","sch_arrivaltime":"13:49","sch_departuretime":"13:49","actual_arrivaltime":"","actual_departuretime":"","sch_tripstarttime":"13:25","sch_tripendtime":"13:25","lastlocationid":0,"currentlocationid":23562,"nextlocationid":0,"currentstop":null,"nextstop":null,"laststop":null,"stopCoveredStatus":0,"heading":288,"lastrefreshon":"30-08-2024 12:55:03","lastreceiveddatetimeflag":0,"tripposition":3}]},{"routeid":6216,"stationid":35146,"stationname":"Hosahalli","from":"Nagondanahalli","to":"Depot-41 Gate","routeno":"324 NGH-D41G","distance_on_station":10.03,"centerlat":12.92032,"centerlong":77.74169,"responsecode":200,"isnotify":0,"vehicleDetails":[{"vehicleid":23394,"vehiclenumber":"KA57F4057","servicetypeid":72,"servicetype":"Non AC/Ordinary","centerlat":12.921988,"centerlong":77.743454,"eta":"","sch_arrivaltime":"12:40","sch_departuretime":"12:40","actual_arrivaltime":"11:59","actual_departuretime":"11:59","sch_tripstarttime":"12:15","sch_tripendtime":"12:15","lastlocationid":0,"currentlocationid":37151,"nextlocationid":0,"currentstop":null,"nextstop":null,"laststop":null,"stopCoveredStatus":1,"heading":152,"lastrefreshon":"30-08-2024 12:54:04","lastreceiveddatetimeflag":0,"tripposition":1},{"vehicleid":23294,"vehiclenumber":"KA57F1465","servicetypeid":72,"servicetype":"Non AC/Ordinary","centerlat":12.96479,"centerlong":77.758446,"eta":"2024-08-30 13:17:00","sch_arrivaltime":"13:50","sch_departuretime":"13:50","actual_arrivaltime":"","actual_departuretime":"","sch_tripstarttime":"13:25","sch_tripendtime":"13:25","lastlocationid":0,"currentlocationid":23562,"nextlocationid":0,"currentstop":null,"nextstop":null,"laststop":null,"stopCoveredStatus":0,"heading":288,"lastrefreshon":"30-08-2024 12:55:03","lastreceiveddatetimeflag":0,"tripposition":3}]},{"routeid":6216,"stationid":37151,"stationname":"Depot-41 Gate","from":"Nagondanahalli","to":"Depot-41 Gate","routeno":"324 NGH-D41G","distance_on_station":10.2,"centerlat":12.92131,"centerlong":77.74234,"responsecode":200,"isnotify":0,"vehicleDetails":[{"vehicleid":23394,"vehiclenumber":"KA57F4057","servicetypeid":72,"servicetype":"Non AC/Ordinary","centerlat":12.921988,"centerlong":77.743454,"eta":"","sch_arrivaltime":"12:41","sch_departuretime":"12:41","actual_arrivaltime":"12:24","actual_departuretime":"12:24","sch_tripstarttime":"12:15","sch_tripendtime":"12:15","lastlocationid":0,"currentlocationid":37151,"nextlocationid":0,"currentstop":null,"nextstop":null,"laststop":null,"stopCoveredStatus":1,"heading":152,"lastrefreshon":"30-08-2024 12:54:04","lastreceiveddatetimeflag":0,"tripposition":1},{"vehicleid":23294,"vehiclenumber":"KA57F1465","servicetypeid":72,"servicetype":"Non AC/Ordinary","centerlat":12.96479,"centerlong":77.758446,"eta":"2024-08-30 13:18:00","sch_arrivaltime":"13:51","sch_departuretime":"13:51","actual_arrivaltime":"","actual_departuretime":"","sch_tripstarttime":"13:25","sch_tripendtime":"13:25","lastlocationid":0,"currentlocationid":23562,"nextlocationid":0,"currentstop":null,"nextstop":null,"laststop":null,"stopCoveredStatus":0,"heading":288,"lastrefreshon":"30-08-2024 12:55:03","lastreceiveddatetimeflag":0,"tripposition":1}]}],"mapData":[{"vehicleid":23294,"vehiclenumber":"KA57F1465","servicetypeid":72,"servicetype":"Non AC/Ordinary","centerlat":12.96479,"centerlong":77.758446,"eta":"2024-08-30 13:18:00","sch_arrivaltime":"13:51","sch_departuretime":"13:51","actual_arrivaltime":"","actual_departuretime":"","sch_tripstarttime":"13:25","sch_tripendtime":"13:25","lastlocationid":0,"currentlocationid":23562,"nextlocationid":0,"currentstop":null,"nextstop":null,"laststop":null,"stopCoveredStatus":0,"heading":288,"lastrefreshon":"30-08-2024 12:55:03","lastreceiveddatetimeflag":0,"tripposition":1},{"vehicleid":23394,"vehiclenumber":"KA57F4057","servicetypeid":72,"servicetype":"Non AC/Ordinary","centerlat":12.921988,"centerlong":77.743454,"eta":"","sch_arrivaltime":"12:41","sch_departuretime":"12:41","actual_arrivaltime":"12:24","actual_departuretime":"12:24","sch_tripstarttime":"12:15","sch_tripendtime":"12:15","lastlocationid":0,"currentlocationid":37151,"nextlocationid":0,"currentstop":null,"nextstop":null,"laststop":null,"stopCoveredStatus":1,"heading":152,"lastrefreshon":"30-08-2024 12:54:04","lastreceiveddatetimeflag":0,"tripposition":1}]},"down":{"data":[],"mapData":[]},"message":"Success","issuccess":true,"exception":null,"rowCount":0,"responsecode":200}