{"up":{"data":[{"routeid":11750,"stationid":29871,"stationname":"BEML Layout 5th stage","from":"BEML Layout 5th stage","to":"HAL Main Gate","routeno":"335 BEML5-HAL","distance_on_station":0,"centerlat":12.90685,"centerlong":77.52137,"responsecode":200,"isnotify":0,"vehicleDetails":[{"vehicleid":20261,"vehiclenumber":"KA57F3498","servicetypeid":72,"servicetype":"Non AC/Ordinary","centerlat":12.906524,"centerlong":77.5215,"eta":"","sch_arrivaltime":"13:06","sch_departuretime":"13:06","actual_arrivaltime":"","actual_departuretime":"","sch_tripstarttime":"13:06","sch_tripendtime":"13:06","lastlocationid":0,"currentlocationid":29871,"nextlocationid":0,"currentstop":null,"nextstop":null,"laststop":null,"stopCoveredStatus":0,"heading":47,"lastrefreshon":"06-11-2024 21:26:35","lastreceiveddatetimeflag":0,"tripposition":3}]},{"routeid":11750,"stationid":33643,"stationname":"Kuvempu Circle","from":"BEML Layout 5th stage","to":"HAL Main Gate","routeno":"335 BEML5-HAL","distance_on_station":0.363,"centerlat":12.90985,"centerlong":77.52099,"responsecode":200,"isnotify":0,"vehicleDetails":[{"vehicleid":20261,"vehiclenumber":"KA57F3498","servicetypeid":72,"servicetype":"Non AC/Ordinary","centerlat":12.906524,"centerlong":77.5215,"eta":"","sch_arrivaltime":"13:07","sch_departuretime":"13:07","actual_arrivaltime":"","actual_departuretime":"","sch_tripstarttime":"13:06","sch_tripendtime":"13:06","lastlocationid":0,"currentlocationid":29871,"nextlocationid":0,"currentstop":null,"nextstop":null,"laststop":null,"stopCoveredStatus":0,"heading":47,"lastrefreshon":"06-11-2024 21:26:35","lastreceiveddatetimeflag":0,"tripposition":3}]},{"routeid":11750,"stationid":25151,"stationname":"Double Road BEML Layout","from":"BEML Layout 5th stage","to":"HAL Main Gate","routeno":"335 BEML5-HAL","distance_on_station":0.917,"centerlat":12.9148,"centerlong":77.52066,"responsecode":200,"isnotify":0,"vehicleDetails":[{"vehicleid":20261,"vehiclenumber":"KA57F3498","servicetypeid":72,"servicetype":"Non AC/Ordinary","centerlat":12.906524,"centerlong":77.5215,"eta":"","sch_arrivaltime":"13:08","sch_departuretime":"13:08","actual_arrivaltime":"","actual_departuretime":"","sch_tripstarttime":"13:06","sch_tripendtime":"13:06","lastlocationid":0,"currentlocationid":29871,"nextlocationid":0,"currentstop":null,"nextstop":null,"laststop":null,"stopCoveredStatus":0,"heading":47,"lastrefreshon":"06-11-2024 21:26:35","lastreceiveddatetimeflag":0,"tripposition":3}]},{"routeid":11750,"stationid":31960,"stationname":"BEML Complex","from":"BEML Layout 5th stage","to":"HAL Main Gate","routeno":"335 BEML5-HAL","distance_on_station":1.451,"centerlat":12.91952,"centerlong":77.52033,"responsecode":200,"isnotify":0,"vehicleDetails":[{"vehicleid":20261,"vehiclenumber":"KA57F3498","servicetypeid":72,"servicetype":"Non AC/Ordinary","centerlat":12.906524,"centerlong":77.5215,"eta":"","sch_arrivaltime":"13:09","sch_departuretime":"13:09","actual_arrivaltime":"","actual_departuretime":"","sch_tripstarttime":"13:06","sch_tripendtime":"13:06","lastlocationid":0,"currentlocationid":29871,"nextlocationid":0,"currentstop":null,"nextstop":null,"laststop":null,"stopCoveredStatus":0,"heading":47,"lastrefreshon":"06-11-2024 21:26:35","lastreceiveddatetimeflag":0,"tripposition":3}]},{"routeid":11750,"stationid":33024,"stationname":"Ideal Homes","from":"BEML Layout 5th stage","to":"HAL Main Gate","routeno":"335 BEML5-HAL","distance_on_station":2.025,"centerlat":12.92276,"centerlong":77.51842,"responsecode":200,"isnotify":0,"vehicleDetails":[{"vehicleid":20261,"vehiclenumber":"KA57F3498","servicetypeid":72,"servicetype":"Non AC/Ordinary","centerlat":12.906524,"centerlong":77.5215,"eta":"","sch_arrivaltime":"13:10","sch_departuretime":"13:10","actual_arrivaltime":"","actual_departuretime":"","sch_tripstarttime":"13:06","sch_tripendtime":"13:06","lastlocationid":0,"currentlocationid":29871,"nextlocationid":0,"currentstop":null,"nextstop":null,"laststop":null,"stopCoveredStatus":0,"heading":47,"lastrefreshon":"06-11-2024 21:26:35","lastreceiveddatetimeflag":0,"tripposition":3}]},{"routeid":11750,"stationid":27480,"stationname":"Nimishamba Temple","from":"BEML Layout 5th stage","to":"HAL Main Gate","routeno":"335 BEML5-HAL","distance_on_station":2.267,"centerlat":12.92481,"centerlong":77.51798,"responsecode":200,"isnotify":0,"vehicleDetails":[{"vehicleid":20261,"vehiclenumber":"KA57F3498","servicetypeid":72,"servicetype":"Non AC/Ordinary","centerlat":12.906524,"centerlong":77.5215,"eta":"","sch_arrivaltime":"13:11","sch_departuretime":"13:11","actual_arrivaltime":"","actual_departuretime":"","sch_tripstarttime":"13:06","sch_tripendtime":"13:06","lastlocationid":0,"currentlocationid":29871,"nextlocationid":0,"currentstop":null,"nextstop":null,"laststop":null,"stopCoveredStatus":0,"heading":47,"lastrefreshon":"06-11-2024 21:26:35","lastreceiveddatetimeflag":0,"tripposition":3}]},{"routeid":11750,"stationid":34234,"stationname":"Pattanagere Jayanna Circle","from":"BEML Layout 5th stage","to":"HAL Main Gate","routeno":"335 BEML5-HAL","distance_on_station":2.68,"centerlat":12.92644,"centerlong":77.51466,"responsecode":200,"isnotify":0,"vehicleDetails":[{"vehicleid":20261,"vehiclenumber":"KA57F3498","servicetypeid":72,"servicetype":"Non AC/Ordinary","centerlat":12.906524,"centerlong":77.5215,"eta":"","sch_arrivaltime":"13:12","sch_departuretime":"13:12","actual_arrivaltime":"","actual_departuretime":"","sch_tripstarttime":"13:06","sch_tripendtime":"13:06","lastlocationid":0,"currentlocationid":29871,"nextlocationid":0,"currentstop":null,"nextstop":null,"laststop":null,"stopCoveredStatus":0,"heading":47,"lastrefreshon":"06-11-2024 21:26:35","lastreceiveddatetimeflag":0,"tripposition":3}]},{"routeid":11750,"stationid":34435,"stationname":"RR Temple","from":"BEML Layout 5th stage","to":"HAL Main Gate","routeno":"335 BEML5-HAL","distance_on_station":3.144,"centerlat":12.92677,"centerlong":77.51103,"responsecode":200,"isnotify":0,"vehicleDetails":[{"vehicleid":20261,"vehiclenumber":"KA57F3498","servicetypeid":72,"servicetype":"Non AC/Ordinary","centerlat":12.906524,"centerlong":77.5215,"eta":"","sch_arrivaltime":"13:13","sch_departuretime":"13:13","actual_arrivaltime":"","actual_departuretime":"","sch_tripstarttime":"13:06","sch_tripendtime":"13:06","lastlocationid":0,"currentlocationid":29871,"nextlocationid":0,"currentstop":null,"nextstop":null,"laststop":null,"stopCoveredStatus":0,"heading":47,"lastrefreshon":"06-11-2024 21:26:35","lastreceiveddatetimeflag":0,"tripposition":3}]},{"routeid":11750,"stationid":34434,"stationname":"RR School","from":"BEML Layout 5th stage","to":"HAL Main Gate","routeno":"335 BEML5-HAL","distance_on_station":3.597,"centerlat":12.92778,"centerlong":77.51404,"responsecode":200,"isnotify":0,"vehicleDetails":[{"vehicleid":20261,"vehiclenumber":"KA57F3498","servicetypeid":72,"servicetype":"Non AC/Ordinary","centerlat":12.906524,"centerlong":77.5215,"eta":"","sch_arrivaltime":"13:14","sch_departuretime":"13:14","actual_arrivaltime":"","actual_departuretime":"","sch_tripstarttime":"13:06","sch_tripendtime":"13:06","lastlocationid":0,"currentlocationid":29871,"nextlocationid":0,"currentstop":null,"nextstop":null,"laststop":null,"stopCoveredStatus":0,"heading":47,"lastrefreshon":"06-11-2024 21:26:35","lastreceiveddatetimeflag":0,"tripposition":3}]},{"routeid":11750,"stationid":34246,"stationname":"RR Nagara Petrol Bunk","from":"BEML Layout 5th stage","to":"HAL Main Gate","routeno":"335 BEML5-HAL","distance_on_station":4.222,"centerlat":12.93281,"centerlong":77.51614,"responsecode":200,"isnotify":0,"vehicleDetails":[{"vehicleid":20261,"vehiclenumber":"KA57F3498","servicetypeid":72,"servicetype":"Non AC/Ordinary","centerlat":12.906524,"centerlong":77.5215,"eta":"","sch_arrivaltime":"13:15","sch_departuretime":"13:15","actual_arrivaltime":"","actual_departuretime":"","sch_tripstarttime":"13:06","sch_tripendtime":"13:06","lastlocationid":0,"currentlocationid":29871,"nextlocationid":0,"currentstop":null,"nextstop":null,"laststop":null,"stopCoveredStatus":0,"heading":47,"lastrefreshon":"06-11-2024 21:26:35","lastreceiveddatetimeflag":0,"tripposition":3}]},{"routeid":11750,"stationid":21140,"stationname":"Rajarajeshwari nagara Gate","from":"BEML Layout 5th stage","to":"HAL Main Gate","routeno":"335 BEML5-HAL","distance_on_station":4.735,"centerlat":12.93649,"centerlong":77.51861,"responsecode":200,"isnotify":0,"vehicleDetails":[{"vehicleid":20261,"vehiclenumber":"KA57F3498","servicetypeid":72,"servicetype":"Non AC/Ordinary","centerlat":12.906524,"centerlong":77.5215,"eta":"","sch_arrivaltime":"13:17","sch_departuretime":"13:17","actual_arrivaltime":"","actual_departuretime":"","sch_tripstarttime":"13:06","sch_tripendtime":"13:06","lastlocationid":0,"currentlocationid":29871,"nextlocationid":0,"currentstop":null,"nextstop":null,"laststop":null,"stopCoveredStatus":0,"heading":47,"lastrefreshon":"06-11-2024 21:26:35","lastreceiveddatetimeflag":0,"tripposition":3}]},{"routeid":11750,"stationid":20691,"stationname":"BWSSB Quarters Nayandahalli","from":"BEML Layout 5th stage","to":"HAL Main Gate","routeno":"335 BEML5-HAL","distance_on_station":5.421,"centerlat":12.93987,"centerlong":77.5236,"responsecode":200,"isnotify":0,"vehicleDetails":[{"vehicleid":20261,"vehiclenumber":"KA57F3498","servicetypeid":72,"servicetype":"Non AC/Ordinary","centerlat":12.906524,"centerlong":77.5215,"eta":"","sch_arrivaltime":"13:18","sch_departuretime":"13:18","actual_arrivaltime":"","actual_departuretime":"","sch_tripstarttime":"13:06","sch_tripendtime":"13:06","lastlocationid":0,"currentlocationid":29871,"nextlocationid":0,"currentstop":null,"nextstop":null,"laststop":null,"stopCoveredStatus":0,"heading":47,"lastrefreshon":"06-11-2024 21:26:35","lastreceiveddatetimeflag":0,"tripposition":3}]},{"routeid":11750,"stationid":21053,"stationname":"Nayandahalli","from":"BEML Layout 5th stage","to":"HAL Main Gate","routeno":"335 BEML5-HAL","distance_on_station":5.834,"centerlat":12.94288,"centerlong":77.52576,"responsecode":200,"isnotify":0,"vehicleDetails":[{"vehicleid":20261,"vehiclenumber":"KA57F3498","servicetypeid":72,"servicetype":"Non AC/Ordinary","centerlat":12.906524,"centerlong":77.5215,"eta":"","sch_arrivaltime":"13:19","sch_departuretime":"13:19","actual_arrivaltime":"","actual_departuretime":"","sch_tripstarttime":"13:06","sch_tripendtime":"13:06","lastlocationid":0,"currentlocationid":29871,"nextlocationid":0,"currentstop":null,"nextstop":null,"laststop":null,"stopCoveredStatus":0,"heading":47,"lastrefreshon":"06-11-2024 21:26:35","lastreceiveddatetimeflag":0,"tripposition":3}]},{"routeid":11750,"stationid":21580,"stationname":"Mysore Road Metro Station","from":"BEML Layout 5th stage","to":"HAL Main Gate","routeno":"335 BEML5-HAL","distance_on_station":6.438,"centerlat":12.94633,"centerlong":77.52972,"responsecode":200,"isnotify":0,"vehicleDetails":[{"vehicleid":20261,"vehiclenumber":"KA57F3498","servicetypeid":72,"servicetype":"Non AC/Ordinary","centerlat":12.906524,"centerlong":77.5215,"eta":"","sch_arrivaltime":"13:20","sch_departuretime":"13:20","actual_arrivaltime":"","actual_departuretime":"","sch_tripstarttime":"13:06","sch_tripendtime":"13:06","lastlocationid":0,"currentlocationid":29871,"nextlocationid":0,"currentstop":null,"nextstop":null,"laststop":null,"stopCoveredStatus":0,"heading":47,"lastrefreshon":"06-11-2024 21:26:35","lastreceiveddatetimeflag":0,"tripposition":3}]},{"routeid":11750,"stationid":20661,"stationname":"BHEL","from":"BEML Layout 5th stage","to":"HAL Main Gate","routeno":"335 BEML5-HAL","distance_on_station":7.133,"centerlat":12.94874,"centerlong":77.53559,"responsecode":200,"isnotify":0,"vehicleDetails":[{"vehicleid":20261,"vehiclenumber":"KA57F3498","servicetypeid":72,"servicetype":"Non AC/Ordinary","centerlat":12.906524,"centerlong":77.5215,"eta":"","sch_arrivaltime":"13:21","sch_departuretime":"13:21","actual_arrivaltime":"","actual_departuretime":"","sch_tripstarttime":"13:06","sch_tripendtime":"13:06","lastlocationid":0,"currentlocationid":29871,"nextlocationid":0,"currentstop":null,"nextstop":null,"laststop":null,"stopCoveredStatus":0,"heading":47,"lastrefreshon":"06-11-2024 21:26:35","lastreceiveddatetimeflag":0,"tripposition":3}]},{"routeid":11750,"stationid":20739,"stationname":"Deepanjalinagara","from":"BEML Layout 5th stage","to":"HAL Main Gate","routeno":"335 BEML5-HAL","distance_on_station":7.526,"centerlat":12.9514,"centerlong":77.53724,"responsecode":200,"isnotify":0,"vehicleDetails":[{"vehicleid":20261,"vehiclenumber":"KA57F3498","servicetypeid":72,"servicetype":"Non AC/Ordinary","centerlat":12.906524,"centerlong":77.5215,"eta":"","sch_arrivaltime":"13:22","sch_departuretime":"13:22","actual_arrivaltime":"","actual_departuretime":"","sch_tripstarttime":"13:06","sch_tripendtime":"13:06","lastlocationid":0,"currentlocationid":29871,"nextlocationid":0,"currentstop":null,"nextstop":null,"laststop":null,"stopCoveredStatus":0,"heading":47,"lastrefreshon":"06-11-2024 21:26:35","lastreceiveddatetimeflag":0,"tripposition":3}]},{"routeid":11750,"stationid":20626,"stationname":"Bapujinagara","from":"BEML Layout 5th stage","to":"HAL Main Gate","routeno":"335 BEML5-HAL","distance_on_station":8.201,"centerlat":12.95321,"centerlong":77.54182,"responsecode":200,"isnotify":0,"vehicleDetails":[{"vehicleid":20261,"vehiclenumber":"KA57F3498","servicetypeid":72,"servicetype":"Non AC/Ordinary","centerlat":12.906524,"centerlong":77.5215,"eta":"","sch_arrivaltime":"13:23","sch_departuretime":"13:23","actual_arrivaltime":"","actual_departuretime":"","sch_tripstarttime":"13:06","sch_tripendtime":"13:06","lastlocationid":0,"currentlocationid":29871,"nextlocationid":0,"currentstop":null,"nextstop":null,"laststop":null,"stopCoveredStatus":0,"heading":47,"lastrefreshon":"06-11-2024 21:26:35","lastreceiveddatetimeflag":0,"tripposition":3}]},{"routeid":11750,"stationid":21056,"stationname":"New Guddadahalli","from":"BEML Layout 5th stage","to":"HAL Main Gate","routeno":"335 BEML5-HAL","distance_on_station":8.755,"centerlat":12.95587,"centerlong":77.54596,"responsecode":200,"isnotify":0,"vehicleDetails":[{"vehicleid":20261,"vehiclenumber":"KA57F3498","servicetypeid":72,"servicetype":"Non AC/Ordinary","centerlat":12.906524,"centerlong":77.5215,"eta":"","sch_arrivaltime":"13:24","sch_departuretime":"13:24","actual_arrivaltime":"","actual_departuretime":"","sch_tripstarttime":"13:06","sch_tripendtime":"13:06","lastlocationid":0,"currentlocationid":29871,"nextlocationid":0,"currentstop":null,"nextstop":null,"laststop":null,"stopCoveredStatus":0,"heading":47,"lastrefreshon":"06-11-2024 21:26:35","lastreceiveddatetimeflag":0,"tripposition":3}]},{"routeid":11750,"stationid":21044,"stationname":"Mysore Road TollGate","from":"BEML Layout 5th stage","to":"HAL Main Gate","routeno":"335 BEML5-HAL","distance_on_station":9.42,"centerlat":12.95738,"centerlong":77.55178,"responsecode":200,"isnotify":0,"vehicleDetails":[{"vehicleid":20261,"vehiclenumber":"KA57F3498","servicetypeid":72,"servicetype":"Non AC/Ordinary","centerlat":12.906524,"centerlong":77.5215,"eta":"","sch_arrivaltime":"13:25","sch_departuretime":"13:25","actual_arrivaltime":"","actual_departuretime":"","sch_tripstarttime":"13:06","sch_tripendtime":"13:06","lastlocationid":0,"currentlocationid":29871,"nextlocationid":0,"currentstop":null,"nextstop":null,"laststop":null,"stopCoveredStatus":0,"heading":47,"lastrefreshon":"06-11-2024 21:26:35","lastreceiveddatetimeflag":0,"tripposition":3}]},{"routeid":11750,"stationid":35393,"stationname":"Sirsi Circle","from":"BEML Layout 5th stage","to":"HAL Main Gate","routeno":"335 BEML5-HAL","distance_on_station":10.085,"centerlat":12.96038,"centerlong":77.55686,"responsecode":200,"isnotify":0,"vehicleDetails":[{"vehicleid":20261,"vehiclenumber":"KA57F3498","servicetypeid":72,"servicetype":"Non AC/Ordinary","centerlat":12.906524,"centerlong":77.5215,"eta":"","sch_arrivaltime":"13:26","sch_departuretime":"13:26","actual_arrivaltime":"","actual_departuretime":"","sch_tripstarttime":"13:06","sch_tripendtime":"13:06","lastlocationid":0,"currentlocationid":29871,"nextlocationid":0,"currentstop":null,"nextstop":null,"laststop":null,"stopCoveredStatus":0,"heading":47,"lastrefreshon":"06-11-2024 21:26:35","lastreceiveddatetimeflag":0,"tripposition":3}]},{"routeid":11750,"stationid":35396,"stationname":"Vinayaka Talkies","from":"BEML Layout 5th stage","to":"HAL Main Gate","routeno":"335 BEML5-HAL","distance_on_station":11.405,"centerlat":12.96381,"centerlong":77.56838,"responsecode":200,"isnotify":0,"vehicleDetails":[{"vehicleid":20261,"vehiclenumber":"KA57F3498","servicetypeid":72,"servicetype":"Non AC/Ordinary","centerlat":12.906524,"centerlong":77.5215,"eta":"","sch_arrivaltime":"13:29","sch_departuretime":"13:29","actual_arrivaltime":"","actual_departuretime":"","sch_tripstarttime":"13:06","sch_tripendtime":"13:06","lastlocationid":0,"currentlocationid":29871,"nextlocationid":0,"currentstop":null,"nextstop":null,"laststop":null,"stopCoveredStatus":0,"heading":47,"lastrefreshon":"06-11-2024 21:26:35","lastreceiveddatetimeflag":0,"tripposition":3}]},{"routeid":11750,"stationid":21124,"stationname":"Rayan Circle","from":"BEML Layout 5th stage","to":"HAL Main Gate","routeno":"335 BEML5-HAL","distance_on_station":11.869,"centerlat":12.96136,"centerlong":77.56889,"responsecode":200,"isnotify":0,"vehicleDetails":[{"vehicleid":20261,"vehiclenumber":"KA57F3498","servicetypeid":72,"servicetype":"Non AC/Ordinary","centerlat":12.906524,"centerlong":77.5215,"eta":"","sch_arrivaltime":"13:30","sch_departuretime":"13:30","actual_arrivaltime":"","actual_departuretime":"","sch_tripstarttime":"13:06","sch_tripendtime":"13:06","lastlocationid":0,"currentlocationid":29871,"nextlocationid":0,"currentstop":null,"nextstop":null,"laststop":null,"stopCoveredStatus":0,"heading":47,"lastrefreshon":"06-11-2024 21:26:35","lastreceiveddatetimeflag":0,"tripposition":3}]},{"routeid":11750,"stationid":21557,"stationname":"KR Market","from":"BEML Layout 5th stage","to":"HAL Main Gate","routeno":"335 BEML5-HAL","distance_on_station":12.896,"centerlat":12.96207,"centerlong":77.5756,"responsecode":200,"isnotify":0,"vehicleDetails":[{"vehicleid":20261,"vehiclenumber":"KA57F3498","servicetypeid":72,"servicetype":"Non AC/Ordinary","centerlat":12.906524,"centerlong":77.5215,"eta":"","sch_arrivaltime":"13:33","sch_departuretime":"13:33","actual_arrivaltime":"","actual_departuretime":"","sch_tripstarttime":"13:06","sch_tripendtime":"13:06","lastlocationid":0,"currentlocationid":29871,"nextlocationid":0,"currentstop":null,"nextstop":null,"laststop":null,"stopCoveredStatus":0,"heading":47,"lastrefreshon":"06-11-2024 21:26:35","lastreceiveddatetimeflag":0,"tripposition":3}]},{"routeid":11750,"stationid":21231,"stationname":"Town Hall","from":"BEML Layout 5th stage","to":"HAL Main Gate","routeno":"335 BEML5-HAL","distance_on_station":14.015,"centerlat":12.96384,"centerlong":77.58434,"responsecode":200,"isnotify":0,"vehicleDetails":[{"vehicleid":20261,"vehiclenumber":"KA57F3498","servicetypeid":72,"servicetype":"Non AC/Ordinary","centerlat":12.906524,"centerlong":77.5215,"eta":"","sch_arrivaltime":"13:38","sch_departuretime":"13:38","actual_arrivaltime":"","actual_departuretime":"","sch_tripstarttime":"13:06","sch_tripendtime":"13:06","lastlocationid":0,"currentlocationid":29871,"nextlocationid":0,"currentstop":null,"nextstop":null,"laststop":null,"stopCoveredStatus":0,"heading":47,"lastrefreshon":"06-11-2024 21:26:35","lastreceiveddatetimeflag":0,"tripposition":3}]},{"routeid":11750,"stationid":20726,"stationname":"Corporation","from":"BEML Layout 5th stage","to":"HAL Main Gate","routeno":"335 BEML5-HAL","distance_on_station":14.851,"centerlat":12.9682,"centerlong":77.58936,"responsecode":200,"isnotify":0,"vehicleDetails":[{"vehicleid":20261,"vehiclenumber":"KA57F3498","servicetypeid":72,"servicetype":"Non AC/Ordinary","centerlat":12.906524,"centerlong":77.5215,"eta":"","sch_arrivaltime":"13:41","sch_departuretime":"13:41","actual_arrivaltime":"","actual_departuretime":"","sch_tripstarttime":"13:06","sch_tripendtime":"13:06","lastlocationid":0,"currentlocationid":29871,"nextlocationid":0,"currentstop":null,"nextstop":null,"laststop":null,"stopCoveredStatus":0,"heading":47,"lastrefreshon":"06-11-2024 21:26:35","lastreceiveddatetimeflag":0,"tripposition":3}]},{"routeid":11750,"stationid":21193,"stationname":"St Josephs Indian School/ Malya Hospital","from":"BEML Layout 5th stage","to":"HAL Main Gate","routeno":"335 BEML5-HAL","distance_on_station":15.607,"centerlat":12.97052,"centerlong":77.5943,"responsecode":200,"isnotify":0,"vehicleDetails":[{"vehicleid":20261,"vehiclenumber":"KA57F3498","servicetypeid":72,"servicetype":"Non AC/Ordinary","centerlat":12.906524,"centerlong":77.5215,"eta":"","sch_arrivaltime":"13:42","sch_departuretime":"13:42","actual_arrivaltime":"","actual_departuretime":"","sch_tripstarttime":"13:06","sch_tripendtime":"13:06","lastlocationid":0,"currentlocationid":29871,"nextlocationid":0,"currentstop":null,"nextstop":null,"laststop":null,"stopCoveredStatus":0,"heading":47,"lastrefreshon":"06-11-2024 21:26:35","lastreceiveddatetimeflag":0,"tripposition":3}]},{"routeid":11750,"stationid":21125,"stationname":"Richmond Circle","from":"BEML Layout 5th stage","to":"HAL Main Gate","routeno":"335 BEML5-HAL","distance_on_station":16.735,"centerlat":12.96738,"centerlong":77.59946,"responsecode":200,"isnotify":0,"vehicleDetails":[{"vehicleid":20261,"vehiclenumber":"KA57F3498","servicetypeid":72,"servicetype":"Non AC/Ordinary","centerlat":12.906524,"centerlong":77.5215,"eta":"","sch_arrivaltime":"13:45","sch_departuretime":"13:45","actual_arrivaltime":"","actual_departuretime":"","sch_tripstarttime":"13:06","sch_tripendtime":"13:06","lastlocationid":0,"currentlocationid":29871,"nextlocationid":0,"currentstop":null,"nextstop":null,"laststop":null,"stopCoveredStatus":0,"heading":47,"lastrefreshon":"06-11-2024 21:26:35","lastreceiveddatetimeflag":0,"tripposition":3}]},{"routeid":11750,"stationid":21194,"stationname":"St Joseph College","from":"BEML Layout 5th stage","to":"HAL Main Gate","routeno":"335 BEML5-HAL","distance_on_station":17.229,"centerlat":12.97036,"centerlong":77.60368,"responsecode":200,"isnotify":0,"vehicleDetails":[{"vehicleid":20261,"vehiclenumber":"KA57F3498","servicetypeid":72,"servicetype":"Non AC/Ordinary","centerlat":12.906524,"centerlong":77.5215,"eta":"","sch_arrivaltime":"13:46","sch_departuretime":"13:46","actual_arrivaltime":"","actual_departuretime":"","sch_tripstarttime":"13:06","sch_tripendtime":"13:06","lastlocationid":0,"currentlocationid":29871,"nextlocationid":0,"currentstop":null,"nextstop":null,"laststop":null,"stopCoveredStatus":0,"heading":47,"lastrefreshon":"06-11-2024 21:26:35","lastreceiveddatetimeflag":0,"tripposition":3}]},{"routeid":11750,"stationid":22279,"stationname":"Mayohall","from":"BEML Layout 5th stage","to":"HAL Main Gate","routeno":"335 BEML5-HAL","distance_on_station":18.277,"centerlat":12.97349,"centerlong":77.61051,"responsecode":200,"isnotify":0,"vehicleDetails":[{"vehicleid":20261,"vehiclenumber":"KA57F3498","servicetypeid":72,"servicetype":"Non AC/Ordinary","centerlat":12.906524,"centerlong":77.5215,"eta":"","sch_arrivaltime":"13:49","sch_departuretime":"13:49","actual_arrivaltime":"","actual_departuretime":"","sch_tripstarttime":"13:06","sch_tripendtime":"13:06","lastlocationid":0,"currentlocationid":29871,"nextlocationid":0,"currentstop":null,"nextstop":null,"laststop":null,"stopCoveredStatus":0,"heading":47,"lastrefreshon":"06-11-2024 21:26:35","lastreceiveddatetimeflag":0,"tripposition":3}]},{"routeid":11750,"stationid":22697,"stationname":"Garuda Mall","from":"BEML Layout 5th stage","to":"HAL Main Gate","routeno":"335 BEML5-HAL","distance_on_station":18.569,"centerlat":12.97026,"centerlong":77.61066,"responsecode":200,"isnotify":0,"vehicleDetails":[{"vehicleid":20261,"vehiclenumber":"KA57F3498","servicetypeid":72,"servicetype":"Non AC/Ordinary","centerlat":12.906524,"centerlong":77.5215,"eta":"","sch_arrivaltime":"13:51","sch_departuretime":"13:51","actual_arrivaltime":"","actual_departuretime":"","sch_tripstarttime":"13:06","sch_tripendtime":"13:06","lastlocationid":0,"currentlocationid":29871,"nextlocationid":0,"currentstop":null,"nextstop":null,"laststop":null,"stopCoveredStatus":0,"heading":47,"lastrefreshon":"06-11-2024 21:26:35","lastreceiveddatetimeflag":0,"tripposition":3}]},{"routeid":11750,"stationid":22058,"stationname":"Hosmat Hospital","from":"BEML Layout 5th stage","to":"HAL Main Gate","routeno":"335 BEML5-HAL","distance_on_station":18.942,"centerlat":12.96879,"centerlong":77.61333,"responsecode":200,"isnotify":0,"vehicleDetails":[{"vehicleid":20261,"vehiclenumber":"KA57F3498","servicetypeid":72,"servicetype":"Non AC/Ordinary","centerlat":12.906524,"centerlong":77.5215,"eta":"","sch_arrivaltime":"13:52","sch_departuretime":"13:52","actual_arrivaltime":"","actual_departuretime":"","sch_tripstarttime":"13:06","sch_tripendtime":"13:06","lastlocationid":0,"currentlocationid":29871,"nextlocationid":0,"currentstop":null,"nextstop":null,"laststop":null,"stopCoveredStatus":0,"heading":47,"lastrefreshon":"06-11-2024 21:26:35","lastreceiveddatetimeflag":0,"tripposition":3}]},{"routeid":11750,"stationid":22287,"stationname":"Military Accounts Office","from":"BEML Layout 5th stage","to":"HAL Main Gate","routeno":"335 BEML5-HAL","distance_on_station":19.969,"centerlat":12.96694,"centerlong":77.62089,"responsecode":200,"isnotify":0,"vehicleDetails":[{"vehicleid":20261,"vehiclenumber":"KA57F3498","servicetypeid":72,"servicetype":"Non AC/Ordinary","centerlat":12.906524,"centerlong":77.5215,"eta":"","sch_arrivaltime":"13:55","sch_departuretime":"13:55","actual_arrivaltime":"","actual_departuretime":"","sch_tripstarttime":"13:06","sch_tripendtime":"13:06","lastlocationid":0,"currentlocationid":29871,"nextlocationid":0,"currentstop":null,"nextstop":null,"laststop":null,"stopCoveredStatus":0,"heading":47,"lastrefreshon":"06-11-2024 21:26:35","lastreceiveddatetimeflag":0,"tripposition":3}]},{"routeid":11750,"stationid":21864,"stationname":"Commando Hospital","from":"BEML Layout 5th stage","to":"HAL Main Gate","routeno":"335 BEML5-HAL","distance_on_station":20.775,"centerlat":12.96364,"centerlong":77.62641,"responsecode":200,"isnotify":0,"vehicleDetails":[{"vehicleid":20261,"vehiclenumber":"KA57F3498","servicetypeid":72,"servicetype":"Non AC/Ordinary","centerlat":12.906524,"centerlong":77.5215,"eta":"","sch_arrivaltime":"13:56","sch_departuretime":"13:56","actual_arrivaltime":"","actual_departuretime":"","sch_tripstarttime":"13:06","sch_tripendtime":"13:06","lastlocationid":0,"currentlocationid":29871,"nextlocationid":0,"currentstop":null,"nextstop":null,"laststop":null,"stopCoveredStatus":0,"heading":47,"lastrefreshon":"06-11-2024 21:26:35","lastreceiveddatetimeflag":0,"tripposition":3}]},{"routeid":11750,"stationid":21914,"stationname":"Domlur","from":"BEML Layout 5th stage","to":"HAL Main Gate","routeno":"335 BEML5-HAL","distance_on_station":22.146,"centerlat":12.96111,"centerlong":77.63809,"responsecode":200,"isnotify":0,"vehicleDetails":[{"vehicleid":20261,"vehiclenumber":"KA57F3498","servicetypeid":72,"servicetype":"Non AC/Ordinary","centerlat":12.906524,"centerlong":77.5215,"eta":"","sch_arrivaltime":"13:58","sch_departuretime":"13:58","actual_arrivaltime":"","actual_departuretime":"","sch_tripstarttime":"13:06","sch_tripendtime":"13:06","lastlocationid":0,"currentlocationid":29871,"nextlocationid":0,"currentstop":null,"nextstop":null,"laststop":null,"stopCoveredStatus":0,"heading":47,"lastrefreshon":"06-11-2024 21:26:35","lastreceiveddatetimeflag":0,"tripposition":3}]},{"routeid":11750,"stationid":21917,"stationname":"Domlur Flyover","from":"BEML Layout 5th stage","to":"HAL Main Gate","routeno":"335 BEML5-HAL","distance_on_station":22.72,"centerlat":12.96048,"centerlong":77.64352,"responsecode":200,"isnotify":0,"vehicleDetails":[{"vehicleid":20261,"vehiclenumber":"KA57F3498","servicetypeid":72,"servicetype":"Non AC/Ordinary","centerlat":12.906524,"centerlong":77.5215,"eta":"","sch_arrivaltime":"13:59","sch_departuretime":"13:59","actual_arrivaltime":"","actual_departuretime":"","sch_tripstarttime":"13:06","sch_tripendtime":"13:06","lastlocationid":0,"currentlocationid":29871,"nextlocationid":0,"currentstop":null,"nextstop":null,"laststop":null,"stopCoveredStatus":0,"heading":47,"lastrefreshon":"06-11-2024 21:26:35","lastreceiveddatetimeflag":0,"tripposition":3}]},{"routeid":11750,"stationid":22178,"stationname":"Kodihalli","from":"BEML Layout 5th stage","to":"HAL Main Gate","routeno":"335 BEML5-HAL","distance_on_station":23.163,"centerlat":12.96,"centerlong":77.64758,"responsecode":200,"isnotify":0,"vehicleDetails":[{"vehicleid":20261,"vehiclenumber":"KA57F3498","servicetypeid":72,"servicetype":"Non AC/Ordinary","centerlat":12.906524,"centerlong":77.5215,"eta":"","sch_arrivaltime":"14:00","sch_departuretime":"14:00","actual_arrivaltime":"","actual_departuretime":"","sch_tripstarttime":"13:06","sch_tripendtime":"13:06","lastlocationid":0,"currentlocationid":29871,"nextlocationid":0,"currentstop":null,"nextstop":null,"laststop":null,"stopCoveredStatus":0,"heading":47,"lastrefreshon":"06-11-2024 21:26:35","lastreceiveddatetimeflag":0,"tripposition":3}]},{"routeid":11750,"stationid":22336,"stationname":"NAL/Manipal Hospital","from":"BEML Layout 5th stage","to":"HAL Main Gate","routeno":"335 BEML5-HAL","distance_on_station":23.516,"centerlat":12.95964,"centerlong":77.65076,"responsecode":200,"isnotify":0,"vehicleDetails":[{"vehicleid":20261,"vehiclenumber":"KA57F3498","servicetypeid":72,"servicetype":"Non AC/Ordinary","centerlat":12.906524,"centerlong":77.5215,"eta":"","sch_arrivaltime":"14:01","sch_departuretime":"14:01","actual_arrivaltime":"","actual_departuretime":"","sch_tripstarttime":"13:06","sch_tripendtime":"13:06","lastlocationid":0,"currentlocationid":29871,"nextlocationid":0,"currentstop":null,"nextstop":null,"laststop":null,"stopCoveredStatus":0,"heading":47,"lastrefreshon":"06-11-2024 21:26:35","lastreceiveddatetimeflag":0,"tripposition":3}]},{"routeid":11750,"stationid":22316,"stationname":"Murugeshpalya","from":"BEML Layout 5th stage","to":"HAL Main Gate","routeno":"335 BEML5-HAL","distance_on_station":24.161,"centerlat":12.95936,"centerlong":77.65618,"responsecode":200,"isnotify":0,"vehicleDetails":[{"vehicleid":20261,"vehiclenumber":"KA57F3498","servicetypeid":72,"servicetype":"Non AC/Ordinary","centerlat":12.906524,"centerlong":77.5215,"eta":"","sch_arrivaltime":"14:02","sch_departuretime":"14:02","actual_arrivaltime":"","actual_departuretime":"","sch_tripstarttime":"13:06","sch_tripendtime":"13:06","lastlocationid":0,"currentlocationid":29871,"nextlocationid":0,"currentstop":null,"nextstop":null,"laststop":null,"stopCoveredStatus":0,"heading":47,"lastrefreshon":"06-11-2024 21:26:35","lastreceiveddatetimeflag":0,"tripposition":3}]},{"routeid":11750,"stationid":22193,"stationname":"Konena Agrahara","from":"BEML Layout 5th stage","to":"HAL Main Gate","routeno":"335 BEML5-HAL","distance_on_station":24.453,"centerlat":12.95914,"centerlong":77.65962,"responsecode":200,"isnotify":0,"vehicleDetails":[{"vehicleid":20261,"vehiclenumber":"KA57F3498","servicetypeid":72,"servicetype":"Non AC/Ordinary","centerlat":12.906524,"centerlong":77.5215,"eta":"","sch_arrivaltime":"14:03","sch_departuretime":"14:03","actual_arrivaltime":"","actual_departuretime":"","sch_tripstarttime":"13:06","sch_tripendtime":"13:06","lastlocationid":0,"currentlocationid":29871,"nextlocationid":0,"currentstop":null,"nextstop":null,"laststop":null,"stopCoveredStatus":0,"heading":47,"lastrefreshon":"06-11-2024 21:26:35","lastreceiveddatetimeflag":0,"tripposition":3}]},{"routeid":11750,"stationid":22003,"stationname":"HAL Main Gate","from":"BEML Layout 5th stage","to":"HAL Main Gate","routeno":"335 BEML5-HAL","distance_on_station":25.4,"centerlat":12.95821,"centerlong":77.66821,"responsecode":200,"isnotify":0,"vehicleDetails":[{"vehicleid":20261,"vehiclenumber":"KA57F3498","servicetypeid":72,"servicetype":"Non AC/Ordinary","centerlat":12.906524,"centerlong":77.5215,"eta":"","sch_arrivaltime":"14:04","sch_departuretime":"14:04","actual_arrivaltime":"","actual_departuretime":"","sch_tripstarttime":"13:06","sch_tripendtime":"13:06","lastlocationid":0,"currentlocationid":29871,"nextlocationid":0,"currentstop":null,"nextstop":null,"laststop":null,"stopCoveredStatus":0,"heading":47,"lastrefreshon":"06-11-2024 21:26:35","lastreceiveddatetimeflag":0,"tripposition":3}]}],"mapData":[{"vehicleid":20261,"vehiclenumber":"KA57F3498","servicetypeid":72,"servicetype":"Non AC/Ordinary","centerlat":12.906524,"centerlong":77.5215,"eta":"","sch_arrivaltime":"14:04","sch_departuretime":"14:04","actual_arrivaltime":"","actual_departuretime":"","sch_tripstarttime":"13:06","sch_tripendtime":"13:06","lastlocationid":0,"currentlocationid":29871,"nextlocationid":0,"currentstop":null,"nextstop":null,"laststop":null,"stopCoveredStatus":0,"heading":47,"lastrefreshon":"06-11-2024 21:26:35","lastreceiveddatetimeflag":0,"tripposition":3}]},"down":{"data":[],"mapData":[]},"message":"Success","issuccess":true,"exception":null,"rowCount":0,"responsecode":200}