{"up":{"data":[{"routeid":12816,"stationid":23509,"stationname":"Depot-42 Gate Departure","from":"Depot-42 Gate Departure","to":"Sarjapura","routeno":"342 D42G-SJP","distance_on_station":0,"centerlat":12.89553,"centerlong":77.7057,"responsecode":200,"isnotify":0,"vehicleDetails":[{"vehicleid":19725,"vehiclenumber":"KA57F2464","servicetypeid":72,"servicetype":"Non AC/Ordinary","centerlat":12.895052,"centerlong":77.7043,"eta":"","sch_arrivaltime":"06:11","sch_departuretime":"06:11","actual_arrivaltime":"","actual_departuretime":"","sch_tripstarttime":"06:11","sch_tripendtime":"06:11","lastlocationid":0,"currentlocationid":23509,"nextlocationid":0,"currentstop":null,"nextstop":null,"laststop":null,"stopCoveredStatus":0,"heading":196,"lastrefreshon":"06-08-2024 03:03:38","lastreceiveddatetimeflag":0,"tripposition":1}]},{"routeid":12816,"stationid":23900,"stationname":"Carmelram Gate","from":"Depot-42 Gate Departure","to":"Sarjapura","routeno":"342 D42G-SJP","distance_on_station":0.993,"centerlat":12.90352,"centerlong":77.70401,"responsecode":200,"isnotify":0,"vehicleDetails":[{"vehicleid":19725,"vehiclenumber":"KA57F2464","servicetypeid":72,"servicetype":"Non AC/Ordinary","centerlat":12.895052,"centerlong":77.7043,"eta":"","sch_arrivaltime":"06:14","sch_departuretime":"06:14","actual_arrivaltime":"","actual_departuretime":"","sch_tripstarttime":"06:11","sch_tripendtime":"06:11","lastlocationid":0,"currentlocationid":23509,"nextlocationid":0,"currentstop":null,"nextstop":null,"laststop":null,"stopCoveredStatus":0,"heading":196,"lastrefreshon":"06-08-2024 03:03:38","lastreceiveddatetimeflag":0,"tripposition":3}]},{"routeid":12816,"stationid":23901,"stationname":"Ambedkar Nagara","from":"Depot-42 Gate Departure","to":"Sarjapura","routeno":"342 D42G-SJP","distance_on_station":1.968,"centerlat":12.89929,"centerlong":77.71273,"responsecode":200,"isnotify":0,"vehicleDetails":[{"vehicleid":19725,"vehiclenumber":"KA57F2464","servicetypeid":72,"servicetype":"Non AC/Ordinary","centerlat":12.895052,"centerlong":77.7043,"eta":"","sch_arrivaltime":"06:16","sch_departuretime":"06:16","actual_arrivaltime":"","actual_departuretime":"","sch_tripstarttime":"06:11","sch_tripendtime":"06:11","lastlocationid":0,"currentlocationid":23509,"nextlocationid":0,"currentstop":null,"nextstop":null,"laststop":null,"stopCoveredStatus":0,"heading":196,"lastrefreshon":"06-08-2024 03:03:38","lastreceiveddatetimeflag":0,"tripposition":3}]},{"routeid":12816,"stationid":34475,"stationname":"Sarjapura Wipro Campus","from":"Depot-42 Gate Departure","to":"Sarjapura","routeno":"342 D42G-SJP","distance_on_station":2.061,"centerlat":12.89903,"centerlong":77.71354,"responsecode":200,"isnotify":0,"vehicleDetails":[{"vehicleid":19725,"vehiclenumber":"KA57F2464","servicetypeid":72,"servicetype":"Non AC/Ordinary","centerlat":12.895052,"centerlong":77.7043,"eta":"","sch_arrivaltime":"06:17","sch_departuretime":"06:17","actual_arrivaltime":"","actual_departuretime":"","sch_tripstarttime":"06:11","sch_tripendtime":"06:11","lastlocationid":0,"currentlocationid":23509,"nextlocationid":0,"currentstop":null,"nextstop":null,"laststop":null,"stopCoveredStatus":0,"heading":196,"lastrefreshon":"06-08-2024 03:03:38","lastreceiveddatetimeflag":0,"tripposition":3}]},{"routeid":12816,"stationid":35072,"stationname":"Kodathi Gate","from":"Depot-42 Gate Departure","to":"Sarjapura","routeno":"342 D42G-SJP","distance_on_station":2.794,"centerlat":12.8966,"centerlong":77.72037,"responsecode":200,"isnotify":0,"vehicleDetails":[{"vehicleid":19725,"vehiclenumber":"KA57F2464","servicetypeid":72,"servicetype":"Non AC/Ordinary","centerlat":12.895052,"centerlong":77.7043,"eta":"","sch_arrivaltime":"06:19","sch_departuretime":"06:19","actual_arrivaltime":"","actual_departuretime":"","sch_tripstarttime":"06:11","sch_tripendtime":"06:11","lastlocationid":0,"currentlocationid":23509,"nextlocationid":0,"currentstop":null,"nextstop":null,"laststop":null,"stopCoveredStatus":0,"heading":196,"lastrefreshon":"06-08-2024 03:03:38","lastreceiveddatetimeflag":0,"tripposition":3}]},{"routeid":12816,"stationid":35124,"stationname":"Sulikunte","from":"Depot-42 Gate Departure","to":"Sarjapura","routeno":"342 D42G-SJP","distance_on_station":3.713,"centerlat":12.89246,"centerlong":77.72846,"responsecode":200,"isnotify":0,"vehicleDetails":[{"vehicleid":19725,"vehiclenumber":"KA57F2464","servicetypeid":72,"servicetype":"Non AC/Ordinary","centerlat":12.895052,"centerlong":77.7043,"eta":"","sch_arrivaltime":"06:20","sch_departuretime":"06:20","actual_arrivaltime":"","actual_departuretime":"","sch_tripstarttime":"06:11","sch_tripendtime":"06:11","lastlocationid":0,"currentlocationid":23509,"nextlocationid":0,"currentstop":null,"nextstop":null,"laststop":null,"stopCoveredStatus":0,"heading":196,"lastrefreshon":"06-08-2024 03:03:38","lastreceiveddatetimeflag":0,"tripposition":3}]},{"routeid":12816,"stationid":35131,"stationname":"Muttanalluru Cross","from":"Depot-42 Gate Departure","to":"Sarjapura","routeno":"342 D42G-SJP","distance_on_station":4.864,"centerlat":12.88744,"centerlong":77.73839,"responsecode":200,"isnotify":0,"vehicleDetails":[{"vehicleid":19725,"vehiclenumber":"KA57F2464","servicetypeid":72,"servicetype":"Non AC/Ordinary","centerlat":12.895052,"centerlong":77.7043,"eta":"","sch_arrivaltime":"06:22","sch_departuretime":"06:22","actual_arrivaltime":"","actual_departuretime":"","sch_tripstarttime":"06:11","sch_tripendtime":"06:11","lastlocationid":0,"currentlocationid":23509,"nextlocationid":0,"currentstop":null,"nextstop":null,"laststop":null,"stopCoveredStatus":0,"heading":196,"lastrefreshon":"06-08-2024 03:03:38","lastreceiveddatetimeflag":0,"tripposition":3}]},{"routeid":12816,"stationid":35149,"stationname":"Dommasandra Circle","from":"Depot-42 Gate Departure","to":"Sarjapura","routeno":"342 D42G-SJP","distance_on_station":6.341,"centerlat":12.88322,"centerlong":77.75241,"responsecode":200,"isnotify":0,"vehicleDetails":[{"vehicleid":19725,"vehiclenumber":"KA57F2464","servicetypeid":72,"servicetype":"Non AC/Ordinary","centerlat":12.895052,"centerlong":77.7043,"eta":"","sch_arrivaltime":"06:25","sch_departuretime":"06:25","actual_arrivaltime":"","actual_departuretime":"","sch_tripstarttime":"06:11","sch_tripendtime":"06:11","lastlocationid":0,"currentlocationid":23509,"nextlocationid":0,"currentstop":null,"nextstop":null,"laststop":null,"stopCoveredStatus":0,"heading":196,"lastrefreshon":"06-08-2024 03:03:38","lastreceiveddatetimeflag":0,"tripposition":3}]},{"routeid":12816,"stationid":23906,"stationname":"Dommasandra","from":"Depot-42 Gate Departure","to":"Sarjapura","routeno":"342 D42G-SJP","distance_on_station":6.73,"centerlat":12.8796,"centerlong":77.75371,"responsecode":200,"isnotify":0,"vehicleDetails":[{"vehicleid":19725,"vehiclenumber":"KA57F2464","servicetypeid":72,"servicetype":"Non AC/Ordinary","centerlat":12.895052,"centerlong":77.7043,"eta":"","sch_arrivaltime":"06:26","sch_departuretime":"06:26","actual_arrivaltime":"","actual_departuretime":"","sch_tripstarttime":"06:11","sch_tripendtime":"06:11","lastlocationid":0,"currentlocationid":23509,"nextlocationid":0,"currentstop":null,"nextstop":null,"laststop":null,"stopCoveredStatus":0,"heading":196,"lastrefreshon":"06-08-2024 03:03:38","lastreceiveddatetimeflag":0,"tripposition":3}]},{"routeid":12816,"stationid":22546,"stationname":"Thigalara Chowdenahalli Cross","from":"Depot-42 Gate Departure","to":"Sarjapura","routeno":"342 D42G-SJP","distance_on_station":7.26,"centerlat":12.88172,"centerlong":77.75677,"responsecode":200,"isnotify":0,"vehicleDetails":[{"vehicleid":19725,"vehiclenumber":"KA57F2464","servicetypeid":72,"servicetype":"Non AC/Ordinary","centerlat":12.895052,"centerlong":77.7043,"eta":"","sch_arrivaltime":"06:27","sch_departuretime":"06:27","actual_arrivaltime":"","actual_departuretime":"","sch_tripstarttime":"06:11","sch_tripendtime":"06:11","lastlocationid":0,"currentlocationid":23509,"nextlocationid":0,"currentstop":null,"nextstop":null,"laststop":null,"stopCoveredStatus":0,"heading":196,"lastrefreshon":"06-08-2024 03:03:38","lastreceiveddatetimeflag":0,"tripposition":3}]},{"routeid":12816,"stationid":21813,"stationname":"Chambenahalli","from":"Depot-42 Gate Departure","to":"Sarjapura","routeno":"342 D42G-SJP","distance_on_station":7.826,"centerlat":12.8793,"centerlong":77.7617,"responsecode":200,"isnotify":0,"vehicleDetails":[{"vehicleid":19725,"vehiclenumber":"KA57F2464","servicetypeid":72,"servicetype":"Non AC/Ordinary","centerlat":12.895052,"centerlong":77.7043,"eta":"","sch_arrivaltime":"06:28","sch_departuretime":"06:28","actual_arrivaltime":"","actual_departuretime":"","sch_tripstarttime":"06:11","sch_tripendtime":"06:11","lastlocationid":0,"currentlocationid":23509,"nextlocationid":0,"currentstop":null,"nextstop":null,"laststop":null,"stopCoveredStatus":0,"heading":196,"lastrefreshon":"06-08-2024 03:03:38","lastreceiveddatetimeflag":0,"tripposition":3}]},{"routeid":12816,"stationid":22629,"stationname":"Yamare","from":"Depot-42 Gate Departure","to":"Sarjapura","routeno":"342 D42G-SJP","distance_on_station":8.764,"centerlat":12.87227,"centerlong":77.76646,"responsecode":200,"isnotify":0,"vehicleDetails":[{"vehicleid":19725,"vehiclenumber":"KA57F2464","servicetypeid":72,"servicetype":"Non AC/Ordinary","centerlat":12.895052,"centerlong":77.7043,"eta":"","sch_arrivaltime":"06:29","sch_departuretime":"06:29","actual_arrivaltime":"","actual_departuretime":"","sch_tripstarttime":"06:11","sch_tripendtime":"06:11","lastlocationid":0,"currentlocationid":23509,"nextlocationid":0,"currentstop":null,"nextstop":null,"laststop":null,"stopCoveredStatus":0,"heading":196,"lastrefreshon":"06-08-2024 03:03:38","lastreceiveddatetimeflag":0,"tripposition":3}]},{"routeid":12816,"stationid":21866,"stationname":"Crystal Apartment Sarjapura Road","from":"Depot-42 Gate Departure","to":"Sarjapura","routeno":"342 D42G-SJP","distance_on_station":9.256,"centerlat":12.86759,"centerlong":77.76725,"responsecode":200,"isnotify":0,"vehicleDetails":[{"vehicleid":19725,"vehiclenumber":"KA57F2464","servicetypeid":72,"servicetype":"Non AC/Ordinary","centerlat":12.895052,"centerlong":77.7043,"eta":"","sch_arrivaltime":"06:30","sch_departuretime":"06:30","actual_arrivaltime":"","actual_departuretime":"","sch_tripstarttime":"06:11","sch_tripendtime":"06:11","lastlocationid":0,"currentlocationid":23509,"nextlocationid":0,"currentstop":null,"nextstop":null,"laststop":null,"stopCoveredStatus":0,"heading":196,"lastrefreshon":"06-08-2024 03:03:38","lastreceiveddatetimeflag":0,"tripposition":3}]},{"routeid":12816,"stationid":22497,"stationname":"Sompura Gate","from":"Depot-42 Gate Departure","to":"Sarjapura","routeno":"342 D42G-SJP","distance_on_station":10.017,"centerlat":12.86207,"centerlong":77.77213,"responsecode":200,"isnotify":0,"vehicleDetails":[{"vehicleid":19725,"vehiclenumber":"KA57F2464","servicetypeid":72,"servicetype":"Non AC/Ordinary","centerlat":12.895052,"centerlong":77.7043,"eta":"","sch_arrivaltime":"06:31","sch_departuretime":"06:31","actual_arrivaltime":"","actual_departuretime":"","sch_tripstarttime":"06:11","sch_tripendtime":"06:11","lastlocationid":0,"currentlocationid":23509,"nextlocationid":0,"currentstop":null,"nextstop":null,"laststop":null,"stopCoveredStatus":0,"heading":196,"lastrefreshon":"06-08-2024 03:03:38","lastreceiveddatetimeflag":0,"tripposition":3}]},{"routeid":12816,"stationid":22391,"stationname":"Sarjapura Circle","from":"Depot-42 Gate Departure","to":"Sarjapura","routeno":"342 D42G-SJP","distance_on_station":11.186,"centerlat":12.86102,"centerlong":77.78352,"responsecode":200,"isnotify":0,"vehicleDetails":[{"vehicleid":19725,"vehiclenumber":"KA57F2464","servicetypeid":72,"servicetype":"Non AC/Ordinary","centerlat":12.895052,"centerlong":77.7043,"eta":"","sch_arrivaltime":"06:33","sch_departuretime":"06:33","actual_arrivaltime":"","actual_departuretime":"","sch_tripstarttime":"06:11","sch_tripendtime":"06:11","lastlocationid":0,"currentlocationid":23509,"nextlocationid":0,"currentstop":null,"nextstop":null,"laststop":null,"stopCoveredStatus":0,"heading":196,"lastrefreshon":"06-08-2024 03:03:38","lastreceiveddatetimeflag":0,"tripposition":3}]},{"routeid":12816,"stationid":23907,"stationname":"Sarjapura","from":"Depot-42 Gate Departure","to":"Sarjapura","routeno":"342 D42G-SJP","distance_on_station":11.4,"centerlat":12.86136,"centerlong":77.7856,"responsecode":200,"isnotify":0,"vehicleDetails":[{"vehicleid":19725,"vehiclenumber":"KA57F2464","servicetypeid":72,"servicetype":"Non AC/Ordinary","centerlat":12.895052,"centerlong":77.7043,"eta":"","sch_arrivaltime":"06:34","sch_departuretime":"06:34","actual_arrivaltime":"","actual_departuretime":"","sch_tripstarttime":"06:11","sch_tripendtime":"06:11","lastlocationid":0,"currentlocationid":23509,"nextlocationid":0,"currentstop":null,"nextstop":null,"laststop":null,"stopCoveredStatus":0,"heading":196,"lastrefreshon":"06-08-2024 03:03:38","lastreceiveddatetimeflag":0,"tripposition":1}]}],"mapData":[{"vehicleid":19725,"vehiclenumber":"KA57F2464","servicetypeid":72,"servicetype":"Non AC/Ordinary","centerlat":12.895052,"centerlong":77.7043,"eta":"","sch_arrivaltime":"06:34","sch_departuretime":"06:34","actual_arrivaltime":"","actual_departuretime":"","sch_tripstarttime":"06:11","sch_tripendtime":"06:11","lastlocationid":0,"currentlocationid":23509,"nextlocationid":0,"currentstop":null,"nextstop":null,"laststop":null,"stopCoveredStatus":0,"heading":196,"lastrefreshon":"06-08-2024 03:03:38","lastreceiveddatetimeflag":0,"tripposition":1}]},"down":{"data":[],"mapData":[]},"message":"Success","issuccess":true,"exception":null,"rowCount":0,"responsecode":200}