{"up":{"data":[],"mapData":[]},"down":{"data":[{"routeid":13022,"stationid":25382,"stationname":"Genius Global School Kodathi","from":"Genius Global School Kodathi","to":"St Johns Hospital","routeno":"342-H STJN-GGSK","distance_on_station":0,"centerlat":12.87841,"centerlong":77.7167,"responsecode":200,"isnotify":0,"vehicleDetails":[{"vehicleid":19717,"vehiclenumber":"KA57F2122","servicetypeid":72,"servicetype":"Non AC/Ordinary","centerlat":12.895197,"centerlong":77.704544,"eta":"","sch_arrivaltime":"08:45","sch_departuretime":"08:45","actual_arrivaltime":"","actual_departuretime":"","sch_tripstarttime":"08:45","sch_tripendtime":"08:45","lastlocationid":0,"currentlocationid":23914,"nextlocationid":0,"currentstop":null,"nextstop":null,"laststop":null,"stopCoveredStatus":0,"heading":195,"lastrefreshon":"28-07-2024 20:07:05","lastreceiveddatetimeflag":1,"tripposition":1}]},{"routeid":13022,"stationid":33511,"stationname":"Kodathi Village","from":"Genius Global School Kodathi","to":"St Johns Hospital","routeno":"342-H STJN-GGSK","distance_on_station":1.909,"centerlat":12.88835,"centerlong":77.7163,"responsecode":200,"isnotify":0,"vehicleDetails":[{"vehicleid":19717,"vehiclenumber":"KA57F2122","servicetypeid":72,"servicetype":"Non AC/Ordinary","centerlat":12.895197,"centerlong":77.704544,"eta":"","sch_arrivaltime":"08:47","sch_departuretime":"08:47","actual_arrivaltime":"","actual_departuretime":"","sch_tripstarttime":"08:45","sch_tripendtime":"08:45","lastlocationid":0,"currentlocationid":23914,"nextlocationid":0,"currentstop":null,"nextstop":null,"laststop":null,"stopCoveredStatus":0,"heading":195,"lastrefreshon":"28-07-2024 20:07:05","lastreceiveddatetimeflag":1,"tripposition":3}]},{"routeid":13022,"stationid":35239,"stationname":"Kodathi Gate","from":"Genius Global School Kodathi","to":"St Johns Hospital","routeno":"342-H STJN-GGSK","distance_on_station":3.152,"centerlat":12.89653,"centerlong":77.7203,"responsecode":200,"isnotify":0,"vehicleDetails":[{"vehicleid":19717,"vehiclenumber":"KA57F2122","servicetypeid":72,"servicetype":"Non AC/Ordinary","centerlat":12.895197,"centerlong":77.704544,"eta":"","sch_arrivaltime":"08:48","sch_departuretime":"08:48","actual_arrivaltime":"","actual_departuretime":"","sch_tripstarttime":"08:45","sch_tripendtime":"08:45","lastlocationid":0,"currentlocationid":23914,"nextlocationid":0,"currentstop":null,"nextstop":null,"laststop":null,"stopCoveredStatus":0,"heading":195,"lastrefreshon":"28-07-2024 20:07:05","lastreceiveddatetimeflag":1,"tripposition":3}]},{"routeid":13022,"stationid":28169,"stationname":"Sarjapura Wipro Campus","from":"Genius Global School Kodathi","to":"St Johns Hospital","routeno":"342-H STJN-GGSK","distance_on_station":4.088,"centerlat":12.89886,"centerlong":77.71369,"responsecode":200,"isnotify":0,"vehicleDetails":[{"vehicleid":19717,"vehiclenumber":"KA57F2122","servicetypeid":72,"servicetype":"Non AC/Ordinary","centerlat":12.895197,"centerlong":77.704544,"eta":"","sch_arrivaltime":"08:49","sch_departuretime":"08:49","actual_arrivaltime":"","actual_departuretime":"","sch_tripstarttime":"08:45","sch_tripendtime":"08:45","lastlocationid":0,"currentlocationid":23914,"nextlocationid":0,"currentstop":null,"nextstop":null,"laststop":null,"stopCoveredStatus":0,"heading":195,"lastrefreshon":"28-07-2024 20:07:05","lastreceiveddatetimeflag":1,"tripposition":3}]},{"routeid":13022,"stationid":23058,"stationname":"Ambedkar Nagara","from":"Genius Global School Kodathi","to":"St Johns Hospital","routeno":"342-H STJN-GGSK","distance_on_station":4.199,"centerlat":12.89914,"centerlong":77.71286,"responsecode":200,"isnotify":0,"vehicleDetails":[{"vehicleid":19717,"vehiclenumber":"KA57F2122","servicetypeid":72,"servicetype":"Non AC/Ordinary","centerlat":12.895197,"centerlong":77.704544,"eta":"","sch_arrivaltime":"08:50","sch_departuretime":"08:50","actual_arrivaltime":"","actual_departuretime":"","sch_tripstarttime":"08:45","sch_tripendtime":"08:45","lastlocationid":0,"currentlocationid":23914,"nextlocationid":0,"currentstop":null,"nextstop":null,"laststop":null,"stopCoveredStatus":0,"heading":195,"lastrefreshon":"28-07-2024 20:07:05","lastreceiveddatetimeflag":1,"tripposition":3}]},{"routeid":13022,"stationid":23914,"stationname":"Carmelram Gate","from":"Genius Global School Kodathi","to":"St Johns Hospital","routeno":"342-H STJN-GGSK","distance_on_station":5.529,"centerlat":12.90343,"centerlong":77.70399,"responsecode":200,"isnotify":0,"vehicleDetails":[{"vehicleid":19717,"vehiclenumber":"KA57F2122","servicetypeid":72,"servicetype":"Non AC/Ordinary","centerlat":12.895197,"centerlong":77.704544,"eta":"","sch_arrivaltime":"08:52","sch_departuretime":"08:52","actual_arrivaltime":"","actual_departuretime":"","sch_tripstarttime":"08:45","sch_tripendtime":"08:45","lastlocationid":0,"currentlocationid":23914,"nextlocationid":0,"currentstop":null,"nextstop":null,"laststop":null,"stopCoveredStatus":0,"heading":195,"lastrefreshon":"28-07-2024 20:07:05","lastreceiveddatetimeflag":1,"tripposition":3}]},{"routeid":13022,"stationid":35240,"stationname":"Doddakannalli","from":"Genius Global School Kodathi","to":"St Johns Hospital","routeno":"342-H STJN-GGSK","distance_on_station":6.773,"centerlat":12.90719,"centerlong":77.69557,"responsecode":200,"isnotify":0,"vehicleDetails":[{"vehicleid":19717,"vehiclenumber":"KA57F2122","servicetypeid":72,"servicetype":"Non AC/Ordinary","centerlat":12.895197,"centerlong":77.704544,"eta":"","sch_arrivaltime":"08:54","sch_departuretime":"08:54","actual_arrivaltime":"","actual_departuretime":"","sch_tripstarttime":"08:45","sch_tripendtime":"08:45","lastlocationid":0,"currentlocationid":23914,"nextlocationid":0,"currentstop":null,"nextstop":null,"laststop":null,"stopCoveredStatus":0,"heading":195,"lastrefreshon":"28-07-2024 20:07:05","lastreceiveddatetimeflag":1,"tripposition":3}]},{"routeid":13022,"stationid":23392,"stationname":"Radhareddy Layout","from":"Genius Global School Kodathi","to":"St Johns Hospital","routeno":"342-H STJN-GGSK","distance_on_station":7.561,"centerlat":12.90869,"centerlong":77.68985,"responsecode":200,"isnotify":0,"vehicleDetails":[{"vehicleid":19717,"vehiclenumber":"KA57F2122","servicetypeid":72,"servicetype":"Non AC/Ordinary","centerlat":12.895197,"centerlong":77.704544,"eta":"","sch_arrivaltime":"08:55","sch_departuretime":"08:55","actual_arrivaltime":"","actual_departuretime":"","sch_tripstarttime":"08:45","sch_tripendtime":"08:45","lastlocationid":0,"currentlocationid":23914,"nextlocationid":0,"currentstop":null,"nextstop":null,"laststop":null,"stopCoveredStatus":0,"heading":195,"lastrefreshon":"28-07-2024 20:07:05","lastreceiveddatetimeflag":1,"tripposition":3}]},{"routeid":13022,"stationid":23916,"stationname":"Junnasandra Gate Wipro Regional Office","from":"Genius Global School Kodathi","to":"St Johns Hospital","routeno":"342-H STJN-GGSK","distance_on_station":8.324,"centerlat":12.91068,"centerlong":77.68451,"responsecode":200,"isnotify":0,"vehicleDetails":[{"vehicleid":19717,"vehiclenumber":"KA57F2122","servicetypeid":72,"servicetype":"Non AC/Ordinary","centerlat":12.895197,"centerlong":77.704544,"eta":"","sch_arrivaltime":"08:56","sch_departuretime":"08:56","actual_arrivaltime":"","actual_departuretime":"","sch_tripstarttime":"08:45","sch_tripendtime":"08:45","lastlocationid":0,"currentlocationid":23914,"nextlocationid":0,"currentstop":null,"nextstop":null,"laststop":null,"stopCoveredStatus":0,"heading":195,"lastrefreshon":"28-07-2024 20:07:05","lastreceiveddatetimeflag":1,"tripposition":3}]},{"routeid":13022,"stationid":23917,"stationname":"Kaikondrahalli","from":"Genius Global School Kodathi","to":"St Johns Hospital","routeno":"342-H STJN-GGSK","distance_on_station":9.346,"centerlat":12.91392,"centerlong":77.67761,"responsecode":200,"isnotify":0,"vehicleDetails":[{"vehicleid":19717,"vehiclenumber":"KA57F2122","servicetypeid":72,"servicetype":"Non AC/Ordinary","centerlat":12.895197,"centerlong":77.704544,"eta":"","sch_arrivaltime":"08:57","sch_departuretime":"08:57","actual_arrivaltime":"","actual_departuretime":"","sch_tripstarttime":"08:45","sch_tripendtime":"08:45","lastlocationid":0,"currentlocationid":23914,"nextlocationid":0,"currentstop":null,"nextstop":null,"laststop":null,"stopCoveredStatus":0,"heading":195,"lastrefreshon":"28-07-2024 20:07:05","lastreceiveddatetimeflag":1,"tripposition":3}]},{"routeid":13022,"stationid":23918,"stationname":"Bellanduru Gate SJP Road","from":"Genius Global School Kodathi","to":"St Johns Hospital","routeno":"342-H STJN-GGSK","distance_on_station":10.676,"centerlat":12.91864,"centerlong":77.66931,"responsecode":200,"isnotify":0,"vehicleDetails":[{"vehicleid":19717,"vehiclenumber":"KA57F2122","servicetypeid":72,"servicetype":"Non AC/Ordinary","centerlat":12.895197,"centerlong":77.704544,"eta":"","sch_arrivaltime":"08:59","sch_departuretime":"08:59","actual_arrivaltime":"","actual_departuretime":"","sch_tripstarttime":"08:45","sch_tripendtime":"08:45","lastlocationid":0,"currentlocationid":23914,"nextlocationid":0,"currentstop":null,"nextstop":null,"laststop":null,"stopCoveredStatus":0,"heading":195,"lastrefreshon":"28-07-2024 20:07:05","lastreceiveddatetimeflag":1,"tripposition":3}]},{"routeid":13022,"stationid":35771,"stationname":"Ibbaluru","from":"Genius Global School Kodathi","to":"St Johns Hospital","routeno":"342-H STJN-GGSK","distance_on_station":11.747,"centerlat":12.92135,"centerlong":77.66195,"responsecode":200,"isnotify":0,"vehicleDetails":[{"vehicleid":19717,"vehiclenumber":"KA57F2122","servicetypeid":72,"servicetype":"Non AC/Ordinary","centerlat":12.895197,"centerlong":77.704544,"eta":"","sch_arrivaltime":"09:01","sch_departuretime":"09:01","actual_arrivaltime":"","actual_departuretime":"","sch_tripstarttime":"08:45","sch_tripendtime":"08:45","lastlocationid":0,"currentlocationid":23914,"nextlocationid":0,"currentstop":null,"nextstop":null,"laststop":null,"stopCoveredStatus":0,"heading":195,"lastrefreshon":"28-07-2024 20:07:05","lastreceiveddatetimeflag":1,"tripposition":3}]},{"routeid":13022,"stationid":24000,"stationname":"Agara Junction","from":"Genius Global School Kodathi","to":"St Johns Hospital","routeno":"342-H STJN-GGSK","distance_on_station":13.496,"centerlat":12.92464,"centerlong":77.64937,"responsecode":200,"isnotify":0,"vehicleDetails":[{"vehicleid":19717,"vehiclenumber":"KA57F2122","servicetypeid":72,"servicetype":"Non AC/Ordinary","centerlat":12.895197,"centerlong":77.704544,"eta":"","sch_arrivaltime":"09:03","sch_departuretime":"09:03","actual_arrivaltime":"","actual_departuretime":"","sch_tripstarttime":"08:45","sch_tripendtime":"08:45","lastlocationid":0,"currentlocationid":23914,"nextlocationid":0,"currentstop":null,"nextstop":null,"laststop":null,"stopCoveredStatus":0,"heading":195,"lastrefreshon":"28-07-2024 20:07:05","lastreceiveddatetimeflag":1,"tripposition":3}]},{"routeid":13022,"stationid":23920,"stationname":"Jakkasandra","from":"Genius Global School Kodathi","to":"St Johns Hospital","routeno":"342-H STJN-GGSK","distance_on_station":15.06,"centerlat":12.92454,"centerlong":77.63826,"responsecode":200,"isnotify":0,"vehicleDetails":[{"vehicleid":19717,"vehiclenumber":"KA57F2122","servicetypeid":72,"servicetype":"Non AC/Ordinary","centerlat":12.895197,"centerlong":77.704544,"eta":"","sch_arrivaltime":"09:05","sch_departuretime":"09:05","actual_arrivaltime":"","actual_departuretime":"","sch_tripstarttime":"08:45","sch_tripendtime":"08:45","lastlocationid":0,"currentlocationid":23914,"nextlocationid":0,"currentstop":null,"nextstop":null,"laststop":null,"stopCoveredStatus":0,"heading":195,"lastrefreshon":"28-07-2024 20:07:05","lastreceiveddatetimeflag":1,"tripposition":3}]},{"routeid":13022,"stationid":22892,"stationname":"Koramangala 1st Block","from":"Genius Global School Kodathi","to":"St Johns Hospital","routeno":"342-H STJN-GGSK","distance_on_station":15.565,"centerlat":12.9249,"centerlong":77.63458,"responsecode":200,"isnotify":0,"vehicleDetails":[{"vehicleid":19717,"vehiclenumber":"KA57F2122","servicetypeid":72,"servicetype":"Non AC/Ordinary","centerlat":12.895197,"centerlong":77.704544,"eta":"","sch_arrivaltime":"09:06","sch_departuretime":"09:06","actual_arrivaltime":"","actual_departuretime":"","sch_tripstarttime":"08:45","sch_tripendtime":"08:45","lastlocationid":0,"currentlocationid":23914,"nextlocationid":0,"currentstop":null,"nextstop":null,"laststop":null,"stopCoveredStatus":0,"heading":195,"lastrefreshon":"28-07-2024 20:07:05","lastreceiveddatetimeflag":1,"tripposition":3}]},{"routeid":13022,"stationid":23921,"stationname":"St francis College","from":"Genius Global School Kodathi","to":"St Johns Hospital","routeno":"342-H STJN-GGSK","distance_on_station":16.02,"centerlat":12.92432,"centerlong":77.63124,"responsecode":200,"isnotify":0,"vehicleDetails":[{"vehicleid":19717,"vehiclenumber":"KA57F2122","servicetypeid":72,"servicetype":"Non AC/Ordinary","centerlat":12.895197,"centerlong":77.704544,"eta":"","sch_arrivaltime":"09:07","sch_departuretime":"09:07","actual_arrivaltime":"","actual_departuretime":"","sch_tripstarttime":"08:45","sch_tripendtime":"08:45","lastlocationid":0,"currentlocationid":23914,"nextlocationid":0,"currentstop":null,"nextstop":null,"laststop":null,"stopCoveredStatus":0,"heading":195,"lastrefreshon":"28-07-2024 20:07:05","lastreceiveddatetimeflag":1,"tripposition":3}]},{"routeid":13022,"stationid":23333,"stationname":"Kudure Mukha Colony","from":"Genius Global School Kodathi","to":"St Johns Hospital","routeno":"342-H STJN-GGSK","distance_on_station":16.809,"centerlat":12.92553,"centerlong":77.62563,"responsecode":200,"isnotify":0,"vehicleDetails":[{"vehicleid":19717,"vehiclenumber":"KA57F2122","servicetypeid":72,"servicetype":"Non AC/Ordinary","centerlat":12.895197,"centerlong":77.704544,"eta":"","sch_arrivaltime":"09:08","sch_departuretime":"09:08","actual_arrivaltime":"","actual_departuretime":"","sch_tripstarttime":"08:45","sch_tripendtime":"08:45","lastlocationid":0,"currentlocationid":23914,"nextlocationid":0,"currentstop":null,"nextstop":null,"laststop":null,"stopCoveredStatus":0,"heading":195,"lastrefreshon":"28-07-2024 20:07:05","lastreceiveddatetimeflag":1,"tripposition":3}]},{"routeid":13022,"stationid":23383,"stationname":"Koramangala Water Tank","from":"Genius Global School Kodathi","to":"St Johns Hospital","routeno":"342-H STJN-GGSK","distance_on_station":17.51,"centerlat":12.92753,"centerlong":77.62075,"responsecode":200,"isnotify":0,"vehicleDetails":[{"vehicleid":19717,"vehiclenumber":"KA57F2122","servicetypeid":72,"servicetype":"Non AC/Ordinary","centerlat":12.895197,"centerlong":77.704544,"eta":"","sch_arrivaltime":"09:09","sch_departuretime":"09:09","actual_arrivaltime":"","actual_departuretime":"","sch_tripstarttime":"08:45","sch_tripendtime":"08:45","lastlocationid":0,"currentlocationid":23914,"nextlocationid":0,"currentstop":null,"nextstop":null,"laststop":null,"stopCoveredStatus":0,"heading":195,"lastrefreshon":"28-07-2024 20:07:05","lastreceiveddatetimeflag":1,"tripposition":3}]},{"routeid":13022,"stationid":35369,"stationname":"St Johns Hospital","from":"Genius Global School Kodathi","to":"St Johns Hospital","routeno":"342-H STJN-GGSK","distance_on_station":18.2,"centerlat":12.92933,"centerlong":77.61594,"responsecode":200,"isnotify":0,"vehicleDetails":[{"vehicleid":19717,"vehiclenumber":"KA57F2122","servicetypeid":72,"servicetype":"Non AC/Ordinary","centerlat":12.895197,"centerlong":77.704544,"eta":"","sch_arrivaltime":"09:10","sch_departuretime":"09:10","actual_arrivaltime":"","actual_departuretime":"","sch_tripstarttime":"08:45","sch_tripendtime":"08:45","lastlocationid":0,"currentlocationid":23914,"nextlocationid":0,"currentstop":null,"nextstop":null,"laststop":null,"stopCoveredStatus":0,"heading":195,"lastrefreshon":"28-07-2024 20:07:05","lastreceiveddatetimeflag":1,"tripposition":1}]}],"mapData":[{"vehicleid":19717,"vehiclenumber":"KA57F2122","servicetypeid":72,"servicetype":"Non AC/Ordinary","centerlat":12.895197,"centerlong":77.704544,"eta":"","sch_arrivaltime":"09:10","sch_departuretime":"09:10","actual_arrivaltime":"","actual_departuretime":"","sch_tripstarttime":"08:45","sch_tripendtime":"08:45","lastlocationid":0,"currentlocationid":23914,"nextlocationid":0,"currentstop":null,"nextstop":null,"laststop":null,"stopCoveredStatus":0,"heading":195,"lastrefreshon":"28-07-2024 20:07:05","lastreceiveddatetimeflag":1,"tripposition":1}]},"message":"Success","issuccess":true,"exception":null,"rowCount":0,"responsecode":200}