{"up":{"data":[{"routeid":3827,"stationid":27263,"stationname":"Vidhana Soudha","from":"Vidhana Soudha","to":"Kempegowda Swimming Pool","routeno":"35 VSD-KMT-KSGP","distance_on_station":0,"centerlat":12.98104,"centerlong":77.58853,"responsecode":200,"isnotify":0,"vehicleDetails":[{"vehicleid":22648,"vehiclenumber":"KA57F1441","servicetypeid":72,"servicetype":"Non AC/Ordinary","centerlat":12.918591,"centerlong":77.57,"eta":"","sch_arrivaltime":"17:45","sch_departuretime":"17:45","actual_arrivaltime":"","actual_departuretime":"","sch_tripstarttime":"17:45","sch_tripendtime":"17:45","lastlocationid":0,"currentlocationid":23745,"nextlocationid":0,"currentstop":null,"nextstop":null,"laststop":null,"stopCoveredStatus":1,"heading":0,"lastrefreshon":"06-11-2024 21:29:17","lastreceiveddatetimeflag":0,"tripposition":3}]},{"routeid":3827,"stationid":20981,"stationname":"Maharani College","from":"Vidhana Soudha","to":"Kempegowda Swimming Pool","routeno":"35 VSD-KMT-KSGP","distance_on_station":1.009,"centerlat":12.97703,"centerlong":77.5858,"responsecode":200,"isnotify":0,"vehicleDetails":[{"vehicleid":22648,"vehiclenumber":"KA57F1441","servicetypeid":72,"servicetype":"Non AC/Ordinary","centerlat":12.918591,"centerlong":77.57,"eta":"","sch_arrivaltime":"17:47","sch_departuretime":"17:47","actual_arrivaltime":"17:16","actual_departuretime":"17:16","sch_tripstarttime":"17:45","sch_tripendtime":"17:45","lastlocationid":0,"currentlocationid":23745,"nextlocationid":0,"currentstop":null,"nextstop":null,"laststop":null,"stopCoveredStatus":1,"heading":0,"lastrefreshon":"06-11-2024 21:29:17","lastreceiveddatetimeflag":0,"tripposition":3}]},{"routeid":3827,"stationid":20939,"stationname":"KR Circle","from":"Vidhana Soudha","to":"Kempegowda Swimming Pool","routeno":"35 VSD-KMT-KSGP","distance_on_station":1.485,"centerlat":12.97386,"centerlong":77.58661,"responsecode":200,"isnotify":0,"vehicleDetails":[{"vehicleid":22648,"vehiclenumber":"KA57F1441","servicetypeid":72,"servicetype":"Non AC/Ordinary","centerlat":12.918591,"centerlong":77.57,"eta":"","sch_arrivaltime":"17:48","sch_departuretime":"17:48","actual_arrivaltime":"17:32","actual_departuretime":"17:33","sch_tripstarttime":"17:45","sch_tripendtime":"17:45","lastlocationid":0,"currentlocationid":23745,"nextlocationid":0,"currentstop":null,"nextstop":null,"laststop":null,"stopCoveredStatus":1,"heading":0,"lastrefreshon":"06-11-2024 21:29:17","lastreceiveddatetimeflag":0,"tripposition":3}]},{"routeid":3827,"stationid":20727,"stationname":"Corporation","from":"Vidhana Soudha","to":"Kempegowda Swimming Pool","routeno":"35 VSD-KMT-KSGP","distance_on_station":2.54,"centerlat":12.96701,"centerlong":77.58822,"responsecode":200,"isnotify":0,"vehicleDetails":[{"vehicleid":22648,"vehiclenumber":"KA57F1441","servicetypeid":72,"servicetype":"Non AC/Ordinary","centerlat":12.918591,"centerlong":77.57,"eta":"","sch_arrivaltime":"17:51","sch_departuretime":"17:51","actual_arrivaltime":"17:36","actual_departuretime":"17:37","sch_tripstarttime":"17:45","sch_tripendtime":"17:45","lastlocationid":0,"currentlocationid":23745,"nextlocationid":0,"currentstop":null,"nextstop":null,"laststop":null,"stopCoveredStatus":1,"heading":0,"lastrefreshon":"06-11-2024 21:29:17","lastreceiveddatetimeflag":0,"tripposition":3}]},{"routeid":3827,"stationid":21232,"stationname":"Town Hall","from":"Vidhana Soudha","to":"Kempegowda Swimming Pool","routeno":"35 VSD-KMT-KSGP","distance_on_station":3.259,"centerlat":12.96355,"centerlong":77.58375,"responsecode":200,"isnotify":0,"vehicleDetails":[{"vehicleid":22648,"vehiclenumber":"KA57F1441","servicetypeid":72,"servicetype":"Non AC/Ordinary","centerlat":12.918591,"centerlong":77.57,"eta":"","sch_arrivaltime":"17:53","sch_departuretime":"17:53","actual_arrivaltime":"17:43","actual_departuretime":"17:43","sch_tripstarttime":"17:45","sch_tripendtime":"17:45","lastlocationid":0,"currentlocationid":23745,"nextlocationid":0,"currentstop":null,"nextstop":null,"laststop":null,"stopCoveredStatus":1,"heading":0,"lastrefreshon":"06-11-2024 21:29:17","lastreceiveddatetimeflag":0,"tripposition":3}]},{"routeid":3827,"stationid":20941,"stationname":"KR Market","from":"Vidhana Soudha","to":"Kempegowda Swimming Pool","routeno":"35 VSD-KMT-KSGP","distance_on_station":4.117,"centerlat":12.96368,"centerlong":77.57742,"responsecode":200,"isnotify":0,"vehicleDetails":[{"vehicleid":22648,"vehiclenumber":"KA57F1441","servicetypeid":72,"servicetype":"Non AC/Ordinary","centerlat":12.918591,"centerlong":77.57,"eta":"","sch_arrivaltime":"17:54","sch_departuretime":"17:54","actual_arrivaltime":"17:45","actual_departuretime":"17:46","sch_tripstarttime":"17:45","sch_tripendtime":"17:45","lastlocationid":0,"currentlocationid":23745,"nextlocationid":0,"currentstop":null,"nextstop":null,"laststop":null,"stopCoveredStatus":1,"heading":0,"lastrefreshon":"06-11-2024 21:29:17","lastreceiveddatetimeflag":0,"tripposition":3}]},{"routeid":3827,"stationid":21718,"stationname":"Basappa Circle","from":"Vidhana Soudha","to":"Kempegowda Swimming Pool","routeno":"35 VSD-KMT-KSGP","distance_on_station":5.103,"centerlat":12.95624,"centerlong":77.57721,"responsecode":200,"isnotify":0,"vehicleDetails":[{"vehicleid":22648,"vehiclenumber":"KA57F1441","servicetypeid":72,"servicetype":"Non AC/Ordinary","centerlat":12.918591,"centerlong":77.57,"eta":"","sch_arrivaltime":"18:00","sch_departuretime":"18:00","actual_arrivaltime":"17:49","actual_departuretime":"17:49","sch_tripstarttime":"17:45","sch_tripendtime":"17:45","lastlocationid":0,"currentlocationid":23745,"nextlocationid":0,"currentstop":null,"nextstop":null,"laststop":null,"stopCoveredStatus":1,"heading":0,"lastrefreshon":"06-11-2024 21:29:17","lastreceiveddatetimeflag":0,"tripposition":3}]},{"routeid":3827,"stationid":22243,"stationname":"Makkala Koota","from":"Vidhana Soudha","to":"Kempegowda Swimming Pool","routeno":"35 VSD-KMT-KSGP","distance_on_station":5.648,"centerlat":12.9572,"centerlong":77.57311,"responsecode":200,"isnotify":0,"vehicleDetails":[{"vehicleid":22648,"vehiclenumber":"KA57F1441","servicetypeid":72,"servicetype":"Non AC/Ordinary","centerlat":12.918591,"centerlong":77.57,"eta":"","sch_arrivaltime":"18:01","sch_departuretime":"18:01","actual_arrivaltime":"17:52","actual_departuretime":"17:53","sch_tripstarttime":"17:45","sch_tripendtime":"17:45","lastlocationid":0,"currentlocationid":23745,"nextlocationid":0,"currentstop":null,"nextstop":null,"laststop":null,"stopCoveredStatus":1,"heading":0,"lastrefreshon":"06-11-2024 21:29:17","lastreceiveddatetimeflag":0,"tripposition":3}]},{"routeid":3827,"stationid":21812,"stationname":"Chamarajapet","from":"Vidhana Soudha","to":"Kempegowda Swimming Pool","routeno":"35 VSD-KMT-KSGP","distance_on_station":6.483,"centerlat":12.95627,"centerlong":77.56744,"responsecode":200,"isnotify":0,"vehicleDetails":[{"vehicleid":22648,"vehiclenumber":"KA57F1441","servicetypeid":72,"servicetype":"Non AC/Ordinary","centerlat":12.918591,"centerlong":77.57,"eta":"","sch_arrivaltime":"18:05","sch_departuretime":"18:05","actual_arrivaltime":"17:57","actual_departuretime":"17:57","sch_tripstarttime":"17:45","sch_tripendtime":"17:45","lastlocationid":0,"currentlocationid":23745,"nextlocationid":0,"currentstop":null,"nextstop":null,"laststop":null,"stopCoveredStatus":1,"heading":0,"lastrefreshon":"06-11-2024 21:29:17","lastreceiveddatetimeflag":0,"tripposition":3}]},{"routeid":3827,"stationid":23745,"stationname":"Gavi Gangadareshwara Temple","from":"Vidhana Soudha","to":"Kempegowda Swimming Pool","routeno":"35 VSD-KMT-KSGP","distance_on_station":7.759,"centerlat":12.94898,"centerlong":77.5625,"responsecode":200,"isnotify":0,"vehicleDetails":[{"vehicleid":22648,"vehiclenumber":"KA57F1441","servicetypeid":72,"servicetype":"Non AC/Ordinary","centerlat":12.918591,"centerlong":77.57,"eta":"","sch_arrivaltime":"18:09","sch_departuretime":"18:09","actual_arrivaltime":"18:04","actual_departuretime":"18:04","sch_tripstarttime":"17:45","sch_tripendtime":"17:45","lastlocationid":0,"currentlocationid":23745,"nextlocationid":0,"currentstop":null,"nextstop":null,"laststop":null,"stopCoveredStatus":1,"heading":0,"lastrefreshon":"06-11-2024 21:29:17","lastreceiveddatetimeflag":0,"tripposition":3}]},{"routeid":3827,"stationid":23746,"stationname":"Kempegowda Swimming Pool","from":"Vidhana Soudha","to":"Kempegowda Swimming Pool","routeno":"35 VSD-KMT-KSGP","distance_on_station":8.2,"centerlat":12.94823,"centerlong":77.55926,"responsecode":200,"isnotify":0,"vehicleDetails":[{"vehicleid":22648,"vehiclenumber":"KA57F1441","servicetypeid":72,"servicetype":"Non AC/Ordinary","centerlat":12.918591,"centerlong":77.57,"eta":"","sch_arrivaltime":"18:10","sch_departuretime":"18:10","actual_arrivaltime":"18:05","actual_departuretime":"","sch_tripstarttime":"17:45","sch_tripendtime":"17:45","lastlocationid":0,"currentlocationid":23745,"nextlocationid":0,"currentstop":null,"nextstop":null,"laststop":null,"stopCoveredStatus":1,"heading":0,"lastrefreshon":"06-11-2024 21:29:17","lastreceiveddatetimeflag":0,"tripposition":3}]}],"mapData":[{"vehicleid":22648,"vehiclenumber":"KA57F1441","servicetypeid":72,"servicetype":"Non AC/Ordinary","centerlat":12.918591,"centerlong":77.57,"eta":"","sch_arrivaltime":"18:10","sch_departuretime":"18:10","actual_arrivaltime":"18:05","actual_departuretime":"","sch_tripstarttime":"17:45","sch_tripendtime":"17:45","lastlocationid":0,"currentlocationid":23745,"nextlocationid":0,"currentstop":null,"nextstop":null,"laststop":null,"stopCoveredStatus":1,"heading":0,"lastrefreshon":"06-11-2024 21:29:17","lastreceiveddatetimeflag":0,"tripposition":3}]},"down":{"data":[],"mapData":[]},"message":"Success","issuccess":true,"exception":null,"rowCount":0,"responsecode":200}