{"up":{"data":[{"routeid":9963,"stationid":35916,"stationname":"Chandapura","from":"Chandapura","to":"Anekal","routeno":"356-Z","distance_on_station":0,"centerlat":12.80181,"centerlong":77.70512,"responsecode":200,"isnotify":0,"vehicleDetails":[{"vehicleid":26246,"vehiclenumber":"KA51AH4800","servicetypeid":72,"servicetype":"Non AC/Ordinary","centerlat":13.070332,"centerlong":77.784954,"eta":"","sch_arrivaltime":"12:35","sch_departuretime":"12:35","actual_arrivaltime":"","actual_departuretime":"","sch_tripstarttime":"12:35","sch_tripendtime":"12:35","lastlocationid":0,"currentlocationid":35916,"nextlocationid":0,"currentstop":null,"nextstop":null,"laststop":null,"stopCoveredStatus":0,"heading":136,"lastrefreshon":"06-08-2024 03:03:11","lastreceiveddatetimeflag":0,"tripposition":1}]},{"routeid":9963,"stationid":23834,"stationname":"Chandapura KEB","from":"Chandapura","to":"Anekal","routeno":"356-Z","distance_on_station":0.543,"centerlat":12.79869,"centerlong":77.70605,"responsecode":200,"isnotify":0,"vehicleDetails":[{"vehicleid":26246,"vehiclenumber":"KA51AH4800","servicetypeid":72,"servicetype":"Non AC/Ordinary","centerlat":13.070332,"centerlong":77.784954,"eta":"","sch_arrivaltime":"12:36","sch_departuretime":"12:36","actual_arrivaltime":"","actual_departuretime":"","sch_tripstarttime":"12:35","sch_tripendtime":"12:35","lastlocationid":0,"currentlocationid":35916,"nextlocationid":0,"currentstop":null,"nextstop":null,"laststop":null,"stopCoveredStatus":0,"heading":136,"lastrefreshon":"06-08-2024 03:03:11","lastreceiveddatetimeflag":0,"tripposition":3}]},{"routeid":9963,"stationid":35227,"stationname":"Suryacity Gate","from":"Chandapura","to":"Anekal","routeno":"356-Z","distance_on_station":1.568,"centerlat":12.79268,"centerlong":77.70616,"responsecode":200,"isnotify":0,"vehicleDetails":[{"vehicleid":26246,"vehiclenumber":"KA51AH4800","servicetypeid":72,"servicetype":"Non AC/Ordinary","centerlat":13.070332,"centerlong":77.784954,"eta":"","sch_arrivaltime":"12:38","sch_departuretime":"12:38","actual_arrivaltime":"","actual_departuretime":"","sch_tripstarttime":"12:35","sch_tripendtime":"12:35","lastlocationid":0,"currentlocationid":35916,"nextlocationid":0,"currentstop":null,"nextstop":null,"laststop":null,"stopCoveredStatus":0,"heading":136,"lastrefreshon":"06-08-2024 03:03:11","lastreceiveddatetimeflag":0,"tripposition":3}]},{"routeid":9963,"stationid":23833,"stationname":"Surya Nagara","from":"Chandapura","to":"Anekal","routeno":"356-Z","distance_on_station":1.9,"centerlat":12.79081,"centerlong":77.70578,"responsecode":200,"isnotify":0,"vehicleDetails":[{"vehicleid":26246,"vehiclenumber":"KA51AH4800","servicetypeid":72,"servicetype":"Non AC/Ordinary","centerlat":13.070332,"centerlong":77.784954,"eta":"","sch_arrivaltime":"12:39","sch_departuretime":"12:39","actual_arrivaltime":"","actual_departuretime":"","sch_tripstarttime":"12:35","sch_tripendtime":"12:35","lastlocationid":0,"currentlocationid":35916,"nextlocationid":0,"currentstop":null,"nextstop":null,"laststop":null,"stopCoveredStatus":0,"heading":136,"lastrefreshon":"06-08-2024 03:03:11","lastreceiveddatetimeflag":0,"tripposition":1}]}],"mapData":[{"vehicleid":26246,"vehiclenumber":"KA51AH4800","servicetypeid":72,"servicetype":"Non AC/Ordinary","centerlat":13.070332,"centerlong":77.784954,"eta":"","sch_arrivaltime":"12:39","sch_departuretime":"12:39","actual_arrivaltime":"","actual_departuretime":"","sch_tripstarttime":"12:35","sch_tripendtime":"12:35","lastlocationid":0,"currentlocationid":35916,"nextlocationid":0,"currentstop":null,"nextstop":null,"laststop":null,"stopCoveredStatus":0,"heading":136,"lastrefreshon":"06-08-2024 03:03:11","lastreceiveddatetimeflag":0,"tripposition":1}]},"down":{"data":[],"mapData":[]},"message":"Success","issuccess":true,"exception":null,"rowCount":0,"responsecode":200}