{"up":{"data":[],"mapData":[]},"down":{"data":[{"routeid":14096,"stationid":35100,"stationname":"Koramangala Bus Station","from":"Attibele Bus Stand","to":"ARMY Public School ASC Center","routeno":"360-K ARMYASC-ATB","distance_on_station":0,"centerlat":12.9405,"centerlong":77.62479,"responsecode":200,"isnotify":0,"vehicleDetails":[{"vehicleid":22586,"vehiclenumber":"KA57F0273","servicetypeid":72,"servicetype":"Non AC/Ordinary","centerlat":12.942429,"centerlong":77.622726,"eta":"","sch_arrivaltime":"14:42","sch_departuretime":"14:42","actual_arrivaltime":"","actual_departuretime":"","sch_tripstarttime":"14:00","sch_tripendtime":"14:00","lastlocationid":0,"currentlocationid":23946,"nextlocationid":0,"currentstop":null,"nextstop":null,"laststop":null,"stopCoveredStatus":0,"heading":39,"lastrefreshon":"06-11-2024 21:28:01","lastreceiveddatetimeflag":0,"tripposition":3}]},{"routeid":14096,"stationid":23946,"stationname":"Indoor Stadium","from":"Attibele Bus Stand","to":"ARMY Public School ASC Center","routeno":"360-K ARMYASC-ATB","distance_on_station":0.411,"centerlat":12.94272,"centerlong":77.62248,"responsecode":200,"isnotify":0,"vehicleDetails":[{"vehicleid":22586,"vehiclenumber":"KA57F0273","servicetypeid":72,"servicetype":"Non AC/Ordinary","centerlat":12.942429,"centerlong":77.622726,"eta":"","sch_arrivaltime":"14:43","sch_departuretime":"14:43","actual_arrivaltime":"","actual_departuretime":"","sch_tripstarttime":"14:00","sch_tripendtime":"14:00","lastlocationid":0,"currentlocationid":23946,"nextlocationid":0,"currentstop":null,"nextstop":null,"laststop":null,"stopCoveredStatus":0,"heading":39,"lastrefreshon":"06-11-2024 21:28:01","lastreceiveddatetimeflag":0,"tripposition":3}]},{"routeid":14096,"stationid":23947,"stationname":"Passport Office Koramangala","from":"Attibele Bus Stand","to":"ARMY Public School ASC Center","routeno":"360-K ARMYASC-ATB","distance_on_station":1.032,"centerlat":12.94573,"centerlong":77.61871,"responsecode":200,"isnotify":0,"vehicleDetails":[{"vehicleid":22586,"vehiclenumber":"KA57F0273","servicetypeid":72,"servicetype":"Non AC/Ordinary","centerlat":12.942429,"centerlong":77.622726,"eta":"","sch_arrivaltime":"14:44","sch_departuretime":"14:44","actual_arrivaltime":"","actual_departuretime":"","sch_tripstarttime":"14:00","sch_tripendtime":"14:00","lastlocationid":0,"currentlocationid":23946,"nextlocationid":0,"currentstop":null,"nextstop":null,"laststop":null,"stopCoveredStatus":0,"heading":39,"lastrefreshon":"06-11-2024 21:28:01","lastreceiveddatetimeflag":0,"tripposition":3}]},{"routeid":14096,"stationid":23948,"stationname":"National Games Village Gate","from":"Attibele Bus Stand","to":"ARMY Public School ASC Center","routeno":"360-K ARMYASC-ATB","distance_on_station":1.455,"centerlat":12.94868,"centerlong":77.61997,"responsecode":200,"isnotify":0,"vehicleDetails":[{"vehicleid":22586,"vehiclenumber":"KA57F0273","servicetypeid":72,"servicetype":"Non AC/Ordinary","centerlat":12.942429,"centerlong":77.622726,"eta":"","sch_arrivaltime":"14:45","sch_departuretime":"14:45","actual_arrivaltime":"","actual_departuretime":"","sch_tripstarttime":"14:00","sch_tripendtime":"14:00","lastlocationid":0,"currentlocationid":23946,"nextlocationid":0,"currentstop":null,"nextstop":null,"laststop":null,"stopCoveredStatus":0,"heading":39,"lastrefreshon":"06-11-2024 21:28:01","lastreceiveddatetimeflag":0,"tripposition":3}]},{"routeid":14096,"stationid":34400,"stationname":"Ravi Tent","from":"Attibele Bus Stand","to":"ARMY Public School ASC Center","routeno":"360-K ARMYASC-ATB","distance_on_station":1.889,"centerlat":12.95166,"centerlong":77.62138,"responsecode":200,"isnotify":0,"vehicleDetails":[{"vehicleid":22586,"vehiclenumber":"KA57F0273","servicetypeid":72,"servicetype":"Non AC/Ordinary","centerlat":12.942429,"centerlong":77.622726,"eta":"","sch_arrivaltime":"14:46","sch_departuretime":"14:46","actual_arrivaltime":"","actual_departuretime":"","sch_tripstarttime":"14:00","sch_tripendtime":"14:00","lastlocationid":0,"currentlocationid":23946,"nextlocationid":0,"currentstop":null,"nextstop":null,"laststop":null,"stopCoveredStatus":0,"heading":39,"lastrefreshon":"06-11-2024 21:28:01","lastreceiveddatetimeflag":0,"tripposition":3}]},{"routeid":14096,"stationid":23950,"stationname":"Vivek Nagara Cross","from":"Attibele Bus Stand","to":"ARMY Public School ASC Center","routeno":"360-K ARMYASC-ATB","distance_on_station":2.37,"centerlat":12.95457,"centerlong":77.62069,"responsecode":200,"isnotify":0,"vehicleDetails":[{"vehicleid":22586,"vehiclenumber":"KA57F0273","servicetypeid":72,"servicetype":"Non AC/Ordinary","centerlat":12.942429,"centerlong":77.622726,"eta":"","sch_arrivaltime":"14:47","sch_departuretime":"14:47","actual_arrivaltime":"","actual_departuretime":"","sch_tripstarttime":"14:00","sch_tripendtime":"14:00","lastlocationid":0,"currentlocationid":23946,"nextlocationid":0,"currentstop":null,"nextstop":null,"laststop":null,"stopCoveredStatus":0,"heading":39,"lastrefreshon":"06-11-2024 21:28:01","lastreceiveddatetimeflag":0,"tripposition":3}]},{"routeid":14096,"stationid":23951,"stationname":"Vannarapet","from":"Attibele Bus Stand","to":"ARMY Public School ASC Center","routeno":"360-K ARMYASC-ATB","distance_on_station":2.592,"centerlat":12.95625,"centerlong":77.62095,"responsecode":200,"isnotify":0,"vehicleDetails":[{"vehicleid":22586,"vehiclenumber":"KA57F0273","servicetypeid":72,"servicetype":"Non AC/Ordinary","centerlat":12.942429,"centerlong":77.622726,"eta":"","sch_arrivaltime":"14:48","sch_departuretime":"14:48","actual_arrivaltime":"","actual_departuretime":"","sch_tripstarttime":"14:00","sch_tripendtime":"14:00","lastlocationid":0,"currentlocationid":23946,"nextlocationid":0,"currentstop":null,"nextstop":null,"laststop":null,"stopCoveredStatus":0,"heading":39,"lastrefreshon":"06-11-2024 21:28:01","lastreceiveddatetimeflag":0,"tripposition":3}]},{"routeid":14096,"stationid":23190,"stationname":"ASC Centre","from":"Attibele Bus Stand","to":"ARMY Public School ASC Center","routeno":"360-K ARMYASC-ATB","distance_on_station":3.437,"centerlat":12.96224,"centerlong":77.61901,"responsecode":200,"isnotify":0,"vehicleDetails":[{"vehicleid":22586,"vehiclenumber":"KA57F0273","servicetypeid":72,"servicetype":"Non AC/Ordinary","centerlat":12.942429,"centerlong":77.622726,"eta":"","sch_arrivaltime":"14:49","sch_departuretime":"14:49","actual_arrivaltime":"","actual_departuretime":"","sch_tripstarttime":"14:00","sch_tripendtime":"14:00","lastlocationid":0,"currentlocationid":23946,"nextlocationid":0,"currentstop":null,"nextstop":null,"laststop":null,"stopCoveredStatus":0,"heading":39,"lastrefreshon":"06-11-2024 21:28:01","lastreceiveddatetimeflag":0,"tripposition":3}]},{"routeid":14096,"stationid":38947,"stationname":"ARMY Public School ASC Center","from":"Attibele Bus Stand","to":"ARMY Public School ASC Center","routeno":"360-K ARMYASC-ATB","distance_on_station":4,"centerlat":12.96467,"centerlong":77.61808,"responsecode":200,"isnotify":0,"vehicleDetails":[{"vehicleid":22586,"vehiclenumber":"KA57F0273","servicetypeid":72,"servicetype":"Non AC/Ordinary","centerlat":12.942429,"centerlong":77.622726,"eta":"","sch_arrivaltime":"14:50","sch_departuretime":"14:50","actual_arrivaltime":"","actual_departuretime":"","sch_tripstarttime":"14:00","sch_tripendtime":"14:00","lastlocationid":0,"currentlocationid":23946,"nextlocationid":0,"currentstop":null,"nextstop":null,"laststop":null,"stopCoveredStatus":0,"heading":39,"lastrefreshon":"06-11-2024 21:28:01","lastreceiveddatetimeflag":0,"tripposition":3}]}],"mapData":[{"vehicleid":22586,"vehiclenumber":"KA57F0273","servicetypeid":72,"servicetype":"Non AC/Ordinary","centerlat":12.942429,"centerlong":77.622726,"eta":"","sch_arrivaltime":"14:50","sch_departuretime":"14:50","actual_arrivaltime":"","actual_departuretime":"","sch_tripstarttime":"14:00","sch_tripendtime":"14:00","lastlocationid":0,"currentlocationid":23946,"nextlocationid":0,"currentstop":null,"nextstop":null,"laststop":null,"stopCoveredStatus":0,"heading":39,"lastrefreshon":"06-11-2024 21:28:01","lastreceiveddatetimeflag":0,"tripposition":3}]},"message":"Success","issuccess":true,"exception":null,"rowCount":0,"responsecode":200}