{"up":{"data":[{"routeid":7055,"stationid":23691,"stationname":"Jayanagara 4th Block","from":"KR Market (Kalasipalya)","to":"Hulimavu","routeno":"369","distance_on_station":0,"centerlat":12.92915,"centerlong":77.58602,"responsecode":200,"isnotify":0,"vehicleDetails":[{"vehicleid":22787,"vehiclenumber":"KA57F3024","servicetypeid":72,"servicetype":"Non AC/Ordinary","centerlat":12.876439,"centerlong":77.600021,"eta":"","sch_arrivaltime":"12:09","sch_departuretime":"12:09","actual_arrivaltime":"","actual_departuretime":"","sch_tripstarttime":"11:55","sch_tripendtime":"11:55","lastlocationid":0,"currentlocationid":32994,"nextlocationid":0,"currentstop":null,"nextstop":null,"laststop":null,"stopCoveredStatus":0,"heading":81,"lastrefreshon":"29-07-2024 02:40:45","lastreceiveddatetimeflag":0,"tripposition":1}]},{"routeid":7055,"stationid":35099,"stationname":"Sanjay Gandhi Hospital","from":"KR Market (Kalasipalya)","to":"Hulimavu","routeno":"369","distance_on_station":0.936,"centerlat":12.92707,"centerlong":77.59309,"responsecode":200,"isnotify":0,"vehicleDetails":[{"vehicleid":22787,"vehiclenumber":"KA57F3024","servicetypeid":72,"servicetype":"Non AC/Ordinary","centerlat":12.876439,"centerlong":77.600021,"eta":"","sch_arrivaltime":"12:14","sch_departuretime":"12:14","actual_arrivaltime":"","actual_departuretime":"","sch_tripstarttime":"11:55","sch_tripendtime":"11:55","lastlocationid":0,"currentlocationid":32994,"nextlocationid":0,"currentstop":null,"nextstop":null,"laststop":null,"stopCoveredStatus":0,"heading":81,"lastrefreshon":"29-07-2024 02:40:45","lastreceiveddatetimeflag":0,"tripposition":3}]},{"routeid":7055,"stationid":35199,"stationname":"Carmel Convent Jayanagara","from":"KR Market (Kalasipalya)","to":"Hulimavu","routeno":"369","distance_on_station":1.475,"centerlat":12.92643,"centerlong":77.59724,"responsecode":200,"isnotify":0,"vehicleDetails":[{"vehicleid":22787,"vehiclenumber":"KA57F3024","servicetypeid":72,"servicetype":"Non AC/Ordinary","centerlat":12.876439,"centerlong":77.600021,"eta":"","sch_arrivaltime":"12:15","sch_departuretime":"12:15","actual_arrivaltime":"","actual_departuretime":"","sch_tripstarttime":"11:55","sch_tripendtime":"11:55","lastlocationid":0,"currentlocationid":32994,"nextlocationid":0,"currentstop":null,"nextstop":null,"laststop":null,"stopCoveredStatus":0,"heading":81,"lastrefreshon":"29-07-2024 02:40:45","lastreceiveddatetimeflag":0,"tripposition":3}]},{"routeid":7055,"stationid":23694,"stationname":"Jayanagara Pump House","from":"KR Market (Kalasipalya)","to":"Hulimavu","routeno":"369","distance_on_station":1.993,"centerlat":12.92172,"centerlong":77.5971,"responsecode":200,"isnotify":0,"vehicleDetails":[{"vehicleid":22787,"vehiclenumber":"KA57F3024","servicetypeid":72,"servicetype":"Non AC/Ordinary","centerlat":12.876439,"centerlong":77.600021,"eta":"","sch_arrivaltime":"12:16","sch_departuretime":"12:16","actual_arrivaltime":"","actual_departuretime":"","sch_tripstarttime":"11:55","sch_tripendtime":"11:55","lastlocationid":0,"currentlocationid":32994,"nextlocationid":0,"currentstop":null,"nextstop":null,"laststop":null,"stopCoveredStatus":0,"heading":81,"lastrefreshon":"29-07-2024 02:40:45","lastreceiveddatetimeflag":0,"tripposition":3}]},{"routeid":7055,"stationid":20769,"stationname":"East End Jayanagara","from":"KR Market (Kalasipalya)","to":"Hulimavu","routeno":"369","distance_on_station":2.583,"centerlat":12.91684,"centerlong":77.59739,"responsecode":200,"isnotify":0,"vehicleDetails":[{"vehicleid":22787,"vehiclenumber":"KA57F3024","servicetypeid":72,"servicetype":"Non AC/Ordinary","centerlat":12.876439,"centerlong":77.600021,"eta":"","sch_arrivaltime":"12:17","sch_departuretime":"12:17","actual_arrivaltime":"","actual_departuretime":"","sch_tripstarttime":"11:55","sch_tripendtime":"11:55","lastlocationid":0,"currentlocationid":32994,"nextlocationid":0,"currentstop":null,"nextstop":null,"laststop":null,"stopCoveredStatus":0,"heading":81,"lastrefreshon":"29-07-2024 02:40:45","lastreceiveddatetimeflag":0,"tripposition":3}]},{"routeid":7055,"stationid":23575,"stationname":"MICO Layout Checkpost Gopalan mall","from":"KR Market (Kalasipalya)","to":"Hulimavu","routeno":"369","distance_on_station":3.203,"centerlat":12.91414,"centerlong":77.60001,"responsecode":200,"isnotify":0,"vehicleDetails":[{"vehicleid":22787,"vehiclenumber":"KA57F3024","servicetypeid":72,"servicetype":"Non AC/Ordinary","centerlat":12.876439,"centerlong":77.600021,"eta":"","sch_arrivaltime":"12:18","sch_departuretime":"12:18","actual_arrivaltime":"","actual_departuretime":"","sch_tripstarttime":"11:55","sch_tripendtime":"11:55","lastlocationid":0,"currentlocationid":32994,"nextlocationid":0,"currentstop":null,"nextstop":null,"laststop":null,"stopCoveredStatus":0,"heading":81,"lastrefreshon":"29-07-2024 02:40:45","lastreceiveddatetimeflag":0,"tripposition":3}]},{"routeid":7055,"stationid":35076,"stationname":"JP Nagara 3rd Phase","from":"KR Market (Kalasipalya)","to":"Hulimavu","routeno":"369","distance_on_station":3.895,"centerlat":12.90809,"centerlong":77.60045,"responsecode":200,"isnotify":0,"vehicleDetails":[{"vehicleid":22787,"vehiclenumber":"KA57F3024","servicetypeid":72,"servicetype":"Non AC/Ordinary","centerlat":12.876439,"centerlong":77.600021,"eta":"","sch_arrivaltime":"12:19","sch_departuretime":"12:19","actual_arrivaltime":"","actual_departuretime":"","sch_tripstarttime":"11:55","sch_tripendtime":"11:55","lastlocationid":0,"currentlocationid":32994,"nextlocationid":0,"currentstop":null,"nextstop":null,"laststop":null,"stopCoveredStatus":0,"heading":81,"lastrefreshon":"29-07-2024 02:40:45","lastreceiveddatetimeflag":0,"tripposition":3}]},{"routeid":7055,"stationid":23577,"stationname":"Bilekahalli","from":"KR Market (Kalasipalya)","to":"Hulimavu","routeno":"369","distance_on_station":4.78,"centerlat":12.90079,"centerlong":77.60112,"responsecode":200,"isnotify":0,"vehicleDetails":[{"vehicleid":22787,"vehiclenumber":"KA57F3024","servicetypeid":72,"servicetype":"Non AC/Ordinary","centerlat":12.876439,"centerlong":77.600021,"eta":"","sch_arrivaltime":"12:21","sch_departuretime":"12:21","actual_arrivaltime":"","actual_departuretime":"","sch_tripstarttime":"11:55","sch_tripendtime":"11:55","lastlocationid":0,"currentlocationid":32994,"nextlocationid":0,"currentstop":null,"nextstop":null,"laststop":null,"stopCoveredStatus":0,"heading":81,"lastrefreshon":"29-07-2024 02:40:45","lastreceiveddatetimeflag":0,"tripposition":3}]},{"routeid":7055,"stationid":26015,"stationname":"HSBC","from":"KR Market (Kalasipalya)","to":"Hulimavu","routeno":"369","distance_on_station":5.715,"centerlat":12.89276,"centerlong":77.59902,"responsecode":200,"isnotify":0,"vehicleDetails":[{"vehicleid":22787,"vehiclenumber":"KA57F3024","servicetypeid":72,"servicetype":"Non AC/Ordinary","centerlat":12.876439,"centerlong":77.600021,"eta":"","sch_arrivaltime":"12:23","sch_departuretime":"12:23","actual_arrivaltime":"","actual_departuretime":"","sch_tripstarttime":"11:55","sch_tripendtime":"11:55","lastlocationid":0,"currentlocationid":32994,"nextlocationid":0,"currentstop":null,"nextstop":null,"laststop":null,"stopCoveredStatus":0,"heading":81,"lastrefreshon":"29-07-2024 02:40:45","lastreceiveddatetimeflag":0,"tripposition":3}]},{"routeid":7055,"stationid":23145,"stationname":"Arakere Gate","from":"KR Market (Kalasipalya)","to":"Hulimavu","routeno":"369","distance_on_station":5.98,"centerlat":12.89053,"centerlong":77.59817,"responsecode":200,"isnotify":0,"vehicleDetails":[{"vehicleid":22787,"vehiclenumber":"KA57F3024","servicetypeid":72,"servicetype":"Non AC/Ordinary","centerlat":12.876439,"centerlong":77.600021,"eta":"","sch_arrivaltime":"12:24","sch_departuretime":"12:24","actual_arrivaltime":"","actual_departuretime":"","sch_tripstarttime":"11:55","sch_tripendtime":"11:55","lastlocationid":0,"currentlocationid":32994,"nextlocationid":0,"currentstop":null,"nextstop":null,"laststop":null,"stopCoveredStatus":0,"heading":81,"lastrefreshon":"29-07-2024 02:40:45","lastreceiveddatetimeflag":0,"tripposition":3}]},{"routeid":7055,"stationid":22749,"stationname":"Hulimavu Gate","from":"KR Market (Kalasipalya)","to":"Hulimavu","routeno":"369","distance_on_station":7.058,"centerlat":12.88204,"centerlong":77.59616,"responsecode":200,"isnotify":0,"vehicleDetails":[{"vehicleid":22787,"vehiclenumber":"KA57F3024","servicetypeid":72,"servicetype":"Non AC/Ordinary","centerlat":12.876439,"centerlong":77.600021,"eta":"","sch_arrivaltime":"12:26","sch_departuretime":"12:26","actual_arrivaltime":"","actual_departuretime":"","sch_tripstarttime":"11:55","sch_tripendtime":"11:55","lastlocationid":0,"currentlocationid":32994,"nextlocationid":0,"currentstop":null,"nextstop":null,"laststop":null,"stopCoveredStatus":0,"heading":81,"lastrefreshon":"29-07-2024 02:40:45","lastreceiveddatetimeflag":0,"tripposition":3}]},{"routeid":7055,"stationid":32994,"stationname":"Hulimavu","from":"KR Market (Kalasipalya)","to":"Hulimavu","routeno":"369","distance_on_station":8.4,"centerlat":12.87718,"centerlong":77.60221,"responsecode":200,"isnotify":0,"vehicleDetails":[{"vehicleid":22787,"vehiclenumber":"KA57F3024","servicetypeid":72,"servicetype":"Non AC/Ordinary","centerlat":12.876439,"centerlong":77.600021,"eta":"","sch_arrivaltime":"12:29","sch_departuretime":"12:29","actual_arrivaltime":"","actual_departuretime":"","sch_tripstarttime":"11:55","sch_tripendtime":"11:55","lastlocationid":0,"currentlocationid":32994,"nextlocationid":0,"currentstop":null,"nextstop":null,"laststop":null,"stopCoveredStatus":0,"heading":81,"lastrefreshon":"29-07-2024 02:40:45","lastreceiveddatetimeflag":0,"tripposition":1}]}],"mapData":[{"vehicleid":22787,"vehiclenumber":"KA57F3024","servicetypeid":72,"servicetype":"Non AC/Ordinary","centerlat":12.876439,"centerlong":77.600021,"eta":"","sch_arrivaltime":"12:29","sch_departuretime":"12:29","actual_arrivaltime":"","actual_departuretime":"","sch_tripstarttime":"11:55","sch_tripendtime":"11:55","lastlocationid":0,"currentlocationid":32994,"nextlocationid":0,"currentstop":null,"nextstop":null,"laststop":null,"stopCoveredStatus":0,"heading":81,"lastrefreshon":"29-07-2024 02:40:45","lastreceiveddatetimeflag":0,"tripposition":1}]},"down":{"data":[],"mapData":[]},"message":"Success","issuccess":true,"exception":null,"rowCount":0,"responsecode":200}