{"up":{"data":[],"mapData":[]},"down":{"data":[{"routeid":8187,"stationid":21818,"stationname":"Chandapura","from":"Chandapura","to":"Banashankari Bus Station","routeno":"378-P","distance_on_station":0,"centerlat":12.80227,"centerlong":77.7045,"responsecode":200,"isnotify":0,"vehicleDetails":[{"vehicleid":22987,"vehiclenumber":"KA57F5013","servicetypeid":72,"servicetype":"Non AC/Ordinary","centerlat":12.91713,"centerlong":77.581342,"eta":"","sch_arrivaltime":"10:10","sch_departuretime":"10:10","actual_arrivaltime":"","actual_departuretime":"","sch_tripstarttime":"10:10","sch_tripendtime":"10:10","lastlocationid":0,"currentlocationid":20624,"nextlocationid":0,"currentstop":null,"nextstop":null,"laststop":null,"stopCoveredStatus":0,"heading":92,"lastrefreshon":"05-10-2023 17:00:25","lastreceiveddatetimeflag":1,"tripposition":1}]},{"routeid":8187,"stationid":22024,"stationname":"Hennagara Gate","from":"Chandapura","to":"Banashankari Bus Station","routeno":"378-P","distance_on_station":0.709,"centerlat":12.80586,"centerlong":77.69939,"responsecode":200,"isnotify":0,"vehicleDetails":[{"vehicleid":22987,"vehiclenumber":"KA57F5013","servicetypeid":72,"servicetype":"Non AC/Ordinary","centerlat":12.91713,"centerlong":77.581342,"eta":"","sch_arrivaltime":"10:11","sch_departuretime":"10:11","actual_arrivaltime":"","actual_departuretime":"","sch_tripstarttime":"10:10","sch_tripendtime":"10:10","lastlocationid":0,"currentlocationid":20624,"nextlocationid":0,"currentstop":null,"nextstop":null,"laststop":null,"stopCoveredStatus":0,"heading":92,"lastrefreshon":"05-10-2023 17:00:25","lastreceiveddatetimeflag":1,"tripposition":3}]},{"routeid":8187,"stationid":21787,"stationname":"BTL College","from":"Chandapura","to":"Banashankari Bus Station","routeno":"378-P","distance_on_station":1.528,"centerlat":12.8117,"centerlong":77.69472,"responsecode":200,"isnotify":0,"vehicleDetails":[{"vehicleid":22987,"vehiclenumber":"KA57F5013","servicetypeid":72,"servicetype":"Non AC/Ordinary","centerlat":12.91713,"centerlong":77.581342,"eta":"","sch_arrivaltime":"10:12","sch_departuretime":"10:12","actual_arrivaltime":"","actual_departuretime":"","sch_tripstarttime":"10:10","sch_tripendtime":"10:10","lastlocationid":0,"currentlocationid":20624,"nextlocationid":0,"currentstop":null,"nextstop":null,"laststop":null,"stopCoveredStatus":0,"heading":92,"lastrefreshon":"05-10-2023 17:00:25","lastreceiveddatetimeflag":1,"tripposition":3}]},{"routeid":8187,"stationid":23891,"stationname":"Bommasandra","from":"Chandapura","to":"Banashankari Bus Station","routeno":"378-P","distance_on_station":2.587,"centerlat":12.81857,"centerlong":77.68864,"responsecode":200,"isnotify":0,"vehicleDetails":[{"vehicleid":22987,"vehiclenumber":"KA57F5013","servicetypeid":72,"servicetype":"Non AC/Ordinary","centerlat":12.91713,"centerlong":77.581342,"eta":"","sch_arrivaltime":"10:15","sch_departuretime":"10:15","actual_arrivaltime":"","actual_departuretime":"","sch_tripstarttime":"10:10","sch_tripendtime":"10:10","lastlocationid":0,"currentlocationid":20624,"nextlocationid":0,"currentstop":null,"nextstop":null,"laststop":null,"stopCoveredStatus":0,"heading":92,"lastrefreshon":"05-10-2023 17:00:25","lastreceiveddatetimeflag":1,"tripposition":3}]},{"routeid":8187,"stationid":31251,"stationname":"Kottanayakana halli","from":"Chandapura","to":"Banashankari Bus Station","routeno":"378-P","distance_on_station":3.486,"centerlat":12.81302,"centerlong":77.68262,"responsecode":200,"isnotify":0,"vehicleDetails":[{"vehicleid":22987,"vehiclenumber":"KA57F5013","servicetypeid":72,"servicetype":"Non AC/Ordinary","centerlat":12.91713,"centerlong":77.581342,"eta":"","sch_arrivaltime":"10:16","sch_departuretime":"10:16","actual_arrivaltime":"","actual_departuretime":"","sch_tripstarttime":"10:10","sch_tripendtime":"10:10","lastlocationid":0,"currentlocationid":20624,"nextlocationid":0,"currentstop":null,"nextstop":null,"laststop":null,"stopCoveredStatus":0,"heading":92,"lastrefreshon":"05-10-2023 17:00:25","lastreceiveddatetimeflag":1,"tripposition":3}]},{"routeid":8187,"stationid":23876,"stationname":"Industrial Area Water Tank Bommasandra","from":"Chandapura","to":"Banashankari Bus Station","routeno":"378-P","distance_on_station":4.465,"centerlat":12.81695,"centerlong":77.67627,"responsecode":200,"isnotify":0,"vehicleDetails":[{"vehicleid":22987,"vehiclenumber":"KA57F5013","servicetypeid":72,"servicetype":"Non AC/Ordinary","centerlat":12.91713,"centerlong":77.581342,"eta":"","sch_arrivaltime":"10:18","sch_departuretime":"10:18","actual_arrivaltime":"","actual_departuretime":"","sch_tripstarttime":"10:10","sch_tripendtime":"10:10","lastlocationid":0,"currentlocationid":20624,"nextlocationid":0,"currentstop":null,"nextstop":null,"laststop":null,"stopCoveredStatus":0,"heading":92,"lastrefreshon":"05-10-2023 17:00:25","lastreceiveddatetimeflag":1,"tripposition":3}]},{"routeid":8187,"stationid":23166,"stationname":"Aravinda Limited","from":"Chandapura","to":"Banashankari Bus Station","routeno":"378-P","distance_on_station":5.174,"centerlat":12.81475,"centerlong":77.67016,"responsecode":200,"isnotify":0,"vehicleDetails":[{"vehicleid":22987,"vehiclenumber":"KA57F5013","servicetypeid":72,"servicetype":"Non AC/Ordinary","centerlat":12.91713,"centerlong":77.581342,"eta":"","sch_arrivaltime":"10:21","sch_departuretime":"10:21","actual_arrivaltime":"","actual_departuretime":"","sch_tripstarttime":"10:10","sch_tripendtime":"10:10","lastlocationid":0,"currentlocationid":20624,"nextlocationid":0,"currentstop":null,"nextstop":null,"laststop":null,"stopCoveredStatus":0,"heading":92,"lastrefreshon":"05-10-2023 17:00:25","lastreceiveddatetimeflag":1,"tripposition":3}]},{"routeid":8187,"stationid":23877,"stationname":"Rupesh Hotel","from":"Chandapura","to":"Banashankari Bus Station","routeno":"378-P","distance_on_station":5.753,"centerlat":12.81165,"centerlong":77.66601,"responsecode":200,"isnotify":0,"vehicleDetails":[{"vehicleid":22987,"vehiclenumber":"KA57F5013","servicetypeid":72,"servicetype":"Non AC/Ordinary","centerlat":12.91713,"centerlong":77.581342,"eta":"","sch_arrivaltime":"10:22","sch_departuretime":"10:22","actual_arrivaltime":"","actual_departuretime":"","sch_tripstarttime":"10:10","sch_tripendtime":"10:10","lastlocationid":0,"currentlocationid":20624,"nextlocationid":0,"currentstop":null,"nextstop":null,"laststop":null,"stopCoveredStatus":0,"heading":92,"lastrefreshon":"05-10-2023 17:00:25","lastreceiveddatetimeflag":1,"tripposition":3}]},{"routeid":8187,"stationid":23878,"stationname":"Biocon Jigani Road","from":"Chandapura","to":"Banashankari Bus Station","routeno":"378-P","distance_on_station":6.242,"centerlat":12.80784,"centerlong":77.6638,"responsecode":200,"isnotify":0,"vehicleDetails":[{"vehicleid":22987,"vehiclenumber":"KA57F5013","servicetypeid":72,"servicetype":"Non AC/Ordinary","centerlat":12.91713,"centerlong":77.581342,"eta":"","sch_arrivaltime":"10:23","sch_departuretime":"10:23","actual_arrivaltime":"","actual_departuretime":"","sch_tripstarttime":"10:10","sch_tripendtime":"10:10","lastlocationid":0,"currentlocationid":20624,"nextlocationid":0,"currentstop":null,"nextstop":null,"laststop":null,"stopCoveredStatus":0,"heading":92,"lastrefreshon":"05-10-2023 17:00:25","lastreceiveddatetimeflag":1,"tripposition":3}]},{"routeid":8187,"stationid":35075,"stationname":"Yarandahalli","from":"Chandapura","to":"Banashankari Bus Station","routeno":"378-P","distance_on_station":6.602,"centerlat":12.80472,"centerlong":77.66291,"responsecode":200,"isnotify":0,"vehicleDetails":[{"vehicleid":22987,"vehiclenumber":"KA57F5013","servicetypeid":72,"servicetype":"Non AC/Ordinary","centerlat":12.91713,"centerlong":77.581342,"eta":"","sch_arrivaltime":"10:24","sch_departuretime":"10:24","actual_arrivaltime":"","actual_departuretime":"","sch_tripstarttime":"10:10","sch_tripendtime":"10:10","lastlocationid":0,"currentlocationid":20624,"nextlocationid":0,"currentstop":null,"nextstop":null,"laststop":null,"stopCoveredStatus":0,"heading":92,"lastrefreshon":"05-10-2023 17:00:25","lastreceiveddatetimeflag":1,"tripposition":3}]},{"routeid":8187,"stationid":34697,"stationname":"Sriramapura Bommasandra Road","from":"Chandapura","to":"Banashankari Bus Station","routeno":"378-P","distance_on_station":6.882,"centerlat":12.80234,"centerlong":77.66218,"responsecode":200,"isnotify":0,"vehicleDetails":[{"vehicleid":22987,"vehiclenumber":"KA57F5013","servicetypeid":72,"servicetype":"Non AC/Ordinary","centerlat":12.91713,"centerlong":77.581342,"eta":"","sch_arrivaltime":"10:25","sch_departuretime":"10:25","actual_arrivaltime":"","actual_departuretime":"","sch_tripstarttime":"10:10","sch_tripendtime":"10:10","lastlocationid":0,"currentlocationid":20624,"nextlocationid":0,"currentstop":null,"nextstop":null,"laststop":null,"stopCoveredStatus":0,"heading":92,"lastrefreshon":"05-10-2023 17:00:25","lastreceiveddatetimeflag":1,"tripposition":3}]},{"routeid":8187,"stationid":27542,"stationname":"OMEX Circle","from":"Chandapura","to":"Banashankari Bus Station","routeno":"378-P","distance_on_station":7.281,"centerlat":12.79879,"centerlong":77.66117,"responsecode":200,"isnotify":0,"vehicleDetails":[{"vehicleid":22987,"vehiclenumber":"KA57F5013","servicetypeid":72,"servicetype":"Non AC/Ordinary","centerlat":12.91713,"centerlong":77.581342,"eta":"","sch_arrivaltime":"10:26","sch_departuretime":"10:26","actual_arrivaltime":"","actual_departuretime":"","sch_tripstarttime":"10:10","sch_tripendtime":"10:10","lastlocationid":0,"currentlocationid":20624,"nextlocationid":0,"currentstop":null,"nextstop":null,"laststop":null,"stopCoveredStatus":0,"heading":92,"lastrefreshon":"05-10-2023 17:00:25","lastreceiveddatetimeflag":1,"tripposition":3}]},{"routeid":8187,"stationid":33859,"stationname":"Maruthi Nagara","from":"Chandapura","to":"Banashankari Bus Station","routeno":"378-P","distance_on_station":8.2,"centerlat":12.7914,"centerlong":77.65766,"responsecode":200,"isnotify":0,"vehicleDetails":[{"vehicleid":22987,"vehiclenumber":"KA57F5013","servicetypeid":72,"servicetype":"Non AC/Ordinary","centerlat":12.91713,"centerlong":77.581342,"eta":"","sch_arrivaltime":"10:27","sch_departuretime":"10:27","actual_arrivaltime":"","actual_departuretime":"","sch_tripstarttime":"10:10","sch_tripendtime":"10:10","lastlocationid":0,"currentlocationid":20624,"nextlocationid":0,"currentstop":null,"nextstop":null,"laststop":null,"stopCoveredStatus":0,"heading":92,"lastrefreshon":"05-10-2023 17:00:25","lastreceiveddatetimeflag":1,"tripposition":3}]},{"routeid":8187,"stationid":34121,"stationname":"Navya Badavane","from":"Chandapura","to":"Banashankari Bus Station","routeno":"378-P","distance_on_station":8.809,"centerlat":12.78723,"centerlong":77.65396,"responsecode":200,"isnotify":0,"vehicleDetails":[{"vehicleid":22987,"vehiclenumber":"KA57F5013","servicetypeid":72,"servicetype":"Non AC/Ordinary","centerlat":12.91713,"centerlong":77.581342,"eta":"","sch_arrivaltime":"10:28","sch_departuretime":"10:28","actual_arrivaltime":"","actual_departuretime":"","sch_tripstarttime":"10:10","sch_tripendtime":"10:10","lastlocationid":0,"currentlocationid":20624,"nextlocationid":0,"currentstop":null,"nextstop":null,"laststop":null,"stopCoveredStatus":0,"heading":92,"lastrefreshon":"05-10-2023 17:00:25","lastreceiveddatetimeflag":1,"tripposition":3}]},{"routeid":8187,"stationid":22785,"stationname":"Jigani APC Circle","from":"Chandapura","to":"Banashankari Bus Station","routeno":"378-P","distance_on_station":10.307,"centerlat":12.7793,"centerlong":77.6436,"responsecode":200,"isnotify":0,"vehicleDetails":[{"vehicleid":22987,"vehiclenumber":"KA57F5013","servicetypeid":72,"servicetype":"Non AC/Ordinary","centerlat":12.91713,"centerlong":77.581342,"eta":"","sch_arrivaltime":"10:30","sch_departuretime":"10:30","actual_arrivaltime":"","actual_departuretime":"","sch_tripstarttime":"10:10","sch_tripendtime":"10:10","lastlocationid":0,"currentlocationid":20624,"nextlocationid":0,"currentstop":null,"nextstop":null,"laststop":null,"stopCoveredStatus":0,"heading":92,"lastrefreshon":"05-10-2023 17:00:25","lastreceiveddatetimeflag":1,"tripposition":3}]},{"routeid":8187,"stationid":24225,"stationname":"Jigani Bus Stand","from":"Chandapura","to":"Banashankari Bus Station","routeno":"378-P","distance_on_station":11.366,"centerlat":12.78661,"centerlong":77.63762,"responsecode":200,"isnotify":0,"vehicleDetails":[{"vehicleid":22987,"vehiclenumber":"KA57F5013","servicetypeid":72,"servicetype":"Non AC/Ordinary","centerlat":12.91713,"centerlong":77.581342,"eta":"","sch_arrivaltime":"10:34","sch_departuretime":"10:34","actual_arrivaltime":"","actual_departuretime":"","sch_tripstarttime":"10:10","sch_tripendtime":"10:10","lastlocationid":0,"currentlocationid":20624,"nextlocationid":0,"currentstop":null,"nextstop":null,"laststop":null,"stopCoveredStatus":0,"heading":92,"lastrefreshon":"05-10-2023 17:00:25","lastreceiveddatetimeflag":1,"tripposition":3}]},{"routeid":8187,"stationid":24226,"stationname":"Jigani Tent","from":"Chandapura","to":"Banashankari Bus Station","routeno":"378-P","distance_on_station":11.825,"centerlat":12.78728,"centerlong":77.63353,"responsecode":200,"isnotify":0,"vehicleDetails":[{"vehicleid":22987,"vehiclenumber":"KA57F5013","servicetypeid":72,"servicetype":"Non AC/Ordinary","centerlat":12.91713,"centerlong":77.581342,"eta":"","sch_arrivaltime":"10:35","sch_departuretime":"10:35","actual_arrivaltime":"","actual_departuretime":"","sch_tripstarttime":"10:10","sch_tripendtime":"10:10","lastlocationid":0,"currentlocationid":20624,"nextlocationid":0,"currentstop":null,"nextstop":null,"laststop":null,"stopCoveredStatus":0,"heading":92,"lastrefreshon":"05-10-2023 17:00:25","lastreceiveddatetimeflag":1,"tripposition":3}]},{"routeid":8187,"stationid":35299,"stationname":"Jigani Double Road","from":"Chandapura","to":"Banashankari Bus Station","routeno":"378-P","distance_on_station":12.275,"centerlat":12.78862,"centerlong":77.62959,"responsecode":200,"isnotify":0,"vehicleDetails":[{"vehicleid":22987,"vehiclenumber":"KA57F5013","servicetypeid":72,"servicetype":"Non AC/Ordinary","centerlat":12.91713,"centerlong":77.581342,"eta":"","sch_arrivaltime":"10:36","sch_departuretime":"10:36","actual_arrivaltime":"","actual_departuretime":"","sch_tripstarttime":"10:10","sch_tripendtime":"10:10","lastlocationid":0,"currentlocationid":20624,"nextlocationid":0,"currentstop":null,"nextstop":null,"laststop":null,"stopCoveredStatus":0,"heading":92,"lastrefreshon":"05-10-2023 17:00:25","lastreceiveddatetimeflag":1,"tripposition":3}]},{"routeid":8187,"stationid":35300,"stationname":"Harapanahalli","from":"Chandapura","to":"Banashankari Bus Station","routeno":"378-P","distance_on_station":13.044,"centerlat":12.79194,"centerlong":77.62341,"responsecode":200,"isnotify":0,"vehicleDetails":[{"vehicleid":22987,"vehiclenumber":"KA57F5013","servicetypeid":72,"servicetype":"Non AC/Ordinary","centerlat":12.91713,"centerlong":77.581342,"eta":"","sch_arrivaltime":"10:38","sch_departuretime":"10:38","actual_arrivaltime":"","actual_departuretime":"","sch_tripstarttime":"10:10","sch_tripendtime":"10:10","lastlocationid":0,"currentlocationid":20624,"nextlocationid":0,"currentstop":null,"nextstop":null,"laststop":null,"stopCoveredStatus":0,"heading":92,"lastrefreshon":"05-10-2023 17:00:25","lastreceiveddatetimeflag":1,"tripposition":3}]},{"routeid":8187,"stationid":24229,"stationname":"Koppa Gate","from":"Chandapura","to":"Banashankari Bus Station","routeno":"378-P","distance_on_station":14.033,"centerlat":12.79646,"centerlong":77.61586,"responsecode":200,"isnotify":0,"vehicleDetails":[{"vehicleid":22987,"vehiclenumber":"KA57F5013","servicetypeid":72,"servicetype":"Non AC/Ordinary","centerlat":12.91713,"centerlong":77.581342,"eta":"","sch_arrivaltime":"10:40","sch_departuretime":"10:40","actual_arrivaltime":"","actual_departuretime":"","sch_tripstarttime":"10:10","sch_tripendtime":"10:10","lastlocationid":0,"currentlocationid":20624,"nextlocationid":0,"currentstop":null,"nextstop":null,"laststop":null,"stopCoveredStatus":0,"heading":92,"lastrefreshon":"05-10-2023 17:00:25","lastreceiveddatetimeflag":1,"tripposition":3}]},{"routeid":8187,"stationid":24230,"stationname":"Begihalli","from":"Chandapura","to":"Banashankari Bus Station","routeno":"378-P","distance_on_station":15.381,"centerlat":12.79788,"centerlong":77.60381,"responsecode":200,"isnotify":0,"vehicleDetails":[{"vehicleid":22987,"vehiclenumber":"KA57F5013","servicetypeid":72,"servicetype":"Non AC/Ordinary","centerlat":12.91713,"centerlong":77.581342,"eta":"","sch_arrivaltime":"10:41","sch_departuretime":"10:41","actual_arrivaltime":"","actual_departuretime":"","sch_tripstarttime":"10:10","sch_tripendtime":"10:10","lastlocationid":0,"currentlocationid":20624,"nextlocationid":0,"currentstop":null,"nextstop":null,"laststop":null,"stopCoveredStatus":0,"heading":92,"lastrefreshon":"05-10-2023 17:00:25","lastreceiveddatetimeflag":1,"tripposition":3}]},{"routeid":8187,"stationid":24231,"stationname":"Ragihalli Gate","from":"Chandapura","to":"Banashankari Bus Station","routeno":"378-P","distance_on_station":15.98,"centerlat":12.80026,"centerlong":77.5989,"responsecode":200,"isnotify":0,"vehicleDetails":[{"vehicleid":22987,"vehiclenumber":"KA57F5013","servicetypeid":72,"servicetype":"Non AC/Ordinary","centerlat":12.91713,"centerlong":77.581342,"eta":"","sch_arrivaltime":"10:42","sch_departuretime":"10:42","actual_arrivaltime":"","actual_departuretime":"","sch_tripstarttime":"10:10","sch_tripendtime":"10:10","lastlocationid":0,"currentlocationid":20624,"nextlocationid":0,"currentstop":null,"nextstop":null,"laststop":null,"stopCoveredStatus":0,"heading":92,"lastrefreshon":"05-10-2023 17:00:25","lastreceiveddatetimeflag":1,"tripposition":3}]},{"routeid":8187,"stationid":22780,"stationname":"Mantapa Cross","from":"Chandapura","to":"Banashankari Bus Station","routeno":"378-P","distance_on_station":16.39,"centerlat":12.80281,"centerlong":77.59627,"responsecode":200,"isnotify":0,"vehicleDetails":[{"vehicleid":22987,"vehiclenumber":"KA57F5013","servicetypeid":72,"servicetype":"Non AC/Ordinary","centerlat":12.91713,"centerlong":77.581342,"eta":"","sch_arrivaltime":"10:43","sch_departuretime":"10:43","actual_arrivaltime":"","actual_departuretime":"","sch_tripstarttime":"10:10","sch_tripendtime":"10:10","lastlocationid":0,"currentlocationid":20624,"nextlocationid":0,"currentstop":null,"nextstop":null,"laststop":null,"stopCoveredStatus":0,"heading":92,"lastrefreshon":"05-10-2023 17:00:25","lastreceiveddatetimeflag":1,"tripposition":3}]},{"routeid":8187,"stationid":24233,"stationname":"Junglepalya Gate","from":"Chandapura","to":"Banashankari Bus Station","routeno":"378-P","distance_on_station":17.269,"centerlat":12.80829,"centerlong":77.59043,"responsecode":200,"isnotify":0,"vehicleDetails":[{"vehicleid":22987,"vehiclenumber":"KA57F5013","servicetypeid":72,"servicetype":"Non AC/Ordinary","centerlat":12.91713,"centerlong":77.581342,"eta":"","sch_arrivaltime":"10:44","sch_departuretime":"10:44","actual_arrivaltime":"","actual_departuretime":"","sch_tripstarttime":"10:10","sch_tripendtime":"10:10","lastlocationid":0,"currentlocationid":20624,"nextlocationid":0,"currentstop":null,"nextstop":null,"laststop":null,"stopCoveredStatus":0,"heading":92,"lastrefreshon":"05-10-2023 17:00:25","lastreceiveddatetimeflag":1,"tripposition":3}]},{"routeid":8187,"stationid":24234,"stationname":"Sarala Birla Academy","from":"Chandapura","to":"Banashankari Bus Station","routeno":"378-P","distance_on_station":18.008,"centerlat":12.81159,"centerlong":77.58449,"responsecode":200,"isnotify":0,"vehicleDetails":[{"vehicleid":22987,"vehiclenumber":"KA57F5013","servicetypeid":72,"servicetype":"Non AC/Ordinary","centerlat":12.91713,"centerlong":77.581342,"eta":"","sch_arrivaltime":"10:45","sch_departuretime":"10:45","actual_arrivaltime":"","actual_departuretime":"","sch_tripstarttime":"10:10","sch_tripendtime":"10:10","lastlocationid":0,"currentlocationid":20624,"nextlocationid":0,"currentstop":null,"nextstop":null,"laststop":null,"stopCoveredStatus":0,"heading":92,"lastrefreshon":"05-10-2023 17:00:25","lastreceiveddatetimeflag":1,"tripposition":3}]},{"routeid":8187,"stationid":35140,"stationname":"Bannerughatta Circle","from":"Chandapura","to":"Banashankari Bus Station","routeno":"378-P","distance_on_station":18.477,"centerlat":12.81386,"centerlong":77.58123,"responsecode":200,"isnotify":0,"vehicleDetails":[{"vehicleid":22987,"vehiclenumber":"KA57F5013","servicetypeid":72,"servicetype":"Non AC/Ordinary","centerlat":12.91713,"centerlong":77.581342,"eta":"","sch_arrivaltime":"10:46","sch_departuretime":"10:46","actual_arrivaltime":"","actual_departuretime":"","sch_tripstarttime":"10:10","sch_tripendtime":"10:10","lastlocationid":0,"currentlocationid":20624,"nextlocationid":0,"currentstop":null,"nextstop":null,"laststop":null,"stopCoveredStatus":0,"heading":92,"lastrefreshon":"05-10-2023 17:00:25","lastreceiveddatetimeflag":1,"tripposition":3}]},{"routeid":8187,"stationid":24131,"stationname":"Vijaya Bank Bannerughatta","from":"Chandapura","to":"Banashankari Bus Station","routeno":"378-P","distance_on_station":18.757,"centerlat":12.81549,"centerlong":77.58299,"responsecode":200,"isnotify":0,"vehicleDetails":[{"vehicleid":22987,"vehiclenumber":"KA57F5013","servicetypeid":72,"servicetype":"Non AC/Ordinary","centerlat":12.91713,"centerlong":77.581342,"eta":"","sch_arrivaltime":"10:47","sch_departuretime":"10:47","actual_arrivaltime":"","actual_departuretime":"","sch_tripstarttime":"10:10","sch_tripendtime":"10:10","lastlocationid":0,"currentlocationid":20624,"nextlocationid":0,"currentstop":null,"nextstop":null,"laststop":null,"stopCoveredStatus":0,"heading":92,"lastrefreshon":"05-10-2023 17:00:25","lastreceiveddatetimeflag":1,"tripposition":3}]},{"routeid":8187,"stationid":24132,"stationname":"Ryan International School","from":"Chandapura","to":"Banashankari Bus Station","routeno":"378-P","distance_on_station":19.246,"centerlat":12.81953,"centerlong":77.58473,"responsecode":200,"isnotify":0,"vehicleDetails":[{"vehicleid":22987,"vehiclenumber":"KA57F5013","servicetypeid":72,"servicetype":"Non AC/Ordinary","centerlat":12.91713,"centerlong":77.581342,"eta":"","sch_arrivaltime":"10:48","sch_departuretime":"10:48","actual_arrivaltime":"","actual_departuretime":"","sch_tripstarttime":"10:10","sch_tripendtime":"10:10","lastlocationid":0,"currentlocationid":20624,"nextlocationid":0,"currentstop":null,"nextstop":null,"laststop":null,"stopCoveredStatus":0,"heading":92,"lastrefreshon":"05-10-2023 17:00:25","lastreceiveddatetimeflag":1,"tripposition":3}]},{"routeid":8187,"stationid":24133,"stationname":"Sampangiram Nagara","from":"Chandapura","to":"Banashankari Bus Station","routeno":"378-P","distance_on_station":19.866,"centerlat":12.82495,"centerlong":77.58593,"responsecode":200,"isnotify":0,"vehicleDetails":[{"vehicleid":22987,"vehiclenumber":"KA57F5013","servicetypeid":72,"servicetype":"Non AC/Ordinary","centerlat":12.91713,"centerlong":77.581342,"eta":"","sch_arrivaltime":"10:49","sch_departuretime":"10:49","actual_arrivaltime":"","actual_departuretime":"","sch_tripstarttime":"10:10","sch_tripendtime":"10:10","lastlocationid":0,"currentlocationid":20624,"nextlocationid":0,"currentstop":null,"nextstop":null,"laststop":null,"stopCoveredStatus":0,"heading":92,"lastrefreshon":"05-10-2023 17:00:25","lastreceiveddatetimeflag":1,"tripposition":3}]},{"routeid":8187,"stationid":24134,"stationname":"AMC College","from":"Chandapura","to":"Banashankari Bus Station","routeno":"378-P","distance_on_station":20.465,"centerlat":12.83007,"centerlong":77.5878,"responsecode":200,"isnotify":0,"vehicleDetails":[{"vehicleid":22987,"vehiclenumber":"KA57F5013","servicetypeid":72,"servicetype":"Non AC/Ordinary","centerlat":12.91713,"centerlong":77.581342,"eta":"","sch_arrivaltime":"10:50","sch_departuretime":"10:50","actual_arrivaltime":"","actual_departuretime":"","sch_tripstarttime":"10:10","sch_tripendtime":"10:10","lastlocationid":0,"currentlocationid":20624,"nextlocationid":0,"currentstop":null,"nextstop":null,"laststop":null,"stopCoveredStatus":0,"heading":92,"lastrefreshon":"05-10-2023 17:00:25","lastreceiveddatetimeflag":1,"tripposition":3}]},{"routeid":8187,"stationid":35281,"stationname":"Kalkere","from":"Chandapura","to":"Banashankari Bus Station","routeno":"378-P","distance_on_station":20.744,"centerlat":12.83233,"centerlong":77.58883,"responsecode":200,"isnotify":0,"vehicleDetails":[{"vehicleid":22987,"vehiclenumber":"KA57F5013","servicetypeid":72,"servicetype":"Non AC/Ordinary","centerlat":12.91713,"centerlong":77.581342,"eta":"","sch_arrivaltime":"10:51","sch_departuretime":"10:51","actual_arrivaltime":"","actual_departuretime":"","sch_tripstarttime":"10:10","sch_tripendtime":"10:10","lastlocationid":0,"currentlocationid":20624,"nextlocationid":0,"currentstop":null,"nextstop":null,"laststop":null,"stopCoveredStatus":0,"heading":92,"lastrefreshon":"05-10-2023 17:00:25","lastreceiveddatetimeflag":1,"tripposition":3}]},{"routeid":8187,"stationid":35133,"stationname":"Koli Farm Gate","from":"Chandapura","to":"Banashankari Bus Station","routeno":"378-P","distance_on_station":21.763,"centerlat":12.84146,"centerlong":77.58845,"responsecode":200,"isnotify":0,"vehicleDetails":[{"vehicleid":22987,"vehiclenumber":"KA57F5013","servicetypeid":72,"servicetype":"Non AC/Ordinary","centerlat":12.91713,"centerlong":77.581342,"eta":"","sch_arrivaltime":"10:52","sch_departuretime":"10:52","actual_arrivaltime":"","actual_departuretime":"","sch_tripstarttime":"10:10","sch_tripendtime":"10:10","lastlocationid":0,"currentlocationid":20624,"nextlocationid":0,"currentstop":null,"nextstop":null,"laststop":null,"stopCoveredStatus":0,"heading":92,"lastrefreshon":"05-10-2023 17:00:25","lastreceiveddatetimeflag":1,"tripposition":3}]},{"routeid":8187,"stationid":22760,"stationname":"Basavanapura Gate","from":"Chandapura","to":"Banashankari Bus Station","routeno":"378-P","distance_on_station":22.303,"centerlat":12.8463,"centerlong":77.58818,"responsecode":200,"isnotify":0,"vehicleDetails":[{"vehicleid":22987,"vehiclenumber":"KA57F5013","servicetypeid":72,"servicetype":"Non AC/Ordinary","centerlat":12.91713,"centerlong":77.581342,"eta":"","sch_arrivaltime":"10:53","sch_departuretime":"10:53","actual_arrivaltime":"","actual_departuretime":"","sch_tripstarttime":"10:10","sch_tripendtime":"10:10","lastlocationid":0,"currentlocationid":20624,"nextlocationid":0,"currentstop":null,"nextstop":null,"laststop":null,"stopCoveredStatus":0,"heading":92,"lastrefreshon":"05-10-2023 17:00:25","lastreceiveddatetimeflag":1,"tripposition":3}]},{"routeid":8187,"stationid":35230,"stationname":"T John College","from":"Chandapura","to":"Banashankari Bus Station","routeno":"378-P","distance_on_station":22.632,"centerlat":12.84923,"centerlong":77.58832,"responsecode":200,"isnotify":0,"vehicleDetails":[{"vehicleid":22987,"vehiclenumber":"KA57F5013","servicetypeid":72,"servicetype":"Non AC/Ordinary","centerlat":12.91713,"centerlong":77.581342,"eta":"","sch_arrivaltime":"10:54","sch_departuretime":"10:54","actual_arrivaltime":"","actual_departuretime":"","sch_tripstarttime":"10:10","sch_tripendtime":"10:10","lastlocationid":0,"currentlocationid":20624,"nextlocationid":0,"currentstop":null,"nextstop":null,"laststop":null,"stopCoveredStatus":0,"heading":92,"lastrefreshon":"05-10-2023 17:00:25","lastreceiveddatetimeflag":1,"tripposition":3}]},{"routeid":8187,"stationid":23863,"stationname":"Gottigere","from":"Chandapura","to":"Banashankari Bus Station","routeno":"378-P","distance_on_station":23.411,"centerlat":12.85619,"centerlong":77.58884,"responsecode":200,"isnotify":0,"vehicleDetails":[{"vehicleid":22987,"vehiclenumber":"KA57F5013","servicetypeid":72,"servicetype":"Non AC/Ordinary","centerlat":12.91713,"centerlong":77.581342,"eta":"","sch_arrivaltime":"10:56","sch_departuretime":"10:56","actual_arrivaltime":"","actual_departuretime":"","sch_tripstarttime":"10:10","sch_tripendtime":"10:10","lastlocationid":0,"currentlocationid":20624,"nextlocationid":0,"currentstop":null,"nextstop":null,"laststop":null,"stopCoveredStatus":0,"heading":92,"lastrefreshon":"05-10-2023 17:00:25","lastreceiveddatetimeflag":1,"tripposition":3}]},{"routeid":8187,"stationid":29970,"stationname":"Bhagya Nagara","from":"Chandapura","to":"Banashankari Bus Station","routeno":"378-P","distance_on_station":24.14,"centerlat":12.86084,"centerlong":77.58551,"responsecode":200,"isnotify":0,"vehicleDetails":[{"vehicleid":22987,"vehiclenumber":"KA57F5013","servicetypeid":72,"servicetype":"Non AC/Ordinary","centerlat":12.91713,"centerlong":77.581342,"eta":"","sch_arrivaltime":"10:58","sch_departuretime":"10:58","actual_arrivaltime":"","actual_departuretime":"","sch_tripstarttime":"10:10","sch_tripendtime":"10:10","lastlocationid":0,"currentlocationid":20624,"nextlocationid":0,"currentstop":null,"nextstop":null,"laststop":null,"stopCoveredStatus":0,"heading":92,"lastrefreshon":"05-10-2023 17:00:25","lastreceiveddatetimeflag":1,"tripposition":3}]},{"routeid":8187,"stationid":35063,"stationname":"Jambu Savari Dinne","from":"Chandapura","to":"Banashankari Bus Station","routeno":"378-P","distance_on_station":24.919,"centerlat":12.86562,"centerlong":77.58098,"responsecode":200,"isnotify":0,"vehicleDetails":[{"vehicleid":22987,"vehiclenumber":"KA57F5013","servicetypeid":72,"servicetype":"Non AC/Ordinary","centerlat":12.91713,"centerlong":77.581342,"eta":"","sch_arrivaltime":"10:59","sch_departuretime":"10:59","actual_arrivaltime":"","actual_departuretime":"","sch_tripstarttime":"10:10","sch_tripendtime":"10:10","lastlocationid":0,"currentlocationid":20624,"nextlocationid":0,"currentstop":null,"nextstop":null,"laststop":null,"stopCoveredStatus":0,"heading":92,"lastrefreshon":"05-10-2023 17:00:25","lastreceiveddatetimeflag":1,"tripposition":3}]},{"routeid":8187,"stationid":23461,"stationname":"Royal Layout","from":"Chandapura","to":"Banashankari Bus Station","routeno":"378-P","distance_on_station":25.678,"centerlat":12.86924,"centerlong":77.57581,"responsecode":200,"isnotify":0,"vehicleDetails":[{"vehicleid":22987,"vehiclenumber":"KA57F5013","servicetypeid":72,"servicetype":"Non AC/Ordinary","centerlat":12.91713,"centerlong":77.581342,"eta":"","sch_arrivaltime":"11:00","sch_departuretime":"11:00","actual_arrivaltime":"","actual_departuretime":"","sch_tripstarttime":"10:10","sch_tripendtime":"10:10","lastlocationid":0,"currentlocationid":20624,"nextlocationid":0,"currentstop":null,"nextstop":null,"laststop":null,"stopCoveredStatus":0,"heading":92,"lastrefreshon":"05-10-2023 17:00:25","lastreceiveddatetimeflag":1,"tripposition":3}]},{"routeid":8187,"stationid":28166,"stationname":"Sarathi Nagara","from":"Chandapura","to":"Banashankari Bus Station","routeno":"378-P","distance_on_station":26.328,"centerlat":12.87387,"centerlong":77.57322,"responsecode":200,"isnotify":0,"vehicleDetails":[{"vehicleid":22987,"vehiclenumber":"KA57F5013","servicetypeid":72,"servicetype":"Non AC/Ordinary","centerlat":12.91713,"centerlong":77.581342,"eta":"","sch_arrivaltime":"11:01","sch_departuretime":"11:01","actual_arrivaltime":"","actual_departuretime":"","sch_tripstarttime":"10:10","sch_tripendtime":"10:10","lastlocationid":0,"currentlocationid":20624,"nextlocationid":0,"currentstop":null,"nextstop":null,"laststop":null,"stopCoveredStatus":0,"heading":92,"lastrefreshon":"05-10-2023 17:00:25","lastreceiveddatetimeflag":1,"tripposition":3}]},{"routeid":8187,"stationid":31616,"stationname":"Vinayaka Talkies","from":"Chandapura","to":"Banashankari Bus Station","routeno":"378-P","distance_on_station":26.777,"centerlat":12.87478,"centerlong":77.57,"responsecode":200,"isnotify":0,"vehicleDetails":[{"vehicleid":22987,"vehiclenumber":"KA57F5013","servicetypeid":72,"servicetype":"Non AC/Ordinary","centerlat":12.91713,"centerlong":77.581342,"eta":"","sch_arrivaltime":"11:02","sch_departuretime":"11:02","actual_arrivaltime":"","actual_departuretime":"","sch_tripstarttime":"10:10","sch_tripendtime":"10:10","lastlocationid":0,"currentlocationid":20624,"nextlocationid":0,"currentstop":null,"nextstop":null,"laststop":null,"stopCoveredStatus":0,"heading":92,"lastrefreshon":"05-10-2023 17:00:25","lastreceiveddatetimeflag":1,"tripposition":3}]},{"routeid":8187,"stationid":21965,"stationname":"Glass Factory","from":"Chandapura","to":"Banashankari Bus Station","routeno":"378-P","distance_on_station":27.167,"centerlat":12.8765,"centerlong":77.5669,"responsecode":200,"isnotify":0,"vehicleDetails":[{"vehicleid":22987,"vehiclenumber":"KA57F5013","servicetypeid":72,"servicetype":"Non AC/Ordinary","centerlat":12.91713,"centerlong":77.581342,"eta":"","sch_arrivaltime":"11:03","sch_departuretime":"11:03","actual_arrivaltime":"","actual_departuretime":"","sch_tripstarttime":"10:10","sch_tripendtime":"10:10","lastlocationid":0,"currentlocationid":20624,"nextlocationid":0,"currentstop":null,"nextstop":null,"laststop":null,"stopCoveredStatus":0,"heading":92,"lastrefreshon":"05-10-2023 17:00:25","lastreceiveddatetimeflag":1,"tripposition":3}]},{"routeid":8187,"stationid":22016,"stationname":"Hari Nagara Cross","from":"Chandapura","to":"Banashankari Bus Station","routeno":"378-P","distance_on_station":27.506,"centerlat":12.87916,"centerlong":77.56726,"responsecode":200,"isnotify":0,"vehicleDetails":[{"vehicleid":22987,"vehiclenumber":"KA57F5013","servicetypeid":72,"servicetype":"Non AC/Ordinary","centerlat":12.91713,"centerlong":77.581342,"eta":"","sch_arrivaltime":"11:04","sch_departuretime":"11:04","actual_arrivaltime":"","actual_departuretime":"","sch_tripstarttime":"10:10","sch_tripendtime":"10:10","lastlocationid":0,"currentlocationid":20624,"nextlocationid":0,"currentstop":null,"nextstop":null,"laststop":null,"stopCoveredStatus":0,"heading":92,"lastrefreshon":"05-10-2023 17:00:25","lastreceiveddatetimeflag":1,"tripposition":3}]},{"routeid":8187,"stationid":22506,"stationname":"Sowdamini Kalyana Mantapa","from":"Chandapura","to":"Banashankari Bus Station","routeno":"378-P","distance_on_station":28.105,"centerlat":12.88386,"centerlong":77.56663,"responsecode":200,"isnotify":0,"vehicleDetails":[{"vehicleid":22987,"vehiclenumber":"KA57F5013","servicetypeid":72,"servicetype":"Non AC/Ordinary","centerlat":12.91713,"centerlong":77.581342,"eta":"","sch_arrivaltime":"11:05","sch_departuretime":"11:05","actual_arrivaltime":"","actual_departuretime":"","sch_tripstarttime":"10:10","sch_tripendtime":"10:10","lastlocationid":0,"currentlocationid":20624,"nextlocationid":0,"currentstop":null,"nextstop":null,"laststop":null,"stopCoveredStatus":0,"heading":92,"lastrefreshon":"05-10-2023 17:00:25","lastreceiveddatetimeflag":1,"tripposition":3}]},{"routeid":8187,"stationid":22189,"stationname":"Konanakunte","from":"Chandapura","to":"Banashankari Bus Station","routeno":"378-P","distance_on_station":28.365,"centerlat":12.88607,"centerlong":77.56662,"responsecode":200,"isnotify":0,"vehicleDetails":[{"vehicleid":22987,"vehiclenumber":"KA57F5013","servicetypeid":72,"servicetype":"Non AC/Ordinary","centerlat":12.91713,"centerlong":77.581342,"eta":"","sch_arrivaltime":"11:06","sch_departuretime":"11:06","actual_arrivaltime":"","actual_departuretime":"","sch_tripstarttime":"10:10","sch_tripendtime":"10:10","lastlocationid":0,"currentlocationid":20624,"nextlocationid":0,"currentstop":null,"nextstop":null,"laststop":null,"stopCoveredStatus":0,"heading":92,"lastrefreshon":"05-10-2023 17:00:25","lastreceiveddatetimeflag":1,"tripposition":3}]},{"routeid":8187,"stationid":22191,"stationname":"Konanakunte Cross","from":"Chandapura","to":"Banashankari Bus Station","routeno":"378-P","distance_on_station":29.064,"centerlat":12.89058,"centerlong":77.56442,"responsecode":200,"isnotify":0,"vehicleDetails":[{"vehicleid":22987,"vehiclenumber":"KA57F5013","servicetypeid":72,"servicetype":"Non AC/Ordinary","centerlat":12.91713,"centerlong":77.581342,"eta":"","sch_arrivaltime":"11:08","sch_departuretime":"11:08","actual_arrivaltime":"","actual_departuretime":"","sch_tripstarttime":"10:10","sch_tripendtime":"10:10","lastlocationid":0,"currentlocationid":20624,"nextlocationid":0,"currentstop":null,"nextstop":null,"laststop":null,"stopCoveredStatus":0,"heading":92,"lastrefreshon":"05-10-2023 17:00:25","lastreceiveddatetimeflag":1,"tripposition":3}]},{"routeid":8187,"stationid":22285,"stationname":"Metro","from":"Chandapura","to":"Banashankari Bus Station","routeno":"378-P","distance_on_station":29.474,"centerlat":12.89312,"centerlong":77.56718,"responsecode":200,"isnotify":0,"vehicleDetails":[{"vehicleid":22987,"vehiclenumber":"KA57F5013","servicetypeid":72,"servicetype":"Non AC/Ordinary","centerlat":12.91713,"centerlong":77.581342,"eta":"","sch_arrivaltime":"11:09","sch_departuretime":"11:09","actual_arrivaltime":"","actual_departuretime":"","sch_tripstarttime":"10:10","sch_tripendtime":"10:10","lastlocationid":0,"currentlocationid":20624,"nextlocationid":0,"currentstop":null,"nextstop":null,"laststop":null,"stopCoveredStatus":0,"heading":92,"lastrefreshon":"05-10-2023 17:00:25","lastreceiveddatetimeflag":1,"tripposition":3}]},{"routeid":8187,"stationid":22639,"stationname":"Yalachenahalli","from":"Chandapura","to":"Banashankari Bus Station","routeno":"378-P","distance_on_station":30.153,"centerlat":12.89768,"centerlong":77.57145,"responsecode":200,"isnotify":0,"vehicleDetails":[{"vehicleid":22987,"vehiclenumber":"KA57F5013","servicetypeid":72,"servicetype":"Non AC/Ordinary","centerlat":12.91713,"centerlong":77.581342,"eta":"","sch_arrivaltime":"11:10","sch_departuretime":"11:10","actual_arrivaltime":"","actual_departuretime":"","sch_tripstarttime":"10:10","sch_tripendtime":"10:10","lastlocationid":0,"currentlocationid":20624,"nextlocationid":0,"currentstop":null,"nextstop":null,"laststop":null,"stopCoveredStatus":0,"heading":92,"lastrefreshon":"05-10-2023 17:00:25","lastreceiveddatetimeflag":1,"tripposition":3}]},{"routeid":8187,"stationid":22102,"stationname":"Jaraganahalli Cross","from":"Chandapura","to":"Banashankari Bus Station","routeno":"378-P","distance_on_station":30.632,"centerlat":12.90142,"centerlong":77.57331,"responsecode":200,"isnotify":0,"vehicleDetails":[{"vehicleid":22987,"vehiclenumber":"KA57F5013","servicetypeid":72,"servicetype":"Non AC/Ordinary","centerlat":12.91713,"centerlong":77.581342,"eta":"","sch_arrivaltime":"11:11","sch_departuretime":"11:11","actual_arrivaltime":"","actual_departuretime":"","sch_tripstarttime":"10:10","sch_tripendtime":"10:10","lastlocationid":0,"currentlocationid":20624,"nextlocationid":0,"currentstop":null,"nextstop":null,"laststop":null,"stopCoveredStatus":0,"heading":92,"lastrefreshon":"05-10-2023 17:00:25","lastreceiveddatetimeflag":1,"tripposition":3}]},{"routeid":8187,"stationid":38795,"stationname":"JP Nagara Metro Station","from":"Chandapura","to":"Banashankari Bus Station","routeno":"378-P","distance_on_station":31.361,"centerlat":12.90795,"centerlong":77.57299,"responsecode":200,"isnotify":0,"vehicleDetails":[{"vehicleid":22987,"vehiclenumber":"KA57F5013","servicetypeid":72,"servicetype":"Non AC/Ordinary","centerlat":12.91713,"centerlong":77.581342,"eta":"","sch_arrivaltime":"11:12","sch_departuretime":"11:12","actual_arrivaltime":"","actual_departuretime":"","sch_tripstarttime":"10:10","sch_tripendtime":"10:10","lastlocationid":0,"currentlocationid":20624,"nextlocationid":0,"currentstop":null,"nextstop":null,"laststop":null,"stopCoveredStatus":0,"heading":92,"lastrefreshon":"05-10-2023 17:00:25","lastreceiveddatetimeflag":1,"tripposition":3}]},{"routeid":8187,"stationid":22460,"stationname":"Sarakki","from":"Chandapura","to":"Banashankari Bus Station","routeno":"378-P","distance_on_station":31.551,"centerlat":12.90966,"centerlong":77.57288,"responsecode":200,"isnotify":0,"vehicleDetails":[{"vehicleid":22987,"vehiclenumber":"KA57F5013","servicetypeid":72,"servicetype":"Non AC/Ordinary","centerlat":12.91713,"centerlong":77.581342,"eta":"","sch_arrivaltime":"11:13","sch_departuretime":"11:13","actual_arrivaltime":"","actual_departuretime":"","sch_tripstarttime":"10:10","sch_tripendtime":"10:10","lastlocationid":0,"currentlocationid":20624,"nextlocationid":0,"currentstop":null,"nextstop":null,"laststop":null,"stopCoveredStatus":0,"heading":92,"lastrefreshon":"05-10-2023 17:00:25","lastreceiveddatetimeflag":1,"tripposition":3}]},{"routeid":8187,"stationid":20624,"stationname":"Banashankari Bus Station","from":"Chandapura","to":"Banashankari Bus Station","routeno":"378-P","distance_on_station":32.5,"centerlat":12.91736,"centerlong":77.5727,"responsecode":200,"isnotify":0,"vehicleDetails":[{"vehicleid":22987,"vehiclenumber":"KA57F5013","servicetypeid":72,"servicetype":"Non AC/Ordinary","centerlat":12.91713,"centerlong":77.581342,"eta":"","sch_arrivaltime":"11:16","sch_departuretime":"11:16","actual_arrivaltime":"","actual_departuretime":"","sch_tripstarttime":"10:10","sch_tripendtime":"10:10","lastlocationid":0,"currentlocationid":20624,"nextlocationid":0,"currentstop":null,"nextstop":null,"laststop":null,"stopCoveredStatus":0,"heading":92,"lastrefreshon":"05-10-2023 17:00:25","lastreceiveddatetimeflag":1,"tripposition":1}]}],"mapData":[{"vehicleid":22987,"vehiclenumber":"KA57F5013","servicetypeid":72,"servicetype":"Non AC/Ordinary","centerlat":12.91713,"centerlong":77.581342,"eta":"","sch_arrivaltime":"11:16","sch_departuretime":"11:16","actual_arrivaltime":"","actual_departuretime":"","sch_tripstarttime":"10:10","sch_tripendtime":"10:10","lastlocationid":0,"currentlocationid":20624,"nextlocationid":0,"currentstop":null,"nextstop":null,"laststop":null,"stopCoveredStatus":0,"heading":92,"lastrefreshon":"05-10-2023 17:00:25","lastreceiveddatetimeflag":1,"tripposition":1}]},"message":"Success","issuccess":true,"exception":null,"rowCount":0,"responsecode":200}