{"up":{"data":[{"routeid":14331,"stationid":35044,"stationname":"Depot-45 Gate","from":"Depot-45 Gate","to":"Laggere New Bus Stand","routeno":"401-AC BMT45-LGR","distance_on_station":0,"centerlat":13.08298,"centerlong":77.55066,"responsecode":200,"isnotify":0,"vehicleDetails":[{"vehicleid":22593,"vehiclenumber":"KA01F9518","servicetypeid":72,"servicetype":"Non AC/Ordinary","centerlat":13.07839,"centerlong":77.516899,"eta":"","sch_arrivaltime":"15:21","sch_departuretime":"15:21","actual_arrivaltime":"","actual_departuretime":"","sch_tripstarttime":"15:21","sch_tripendtime":"15:21","lastlocationid":0,"currentlocationid":22092,"nextlocationid":0,"currentstop":null,"nextstop":null,"laststop":null,"stopCoveredStatus":0,"heading":139,"lastrefreshon":"06-11-2024 21:29:25","lastreceiveddatetimeflag":0,"tripposition":3}]},{"routeid":14331,"stationid":33957,"stationname":"MS Palya","from":"Depot-45 Gate","to":"Laggere New Bus Stand","routeno":"401-AC BMT45-LGR","distance_on_station":0.393,"centerlat":13.08145,"centerlong":77.54831,"responsecode":200,"isnotify":0,"vehicleDetails":[{"vehicleid":22593,"vehiclenumber":"KA01F9518","servicetypeid":72,"servicetype":"Non AC/Ordinary","centerlat":13.07839,"centerlong":77.516899,"eta":"","sch_arrivaltime":"15:22","sch_departuretime":"15:22","actual_arrivaltime":"","actual_departuretime":"","sch_tripstarttime":"15:21","sch_tripendtime":"15:21","lastlocationid":0,"currentlocationid":22092,"nextlocationid":0,"currentstop":null,"nextstop":null,"laststop":null,"stopCoveredStatus":0,"heading":139,"lastrefreshon":"06-11-2024 21:29:25","lastreceiveddatetimeflag":0,"tripposition":3}]},{"routeid":14331,"stationid":22092,"stationname":"Jalahalli East","from":"Depot-45 Gate","to":"Laggere New Bus Stand","routeno":"401-AC BMT45-LGR","distance_on_station":2.256,"centerlat":13.06759,"centerlong":77.54464,"responsecode":200,"isnotify":0,"vehicleDetails":[{"vehicleid":22593,"vehiclenumber":"KA01F9518","servicetypeid":72,"servicetype":"Non AC/Ordinary","centerlat":13.07839,"centerlong":77.516899,"eta":"","sch_arrivaltime":"15:24","sch_departuretime":"15:24","actual_arrivaltime":"","actual_departuretime":"","sch_tripstarttime":"15:21","sch_tripendtime":"15:21","lastlocationid":0,"currentlocationid":22092,"nextlocationid":0,"currentstop":null,"nextstop":null,"laststop":null,"stopCoveredStatus":0,"heading":139,"lastrefreshon":"06-11-2024 21:29:25","lastreceiveddatetimeflag":0,"tripposition":3}]},{"routeid":14331,"stationid":21946,"stationname":"Gangamma Circle","from":"Depot-45 Gate","to":"Laggere New Bus Stand","routeno":"401-AC BMT45-LGR","distance_on_station":3.749,"centerlat":13.05663,"centerlong":77.54672,"responsecode":200,"isnotify":0,"vehicleDetails":[{"vehicleid":22593,"vehiclenumber":"KA01F9518","servicetypeid":72,"servicetype":"Non AC/Ordinary","centerlat":13.07839,"centerlong":77.516899,"eta":"","sch_arrivaltime":"15:27","sch_departuretime":"15:27","actual_arrivaltime":"","actual_departuretime":"","sch_tripstarttime":"15:21","sch_tripendtime":"15:21","lastlocationid":0,"currentlocationid":22092,"nextlocationid":0,"currentstop":null,"nextstop":null,"laststop":null,"stopCoveredStatus":0,"heading":139,"lastrefreshon":"06-11-2024 21:29:25","lastreceiveddatetimeflag":0,"tripposition":3}]},{"routeid":14331,"stationid":22144,"stationname":"Kammagondanahalli Bridge","from":"Depot-45 Gate","to":"Laggere New Bus Stand","routeno":"401-AC BMT45-LGR","distance_on_station":5.334,"centerlat":13.05488,"centerlong":77.53481,"responsecode":200,"isnotify":0,"vehicleDetails":[{"vehicleid":22593,"vehiclenumber":"KA01F9518","servicetypeid":72,"servicetype":"Non AC/Ordinary","centerlat":13.07839,"centerlong":77.516899,"eta":"","sch_arrivaltime":"15:30","sch_departuretime":"15:30","actual_arrivaltime":"","actual_departuretime":"","sch_tripstarttime":"15:21","sch_tripendtime":"15:21","lastlocationid":0,"currentlocationid":22092,"nextlocationid":0,"currentstop":null,"nextstop":null,"laststop":null,"stopCoveredStatus":0,"heading":139,"lastrefreshon":"06-11-2024 21:29:25","lastreceiveddatetimeflag":0,"tripposition":3}]},{"routeid":14331,"stationid":20870,"stationname":"Jalahalli Cross","from":"Depot-45 Gate","to":"Laggere New Bus Stand","routeno":"401-AC BMT45-LGR","distance_on_station":8.376,"centerlat":13.03949,"centerlong":77.51843,"responsecode":200,"isnotify":0,"vehicleDetails":[{"vehicleid":22593,"vehiclenumber":"KA01F9518","servicetypeid":72,"servicetype":"Non AC/Ordinary","centerlat":13.07839,"centerlong":77.516899,"eta":"","sch_arrivaltime":"15:40","sch_departuretime":"15:40","actual_arrivaltime":"","actual_departuretime":"","sch_tripstarttime":"15:21","sch_tripendtime":"15:21","lastlocationid":0,"currentlocationid":22092,"nextlocationid":0,"currentstop":null,"nextstop":null,"laststop":null,"stopCoveredStatus":0,"heading":139,"lastrefreshon":"06-11-2024 21:29:25","lastreceiveddatetimeflag":0,"tripposition":3}]},{"routeid":14331,"stationid":34264,"stationname":"Rajagopala Nagara Police Station","from":"Depot-45 Gate","to":"Laggere New Bus Stand","routeno":"401-AC BMT45-LGR","distance_on_station":10.54,"centerlat":13.02361,"centerlong":77.52192,"responsecode":200,"isnotify":0,"vehicleDetails":[{"vehicleid":22593,"vehiclenumber":"KA01F9518","servicetypeid":72,"servicetype":"Non AC/Ordinary","centerlat":13.07839,"centerlong":77.516899,"eta":"","sch_arrivaltime":"15:46","sch_departuretime":"15:46","actual_arrivaltime":"","actual_departuretime":"","sch_tripstarttime":"15:21","sch_tripendtime":"15:21","lastlocationid":0,"currentlocationid":22092,"nextlocationid":0,"currentstop":null,"nextstop":null,"laststop":null,"stopCoveredStatus":0,"heading":139,"lastrefreshon":"06-11-2024 21:29:25","lastreceiveddatetimeflag":0,"tripposition":3}]},{"routeid":14331,"stationid":28443,"stationname":"Laggere New Bus Stand","from":"Depot-45 Gate","to":"Laggere New Bus Stand","routeno":"401-AC BMT45-LGR","distance_on_station":12.9,"centerlat":13.01054,"centerlong":77.52504,"responsecode":200,"isnotify":0,"vehicleDetails":[{"vehicleid":22593,"vehiclenumber":"KA01F9518","servicetypeid":72,"servicetype":"Non AC/Ordinary","centerlat":13.07839,"centerlong":77.516899,"eta":"","sch_arrivaltime":"15:54","sch_departuretime":"15:54","actual_arrivaltime":"","actual_departuretime":"","sch_tripstarttime":"15:21","sch_tripendtime":"15:21","lastlocationid":0,"currentlocationid":22092,"nextlocationid":0,"currentstop":null,"nextstop":null,"laststop":null,"stopCoveredStatus":0,"heading":139,"lastrefreshon":"06-11-2024 21:29:25","lastreceiveddatetimeflag":0,"tripposition":3}]}],"mapData":[{"vehicleid":22593,"vehiclenumber":"KA01F9518","servicetypeid":72,"servicetype":"Non AC/Ordinary","centerlat":13.07839,"centerlong":77.516899,"eta":"","sch_arrivaltime":"15:54","sch_departuretime":"15:54","actual_arrivaltime":"","actual_departuretime":"","sch_tripstarttime":"15:21","sch_tripendtime":"15:21","lastlocationid":0,"currentlocationid":22092,"nextlocationid":0,"currentstop":null,"nextstop":null,"laststop":null,"stopCoveredStatus":0,"heading":139,"lastrefreshon":"06-11-2024 21:29:25","lastreceiveddatetimeflag":0,"tripposition":3}]},"down":{"data":[],"mapData":[]},"message":"Success","issuccess":true,"exception":null,"rowCount":0,"responsecode":200}