{"up":{"data":[{"routeid":7209,"stationid":21080,"stationname":"Peenya 2nd Stage","from":"Peenya 2nd Stage","to":"Abbigere","routeno":"401-AK PSS-ABG","distance_on_station":0,"centerlat":13.01098,"centerlong":77.5068,"responsecode":200,"isnotify":0,"vehicleDetails":[{"vehicleid":21864,"vehiclenumber":"KA57F2875","servicetypeid":72,"servicetype":"Non AC/Ordinary","centerlat":13.016699,"centerlong":77.50499,"eta":"","sch_arrivaltime":"06:20","sch_departuretime":"06:20","actual_arrivaltime":"","actual_departuretime":"","sch_tripstarttime":"06:20","sch_tripendtime":"06:20","lastlocationid":0,"currentlocationid":20566,"nextlocationid":0,"currentstop":null,"nextstop":null,"laststop":null,"stopCoveredStatus":1,"heading":309,"lastrefreshon":"06-11-2024 21:27:28","lastreceiveddatetimeflag":0,"tripposition":3}]},{"routeid":7209,"stationid":20566,"stationname":"Peenya 14th Cross","from":"Peenya 2nd Stage","to":"Abbigere","routeno":"401-AK PSS-ABG","distance_on_station":0.609,"centerlat":13.01662,"centerlong":77.50559,"responsecode":200,"isnotify":0,"vehicleDetails":[{"vehicleid":21864,"vehiclenumber":"KA57F2875","servicetypeid":72,"servicetype":"Non AC/Ordinary","centerlat":13.016699,"centerlong":77.50499,"eta":"","sch_arrivaltime":"06:23","sch_departuretime":"06:23","actual_arrivaltime":"","actual_departuretime":"","sch_tripstarttime":"06:20","sch_tripendtime":"06:20","lastlocationid":0,"currentlocationid":20566,"nextlocationid":0,"currentstop":null,"nextstop":null,"laststop":null,"stopCoveredStatus":1,"heading":309,"lastrefreshon":"06-11-2024 21:27:28","lastreceiveddatetimeflag":0,"tripposition":3}]},{"routeid":7209,"stationid":20684,"stationname":"Brundavana Peenya","from":"Peenya 2nd Stage","to":"Abbigere","routeno":"401-AK PSS-ABG","distance_on_station":0.926,"centerlat":13.02024,"centerlong":77.50803,"responsecode":200,"isnotify":0,"vehicleDetails":[{"vehicleid":21864,"vehiclenumber":"KA57F2875","servicetypeid":72,"servicetype":"Non AC/Ordinary","centerlat":13.016699,"centerlong":77.50499,"eta":"","sch_arrivaltime":"06:25","sch_departuretime":"06:25","actual_arrivaltime":"06:28","actual_departuretime":"06:28","sch_tripstarttime":"06:20","sch_tripendtime":"06:20","lastlocationid":0,"currentlocationid":20566,"nextlocationid":0,"currentstop":null,"nextstop":null,"laststop":null,"stopCoveredStatus":1,"heading":309,"lastrefreshon":"06-11-2024 21:27:28","lastreceiveddatetimeflag":0,"tripposition":3}]},{"routeid":7209,"stationid":21068,"stationname":"NTTF Peenya","from":"Peenya 2nd Stage","to":"Abbigere","routeno":"401-AK PSS-ABG","distance_on_station":1.363,"centerlat":13.02514,"centerlong":77.51135,"responsecode":200,"isnotify":0,"vehicleDetails":[{"vehicleid":21864,"vehiclenumber":"KA57F2875","servicetypeid":72,"servicetype":"Non AC/Ordinary","centerlat":13.016699,"centerlong":77.50499,"eta":"","sch_arrivaltime":"06:28","sch_departuretime":"06:28","actual_arrivaltime":"06:29","actual_departuretime":"06:29","sch_tripstarttime":"06:20","sch_tripendtime":"06:20","lastlocationid":0,"currentlocationid":20566,"nextlocationid":0,"currentstop":null,"nextstop":null,"laststop":null,"stopCoveredStatus":1,"heading":309,"lastrefreshon":"06-11-2024 21:27:28","lastreceiveddatetimeflag":0,"tripposition":3}]},{"routeid":7209,"stationid":21136,"stationname":"Rolling Mill","from":"Peenya 2nd Stage","to":"Abbigere","routeno":"401-AK PSS-ABG","distance_on_station":1.627,"centerlat":13.02653,"centerlong":77.51474,"responsecode":200,"isnotify":0,"vehicleDetails":[{"vehicleid":21864,"vehiclenumber":"KA57F2875","servicetypeid":72,"servicetype":"Non AC/Ordinary","centerlat":13.016699,"centerlong":77.50499,"eta":"","sch_arrivaltime":"06:29","sch_departuretime":"06:29","actual_arrivaltime":"","actual_departuretime":"","sch_tripstarttime":"06:20","sch_tripendtime":"06:20","lastlocationid":0,"currentlocationid":20566,"nextlocationid":0,"currentstop":null,"nextstop":null,"laststop":null,"stopCoveredStatus":1,"heading":309,"lastrefreshon":"06-11-2024 21:27:28","lastreceiveddatetimeflag":0,"tripposition":3}]},{"routeid":7209,"stationid":21236,"stationname":"TVS Cross Peenya","from":"Peenya 2nd Stage","to":"Abbigere","routeno":"401-AK PSS-ABG","distance_on_station":2.018,"centerlat":13.02868,"centerlong":77.51957,"responsecode":200,"isnotify":0,"vehicleDetails":[{"vehicleid":21864,"vehiclenumber":"KA57F2875","servicetypeid":72,"servicetype":"Non AC/Ordinary","centerlat":13.016699,"centerlong":77.50499,"eta":"","sch_arrivaltime":"06:30","sch_departuretime":"06:30","actual_arrivaltime":"06:31","actual_departuretime":"06:31","sch_tripstarttime":"06:20","sch_tripendtime":"06:20","lastlocationid":0,"currentlocationid":20566,"nextlocationid":0,"currentstop":null,"nextstop":null,"laststop":null,"stopCoveredStatus":1,"heading":309,"lastrefreshon":"06-11-2024 21:27:28","lastreceiveddatetimeflag":0,"tripposition":3}]},{"routeid":7209,"stationid":21209,"stationname":"Systems Peenya","from":"Peenya 2nd Stage","to":"Abbigere","routeno":"401-AK PSS-ABG","distance_on_station":2.507,"centerlat":13.03497,"centerlong":77.51794,"responsecode":200,"isnotify":0,"vehicleDetails":[{"vehicleid":21864,"vehiclenumber":"KA57F2875","servicetypeid":72,"servicetype":"Non AC/Ordinary","centerlat":13.016699,"centerlong":77.50499,"eta":"","sch_arrivaltime":"06:31","sch_departuretime":"06:31","actual_arrivaltime":"06:33","actual_departuretime":"06:33","sch_tripstarttime":"06:20","sch_tripendtime":"06:20","lastlocationid":0,"currentlocationid":20566,"nextlocationid":0,"currentstop":null,"nextstop":null,"laststop":null,"stopCoveredStatus":1,"heading":309,"lastrefreshon":"06-11-2024 21:27:28","lastreceiveddatetimeflag":0,"tripposition":3}]},{"routeid":7209,"stationid":22091,"stationname":"Jalahalli Cross","from":"Peenya 2nd Stage","to":"Abbigere","routeno":"401-AK PSS-ABG","distance_on_station":2.897,"centerlat":13.04066,"centerlong":77.51872,"responsecode":200,"isnotify":0,"vehicleDetails":[{"vehicleid":21864,"vehiclenumber":"KA57F2875","servicetypeid":72,"servicetype":"Non AC/Ordinary","centerlat":13.016699,"centerlong":77.50499,"eta":"","sch_arrivaltime":"06:33","sch_departuretime":"06:33","actual_arrivaltime":"06:35","actual_departuretime":"06:36","sch_tripstarttime":"06:20","sch_tripendtime":"06:20","lastlocationid":0,"currentlocationid":20566,"nextlocationid":0,"currentstop":null,"nextstop":null,"laststop":null,"stopCoveredStatus":1,"heading":309,"lastrefreshon":"06-11-2024 21:27:28","lastreceiveddatetimeflag":0,"tripposition":3}]},{"routeid":7209,"stationid":21689,"stationname":"Ayyappa Temple Jalahalli Cross","from":"Peenya 2nd Stage","to":"Abbigere","routeno":"401-AK PSS-ABG","distance_on_station":3.407,"centerlat":13.0461,"centerlong":77.52231,"responsecode":200,"isnotify":0,"vehicleDetails":[{"vehicleid":21864,"vehiclenumber":"KA57F2875","servicetypeid":72,"servicetype":"Non AC/Ordinary","centerlat":13.016699,"centerlong":77.50499,"eta":"","sch_arrivaltime":"06:35","sch_departuretime":"06:35","actual_arrivaltime":"06:37","actual_departuretime":"06:38","sch_tripstarttime":"06:20","sch_tripendtime":"06:20","lastlocationid":0,"currentlocationid":20566,"nextlocationid":0,"currentstop":null,"nextstop":null,"laststop":null,"stopCoveredStatus":1,"heading":309,"lastrefreshon":"06-11-2024 21:27:28","lastreceiveddatetimeflag":0,"tripposition":3}]},{"routeid":7209,"stationid":22484,"stationname":"Shettyhalli Cross","from":"Peenya 2nd Stage","to":"Abbigere","routeno":"401-AK PSS-ABG","distance_on_station":3.79,"centerlat":13.05011,"centerlong":77.52546,"responsecode":200,"isnotify":0,"vehicleDetails":[{"vehicleid":21864,"vehiclenumber":"KA57F2875","servicetypeid":72,"servicetype":"Non AC/Ordinary","centerlat":13.016699,"centerlong":77.50499,"eta":"","sch_arrivaltime":"06:36","sch_departuretime":"06:36","actual_arrivaltime":"","actual_departuretime":"","sch_tripstarttime":"06:20","sch_tripendtime":"06:20","lastlocationid":0,"currentlocationid":20566,"nextlocationid":0,"currentstop":null,"nextstop":null,"laststop":null,"stopCoveredStatus":1,"heading":309,"lastrefreshon":"06-11-2024 21:27:28","lastreceiveddatetimeflag":0,"tripposition":3}]},{"routeid":7209,"stationid":22066,"stationname":"IAF Jalahalli","from":"Peenya 2nd Stage","to":"Abbigere","routeno":"401-AK PSS-ABG","distance_on_station":4.253,"centerlat":13.05358,"centerlong":77.53075,"responsecode":200,"isnotify":0,"vehicleDetails":[{"vehicleid":21864,"vehiclenumber":"KA57F2875","servicetypeid":72,"servicetype":"Non AC/Ordinary","centerlat":13.016699,"centerlong":77.50499,"eta":"","sch_arrivaltime":"06:37","sch_departuretime":"06:37","actual_arrivaltime":"","actual_departuretime":"","sch_tripstarttime":"06:20","sch_tripendtime":"06:20","lastlocationid":0,"currentlocationid":20566,"nextlocationid":0,"currentstop":null,"nextstop":null,"laststop":null,"stopCoveredStatus":1,"heading":309,"lastrefreshon":"06-11-2024 21:27:28","lastreceiveddatetimeflag":0,"tripposition":3}]},{"routeid":7209,"stationid":22143,"stationname":"Kammagonda‌nahalli Bridge","from":"Peenya 2nd Stage","to":"Abbigere","routeno":"401-AK PSS-ABG","distance_on_station":4.577,"centerlat":13.05491,"centerlong":77.53475,"responsecode":200,"isnotify":0,"vehicleDetails":[{"vehicleid":21864,"vehiclenumber":"KA57F2875","servicetypeid":72,"servicetype":"Non AC/Ordinary","centerlat":13.016699,"centerlong":77.50499,"eta":"","sch_arrivaltime":"06:40","sch_departuretime":"06:40","actual_arrivaltime":"06:42","actual_departuretime":"06:42","sch_tripstarttime":"06:20","sch_tripendtime":"06:20","lastlocationid":0,"currentlocationid":20566,"nextlocationid":0,"currentstop":null,"nextstop":null,"laststop":null,"stopCoveredStatus":1,"heading":309,"lastrefreshon":"06-11-2024 21:27:28","lastreceiveddatetimeflag":0,"tripposition":3}]},{"routeid":7209,"stationid":31054,"stationname":"KG Halli Post Office","from":"Peenya 2nd Stage","to":"Abbigere","routeno":"401-AK PSS-ABG","distance_on_station":4.842,"centerlat":13.05691,"centerlong":77.53269,"responsecode":200,"isnotify":0,"vehicleDetails":[{"vehicleid":21864,"vehiclenumber":"KA57F2875","servicetypeid":72,"servicetype":"Non AC/Ordinary","centerlat":13.016699,"centerlong":77.50499,"eta":"","sch_arrivaltime":"06:41","sch_departuretime":"06:41","actual_arrivaltime":"","actual_departuretime":"","sch_tripstarttime":"06:20","sch_tripendtime":"06:20","lastlocationid":0,"currentlocationid":20566,"nextlocationid":0,"currentstop":null,"nextstop":null,"laststop":null,"stopCoveredStatus":1,"heading":309,"lastrefreshon":"06-11-2024 21:27:28","lastreceiveddatetimeflag":0,"tripposition":3}]},{"routeid":7209,"stationid":34701,"stationname":"S R S Mathikere","from":"Peenya 2nd Stage","to":"Abbigere","routeno":"401-AK PSS-ABG","distance_on_station":5.199,"centerlat":13.06144,"centerlong":77.53109,"responsecode":200,"isnotify":0,"vehicleDetails":[{"vehicleid":21864,"vehiclenumber":"KA57F2875","servicetypeid":72,"servicetype":"Non AC/Ordinary","centerlat":13.016699,"centerlong":77.50499,"eta":"","sch_arrivaltime":"06:42","sch_departuretime":"06:42","actual_arrivaltime":"","actual_departuretime":"","sch_tripstarttime":"06:20","sch_tripendtime":"06:20","lastlocationid":0,"currentlocationid":20566,"nextlocationid":0,"currentstop":null,"nextstop":null,"laststop":null,"stopCoveredStatus":1,"heading":309,"lastrefreshon":"06-11-2024 21:27:28","lastreceiveddatetimeflag":0,"tripposition":3}]},{"routeid":7209,"stationid":30714,"stationname":"Kammagondanahalli Rama Temple","from":"Peenya 2nd Stage","to":"Abbigere","routeno":"401-AK PSS-ABG","distance_on_station":5.371,"centerlat":13.06372,"centerlong":77.53064,"responsecode":200,"isnotify":0,"vehicleDetails":[{"vehicleid":21864,"vehiclenumber":"KA57F2875","servicetypeid":72,"servicetype":"Non AC/Ordinary","centerlat":13.016699,"centerlong":77.50499,"eta":"","sch_arrivaltime":"06:43","sch_departuretime":"06:43","actual_arrivaltime":"06:46","actual_departuretime":"06:46","sch_tripstarttime":"06:20","sch_tripendtime":"06:20","lastlocationid":0,"currentlocationid":20566,"nextlocationid":0,"currentstop":null,"nextstop":null,"laststop":null,"stopCoveredStatus":1,"heading":309,"lastrefreshon":"06-11-2024 21:27:28","lastreceiveddatetimeflag":0,"tripposition":3}]},{"routeid":7209,"stationid":34846,"stationname":"WIMAC Junction","from":"Peenya 2nd Stage","to":"Abbigere","routeno":"401-AK PSS-ABG","distance_on_station":5.761,"centerlat":13.06872,"centerlong":77.52996,"responsecode":200,"isnotify":0,"vehicleDetails":[{"vehicleid":21864,"vehiclenumber":"KA57F2875","servicetypeid":72,"servicetype":"Non AC/Ordinary","centerlat":13.016699,"centerlong":77.50499,"eta":"","sch_arrivaltime":"06:44","sch_departuretime":"06:44","actual_arrivaltime":"","actual_departuretime":"","sch_tripstarttime":"06:20","sch_tripendtime":"06:20","lastlocationid":0,"currentlocationid":20566,"nextlocationid":0,"currentstop":null,"nextstop":null,"laststop":null,"stopCoveredStatus":1,"heading":309,"lastrefreshon":"06-11-2024 21:27:28","lastreceiveddatetimeflag":0,"tripposition":3}]},{"routeid":7209,"stationid":29431,"stationname":"Abbigere Cross","from":"Peenya 2nd Stage","to":"Abbigere","routeno":"401-AK PSS-ABG","distance_on_station":5.907,"centerlat":13.07068,"centerlong":77.52974,"responsecode":200,"isnotify":0,"vehicleDetails":[{"vehicleid":21864,"vehiclenumber":"KA57F2875","servicetypeid":72,"servicetype":"Non AC/Ordinary","centerlat":13.016699,"centerlong":77.50499,"eta":"","sch_arrivaltime":"06:45","sch_departuretime":"06:45","actual_arrivaltime":"06:55","actual_departuretime":"06:55","sch_tripstarttime":"06:20","sch_tripendtime":"06:20","lastlocationid":0,"currentlocationid":20566,"nextlocationid":0,"currentstop":null,"nextstop":null,"laststop":null,"stopCoveredStatus":1,"heading":309,"lastrefreshon":"06-11-2024 21:27:28","lastreceiveddatetimeflag":0,"tripposition":3}]},{"routeid":7209,"stationid":35562,"stationname":"Abbigere","from":"Peenya 2nd Stage","to":"Abbigere","routeno":"401-AK PSS-ABG","distance_on_station":6.568,"centerlat":13.07692,"centerlong":77.52589,"responsecode":200,"isnotify":0,"vehicleDetails":[{"vehicleid":21864,"vehiclenumber":"KA57F2875","servicetypeid":72,"servicetype":"Non AC/Ordinary","centerlat":13.016699,"centerlong":77.50499,"eta":"","sch_arrivaltime":"06:48","sch_departuretime":"06:48","actual_arrivaltime":"","actual_departuretime":"","sch_tripstarttime":"06:20","sch_tripendtime":"06:20","lastlocationid":0,"currentlocationid":20566,"nextlocationid":0,"currentstop":null,"nextstop":null,"laststop":null,"stopCoveredStatus":0,"heading":309,"lastrefreshon":"06-11-2024 21:27:28","lastreceiveddatetimeflag":0,"tripposition":3}]},{"routeid":7209,"stationid":29430,"stationname":"Abbigere","from":"Peenya 2nd Stage","to":"Abbigere","routeno":"401-AK PSS-ABG","distance_on_station":8.5,"centerlat":13.07696,"centerlong":77.52587,"responsecode":200,"isnotify":0,"vehicleDetails":[{"vehicleid":21864,"vehiclenumber":"KA57F2875","servicetypeid":72,"servicetype":"Non AC/Ordinary","centerlat":13.016699,"centerlong":77.50499,"eta":"","sch_arrivaltime":"06:56","sch_departuretime":"06:56","actual_arrivaltime":"","actual_departuretime":"","sch_tripstarttime":"06:20","sch_tripendtime":"06:20","lastlocationid":0,"currentlocationid":20566,"nextlocationid":0,"currentstop":null,"nextstop":null,"laststop":null,"stopCoveredStatus":0,"heading":309,"lastrefreshon":"06-11-2024 21:27:28","lastreceiveddatetimeflag":0,"tripposition":3}]}],"mapData":[{"vehicleid":21864,"vehiclenumber":"KA57F2875","servicetypeid":72,"servicetype":"Non AC/Ordinary","centerlat":13.016699,"centerlong":77.50499,"eta":"","sch_arrivaltime":"06:56","sch_departuretime":"06:56","actual_arrivaltime":"","actual_departuretime":"","sch_tripstarttime":"06:20","sch_tripendtime":"06:20","lastlocationid":0,"currentlocationid":20566,"nextlocationid":0,"currentstop":null,"nextstop":null,"laststop":null,"stopCoveredStatus":0,"heading":309,"lastrefreshon":"06-11-2024 21:27:28","lastreceiveddatetimeflag":0,"tripposition":3}]},"down":{"data":[],"mapData":[]},"message":"Success","issuccess":true,"exception":null,"rowCount":0,"responsecode":200}