{"up":{"data":[{"routeid":6371,"stationid":27535,"stationname":"Yeshawanthapura Railway Station","from":"Yeshawanthapura Railway Station","to":"BEML Layout 5th stage","routeno":"401-RC YPRS-BEML5","distance_on_station":0,"centerlat":13.0216,"centerlong":77.55331,"responsecode":200,"isnotify":0,"vehicleDetails":[{"vehicleid":18471,"vehiclenumber":"KA57F2962","servicetypeid":72,"servicetype":"Non AC/Ordinary","centerlat":13.017221,"centerlong":77.556206,"eta":"","sch_arrivaltime":"11:50","sch_departuretime":"11:50","actual_arrivaltime":"","actual_departuretime":"","sch_tripstarttime":"11:50","sch_tripendtime":"11:50","lastlocationid":0,"currentlocationid":21288,"nextlocationid":0,"currentstop":null,"nextstop":null,"laststop":null,"stopCoveredStatus":0,"heading":197,"lastrefreshon":"29-07-2024 02:39:34","lastreceiveddatetimeflag":0,"tripposition":1}]},{"routeid":6371,"stationid":24273,"stationname":"Yeshawanthapura Market","from":"Yeshawanthapura Railway Station","to":"BEML Layout 5th stage","routeno":"401-RC YPRS-BEML5","distance_on_station":0.284,"centerlat":13.02003,"centerlong":77.55568,"responsecode":200,"isnotify":0,"vehicleDetails":[{"vehicleid":18471,"vehiclenumber":"KA57F2962","servicetypeid":72,"servicetype":"Non AC/Ordinary","centerlat":13.017221,"centerlong":77.556206,"eta":"","sch_arrivaltime":"11:51","sch_departuretime":"11:51","actual_arrivaltime":"","actual_departuretime":"","sch_tripstarttime":"11:50","sch_tripendtime":"11:50","lastlocationid":0,"currentlocationid":21288,"nextlocationid":0,"currentstop":null,"nextstop":null,"laststop":null,"stopCoveredStatus":0,"heading":197,"lastrefreshon":"29-07-2024 02:39:34","lastreceiveddatetimeflag":0,"tripposition":3}]},{"routeid":6371,"stationid":22835,"stationname":"Yeshawanthapura","from":"Yeshawanthapura Railway Station","to":"BEML Layout 5th stage","routeno":"401-RC YPRS-BEML5","distance_on_station":0.523,"centerlat":13.01888,"centerlong":77.55766,"responsecode":200,"isnotify":0,"vehicleDetails":[{"vehicleid":18471,"vehiclenumber":"KA57F2962","servicetypeid":72,"servicetype":"Non AC/Ordinary","centerlat":13.017221,"centerlong":77.556206,"eta":"","sch_arrivaltime":"11:53","sch_departuretime":"11:53","actual_arrivaltime":"","actual_departuretime":"","sch_tripstarttime":"11:50","sch_tripendtime":"11:50","lastlocationid":0,"currentlocationid":21288,"nextlocationid":0,"currentstop":null,"nextstop":null,"laststop":null,"stopCoveredStatus":0,"heading":197,"lastrefreshon":"29-07-2024 02:39:34","lastreceiveddatetimeflag":0,"tripposition":3}]},{"routeid":6371,"stationid":21288,"stationname":"Yeshawanthapura Bus Station","from":"Yeshawanthapura Railway Station","to":"BEML Layout 5th stage","routeno":"401-RC YPRS-BEML5","distance_on_station":0.7,"centerlat":13.01801,"centerlong":77.55662,"responsecode":200,"isnotify":0,"vehicleDetails":[{"vehicleid":18471,"vehiclenumber":"KA57F2962","servicetypeid":72,"servicetype":"Non AC/Ordinary","centerlat":13.017221,"centerlong":77.556206,"eta":"","sch_arrivaltime":"11:56","sch_departuretime":"11:56","actual_arrivaltime":"","actual_departuretime":"","sch_tripstarttime":"11:50","sch_tripendtime":"11:50","lastlocationid":0,"currentlocationid":21288,"nextlocationid":0,"currentstop":null,"nextstop":null,"laststop":null,"stopCoveredStatus":0,"heading":197,"lastrefreshon":"29-07-2024 02:39:34","lastreceiveddatetimeflag":0,"tripposition":1}]}],"mapData":[{"vehicleid":18471,"vehiclenumber":"KA57F2962","servicetypeid":72,"servicetype":"Non AC/Ordinary","centerlat":13.017221,"centerlong":77.556206,"eta":"","sch_arrivaltime":"11:56","sch_departuretime":"11:56","actual_arrivaltime":"","actual_departuretime":"","sch_tripstarttime":"11:50","sch_tripendtime":"11:50","lastlocationid":0,"currentlocationid":21288,"nextlocationid":0,"currentstop":null,"nextstop":null,"laststop":null,"stopCoveredStatus":0,"heading":197,"lastrefreshon":"29-07-2024 02:39:34","lastreceiveddatetimeflag":0,"tripposition":1}]},"down":{"data":[],"mapData":[]},"message":"Success","issuccess":true,"exception":null,"rowCount":0,"responsecode":200}