{"up":{"data":[{"routeid":6371,"stationid":27535,"stationname":"Yeshawanthapura Railway Station","from":"Yeshawanthapura Railway Station","to":"BEML Layout 5th stage","routeno":"401-RC YPRS-BEML5","distance_on_station":0,"centerlat":13.0216,"centerlong":77.55331,"responsecode":200,"isnotify":0,"vehicleDetails":[{"vehicleid":21501,"vehiclenumber":"KA53F0115","servicetypeid":72,"servicetype":"Non AC/Ordinary","centerlat":12.978504,"centerlong":77.572525,"eta":"","sch_arrivaltime":"21:45","sch_departuretime":"21:45","actual_arrivaltime":"","actual_departuretime":"","sch_tripstarttime":"21:45","sch_tripendtime":"21:45","lastlocationid":0,"currentlocationid":21288,"nextlocationid":0,"currentstop":null,"nextstop":null,"laststop":null,"stopCoveredStatus":0,"heading":278,"lastrefreshon":"30-08-2024 12:54:35","lastreceiveddatetimeflag":0,"tripposition":3}]},{"routeid":6371,"stationid":24273,"stationname":"Yeshawanthapura Market","from":"Yeshawanthapura Railway Station","to":"BEML Layout 5th stage","routeno":"401-RC YPRS-BEML5","distance_on_station":0.122,"centerlat":13.02003,"centerlong":77.55568,"responsecode":200,"isnotify":0,"vehicleDetails":[{"vehicleid":21501,"vehiclenumber":"KA53F0115","servicetypeid":72,"servicetype":"Non AC/Ordinary","centerlat":12.978504,"centerlong":77.572525,"eta":"","sch_arrivaltime":"21:46","sch_departuretime":"21:46","actual_arrivaltime":"","actual_departuretime":"","sch_tripstarttime":"21:45","sch_tripendtime":"21:45","lastlocationid":0,"currentlocationid":21288,"nextlocationid":0,"currentstop":null,"nextstop":null,"laststop":null,"stopCoveredStatus":0,"heading":278,"lastrefreshon":"30-08-2024 12:54:35","lastreceiveddatetimeflag":0,"tripposition":3}]},{"routeid":6371,"stationid":22835,"stationname":"Yeshawanthapura","from":"Yeshawanthapura Railway Station","to":"BEML Layout 5th stage","routeno":"401-RC YPRS-BEML5","distance_on_station":0.224,"centerlat":13.01888,"centerlong":77.55766,"responsecode":200,"isnotify":0,"vehicleDetails":[{"vehicleid":21501,"vehiclenumber":"KA53F0115","servicetypeid":72,"servicetype":"Non AC/Ordinary","centerlat":12.978504,"centerlong":77.572525,"eta":"","sch_arrivaltime":"21:48","sch_departuretime":"21:48","actual_arrivaltime":"","actual_departuretime":"","sch_tripstarttime":"21:45","sch_tripendtime":"21:45","lastlocationid":0,"currentlocationid":21288,"nextlocationid":0,"currentstop":null,"nextstop":null,"laststop":null,"stopCoveredStatus":0,"heading":278,"lastrefreshon":"30-08-2024 12:54:35","lastreceiveddatetimeflag":0,"tripposition":3}]},{"routeid":6371,"stationid":21288,"stationname":"Yeshawanthapura Bus Station","from":"Yeshawanthapura Railway Station","to":"BEML Layout 5th stage","routeno":"401-RC YPRS-BEML5","distance_on_station":0.3,"centerlat":13.01801,"centerlong":77.55662,"responsecode":200,"isnotify":0,"vehicleDetails":[{"vehicleid":21501,"vehiclenumber":"KA53F0115","servicetypeid":72,"servicetype":"Non AC/Ordinary","centerlat":12.978504,"centerlong":77.572525,"eta":"","sch_arrivaltime":"21:51","sch_departuretime":"21:51","actual_arrivaltime":"","actual_departuretime":"","sch_tripstarttime":"21:45","sch_tripendtime":"21:45","lastlocationid":0,"currentlocationid":21288,"nextlocationid":0,"currentstop":null,"nextstop":null,"laststop":null,"stopCoveredStatus":0,"heading":278,"lastrefreshon":"30-08-2024 12:54:35","lastreceiveddatetimeflag":0,"tripposition":3}]}],"mapData":[{"vehicleid":21501,"vehiclenumber":"KA53F0115","servicetypeid":72,"servicetype":"Non AC/Ordinary","centerlat":12.978504,"centerlong":77.572525,"eta":"","sch_arrivaltime":"21:51","sch_departuretime":"21:51","actual_arrivaltime":"","actual_departuretime":"","sch_tripstarttime":"21:45","sch_tripendtime":"21:45","lastlocationid":0,"currentlocationid":21288,"nextlocationid":0,"currentstop":null,"nextstop":null,"laststop":null,"stopCoveredStatus":0,"heading":278,"lastrefreshon":"30-08-2024 12:54:35","lastreceiveddatetimeflag":0,"tripposition":3}]},"down":{"data":[],"mapData":[]},"message":"Success","issuccess":true,"exception":null,"rowCount":0,"responsecode":200}