{"up":{"data":[],"mapData":[]},"down":{"data":[{"routeid":8313,"stationid":20869,"stationname":"Jalahalli Cross","from":"Nelamangala Bus Station","to":"Mysore Road Bus Station","routeno":"410-FH","distance_on_station":0,"centerlat":13.0399,"centerlong":77.51879,"responsecode":200,"isnotify":0,"vehicleDetails":[{"vehicleid":11736,"vehiclenumber":"KA57F2856","servicetypeid":72,"servicetype":"Non AC/Ordinary","centerlat":12.978381,"centerlong":77.640633,"eta":"","sch_arrivaltime":"21:45","sch_departuretime":"21:45","actual_arrivaltime":"","actual_departuretime":"","sch_tripstarttime":"21:15","sch_tripendtime":"21:15","lastlocationid":0,"currentlocationid":21042,"nextlocationid":0,"currentstop":null,"nextstop":null,"laststop":null,"stopCoveredStatus":0,"heading":108,"lastrefreshon":"21-10-2024 14:19:43","lastreceiveddatetimeflag":0,"tripposition":3}]},{"routeid":8313,"stationid":21083,"stationname":"Peenya Industry Metro Station","from":"Nelamangala Bus Station","to":"Mysore Road Bus Station","routeno":"410-FH","distance_on_station":0.966,"centerlat":13.03599,"centerlong":77.52579,"responsecode":200,"isnotify":0,"vehicleDetails":[{"vehicleid":11736,"vehiclenumber":"KA57F2856","servicetypeid":72,"servicetype":"Non AC/Ordinary","centerlat":12.978381,"centerlong":77.640633,"eta":"","sch_arrivaltime":"21:47","sch_departuretime":"21:47","actual_arrivaltime":"","actual_departuretime":"","sch_tripstarttime":"21:15","sch_tripendtime":"21:15","lastlocationid":0,"currentlocationid":21042,"nextlocationid":0,"currentstop":null,"nextstop":null,"laststop":null,"stopCoveredStatus":0,"heading":108,"lastrefreshon":"21-10-2024 14:19:43","lastreceiveddatetimeflag":0,"tripposition":3}]},{"routeid":8313,"stationid":21190,"stationname":"SRS Peenya","from":"Nelamangala Bus Station","to":"Mysore Road Bus Station","routeno":"410-FH","distance_on_station":1.476,"centerlat":13.03471,"centerlong":77.52987,"responsecode":200,"isnotify":0,"vehicleDetails":[{"vehicleid":11736,"vehiclenumber":"KA57F2856","servicetypeid":72,"servicetype":"Non AC/Ordinary","centerlat":12.978381,"centerlong":77.640633,"eta":"","sch_arrivaltime":"21:48","sch_departuretime":"21:48","actual_arrivaltime":"","actual_departuretime":"","sch_tripstarttime":"21:15","sch_tripendtime":"21:15","lastlocationid":0,"currentlocationid":21042,"nextlocationid":0,"currentstop":null,"nextstop":null,"laststop":null,"stopCoveredStatus":0,"heading":108,"lastrefreshon":"21-10-2024 14:19:43","lastreceiveddatetimeflag":0,"tripposition":3}]},{"routeid":8313,"stationid":38803,"stationname":"Peenya Metro Station","from":"Nelamangala Bus Station","to":"Mysore Road Bus Station","routeno":"410-FH","distance_on_station":1.899,"centerlat":13.03299,"centerlong":77.53297,"responsecode":200,"isnotify":0,"vehicleDetails":[{"vehicleid":11736,"vehiclenumber":"KA57F2856","servicetypeid":72,"servicetype":"Non AC/Ordinary","centerlat":12.978381,"centerlong":77.640633,"eta":"","sch_arrivaltime":"21:49","sch_departuretime":"21:49","actual_arrivaltime":"","actual_departuretime":"","sch_tripstarttime":"21:15","sch_tripendtime":"21:15","lastlocationid":0,"currentlocationid":21042,"nextlocationid":0,"currentstop":null,"nextstop":null,"laststop":null,"stopCoveredStatus":0,"heading":108,"lastrefreshon":"21-10-2024 14:19:43","lastreceiveddatetimeflag":0,"tripposition":3}]},{"routeid":8313,"stationid":20724,"stationname":"CMTI","from":"Nelamangala Bus Station","to":"Mysore Road Bus Station","routeno":"410-FH","distance_on_station":2.269,"centerlat":13.03143,"centerlong":77.53561,"responsecode":200,"isnotify":0,"vehicleDetails":[{"vehicleid":11736,"vehiclenumber":"KA57F2856","servicetypeid":72,"servicetype":"Non AC/Ordinary","centerlat":12.978381,"centerlong":77.640633,"eta":"","sch_arrivaltime":"21:50","sch_departuretime":"21:50","actual_arrivaltime":"","actual_departuretime":"","sch_tripstarttime":"21:15","sch_tripendtime":"21:15","lastlocationid":0,"currentlocationid":21042,"nextlocationid":0,"currentstop":null,"nextstop":null,"laststop":null,"stopCoveredStatus":0,"heading":108,"lastrefreshon":"21-10-2024 14:19:43","lastreceiveddatetimeflag":0,"tripposition":3}]},{"routeid":8313,"stationid":33154,"stationname":"Goraguntepalya  Ring Road","from":"Nelamangala Bus Station","to":"Mysore Road Bus Station","routeno":"410-FH","distance_on_station":2.572,"centerlat":13.02997,"centerlong":77.53707,"responsecode":200,"isnotify":0,"vehicleDetails":[{"vehicleid":11736,"vehiclenumber":"KA57F2856","servicetypeid":72,"servicetype":"Non AC/Ordinary","centerlat":12.978381,"centerlong":77.640633,"eta":"","sch_arrivaltime":"21:51","sch_departuretime":"21:51","actual_arrivaltime":"","actual_departuretime":"","sch_tripstarttime":"21:15","sch_tripendtime":"21:15","lastlocationid":0,"currentlocationid":21042,"nextlocationid":0,"currentstop":null,"nextstop":null,"laststop":null,"stopCoveredStatus":0,"heading":108,"lastrefreshon":"21-10-2024 14:19:43","lastreceiveddatetimeflag":0,"tripposition":3}]},{"routeid":8313,"stationid":24002,"stationname":"Reliance Petrol Bunk Goraguntepalya","from":"Nelamangala Bus Station","to":"Mysore Road Bus Station","routeno":"410-FH","distance_on_station":2.757,"centerlat":13.02866,"centerlong":77.5363,"responsecode":200,"isnotify":0,"vehicleDetails":[{"vehicleid":11736,"vehiclenumber":"KA57F2856","servicetypeid":72,"servicetype":"Non AC/Ordinary","centerlat":12.978381,"centerlong":77.640633,"eta":"","sch_arrivaltime":"21:52","sch_departuretime":"21:52","actual_arrivaltime":"","actual_departuretime":"","sch_tripstarttime":"21:15","sch_tripendtime":"21:15","lastlocationid":0,"currentlocationid":21042,"nextlocationid":0,"currentstop":null,"nextstop":null,"laststop":null,"stopCoveredStatus":0,"heading":108,"lastrefreshon":"21-10-2024 14:19:43","lastreceiveddatetimeflag":0,"tripposition":3}]},{"routeid":8313,"stationid":24003,"stationname":"Modern Food Goraguntepalya","from":"Nelamangala Bus Station","to":"Mysore Road Bus Station","routeno":"410-FH","distance_on_station":3.278,"centerlat":13.02483,"centerlong":77.53414,"responsecode":200,"isnotify":0,"vehicleDetails":[{"vehicleid":11736,"vehiclenumber":"KA57F2856","servicetypeid":72,"servicetype":"Non AC/Ordinary","centerlat":12.978381,"centerlong":77.640633,"eta":"","sch_arrivaltime":"21:53","sch_departuretime":"21:53","actual_arrivaltime":"","actual_departuretime":"","sch_tripstarttime":"21:15","sch_tripendtime":"21:15","lastlocationid":0,"currentlocationid":21042,"nextlocationid":0,"currentstop":null,"nextstop":null,"laststop":null,"stopCoveredStatus":0,"heading":108,"lastrefreshon":"21-10-2024 14:19:43","lastreceiveddatetimeflag":0,"tripposition":3}]},{"routeid":8313,"stationid":33342,"stationname":"Kanteerava Studio","from":"Nelamangala Bus Station","to":"Mysore Road Bus Station","routeno":"410-FH","distance_on_station":3.745,"centerlat":13.02138,"centerlong":77.53252,"responsecode":200,"isnotify":0,"vehicleDetails":[{"vehicleid":11736,"vehiclenumber":"KA57F2856","servicetypeid":72,"servicetype":"Non AC/Ordinary","centerlat":12.978381,"centerlong":77.640633,"eta":"","sch_arrivaltime":"21:54","sch_departuretime":"21:54","actual_arrivaltime":"","actual_departuretime":"","sch_tripstarttime":"21:15","sch_tripendtime":"21:15","lastlocationid":0,"currentlocationid":21042,"nextlocationid":0,"currentstop":null,"nextstop":null,"laststop":null,"stopCoveredStatus":0,"heading":108,"lastrefreshon":"21-10-2024 14:19:43","lastreceiveddatetimeflag":0,"tripposition":3}]},{"routeid":8313,"stationid":34345,"stationname":"Rajkumar Punya Bhoomi","from":"Nelamangala Bus Station","to":"Mysore Road Bus Station","routeno":"410-FH","distance_on_station":4.092,"centerlat":13.01859,"centerlong":77.5319,"responsecode":200,"isnotify":0,"vehicleDetails":[{"vehicleid":11736,"vehiclenumber":"KA57F2856","servicetypeid":72,"servicetype":"Non AC/Ordinary","centerlat":12.978381,"centerlong":77.640633,"eta":"","sch_arrivaltime":"21:55","sch_departuretime":"21:55","actual_arrivaltime":"","actual_departuretime":"","sch_tripstarttime":"21:15","sch_tripendtime":"21:15","lastlocationid":0,"currentlocationid":21042,"nextlocationid":0,"currentstop":null,"nextstop":null,"laststop":null,"stopCoveredStatus":0,"heading":108,"lastrefreshon":"21-10-2024 14:19:43","lastreceiveddatetimeflag":0,"tripposition":3}]},{"routeid":8313,"stationid":34086,"stationname":"Nandhini Layout","from":"Nelamangala Bus Station","to":"Mysore Road Bus Station","routeno":"410-FH","distance_on_station":4.591,"centerlat":13.01466,"centerlong":77.5307,"responsecode":200,"isnotify":0,"vehicleDetails":[{"vehicleid":11736,"vehiclenumber":"KA57F2856","servicetypeid":72,"servicetype":"Non AC/Ordinary","centerlat":12.978381,"centerlong":77.640633,"eta":"","sch_arrivaltime":"21:56","sch_departuretime":"21:56","actual_arrivaltime":"","actual_departuretime":"","sch_tripstarttime":"21:15","sch_tripendtime":"21:15","lastlocationid":0,"currentlocationid":21042,"nextlocationid":0,"currentstop":null,"nextstop":null,"laststop":null,"stopCoveredStatus":0,"heading":108,"lastrefreshon":"21-10-2024 14:19:43","lastreceiveddatetimeflag":0,"tripposition":3}]},{"routeid":8313,"stationid":29290,"stationname":"Nandini Layout Ring Road","from":"Nelamangala Bus Station","to":"Mysore Road Bus Station","routeno":"410-FH","distance_on_station":5.025,"centerlat":13.01159,"centerlong":77.52872,"responsecode":200,"isnotify":0,"vehicleDetails":[{"vehicleid":11736,"vehiclenumber":"KA57F2856","servicetypeid":72,"servicetype":"Non AC/Ordinary","centerlat":12.978381,"centerlong":77.640633,"eta":"","sch_arrivaltime":"21:57","sch_departuretime":"21:57","actual_arrivaltime":"","actual_departuretime":"","sch_tripstarttime":"21:15","sch_tripendtime":"21:15","lastlocationid":0,"currentlocationid":21042,"nextlocationid":0,"currentstop":null,"nextstop":null,"laststop":null,"stopCoveredStatus":0,"heading":108,"lastrefreshon":"21-10-2024 14:19:43","lastreceiveddatetimeflag":0,"tripposition":3}]},{"routeid":8313,"stationid":33650,"stationname":"Laggere Bridge","from":"Nelamangala Bus Station","to":"Mysore Road Bus Station","routeno":"410-FH","distance_on_station":5.579,"centerlat":13.00756,"centerlong":77.52678,"responsecode":200,"isnotify":0,"vehicleDetails":[{"vehicleid":11736,"vehiclenumber":"KA57F2856","servicetypeid":72,"servicetype":"Non AC/Ordinary","centerlat":12.978381,"centerlong":77.640633,"eta":"","sch_arrivaltime":"21:58","sch_departuretime":"21:58","actual_arrivaltime":"","actual_departuretime":"","sch_tripstarttime":"21:15","sch_tripendtime":"21:15","lastlocationid":0,"currentlocationid":21042,"nextlocationid":0,"currentstop":null,"nextstop":null,"laststop":null,"stopCoveredStatus":0,"heading":108,"lastrefreshon":"21-10-2024 14:19:43","lastreceiveddatetimeflag":0,"tripposition":3}]},{"routeid":8313,"stationid":30988,"stationname":"Kempegowda Arch","from":"Nelamangala Bus Station","to":"Mysore Road Bus Station","routeno":"410-FH","distance_on_station":6.306,"centerlat":13.00174,"centerlong":77.52556,"responsecode":200,"isnotify":0,"vehicleDetails":[{"vehicleid":11736,"vehiclenumber":"KA57F2856","servicetypeid":72,"servicetype":"Non AC/Ordinary","centerlat":12.978381,"centerlong":77.640633,"eta":"","sch_arrivaltime":"21:59","sch_departuretime":"21:59","actual_arrivaltime":"","actual_departuretime":"","sch_tripstarttime":"21:15","sch_tripendtime":"21:15","lastlocationid":0,"currentlocationid":21042,"nextlocationid":0,"currentstop":null,"nextstop":null,"laststop":null,"stopCoveredStatus":0,"heading":108,"lastrefreshon":"21-10-2024 14:19:43","lastreceiveddatetimeflag":0,"tripposition":3}]},{"routeid":8313,"stationid":28518,"stationname":"Lurdubayi Samudaya Bhavana","from":"Nelamangala Bus Station","to":"Mysore Road Bus Station","routeno":"410-FH","distance_on_station":6.903,"centerlat":12.99723,"centerlong":77.52339,"responsecode":200,"isnotify":0,"vehicleDetails":[{"vehicleid":11736,"vehiclenumber":"KA57F2856","servicetypeid":72,"servicetype":"Non AC/Ordinary","centerlat":12.978381,"centerlong":77.640633,"eta":"","sch_arrivaltime":"22:00","sch_departuretime":"22:00","actual_arrivaltime":"","actual_departuretime":"","sch_tripstarttime":"21:15","sch_tripendtime":"21:15","lastlocationid":0,"currentlocationid":21042,"nextlocationid":0,"currentstop":null,"nextstop":null,"laststop":null,"stopCoveredStatus":0,"heading":108,"lastrefreshon":"21-10-2024 14:19:43","lastreceiveddatetimeflag":0,"tripposition":3}]},{"routeid":8313,"stationid":21887,"stationname":"Depot-31 Gate","from":"Nelamangala Bus Station","to":"Mysore Road Bus Station","routeno":"410-FH","distance_on_station":7.446,"centerlat":12.99306,"centerlong":77.52146,"responsecode":200,"isnotify":0,"vehicleDetails":[{"vehicleid":11736,"vehiclenumber":"KA57F2856","servicetypeid":72,"servicetype":"Non AC/Ordinary","centerlat":12.978381,"centerlong":77.640633,"eta":"","sch_arrivaltime":"22:01","sch_departuretime":"22:01","actual_arrivaltime":"","actual_departuretime":"","sch_tripstarttime":"21:15","sch_tripendtime":"21:15","lastlocationid":0,"currentlocationid":21042,"nextlocationid":0,"currentstop":null,"nextstop":null,"laststop":null,"stopCoveredStatus":0,"heading":108,"lastrefreshon":"21-10-2024 14:19:43","lastreceiveddatetimeflag":0,"tripposition":3}]},{"routeid":8313,"stationid":26750,"stationname":"Summanahalli","from":"Nelamangala Bus Station","to":"Mysore Road Bus Station","routeno":"410-FH","distance_on_station":8.303,"centerlat":12.98631,"centerlong":77.51934,"responsecode":200,"isnotify":0,"vehicleDetails":[{"vehicleid":11736,"vehiclenumber":"KA57F2856","servicetypeid":72,"servicetype":"Non AC/Ordinary","centerlat":12.978381,"centerlong":77.640633,"eta":"","sch_arrivaltime":"22:02","sch_departuretime":"22:02","actual_arrivaltime":"","actual_departuretime":"","sch_tripstarttime":"21:15","sch_tripendtime":"21:15","lastlocationid":0,"currentlocationid":21042,"nextlocationid":0,"currentstop":null,"nextstop":null,"laststop":null,"stopCoveredStatus":0,"heading":108,"lastrefreshon":"21-10-2024 14:19:43","lastreceiveddatetimeflag":0,"tripposition":3}]},{"routeid":8313,"stationid":33759,"stationname":"Malagala","from":"Nelamangala Bus Station","to":"Mysore Road Bus Station","routeno":"410-FH","distance_on_station":9.367,"centerlat":12.97863,"centerlong":77.51525,"responsecode":200,"isnotify":0,"vehicleDetails":[{"vehicleid":11736,"vehiclenumber":"KA57F2856","servicetypeid":72,"servicetype":"Non AC/Ordinary","centerlat":12.978381,"centerlong":77.640633,"eta":"","sch_arrivaltime":"22:04","sch_departuretime":"22:04","actual_arrivaltime":"","actual_departuretime":"","sch_tripstarttime":"21:15","sch_tripendtime":"21:15","lastlocationid":0,"currentlocationid":21042,"nextlocationid":0,"currentstop":null,"nextstop":null,"laststop":null,"stopCoveredStatus":0,"heading":108,"lastrefreshon":"21-10-2024 14:19:43","lastreceiveddatetimeflag":0,"tripposition":3}]},{"routeid":8313,"stationid":29809,"stationname":"BDA Complex Cross Nagarabhavi","from":"Nelamangala Bus Station","to":"Mysore Road Bus Station","routeno":"410-FH","distance_on_station":10.214,"centerlat":12.97211,"centerlong":77.51293,"responsecode":200,"isnotify":0,"vehicleDetails":[{"vehicleid":11736,"vehiclenumber":"KA57F2856","servicetypeid":72,"servicetype":"Non AC/Ordinary","centerlat":12.978381,"centerlong":77.640633,"eta":"","sch_arrivaltime":"22:05","sch_departuretime":"22:05","actual_arrivaltime":"","actual_departuretime":"","sch_tripstarttime":"21:15","sch_tripendtime":"21:15","lastlocationid":0,"currentlocationid":21042,"nextlocationid":0,"currentstop":null,"nextstop":null,"laststop":null,"stopCoveredStatus":0,"heading":108,"lastrefreshon":"21-10-2024 14:19:43","lastreceiveddatetimeflag":0,"tripposition":3}]},{"routeid":8313,"stationid":34041,"stationname":"Nagarabhavi Circle","from":"Nelamangala Bus Station","to":"Mysore Road Bus Station","routeno":"410-FH","distance_on_station":12.092,"centerlat":12.95907,"centerlong":77.51686,"responsecode":200,"isnotify":0,"vehicleDetails":[{"vehicleid":11736,"vehiclenumber":"KA57F2856","servicetypeid":72,"servicetype":"Non AC/Ordinary","centerlat":12.978381,"centerlong":77.640633,"eta":"","sch_arrivaltime":"22:07","sch_departuretime":"22:07","actual_arrivaltime":"","actual_departuretime":"","sch_tripstarttime":"21:15","sch_tripendtime":"21:15","lastlocationid":0,"currentlocationid":21042,"nextlocationid":0,"currentstop":null,"nextstop":null,"laststop":null,"stopCoveredStatus":0,"heading":108,"lastrefreshon":"21-10-2024 14:19:43","lastreceiveddatetimeflag":0,"tripposition":3}]},{"routeid":8313,"stationid":22896,"stationname":"1st Stage 3rd Block Nagarabhavi (Nayandahalli)","from":"Nelamangala Bus Station","to":"Mysore Road Bus Station","routeno":"410-FH","distance_on_station":13.025,"centerlat":12.95302,"centerlong":77.52026,"responsecode":200,"isnotify":0,"vehicleDetails":[{"vehicleid":11736,"vehiclenumber":"KA57F2856","servicetypeid":72,"servicetype":"Non AC/Ordinary","centerlat":12.978381,"centerlong":77.640633,"eta":"","sch_arrivaltime":"22:08","sch_departuretime":"22:08","actual_arrivaltime":"","actual_departuretime":"","sch_tripstarttime":"21:15","sch_tripendtime":"21:15","lastlocationid":0,"currentlocationid":21042,"nextlocationid":0,"currentstop":null,"nextstop":null,"laststop":null,"stopCoveredStatus":0,"heading":108,"lastrefreshon":"21-10-2024 14:19:43","lastreceiveddatetimeflag":0,"tripposition":3}]},{"routeid":8313,"stationid":21580,"stationname":"Mysore Road Metro Station","from":"Nelamangala Bus Station","to":"Mysore Road Bus Station","routeno":"410-FH","distance_on_station":14.555,"centerlat":12.94633,"centerlong":77.52972,"responsecode":200,"isnotify":0,"vehicleDetails":[{"vehicleid":11736,"vehiclenumber":"KA57F2856","servicetypeid":72,"servicetype":"Non AC/Ordinary","centerlat":12.978381,"centerlong":77.640633,"eta":"","sch_arrivaltime":"22:10","sch_departuretime":"22:10","actual_arrivaltime":"","actual_departuretime":"","sch_tripstarttime":"21:15","sch_tripendtime":"21:15","lastlocationid":0,"currentlocationid":21042,"nextlocationid":0,"currentstop":null,"nextstop":null,"laststop":null,"stopCoveredStatus":0,"heading":108,"lastrefreshon":"21-10-2024 14:19:43","lastreceiveddatetimeflag":0,"tripposition":3}]},{"routeid":8313,"stationid":20661,"stationname":"BHEL","from":"Nelamangala Bus Station","to":"Mysore Road Bus Station","routeno":"410-FH","distance_on_station":15.304,"centerlat":12.94874,"centerlong":77.53559,"responsecode":200,"isnotify":0,"vehicleDetails":[{"vehicleid":11736,"vehiclenumber":"KA57F2856","servicetypeid":72,"servicetype":"Non AC/Ordinary","centerlat":12.978381,"centerlong":77.640633,"eta":"","sch_arrivaltime":"22:11","sch_departuretime":"22:11","actual_arrivaltime":"","actual_departuretime":"","sch_tripstarttime":"21:15","sch_tripendtime":"21:15","lastlocationid":0,"currentlocationid":21042,"nextlocationid":0,"currentstop":null,"nextstop":null,"laststop":null,"stopCoveredStatus":0,"heading":108,"lastrefreshon":"21-10-2024 14:19:43","lastreceiveddatetimeflag":0,"tripposition":3}]},{"routeid":8313,"stationid":21042,"stationname":"Mysore Road Bus Station","from":"Nelamangala Bus Station","to":"Mysore Road Bus Station","routeno":"410-FH","distance_on_station":16.9,"centerlat":12.95357,"centerlong":77.54374,"responsecode":200,"isnotify":0,"vehicleDetails":[{"vehicleid":11736,"vehiclenumber":"KA57F2856","servicetypeid":72,"servicetype":"Non AC/Ordinary","centerlat":12.978381,"centerlong":77.640633,"eta":"","sch_arrivaltime":"22:18","sch_departuretime":"22:18","actual_arrivaltime":"","actual_departuretime":"","sch_tripstarttime":"21:15","sch_tripendtime":"21:15","lastlocationid":0,"currentlocationid":21042,"nextlocationid":0,"currentstop":null,"nextstop":null,"laststop":null,"stopCoveredStatus":0,"heading":108,"lastrefreshon":"21-10-2024 14:19:43","lastreceiveddatetimeflag":0,"tripposition":3}]}],"mapData":[{"vehicleid":11736,"vehiclenumber":"KA57F2856","servicetypeid":72,"servicetype":"Non AC/Ordinary","centerlat":12.978381,"centerlong":77.640633,"eta":"","sch_arrivaltime":"22:18","sch_departuretime":"22:18","actual_arrivaltime":"","actual_departuretime":"","sch_tripstarttime":"21:15","sch_tripendtime":"21:15","lastlocationid":0,"currentlocationid":21042,"nextlocationid":0,"currentstop":null,"nextstop":null,"laststop":null,"stopCoveredStatus":0,"heading":108,"lastrefreshon":"21-10-2024 14:19:43","lastreceiveddatetimeflag":0,"tripposition":3}]},"message":"Success","issuccess":true,"exception":null,"rowCount":0,"responsecode":200}