{"up":{"data":[],"mapData":[]},"down":{"data":[{"routeid":6042,"stationid":21288,"stationname":"Yeshawanthapura Bus Station","from":"Yeshawanthapura Bus Station","to":"Jayanagara Bus Station","routeno":"410-F","distance_on_station":0,"centerlat":13.01801,"centerlong":77.55662,"responsecode":200,"isnotify":0,"vehicleDetails":[{"vehicleid":3086,"vehiclenumber":"KA57F2663","servicetypeid":72,"servicetype":"Non AC/Ordinary","centerlat":12.909767,"centerlong":77.536858,"eta":"","sch_arrivaltime":"16:50","sch_departuretime":"16:50","actual_arrivaltime":"","actual_departuretime":"","sch_tripstarttime":"16:50","sch_tripendtime":"16:50","lastlocationid":0,"currentlocationid":20916,"nextlocationid":0,"currentstop":null,"nextstop":null,"laststop":null,"stopCoveredStatus":0,"heading":336,"lastrefreshon":"21-10-2024 14:18:56","lastreceiveddatetimeflag":0,"tripposition":3}]},{"routeid":6042,"stationid":20791,"stationname":"Govardhan Talkies","from":"Yeshawanthapura Bus Station","to":"Jayanagara Bus Station","routeno":"410-F","distance_on_station":1.113,"centerlat":13.02,"centerlong":77.55274,"responsecode":200,"isnotify":0,"vehicleDetails":[{"vehicleid":3086,"vehiclenumber":"KA57F2663","servicetypeid":72,"servicetype":"Non AC/Ordinary","centerlat":12.909767,"centerlong":77.536858,"eta":"","sch_arrivaltime":"16:55","sch_departuretime":"16:55","actual_arrivaltime":"","actual_departuretime":"","sch_tripstarttime":"16:50","sch_tripendtime":"16:50","lastlocationid":0,"currentlocationid":20916,"nextlocationid":0,"currentstop":null,"nextstop":null,"laststop":null,"stopCoveredStatus":0,"heading":336,"lastrefreshon":"21-10-2024 14:18:56","lastreceiveddatetimeflag":0,"tripposition":3}]},{"routeid":6042,"stationid":21131,"stationname":"RMC Yard (Yashawanthapura New Railway Station)","from":"Yeshawanthapura Bus Station","to":"Jayanagara Bus Station","routeno":"410-F","distance_on_station":1.759,"centerlat":13.02366,"centerlong":77.54877,"responsecode":200,"isnotify":0,"vehicleDetails":[{"vehicleid":3086,"vehiclenumber":"KA57F2663","servicetypeid":72,"servicetype":"Non AC/Ordinary","centerlat":12.909767,"centerlong":77.536858,"eta":"","sch_arrivaltime":"16:56","sch_departuretime":"16:56","actual_arrivaltime":"","actual_departuretime":"","sch_tripstarttime":"16:50","sch_tripendtime":"16:50","lastlocationid":0,"currentlocationid":20916,"nextlocationid":0,"currentstop":null,"nextstop":null,"laststop":null,"stopCoveredStatus":0,"heading":336,"lastrefreshon":"21-10-2024 14:18:56","lastreceiveddatetimeflag":0,"tripposition":3}]},{"routeid":6042,"stationid":21016,"stationname":"MEI Factory","from":"Yeshawanthapura Bus Station","to":"Jayanagara Bus Station","routeno":"410-F","distance_on_station":2.395,"centerlat":13.0264,"centerlong":77.54402,"responsecode":200,"isnotify":0,"vehicleDetails":[{"vehicleid":3086,"vehiclenumber":"KA57F2663","servicetypeid":72,"servicetype":"Non AC/Ordinary","centerlat":12.909767,"centerlong":77.536858,"eta":"","sch_arrivaltime":"16:57","sch_departuretime":"16:57","actual_arrivaltime":"","actual_departuretime":"","sch_tripstarttime":"16:50","sch_tripendtime":"16:50","lastlocationid":0,"currentlocationid":20916,"nextlocationid":0,"currentstop":null,"nextstop":null,"laststop":null,"stopCoveredStatus":0,"heading":336,"lastrefreshon":"21-10-2024 14:18:56","lastreceiveddatetimeflag":0,"tripposition":3}]},{"routeid":6042,"stationid":20790,"stationname":"Goraguntepalya","from":"Yeshawanthapura Bus Station","to":"Jayanagara Bus Station","routeno":"410-F","distance_on_station":2.988,"centerlat":13.02895,"centerlong":77.5395,"responsecode":200,"isnotify":0,"vehicleDetails":[{"vehicleid":3086,"vehiclenumber":"KA57F2663","servicetypeid":72,"servicetype":"Non AC/Ordinary","centerlat":12.909767,"centerlong":77.536858,"eta":"","sch_arrivaltime":"16:58","sch_departuretime":"16:58","actual_arrivaltime":"","actual_departuretime":"","sch_tripstarttime":"16:50","sch_tripendtime":"16:50","lastlocationid":0,"currentlocationid":20916,"nextlocationid":0,"currentstop":null,"nextstop":null,"laststop":null,"stopCoveredStatus":0,"heading":336,"lastrefreshon":"21-10-2024 14:18:56","lastreceiveddatetimeflag":0,"tripposition":3}]},{"routeid":6042,"stationid":33154,"stationname":"Goraguntepalya  Ring Road","from":"Yeshawanthapura Bus Station","to":"Jayanagara Bus Station","routeno":"410-F","distance_on_station":3.328,"centerlat":13.02997,"centerlong":77.53707,"responsecode":200,"isnotify":0,"vehicleDetails":[{"vehicleid":3086,"vehiclenumber":"KA57F2663","servicetypeid":72,"servicetype":"Non AC/Ordinary","centerlat":12.909767,"centerlong":77.536858,"eta":"","sch_arrivaltime":"16:59","sch_departuretime":"16:59","actual_arrivaltime":"","actual_departuretime":"","sch_tripstarttime":"16:50","sch_tripendtime":"16:50","lastlocationid":0,"currentlocationid":20916,"nextlocationid":0,"currentstop":null,"nextstop":null,"laststop":null,"stopCoveredStatus":0,"heading":336,"lastrefreshon":"21-10-2024 14:18:56","lastreceiveddatetimeflag":0,"tripposition":3}]},{"routeid":6042,"stationid":24002,"stationname":"Reliance Petrol Bunk Goraguntepalya","from":"Yeshawanthapura Bus Station","to":"Jayanagara Bus Station","routeno":"410-F","distance_on_station":3.508,"centerlat":13.02866,"centerlong":77.5363,"responsecode":200,"isnotify":0,"vehicleDetails":[{"vehicleid":3086,"vehiclenumber":"KA57F2663","servicetypeid":72,"servicetype":"Non AC/Ordinary","centerlat":12.909767,"centerlong":77.536858,"eta":"","sch_arrivaltime":"17:00","sch_departuretime":"17:00","actual_arrivaltime":"","actual_departuretime":"","sch_tripstarttime":"16:50","sch_tripendtime":"16:50","lastlocationid":0,"currentlocationid":20916,"nextlocationid":0,"currentstop":null,"nextstop":null,"laststop":null,"stopCoveredStatus":0,"heading":336,"lastrefreshon":"21-10-2024 14:18:56","lastreceiveddatetimeflag":0,"tripposition":3}]},{"routeid":6042,"stationid":24003,"stationname":"Modern Food Goraguntepalya","from":"Yeshawanthapura Bus Station","to":"Jayanagara Bus Station","routeno":"410-F","distance_on_station":4.016,"centerlat":13.02483,"centerlong":77.53414,"responsecode":200,"isnotify":0,"vehicleDetails":[{"vehicleid":3086,"vehiclenumber":"KA57F2663","servicetypeid":72,"servicetype":"Non AC/Ordinary","centerlat":12.909767,"centerlong":77.536858,"eta":"","sch_arrivaltime":"17:01","sch_departuretime":"17:01","actual_arrivaltime":"","actual_departuretime":"","sch_tripstarttime":"16:50","sch_tripendtime":"16:50","lastlocationid":0,"currentlocationid":20916,"nextlocationid":0,"currentstop":null,"nextstop":null,"laststop":null,"stopCoveredStatus":0,"heading":336,"lastrefreshon":"21-10-2024 14:18:56","lastreceiveddatetimeflag":0,"tripposition":3}]},{"routeid":6042,"stationid":33342,"stationname":"Kanteerava Studio","from":"Yeshawanthapura Bus Station","to":"Jayanagara Bus Station","routeno":"410-F","distance_on_station":4.472,"centerlat":13.02138,"centerlong":77.53252,"responsecode":200,"isnotify":0,"vehicleDetails":[{"vehicleid":3086,"vehiclenumber":"KA57F2663","servicetypeid":72,"servicetype":"Non AC/Ordinary","centerlat":12.909767,"centerlong":77.536858,"eta":"","sch_arrivaltime":"17:02","sch_departuretime":"17:02","actual_arrivaltime":"","actual_departuretime":"","sch_tripstarttime":"16:50","sch_tripendtime":"16:50","lastlocationid":0,"currentlocationid":20916,"nextlocationid":0,"currentstop":null,"nextstop":null,"laststop":null,"stopCoveredStatus":0,"heading":336,"lastrefreshon":"21-10-2024 14:18:56","lastreceiveddatetimeflag":0,"tripposition":3}]},{"routeid":6042,"stationid":34345,"stationname":"Rajkumar Punya Bhoomi","from":"Yeshawanthapura Bus Station","to":"Jayanagara Bus Station","routeno":"410-F","distance_on_station":4.811,"centerlat":13.01859,"centerlong":77.5319,"responsecode":200,"isnotify":0,"vehicleDetails":[{"vehicleid":3086,"vehiclenumber":"KA57F2663","servicetypeid":72,"servicetype":"Non AC/Ordinary","centerlat":12.909767,"centerlong":77.536858,"eta":"","sch_arrivaltime":"17:03","sch_departuretime":"17:03","actual_arrivaltime":"","actual_departuretime":"","sch_tripstarttime":"16:50","sch_tripendtime":"16:50","lastlocationid":0,"currentlocationid":20916,"nextlocationid":0,"currentstop":null,"nextstop":null,"laststop":null,"stopCoveredStatus":0,"heading":336,"lastrefreshon":"21-10-2024 14:18:56","lastreceiveddatetimeflag":0,"tripposition":3}]},{"routeid":6042,"stationid":34086,"stationname":"Nandhini Layout","from":"Yeshawanthapura Bus Station","to":"Jayanagara Bus Station","routeno":"410-F","distance_on_station":5.299,"centerlat":13.01466,"centerlong":77.5307,"responsecode":200,"isnotify":0,"vehicleDetails":[{"vehicleid":3086,"vehiclenumber":"KA57F2663","servicetypeid":72,"servicetype":"Non AC/Ordinary","centerlat":12.909767,"centerlong":77.536858,"eta":"","sch_arrivaltime":"17:04","sch_departuretime":"17:04","actual_arrivaltime":"","actual_departuretime":"","sch_tripstarttime":"16:50","sch_tripendtime":"16:50","lastlocationid":0,"currentlocationid":20916,"nextlocationid":0,"currentstop":null,"nextstop":null,"laststop":null,"stopCoveredStatus":0,"heading":336,"lastrefreshon":"21-10-2024 14:18:56","lastreceiveddatetimeflag":0,"tripposition":3}]},{"routeid":6042,"stationid":29290,"stationname":"Nandini Layout Ring Road","from":"Yeshawanthapura Bus Station","to":"Jayanagara Bus Station","routeno":"410-F","distance_on_station":5.723,"centerlat":13.01159,"centerlong":77.52872,"responsecode":200,"isnotify":0,"vehicleDetails":[{"vehicleid":3086,"vehiclenumber":"KA57F2663","servicetypeid":72,"servicetype":"Non AC/Ordinary","centerlat":12.909767,"centerlong":77.536858,"eta":"","sch_arrivaltime":"17:05","sch_departuretime":"17:05","actual_arrivaltime":"","actual_departuretime":"","sch_tripstarttime":"16:50","sch_tripendtime":"16:50","lastlocationid":0,"currentlocationid":20916,"nextlocationid":0,"currentstop":null,"nextstop":null,"laststop":null,"stopCoveredStatus":0,"heading":336,"lastrefreshon":"21-10-2024 14:18:56","lastreceiveddatetimeflag":0,"tripposition":3}]},{"routeid":6042,"stationid":33650,"stationname":"Laggere Bridge","from":"Yeshawanthapura Bus Station","to":"Jayanagara Bus Station","routeno":"410-F","distance_on_station":6.263,"centerlat":13.00756,"centerlong":77.52678,"responsecode":200,"isnotify":0,"vehicleDetails":[{"vehicleid":3086,"vehiclenumber":"KA57F2663","servicetypeid":72,"servicetype":"Non AC/Ordinary","centerlat":12.909767,"centerlong":77.536858,"eta":"","sch_arrivaltime":"17:06","sch_departuretime":"17:06","actual_arrivaltime":"","actual_departuretime":"","sch_tripstarttime":"16:50","sch_tripendtime":"16:50","lastlocationid":0,"currentlocationid":20916,"nextlocationid":0,"currentstop":null,"nextstop":null,"laststop":null,"stopCoveredStatus":0,"heading":336,"lastrefreshon":"21-10-2024 14:18:56","lastreceiveddatetimeflag":0,"tripposition":3}]},{"routeid":6042,"stationid":30988,"stationname":"Kempegowda Arch","from":"Yeshawanthapura Bus Station","to":"Jayanagara Bus Station","routeno":"410-F","distance_on_station":6.973,"centerlat":13.00174,"centerlong":77.52556,"responsecode":200,"isnotify":0,"vehicleDetails":[{"vehicleid":3086,"vehiclenumber":"KA57F2663","servicetypeid":72,"servicetype":"Non AC/Ordinary","centerlat":12.909767,"centerlong":77.536858,"eta":"","sch_arrivaltime":"17:07","sch_departuretime":"17:07","actual_arrivaltime":"","actual_departuretime":"","sch_tripstarttime":"16:50","sch_tripendtime":"16:50","lastlocationid":0,"currentlocationid":20916,"nextlocationid":0,"currentstop":null,"nextstop":null,"laststop":null,"stopCoveredStatus":0,"heading":336,"lastrefreshon":"21-10-2024 14:18:56","lastreceiveddatetimeflag":0,"tripposition":3}]},{"routeid":6042,"stationid":28518,"stationname":"Lurdubayi Samudaya Bhavana","from":"Yeshawanthapura Bus Station","to":"Jayanagara Bus Station","routeno":"410-F","distance_on_station":7.556,"centerlat":12.99723,"centerlong":77.52339,"responsecode":200,"isnotify":0,"vehicleDetails":[{"vehicleid":3086,"vehiclenumber":"KA57F2663","servicetypeid":72,"servicetype":"Non AC/Ordinary","centerlat":12.909767,"centerlong":77.536858,"eta":"","sch_arrivaltime":"17:08","sch_departuretime":"17:08","actual_arrivaltime":"","actual_departuretime":"","sch_tripstarttime":"16:50","sch_tripendtime":"16:50","lastlocationid":0,"currentlocationid":20916,"nextlocationid":0,"currentstop":null,"nextstop":null,"laststop":null,"stopCoveredStatus":0,"heading":336,"lastrefreshon":"21-10-2024 14:18:56","lastreceiveddatetimeflag":0,"tripposition":3}]},{"routeid":6042,"stationid":21887,"stationname":"Depot-31 Gate","from":"Yeshawanthapura Bus Station","to":"Jayanagara Bus Station","routeno":"410-F","distance_on_station":8.086,"centerlat":12.99306,"centerlong":77.52146,"responsecode":200,"isnotify":0,"vehicleDetails":[{"vehicleid":3086,"vehiclenumber":"KA57F2663","servicetypeid":72,"servicetype":"Non AC/Ordinary","centerlat":12.909767,"centerlong":77.536858,"eta":"","sch_arrivaltime":"17:09","sch_departuretime":"17:09","actual_arrivaltime":"","actual_departuretime":"","sch_tripstarttime":"16:50","sch_tripendtime":"16:50","lastlocationid":0,"currentlocationid":20916,"nextlocationid":0,"currentstop":null,"nextstop":null,"laststop":null,"stopCoveredStatus":0,"heading":336,"lastrefreshon":"21-10-2024 14:18:56","lastreceiveddatetimeflag":0,"tripposition":3}]},{"routeid":6042,"stationid":26750,"stationname":"Summanahalli","from":"Yeshawanthapura Bus Station","to":"Jayanagara Bus Station","routeno":"410-F","distance_on_station":8.923,"centerlat":12.98631,"centerlong":77.51934,"responsecode":200,"isnotify":0,"vehicleDetails":[{"vehicleid":3086,"vehiclenumber":"KA57F2663","servicetypeid":72,"servicetype":"Non AC/Ordinary","centerlat":12.909767,"centerlong":77.536858,"eta":"","sch_arrivaltime":"17:10","sch_departuretime":"17:10","actual_arrivaltime":"","actual_departuretime":"","sch_tripstarttime":"16:50","sch_tripendtime":"16:50","lastlocationid":0,"currentlocationid":20916,"nextlocationid":0,"currentstop":null,"nextstop":null,"laststop":null,"stopCoveredStatus":0,"heading":336,"lastrefreshon":"21-10-2024 14:18:56","lastreceiveddatetimeflag":0,"tripposition":3}]},{"routeid":6042,"stationid":33759,"stationname":"Malagala","from":"Yeshawanthapura Bus Station","to":"Jayanagara Bus Station","routeno":"410-F","distance_on_station":9.961,"centerlat":12.97863,"centerlong":77.51525,"responsecode":200,"isnotify":0,"vehicleDetails":[{"vehicleid":3086,"vehiclenumber":"KA57F2663","servicetypeid":72,"servicetype":"Non AC/Ordinary","centerlat":12.909767,"centerlong":77.536858,"eta":"","sch_arrivaltime":"17:12","sch_departuretime":"17:12","actual_arrivaltime":"","actual_departuretime":"","sch_tripstarttime":"16:50","sch_tripendtime":"16:50","lastlocationid":0,"currentlocationid":20916,"nextlocationid":0,"currentstop":null,"nextstop":null,"laststop":null,"stopCoveredStatus":0,"heading":336,"lastrefreshon":"21-10-2024 14:18:56","lastreceiveddatetimeflag":0,"tripposition":3}]},{"routeid":6042,"stationid":29809,"stationname":"BDA Complex Cross Nagarabhavi","from":"Yeshawanthapura Bus Station","to":"Jayanagara Bus Station","routeno":"410-F","distance_on_station":10.788,"centerlat":12.97211,"centerlong":77.51293,"responsecode":200,"isnotify":0,"vehicleDetails":[{"vehicleid":3086,"vehiclenumber":"KA57F2663","servicetypeid":72,"servicetype":"Non AC/Ordinary","centerlat":12.909767,"centerlong":77.536858,"eta":"","sch_arrivaltime":"17:13","sch_departuretime":"17:13","actual_arrivaltime":"","actual_departuretime":"","sch_tripstarttime":"16:50","sch_tripendtime":"16:50","lastlocationid":0,"currentlocationid":20916,"nextlocationid":0,"currentstop":null,"nextstop":null,"laststop":null,"stopCoveredStatus":0,"heading":336,"lastrefreshon":"21-10-2024 14:18:56","lastreceiveddatetimeflag":0,"tripposition":3}]},{"routeid":6042,"stationid":21630,"stationname":"12th Block Nagarabhavi","from":"Yeshawanthapura Bus Station","to":"Jayanagara Bus Station","routeno":"410-F","distance_on_station":12.187,"centerlat":12.96076,"centerlong":77.51351,"responsecode":200,"isnotify":0,"vehicleDetails":[{"vehicleid":3086,"vehiclenumber":"KA57F2663","servicetypeid":72,"servicetype":"Non AC/Ordinary","centerlat":12.909767,"centerlong":77.536858,"eta":"","sch_arrivaltime":"17:15","sch_departuretime":"17:15","actual_arrivaltime":"","actual_departuretime":"","sch_tripstarttime":"16:50","sch_tripendtime":"16:50","lastlocationid":0,"currentlocationid":20916,"nextlocationid":0,"currentstop":null,"nextstop":null,"laststop":null,"stopCoveredStatus":0,"heading":336,"lastrefreshon":"21-10-2024 14:18:56","lastreceiveddatetimeflag":0,"tripposition":3}]},{"routeid":6042,"stationid":34041,"stationname":"Nagarabhavi Circle","from":"Yeshawanthapura Bus Station","to":"Jayanagara Bus Station","routeno":"410-F","distance_on_station":12.632,"centerlat":12.95907,"centerlong":77.51686,"responsecode":200,"isnotify":0,"vehicleDetails":[{"vehicleid":3086,"vehiclenumber":"KA57F2663","servicetypeid":72,"servicetype":"Non AC/Ordinary","centerlat":12.909767,"centerlong":77.536858,"eta":"","sch_arrivaltime":"17:16","sch_departuretime":"17:16","actual_arrivaltime":"","actual_departuretime":"","sch_tripstarttime":"16:50","sch_tripendtime":"16:50","lastlocationid":0,"currentlocationid":20916,"nextlocationid":0,"currentstop":null,"nextstop":null,"laststop":null,"stopCoveredStatus":0,"heading":336,"lastrefreshon":"21-10-2024 14:18:56","lastreceiveddatetimeflag":0,"tripposition":3}]},{"routeid":6042,"stationid":22896,"stationname":"1st Stage 3rd Block Nagarabhavi (Nayandahalli)","from":"Yeshawanthapura Bus Station","to":"Jayanagara Bus Station","routeno":"410-F","distance_on_station":13.543,"centerlat":12.95302,"centerlong":77.52026,"responsecode":200,"isnotify":0,"vehicleDetails":[{"vehicleid":3086,"vehiclenumber":"KA57F2663","servicetypeid":72,"servicetype":"Non AC/Ordinary","centerlat":12.909767,"centerlong":77.536858,"eta":"","sch_arrivaltime":"17:17","sch_departuretime":"17:17","actual_arrivaltime":"","actual_departuretime":"","sch_tripstarttime":"16:50","sch_tripendtime":"16:50","lastlocationid":0,"currentlocationid":20916,"nextlocationid":0,"currentstop":null,"nextstop":null,"laststop":null,"stopCoveredStatus":0,"heading":336,"lastrefreshon":"21-10-2024 14:18:56","lastreceiveddatetimeflag":0,"tripposition":3}]},{"routeid":6042,"stationid":23371,"stationname":"Nayandahalli Junction","from":"Yeshawanthapura Bus Station","to":"Jayanagara Bus Station","routeno":"410-F","distance_on_station":15.175,"centerlat":12.94381,"centerlong":77.53029,"responsecode":200,"isnotify":0,"vehicleDetails":[{"vehicleid":3086,"vehiclenumber":"KA57F2663","servicetypeid":72,"servicetype":"Non AC/Ordinary","centerlat":12.909767,"centerlong":77.536858,"eta":"","sch_arrivaltime":"17:19","sch_departuretime":"17:19","actual_arrivaltime":"","actual_departuretime":"","sch_tripstarttime":"16:50","sch_tripendtime":"16:50","lastlocationid":0,"currentlocationid":20916,"nextlocationid":0,"currentstop":null,"nextstop":null,"laststop":null,"stopCoveredStatus":0,"heading":336,"lastrefreshon":"21-10-2024 14:18:56","lastreceiveddatetimeflag":0,"tripposition":3}]},{"routeid":6042,"stationid":21249,"stationname":"Veerabhadra Nagara","from":"Yeshawanthapura Bus Station","to":"Jayanagara Bus Station","routeno":"410-F","distance_on_station":15.96,"centerlat":12.93807,"centerlong":77.53368,"responsecode":200,"isnotify":0,"vehicleDetails":[{"vehicleid":3086,"vehiclenumber":"KA57F2663","servicetypeid":72,"servicetype":"Non AC/Ordinary","centerlat":12.909767,"centerlong":77.536858,"eta":"","sch_arrivaltime":"17:20","sch_departuretime":"17:20","actual_arrivaltime":"","actual_departuretime":"","sch_tripstarttime":"16:50","sch_tripendtime":"16:50","lastlocationid":0,"currentlocationid":20916,"nextlocationid":0,"currentstop":null,"nextstop":null,"laststop":null,"stopCoveredStatus":0,"heading":336,"lastrefreshon":"21-10-2024 14:18:56","lastreceiveddatetimeflag":0,"tripposition":3}]},{"routeid":6042,"stationid":21088,"stationname":"PES College","from":"Yeshawanthapura Bus Station","to":"Jayanagara Bus Station","routeno":"410-F","distance_on_station":16.468,"centerlat":12.93522,"centerlong":77.53674,"responsecode":200,"isnotify":0,"vehicleDetails":[{"vehicleid":3086,"vehiclenumber":"KA57F2663","servicetypeid":72,"servicetype":"Non AC/Ordinary","centerlat":12.909767,"centerlong":77.536858,"eta":"","sch_arrivaltime":"17:21","sch_departuretime":"17:21","actual_arrivaltime":"","actual_departuretime":"","sch_tripstarttime":"16:50","sch_tripendtime":"16:50","lastlocationid":0,"currentlocationid":20916,"nextlocationid":0,"currentstop":null,"nextstop":null,"laststop":null,"stopCoveredStatus":0,"heading":336,"lastrefreshon":"21-10-2024 14:18:56","lastreceiveddatetimeflag":0,"tripposition":3}]},{"routeid":6042,"stationid":20844,"stationname":"Hosakerehalli Petrol Bunk","from":"Yeshawanthapura Bus Station","to":"Jayanagara Bus Station","routeno":"410-F","distance_on_station":16.966,"centerlat":12.9337,"centerlong":77.53936,"responsecode":200,"isnotify":0,"vehicleDetails":[{"vehicleid":3086,"vehiclenumber":"KA57F2663","servicetypeid":72,"servicetype":"Non AC/Ordinary","centerlat":12.909767,"centerlong":77.536858,"eta":"","sch_arrivaltime":"17:22","sch_departuretime":"17:22","actual_arrivaltime":"","actual_departuretime":"","sch_tripstarttime":"16:50","sch_tripendtime":"16:50","lastlocationid":0,"currentlocationid":20916,"nextlocationid":0,"currentstop":null,"nextstop":null,"laststop":null,"stopCoveredStatus":0,"heading":336,"lastrefreshon":"21-10-2024 14:18:56","lastreceiveddatetimeflag":0,"tripposition":3}]},{"routeid":6042,"stationid":20842,"stationname":"Hosakerehalli  Junction","from":"Yeshawanthapura Bus Station","to":"Jayanagara Bus Station","routeno":"410-F","distance_on_station":17.443,"centerlat":12.93043,"centerlong":77.54361,"responsecode":200,"isnotify":0,"vehicleDetails":[{"vehicleid":3086,"vehiclenumber":"KA57F2663","servicetypeid":72,"servicetype":"Non AC/Ordinary","centerlat":12.909767,"centerlong":77.536858,"eta":"","sch_arrivaltime":"17:23","sch_departuretime":"17:23","actual_arrivaltime":"","actual_departuretime":"","sch_tripstarttime":"16:50","sch_tripendtime":"16:50","lastlocationid":0,"currentlocationid":20916,"nextlocationid":0,"currentstop":null,"nextstop":null,"laststop":null,"stopCoveredStatus":0,"heading":336,"lastrefreshon":"21-10-2024 14:18:56","lastreceiveddatetimeflag":0,"tripposition":3}]},{"routeid":6042,"stationid":20875,"stationname":"Janatha Bazar  Banashankari","from":"Yeshawanthapura Bus Station","to":"Jayanagara Bus Station","routeno":"410-F","distance_on_station":17.803,"centerlat":12.92839,"centerlong":77.54594,"responsecode":200,"isnotify":0,"vehicleDetails":[{"vehicleid":3086,"vehiclenumber":"KA57F2663","servicetypeid":72,"servicetype":"Non AC/Ordinary","centerlat":12.909767,"centerlong":77.536858,"eta":"","sch_arrivaltime":"17:24","sch_departuretime":"17:24","actual_arrivaltime":"","actual_departuretime":"","sch_tripstarttime":"16:50","sch_tripendtime":"16:50","lastlocationid":0,"currentlocationid":20916,"nextlocationid":0,"currentstop":null,"nextstop":null,"laststop":null,"stopCoveredStatus":0,"heading":336,"lastrefreshon":"21-10-2024 14:18:56","lastreceiveddatetimeflag":0,"tripposition":3}]},{"routeid":6042,"stationid":20916,"stationname":"Kathriguppe","from":"Yeshawanthapura Bus Station","to":"Jayanagara Bus Station","routeno":"410-F","distance_on_station":18.408,"centerlat":12.92534,"centerlong":77.55021,"responsecode":200,"isnotify":0,"vehicleDetails":[{"vehicleid":3086,"vehiclenumber":"KA57F2663","servicetypeid":72,"servicetype":"Non AC/Ordinary","centerlat":12.909767,"centerlong":77.536858,"eta":"","sch_arrivaltime":"17:25","sch_departuretime":"17:25","actual_arrivaltime":"","actual_departuretime":"","sch_tripstarttime":"16:50","sch_tripendtime":"16:50","lastlocationid":0,"currentlocationid":20916,"nextlocationid":0,"currentstop":null,"nextstop":null,"laststop":null,"stopCoveredStatus":0,"heading":336,"lastrefreshon":"21-10-2024 14:18:56","lastreceiveddatetimeflag":0,"tripposition":3}]},{"routeid":6042,"stationid":35773,"stationname":"Kamakya Talkies","from":"Yeshawanthapura Bus Station","to":"Jayanagara Bus Station","routeno":"410-F","distance_on_station":18.874,"centerlat":12.92382,"centerlong":77.55393,"responsecode":200,"isnotify":0,"vehicleDetails":[{"vehicleid":3086,"vehiclenumber":"KA57F2663","servicetypeid":72,"servicetype":"Non AC/Ordinary","centerlat":12.909767,"centerlong":77.536858,"eta":"","sch_arrivaltime":"17:26","sch_departuretime":"17:26","actual_arrivaltime":"","actual_departuretime":"","sch_tripstarttime":"16:50","sch_tripendtime":"16:50","lastlocationid":0,"currentlocationid":20916,"nextlocationid":0,"currentstop":null,"nextstop":null,"laststop":null,"stopCoveredStatus":0,"heading":336,"lastrefreshon":"21-10-2024 14:18:56","lastreceiveddatetimeflag":0,"tripposition":3}]},{"routeid":6042,"stationid":20755,"stationname":"Devegowda Petrol Bunk","from":"Yeshawanthapura Bus Station","to":"Jayanagara Bus Station","routeno":"410-F","distance_on_station":19.669,"centerlat":12.92189,"centerlong":77.56058,"responsecode":200,"isnotify":0,"vehicleDetails":[{"vehicleid":3086,"vehiclenumber":"KA57F2663","servicetypeid":72,"servicetype":"Non AC/Ordinary","centerlat":12.909767,"centerlong":77.536858,"eta":"","sch_arrivaltime":"17:28","sch_departuretime":"17:28","actual_arrivaltime":"","actual_departuretime":"","sch_tripstarttime":"16:50","sch_tripendtime":"16:50","lastlocationid":0,"currentlocationid":20916,"nextlocationid":0,"currentstop":null,"nextstop":null,"laststop":null,"stopCoveredStatus":0,"heading":336,"lastrefreshon":"21-10-2024 14:18:56","lastreceiveddatetimeflag":0,"tripposition":3}]},{"routeid":6042,"stationid":20898,"stationname":"Kadirenahalli Park","from":"Yeshawanthapura Bus Station","to":"Jayanagara Bus Station","routeno":"410-F","distance_on_station":20.368,"centerlat":12.91768,"centerlong":77.56453,"responsecode":200,"isnotify":0,"vehicleDetails":[{"vehicleid":3086,"vehiclenumber":"KA57F2663","servicetypeid":72,"servicetype":"Non AC/Ordinary","centerlat":12.909767,"centerlong":77.536858,"eta":"","sch_arrivaltime":"17:29","sch_departuretime":"17:29","actual_arrivaltime":"","actual_departuretime":"","sch_tripstarttime":"16:50","sch_tripendtime":"16:50","lastlocationid":0,"currentlocationid":20916,"nextlocationid":0,"currentstop":null,"nextstop":null,"laststop":null,"stopCoveredStatus":0,"heading":336,"lastrefreshon":"21-10-2024 14:18:56","lastreceiveddatetimeflag":0,"tripposition":3}]},{"routeid":6042,"stationid":20896,"stationname":"Kadirenahalli Cross","from":"Yeshawanthapura Bus Station","to":"Jayanagara Bus Station","routeno":"410-F","distance_on_station":20.887,"centerlat":12.91391,"centerlong":77.56657,"responsecode":200,"isnotify":0,"vehicleDetails":[{"vehicleid":3086,"vehiclenumber":"KA57F2663","servicetypeid":72,"servicetype":"Non AC/Ordinary","centerlat":12.909767,"centerlong":77.536858,"eta":"","sch_arrivaltime":"17:30","sch_departuretime":"17:30","actual_arrivaltime":"","actual_departuretime":"","sch_tripstarttime":"16:50","sch_tripendtime":"16:50","lastlocationid":0,"currentlocationid":20916,"nextlocationid":0,"currentstop":null,"nextstop":null,"laststop":null,"stopCoveredStatus":0,"heading":336,"lastrefreshon":"21-10-2024 14:18:56","lastreceiveddatetimeflag":0,"tripposition":3}]},{"routeid":6042,"stationid":20623,"stationname":"Banashankari Bus Station","from":"Yeshawanthapura Bus Station","to":"Jayanagara Bus Station","routeno":"410-F","distance_on_station":22,"centerlat":12.91779,"centerlong":77.57272,"responsecode":200,"isnotify":0,"vehicleDetails":[{"vehicleid":3086,"vehiclenumber":"KA57F2663","servicetypeid":72,"servicetype":"Non AC/Ordinary","centerlat":12.909767,"centerlong":77.536858,"eta":"","sch_arrivaltime":"17:35","sch_departuretime":"17:35","actual_arrivaltime":"","actual_departuretime":"","sch_tripstarttime":"16:50","sch_tripendtime":"16:50","lastlocationid":0,"currentlocationid":20916,"nextlocationid":0,"currentstop":null,"nextstop":null,"laststop":null,"stopCoveredStatus":0,"heading":336,"lastrefreshon":"21-10-2024 14:18:56","lastreceiveddatetimeflag":0,"tripposition":3}]}],"mapData":[{"vehicleid":3086,"vehiclenumber":"KA57F2663","servicetypeid":72,"servicetype":"Non AC/Ordinary","centerlat":12.909767,"centerlong":77.536858,"eta":"","sch_arrivaltime":"17:35","sch_departuretime":"17:35","actual_arrivaltime":"","actual_departuretime":"","sch_tripstarttime":"16:50","sch_tripendtime":"16:50","lastlocationid":0,"currentlocationid":20916,"nextlocationid":0,"currentstop":null,"nextstop":null,"laststop":null,"stopCoveredStatus":0,"heading":336,"lastrefreshon":"21-10-2024 14:18:56","lastreceiveddatetimeflag":0,"tripposition":3}]},"message":"Success","issuccess":true,"exception":null,"rowCount":0,"responsecode":200}