{"up":{"data":[{"routeid":11951,"stationid":38110,"stationname":"HAL Market/SBI Bank","from":"HAL Market/SBI Bank","to":"Jayanagara Bus Station","routeno":"411-A HALM-JNRTTMC","distance_on_station":0,"centerlat":12.96036,"centerlong":77.66621,"responsecode":200,"isnotify":0,"vehicleDetails":[{"vehicleid":15303,"vehiclenumber":"KA57F2930","servicetypeid":72,"servicetype":"Non AC/Ordinary","centerlat":12.981593,"centerlong":77.634155,"eta":"","sch_arrivaltime":"15:35","sch_departuretime":"15:35","actual_arrivaltime":"","actual_departuretime":"","sch_tripstarttime":"15:35","sch_tripendtime":"15:35","lastlocationid":0,"currentlocationid":21918,"nextlocationid":0,"currentstop":null,"nextstop":null,"laststop":null,"stopCoveredStatus":1,"heading":0,"lastrefreshon":"06-11-2024 21:27:22","lastreceiveddatetimeflag":0,"tripposition":3}]},{"routeid":11951,"stationid":22004,"stationname":"HAL Main Gate","from":"HAL Market/SBI Bank","to":"Jayanagara Bus Station","routeno":"411-A HALM-JNRTTMC","distance_on_station":1.189,"centerlat":12.95854,"centerlong":77.66505,"responsecode":200,"isnotify":0,"vehicleDetails":[{"vehicleid":15303,"vehiclenumber":"KA57F2930","servicetypeid":72,"servicetype":"Non AC/Ordinary","centerlat":12.981593,"centerlong":77.634155,"eta":"","sch_arrivaltime":"15:40","sch_departuretime":"15:40","actual_arrivaltime":"15:17","actual_departuretime":"15:18","sch_tripstarttime":"15:35","sch_tripendtime":"15:35","lastlocationid":0,"currentlocationid":21918,"nextlocationid":0,"currentstop":null,"nextstop":null,"laststop":null,"stopCoveredStatus":1,"heading":0,"lastrefreshon":"06-11-2024 21:27:22","lastreceiveddatetimeflag":0,"tripposition":3}]},{"routeid":11951,"stationid":22194,"stationname":"Konena Agrahara","from":"HAL Market/SBI Bank","to":"Jayanagara Bus Station","routeno":"411-A HALM-JNRTTMC","distance_on_station":1.816,"centerlat":12.95902,"centerlong":77.65946,"responsecode":200,"isnotify":0,"vehicleDetails":[{"vehicleid":15303,"vehiclenumber":"KA57F2930","servicetypeid":72,"servicetype":"Non AC/Ordinary","centerlat":12.981593,"centerlong":77.634155,"eta":"","sch_arrivaltime":"15:42","sch_departuretime":"15:42","actual_arrivaltime":"15:19","actual_departuretime":"15:19","sch_tripstarttime":"15:35","sch_tripendtime":"15:35","lastlocationid":0,"currentlocationid":21918,"nextlocationid":0,"currentstop":null,"nextstop":null,"laststop":null,"stopCoveredStatus":1,"heading":0,"lastrefreshon":"06-11-2024 21:27:22","lastreceiveddatetimeflag":0,"tripposition":3}]},{"routeid":11951,"stationid":22485,"stationname":"Murugeshpalya","from":"HAL Market/SBI Bank","to":"Jayanagara Bus Station","routeno":"411-A HALM-JNRTTMC","distance_on_station":2.157,"centerlat":12.95927,"centerlong":77.65611,"responsecode":200,"isnotify":0,"vehicleDetails":[{"vehicleid":15303,"vehiclenumber":"KA57F2930","servicetypeid":72,"servicetype":"Non AC/Ordinary","centerlat":12.981593,"centerlong":77.634155,"eta":"","sch_arrivaltime":"15:43","sch_departuretime":"15:43","actual_arrivaltime":"15:20","actual_departuretime":"15:20","sch_tripstarttime":"15:35","sch_tripendtime":"15:35","lastlocationid":0,"currentlocationid":21918,"nextlocationid":0,"currentstop":null,"nextstop":null,"laststop":null,"stopCoveredStatus":1,"heading":0,"lastrefreshon":"06-11-2024 21:27:22","lastreceiveddatetimeflag":0,"tripposition":3}]},{"routeid":11951,"stationid":22337,"stationname":"NAL Manipal Hospital","from":"HAL Market/SBI Bank","to":"Jayanagara Bus Station","routeno":"411-A HALM-JNRTTMC","distance_on_station":2.784,"centerlat":12.95961,"centerlong":77.64991,"responsecode":200,"isnotify":0,"vehicleDetails":[{"vehicleid":15303,"vehiclenumber":"KA57F2930","servicetypeid":72,"servicetype":"Non AC/Ordinary","centerlat":12.981593,"centerlong":77.634155,"eta":"","sch_arrivaltime":"15:44","sch_departuretime":"15:44","actual_arrivaltime":"15:26","actual_departuretime":"15:27","sch_tripstarttime":"15:35","sch_tripendtime":"15:35","lastlocationid":0,"currentlocationid":21918,"nextlocationid":0,"currentstop":null,"nextstop":null,"laststop":null,"stopCoveredStatus":1,"heading":0,"lastrefreshon":"06-11-2024 21:27:22","lastreceiveddatetimeflag":0,"tripposition":3}]},{"routeid":11951,"stationid":22179,"stationname":"Kodihalli","from":"HAL Market/SBI Bank","to":"Jayanagara Bus Station","routeno":"411-A HALM-JNRTTMC","distance_on_station":3.079,"centerlat":12.95997,"centerlong":77.64687,"responsecode":200,"isnotify":0,"vehicleDetails":[{"vehicleid":15303,"vehiclenumber":"KA57F2930","servicetypeid":72,"servicetype":"Non AC/Ordinary","centerlat":12.981593,"centerlong":77.634155,"eta":"","sch_arrivaltime":"15:45","sch_departuretime":"15:45","actual_arrivaltime":"15:28","actual_departuretime":"15:29","sch_tripstarttime":"15:35","sch_tripendtime":"15:35","lastlocationid":0,"currentlocationid":21918,"nextlocationid":0,"currentstop":null,"nextstop":null,"laststop":null,"stopCoveredStatus":1,"heading":0,"lastrefreshon":"06-11-2024 21:27:22","lastreceiveddatetimeflag":0,"tripposition":3}]},{"routeid":11951,"stationid":21918,"stationname":"Domlur Flyover","from":"HAL Market/SBI Bank","to":"Jayanagara Bus Station","routeno":"411-A HALM-JNRTTMC","distance_on_station":3.835,"centerlat":12.95799,"centerlong":77.64146,"responsecode":200,"isnotify":0,"vehicleDetails":[{"vehicleid":15303,"vehiclenumber":"KA57F2930","servicetypeid":72,"servicetype":"Non AC/Ordinary","centerlat":12.981593,"centerlong":77.634155,"eta":"","sch_arrivaltime":"15:47","sch_departuretime":"15:47","actual_arrivaltime":"15:30","actual_departuretime":"15:31","sch_tripstarttime":"15:35","sch_tripendtime":"15:35","lastlocationid":0,"currentlocationid":21918,"nextlocationid":0,"currentstop":null,"nextstop":null,"laststop":null,"stopCoveredStatus":1,"heading":0,"lastrefreshon":"06-11-2024 21:27:22","lastreceiveddatetimeflag":0,"tripposition":3}]},{"routeid":11951,"stationid":21881,"stationname":"Dell Domluru","from":"HAL Market/SBI Bank","to":"Jayanagara Bus Station","routeno":"411-A HALM-JNRTTMC","distance_on_station":4.37,"centerlat":12.95291,"centerlong":77.64065,"responsecode":200,"isnotify":0,"vehicleDetails":[{"vehicleid":15303,"vehiclenumber":"KA57F2930","servicetypeid":72,"servicetype":"Non AC/Ordinary","centerlat":12.981593,"centerlong":77.634155,"eta":"","sch_arrivaltime":"15:48","sch_departuretime":"15:48","actual_arrivaltime":"15:32","actual_departuretime":"15:32","sch_tripstarttime":"15:35","sch_tripendtime":"15:35","lastlocationid":0,"currentlocationid":21918,"nextlocationid":0,"currentstop":null,"nextstop":null,"laststop":null,"stopCoveredStatus":1,"heading":0,"lastrefreshon":"06-11-2024 21:27:22","lastreceiveddatetimeflag":0,"tripposition":3}]},{"routeid":11951,"stationid":22289,"stationname":"Military Bridge","from":"HAL Market/SBI Bank","to":"Jayanagara Bus Station","routeno":"411-A HALM-JNRTTMC","distance_on_station":5.19,"centerlat":12.94599,"centerlong":77.64015,"responsecode":200,"isnotify":0,"vehicleDetails":[{"vehicleid":15303,"vehiclenumber":"KA57F2930","servicetypeid":72,"servicetype":"Non AC/Ordinary","centerlat":12.981593,"centerlong":77.634155,"eta":"","sch_arrivaltime":"15:49","sch_departuretime":"15:49","actual_arrivaltime":"15:34","actual_departuretime":"15:34","sch_tripstarttime":"15:35","sch_tripendtime":"15:35","lastlocationid":0,"currentlocationid":21918,"nextlocationid":0,"currentstop":null,"nextstop":null,"laststop":null,"stopCoveredStatus":1,"heading":0,"lastrefreshon":"06-11-2024 21:27:22","lastreceiveddatetimeflag":0,"tripposition":3}]},{"routeid":11951,"stationid":22509,"stationname":"Shrinivagilu Ejipura","from":"HAL Market/SBI Bank","to":"Jayanagara Bus Station","routeno":"411-A HALM-JNRTTMC","distance_on_station":6.315,"centerlat":12.93842,"centerlong":77.63291,"responsecode":200,"isnotify":0,"vehicleDetails":[{"vehicleid":15303,"vehiclenumber":"KA57F2930","servicetypeid":72,"servicetype":"Non AC/Ordinary","centerlat":12.981593,"centerlong":77.634155,"eta":"","sch_arrivaltime":"15:51","sch_departuretime":"15:51","actual_arrivaltime":"15:39","actual_departuretime":"15:40","sch_tripstarttime":"15:35","sch_tripendtime":"15:35","lastlocationid":0,"currentlocationid":21918,"nextlocationid":0,"currentstop":null,"nextstop":null,"laststop":null,"stopCoveredStatus":1,"heading":0,"lastrefreshon":"06-11-2024 21:27:22","lastreceiveddatetimeflag":0,"tripposition":3}]},{"routeid":11951,"stationid":22502,"stationname":"Sony World 100ft Road  Koramangala","from":"HAL Market/SBI Bank","to":"Jayanagara Bus Station","routeno":"411-A HALM-JNRTTMC","distance_on_station":6.997,"centerlat":12.93685,"centerlong":77.62659,"responsecode":200,"isnotify":0,"vehicleDetails":[{"vehicleid":15303,"vehiclenumber":"KA57F2930","servicetypeid":72,"servicetype":"Non AC/Ordinary","centerlat":12.981593,"centerlong":77.634155,"eta":"","sch_arrivaltime":"15:53","sch_departuretime":"15:53","actual_arrivaltime":"15:45","actual_departuretime":"15:45","sch_tripstarttime":"15:35","sch_tripendtime":"15:35","lastlocationid":0,"currentlocationid":21918,"nextlocationid":0,"currentstop":null,"nextstop":null,"laststop":null,"stopCoveredStatus":1,"heading":0,"lastrefreshon":"06-11-2024 21:27:22","lastreceiveddatetimeflag":0,"tripposition":3}]},{"routeid":11951,"stationid":21799,"stationname":"Canara Bank Koramangala","from":"HAL Market/SBI Bank","to":"Jayanagara Bus Station","routeno":"411-A HALM-JNRTTMC","distance_on_station":7.403,"centerlat":12.93407,"centerlong":77.62369,"responsecode":200,"isnotify":0,"vehicleDetails":[{"vehicleid":15303,"vehiclenumber":"KA57F2930","servicetypeid":72,"servicetype":"Non AC/Ordinary","centerlat":12.981593,"centerlong":77.634155,"eta":"","sch_arrivaltime":"15:54","sch_departuretime":"15:54","actual_arrivaltime":"15:47","actual_departuretime":"15:47","sch_tripstarttime":"15:35","sch_tripendtime":"15:35","lastlocationid":0,"currentlocationid":21918,"nextlocationid":0,"currentstop":null,"nextstop":null,"laststop":null,"stopCoveredStatus":1,"heading":0,"lastrefreshon":"06-11-2024 21:27:22","lastreceiveddatetimeflag":0,"tripposition":3}]},{"routeid":11951,"stationid":21730,"stationname":"BDA Complex Koramangala","from":"HAL Market/SBI Bank","to":"Jayanagara Bus Station","routeno":"411-A HALM-JNRTTMC","distance_on_station":7.725,"centerlat":12.93109,"centerlong":77.62248,"responsecode":200,"isnotify":0,"vehicleDetails":[{"vehicleid":15303,"vehiclenumber":"KA57F2930","servicetypeid":72,"servicetype":"Non AC/Ordinary","centerlat":12.981593,"centerlong":77.634155,"eta":"","sch_arrivaltime":"15:55","sch_departuretime":"15:55","actual_arrivaltime":"15:50","actual_departuretime":"15:50","sch_tripstarttime":"15:35","sch_tripendtime":"15:35","lastlocationid":0,"currentlocationid":21918,"nextlocationid":0,"currentstop":null,"nextstop":null,"laststop":null,"stopCoveredStatus":1,"heading":0,"lastrefreshon":"06-11-2024 21:27:22","lastreceiveddatetimeflag":0,"tripposition":3}]},{"routeid":11951,"stationid":22616,"stationname":"Koramangala Water Tank","from":"HAL Market/SBI Bank","to":"Jayanagara Bus Station","routeno":"411-A HALM-JNRTTMC","distance_on_station":8.076,"centerlat":12.92792,"centerlong":77.62121,"responsecode":200,"isnotify":0,"vehicleDetails":[{"vehicleid":15303,"vehiclenumber":"KA57F2930","servicetypeid":72,"servicetype":"Non AC/Ordinary","centerlat":12.981593,"centerlong":77.634155,"eta":"","sch_arrivaltime":"15:56","sch_departuretime":"15:56","actual_arrivaltime":"15:56","actual_departuretime":"16:00","sch_tripstarttime":"15:35","sch_tripendtime":"15:35","lastlocationid":0,"currentlocationid":21918,"nextlocationid":0,"currentstop":null,"nextstop":null,"laststop":null,"stopCoveredStatus":1,"heading":0,"lastrefreshon":"06-11-2024 21:27:22","lastreceiveddatetimeflag":0,"tripposition":3}]},{"routeid":11951,"stationid":20952,"stationname":"Kudure Mukha Colony","from":"HAL Market/SBI Bank","to":"Jayanagara Bus Station","routeno":"411-A HALM-JNRTTMC","distance_on_station":8.592,"centerlat":12.92572,"centerlong":77.6254,"responsecode":200,"isnotify":0,"vehicleDetails":[{"vehicleid":15303,"vehiclenumber":"KA57F2930","servicetypeid":72,"servicetype":"Non AC/Ordinary","centerlat":12.981593,"centerlong":77.634155,"eta":"","sch_arrivaltime":"15:57","sch_departuretime":"15:57","actual_arrivaltime":"16:01","actual_departuretime":"16:01","sch_tripstarttime":"15:35","sch_tripendtime":"15:35","lastlocationid":0,"currentlocationid":21918,"nextlocationid":0,"currentstop":null,"nextstop":null,"laststop":null,"stopCoveredStatus":1,"heading":0,"lastrefreshon":"06-11-2024 21:27:22","lastreceiveddatetimeflag":0,"tripposition":3}]},{"routeid":11951,"stationid":20947,"stationname":"Krupanidhi College","from":"HAL Market/SBI Bank","to":"Jayanagara Bus Station","routeno":"411-A HALM-JNRTTMC","distance_on_station":9.025,"centerlat":12.92388,"centerlong":77.62852,"responsecode":200,"isnotify":0,"vehicleDetails":[{"vehicleid":15303,"vehiclenumber":"KA57F2930","servicetypeid":72,"servicetype":"Non AC/Ordinary","centerlat":12.981593,"centerlong":77.634155,"eta":"","sch_arrivaltime":"15:58","sch_departuretime":"15:58","actual_arrivaltime":"16:03","actual_departuretime":"16:03","sch_tripstarttime":"15:35","sch_tripendtime":"15:35","lastlocationid":0,"currentlocationid":21918,"nextlocationid":0,"currentstop":null,"nextstop":null,"laststop":null,"stopCoveredStatus":1,"heading":0,"lastrefreshon":"06-11-2024 21:27:22","lastreceiveddatetimeflag":0,"tripposition":3}]},{"routeid":11951,"stationid":20973,"stationname":"Madivala","from":"HAL Market/SBI Bank","to":"Jayanagara Bus Station","routeno":"411-A HALM-JNRTTMC","distance_on_station":9.827,"centerlat":12.92166,"centerlong":77.62146,"responsecode":200,"isnotify":0,"vehicleDetails":[{"vehicleid":15303,"vehiclenumber":"KA57F2930","servicetypeid":72,"servicetype":"Non AC/Ordinary","centerlat":12.981593,"centerlong":77.634155,"eta":"","sch_arrivaltime":"15:59","sch_departuretime":"15:59","actual_arrivaltime":"16:04","actual_departuretime":"16:04","sch_tripstarttime":"15:35","sch_tripendtime":"15:35","lastlocationid":0,"currentlocationid":21918,"nextlocationid":0,"currentstop":null,"nextstop":null,"laststop":null,"stopCoveredStatus":1,"heading":0,"lastrefreshon":"06-11-2024 21:27:22","lastreceiveddatetimeflag":0,"tripposition":3}]},{"routeid":11951,"stationid":20704,"stationname":"Central Silk Board","from":"HAL Market/SBI Bank","to":"Jayanagara Bus Station","routeno":"411-A HALM-JNRTTMC","distance_on_station":10.5,"centerlat":12.91689,"centerlong":77.62177,"responsecode":200,"isnotify":0,"vehicleDetails":[{"vehicleid":15303,"vehiclenumber":"KA57F2930","servicetypeid":72,"servicetype":"Non AC/Ordinary","centerlat":12.981593,"centerlong":77.634155,"eta":"","sch_arrivaltime":"16:01","sch_departuretime":"16:01","actual_arrivaltime":"","actual_departuretime":"","sch_tripstarttime":"15:35","sch_tripendtime":"15:35","lastlocationid":0,"currentlocationid":21918,"nextlocationid":0,"currentstop":null,"nextstop":null,"laststop":null,"stopCoveredStatus":0,"heading":0,"lastrefreshon":"06-11-2024 21:27:22","lastreceiveddatetimeflag":0,"tripposition":3}]}],"mapData":[{"vehicleid":15303,"vehiclenumber":"KA57F2930","servicetypeid":72,"servicetype":"Non AC/Ordinary","centerlat":12.981593,"centerlong":77.634155,"eta":"","sch_arrivaltime":"16:01","sch_departuretime":"16:01","actual_arrivaltime":"","actual_departuretime":"","sch_tripstarttime":"15:35","sch_tripendtime":"15:35","lastlocationid":0,"currentlocationid":21918,"nextlocationid":0,"currentstop":null,"nextstop":null,"laststop":null,"stopCoveredStatus":0,"heading":0,"lastrefreshon":"06-11-2024 21:27:22","lastreceiveddatetimeflag":0,"tripposition":3}]},"down":{"data":[],"mapData":[]},"message":"Success","issuccess":true,"exception":null,"rowCount":0,"responsecode":200}