{"up":{"data":[{"routeid":5803,"stationid":22395,"stationname":"Poornaprajna Layout","from":"Poornaprajna Layout","to":"Veerabhadranagara","routeno":"43-D PPLO-VBN","distance_on_station":0,"centerlat":12.90882,"centerlong":77.53585,"responsecode":200,"isnotify":0,"vehicleDetails":[{"vehicleid":3438,"vehiclenumber":"KA53F0146","servicetypeid":72,"servicetype":"Non AC/Ordinary","centerlat":12.909675,"centerlong":77.536667,"eta":"","sch_arrivaltime":"14:31","sch_departuretime":"14:31","actual_arrivaltime":"","actual_departuretime":"","sch_tripstarttime":"14:31","sch_tripendtime":"14:31","lastlocationid":0,"currentlocationid":22395,"nextlocationid":0,"currentstop":null,"nextstop":null,"laststop":null,"stopCoveredStatus":0,"heading":304,"lastrefreshon":"28-07-2024 19:34:08","lastreceiveddatetimeflag":1,"tripposition":1}]},{"routeid":5803,"stationid":29462,"stationname":"AGS Layout Arehalli","from":"Poornaprajna Layout","to":"Veerabhadranagara","routeno":"43-D PPLO-VBN","distance_on_station":1.1,"centerlat":12.91252,"centerlong":77.53704,"responsecode":200,"isnotify":0,"vehicleDetails":[{"vehicleid":3438,"vehiclenumber":"KA53F0146","servicetypeid":72,"servicetype":"Non AC/Ordinary","centerlat":12.909675,"centerlong":77.536667,"eta":"","sch_arrivaltime":"14:33","sch_departuretime":"14:33","actual_arrivaltime":"","actual_departuretime":"","sch_tripstarttime":"14:31","sch_tripendtime":"14:31","lastlocationid":0,"currentlocationid":22395,"nextlocationid":0,"currentstop":null,"nextstop":null,"laststop":null,"stopCoveredStatus":0,"heading":304,"lastrefreshon":"28-07-2024 19:34:08","lastreceiveddatetimeflag":1,"tripposition":1}]}],"mapData":[{"vehicleid":3438,"vehiclenumber":"KA53F0146","servicetypeid":72,"servicetype":"Non AC/Ordinary","centerlat":12.909675,"centerlong":77.536667,"eta":"","sch_arrivaltime":"14:33","sch_departuretime":"14:33","actual_arrivaltime":"","actual_departuretime":"","sch_tripstarttime":"14:31","sch_tripendtime":"14:31","lastlocationid":0,"currentlocationid":22395,"nextlocationid":0,"currentstop":null,"nextstop":null,"laststop":null,"stopCoveredStatus":0,"heading":304,"lastrefreshon":"28-07-2024 19:34:08","lastreceiveddatetimeflag":1,"tripposition":1}]},"down":{"data":[],"mapData":[]},"message":"Success","issuccess":true,"exception":null,"rowCount":0,"responsecode":200}