{"up":{"data":[],"mapData":[]},"down":{"data":[{"routeid":4336,"stationid":22727,"stationname":"Channammanakere Achukattu","from":"Channammanakere Achukattu","to":"Kempegowda Bus Station","routeno":"45-F","distance_on_station":0,"centerlat":12.9283,"centerlong":77.5565,"responsecode":200,"isnotify":0,"vehicleDetails":[{"vehicleid":22442,"vehiclenumber":"KA57F1394","servicetypeid":72,"servicetype":"Non AC/Ordinary","centerlat":12.919355,"centerlong":77.570442,"eta":"","sch_arrivaltime":"07:00","sch_departuretime":"07:00","actual_arrivaltime":"","actual_departuretime":"","sch_tripstarttime":"07:00","sch_tripendtime":"07:00","lastlocationid":0,"currentlocationid":22727,"nextlocationid":0,"currentstop":null,"nextstop":null,"laststop":null,"stopCoveredStatus":0,"heading":30,"lastrefreshon":"06-08-2024 03:03:13","lastreceiveddatetimeflag":0,"tripposition":1}]},{"routeid":4336,"stationid":35930,"stationname":"Srikanteshwara Park","from":"Channammanakere Achukattu","to":"Kempegowda Bus Station","routeno":"45-F","distance_on_station":0.411,"centerlat":12.92648,"centerlong":77.55377,"responsecode":200,"isnotify":0,"vehicleDetails":[{"vehicleid":22442,"vehiclenumber":"KA57F1394","servicetypeid":72,"servicetype":"Non AC/Ordinary","centerlat":12.919355,"centerlong":77.570442,"eta":"","sch_arrivaltime":"07:01","sch_departuretime":"07:01","actual_arrivaltime":"","actual_departuretime":"","sch_tripstarttime":"07:00","sch_tripendtime":"07:00","lastlocationid":0,"currentlocationid":22727,"nextlocationid":0,"currentstop":null,"nextstop":null,"laststop":null,"stopCoveredStatus":0,"heading":30,"lastrefreshon":"06-08-2024 03:03:13","lastreceiveddatetimeflag":0,"tripposition":3}]},{"routeid":4336,"stationid":35772,"stationname":"Kamakya Talkies","from":"Channammanakere Achukattu","to":"Kempegowda Bus Station","routeno":"45-F","distance_on_station":0.744,"centerlat":12.92409,"centerlong":77.55276,"responsecode":200,"isnotify":0,"vehicleDetails":[{"vehicleid":22442,"vehiclenumber":"KA57F1394","servicetypeid":72,"servicetype":"Non AC/Ordinary","centerlat":12.919355,"centerlong":77.570442,"eta":"","sch_arrivaltime":"07:02","sch_departuretime":"07:02","actual_arrivaltime":"","actual_departuretime":"","sch_tripstarttime":"07:00","sch_tripendtime":"07:00","lastlocationid":0,"currentlocationid":22727,"nextlocationid":0,"currentstop":null,"nextstop":null,"laststop":null,"stopCoveredStatus":0,"heading":30,"lastrefreshon":"06-08-2024 03:03:13","lastreceiveddatetimeflag":0,"tripposition":3}]},{"routeid":4336,"stationid":20917,"stationname":"Kathriguppe","from":"Channammanakere Achukattu","to":"Kempegowda Bus Station","routeno":"45-F","distance_on_station":1.167,"centerlat":12.92535,"centerlong":77.54989,"responsecode":200,"isnotify":0,"vehicleDetails":[{"vehicleid":22442,"vehiclenumber":"KA57F1394","servicetypeid":72,"servicetype":"Non AC/Ordinary","centerlat":12.919355,"centerlong":77.570442,"eta":"","sch_arrivaltime":"07:03","sch_departuretime":"07:03","actual_arrivaltime":"","actual_departuretime":"","sch_tripstarttime":"07:00","sch_tripendtime":"07:00","lastlocationid":0,"currentlocationid":22727,"nextlocationid":0,"currentstop":null,"nextstop":null,"laststop":null,"stopCoveredStatus":0,"heading":30,"lastrefreshon":"06-08-2024 03:03:13","lastreceiveddatetimeflag":0,"tripposition":3}]},{"routeid":4336,"stationid":20876,"stationname":"Janatha Bazar Banashankari","from":"Channammanakere Achukattu","to":"Kempegowda Bus Station","routeno":"45-F","distance_on_station":1.811,"centerlat":12.92837,"centerlong":77.54577,"responsecode":200,"isnotify":0,"vehicleDetails":[{"vehicleid":22442,"vehiclenumber":"KA57F1394","servicetypeid":72,"servicetype":"Non AC/Ordinary","centerlat":12.919355,"centerlong":77.570442,"eta":"","sch_arrivaltime":"07:05","sch_departuretime":"07:05","actual_arrivaltime":"","actual_departuretime":"","sch_tripstarttime":"07:00","sch_tripendtime":"07:00","lastlocationid":0,"currentlocationid":22727,"nextlocationid":0,"currentstop":null,"nextstop":null,"laststop":null,"stopCoveredStatus":0,"heading":30,"lastrefreshon":"06-08-2024 03:03:13","lastreceiveddatetimeflag":0,"tripposition":3}]},{"routeid":4336,"stationid":35951,"stationname":"Hosakerehalli  Junction","from":"Channammanakere Achukattu","to":"Kempegowda Bus Station","routeno":"45-F","distance_on_station":2.222,"centerlat":12.93067,"centerlong":77.54353,"responsecode":200,"isnotify":0,"vehicleDetails":[{"vehicleid":22442,"vehiclenumber":"KA57F1394","servicetypeid":72,"servicetype":"Non AC/Ordinary","centerlat":12.919355,"centerlong":77.570442,"eta":"","sch_arrivaltime":"07:06","sch_departuretime":"07:06","actual_arrivaltime":"","actual_departuretime":"","sch_tripstarttime":"07:00","sch_tripendtime":"07:00","lastlocationid":0,"currentlocationid":22727,"nextlocationid":0,"currentstop":null,"nextstop":null,"laststop":null,"stopCoveredStatus":0,"heading":30,"lastrefreshon":"06-08-2024 03:03:13","lastreceiveddatetimeflag":0,"tripposition":3}]},{"routeid":4336,"stationid":22045,"stationname":"Hoskerehalli Cross","from":"Channammanakere Achukattu","to":"Kempegowda Bus Station","routeno":"45-F","distance_on_station":2.589,"centerlat":12.93293,"centerlong":77.5454,"responsecode":200,"isnotify":0,"vehicleDetails":[{"vehicleid":22442,"vehiclenumber":"KA57F1394","servicetypeid":72,"servicetype":"Non AC/Ordinary","centerlat":12.919355,"centerlong":77.570442,"eta":"","sch_arrivaltime":"07:07","sch_departuretime":"07:07","actual_arrivaltime":"","actual_departuretime":"","sch_tripstarttime":"07:00","sch_tripendtime":"07:00","lastlocationid":0,"currentlocationid":22727,"nextlocationid":0,"currentstop":null,"nextstop":null,"laststop":null,"stopCoveredStatus":0,"heading":30,"lastrefreshon":"06-08-2024 03:03:13","lastreceiveddatetimeflag":0,"tripposition":3}]},{"routeid":4336,"stationid":22471,"stationname":"Seetha Circle","from":"Channammanakere Achukattu","to":"Kempegowda Bus Station","routeno":"45-F","distance_on_station":3.244,"centerlat":12.93705,"centerlong":77.54882,"responsecode":200,"isnotify":0,"vehicleDetails":[{"vehicleid":22442,"vehiclenumber":"KA57F1394","servicetypeid":72,"servicetype":"Non AC/Ordinary","centerlat":12.919355,"centerlong":77.570442,"eta":"","sch_arrivaltime":"07:08","sch_departuretime":"07:08","actual_arrivaltime":"","actual_departuretime":"","sch_tripstarttime":"07:00","sch_tripendtime":"07:00","lastlocationid":0,"currentlocationid":22727,"nextlocationid":0,"currentstop":null,"nextstop":null,"laststop":null,"stopCoveredStatus":0,"heading":30,"lastrefreshon":"06-08-2024 03:03:13","lastreceiveddatetimeflag":0,"tripposition":3}]},{"routeid":4336,"stationid":21717,"stationname":"Bank Colony","from":"Channammanakere Achukattu","to":"Kempegowda Bus Station","routeno":"45-F","distance_on_station":3.867,"centerlat":12.93861,"centerlong":77.55326,"responsecode":200,"isnotify":0,"vehicleDetails":[{"vehicleid":22442,"vehiclenumber":"KA57F1394","servicetypeid":72,"servicetype":"Non AC/Ordinary","centerlat":12.919355,"centerlong":77.570442,"eta":"","sch_arrivaltime":"07:09","sch_departuretime":"07:09","actual_arrivaltime":"","actual_departuretime":"","sch_tripstarttime":"07:00","sch_tripendtime":"07:00","lastlocationid":0,"currentlocationid":22727,"nextlocationid":0,"currentstop":null,"nextstop":null,"laststop":null,"stopCoveredStatus":0,"heading":30,"lastrefreshon":"06-08-2024 03:03:13","lastreceiveddatetimeflag":0,"tripposition":3}]},{"routeid":4336,"stationid":22511,"stationname":"Srinivasa Nagara","from":"Channammanakere Achukattu","to":"Kempegowda Bus Station","routeno":"45-F","distance_on_station":4.389,"centerlat":12.93816,"centerlong":77.55687,"responsecode":200,"isnotify":0,"vehicleDetails":[{"vehicleid":22442,"vehiclenumber":"KA57F1394","servicetypeid":72,"servicetype":"Non AC/Ordinary","centerlat":12.919355,"centerlong":77.570442,"eta":"","sch_arrivaltime":"07:10","sch_departuretime":"07:10","actual_arrivaltime":"","actual_departuretime":"","sch_tripstarttime":"07:00","sch_tripendtime":"07:00","lastlocationid":0,"currentlocationid":22727,"nextlocationid":0,"currentstop":null,"nextstop":null,"laststop":null,"stopCoveredStatus":0,"heading":30,"lastrefreshon":"06-08-2024 03:03:13","lastreceiveddatetimeflag":0,"tripposition":3}]},{"routeid":4336,"stationid":21009,"stationname":"Maruthi Circle","from":"Channammanakere Achukattu","to":"Kempegowda Bus Station","routeno":"45-F","distance_on_station":5.1,"centerlat":12.94348,"centerlong":77.55851,"responsecode":200,"isnotify":0,"vehicleDetails":[{"vehicleid":22442,"vehiclenumber":"KA57F1394","servicetypeid":72,"servicetype":"Non AC/Ordinary","centerlat":12.919355,"centerlong":77.570442,"eta":"","sch_arrivaltime":"07:13","sch_departuretime":"07:13","actual_arrivaltime":"","actual_departuretime":"","sch_tripstarttime":"07:00","sch_tripendtime":"07:00","lastlocationid":0,"currentlocationid":22727,"nextlocationid":0,"currentstop":null,"nextstop":null,"laststop":null,"stopCoveredStatus":0,"heading":30,"lastrefreshon":"06-08-2024 03:03:13","lastreceiveddatetimeflag":0,"tripposition":3}]},{"routeid":4336,"stationid":21198,"stationname":"Subramanya Swamy Temple","from":"Channammanakere Achukattu","to":"Kempegowda Bus Station","routeno":"45-F","distance_on_station":5.478,"centerlat":12.94359,"centerlong":77.56165,"responsecode":200,"isnotify":0,"vehicleDetails":[{"vehicleid":22442,"vehiclenumber":"KA57F1394","servicetypeid":72,"servicetype":"Non AC/Ordinary","centerlat":12.919355,"centerlong":77.570442,"eta":"","sch_arrivaltime":"07:14","sch_departuretime":"07:14","actual_arrivaltime":"","actual_departuretime":"","sch_tripstarttime":"07:00","sch_tripendtime":"07:00","lastlocationid":0,"currentlocationid":22727,"nextlocationid":0,"currentstop":null,"nextstop":null,"laststop":null,"stopCoveredStatus":0,"heading":30,"lastrefreshon":"06-08-2024 03:03:13","lastreceiveddatetimeflag":0,"tripposition":3}]},{"routeid":4336,"stationid":20778,"stationname":"Ganesha Bhavan","from":"Channammanakere Achukattu","to":"Kempegowda Bus Station","routeno":"45-F","distance_on_station":5.856,"centerlat":12.94411,"centerlong":77.56426,"responsecode":200,"isnotify":0,"vehicleDetails":[{"vehicleid":22442,"vehiclenumber":"KA57F1394","servicetypeid":72,"servicetype":"Non AC/Ordinary","centerlat":12.919355,"centerlong":77.570442,"eta":"","sch_arrivaltime":"07:15","sch_departuretime":"07:15","actual_arrivaltime":"","actual_departuretime":"","sch_tripstarttime":"07:00","sch_tripendtime":"07:00","lastlocationid":0,"currentlocationid":22727,"nextlocationid":0,"currentstop":null,"nextstop":null,"laststop":null,"stopCoveredStatus":0,"heading":30,"lastrefreshon":"06-08-2024 03:03:13","lastreceiveddatetimeflag":0,"tripposition":3}]},{"routeid":4336,"stationid":20809,"stationname":"Syndicate Bank","from":"Channammanakere Achukattu","to":"Kempegowda Bus Station","routeno":"45-F","distance_on_station":6.167,"centerlat":12.9466,"centerlong":77.56423,"responsecode":200,"isnotify":0,"vehicleDetails":[{"vehicleid":22442,"vehiclenumber":"KA57F1394","servicetypeid":72,"servicetype":"Non AC/Ordinary","centerlat":12.919355,"centerlong":77.570442,"eta":"","sch_arrivaltime":"07:16","sch_departuretime":"07:16","actual_arrivaltime":"","actual_departuretime":"","sch_tripstarttime":"07:00","sch_tripendtime":"07:00","lastlocationid":0,"currentlocationid":22727,"nextlocationid":0,"currentstop":null,"nextstop":null,"laststop":null,"stopCoveredStatus":0,"heading":30,"lastrefreshon":"06-08-2024 03:03:13","lastreceiveddatetimeflag":0,"tripposition":3}]},{"routeid":4336,"stationid":21119,"stationname":"Ramakrishna Ashrama","from":"Channammanakere Achukattu","to":"Kempegowda Bus Station","routeno":"45-F","distance_on_station":6.9,"centerlat":12.94898,"centerlong":77.56765,"responsecode":200,"isnotify":0,"vehicleDetails":[{"vehicleid":22442,"vehiclenumber":"KA57F1394","servicetypeid":72,"servicetype":"Non AC/Ordinary","centerlat":12.919355,"centerlong":77.570442,"eta":"","sch_arrivaltime":"07:18","sch_departuretime":"07:18","actual_arrivaltime":"","actual_departuretime":"","sch_tripstarttime":"07:00","sch_tripendtime":"07:00","lastlocationid":0,"currentlocationid":22727,"nextlocationid":0,"currentstop":null,"nextstop":null,"laststop":null,"stopCoveredStatus":0,"heading":30,"lastrefreshon":"06-08-2024 03:03:13","lastreceiveddatetimeflag":0,"tripposition":3}]},{"routeid":4336,"stationid":20644,"stationname":"Bengaluru High School","from":"Channammanakere Achukattu","to":"Kempegowda Bus Station","routeno":"45-F","distance_on_station":7.256,"centerlat":12.95209,"centerlong":77.56749,"responsecode":200,"isnotify":0,"vehicleDetails":[{"vehicleid":22442,"vehiclenumber":"KA57F1394","servicetypeid":72,"servicetype":"Non AC/Ordinary","centerlat":12.919355,"centerlong":77.570442,"eta":"","sch_arrivaltime":"07:19","sch_departuretime":"07:19","actual_arrivaltime":"","actual_departuretime":"","sch_tripstarttime":"07:00","sch_tripendtime":"07:00","lastlocationid":0,"currentlocationid":22727,"nextlocationid":0,"currentstop":null,"nextstop":null,"laststop":null,"stopCoveredStatus":0,"heading":30,"lastrefreshon":"06-08-2024 03:03:13","lastreceiveddatetimeflag":0,"tripposition":3}]},{"routeid":4336,"stationid":20709,"stationname":"Chamarajapet","from":"Channammanakere Achukattu","to":"Kempegowda Bus Station","routeno":"45-F","distance_on_station":7.978,"centerlat":12.95714,"centerlong":77.56801,"responsecode":200,"isnotify":0,"vehicleDetails":[{"vehicleid":22442,"vehiclenumber":"KA57F1394","servicetypeid":72,"servicetype":"Non AC/Ordinary","centerlat":12.919355,"centerlong":77.570442,"eta":"","sch_arrivaltime":"07:21","sch_departuretime":"07:21","actual_arrivaltime":"","actual_departuretime":"","sch_tripstarttime":"07:00","sch_tripendtime":"07:00","lastlocationid":0,"currentlocationid":22727,"nextlocationid":0,"currentstop":null,"nextstop":null,"laststop":null,"stopCoveredStatus":0,"heading":30,"lastrefreshon":"06-08-2024 03:03:13","lastreceiveddatetimeflag":0,"tripposition":3}]},{"routeid":4336,"stationid":20986,"stationname":"Makkala Koota","from":"Channammanakere Achukattu","to":"Kempegowda Bus Station","routeno":"45-F","distance_on_station":8.733,"centerlat":12.95803,"centerlong":77.57385,"responsecode":200,"isnotify":0,"vehicleDetails":[{"vehicleid":22442,"vehiclenumber":"KA57F1394","servicetypeid":72,"servicetype":"Non AC/Ordinary","centerlat":12.919355,"centerlong":77.570442,"eta":"","sch_arrivaltime":"07:24","sch_departuretime":"07:24","actual_arrivaltime":"","actual_departuretime":"","sch_tripstarttime":"07:00","sch_tripendtime":"07:00","lastlocationid":0,"currentlocationid":22727,"nextlocationid":0,"currentstop":null,"nextstop":null,"laststop":null,"stopCoveredStatus":0,"heading":30,"lastrefreshon":"06-08-2024 03:03:13","lastreceiveddatetimeflag":0,"tripposition":3}]},{"routeid":4336,"stationid":21557,"stationname":"KR Market","from":"Channammanakere Achukattu","to":"Kempegowda Bus Station","routeno":"45-F","distance_on_station":9.278,"centerlat":12.96207,"centerlong":77.5756,"responsecode":200,"isnotify":0,"vehicleDetails":[{"vehicleid":22442,"vehiclenumber":"KA57F1394","servicetypeid":72,"servicetype":"Non AC/Ordinary","centerlat":12.919355,"centerlong":77.570442,"eta":"","sch_arrivaltime":"07:25","sch_departuretime":"07:25","actual_arrivaltime":"","actual_departuretime":"","sch_tripstarttime":"07:00","sch_tripendtime":"07:00","lastlocationid":0,"currentlocationid":22727,"nextlocationid":0,"currentstop":null,"nextstop":null,"laststop":null,"stopCoveredStatus":0,"heading":30,"lastrefreshon":"06-08-2024 03:03:13","lastreceiveddatetimeflag":0,"tripposition":3}]},{"routeid":4336,"stationid":22199,"stationname":"KR Market","from":"Channammanakere Achukattu","to":"Kempegowda Bus Station","routeno":"45-F","distance_on_station":9.656,"centerlat":12.96437,"centerlong":77.57736,"responsecode":200,"isnotify":0,"vehicleDetails":[{"vehicleid":22442,"vehiclenumber":"KA57F1394","servicetypeid":72,"servicetype":"Non AC/Ordinary","centerlat":12.919355,"centerlong":77.570442,"eta":"","sch_arrivaltime":"07:26","sch_departuretime":"07:26","actual_arrivaltime":"","actual_departuretime":"","sch_tripstarttime":"07:00","sch_tripendtime":"07:00","lastlocationid":0,"currentlocationid":22727,"nextlocationid":0,"currentstop":null,"nextstop":null,"laststop":null,"stopCoveredStatus":0,"heading":30,"lastrefreshon":"06-08-2024 03:03:13","lastreceiveddatetimeflag":0,"tripposition":3}]},{"routeid":4336,"stationid":21231,"stationname":"Town Hall","from":"Channammanakere Achukattu","to":"Kempegowda Bus Station","routeno":"45-F","distance_on_station":10.5,"centerlat":12.96384,"centerlong":77.58434,"responsecode":200,"isnotify":0,"vehicleDetails":[{"vehicleid":22442,"vehiclenumber":"KA57F1394","servicetypeid":72,"servicetype":"Non AC/Ordinary","centerlat":12.919355,"centerlong":77.570442,"eta":"","sch_arrivaltime":"07:30","sch_departuretime":"07:30","actual_arrivaltime":"","actual_departuretime":"","sch_tripstarttime":"07:00","sch_tripendtime":"07:00","lastlocationid":0,"currentlocationid":22727,"nextlocationid":0,"currentstop":null,"nextstop":null,"laststop":null,"stopCoveredStatus":0,"heading":30,"lastrefreshon":"06-08-2024 03:03:13","lastreceiveddatetimeflag":0,"tripposition":3}]},{"routeid":4336,"stationid":20725,"stationname":"Corporation","from":"Channammanakere Achukattu","to":"Kempegowda Bus Station","routeno":"45-F","distance_on_station":11.289,"centerlat":12.96839,"centerlong":77.58675,"responsecode":200,"isnotify":0,"vehicleDetails":[{"vehicleid":22442,"vehiclenumber":"KA57F1394","servicetypeid":72,"servicetype":"Non AC/Ordinary","centerlat":12.919355,"centerlong":77.570442,"eta":"","sch_arrivaltime":"07:33","sch_departuretime":"07:33","actual_arrivaltime":"","actual_departuretime":"","sch_tripstarttime":"07:00","sch_tripendtime":"07:00","lastlocationid":0,"currentlocationid":22727,"nextlocationid":0,"currentstop":null,"nextstop":null,"laststop":null,"stopCoveredStatus":0,"heading":30,"lastrefreshon":"06-08-2024 03:03:13","lastreceiveddatetimeflag":0,"tripposition":3}]},{"routeid":4336,"stationid":35383,"stationname":"Mysore Bank","from":"Channammanakere Achukattu","to":"Kempegowda Bus Station","routeno":"45-F","distance_on_station":12.078,"centerlat":12.97253,"centerlong":77.58199,"responsecode":200,"isnotify":0,"vehicleDetails":[{"vehicleid":22442,"vehiclenumber":"KA57F1394","servicetypeid":72,"servicetype":"Non AC/Ordinary","centerlat":12.919355,"centerlong":77.570442,"eta":"","sch_arrivaltime":"07:34","sch_departuretime":"07:34","actual_arrivaltime":"","actual_departuretime":"","sch_tripstarttime":"07:00","sch_tripendtime":"07:00","lastlocationid":0,"currentlocationid":22727,"nextlocationid":0,"currentstop":null,"nextstop":null,"laststop":null,"stopCoveredStatus":0,"heading":30,"lastrefreshon":"06-08-2024 03:03:13","lastreceiveddatetimeflag":0,"tripposition":3}]},{"routeid":4336,"stationid":20922,"stationname":"Kempegowda Bus Station","from":"Channammanakere Achukattu","to":"Kempegowda Bus Station","routeno":"45-F","distance_on_station":13.4,"centerlat":12.97749,"centerlong":77.57327,"responsecode":200,"isnotify":0,"vehicleDetails":[{"vehicleid":22442,"vehiclenumber":"KA57F1394","servicetypeid":72,"servicetype":"Non AC/Ordinary","centerlat":12.919355,"centerlong":77.570442,"eta":"","sch_arrivaltime":"07:41","sch_departuretime":"07:41","actual_arrivaltime":"","actual_departuretime":"","sch_tripstarttime":"07:00","sch_tripendtime":"07:00","lastlocationid":0,"currentlocationid":22727,"nextlocationid":0,"currentstop":null,"nextstop":null,"laststop":null,"stopCoveredStatus":0,"heading":30,"lastrefreshon":"06-08-2024 03:03:13","lastreceiveddatetimeflag":0,"tripposition":1}]}],"mapData":[{"vehicleid":22442,"vehiclenumber":"KA57F1394","servicetypeid":72,"servicetype":"Non AC/Ordinary","centerlat":12.919355,"centerlong":77.570442,"eta":"","sch_arrivaltime":"07:41","sch_departuretime":"07:41","actual_arrivaltime":"","actual_departuretime":"","sch_tripstarttime":"07:00","sch_tripendtime":"07:00","lastlocationid":0,"currentlocationid":22727,"nextlocationid":0,"currentstop":null,"nextstop":null,"laststop":null,"stopCoveredStatus":0,"heading":30,"lastrefreshon":"06-08-2024 03:03:13","lastreceiveddatetimeflag":0,"tripposition":1}]},"message":"Success","issuccess":true,"exception":null,"rowCount":0,"responsecode":200}