{"up":{"data":[],"mapData":[]},"down":{"data":[{"routeid":4336,"stationid":22727,"stationname":"Channammanakere Achukattu","from":"Channammanakere Achukattu","to":"Kempegowda Bus Station","routeno":"45-F","distance_on_station":0,"centerlat":12.9283,"centerlong":77.5565,"responsecode":200,"isnotify":0,"vehicleDetails":[{"vehicleid":19486,"vehiclenumber":"KA57F0724","servicetypeid":72,"servicetype":"Non AC/Ordinary","centerlat":12.918729,"centerlong":77.570625,"eta":"","sch_arrivaltime":"08:20","sch_departuretime":"08:20","actual_arrivaltime":"","actual_departuretime":"","sch_tripstarttime":"08:20","sch_tripendtime":"08:20","lastlocationid":0,"currentlocationid":22727,"nextlocationid":0,"currentstop":null,"nextstop":null,"laststop":null,"stopCoveredStatus":0,"heading":99,"lastrefreshon":"29-07-2024 02:38:57","lastreceiveddatetimeflag":0,"tripposition":1}]},{"routeid":4336,"stationid":35930,"stationname":"Srikanteshwara Park","from":"Channammanakere Achukattu","to":"Kempegowda Bus Station","routeno":"45-F","distance_on_station":0.411,"centerlat":12.92648,"centerlong":77.55377,"responsecode":200,"isnotify":0,"vehicleDetails":[{"vehicleid":19486,"vehiclenumber":"KA57F0724","servicetypeid":72,"servicetype":"Non AC/Ordinary","centerlat":12.918729,"centerlong":77.570625,"eta":"","sch_arrivaltime":"08:21","sch_departuretime":"08:21","actual_arrivaltime":"","actual_departuretime":"","sch_tripstarttime":"08:20","sch_tripendtime":"08:20","lastlocationid":0,"currentlocationid":22727,"nextlocationid":0,"currentstop":null,"nextstop":null,"laststop":null,"stopCoveredStatus":0,"heading":99,"lastrefreshon":"29-07-2024 02:38:57","lastreceiveddatetimeflag":0,"tripposition":3}]},{"routeid":4336,"stationid":35772,"stationname":"Kamakya Talkies","from":"Channammanakere Achukattu","to":"Kempegowda Bus Station","routeno":"45-F","distance_on_station":0.744,"centerlat":12.92409,"centerlong":77.55276,"responsecode":200,"isnotify":0,"vehicleDetails":[{"vehicleid":19486,"vehiclenumber":"KA57F0724","servicetypeid":72,"servicetype":"Non AC/Ordinary","centerlat":12.918729,"centerlong":77.570625,"eta":"","sch_arrivaltime":"08:22","sch_departuretime":"08:22","actual_arrivaltime":"","actual_departuretime":"","sch_tripstarttime":"08:20","sch_tripendtime":"08:20","lastlocationid":0,"currentlocationid":22727,"nextlocationid":0,"currentstop":null,"nextstop":null,"laststop":null,"stopCoveredStatus":0,"heading":99,"lastrefreshon":"29-07-2024 02:38:57","lastreceiveddatetimeflag":0,"tripposition":3}]},{"routeid":4336,"stationid":20917,"stationname":"Kathriguppe","from":"Channammanakere Achukattu","to":"Kempegowda Bus Station","routeno":"45-F","distance_on_station":1.167,"centerlat":12.92535,"centerlong":77.54989,"responsecode":200,"isnotify":0,"vehicleDetails":[{"vehicleid":19486,"vehiclenumber":"KA57F0724","servicetypeid":72,"servicetype":"Non AC/Ordinary","centerlat":12.918729,"centerlong":77.570625,"eta":"","sch_arrivaltime":"08:23","sch_departuretime":"08:23","actual_arrivaltime":"","actual_departuretime":"","sch_tripstarttime":"08:20","sch_tripendtime":"08:20","lastlocationid":0,"currentlocationid":22727,"nextlocationid":0,"currentstop":null,"nextstop":null,"laststop":null,"stopCoveredStatus":0,"heading":99,"lastrefreshon":"29-07-2024 02:38:57","lastreceiveddatetimeflag":0,"tripposition":3}]},{"routeid":4336,"stationid":20876,"stationname":"Janatha Bazar Banashankari","from":"Channammanakere Achukattu","to":"Kempegowda Bus Station","routeno":"45-F","distance_on_station":1.811,"centerlat":12.92837,"centerlong":77.54577,"responsecode":200,"isnotify":0,"vehicleDetails":[{"vehicleid":19486,"vehiclenumber":"KA57F0724","servicetypeid":72,"servicetype":"Non AC/Ordinary","centerlat":12.918729,"centerlong":77.570625,"eta":"","sch_arrivaltime":"08:25","sch_departuretime":"08:25","actual_arrivaltime":"","actual_departuretime":"","sch_tripstarttime":"08:20","sch_tripendtime":"08:20","lastlocationid":0,"currentlocationid":22727,"nextlocationid":0,"currentstop":null,"nextstop":null,"laststop":null,"stopCoveredStatus":0,"heading":99,"lastrefreshon":"29-07-2024 02:38:57","lastreceiveddatetimeflag":0,"tripposition":3}]},{"routeid":4336,"stationid":35951,"stationname":"Hosakerehalli  Junction","from":"Channammanakere Achukattu","to":"Kempegowda Bus Station","routeno":"45-F","distance_on_station":2.222,"centerlat":12.93067,"centerlong":77.54353,"responsecode":200,"isnotify":0,"vehicleDetails":[{"vehicleid":19486,"vehiclenumber":"KA57F0724","servicetypeid":72,"servicetype":"Non AC/Ordinary","centerlat":12.918729,"centerlong":77.570625,"eta":"","sch_arrivaltime":"08:26","sch_departuretime":"08:26","actual_arrivaltime":"","actual_departuretime":"","sch_tripstarttime":"08:20","sch_tripendtime":"08:20","lastlocationid":0,"currentlocationid":22727,"nextlocationid":0,"currentstop":null,"nextstop":null,"laststop":null,"stopCoveredStatus":0,"heading":99,"lastrefreshon":"29-07-2024 02:38:57","lastreceiveddatetimeflag":0,"tripposition":3}]},{"routeid":4336,"stationid":22045,"stationname":"Hoskerehalli Cross","from":"Channammanakere Achukattu","to":"Kempegowda Bus Station","routeno":"45-F","distance_on_station":2.589,"centerlat":12.93293,"centerlong":77.5454,"responsecode":200,"isnotify":0,"vehicleDetails":[{"vehicleid":19486,"vehiclenumber":"KA57F0724","servicetypeid":72,"servicetype":"Non AC/Ordinary","centerlat":12.918729,"centerlong":77.570625,"eta":"","sch_arrivaltime":"08:27","sch_departuretime":"08:27","actual_arrivaltime":"","actual_departuretime":"","sch_tripstarttime":"08:20","sch_tripendtime":"08:20","lastlocationid":0,"currentlocationid":22727,"nextlocationid":0,"currentstop":null,"nextstop":null,"laststop":null,"stopCoveredStatus":0,"heading":99,"lastrefreshon":"29-07-2024 02:38:57","lastreceiveddatetimeflag":0,"tripposition":3}]},{"routeid":4336,"stationid":22471,"stationname":"Seetha Circle","from":"Channammanakere Achukattu","to":"Kempegowda Bus Station","routeno":"45-F","distance_on_station":3.244,"centerlat":12.93705,"centerlong":77.54882,"responsecode":200,"isnotify":0,"vehicleDetails":[{"vehicleid":19486,"vehiclenumber":"KA57F0724","servicetypeid":72,"servicetype":"Non AC/Ordinary","centerlat":12.918729,"centerlong":77.570625,"eta":"","sch_arrivaltime":"08:28","sch_departuretime":"08:28","actual_arrivaltime":"","actual_departuretime":"","sch_tripstarttime":"08:20","sch_tripendtime":"08:20","lastlocationid":0,"currentlocationid":22727,"nextlocationid":0,"currentstop":null,"nextstop":null,"laststop":null,"stopCoveredStatus":0,"heading":99,"lastrefreshon":"29-07-2024 02:38:57","lastreceiveddatetimeflag":0,"tripposition":3}]},{"routeid":4336,"stationid":21717,"stationname":"Bank Colony","from":"Channammanakere Achukattu","to":"Kempegowda Bus Station","routeno":"45-F","distance_on_station":3.867,"centerlat":12.93861,"centerlong":77.55326,"responsecode":200,"isnotify":0,"vehicleDetails":[{"vehicleid":19486,"vehiclenumber":"KA57F0724","servicetypeid":72,"servicetype":"Non AC/Ordinary","centerlat":12.918729,"centerlong":77.570625,"eta":"","sch_arrivaltime":"08:29","sch_departuretime":"08:29","actual_arrivaltime":"","actual_departuretime":"","sch_tripstarttime":"08:20","sch_tripendtime":"08:20","lastlocationid":0,"currentlocationid":22727,"nextlocationid":0,"currentstop":null,"nextstop":null,"laststop":null,"stopCoveredStatus":0,"heading":99,"lastrefreshon":"29-07-2024 02:38:57","lastreceiveddatetimeflag":0,"tripposition":3}]},{"routeid":4336,"stationid":22511,"stationname":"Srinivasa Nagara","from":"Channammanakere Achukattu","to":"Kempegowda Bus Station","routeno":"45-F","distance_on_station":4.389,"centerlat":12.93816,"centerlong":77.55687,"responsecode":200,"isnotify":0,"vehicleDetails":[{"vehicleid":19486,"vehiclenumber":"KA57F0724","servicetypeid":72,"servicetype":"Non AC/Ordinary","centerlat":12.918729,"centerlong":77.570625,"eta":"","sch_arrivaltime":"08:30","sch_departuretime":"08:30","actual_arrivaltime":"","actual_departuretime":"","sch_tripstarttime":"08:20","sch_tripendtime":"08:20","lastlocationid":0,"currentlocationid":22727,"nextlocationid":0,"currentstop":null,"nextstop":null,"laststop":null,"stopCoveredStatus":0,"heading":99,"lastrefreshon":"29-07-2024 02:38:57","lastreceiveddatetimeflag":0,"tripposition":3}]},{"routeid":4336,"stationid":21009,"stationname":"Maruthi Circle","from":"Channammanakere Achukattu","to":"Kempegowda Bus Station","routeno":"45-F","distance_on_station":5.1,"centerlat":12.94348,"centerlong":77.55851,"responsecode":200,"isnotify":0,"vehicleDetails":[{"vehicleid":19486,"vehiclenumber":"KA57F0724","servicetypeid":72,"servicetype":"Non AC/Ordinary","centerlat":12.918729,"centerlong":77.570625,"eta":"","sch_arrivaltime":"08:33","sch_departuretime":"08:33","actual_arrivaltime":"","actual_departuretime":"","sch_tripstarttime":"08:20","sch_tripendtime":"08:20","lastlocationid":0,"currentlocationid":22727,"nextlocationid":0,"currentstop":null,"nextstop":null,"laststop":null,"stopCoveredStatus":0,"heading":99,"lastrefreshon":"29-07-2024 02:38:57","lastreceiveddatetimeflag":0,"tripposition":3}]},{"routeid":4336,"stationid":21198,"stationname":"Subramanya Swamy Temple","from":"Channammanakere Achukattu","to":"Kempegowda Bus Station","routeno":"45-F","distance_on_station":5.478,"centerlat":12.94359,"centerlong":77.56165,"responsecode":200,"isnotify":0,"vehicleDetails":[{"vehicleid":19486,"vehiclenumber":"KA57F0724","servicetypeid":72,"servicetype":"Non AC/Ordinary","centerlat":12.918729,"centerlong":77.570625,"eta":"","sch_arrivaltime":"08:34","sch_departuretime":"08:34","actual_arrivaltime":"","actual_departuretime":"","sch_tripstarttime":"08:20","sch_tripendtime":"08:20","lastlocationid":0,"currentlocationid":22727,"nextlocationid":0,"currentstop":null,"nextstop":null,"laststop":null,"stopCoveredStatus":0,"heading":99,"lastrefreshon":"29-07-2024 02:38:57","lastreceiveddatetimeflag":0,"tripposition":3}]},{"routeid":4336,"stationid":20778,"stationname":"Ganesha Bhavan","from":"Channammanakere Achukattu","to":"Kempegowda Bus Station","routeno":"45-F","distance_on_station":5.856,"centerlat":12.94411,"centerlong":77.56426,"responsecode":200,"isnotify":0,"vehicleDetails":[{"vehicleid":19486,"vehiclenumber":"KA57F0724","servicetypeid":72,"servicetype":"Non AC/Ordinary","centerlat":12.918729,"centerlong":77.570625,"eta":"","sch_arrivaltime":"08:35","sch_departuretime":"08:35","actual_arrivaltime":"","actual_departuretime":"","sch_tripstarttime":"08:20","sch_tripendtime":"08:20","lastlocationid":0,"currentlocationid":22727,"nextlocationid":0,"currentstop":null,"nextstop":null,"laststop":null,"stopCoveredStatus":0,"heading":99,"lastrefreshon":"29-07-2024 02:38:57","lastreceiveddatetimeflag":0,"tripposition":3}]},{"routeid":4336,"stationid":20809,"stationname":"Syndicate Bank","from":"Channammanakere Achukattu","to":"Kempegowda Bus Station","routeno":"45-F","distance_on_station":6.167,"centerlat":12.9466,"centerlong":77.56423,"responsecode":200,"isnotify":0,"vehicleDetails":[{"vehicleid":19486,"vehiclenumber":"KA57F0724","servicetypeid":72,"servicetype":"Non AC/Ordinary","centerlat":12.918729,"centerlong":77.570625,"eta":"","sch_arrivaltime":"08:36","sch_departuretime":"08:36","actual_arrivaltime":"","actual_departuretime":"","sch_tripstarttime":"08:20","sch_tripendtime":"08:20","lastlocationid":0,"currentlocationid":22727,"nextlocationid":0,"currentstop":null,"nextstop":null,"laststop":null,"stopCoveredStatus":0,"heading":99,"lastrefreshon":"29-07-2024 02:38:57","lastreceiveddatetimeflag":0,"tripposition":3}]},{"routeid":4336,"stationid":21119,"stationname":"Ramakrishna Ashrama","from":"Channammanakere Achukattu","to":"Kempegowda Bus Station","routeno":"45-F","distance_on_station":6.9,"centerlat":12.94898,"centerlong":77.56765,"responsecode":200,"isnotify":0,"vehicleDetails":[{"vehicleid":19486,"vehiclenumber":"KA57F0724","servicetypeid":72,"servicetype":"Non AC/Ordinary","centerlat":12.918729,"centerlong":77.570625,"eta":"","sch_arrivaltime":"08:38","sch_departuretime":"08:38","actual_arrivaltime":"","actual_departuretime":"","sch_tripstarttime":"08:20","sch_tripendtime":"08:20","lastlocationid":0,"currentlocationid":22727,"nextlocationid":0,"currentstop":null,"nextstop":null,"laststop":null,"stopCoveredStatus":0,"heading":99,"lastrefreshon":"29-07-2024 02:38:57","lastreceiveddatetimeflag":0,"tripposition":3}]},{"routeid":4336,"stationid":20644,"stationname":"Bengaluru High School","from":"Channammanakere Achukattu","to":"Kempegowda Bus Station","routeno":"45-F","distance_on_station":7.256,"centerlat":12.95209,"centerlong":77.56749,"responsecode":200,"isnotify":0,"vehicleDetails":[{"vehicleid":19486,"vehiclenumber":"KA57F0724","servicetypeid":72,"servicetype":"Non AC/Ordinary","centerlat":12.918729,"centerlong":77.570625,"eta":"","sch_arrivaltime":"08:39","sch_departuretime":"08:39","actual_arrivaltime":"","actual_departuretime":"","sch_tripstarttime":"08:20","sch_tripendtime":"08:20","lastlocationid":0,"currentlocationid":22727,"nextlocationid":0,"currentstop":null,"nextstop":null,"laststop":null,"stopCoveredStatus":0,"heading":99,"lastrefreshon":"29-07-2024 02:38:57","lastreceiveddatetimeflag":0,"tripposition":3}]},{"routeid":4336,"stationid":20709,"stationname":"Chamarajapet","from":"Channammanakere Achukattu","to":"Kempegowda Bus Station","routeno":"45-F","distance_on_station":7.978,"centerlat":12.95714,"centerlong":77.56801,"responsecode":200,"isnotify":0,"vehicleDetails":[{"vehicleid":19486,"vehiclenumber":"KA57F0724","servicetypeid":72,"servicetype":"Non AC/Ordinary","centerlat":12.918729,"centerlong":77.570625,"eta":"","sch_arrivaltime":"08:41","sch_departuretime":"08:41","actual_arrivaltime":"","actual_departuretime":"","sch_tripstarttime":"08:20","sch_tripendtime":"08:20","lastlocationid":0,"currentlocationid":22727,"nextlocationid":0,"currentstop":null,"nextstop":null,"laststop":null,"stopCoveredStatus":0,"heading":99,"lastrefreshon":"29-07-2024 02:38:57","lastreceiveddatetimeflag":0,"tripposition":3}]},{"routeid":4336,"stationid":20986,"stationname":"Makkala Koota","from":"Channammanakere Achukattu","to":"Kempegowda Bus Station","routeno":"45-F","distance_on_station":8.733,"centerlat":12.95803,"centerlong":77.57385,"responsecode":200,"isnotify":0,"vehicleDetails":[{"vehicleid":19486,"vehiclenumber":"KA57F0724","servicetypeid":72,"servicetype":"Non AC/Ordinary","centerlat":12.918729,"centerlong":77.570625,"eta":"","sch_arrivaltime":"08:44","sch_departuretime":"08:44","actual_arrivaltime":"","actual_departuretime":"","sch_tripstarttime":"08:20","sch_tripendtime":"08:20","lastlocationid":0,"currentlocationid":22727,"nextlocationid":0,"currentstop":null,"nextstop":null,"laststop":null,"stopCoveredStatus":0,"heading":99,"lastrefreshon":"29-07-2024 02:38:57","lastreceiveddatetimeflag":0,"tripposition":3}]},{"routeid":4336,"stationid":21557,"stationname":"KR Market","from":"Channammanakere Achukattu","to":"Kempegowda Bus Station","routeno":"45-F","distance_on_station":9.278,"centerlat":12.96207,"centerlong":77.5756,"responsecode":200,"isnotify":0,"vehicleDetails":[{"vehicleid":19486,"vehiclenumber":"KA57F0724","servicetypeid":72,"servicetype":"Non AC/Ordinary","centerlat":12.918729,"centerlong":77.570625,"eta":"","sch_arrivaltime":"08:45","sch_departuretime":"08:45","actual_arrivaltime":"","actual_departuretime":"","sch_tripstarttime":"08:20","sch_tripendtime":"08:20","lastlocationid":0,"currentlocationid":22727,"nextlocationid":0,"currentstop":null,"nextstop":null,"laststop":null,"stopCoveredStatus":0,"heading":99,"lastrefreshon":"29-07-2024 02:38:57","lastreceiveddatetimeflag":0,"tripposition":3}]},{"routeid":4336,"stationid":22199,"stationname":"KR Market","from":"Channammanakere Achukattu","to":"Kempegowda Bus Station","routeno":"45-F","distance_on_station":9.656,"centerlat":12.96437,"centerlong":77.57736,"responsecode":200,"isnotify":0,"vehicleDetails":[{"vehicleid":19486,"vehiclenumber":"KA57F0724","servicetypeid":72,"servicetype":"Non AC/Ordinary","centerlat":12.918729,"centerlong":77.570625,"eta":"","sch_arrivaltime":"08:46","sch_departuretime":"08:46","actual_arrivaltime":"","actual_departuretime":"","sch_tripstarttime":"08:20","sch_tripendtime":"08:20","lastlocationid":0,"currentlocationid":22727,"nextlocationid":0,"currentstop":null,"nextstop":null,"laststop":null,"stopCoveredStatus":0,"heading":99,"lastrefreshon":"29-07-2024 02:38:57","lastreceiveddatetimeflag":0,"tripposition":3}]},{"routeid":4336,"stationid":21231,"stationname":"Town Hall","from":"Channammanakere Achukattu","to":"Kempegowda Bus Station","routeno":"45-F","distance_on_station":10.5,"centerlat":12.96384,"centerlong":77.58434,"responsecode":200,"isnotify":0,"vehicleDetails":[{"vehicleid":19486,"vehiclenumber":"KA57F0724","servicetypeid":72,"servicetype":"Non AC/Ordinary","centerlat":12.918729,"centerlong":77.570625,"eta":"","sch_arrivaltime":"08:50","sch_departuretime":"08:50","actual_arrivaltime":"","actual_departuretime":"","sch_tripstarttime":"08:20","sch_tripendtime":"08:20","lastlocationid":0,"currentlocationid":22727,"nextlocationid":0,"currentstop":null,"nextstop":null,"laststop":null,"stopCoveredStatus":0,"heading":99,"lastrefreshon":"29-07-2024 02:38:57","lastreceiveddatetimeflag":0,"tripposition":3}]},{"routeid":4336,"stationid":20725,"stationname":"Corporation","from":"Channammanakere Achukattu","to":"Kempegowda Bus Station","routeno":"45-F","distance_on_station":11.289,"centerlat":12.96839,"centerlong":77.58675,"responsecode":200,"isnotify":0,"vehicleDetails":[{"vehicleid":19486,"vehiclenumber":"KA57F0724","servicetypeid":72,"servicetype":"Non AC/Ordinary","centerlat":12.918729,"centerlong":77.570625,"eta":"","sch_arrivaltime":"08:53","sch_departuretime":"08:53","actual_arrivaltime":"","actual_departuretime":"","sch_tripstarttime":"08:20","sch_tripendtime":"08:20","lastlocationid":0,"currentlocationid":22727,"nextlocationid":0,"currentstop":null,"nextstop":null,"laststop":null,"stopCoveredStatus":0,"heading":99,"lastrefreshon":"29-07-2024 02:38:57","lastreceiveddatetimeflag":0,"tripposition":3}]},{"routeid":4336,"stationid":35383,"stationname":"Mysore Bank","from":"Channammanakere Achukattu","to":"Kempegowda Bus Station","routeno":"45-F","distance_on_station":12.078,"centerlat":12.97253,"centerlong":77.58199,"responsecode":200,"isnotify":0,"vehicleDetails":[{"vehicleid":19486,"vehiclenumber":"KA57F0724","servicetypeid":72,"servicetype":"Non AC/Ordinary","centerlat":12.918729,"centerlong":77.570625,"eta":"","sch_arrivaltime":"08:54","sch_departuretime":"08:54","actual_arrivaltime":"","actual_departuretime":"","sch_tripstarttime":"08:20","sch_tripendtime":"08:20","lastlocationid":0,"currentlocationid":22727,"nextlocationid":0,"currentstop":null,"nextstop":null,"laststop":null,"stopCoveredStatus":0,"heading":99,"lastrefreshon":"29-07-2024 02:38:57","lastreceiveddatetimeflag":0,"tripposition":3}]},{"routeid":4336,"stationid":20922,"stationname":"Kempegowda Bus Station","from":"Channammanakere Achukattu","to":"Kempegowda Bus Station","routeno":"45-F","distance_on_station":13.4,"centerlat":12.97749,"centerlong":77.57327,"responsecode":200,"isnotify":0,"vehicleDetails":[{"vehicleid":19486,"vehiclenumber":"KA57F0724","servicetypeid":72,"servicetype":"Non AC/Ordinary","centerlat":12.918729,"centerlong":77.570625,"eta":"","sch_arrivaltime":"09:01","sch_departuretime":"09:01","actual_arrivaltime":"","actual_departuretime":"","sch_tripstarttime":"08:20","sch_tripendtime":"08:20","lastlocationid":0,"currentlocationid":22727,"nextlocationid":0,"currentstop":null,"nextstop":null,"laststop":null,"stopCoveredStatus":0,"heading":99,"lastrefreshon":"29-07-2024 02:38:57","lastreceiveddatetimeflag":0,"tripposition":1}]}],"mapData":[{"vehicleid":19486,"vehiclenumber":"KA57F0724","servicetypeid":72,"servicetype":"Non AC/Ordinary","centerlat":12.918729,"centerlong":77.570625,"eta":"","sch_arrivaltime":"09:01","sch_departuretime":"09:01","actual_arrivaltime":"","actual_departuretime":"","sch_tripstarttime":"08:20","sch_tripendtime":"08:20","lastlocationid":0,"currentlocationid":22727,"nextlocationid":0,"currentstop":null,"nextstop":null,"laststop":null,"stopCoveredStatus":0,"heading":99,"lastrefreshon":"29-07-2024 02:38:57","lastreceiveddatetimeflag":0,"tripposition":1}]},"message":"Success","issuccess":true,"exception":null,"rowCount":0,"responsecode":200}