{"up":{"data":[{"routeid":12126,"stationid":35918,"stationname":"Depot-10 Gate","from":"Depot-10 Gate","to":"Krishnaraja Pura Govt Hospital","routeno":"500-Q D10G-TNF-KRPGH","distance_on_station":0,"centerlat":13.0255,"centerlong":77.63049,"responsecode":200,"isnotify":0,"vehicleDetails":[{"vehicleid":26841,"vehiclenumber":"KA51AJ8900","servicetypeid":72,"servicetype":"Non AC/Ordinary","centerlat":0,"centerlong":0,"eta":"","sch_arrivaltime":"06:08","sch_departuretime":"06:08","actual_arrivaltime":"","actual_departuretime":"","sch_tripstarttime":"06:08","sch_tripendtime":"06:08","lastlocationid":0,"currentlocationid":20946,"nextlocationid":0,"currentstop":null,"nextstop":null,"laststop":null,"stopCoveredStatus":0,"heading":0,"lastrefreshon":"26-07-2024 23:01:06","lastreceiveddatetimeflag":0,"tripposition":1},{"vehicleid":26841,"vehiclenumber":"KA51AJ8900","servicetypeid":72,"servicetype":"Non AC/Ordinary","centerlat":0,"centerlong":0,"eta":"","sch_arrivaltime":"06:08","sch_departuretime":"06:08","actual_arrivaltime":"","actual_departuretime":"","sch_tripstarttime":"06:08","sch_tripendtime":"06:08","lastlocationid":0,"currentlocationid":20863,"nextlocationid":0,"currentstop":null,"nextstop":null,"laststop":null,"stopCoveredStatus":0,"heading":0,"lastrefreshon":"26-07-2024 23:01:06","lastreceiveddatetimeflag":0,"tripposition":1},{"vehicleid":26841,"vehiclenumber":"KA51AJ8900","servicetypeid":72,"servicetype":"Non AC/Ordinary","centerlat":0,"centerlong":0,"eta":"","sch_arrivaltime":"06:08","sch_departuretime":"06:08","actual_arrivaltime":"","actual_departuretime":"","sch_tripstarttime":"06:08","sch_tripendtime":"06:08","lastlocationid":0,"currentlocationid":21229,"nextlocationid":0,"currentstop":null,"nextstop":null,"laststop":null,"stopCoveredStatus":0,"heading":0,"lastrefreshon":"26-07-2024 23:01:06","lastreceiveddatetimeflag":0,"tripposition":1},{"vehicleid":26841,"vehiclenumber":"KA51AJ8900","servicetypeid":72,"servicetype":"Non AC/Ordinary","centerlat":0,"centerlong":0,"eta":"","sch_arrivaltime":"06:08","sch_departuretime":"06:08","actual_arrivaltime":"","actual_departuretime":"","sch_tripstarttime":"06:08","sch_tripendtime":"06:08","lastlocationid":0,"currentlocationid":20914,"nextlocationid":0,"currentstop":null,"nextstop":null,"laststop":null,"stopCoveredStatus":0,"heading":0,"lastrefreshon":"26-07-2024 23:01:06","lastreceiveddatetimeflag":0,"tripposition":1},{"vehicleid":26841,"vehiclenumber":"KA51AJ8900","servicetypeid":72,"servicetype":"Non AC/Ordinary","centerlat":0,"centerlong":0,"eta":"","sch_arrivaltime":"06:08","sch_departuretime":"06:08","actual_arrivaltime":"","actual_departuretime":"","sch_tripstarttime":"06:08","sch_tripendtime":"06:08","lastlocationid":0,"currentlocationid":20614,"nextlocationid":0,"currentstop":null,"nextstop":null,"laststop":null,"stopCoveredStatus":0,"heading":0,"lastrefreshon":"26-07-2024 23:01:06","lastreceiveddatetimeflag":0,"tripposition":1},{"vehicleid":26841,"vehiclenumber":"KA51AJ8900","servicetypeid":72,"servicetype":"Non AC/Ordinary","centerlat":0,"centerlong":0,"eta":"","sch_arrivaltime":"06:08","sch_departuretime":"06:08","actual_arrivaltime":"","actual_departuretime":"","sch_tripstarttime":"06:08","sch_tripendtime":"06:08","lastlocationid":0,"currentlocationid":21263,"nextlocationid":0,"currentstop":null,"nextstop":null,"laststop":null,"stopCoveredStatus":0,"heading":0,"lastrefreshon":"26-07-2024 23:01:06","lastreceiveddatetimeflag":0,"tripposition":1},{"vehicleid":26841,"vehiclenumber":"KA51AJ8900","servicetypeid":72,"servicetype":"Non AC/Ordinary","centerlat":0,"centerlong":0,"eta":"","sch_arrivaltime":"06:08","sch_departuretime":"06:08","actual_arrivaltime":"","actual_departuretime":"","sch_tripstarttime":"06:08","sch_tripendtime":"06:08","lastlocationid":0,"currentlocationid":20838,"nextlocationid":0,"currentstop":null,"nextstop":null,"laststop":null,"stopCoveredStatus":0,"heading":0,"lastrefreshon":"26-07-2024 23:01:06","lastreceiveddatetimeflag":0,"tripposition":1},{"vehicleid":26841,"vehiclenumber":"KA51AJ8900","servicetypeid":72,"servicetype":"Non AC/Ordinary","centerlat":0,"centerlong":0,"eta":"","sch_arrivaltime":"06:08","sch_departuretime":"06:08","actual_arrivaltime":"","actual_departuretime":"","sch_tripstarttime":"06:08","sch_tripendtime":"06:08","lastlocationid":0,"currentlocationid":20618,"nextlocationid":0,"currentstop":null,"nextstop":null,"laststop":null,"stopCoveredStatus":0,"heading":0,"lastrefreshon":"26-07-2024 23:01:06","lastreceiveddatetimeflag":0,"tripposition":1},{"vehicleid":26841,"vehiclenumber":"KA51AJ8900","servicetypeid":72,"servicetype":"Non AC/Ordinary","centerlat":0,"centerlong":0,"eta":"","sch_arrivaltime":"06:08","sch_departuretime":"06:08","actual_arrivaltime":"","actual_departuretime":"","sch_tripstarttime":"06:08","sch_tripendtime":"06:08","lastlocationid":0,"currentlocationid":36441,"nextlocationid":0,"currentstop":null,"nextstop":null,"laststop":null,"stopCoveredStatus":0,"heading":0,"lastrefreshon":"26-07-2024 23:01:06","lastreceiveddatetimeflag":0,"tripposition":1},{"vehicleid":26841,"vehiclenumber":"KA51AJ8900","servicetypeid":72,"servicetype":"Non AC/Ordinary","centerlat":0,"centerlong":0,"eta":"","sch_arrivaltime":"06:08","sch_departuretime":"06:08","actual_arrivaltime":"","actual_departuretime":"","sch_tripstarttime":"06:08","sch_tripendtime":"06:08","lastlocationid":0,"currentlocationid":35918,"nextlocationid":0,"currentstop":null,"nextstop":null,"laststop":null,"stopCoveredStatus":0,"heading":0,"lastrefreshon":"26-07-2024 23:01:06","lastreceiveddatetimeflag":0,"tripposition":1}]},{"routeid":12126,"stationid":36441,"stationname":"Kalyananagara Bus Stand","from":"Depot-10 Gate","to":"Krishnaraja Pura Govt Hospital","routeno":"500-Q D10G-TNF-KRPGH","distance_on_station":0.9,"centerlat":13.02642,"centerlong":77.63839,"responsecode":200,"isnotify":0,"vehicleDetails":[{"vehicleid":26841,"vehiclenumber":"KA51AJ8900","servicetypeid":72,"servicetype":"Non AC/Ordinary","centerlat":0,"centerlong":0,"eta":"","sch_arrivaltime":"06:11","sch_departuretime":"06:11","actual_arrivaltime":"","actual_departuretime":"","sch_tripstarttime":"06:08","sch_tripendtime":"06:08","lastlocationid":0,"currentlocationid":20946,"nextlocationid":0,"currentstop":null,"nextstop":null,"laststop":null,"stopCoveredStatus":0,"heading":0,"lastrefreshon":"26-07-2024 23:01:06","lastreceiveddatetimeflag":0,"tripposition":3},{"vehicleid":26841,"vehiclenumber":"KA51AJ8900","servicetypeid":72,"servicetype":"Non AC/Ordinary","centerlat":0,"centerlong":0,"eta":"","sch_arrivaltime":"06:11","sch_departuretime":"06:11","actual_arrivaltime":"","actual_departuretime":"","sch_tripstarttime":"06:08","sch_tripendtime":"06:08","lastlocationid":0,"currentlocationid":20863,"nextlocationid":0,"currentstop":null,"nextstop":null,"laststop":null,"stopCoveredStatus":0,"heading":0,"lastrefreshon":"26-07-2024 23:01:06","lastreceiveddatetimeflag":0,"tripposition":3},{"vehicleid":26841,"vehiclenumber":"KA51AJ8900","servicetypeid":72,"servicetype":"Non AC/Ordinary","centerlat":0,"centerlong":0,"eta":"","sch_arrivaltime":"06:11","sch_departuretime":"06:11","actual_arrivaltime":"","actual_departuretime":"","sch_tripstarttime":"06:08","sch_tripendtime":"06:08","lastlocationid":0,"currentlocationid":21229,"nextlocationid":0,"currentstop":null,"nextstop":null,"laststop":null,"stopCoveredStatus":0,"heading":0,"lastrefreshon":"26-07-2024 23:01:06","lastreceiveddatetimeflag":0,"tripposition":3},{"vehicleid":26841,"vehiclenumber":"KA51AJ8900","servicetypeid":72,"servicetype":"Non AC/Ordinary","centerlat":0,"centerlong":0,"eta":"","sch_arrivaltime":"06:11","sch_departuretime":"06:11","actual_arrivaltime":"","actual_departuretime":"","sch_tripstarttime":"06:08","sch_tripendtime":"06:08","lastlocationid":0,"currentlocationid":20914,"nextlocationid":0,"currentstop":null,"nextstop":null,"laststop":null,"stopCoveredStatus":0,"heading":0,"lastrefreshon":"26-07-2024 23:01:06","lastreceiveddatetimeflag":0,"tripposition":3},{"vehicleid":26841,"vehiclenumber":"KA51AJ8900","servicetypeid":72,"servicetype":"Non AC/Ordinary","centerlat":0,"centerlong":0,"eta":"","sch_arrivaltime":"06:11","sch_departuretime":"06:11","actual_arrivaltime":"","actual_departuretime":"","sch_tripstarttime":"06:08","sch_tripendtime":"06:08","lastlocationid":0,"currentlocationid":20614,"nextlocationid":0,"currentstop":null,"nextstop":null,"laststop":null,"stopCoveredStatus":0,"heading":0,"lastrefreshon":"26-07-2024 23:01:06","lastreceiveddatetimeflag":0,"tripposition":3},{"vehicleid":26841,"vehiclenumber":"KA51AJ8900","servicetypeid":72,"servicetype":"Non AC/Ordinary","centerlat":0,"centerlong":0,"eta":"","sch_arrivaltime":"06:11","sch_departuretime":"06:11","actual_arrivaltime":"","actual_departuretime":"","sch_tripstarttime":"06:08","sch_tripendtime":"06:08","lastlocationid":0,"currentlocationid":21263,"nextlocationid":0,"currentstop":null,"nextstop":null,"laststop":null,"stopCoveredStatus":0,"heading":0,"lastrefreshon":"26-07-2024 23:01:06","lastreceiveddatetimeflag":0,"tripposition":3},{"vehicleid":26841,"vehiclenumber":"KA51AJ8900","servicetypeid":72,"servicetype":"Non AC/Ordinary","centerlat":0,"centerlong":0,"eta":"","sch_arrivaltime":"06:11","sch_departuretime":"06:11","actual_arrivaltime":"","actual_departuretime":"","sch_tripstarttime":"06:08","sch_tripendtime":"06:08","lastlocationid":0,"currentlocationid":20838,"nextlocationid":0,"currentstop":null,"nextstop":null,"laststop":null,"stopCoveredStatus":0,"heading":0,"lastrefreshon":"26-07-2024 23:01:06","lastreceiveddatetimeflag":0,"tripposition":3},{"vehicleid":26841,"vehiclenumber":"KA51AJ8900","servicetypeid":72,"servicetype":"Non AC/Ordinary","centerlat":0,"centerlong":0,"eta":"","sch_arrivaltime":"06:11","sch_departuretime":"06:11","actual_arrivaltime":"","actual_departuretime":"","sch_tripstarttime":"06:08","sch_tripendtime":"06:08","lastlocationid":0,"currentlocationid":20618,"nextlocationid":0,"currentstop":null,"nextstop":null,"laststop":null,"stopCoveredStatus":0,"heading":0,"lastrefreshon":"26-07-2024 23:01:06","lastreceiveddatetimeflag":0,"tripposition":3},{"vehicleid":26841,"vehiclenumber":"KA51AJ8900","servicetypeid":72,"servicetype":"Non AC/Ordinary","centerlat":0,"centerlong":0,"eta":"","sch_arrivaltime":"06:11","sch_departuretime":"06:11","actual_arrivaltime":"","actual_departuretime":"","sch_tripstarttime":"06:08","sch_tripendtime":"06:08","lastlocationid":0,"currentlocationid":36441,"nextlocationid":0,"currentstop":null,"nextstop":null,"laststop":null,"stopCoveredStatus":0,"heading":0,"lastrefreshon":"26-07-2024 23:01:06","lastreceiveddatetimeflag":0,"tripposition":3},{"vehicleid":26841,"vehiclenumber":"KA51AJ8900","servicetypeid":72,"servicetype":"Non AC/Ordinary","centerlat":0,"centerlong":0,"eta":"","sch_arrivaltime":"06:11","sch_departuretime":"06:11","actual_arrivaltime":"","actual_departuretime":"","sch_tripstarttime":"06:08","sch_tripendtime":"06:08","lastlocationid":0,"currentlocationid":35918,"nextlocationid":0,"currentstop":null,"nextstop":null,"laststop":null,"stopCoveredStatus":0,"heading":0,"lastrefreshon":"26-07-2024 23:01:06","lastreceiveddatetimeflag":0,"tripposition":3}]},{"routeid":12126,"stationid":20618,"stationname":"Babusabpalya","from":"Depot-10 Gate","to":"Krishnaraja Pura Govt Hospital","routeno":"500-Q D10G-TNF-KRPGH","distance_on_station":1.835,"centerlat":13.02274,"centerlong":77.64721,"responsecode":200,"isnotify":0,"vehicleDetails":[{"vehicleid":26841,"vehiclenumber":"KA51AJ8900","servicetypeid":72,"servicetype":"Non AC/Ordinary","centerlat":0,"centerlong":0,"eta":"","sch_arrivaltime":"06:13","sch_departuretime":"06:13","actual_arrivaltime":"","actual_departuretime":"","sch_tripstarttime":"06:08","sch_tripendtime":"06:08","lastlocationid":0,"currentlocationid":20946,"nextlocationid":0,"currentstop":null,"nextstop":null,"laststop":null,"stopCoveredStatus":0,"heading":0,"lastrefreshon":"26-07-2024 23:01:06","lastreceiveddatetimeflag":0,"tripposition":3},{"vehicleid":26841,"vehiclenumber":"KA51AJ8900","servicetypeid":72,"servicetype":"Non AC/Ordinary","centerlat":0,"centerlong":0,"eta":"","sch_arrivaltime":"06:13","sch_departuretime":"06:13","actual_arrivaltime":"","actual_departuretime":"","sch_tripstarttime":"06:08","sch_tripendtime":"06:08","lastlocationid":0,"currentlocationid":20863,"nextlocationid":0,"currentstop":null,"nextstop":null,"laststop":null,"stopCoveredStatus":0,"heading":0,"lastrefreshon":"26-07-2024 23:01:06","lastreceiveddatetimeflag":0,"tripposition":3},{"vehicleid":26841,"vehiclenumber":"KA51AJ8900","servicetypeid":72,"servicetype":"Non AC/Ordinary","centerlat":0,"centerlong":0,"eta":"","sch_arrivaltime":"06:13","sch_departuretime":"06:13","actual_arrivaltime":"","actual_departuretime":"","sch_tripstarttime":"06:08","sch_tripendtime":"06:08","lastlocationid":0,"currentlocationid":21229,"nextlocationid":0,"currentstop":null,"nextstop":null,"laststop":null,"stopCoveredStatus":0,"heading":0,"lastrefreshon":"26-07-2024 23:01:06","lastreceiveddatetimeflag":0,"tripposition":3},{"vehicleid":26841,"vehiclenumber":"KA51AJ8900","servicetypeid":72,"servicetype":"Non AC/Ordinary","centerlat":0,"centerlong":0,"eta":"","sch_arrivaltime":"06:13","sch_departuretime":"06:13","actual_arrivaltime":"","actual_departuretime":"","sch_tripstarttime":"06:08","sch_tripendtime":"06:08","lastlocationid":0,"currentlocationid":20914,"nextlocationid":0,"currentstop":null,"nextstop":null,"laststop":null,"stopCoveredStatus":0,"heading":0,"lastrefreshon":"26-07-2024 23:01:06","lastreceiveddatetimeflag":0,"tripposition":3},{"vehicleid":26841,"vehiclenumber":"KA51AJ8900","servicetypeid":72,"servicetype":"Non AC/Ordinary","centerlat":0,"centerlong":0,"eta":"","sch_arrivaltime":"06:13","sch_departuretime":"06:13","actual_arrivaltime":"","actual_departuretime":"","sch_tripstarttime":"06:08","sch_tripendtime":"06:08","lastlocationid":0,"currentlocationid":20614,"nextlocationid":0,"currentstop":null,"nextstop":null,"laststop":null,"stopCoveredStatus":0,"heading":0,"lastrefreshon":"26-07-2024 23:01:06","lastreceiveddatetimeflag":0,"tripposition":3},{"vehicleid":26841,"vehiclenumber":"KA51AJ8900","servicetypeid":72,"servicetype":"Non AC/Ordinary","centerlat":0,"centerlong":0,"eta":"","sch_arrivaltime":"06:13","sch_departuretime":"06:13","actual_arrivaltime":"","actual_departuretime":"","sch_tripstarttime":"06:08","sch_tripendtime":"06:08","lastlocationid":0,"currentlocationid":21263,"nextlocationid":0,"currentstop":null,"nextstop":null,"laststop":null,"stopCoveredStatus":0,"heading":0,"lastrefreshon":"26-07-2024 23:01:06","lastreceiveddatetimeflag":0,"tripposition":3},{"vehicleid":26841,"vehiclenumber":"KA51AJ8900","servicetypeid":72,"servicetype":"Non AC/Ordinary","centerlat":0,"centerlong":0,"eta":"","sch_arrivaltime":"06:13","sch_departuretime":"06:13","actual_arrivaltime":"","actual_departuretime":"","sch_tripstarttime":"06:08","sch_tripendtime":"06:08","lastlocationid":0,"currentlocationid":20838,"nextlocationid":0,"currentstop":null,"nextstop":null,"laststop":null,"stopCoveredStatus":0,"heading":0,"lastrefreshon":"26-07-2024 23:01:06","lastreceiveddatetimeflag":0,"tripposition":3},{"vehicleid":26841,"vehiclenumber":"KA51AJ8900","servicetypeid":72,"servicetype":"Non AC/Ordinary","centerlat":0,"centerlong":0,"eta":"","sch_arrivaltime":"06:13","sch_departuretime":"06:13","actual_arrivaltime":"","actual_departuretime":"","sch_tripstarttime":"06:08","sch_tripendtime":"06:08","lastlocationid":0,"currentlocationid":20618,"nextlocationid":0,"currentstop":null,"nextstop":null,"laststop":null,"stopCoveredStatus":0,"heading":0,"lastrefreshon":"26-07-2024 23:01:06","lastreceiveddatetimeflag":0,"tripposition":3},{"vehicleid":26841,"vehiclenumber":"KA51AJ8900","servicetypeid":72,"servicetype":"Non AC/Ordinary","centerlat":0,"centerlong":0,"eta":"","sch_arrivaltime":"06:13","sch_departuretime":"06:13","actual_arrivaltime":"","actual_departuretime":"","sch_tripstarttime":"06:08","sch_tripendtime":"06:08","lastlocationid":0,"currentlocationid":36441,"nextlocationid":0,"currentstop":null,"nextstop":null,"laststop":null,"stopCoveredStatus":0,"heading":0,"lastrefreshon":"26-07-2024 23:01:06","lastreceiveddatetimeflag":0,"tripposition":3},{"vehicleid":26841,"vehiclenumber":"KA51AJ8900","servicetypeid":72,"servicetype":"Non AC/Ordinary","centerlat":0,"centerlong":0,"eta":"","sch_arrivaltime":"06:13","sch_departuretime":"06:13","actual_arrivaltime":"","actual_departuretime":"","sch_tripstarttime":"06:08","sch_tripendtime":"06:08","lastlocationid":0,"currentlocationid":35918,"nextlocationid":0,"currentstop":null,"nextstop":null,"laststop":null,"stopCoveredStatus":0,"heading":0,"lastrefreshon":"26-07-2024 23:01:06","lastreceiveddatetimeflag":0,"tripposition":3}]},{"routeid":12126,"stationid":20838,"stationname":"Horamavu","from":"Depot-10 Gate","to":"Krishnaraja Pura Govt Hospital","routeno":"500-Q D10G-TNF-KRPGH","distance_on_station":2.585,"centerlat":13.01966,"centerlong":77.65437,"responsecode":200,"isnotify":0,"vehicleDetails":[{"vehicleid":26841,"vehiclenumber":"KA51AJ8900","servicetypeid":72,"servicetype":"Non AC/Ordinary","centerlat":0,"centerlong":0,"eta":"","sch_arrivaltime":"06:14","sch_departuretime":"06:14","actual_arrivaltime":"","actual_departuretime":"","sch_tripstarttime":"06:08","sch_tripendtime":"06:08","lastlocationid":0,"currentlocationid":20946,"nextlocationid":0,"currentstop":null,"nextstop":null,"laststop":null,"stopCoveredStatus":0,"heading":0,"lastrefreshon":"26-07-2024 23:01:06","lastreceiveddatetimeflag":0,"tripposition":3},{"vehicleid":26841,"vehiclenumber":"KA51AJ8900","servicetypeid":72,"servicetype":"Non AC/Ordinary","centerlat":0,"centerlong":0,"eta":"","sch_arrivaltime":"06:14","sch_departuretime":"06:14","actual_arrivaltime":"","actual_departuretime":"","sch_tripstarttime":"06:08","sch_tripendtime":"06:08","lastlocationid":0,"currentlocationid":20863,"nextlocationid":0,"currentstop":null,"nextstop":null,"laststop":null,"stopCoveredStatus":0,"heading":0,"lastrefreshon":"26-07-2024 23:01:06","lastreceiveddatetimeflag":0,"tripposition":3},{"vehicleid":26841,"vehiclenumber":"KA51AJ8900","servicetypeid":72,"servicetype":"Non AC/Ordinary","centerlat":0,"centerlong":0,"eta":"","sch_arrivaltime":"06:14","sch_departuretime":"06:14","actual_arrivaltime":"","actual_departuretime":"","sch_tripstarttime":"06:08","sch_tripendtime":"06:08","lastlocationid":0,"currentlocationid":21229,"nextlocationid":0,"currentstop":null,"nextstop":null,"laststop":null,"stopCoveredStatus":0,"heading":0,"lastrefreshon":"26-07-2024 23:01:06","lastreceiveddatetimeflag":0,"tripposition":3},{"vehicleid":26841,"vehiclenumber":"KA51AJ8900","servicetypeid":72,"servicetype":"Non AC/Ordinary","centerlat":0,"centerlong":0,"eta":"","sch_arrivaltime":"06:14","sch_departuretime":"06:14","actual_arrivaltime":"","actual_departuretime":"","sch_tripstarttime":"06:08","sch_tripendtime":"06:08","lastlocationid":0,"currentlocationid":20914,"nextlocationid":0,"currentstop":null,"nextstop":null,"laststop":null,"stopCoveredStatus":0,"heading":0,"lastrefreshon":"26-07-2024 23:01:06","lastreceiveddatetimeflag":0,"tripposition":3},{"vehicleid":26841,"vehiclenumber":"KA51AJ8900","servicetypeid":72,"servicetype":"Non AC/Ordinary","centerlat":0,"centerlong":0,"eta":"","sch_arrivaltime":"06:14","sch_departuretime":"06:14","actual_arrivaltime":"","actual_departuretime":"","sch_tripstarttime":"06:08","sch_tripendtime":"06:08","lastlocationid":0,"currentlocationid":20614,"nextlocationid":0,"currentstop":null,"nextstop":null,"laststop":null,"stopCoveredStatus":0,"heading":0,"lastrefreshon":"26-07-2024 23:01:06","lastreceiveddatetimeflag":0,"tripposition":3},{"vehicleid":26841,"vehiclenumber":"KA51AJ8900","servicetypeid":72,"servicetype":"Non AC/Ordinary","centerlat":0,"centerlong":0,"eta":"","sch_arrivaltime":"06:14","sch_departuretime":"06:14","actual_arrivaltime":"","actual_departuretime":"","sch_tripstarttime":"06:08","sch_tripendtime":"06:08","lastlocationid":0,"currentlocationid":21263,"nextlocationid":0,"currentstop":null,"nextstop":null,"laststop":null,"stopCoveredStatus":0,"heading":0,"lastrefreshon":"26-07-2024 23:01:06","lastreceiveddatetimeflag":0,"tripposition":3},{"vehicleid":26841,"vehiclenumber":"KA51AJ8900","servicetypeid":72,"servicetype":"Non AC/Ordinary","centerlat":0,"centerlong":0,"eta":"","sch_arrivaltime":"06:14","sch_departuretime":"06:14","actual_arrivaltime":"","actual_departuretime":"","sch_tripstarttime":"06:08","sch_tripendtime":"06:08","lastlocationid":0,"currentlocationid":20838,"nextlocationid":0,"currentstop":null,"nextstop":null,"laststop":null,"stopCoveredStatus":0,"heading":0,"lastrefreshon":"26-07-2024 23:01:06","lastreceiveddatetimeflag":0,"tripposition":3},{"vehicleid":26841,"vehiclenumber":"KA51AJ8900","servicetypeid":72,"servicetype":"Non AC/Ordinary","centerlat":0,"centerlong":0,"eta":"","sch_arrivaltime":"06:14","sch_departuretime":"06:14","actual_arrivaltime":"","actual_departuretime":"","sch_tripstarttime":"06:08","sch_tripendtime":"06:08","lastlocationid":0,"currentlocationid":20618,"nextlocationid":0,"currentstop":null,"nextstop":null,"laststop":null,"stopCoveredStatus":0,"heading":0,"lastrefreshon":"26-07-2024 23:01:06","lastreceiveddatetimeflag":0,"tripposition":3},{"vehicleid":26841,"vehiclenumber":"KA51AJ8900","servicetypeid":72,"servicetype":"Non AC/Ordinary","centerlat":0,"centerlong":0,"eta":"","sch_arrivaltime":"06:14","sch_departuretime":"06:14","actual_arrivaltime":"","actual_departuretime":"","sch_tripstarttime":"06:08","sch_tripendtime":"06:08","lastlocationid":0,"currentlocationid":36441,"nextlocationid":0,"currentstop":null,"nextstop":null,"laststop":null,"stopCoveredStatus":0,"heading":0,"lastrefreshon":"26-07-2024 23:01:06","lastreceiveddatetimeflag":0,"tripposition":3},{"vehicleid":26841,"vehiclenumber":"KA51AJ8900","servicetypeid":72,"servicetype":"Non AC/Ordinary","centerlat":0,"centerlong":0,"eta":"","sch_arrivaltime":"06:14","sch_departuretime":"06:14","actual_arrivaltime":"","actual_departuretime":"","sch_tripstarttime":"06:08","sch_tripendtime":"06:08","lastlocationid":0,"currentlocationid":35918,"nextlocationid":0,"currentstop":null,"nextstop":null,"laststop":null,"stopCoveredStatus":0,"heading":0,"lastrefreshon":"26-07-2024 23:01:06","lastreceiveddatetimeflag":0,"tripposition":3}]},{"routeid":12126,"stationid":21263,"stationname":"Vijaya Bank Colony Ring Road","from":"Depot-10 Gate","to":"Krishnaraja Pura Govt Hospital","routeno":"500-Q D10G-TNF-KRPGH","distance_on_station":3.159,"centerlat":13.01726,"centerlong":77.65992,"responsecode":200,"isnotify":0,"vehicleDetails":[{"vehicleid":26841,"vehiclenumber":"KA51AJ8900","servicetypeid":72,"servicetype":"Non AC/Ordinary","centerlat":0,"centerlong":0,"eta":"","sch_arrivaltime":"06:15","sch_departuretime":"06:15","actual_arrivaltime":"","actual_departuretime":"","sch_tripstarttime":"06:08","sch_tripendtime":"06:08","lastlocationid":0,"currentlocationid":20946,"nextlocationid":0,"currentstop":null,"nextstop":null,"laststop":null,"stopCoveredStatus":0,"heading":0,"lastrefreshon":"26-07-2024 23:01:06","lastreceiveddatetimeflag":0,"tripposition":3},{"vehicleid":26841,"vehiclenumber":"KA51AJ8900","servicetypeid":72,"servicetype":"Non AC/Ordinary","centerlat":0,"centerlong":0,"eta":"","sch_arrivaltime":"06:15","sch_departuretime":"06:15","actual_arrivaltime":"","actual_departuretime":"","sch_tripstarttime":"06:08","sch_tripendtime":"06:08","lastlocationid":0,"currentlocationid":20863,"nextlocationid":0,"currentstop":null,"nextstop":null,"laststop":null,"stopCoveredStatus":0,"heading":0,"lastrefreshon":"26-07-2024 23:01:06","lastreceiveddatetimeflag":0,"tripposition":3},{"vehicleid":26841,"vehiclenumber":"KA51AJ8900","servicetypeid":72,"servicetype":"Non AC/Ordinary","centerlat":0,"centerlong":0,"eta":"","sch_arrivaltime":"06:15","sch_departuretime":"06:15","actual_arrivaltime":"","actual_departuretime":"","sch_tripstarttime":"06:08","sch_tripendtime":"06:08","lastlocationid":0,"currentlocationid":21229,"nextlocationid":0,"currentstop":null,"nextstop":null,"laststop":null,"stopCoveredStatus":0,"heading":0,"lastrefreshon":"26-07-2024 23:01:06","lastreceiveddatetimeflag":0,"tripposition":3},{"vehicleid":26841,"vehiclenumber":"KA51AJ8900","servicetypeid":72,"servicetype":"Non AC/Ordinary","centerlat":0,"centerlong":0,"eta":"","sch_arrivaltime":"06:15","sch_departuretime":"06:15","actual_arrivaltime":"","actual_departuretime":"","sch_tripstarttime":"06:08","sch_tripendtime":"06:08","lastlocationid":0,"currentlocationid":20914,"nextlocationid":0,"currentstop":null,"nextstop":null,"laststop":null,"stopCoveredStatus":0,"heading":0,"lastrefreshon":"26-07-2024 23:01:06","lastreceiveddatetimeflag":0,"tripposition":3},{"vehicleid":26841,"vehiclenumber":"KA51AJ8900","servicetypeid":72,"servicetype":"Non AC/Ordinary","centerlat":0,"centerlong":0,"eta":"","sch_arrivaltime":"06:15","sch_departuretime":"06:15","actual_arrivaltime":"","actual_departuretime":"","sch_tripstarttime":"06:08","sch_tripendtime":"06:08","lastlocationid":0,"currentlocationid":20614,"nextlocationid":0,"currentstop":null,"nextstop":null,"laststop":null,"stopCoveredStatus":0,"heading":0,"lastrefreshon":"26-07-2024 23:01:06","lastreceiveddatetimeflag":0,"tripposition":3},{"vehicleid":26841,"vehiclenumber":"KA51AJ8900","servicetypeid":72,"servicetype":"Non AC/Ordinary","centerlat":0,"centerlong":0,"eta":"","sch_arrivaltime":"06:15","sch_departuretime":"06:15","actual_arrivaltime":"","actual_departuretime":"","sch_tripstarttime":"06:08","sch_tripendtime":"06:08","lastlocationid":0,"currentlocationid":21263,"nextlocationid":0,"currentstop":null,"nextstop":null,"laststop":null,"stopCoveredStatus":0,"heading":0,"lastrefreshon":"26-07-2024 23:01:06","lastreceiveddatetimeflag":0,"tripposition":3},{"vehicleid":26841,"vehiclenumber":"KA51AJ8900","servicetypeid":72,"servicetype":"Non AC/Ordinary","centerlat":0,"centerlong":0,"eta":"","sch_arrivaltime":"06:15","sch_departuretime":"06:15","actual_arrivaltime":"","actual_departuretime":"","sch_tripstarttime":"06:08","sch_tripendtime":"06:08","lastlocationid":0,"currentlocationid":20838,"nextlocationid":0,"currentstop":null,"nextstop":null,"laststop":null,"stopCoveredStatus":0,"heading":0,"lastrefreshon":"26-07-2024 23:01:06","lastreceiveddatetimeflag":0,"tripposition":3},{"vehicleid":26841,"vehiclenumber":"KA51AJ8900","servicetypeid":72,"servicetype":"Non AC/Ordinary","centerlat":0,"centerlong":0,"eta":"","sch_arrivaltime":"06:15","sch_departuretime":"06:15","actual_arrivaltime":"","actual_departuretime":"","sch_tripstarttime":"06:08","sch_tripendtime":"06:08","lastlocationid":0,"currentlocationid":20618,"nextlocationid":0,"currentstop":null,"nextstop":null,"laststop":null,"stopCoveredStatus":0,"heading":0,"lastrefreshon":"26-07-2024 23:01:06","lastreceiveddatetimeflag":0,"tripposition":3},{"vehicleid":26841,"vehiclenumber":"KA51AJ8900","servicetypeid":72,"servicetype":"Non AC/Ordinary","centerlat":0,"centerlong":0,"eta":"","sch_arrivaltime":"06:15","sch_departuretime":"06:15","actual_arrivaltime":"","actual_departuretime":"","sch_tripstarttime":"06:08","sch_tripendtime":"06:08","lastlocationid":0,"currentlocationid":36441,"nextlocationid":0,"currentstop":null,"nextstop":null,"laststop":null,"stopCoveredStatus":0,"heading":0,"lastrefreshon":"26-07-2024 23:01:06","lastreceiveddatetimeflag":0,"tripposition":3},{"vehicleid":26841,"vehiclenumber":"KA51AJ8900","servicetypeid":72,"servicetype":"Non AC/Ordinary","centerlat":0,"centerlong":0,"eta":"","sch_arrivaltime":"06:15","sch_departuretime":"06:15","actual_arrivaltime":"","actual_departuretime":"","sch_tripstarttime":"06:08","sch_tripendtime":"06:08","lastlocationid":0,"currentlocationid":35918,"nextlocationid":0,"currentstop":null,"nextstop":null,"laststop":null,"stopCoveredStatus":0,"heading":0,"lastrefreshon":"26-07-2024 23:01:06","lastreceiveddatetimeflag":0,"tripposition":3}]},{"routeid":12126,"stationid":20614,"stationname":"B Channasandra Bridge(Ramamurthy Nagara Ring Road)","from":"Depot-10 Gate","to":"Krishnaraja Pura Govt Hospital","routeno":"500-Q D10G-TNF-KRPGH","distance_on_station":3.874,"centerlat":13.01128,"centerlong":77.66242,"responsecode":200,"isnotify":0,"vehicleDetails":[{"vehicleid":26841,"vehiclenumber":"KA51AJ8900","servicetypeid":72,"servicetype":"Non AC/Ordinary","centerlat":0,"centerlong":0,"eta":"","sch_arrivaltime":"06:16","sch_departuretime":"06:16","actual_arrivaltime":"","actual_departuretime":"","sch_tripstarttime":"06:08","sch_tripendtime":"06:08","lastlocationid":0,"currentlocationid":20946,"nextlocationid":0,"currentstop":null,"nextstop":null,"laststop":null,"stopCoveredStatus":0,"heading":0,"lastrefreshon":"26-07-2024 23:01:06","lastreceiveddatetimeflag":0,"tripposition":3},{"vehicleid":26841,"vehiclenumber":"KA51AJ8900","servicetypeid":72,"servicetype":"Non AC/Ordinary","centerlat":0,"centerlong":0,"eta":"","sch_arrivaltime":"06:16","sch_departuretime":"06:16","actual_arrivaltime":"","actual_departuretime":"","sch_tripstarttime":"06:08","sch_tripendtime":"06:08","lastlocationid":0,"currentlocationid":20863,"nextlocationid":0,"currentstop":null,"nextstop":null,"laststop":null,"stopCoveredStatus":0,"heading":0,"lastrefreshon":"26-07-2024 23:01:06","lastreceiveddatetimeflag":0,"tripposition":3},{"vehicleid":26841,"vehiclenumber":"KA51AJ8900","servicetypeid":72,"servicetype":"Non AC/Ordinary","centerlat":0,"centerlong":0,"eta":"","sch_arrivaltime":"06:16","sch_departuretime":"06:16","actual_arrivaltime":"","actual_departuretime":"","sch_tripstarttime":"06:08","sch_tripendtime":"06:08","lastlocationid":0,"currentlocationid":21229,"nextlocationid":0,"currentstop":null,"nextstop":null,"laststop":null,"stopCoveredStatus":0,"heading":0,"lastrefreshon":"26-07-2024 23:01:06","lastreceiveddatetimeflag":0,"tripposition":3},{"vehicleid":26841,"vehiclenumber":"KA51AJ8900","servicetypeid":72,"servicetype":"Non AC/Ordinary","centerlat":0,"centerlong":0,"eta":"","sch_arrivaltime":"06:16","sch_departuretime":"06:16","actual_arrivaltime":"","actual_departuretime":"","sch_tripstarttime":"06:08","sch_tripendtime":"06:08","lastlocationid":0,"currentlocationid":20914,"nextlocationid":0,"currentstop":null,"nextstop":null,"laststop":null,"stopCoveredStatus":0,"heading":0,"lastrefreshon":"26-07-2024 23:01:06","lastreceiveddatetimeflag":0,"tripposition":3},{"vehicleid":26841,"vehiclenumber":"KA51AJ8900","servicetypeid":72,"servicetype":"Non AC/Ordinary","centerlat":0,"centerlong":0,"eta":"","sch_arrivaltime":"06:16","sch_departuretime":"06:16","actual_arrivaltime":"","actual_departuretime":"","sch_tripstarttime":"06:08","sch_tripendtime":"06:08","lastlocationid":0,"currentlocationid":20614,"nextlocationid":0,"currentstop":null,"nextstop":null,"laststop":null,"stopCoveredStatus":0,"heading":0,"lastrefreshon":"26-07-2024 23:01:06","lastreceiveddatetimeflag":0,"tripposition":3},{"vehicleid":26841,"vehiclenumber":"KA51AJ8900","servicetypeid":72,"servicetype":"Non AC/Ordinary","centerlat":0,"centerlong":0,"eta":"","sch_arrivaltime":"06:16","sch_departuretime":"06:16","actual_arrivaltime":"","actual_departuretime":"","sch_tripstarttime":"06:08","sch_tripendtime":"06:08","lastlocationid":0,"currentlocationid":21263,"nextlocationid":0,"currentstop":null,"nextstop":null,"laststop":null,"stopCoveredStatus":0,"heading":0,"lastrefreshon":"26-07-2024 23:01:06","lastreceiveddatetimeflag":0,"tripposition":3},{"vehicleid":26841,"vehiclenumber":"KA51AJ8900","servicetypeid":72,"servicetype":"Non AC/Ordinary","centerlat":0,"centerlong":0,"eta":"","sch_arrivaltime":"06:16","sch_departuretime":"06:16","actual_arrivaltime":"","actual_departuretime":"","sch_tripstarttime":"06:08","sch_tripendtime":"06:08","lastlocationid":0,"currentlocationid":20838,"nextlocationid":0,"currentstop":null,"nextstop":null,"laststop":null,"stopCoveredStatus":0,"heading":0,"lastrefreshon":"26-07-2024 23:01:06","lastreceiveddatetimeflag":0,"tripposition":3},{"vehicleid":26841,"vehiclenumber":"KA51AJ8900","servicetypeid":72,"servicetype":"Non AC/Ordinary","centerlat":0,"centerlong":0,"eta":"","sch_arrivaltime":"06:16","sch_departuretime":"06:16","actual_arrivaltime":"","actual_departuretime":"","sch_tripstarttime":"06:08","sch_tripendtime":"06:08","lastlocationid":0,"currentlocationid":20618,"nextlocationid":0,"currentstop":null,"nextstop":null,"laststop":null,"stopCoveredStatus":0,"heading":0,"lastrefreshon":"26-07-2024 23:01:06","lastreceiveddatetimeflag":0,"tripposition":3},{"vehicleid":26841,"vehiclenumber":"KA51AJ8900","servicetypeid":72,"servicetype":"Non AC/Ordinary","centerlat":0,"centerlong":0,"eta":"","sch_arrivaltime":"06:16","sch_departuretime":"06:16","actual_arrivaltime":"","actual_departuretime":"","sch_tripstarttime":"06:08","sch_tripendtime":"06:08","lastlocationid":0,"currentlocationid":36441,"nextlocationid":0,"currentstop":null,"nextstop":null,"laststop":null,"stopCoveredStatus":0,"heading":0,"lastrefreshon":"26-07-2024 23:01:06","lastreceiveddatetimeflag":0,"tripposition":3},{"vehicleid":26841,"vehiclenumber":"KA51AJ8900","servicetypeid":72,"servicetype":"Non AC/Ordinary","centerlat":0,"centerlong":0,"eta":"","sch_arrivaltime":"06:16","sch_departuretime":"06:16","actual_arrivaltime":"","actual_departuretime":"","sch_tripstarttime":"06:08","sch_tripendtime":"06:08","lastlocationid":0,"currentlocationid":35918,"nextlocationid":0,"currentstop":null,"nextstop":null,"laststop":null,"stopCoveredStatus":0,"heading":0,"lastrefreshon":"26-07-2024 23:01:06","lastreceiveddatetimeflag":0,"tripposition":3}]},{"routeid":12126,"stationid":20914,"stationname":"Kasthurinagara","from":"Depot-10 Gate","to":"Krishnaraja Pura Govt Hospital","routeno":"500-Q D10G-TNF-KRPGH","distance_on_station":4.597,"centerlat":13.004,"centerlong":77.66328,"responsecode":200,"isnotify":0,"vehicleDetails":[{"vehicleid":26841,"vehiclenumber":"KA51AJ8900","servicetypeid":72,"servicetype":"Non AC/Ordinary","centerlat":0,"centerlong":0,"eta":"","sch_arrivaltime":"06:17","sch_departuretime":"06:17","actual_arrivaltime":"","actual_departuretime":"","sch_tripstarttime":"06:08","sch_tripendtime":"06:08","lastlocationid":0,"currentlocationid":20946,"nextlocationid":0,"currentstop":null,"nextstop":null,"laststop":null,"stopCoveredStatus":0,"heading":0,"lastrefreshon":"26-07-2024 23:01:06","lastreceiveddatetimeflag":0,"tripposition":3},{"vehicleid":26841,"vehiclenumber":"KA51AJ8900","servicetypeid":72,"servicetype":"Non AC/Ordinary","centerlat":0,"centerlong":0,"eta":"","sch_arrivaltime":"06:17","sch_departuretime":"06:17","actual_arrivaltime":"","actual_departuretime":"","sch_tripstarttime":"06:08","sch_tripendtime":"06:08","lastlocationid":0,"currentlocationid":20863,"nextlocationid":0,"currentstop":null,"nextstop":null,"laststop":null,"stopCoveredStatus":0,"heading":0,"lastrefreshon":"26-07-2024 23:01:06","lastreceiveddatetimeflag":0,"tripposition":3},{"vehicleid":26841,"vehiclenumber":"KA51AJ8900","servicetypeid":72,"servicetype":"Non AC/Ordinary","centerlat":0,"centerlong":0,"eta":"","sch_arrivaltime":"06:17","sch_departuretime":"06:17","actual_arrivaltime":"","actual_departuretime":"","sch_tripstarttime":"06:08","sch_tripendtime":"06:08","lastlocationid":0,"currentlocationid":21229,"nextlocationid":0,"currentstop":null,"nextstop":null,"laststop":null,"stopCoveredStatus":0,"heading":0,"lastrefreshon":"26-07-2024 23:01:06","lastreceiveddatetimeflag":0,"tripposition":3},{"vehicleid":26841,"vehiclenumber":"KA51AJ8900","servicetypeid":72,"servicetype":"Non AC/Ordinary","centerlat":0,"centerlong":0,"eta":"","sch_arrivaltime":"06:17","sch_departuretime":"06:17","actual_arrivaltime":"","actual_departuretime":"","sch_tripstarttime":"06:08","sch_tripendtime":"06:08","lastlocationid":0,"currentlocationid":20914,"nextlocationid":0,"currentstop":null,"nextstop":null,"laststop":null,"stopCoveredStatus":0,"heading":0,"lastrefreshon":"26-07-2024 23:01:06","lastreceiveddatetimeflag":0,"tripposition":3},{"vehicleid":26841,"vehiclenumber":"KA51AJ8900","servicetypeid":72,"servicetype":"Non AC/Ordinary","centerlat":0,"centerlong":0,"eta":"","sch_arrivaltime":"06:17","sch_departuretime":"06:17","actual_arrivaltime":"","actual_departuretime":"","sch_tripstarttime":"06:08","sch_tripendtime":"06:08","lastlocationid":0,"currentlocationid":20614,"nextlocationid":0,"currentstop":null,"nextstop":null,"laststop":null,"stopCoveredStatus":0,"heading":0,"lastrefreshon":"26-07-2024 23:01:06","lastreceiveddatetimeflag":0,"tripposition":3},{"vehicleid":26841,"vehiclenumber":"KA51AJ8900","servicetypeid":72,"servicetype":"Non AC/Ordinary","centerlat":0,"centerlong":0,"eta":"","sch_arrivaltime":"06:17","sch_departuretime":"06:17","actual_arrivaltime":"","actual_departuretime":"","sch_tripstarttime":"06:08","sch_tripendtime":"06:08","lastlocationid":0,"currentlocationid":21263,"nextlocationid":0,"currentstop":null,"nextstop":null,"laststop":null,"stopCoveredStatus":0,"heading":0,"lastrefreshon":"26-07-2024 23:01:06","lastreceiveddatetimeflag":0,"tripposition":3},{"vehicleid":26841,"vehiclenumber":"KA51AJ8900","servicetypeid":72,"servicetype":"Non AC/Ordinary","centerlat":0,"centerlong":0,"eta":"","sch_arrivaltime":"06:17","sch_departuretime":"06:17","actual_arrivaltime":"","actual_departuretime":"","sch_tripstarttime":"06:08","sch_tripendtime":"06:08","lastlocationid":0,"currentlocationid":20838,"nextlocationid":0,"currentstop":null,"nextstop":null,"laststop":null,"stopCoveredStatus":0,"heading":0,"lastrefreshon":"26-07-2024 23:01:06","lastreceiveddatetimeflag":0,"tripposition":3},{"vehicleid":26841,"vehiclenumber":"KA51AJ8900","servicetypeid":72,"servicetype":"Non AC/Ordinary","centerlat":0,"centerlong":0,"eta":"","sch_arrivaltime":"06:17","sch_departuretime":"06:17","actual_arrivaltime":"","actual_departuretime":"","sch_tripstarttime":"06:08","sch_tripendtime":"06:08","lastlocationid":0,"currentlocationid":20618,"nextlocationid":0,"currentstop":null,"nextstop":null,"laststop":null,"stopCoveredStatus":0,"heading":0,"lastrefreshon":"26-07-2024 23:01:06","lastreceiveddatetimeflag":0,"tripposition":3},{"vehicleid":26841,"vehiclenumber":"KA51AJ8900","servicetypeid":72,"servicetype":"Non AC/Ordinary","centerlat":0,"centerlong":0,"eta":"","sch_arrivaltime":"06:17","sch_departuretime":"06:17","actual_arrivaltime":"","actual_departuretime":"","sch_tripstarttime":"06:08","sch_tripendtime":"06:08","lastlocationid":0,"currentlocationid":36441,"nextlocationid":0,"currentstop":null,"nextstop":null,"laststop":null,"stopCoveredStatus":0,"heading":0,"lastrefreshon":"26-07-2024 23:01:06","lastreceiveddatetimeflag":0,"tripposition":3},{"vehicleid":26841,"vehiclenumber":"KA51AJ8900","servicetypeid":72,"servicetype":"Non AC/Ordinary","centerlat":0,"centerlong":0,"eta":"","sch_arrivaltime":"06:17","sch_departuretime":"06:17","actual_arrivaltime":"","actual_departuretime":"","sch_tripstarttime":"06:08","sch_tripendtime":"06:08","lastlocationid":0,"currentlocationid":35918,"nextlocationid":0,"currentstop":null,"nextstop":null,"laststop":null,"stopCoveredStatus":0,"heading":0,"lastrefreshon":"26-07-2024 23:01:06","lastreceiveddatetimeflag":0,"tripposition":3}]},{"routeid":12126,"stationid":21229,"stationname":"Tin Factory","from":"Depot-10 Gate","to":"Krishnaraja Pura Govt Hospital","routeno":"500-Q D10G-TNF-KRPGH","distance_on_station":5.885,"centerlat":12.99709,"centerlong":77.66946,"responsecode":200,"isnotify":0,"vehicleDetails":[{"vehicleid":26841,"vehiclenumber":"KA51AJ8900","servicetypeid":72,"servicetype":"Non AC/Ordinary","centerlat":0,"centerlong":0,"eta":"","sch_arrivaltime":"06:18","sch_departuretime":"06:18","actual_arrivaltime":"","actual_departuretime":"","sch_tripstarttime":"06:08","sch_tripendtime":"06:08","lastlocationid":0,"currentlocationid":20946,"nextlocationid":0,"currentstop":null,"nextstop":null,"laststop":null,"stopCoveredStatus":0,"heading":0,"lastrefreshon":"26-07-2024 23:01:06","lastreceiveddatetimeflag":0,"tripposition":3},{"vehicleid":26841,"vehiclenumber":"KA51AJ8900","servicetypeid":72,"servicetype":"Non AC/Ordinary","centerlat":0,"centerlong":0,"eta":"","sch_arrivaltime":"06:18","sch_departuretime":"06:18","actual_arrivaltime":"","actual_departuretime":"","sch_tripstarttime":"06:08","sch_tripendtime":"06:08","lastlocationid":0,"currentlocationid":20863,"nextlocationid":0,"currentstop":null,"nextstop":null,"laststop":null,"stopCoveredStatus":0,"heading":0,"lastrefreshon":"26-07-2024 23:01:06","lastreceiveddatetimeflag":0,"tripposition":3},{"vehicleid":26841,"vehiclenumber":"KA51AJ8900","servicetypeid":72,"servicetype":"Non AC/Ordinary","centerlat":0,"centerlong":0,"eta":"","sch_arrivaltime":"06:18","sch_departuretime":"06:18","actual_arrivaltime":"","actual_departuretime":"","sch_tripstarttime":"06:08","sch_tripendtime":"06:08","lastlocationid":0,"currentlocationid":21229,"nextlocationid":0,"currentstop":null,"nextstop":null,"laststop":null,"stopCoveredStatus":0,"heading":0,"lastrefreshon":"26-07-2024 23:01:06","lastreceiveddatetimeflag":0,"tripposition":3},{"vehicleid":26841,"vehiclenumber":"KA51AJ8900","servicetypeid":72,"servicetype":"Non AC/Ordinary","centerlat":0,"centerlong":0,"eta":"","sch_arrivaltime":"06:18","sch_departuretime":"06:18","actual_arrivaltime":"","actual_departuretime":"","sch_tripstarttime":"06:08","sch_tripendtime":"06:08","lastlocationid":0,"currentlocationid":20914,"nextlocationid":0,"currentstop":null,"nextstop":null,"laststop":null,"stopCoveredStatus":0,"heading":0,"lastrefreshon":"26-07-2024 23:01:06","lastreceiveddatetimeflag":0,"tripposition":3},{"vehicleid":26841,"vehiclenumber":"KA51AJ8900","servicetypeid":72,"servicetype":"Non AC/Ordinary","centerlat":0,"centerlong":0,"eta":"","sch_arrivaltime":"06:18","sch_departuretime":"06:18","actual_arrivaltime":"","actual_departuretime":"","sch_tripstarttime":"06:08","sch_tripendtime":"06:08","lastlocationid":0,"currentlocationid":20614,"nextlocationid":0,"currentstop":null,"nextstop":null,"laststop":null,"stopCoveredStatus":0,"heading":0,"lastrefreshon":"26-07-2024 23:01:06","lastreceiveddatetimeflag":0,"tripposition":3},{"vehicleid":26841,"vehiclenumber":"KA51AJ8900","servicetypeid":72,"servicetype":"Non AC/Ordinary","centerlat":0,"centerlong":0,"eta":"","sch_arrivaltime":"06:18","sch_departuretime":"06:18","actual_arrivaltime":"","actual_departuretime":"","sch_tripstarttime":"06:08","sch_tripendtime":"06:08","lastlocationid":0,"currentlocationid":21263,"nextlocationid":0,"currentstop":null,"nextstop":null,"laststop":null,"stopCoveredStatus":0,"heading":0,"lastrefreshon":"26-07-2024 23:01:06","lastreceiveddatetimeflag":0,"tripposition":3},{"vehicleid":26841,"vehiclenumber":"KA51AJ8900","servicetypeid":72,"servicetype":"Non AC/Ordinary","centerlat":0,"centerlong":0,"eta":"","sch_arrivaltime":"06:18","sch_departuretime":"06:18","actual_arrivaltime":"","actual_departuretime":"","sch_tripstarttime":"06:08","sch_tripendtime":"06:08","lastlocationid":0,"currentlocationid":20838,"nextlocationid":0,"currentstop":null,"nextstop":null,"laststop":null,"stopCoveredStatus":0,"heading":0,"lastrefreshon":"26-07-2024 23:01:06","lastreceiveddatetimeflag":0,"tripposition":3},{"vehicleid":26841,"vehiclenumber":"KA51AJ8900","servicetypeid":72,"servicetype":"Non AC/Ordinary","centerlat":0,"centerlong":0,"eta":"","sch_arrivaltime":"06:18","sch_departuretime":"06:18","actual_arrivaltime":"","actual_departuretime":"","sch_tripstarttime":"06:08","sch_tripendtime":"06:08","lastlocationid":0,"currentlocationid":20618,"nextlocationid":0,"currentstop":null,"nextstop":null,"laststop":null,"stopCoveredStatus":0,"heading":0,"lastrefreshon":"26-07-2024 23:01:06","lastreceiveddatetimeflag":0,"tripposition":3},{"vehicleid":26841,"vehiclenumber":"KA51AJ8900","servicetypeid":72,"servicetype":"Non AC/Ordinary","centerlat":0,"centerlong":0,"eta":"","sch_arrivaltime":"06:18","sch_departuretime":"06:18","actual_arrivaltime":"","actual_departuretime":"","sch_tripstarttime":"06:08","sch_tripendtime":"06:08","lastlocationid":0,"currentlocationid":36441,"nextlocationid":0,"currentstop":null,"nextstop":null,"laststop":null,"stopCoveredStatus":0,"heading":0,"lastrefreshon":"26-07-2024 23:01:06","lastreceiveddatetimeflag":0,"tripposition":3},{"vehicleid":26841,"vehiclenumber":"KA51AJ8900","servicetypeid":72,"servicetype":"Non AC/Ordinary","centerlat":0,"centerlong":0,"eta":"","sch_arrivaltime":"06:18","sch_departuretime":"06:18","actual_arrivaltime":"","actual_departuretime":"","sch_tripstarttime":"06:08","sch_tripendtime":"06:08","lastlocationid":0,"currentlocationid":35918,"nextlocationid":0,"currentstop":null,"nextstop":null,"laststop":null,"stopCoveredStatus":0,"heading":0,"lastrefreshon":"26-07-2024 23:01:06","lastreceiveddatetimeflag":0,"tripposition":3}]},{"routeid":12126,"stationid":20863,"stationname":"ITI Colony Gate","from":"Depot-10 Gate","to":"Krishnaraja Pura Govt Hospital","routeno":"500-Q D10G-TNF-KRPGH","distance_on_station":7.606,"centerlat":13.00532,"centerlong":77.68522,"responsecode":200,"isnotify":0,"vehicleDetails":[{"vehicleid":26841,"vehiclenumber":"KA51AJ8900","servicetypeid":72,"servicetype":"Non AC/Ordinary","centerlat":0,"centerlong":0,"eta":"","sch_arrivaltime":"06:21","sch_departuretime":"06:21","actual_arrivaltime":"","actual_departuretime":"","sch_tripstarttime":"06:08","sch_tripendtime":"06:08","lastlocationid":0,"currentlocationid":20946,"nextlocationid":0,"currentstop":null,"nextstop":null,"laststop":null,"stopCoveredStatus":0,"heading":0,"lastrefreshon":"26-07-2024 23:01:06","lastreceiveddatetimeflag":0,"tripposition":3},{"vehicleid":26841,"vehiclenumber":"KA51AJ8900","servicetypeid":72,"servicetype":"Non AC/Ordinary","centerlat":0,"centerlong":0,"eta":"","sch_arrivaltime":"06:21","sch_departuretime":"06:21","actual_arrivaltime":"","actual_departuretime":"","sch_tripstarttime":"06:08","sch_tripendtime":"06:08","lastlocationid":0,"currentlocationid":20863,"nextlocationid":0,"currentstop":null,"nextstop":null,"laststop":null,"stopCoveredStatus":0,"heading":0,"lastrefreshon":"26-07-2024 23:01:06","lastreceiveddatetimeflag":0,"tripposition":3},{"vehicleid":26841,"vehiclenumber":"KA51AJ8900","servicetypeid":72,"servicetype":"Non AC/Ordinary","centerlat":0,"centerlong":0,"eta":"","sch_arrivaltime":"06:21","sch_departuretime":"06:21","actual_arrivaltime":"","actual_departuretime":"","sch_tripstarttime":"06:08","sch_tripendtime":"06:08","lastlocationid":0,"currentlocationid":21229,"nextlocationid":0,"currentstop":null,"nextstop":null,"laststop":null,"stopCoveredStatus":0,"heading":0,"lastrefreshon":"26-07-2024 23:01:06","lastreceiveddatetimeflag":0,"tripposition":3},{"vehicleid":26841,"vehiclenumber":"KA51AJ8900","servicetypeid":72,"servicetype":"Non AC/Ordinary","centerlat":0,"centerlong":0,"eta":"","sch_arrivaltime":"06:21","sch_departuretime":"06:21","actual_arrivaltime":"","actual_departuretime":"","sch_tripstarttime":"06:08","sch_tripendtime":"06:08","lastlocationid":0,"currentlocationid":20914,"nextlocationid":0,"currentstop":null,"nextstop":null,"laststop":null,"stopCoveredStatus":0,"heading":0,"lastrefreshon":"26-07-2024 23:01:06","lastreceiveddatetimeflag":0,"tripposition":3},{"vehicleid":26841,"vehiclenumber":"KA51AJ8900","servicetypeid":72,"servicetype":"Non AC/Ordinary","centerlat":0,"centerlong":0,"eta":"","sch_arrivaltime":"06:21","sch_departuretime":"06:21","actual_arrivaltime":"","actual_departuretime":"","sch_tripstarttime":"06:08","sch_tripendtime":"06:08","lastlocationid":0,"currentlocationid":20614,"nextlocationid":0,"currentstop":null,"nextstop":null,"laststop":null,"stopCoveredStatus":0,"heading":0,"lastrefreshon":"26-07-2024 23:01:06","lastreceiveddatetimeflag":0,"tripposition":3},{"vehicleid":26841,"vehiclenumber":"KA51AJ8900","servicetypeid":72,"servicetype":"Non AC/Ordinary","centerlat":0,"centerlong":0,"eta":"","sch_arrivaltime":"06:21","sch_departuretime":"06:21","actual_arrivaltime":"","actual_departuretime":"","sch_tripstarttime":"06:08","sch_tripendtime":"06:08","lastlocationid":0,"currentlocationid":21263,"nextlocationid":0,"currentstop":null,"nextstop":null,"laststop":null,"stopCoveredStatus":0,"heading":0,"lastrefreshon":"26-07-2024 23:01:06","lastreceiveddatetimeflag":0,"tripposition":3},{"vehicleid":26841,"vehiclenumber":"KA51AJ8900","servicetypeid":72,"servicetype":"Non AC/Ordinary","centerlat":0,"centerlong":0,"eta":"","sch_arrivaltime":"06:21","sch_departuretime":"06:21","actual_arrivaltime":"","actual_departuretime":"","sch_tripstarttime":"06:08","sch_tripendtime":"06:08","lastlocationid":0,"currentlocationid":20838,"nextlocationid":0,"currentstop":null,"nextstop":null,"laststop":null,"stopCoveredStatus":0,"heading":0,"lastrefreshon":"26-07-2024 23:01:06","lastreceiveddatetimeflag":0,"tripposition":3},{"vehicleid":26841,"vehiclenumber":"KA51AJ8900","servicetypeid":72,"servicetype":"Non AC/Ordinary","centerlat":0,"centerlong":0,"eta":"","sch_arrivaltime":"06:21","sch_departuretime":"06:21","actual_arrivaltime":"","actual_departuretime":"","sch_tripstarttime":"06:08","sch_tripendtime":"06:08","lastlocationid":0,"currentlocationid":20618,"nextlocationid":0,"currentstop":null,"nextstop":null,"laststop":null,"stopCoveredStatus":0,"heading":0,"lastrefreshon":"26-07-2024 23:01:06","lastreceiveddatetimeflag":0,"tripposition":3},{"vehicleid":26841,"vehiclenumber":"KA51AJ8900","servicetypeid":72,"servicetype":"Non AC/Ordinary","centerlat":0,"centerlong":0,"eta":"","sch_arrivaltime":"06:21","sch_departuretime":"06:21","actual_arrivaltime":"","actual_departuretime":"","sch_tripstarttime":"06:08","sch_tripendtime":"06:08","lastlocationid":0,"currentlocationid":36441,"nextlocationid":0,"currentstop":null,"nextstop":null,"laststop":null,"stopCoveredStatus":0,"heading":0,"lastrefreshon":"26-07-2024 23:01:06","lastreceiveddatetimeflag":0,"tripposition":3},{"vehicleid":26841,"vehiclenumber":"KA51AJ8900","servicetypeid":72,"servicetype":"Non AC/Ordinary","centerlat":0,"centerlong":0,"eta":"","sch_arrivaltime":"06:21","sch_departuretime":"06:21","actual_arrivaltime":"","actual_departuretime":"","sch_tripstarttime":"06:08","sch_tripendtime":"06:08","lastlocationid":0,"currentlocationid":35918,"nextlocationid":0,"currentstop":null,"nextstop":null,"laststop":null,"stopCoveredStatus":0,"heading":0,"lastrefreshon":"26-07-2024 23:01:06","lastreceiveddatetimeflag":0,"tripposition":3}]},{"routeid":12126,"stationid":20946,"stationname":"Krishnaraja Pura Govt Hospital","from":"Depot-10 Gate","to":"Krishnaraja Pura Govt Hospital","routeno":"500-Q D10G-TNF-KRPGH","distance_on_station":8.4,"centerlat":13.00798,"centerlong":77.69271,"responsecode":200,"isnotify":0,"vehicleDetails":[{"vehicleid":26841,"vehiclenumber":"KA51AJ8900","servicetypeid":72,"servicetype":"Non AC/Ordinary","centerlat":0,"centerlong":0,"eta":"","sch_arrivaltime":"06:22","sch_departuretime":"06:22","actual_arrivaltime":"","actual_departuretime":"","sch_tripstarttime":"06:08","sch_tripendtime":"06:08","lastlocationid":0,"currentlocationid":20946,"nextlocationid":0,"currentstop":null,"nextstop":null,"laststop":null,"stopCoveredStatus":0,"heading":0,"lastrefreshon":"26-07-2024 23:01:06","lastreceiveddatetimeflag":0,"tripposition":1},{"vehicleid":26841,"vehiclenumber":"KA51AJ8900","servicetypeid":72,"servicetype":"Non AC/Ordinary","centerlat":0,"centerlong":0,"eta":"","sch_arrivaltime":"06:22","sch_departuretime":"06:22","actual_arrivaltime":"","actual_departuretime":"","sch_tripstarttime":"06:08","sch_tripendtime":"06:08","lastlocationid":0,"currentlocationid":20863,"nextlocationid":0,"currentstop":null,"nextstop":null,"laststop":null,"stopCoveredStatus":0,"heading":0,"lastrefreshon":"26-07-2024 23:01:06","lastreceiveddatetimeflag":0,"tripposition":1},{"vehicleid":26841,"vehiclenumber":"KA51AJ8900","servicetypeid":72,"servicetype":"Non AC/Ordinary","centerlat":0,"centerlong":0,"eta":"","sch_arrivaltime":"06:22","sch_departuretime":"06:22","actual_arrivaltime":"","actual_departuretime":"","sch_tripstarttime":"06:08","sch_tripendtime":"06:08","lastlocationid":0,"currentlocationid":21229,"nextlocationid":0,"currentstop":null,"nextstop":null,"laststop":null,"stopCoveredStatus":0,"heading":0,"lastrefreshon":"26-07-2024 23:01:06","lastreceiveddatetimeflag":0,"tripposition":1},{"vehicleid":26841,"vehiclenumber":"KA51AJ8900","servicetypeid":72,"servicetype":"Non AC/Ordinary","centerlat":0,"centerlong":0,"eta":"","sch_arrivaltime":"06:22","sch_departuretime":"06:22","actual_arrivaltime":"","actual_departuretime":"","sch_tripstarttime":"06:08","sch_tripendtime":"06:08","lastlocationid":0,"currentlocationid":20914,"nextlocationid":0,"currentstop":null,"nextstop":null,"laststop":null,"stopCoveredStatus":0,"heading":0,"lastrefreshon":"26-07-2024 23:01:06","lastreceiveddatetimeflag":0,"tripposition":1},{"vehicleid":26841,"vehiclenumber":"KA51AJ8900","servicetypeid":72,"servicetype":"Non AC/Ordinary","centerlat":0,"centerlong":0,"eta":"","sch_arrivaltime":"06:22","sch_departuretime":"06:22","actual_arrivaltime":"","actual_departuretime":"","sch_tripstarttime":"06:08","sch_tripendtime":"06:08","lastlocationid":0,"currentlocationid":20614,"nextlocationid":0,"currentstop":null,"nextstop":null,"laststop":null,"stopCoveredStatus":0,"heading":0,"lastrefreshon":"26-07-2024 23:01:06","lastreceiveddatetimeflag":0,"tripposition":1},{"vehicleid":26841,"vehiclenumber":"KA51AJ8900","servicetypeid":72,"servicetype":"Non AC/Ordinary","centerlat":0,"centerlong":0,"eta":"","sch_arrivaltime":"06:22","sch_departuretime":"06:22","actual_arrivaltime":"","actual_departuretime":"","sch_tripstarttime":"06:08","sch_tripendtime":"06:08","lastlocationid":0,"currentlocationid":21263,"nextlocationid":0,"currentstop":null,"nextstop":null,"laststop":null,"stopCoveredStatus":0,"heading":0,"lastrefreshon":"26-07-2024 23:01:06","lastreceiveddatetimeflag":0,"tripposition":1},{"vehicleid":26841,"vehiclenumber":"KA51AJ8900","servicetypeid":72,"servicetype":"Non AC/Ordinary","centerlat":0,"centerlong":0,"eta":"","sch_arrivaltime":"06:22","sch_departuretime":"06:22","actual_arrivaltime":"","actual_departuretime":"","sch_tripstarttime":"06:08","sch_tripendtime":"06:08","lastlocationid":0,"currentlocationid":20838,"nextlocationid":0,"currentstop":null,"nextstop":null,"laststop":null,"stopCoveredStatus":0,"heading":0,"lastrefreshon":"26-07-2024 23:01:06","lastreceiveddatetimeflag":0,"tripposition":1},{"vehicleid":26841,"vehiclenumber":"KA51AJ8900","servicetypeid":72,"servicetype":"Non AC/Ordinary","centerlat":0,"centerlong":0,"eta":"","sch_arrivaltime":"06:22","sch_departuretime":"06:22","actual_arrivaltime":"","actual_departuretime":"","sch_tripstarttime":"06:08","sch_tripendtime":"06:08","lastlocationid":0,"currentlocationid":20618,"nextlocationid":0,"currentstop":null,"nextstop":null,"laststop":null,"stopCoveredStatus":0,"heading":0,"lastrefreshon":"26-07-2024 23:01:06","lastreceiveddatetimeflag":0,"tripposition":1},{"vehicleid":26841,"vehiclenumber":"KA51AJ8900","servicetypeid":72,"servicetype":"Non AC/Ordinary","centerlat":0,"centerlong":0,"eta":"","sch_arrivaltime":"06:22","sch_departuretime":"06:22","actual_arrivaltime":"","actual_departuretime":"","sch_tripstarttime":"06:08","sch_tripendtime":"06:08","lastlocationid":0,"currentlocationid":36441,"nextlocationid":0,"currentstop":null,"nextstop":null,"laststop":null,"stopCoveredStatus":0,"heading":0,"lastrefreshon":"26-07-2024 23:01:06","lastreceiveddatetimeflag":0,"tripposition":1},{"vehicleid":26841,"vehiclenumber":"KA51AJ8900","servicetypeid":72,"servicetype":"Non AC/Ordinary","centerlat":0,"centerlong":0,"eta":"","sch_arrivaltime":"06:22","sch_departuretime":"06:22","actual_arrivaltime":"","actual_departuretime":"","sch_tripstarttime":"06:08","sch_tripendtime":"06:08","lastlocationid":0,"currentlocationid":35918,"nextlocationid":0,"currentstop":null,"nextstop":null,"laststop":null,"stopCoveredStatus":0,"heading":0,"lastrefreshon":"26-07-2024 23:01:06","lastreceiveddatetimeflag":0,"tripposition":1}]}],"mapData":[{"vehicleid":26841,"vehiclenumber":"KA51AJ8900","servicetypeid":72,"servicetype":"Non AC/Ordinary","centerlat":0,"centerlong":0,"eta":"","sch_arrivaltime":"06:22","sch_departuretime":"06:22","actual_arrivaltime":"","actual_departuretime":"","sch_tripstarttime":"06:08","sch_tripendtime":"06:08","lastlocationid":0,"currentlocationid":35918,"nextlocationid":0,"currentstop":null,"nextstop":null,"laststop":null,"stopCoveredStatus":0,"heading":0,"lastrefreshon":"26-07-2024 23:01:06","lastreceiveddatetimeflag":0,"tripposition":1}]},"down":{"data":[],"mapData":[]},"message":"Success","issuccess":true,"exception":null,"rowCount":0,"responsecode":200}