{"up":{"data":[{"routeid":3030,"stationid":24016,"stationname":"Yeshawanthapura Bus Station","from":"Yeshawanthapura Bus Station","to":"Central Silk Board","routeno":"500-DJ","distance_on_station":0,"centerlat":13.01771,"centerlong":77.55657,"responsecode":200,"isnotify":0,"vehicleDetails":[{"vehicleid":18496,"vehiclenumber":"KA57F4398","servicetypeid":72,"servicetype":"Non AC/Ordinary","centerlat":13.017863,"centerlong":77.557259,"eta":"","sch_arrivaltime":"14:55","sch_departuretime":"14:55","actual_arrivaltime":"14:16","actual_departuretime":"14:17","sch_tripstarttime":"14:55","sch_tripendtime":"14:55","lastlocationid":0,"currentlocationid":24016,"nextlocationid":0,"currentstop":null,"nextstop":null,"laststop":null,"stopCoveredStatus":1,"heading":68,"lastrefreshon":"21-10-2024 14:18:56","lastreceiveddatetimeflag":0,"tripposition":1}]},{"routeid":3030,"stationid":22564,"stationname":"Yeshawanthapura Tollgate","from":"Yeshawanthapura Bus Station","to":"Central Silk Board","routeno":"500-DJ","distance_on_station":0.63,"centerlat":13.01793,"centerlong":77.56092,"responsecode":200,"isnotify":0,"vehicleDetails":[{"vehicleid":18496,"vehiclenumber":"KA57F4398","servicetypeid":72,"servicetype":"Non AC/Ordinary","centerlat":13.017863,"centerlong":77.557259,"eta":"","sch_arrivaltime":"14:59","sch_departuretime":"14:59","actual_arrivaltime":"","actual_departuretime":"","sch_tripstarttime":"14:55","sch_tripendtime":"14:55","lastlocationid":0,"currentlocationid":24016,"nextlocationid":0,"currentstop":null,"nextstop":null,"laststop":null,"stopCoveredStatus":0,"heading":68,"lastrefreshon":"21-10-2024 14:18:56","lastreceiveddatetimeflag":0,"tripposition":3}]},{"routeid":3030,"stationid":21691,"stationname":"Ayyappa Temple Yashawanthapura","from":"Yeshawanthapura Bus Station","to":"Central Silk Board","routeno":"500-DJ","distance_on_station":1.093,"centerlat":13.02159,"centerlong":77.56316,"responsecode":200,"isnotify":0,"vehicleDetails":[{"vehicleid":18496,"vehiclenumber":"KA57F4398","servicetypeid":72,"servicetype":"Non AC/Ordinary","centerlat":13.017863,"centerlong":77.557259,"eta":"2024-10-21 14:20:00","sch_arrivaltime":"15:00","sch_departuretime":"15:00","actual_arrivaltime":"","actual_departuretime":"","sch_tripstarttime":"14:55","sch_tripendtime":"14:55","lastlocationid":0,"currentlocationid":24016,"nextlocationid":0,"currentstop":null,"nextstop":null,"laststop":null,"stopCoveredStatus":0,"heading":68,"lastrefreshon":"21-10-2024 14:18:56","lastreceiveddatetimeflag":0,"tripposition":3}]},{"routeid":3030,"stationid":21900,"stationname":"Diwanarapalya","from":"Yeshawanthapura Bus Station","to":"Central Silk Board","routeno":"500-DJ","distance_on_station":1.684,"centerlat":13.02674,"centerlong":77.5618,"responsecode":200,"isnotify":0,"vehicleDetails":[{"vehicleid":18496,"vehiclenumber":"KA57F4398","servicetypeid":72,"servicetype":"Non AC/Ordinary","centerlat":13.017863,"centerlong":77.557259,"eta":"2024-10-21 14:22:00","sch_arrivaltime":"15:01","sch_departuretime":"15:01","actual_arrivaltime":"","actual_departuretime":"","sch_tripstarttime":"14:55","sch_tripendtime":"14:55","lastlocationid":0,"currentlocationid":24016,"nextlocationid":0,"currentstop":null,"nextstop":null,"laststop":null,"stopCoveredStatus":0,"heading":68,"lastrefreshon":"21-10-2024 14:18:56","lastreceiveddatetimeflag":0,"tripposition":3}]},{"routeid":3030,"stationid":22307,"stationname":"MS Ramaiah College","from":"Yeshawanthapura Bus Station","to":"Central Silk Board","routeno":"500-DJ","distance_on_station":1.911,"centerlat":13.02864,"centerlong":77.5616,"responsecode":200,"isnotify":0,"vehicleDetails":[{"vehicleid":18496,"vehiclenumber":"KA57F4398","servicetypeid":72,"servicetype":"Non AC/Ordinary","centerlat":13.017863,"centerlong":77.557259,"eta":"2024-10-21 14:23:00","sch_arrivaltime":"15:02","sch_departuretime":"15:02","actual_arrivaltime":"","actual_departuretime":"","sch_tripstarttime":"14:55","sch_tripendtime":"14:55","lastlocationid":0,"currentlocationid":24016,"nextlocationid":0,"currentstop":null,"nextstop":null,"laststop":null,"stopCoveredStatus":0,"heading":68,"lastrefreshon":"21-10-2024 14:18:56","lastreceiveddatetimeflag":0,"tripposition":3}]},{"routeid":3030,"stationid":22277,"stationname":"Mathikere","from":"Yeshawanthapura Bus Station","to":"Central Silk Board","routeno":"500-DJ","distance_on_station":2.699,"centerlat":13.03455,"centerlong":77.55741,"responsecode":200,"isnotify":0,"vehicleDetails":[{"vehicleid":18496,"vehiclenumber":"KA57F4398","servicetypeid":72,"servicetype":"Non AC/Ordinary","centerlat":13.017863,"centerlong":77.557259,"eta":"2024-10-21 14:25:00","sch_arrivaltime":"15:04","sch_departuretime":"15:04","actual_arrivaltime":"","actual_departuretime":"","sch_tripstarttime":"14:55","sch_tripendtime":"14:55","lastlocationid":0,"currentlocationid":24016,"nextlocationid":0,"currentstop":null,"nextstop":null,"laststop":null,"stopCoveredStatus":0,"heading":68,"lastrefreshon":"21-10-2024 14:18:56","lastreceiveddatetimeflag":0,"tripposition":3}]},{"routeid":3030,"stationid":21969,"stationname":"Gokula","from":"Yeshawanthapura Bus Station","to":"Central Silk Board","routeno":"500-DJ","distance_on_station":3.467,"centerlat":13.04151,"centerlong":77.55722,"responsecode":200,"isnotify":0,"vehicleDetails":[{"vehicleid":18496,"vehiclenumber":"KA57F4398","servicetypeid":72,"servicetype":"Non AC/Ordinary","centerlat":13.017863,"centerlong":77.557259,"eta":"2024-10-21 14:28:00","sch_arrivaltime":"15:05","sch_departuretime":"15:05","actual_arrivaltime":"","actual_departuretime":"","sch_tripstarttime":"14:55","sch_tripendtime":"14:55","lastlocationid":0,"currentlocationid":24016,"nextlocationid":0,"currentstop":null,"nextstop":null,"laststop":null,"stopCoveredStatus":0,"heading":68,"lastrefreshon":"21-10-2024 14:18:56","lastreceiveddatetimeflag":0,"tripposition":3}]},{"routeid":3030,"stationid":20637,"stationname":"BEL Circle","from":"Yeshawanthapura Bus Station","to":"Central Silk Board","routeno":"500-DJ","distance_on_station":3.989,"centerlat":13.0452,"centerlong":77.55669,"responsecode":200,"isnotify":0,"vehicleDetails":[{"vehicleid":18496,"vehiclenumber":"KA57F4398","servicetypeid":72,"servicetype":"Non AC/Ordinary","centerlat":13.017863,"centerlong":77.557259,"eta":"2024-10-21 14:29:00","sch_arrivaltime":"15:06","sch_departuretime":"15:06","actual_arrivaltime":"","actual_departuretime":"","sch_tripstarttime":"14:55","sch_tripendtime":"14:55","lastlocationid":0,"currentlocationid":24016,"nextlocationid":0,"currentstop":null,"nextstop":null,"laststop":null,"stopCoveredStatus":0,"heading":68,"lastrefreshon":"21-10-2024 14:18:56","lastreceiveddatetimeflag":0,"tripposition":3}]},{"routeid":3030,"stationid":20961,"stationname":"Kuvempu Circle","from":"Yeshawanthapura Bus Station","to":"Central Silk Board","routeno":"500-DJ","distance_on_station":4.727,"centerlat":13.04465,"centerlong":77.56263,"responsecode":200,"isnotify":0,"vehicleDetails":[{"vehicleid":18496,"vehiclenumber":"KA57F4398","servicetypeid":72,"servicetype":"Non AC/Ordinary","centerlat":13.017863,"centerlong":77.557259,"eta":"2024-10-21 14:31:00","sch_arrivaltime":"15:07","sch_departuretime":"15:07","actual_arrivaltime":"","actual_departuretime":"","sch_tripstarttime":"14:55","sch_tripendtime":"14:55","lastlocationid":0,"currentlocationid":24016,"nextlocationid":0,"currentstop":null,"nextstop":null,"laststop":null,"stopCoveredStatus":0,"heading":68,"lastrefreshon":"21-10-2024 14:18:56","lastreceiveddatetimeflag":0,"tripposition":3}]},{"routeid":3030,"stationid":20757,"stationname":"Devinagara Cross","from":"Yeshawanthapura Bus Station","to":"Central Silk Board","routeno":"500-DJ","distance_on_station":5.486,"centerlat":13.047,"centerlong":77.56904,"responsecode":200,"isnotify":0,"vehicleDetails":[{"vehicleid":18496,"vehiclenumber":"KA57F4398","servicetypeid":72,"servicetype":"Non AC/Ordinary","centerlat":13.017863,"centerlong":77.557259,"eta":"2024-10-21 14:34:00","sch_arrivaltime":"15:08","sch_departuretime":"15:08","actual_arrivaltime":"","actual_departuretime":"","sch_tripstarttime":"14:55","sch_tripendtime":"14:55","lastlocationid":0,"currentlocationid":24016,"nextlocationid":0,"currentstop":null,"nextstop":null,"laststop":null,"stopCoveredStatus":0,"heading":68,"lastrefreshon":"21-10-2024 14:18:56","lastreceiveddatetimeflag":0,"tripposition":3}]},{"routeid":3030,"stationid":20660,"stationname":"Bhadrappa Layout","from":"Yeshawanthapura Bus Station","to":"Central Silk Board","routeno":"500-DJ","distance_on_station":6.224,"centerlat":13.04762,"centerlong":77.57598,"responsecode":200,"isnotify":0,"vehicleDetails":[{"vehicleid":18496,"vehiclenumber":"KA57F4398","servicetypeid":72,"servicetype":"Non AC/Ordinary","centerlat":13.017863,"centerlong":77.557259,"eta":"2024-10-21 14:36:00","sch_arrivaltime":"15:09","sch_departuretime":"15:09","actual_arrivaltime":"","actual_departuretime":"","sch_tripstarttime":"14:55","sch_tripendtime":"14:55","lastlocationid":0,"currentlocationid":24016,"nextlocationid":0,"currentstop":null,"nextstop":null,"laststop":null,"stopCoveredStatus":0,"heading":68,"lastrefreshon":"21-10-2024 14:18:56","lastreceiveddatetimeflag":0,"tripposition":3}]},{"routeid":3030,"stationid":20823,"stationname":"Hebbala Bridge","from":"Yeshawanthapura Bus Station","to":"Central Silk Board","routeno":"500-DJ","distance_on_station":8.046,"centerlat":13.04259,"centerlong":77.5925,"responsecode":200,"isnotify":0,"vehicleDetails":[{"vehicleid":18496,"vehiclenumber":"KA57F4398","servicetypeid":72,"servicetype":"Non AC/Ordinary","centerlat":13.017863,"centerlong":77.557259,"eta":"2024-10-21 14:42:00","sch_arrivaltime":"15:12","sch_departuretime":"15:12","actual_arrivaltime":"","actual_departuretime":"","sch_tripstarttime":"14:55","sch_tripendtime":"14:55","lastlocationid":0,"currentlocationid":24016,"nextlocationid":0,"currentstop":null,"nextstop":null,"laststop":null,"stopCoveredStatus":0,"heading":68,"lastrefreshon":"21-10-2024 14:18:56","lastreceiveddatetimeflag":0,"tripposition":3}]},{"routeid":3030,"stationid":20919,"stationname":"Kempapura","from":"Yeshawanthapura Bus Station","to":"Central Silk Board","routeno":"500-DJ","distance_on_station":9.09,"centerlat":13.04379,"centerlong":77.6005,"responsecode":200,"isnotify":0,"vehicleDetails":[{"vehicleid":18496,"vehiclenumber":"KA57F4398","servicetypeid":72,"servicetype":"Non AC/Ordinary","centerlat":13.017863,"centerlong":77.557259,"eta":"2024-10-21 14:45:00","sch_arrivaltime":"15:14","sch_departuretime":"15:14","actual_arrivaltime":"","actual_departuretime":"","sch_tripstarttime":"14:55","sch_tripendtime":"14:55","lastlocationid":0,"currentlocationid":24016,"nextlocationid":0,"currentstop":null,"nextstop":null,"laststop":null,"stopCoveredStatus":0,"heading":68,"lastrefreshon":"21-10-2024 14:18:56","lastreceiveddatetimeflag":0,"tripposition":3}]},{"routeid":3030,"stationid":22593,"stationname":"Veerannapalya","from":"Yeshawanthapura Bus Station","to":"Central Silk Board","routeno":"500-DJ","distance_on_station":10.538,"centerlat":13.04231,"centerlong":77.61382,"responsecode":200,"isnotify":0,"vehicleDetails":[{"vehicleid":18496,"vehiclenumber":"KA57F4398","servicetypeid":72,"servicetype":"Non AC/Ordinary","centerlat":13.017863,"centerlong":77.557259,"eta":"2024-10-21 14:49:00","sch_arrivaltime":"15:16","sch_departuretime":"15:16","actual_arrivaltime":"","actual_departuretime":"","sch_tripstarttime":"14:55","sch_tripendtime":"14:55","lastlocationid":0,"currentlocationid":24016,"nextlocationid":0,"currentstop":null,"nextstop":null,"laststop":null,"stopCoveredStatus":0,"heading":68,"lastrefreshon":"21-10-2024 14:18:56","lastreceiveddatetimeflag":0,"tripposition":3}]},{"routeid":3030,"stationid":20998,"stationname":"Manyatha Tech Park","from":"Yeshawanthapura Bus Station","to":"Central Silk Board","routeno":"500-DJ","distance_on_station":11.336,"centerlat":13.0412,"centerlong":77.62095,"responsecode":200,"isnotify":0,"vehicleDetails":[{"vehicleid":18496,"vehiclenumber":"KA57F4398","servicetypeid":72,"servicetype":"Non AC/Ordinary","centerlat":13.017863,"centerlong":77.557259,"eta":"2024-10-21 14:52:00","sch_arrivaltime":"15:17","sch_departuretime":"15:17","actual_arrivaltime":"","actual_departuretime":"","sch_tripstarttime":"14:55","sch_tripendtime":"14:55","lastlocationid":0,"currentlocationid":24016,"nextlocationid":0,"currentstop":null,"nextstop":null,"laststop":null,"stopCoveredStatus":0,"heading":68,"lastrefreshon":"21-10-2024 14:18:56","lastreceiveddatetimeflag":0,"tripposition":3}]},{"routeid":3030,"stationid":20884,"stationname":"Nagawara Junction","from":"Yeshawanthapura Bus Station","to":"Central Silk Board","routeno":"500-DJ","distance_on_station":11.769,"centerlat":13.0402,"centerlong":77.62454,"responsecode":200,"isnotify":0,"vehicleDetails":[{"vehicleid":18496,"vehiclenumber":"KA57F4398","servicetypeid":72,"servicetype":"Non AC/Ordinary","centerlat":13.017863,"centerlong":77.557259,"eta":"2024-10-21 14:53:00","sch_arrivaltime":"15:18","sch_departuretime":"15:18","actual_arrivaltime":"","actual_departuretime":"","sch_tripstarttime":"14:55","sch_tripendtime":"14:55","lastlocationid":0,"currentlocationid":24016,"nextlocationid":0,"currentstop":null,"nextstop":null,"laststop":null,"stopCoveredStatus":0,"heading":68,"lastrefreshon":"21-10-2024 14:18:56","lastreceiveddatetimeflag":0,"tripposition":3}]},{"routeid":3030,"stationid":20815,"stationname":"HBR Layout","from":"Yeshawanthapura Bus Station","to":"Central Silk Board","routeno":"500-DJ","distance_on_station":12.478,"centerlat":13.03517,"centerlong":77.62857,"responsecode":200,"isnotify":0,"vehicleDetails":[{"vehicleid":18496,"vehiclenumber":"KA57F4398","servicetypeid":72,"servicetype":"Non AC/Ordinary","centerlat":13.017863,"centerlong":77.557259,"eta":"2024-10-21 14:55:00","sch_arrivaltime":"15:19","sch_departuretime":"15:19","actual_arrivaltime":"","actual_departuretime":"","sch_tripstarttime":"14:55","sch_tripendtime":"14:55","lastlocationid":0,"currentlocationid":24016,"nextlocationid":0,"currentstop":null,"nextstop":null,"laststop":null,"stopCoveredStatus":0,"heading":68,"lastrefreshon":"21-10-2024 14:18:56","lastreceiveddatetimeflag":0,"tripposition":3}]},{"routeid":3030,"stationid":21522,"stationname":"Hennur Junction","from":"Yeshawanthapura Bus Station","to":"Central Silk Board","routeno":"500-DJ","distance_on_station":13.158,"centerlat":13.02964,"centerlong":77.63134,"responsecode":200,"isnotify":0,"vehicleDetails":[{"vehicleid":18496,"vehiclenumber":"KA57F4398","servicetypeid":72,"servicetype":"Non AC/Ordinary","centerlat":13.017863,"centerlong":77.557259,"eta":"2024-10-21 14:57:00","sch_arrivaltime":"15:20","sch_departuretime":"15:20","actual_arrivaltime":"","actual_departuretime":"","sch_tripstarttime":"14:55","sch_tripendtime":"14:55","lastlocationid":0,"currentlocationid":24016,"nextlocationid":0,"currentstop":null,"nextstop":null,"laststop":null,"stopCoveredStatus":0,"heading":68,"lastrefreshon":"21-10-2024 14:18:56","lastreceiveddatetimeflag":0,"tripposition":3}]},{"routeid":3030,"stationid":20903,"stationname":"Kalyananagara","from":"Yeshawanthapura Bus Station","to":"Central Silk Board","routeno":"500-DJ","distance_on_station":13.877,"centerlat":13.02654,"centerlong":77.63688,"responsecode":200,"isnotify":0,"vehicleDetails":[{"vehicleid":18496,"vehiclenumber":"KA57F4398","servicetypeid":72,"servicetype":"Non AC/Ordinary","centerlat":13.017863,"centerlong":77.557259,"eta":"2024-10-21 14:59:00","sch_arrivaltime":"15:21","sch_departuretime":"15:21","actual_arrivaltime":"","actual_departuretime":"","sch_tripstarttime":"14:55","sch_tripendtime":"14:55","lastlocationid":0,"currentlocationid":24016,"nextlocationid":0,"currentstop":null,"nextstop":null,"laststop":null,"stopCoveredStatus":0,"heading":68,"lastrefreshon":"21-10-2024 14:18:56","lastreceiveddatetimeflag":0,"tripposition":3}]},{"routeid":3030,"stationid":20618,"stationname":"Babusabpalya","from":"Yeshawanthapura Bus Station","to":"Central Silk Board","routeno":"500-DJ","distance_on_station":15.059,"centerlat":13.02274,"centerlong":77.64721,"responsecode":200,"isnotify":0,"vehicleDetails":[{"vehicleid":18496,"vehiclenumber":"KA57F4398","servicetypeid":72,"servicetype":"Non AC/Ordinary","centerlat":13.017863,"centerlong":77.557259,"eta":"2024-10-21 15:03:00","sch_arrivaltime":"15:22","sch_departuretime":"15:22","actual_arrivaltime":"","actual_departuretime":"","sch_tripstarttime":"14:55","sch_tripendtime":"14:55","lastlocationid":0,"currentlocationid":24016,"nextlocationid":0,"currentstop":null,"nextstop":null,"laststop":null,"stopCoveredStatus":0,"heading":68,"lastrefreshon":"21-10-2024 14:18:56","lastreceiveddatetimeflag":0,"tripposition":3}]},{"routeid":3030,"stationid":20838,"stationname":"Horamavu","from":"Yeshawanthapura Bus Station","to":"Central Silk Board","routeno":"500-DJ","distance_on_station":15.896,"centerlat":13.01966,"centerlong":77.65437,"responsecode":200,"isnotify":0,"vehicleDetails":[{"vehicleid":18496,"vehiclenumber":"KA57F4398","servicetypeid":72,"servicetype":"Non AC/Ordinary","centerlat":13.017863,"centerlong":77.557259,"eta":"2024-10-21 15:05:00","sch_arrivaltime":"15:23","sch_departuretime":"15:23","actual_arrivaltime":"","actual_departuretime":"","sch_tripstarttime":"14:55","sch_tripendtime":"14:55","lastlocationid":0,"currentlocationid":24016,"nextlocationid":0,"currentstop":null,"nextstop":null,"laststop":null,"stopCoveredStatus":0,"heading":68,"lastrefreshon":"21-10-2024 14:18:56","lastreceiveddatetimeflag":0,"tripposition":3}]},{"routeid":3030,"stationid":21263,"stationname":"Vijaya Bank Colony Ring Road","from":"Yeshawanthapura Bus Station","to":"Central Silk Board","routeno":"500-DJ","distance_on_station":16.536,"centerlat":13.01726,"centerlong":77.65992,"responsecode":200,"isnotify":0,"vehicleDetails":[{"vehicleid":18496,"vehiclenumber":"KA57F4398","servicetypeid":72,"servicetype":"Non AC/Ordinary","centerlat":13.017863,"centerlong":77.557259,"eta":"2024-10-21 15:07:00","sch_arrivaltime":"15:24","sch_departuretime":"15:24","actual_arrivaltime":"","actual_departuretime":"","sch_tripstarttime":"14:55","sch_tripendtime":"14:55","lastlocationid":0,"currentlocationid":24016,"nextlocationid":0,"currentstop":null,"nextstop":null,"laststop":null,"stopCoveredStatus":0,"heading":68,"lastrefreshon":"21-10-2024 14:18:56","lastreceiveddatetimeflag":0,"tripposition":3}]},{"routeid":3030,"stationid":20614,"stationname":"B Channasandra Bridge(Ramamurthy Nagara Ring Road)","from":"Yeshawanthapura Bus Station","to":"Central Silk Board","routeno":"500-DJ","distance_on_station":17.334,"centerlat":13.01128,"centerlong":77.66242,"responsecode":200,"isnotify":0,"vehicleDetails":[{"vehicleid":18496,"vehiclenumber":"KA57F4398","servicetypeid":72,"servicetype":"Non AC/Ordinary","centerlat":13.017863,"centerlong":77.557259,"eta":"2024-10-21 15:10:00","sch_arrivaltime":"15:25","sch_departuretime":"15:25","actual_arrivaltime":"","actual_departuretime":"","sch_tripstarttime":"14:55","sch_tripendtime":"14:55","lastlocationid":0,"currentlocationid":24016,"nextlocationid":0,"currentstop":null,"nextstop":null,"laststop":null,"stopCoveredStatus":0,"heading":68,"lastrefreshon":"21-10-2024 14:18:56","lastreceiveddatetimeflag":0,"tripposition":3}]},{"routeid":3030,"stationid":20914,"stationname":"Kasthurinagara","from":"Yeshawanthapura Bus Station","to":"Central Silk Board","routeno":"500-DJ","distance_on_station":18.141,"centerlat":13.004,"centerlong":77.66328,"responsecode":200,"isnotify":0,"vehicleDetails":[{"vehicleid":18496,"vehiclenumber":"KA57F4398","servicetypeid":72,"servicetype":"Non AC/Ordinary","centerlat":13.017863,"centerlong":77.557259,"eta":"2024-10-21 15:12:00","sch_arrivaltime":"15:26","sch_departuretime":"15:26","actual_arrivaltime":"","actual_departuretime":"","sch_tripstarttime":"14:55","sch_tripendtime":"14:55","lastlocationid":0,"currentlocationid":24016,"nextlocationid":0,"currentstop":null,"nextstop":null,"laststop":null,"stopCoveredStatus":0,"heading":68,"lastrefreshon":"21-10-2024 14:18:56","lastreceiveddatetimeflag":0,"tripposition":3}]},{"routeid":3030,"stationid":21229,"stationname":"Tin Factory","from":"Yeshawanthapura Bus Station","to":"Central Silk Board","routeno":"500-DJ","distance_on_station":19.579,"centerlat":12.99698,"centerlong":77.66937,"responsecode":200,"isnotify":0,"vehicleDetails":[{"vehicleid":18496,"vehiclenumber":"KA57F4398","servicetypeid":72,"servicetype":"Non AC/Ordinary","centerlat":13.017863,"centerlong":77.557259,"eta":"2024-10-21 15:17:00","sch_arrivaltime":"15:28","sch_departuretime":"15:28","actual_arrivaltime":"","actual_departuretime":"","sch_tripstarttime":"14:55","sch_tripendtime":"14:55","lastlocationid":0,"currentlocationid":24016,"nextlocationid":0,"currentstop":null,"nextstop":null,"laststop":null,"stopCoveredStatus":0,"heading":68,"lastrefreshon":"21-10-2024 14:18:56","lastreceiveddatetimeflag":0,"tripposition":3}]},{"routeid":3030,"stationid":21112,"stationname":"KR Pura Railway Station","from":"Yeshawanthapura Bus Station","to":"Central Silk Board","routeno":"500-DJ","distance_on_station":20.347,"centerlat":13.00022,"centerlong":77.67597,"responsecode":200,"isnotify":0,"vehicleDetails":[{"vehicleid":18496,"vehiclenumber":"KA57F4398","servicetypeid":72,"servicetype":"Non AC/Ordinary","centerlat":13.017863,"centerlong":77.557259,"eta":"2024-10-21 15:19:00","sch_arrivaltime":"15:31","sch_departuretime":"15:31","actual_arrivaltime":"","actual_departuretime":"","sch_tripstarttime":"14:55","sch_tripendtime":"14:55","lastlocationid":0,"currentlocationid":24016,"nextlocationid":0,"currentstop":null,"nextstop":null,"laststop":null,"stopCoveredStatus":0,"heading":68,"lastrefreshon":"21-10-2024 14:18:56","lastreceiveddatetimeflag":0,"tripposition":3}]},{"routeid":3030,"stationid":20615,"stationname":"B Narayanapura Ring Road","from":"Yeshawanthapura Bus Station","to":"Central Silk Board","routeno":"500-DJ","distance_on_station":21.49,"centerlat":12.99583,"centerlong":77.68417,"responsecode":200,"isnotify":0,"vehicleDetails":[{"vehicleid":18496,"vehiclenumber":"KA57F4398","servicetypeid":72,"servicetype":"Non AC/Ordinary","centerlat":13.017863,"centerlong":77.557259,"eta":"2024-10-21 15:22:00","sch_arrivaltime":"15:33","sch_departuretime":"15:33","actual_arrivaltime":"","actual_departuretime":"","sch_tripstarttime":"14:55","sch_tripendtime":"14:55","lastlocationid":0,"currentlocationid":24016,"nextlocationid":0,"currentstop":null,"nextstop":null,"laststop":null,"stopCoveredStatus":0,"heading":68,"lastrefreshon":"21-10-2024 14:18:56","lastreceiveddatetimeflag":0,"tripposition":3}]},{"routeid":3030,"stationid":20977,"stationname":"Mahadevapura Ring Road","from":"Yeshawanthapura Bus Station","to":"Central Silk Board","routeno":"500-DJ","distance_on_station":22.494,"centerlat":12.98823,"centerlong":77.6895,"responsecode":200,"isnotify":0,"vehicleDetails":[{"vehicleid":18496,"vehiclenumber":"KA57F4398","servicetypeid":72,"servicetype":"Non AC/Ordinary","centerlat":13.017863,"centerlong":77.557259,"eta":"2024-10-21 15:26:00","sch_arrivaltime":"15:34","sch_departuretime":"15:34","actual_arrivaltime":"","actual_departuretime":"","sch_tripstarttime":"14:55","sch_tripendtime":"14:55","lastlocationid":0,"currentlocationid":24016,"nextlocationid":0,"currentstop":null,"nextstop":null,"laststop":null,"stopCoveredStatus":0,"heading":68,"lastrefreshon":"21-10-2024 14:18:56","lastreceiveddatetimeflag":0,"tripposition":3}]},{"routeid":3030,"stationid":20774,"stationname":"EMC2","from":"Yeshawanthapura Bus Station","to":"Central Silk Board","routeno":"500-DJ","distance_on_station":23.223,"centerlat":12.98256,"centerlong":77.69301,"responsecode":200,"isnotify":0,"vehicleDetails":[{"vehicleid":18496,"vehiclenumber":"KA57F4398","servicetypeid":72,"servicetype":"Non AC/Ordinary","centerlat":13.017863,"centerlong":77.557259,"eta":"2024-10-21 15:28:00","sch_arrivaltime":"15:35","sch_departuretime":"15:35","actual_arrivaltime":"","actual_departuretime":"","sch_tripstarttime":"14:55","sch_tripendtime":"14:55","lastlocationid":0,"currentlocationid":24016,"nextlocationid":0,"currentstop":null,"nextstop":null,"laststop":null,"stopCoveredStatus":0,"heading":68,"lastrefreshon":"21-10-2024 14:18:56","lastreceiveddatetimeflag":0,"tripposition":3}]},{"routeid":3030,"stationid":20762,"stationname":"Dodda Nekkundi Bridge/Rainbow Hospital","from":"Yeshawanthapura Bus Station","to":"Central Silk Board","routeno":"500-DJ","distance_on_station":24.09,"centerlat":12.97499,"centerlong":77.69764,"responsecode":200,"isnotify":0,"vehicleDetails":[{"vehicleid":18496,"vehiclenumber":"KA57F4398","servicetypeid":72,"servicetype":"Non AC/Ordinary","centerlat":13.017863,"centerlong":77.557259,"eta":"2024-10-21 15:30:00","sch_arrivaltime":"15:36","sch_departuretime":"15:36","actual_arrivaltime":"","actual_departuretime":"","sch_tripstarttime":"14:55","sch_tripendtime":"14:55","lastlocationid":0,"currentlocationid":24016,"nextlocationid":0,"currentstop":null,"nextstop":null,"laststop":null,"stopCoveredStatus":0,"heading":68,"lastrefreshon":"21-10-2024 14:18:56","lastreceiveddatetimeflag":0,"tripposition":3}]},{"routeid":3030,"stationid":20912,"stationname":"Karthik Nagara","from":"Yeshawanthapura Bus Station","to":"Central Silk Board","routeno":"500-DJ","distance_on_station":25.055,"centerlat":12.96821,"centerlong":77.7017,"responsecode":200,"isnotify":0,"vehicleDetails":[{"vehicleid":18496,"vehiclenumber":"KA57F4398","servicetypeid":72,"servicetype":"Non AC/Ordinary","centerlat":13.017863,"centerlong":77.557259,"eta":"2024-10-21 15:33:00","sch_arrivaltime":"15:37","sch_departuretime":"15:37","actual_arrivaltime":"","actual_departuretime":"","sch_tripstarttime":"14:55","sch_tripendtime":"14:55","lastlocationid":0,"currentlocationid":24016,"nextlocationid":0,"currentstop":null,"nextstop":null,"laststop":null,"stopCoveredStatus":0,"heading":68,"lastrefreshon":"21-10-2024 14:18:56","lastreceiveddatetimeflag":0,"tripposition":3}]},{"routeid":3030,"stationid":23194,"stationname":"Kalamandira Marathahalli Bridge","from":"Yeshawanthapura Bus Station","to":"Central Silk Board","routeno":"500-DJ","distance_on_station":25.981,"centerlat":12.95993,"centerlong":77.70143,"responsecode":200,"isnotify":0,"vehicleDetails":[{"vehicleid":18496,"vehiclenumber":"KA57F4398","servicetypeid":72,"servicetype":"Non AC/Ordinary","centerlat":13.017863,"centerlong":77.557259,"eta":"2024-10-21 15:36:00","sch_arrivaltime":"15:38","sch_departuretime":"15:38","actual_arrivaltime":"","actual_departuretime":"","sch_tripstarttime":"14:55","sch_tripendtime":"14:55","lastlocationid":0,"currentlocationid":24016,"nextlocationid":0,"currentstop":null,"nextstop":null,"laststop":null,"stopCoveredStatus":0,"heading":68,"lastrefreshon":"21-10-2024 14:18:56","lastreceiveddatetimeflag":0,"tripposition":3}]},{"routeid":3030,"stationid":21031,"stationname":"Multiplex Marathahalli","from":"Yeshawanthapura Bus Station","to":"Central Silk Board","routeno":"500-DJ","distance_on_station":26.838,"centerlat":12.95227,"centerlong":77.70002,"responsecode":200,"isnotify":0,"vehicleDetails":[{"vehicleid":18496,"vehiclenumber":"KA57F4398","servicetypeid":72,"servicetype":"Non AC/Ordinary","centerlat":13.017863,"centerlong":77.557259,"eta":"2024-10-21 15:39:00","sch_arrivaltime":"15:39","sch_departuretime":"15:39","actual_arrivaltime":"","actual_departuretime":"","sch_tripstarttime":"14:55","sch_tripendtime":"14:55","lastlocationid":0,"currentlocationid":24016,"nextlocationid":0,"currentstop":null,"nextstop":null,"laststop":null,"stopCoveredStatus":0,"heading":68,"lastrefreshon":"21-10-2024 14:18:56","lastreceiveddatetimeflag":0,"tripposition":3}]},{"routeid":3030,"stationid":20894,"stationname":"Kadubisanahalli","from":"Yeshawanthapura Bus Station","to":"Central Silk Board","routeno":"500-DJ","distance_on_station":28.069,"centerlat":12.94259,"centerlong":77.69717,"responsecode":200,"isnotify":0,"vehicleDetails":[{"vehicleid":18496,"vehiclenumber":"KA57F4398","servicetypeid":72,"servicetype":"Non AC/Ordinary","centerlat":13.017863,"centerlong":77.557259,"eta":"2024-10-21 15:42:00","sch_arrivaltime":"15:41","sch_departuretime":"15:41","actual_arrivaltime":"","actual_departuretime":"","sch_tripstarttime":"14:55","sch_tripendtime":"14:55","lastlocationid":0,"currentlocationid":24016,"nextlocationid":0,"currentstop":null,"nextstop":null,"laststop":null,"stopCoveredStatus":0,"heading":68,"lastrefreshon":"21-10-2024 14:18:56","lastreceiveddatetimeflag":0,"tripposition":3}]},{"routeid":3030,"stationid":21058,"stationname":"New Horizon College","from":"Yeshawanthapura Bus Station","to":"Central Silk Board","routeno":"500-DJ","distance_on_station":28.965,"centerlat":12.93544,"centerlong":77.69123,"responsecode":200,"isnotify":0,"vehicleDetails":[{"vehicleid":18496,"vehiclenumber":"KA57F4398","servicetypeid":72,"servicetype":"Non AC/Ordinary","centerlat":13.017863,"centerlong":77.557259,"eta":"2024-10-21 15:45:00","sch_arrivaltime":"15:42","sch_departuretime":"15:42","actual_arrivaltime":"","actual_departuretime":"","sch_tripstarttime":"14:55","sch_tripendtime":"14:55","lastlocationid":0,"currentlocationid":24016,"nextlocationid":0,"currentstop":null,"nextstop":null,"laststop":null,"stopCoveredStatus":0,"heading":68,"lastrefreshon":"21-10-2024 14:18:56","lastreceiveddatetimeflag":0,"tripposition":3}]},{"routeid":3030,"stationid":20753,"stationname":"Devarabisanahalli Ring Road","from":"Yeshawanthapura Bus Station","to":"Central Silk Board","routeno":"500-DJ","distance_on_station":29.605,"centerlat":12.93145,"centerlong":77.68686,"responsecode":200,"isnotify":0,"vehicleDetails":[{"vehicleid":18496,"vehiclenumber":"KA57F4398","servicetypeid":72,"servicetype":"Non AC/Ordinary","centerlat":13.017863,"centerlong":77.557259,"eta":"2024-10-21 15:47:00","sch_arrivaltime":"15:43","sch_departuretime":"15:43","actual_arrivaltime":"","actual_departuretime":"","sch_tripstarttime":"14:55","sch_tripendtime":"14:55","lastlocationid":0,"currentlocationid":24016,"nextlocationid":0,"currentstop":null,"nextstop":null,"laststop":null,"stopCoveredStatus":0,"heading":68,"lastrefreshon":"21-10-2024 14:18:56","lastreceiveddatetimeflag":0,"tripposition":3}]},{"routeid":3030,"stationid":20770,"stationname":"Eco Space","from":"Yeshawanthapura Bus Station","to":"Central Silk Board","routeno":"500-DJ","distance_on_station":30.393,"centerlat":12.92776,"centerlong":77.68049,"responsecode":200,"isnotify":0,"vehicleDetails":[{"vehicleid":18496,"vehiclenumber":"KA57F4398","servicetypeid":72,"servicetype":"Non AC/Ordinary","centerlat":13.017863,"centerlong":77.557259,"eta":"2024-10-21 15:50:00","sch_arrivaltime":"15:44","sch_departuretime":"15:44","actual_arrivaltime":"","actual_departuretime":"","sch_tripstarttime":"14:55","sch_tripendtime":"14:55","lastlocationid":0,"currentlocationid":24016,"nextlocationid":0,"currentstop":null,"nextstop":null,"laststop":null,"stopCoveredStatus":0,"heading":68,"lastrefreshon":"21-10-2024 14:18:56","lastreceiveddatetimeflag":0,"tripposition":3}]},{"routeid":3030,"stationid":20639,"stationname":"Bellanduru City Light Appartment","from":"Yeshawanthapura Bus Station","to":"Central Silk Board","routeno":"500-DJ","distance_on_station":31.319,"centerlat":12.92412,"centerlong":77.67278,"responsecode":200,"isnotify":0,"vehicleDetails":[{"vehicleid":18496,"vehiclenumber":"KA57F4398","servicetypeid":72,"servicetype":"Non AC/Ordinary","centerlat":13.017863,"centerlong":77.557259,"eta":"2024-10-21 15:52:00","sch_arrivaltime":"15:45","sch_departuretime":"15:45","actual_arrivaltime":"","actual_departuretime":"","sch_tripstarttime":"14:55","sch_tripendtime":"14:55","lastlocationid":0,"currentlocationid":24016,"nextlocationid":0,"currentstop":null,"nextstop":null,"laststop":null,"stopCoveredStatus":0,"heading":68,"lastrefreshon":"21-10-2024 14:18:56","lastreceiveddatetimeflag":0,"tripposition":3}]},{"routeid":3030,"stationid":21091,"stationname":"Bellanduru Petrol Bunk","from":"Yeshawanthapura Bus Station","to":"Central Silk Board","routeno":"500-DJ","distance_on_station":31.585,"centerlat":12.92309,"centerlong":77.6705,"responsecode":200,"isnotify":0,"vehicleDetails":[{"vehicleid":18496,"vehiclenumber":"KA57F4398","servicetypeid":72,"servicetype":"Non AC/Ordinary","centerlat":13.017863,"centerlong":77.557259,"eta":"2024-10-21 15:53:00","sch_arrivaltime":"15:46","sch_departuretime":"15:46","actual_arrivaltime":"","actual_departuretime":"","sch_tripstarttime":"14:55","sch_tripendtime":"14:55","lastlocationid":0,"currentlocationid":24016,"nextlocationid":0,"currentstop":null,"nextstop":null,"laststop":null,"stopCoveredStatus":0,"heading":68,"lastrefreshon":"21-10-2024 14:18:56","lastreceiveddatetimeflag":0,"tripposition":3}]},{"routeid":3030,"stationid":20888,"stationname":"Sarjapura Ring Road Junction","from":"Yeshawanthapura Bus Station","to":"Central Silk Board","routeno":"500-DJ","distance_on_station":31.86,"centerlat":12.92203,"centerlong":77.66825,"responsecode":200,"isnotify":0,"vehicleDetails":[{"vehicleid":18496,"vehiclenumber":"KA57F4398","servicetypeid":72,"servicetype":"Non AC/Ordinary","centerlat":13.017863,"centerlong":77.557259,"eta":"2024-10-21 15:54:00","sch_arrivaltime":"15:47","sch_departuretime":"15:47","actual_arrivaltime":"","actual_departuretime":"","sch_tripstarttime":"14:55","sch_tripendtime":"14:55","lastlocationid":0,"currentlocationid":24016,"nextlocationid":0,"currentstop":null,"nextstop":null,"laststop":null,"stopCoveredStatus":0,"heading":68,"lastrefreshon":"21-10-2024 14:18:56","lastreceiveddatetimeflag":0,"tripposition":3}]},{"routeid":3030,"stationid":20850,"stationname":"Ibbaluru","from":"Yeshawanthapura Bus Station","to":"Central Silk Board","routeno":"500-DJ","distance_on_station":32.55,"centerlat":12.92129,"centerlong":77.66217,"responsecode":200,"isnotify":0,"vehicleDetails":[{"vehicleid":18496,"vehiclenumber":"KA57F4398","servicetypeid":72,"servicetype":"Non AC/Ordinary","centerlat":13.017863,"centerlong":77.557259,"eta":"2024-10-21 15:56:00","sch_arrivaltime":"15:48","sch_departuretime":"15:48","actual_arrivaltime":"","actual_departuretime":"","sch_tripstarttime":"14:55","sch_tripendtime":"14:55","lastlocationid":0,"currentlocationid":24016,"nextlocationid":0,"currentstop":null,"nextstop":null,"laststop":null,"stopCoveredStatus":0,"heading":68,"lastrefreshon":"21-10-2024 14:18:56","lastreceiveddatetimeflag":0,"tripposition":3}]},{"routeid":3030,"stationid":20597,"stationname":"Agara Junction","from":"Yeshawanthapura Bus Station","to":"Central Silk Board","routeno":"500-DJ","distance_on_station":33.811,"centerlat":12.92433,"centerlong":77.65073,"responsecode":200,"isnotify":0,"vehicleDetails":[{"vehicleid":18496,"vehiclenumber":"KA57F4398","servicetypeid":72,"servicetype":"Non AC/Ordinary","centerlat":13.017863,"centerlong":77.557259,"eta":"2024-10-21 16:01:00","sch_arrivaltime":"15:50","sch_departuretime":"15:50","actual_arrivaltime":"","actual_departuretime":"","sch_tripstarttime":"14:55","sch_tripendtime":"14:55","lastlocationid":0,"currentlocationid":24016,"nextlocationid":0,"currentstop":null,"nextstop":null,"laststop":null,"stopCoveredStatus":0,"heading":68,"lastrefreshon":"21-10-2024 14:18:56","lastreceiveddatetimeflag":0,"tripposition":3}]},{"routeid":3030,"stationid":20748,"stationname":"Depot-25 Gate (Central Silk Board)","from":"Yeshawanthapura Bus Station","to":"Central Silk Board","routeno":"500-DJ","distance_on_station":34.835,"centerlat":12.91952,"centerlong":77.64294,"responsecode":200,"isnotify":0,"vehicleDetails":[{"vehicleid":18496,"vehiclenumber":"KA57F4398","servicetypeid":72,"servicetype":"Non AC/Ordinary","centerlat":13.017863,"centerlong":77.557259,"eta":"2024-10-21 16:03:00","sch_arrivaltime":"15:52","sch_departuretime":"15:52","actual_arrivaltime":"","actual_departuretime":"","sch_tripstarttime":"14:55","sch_tripendtime":"14:55","lastlocationid":0,"currentlocationid":24016,"nextlocationid":0,"currentstop":null,"nextstop":null,"laststop":null,"stopCoveredStatus":0,"heading":68,"lastrefreshon":"21-10-2024 14:18:56","lastreceiveddatetimeflag":0,"tripposition":3}]},{"routeid":3030,"stationid":20569,"stationname":"14th Main HSR Layout","from":"Yeshawanthapura Bus Station","to":"Central Silk Board","routeno":"500-DJ","distance_on_station":35.839,"centerlat":12.91619,"centerlong":77.63521,"responsecode":200,"isnotify":0,"vehicleDetails":[{"vehicleid":18496,"vehiclenumber":"KA57F4398","servicetypeid":72,"servicetype":"Non AC/Ordinary","centerlat":13.017863,"centerlong":77.557259,"eta":"2024-10-21 16:06:00","sch_arrivaltime":"15:53","sch_departuretime":"15:53","actual_arrivaltime":"","actual_departuretime":"","sch_tripstarttime":"14:55","sch_tripendtime":"14:55","lastlocationid":0,"currentlocationid":24016,"nextlocationid":0,"currentstop":null,"nextstop":null,"laststop":null,"stopCoveredStatus":0,"heading":68,"lastrefreshon":"21-10-2024 14:18:56","lastreceiveddatetimeflag":0,"tripposition":3}]},{"routeid":3030,"stationid":21176,"stationname":"SI Apartment HSR Layout","from":"Yeshawanthapura Bus Station","to":"Central Silk Board","routeno":"500-DJ","distance_on_station":36.46,"centerlat":12.91668,"centerlong":77.6294,"responsecode":200,"isnotify":0,"vehicleDetails":[{"vehicleid":18496,"vehiclenumber":"KA57F4398","servicetypeid":72,"servicetype":"Non AC/Ordinary","centerlat":13.017863,"centerlong":77.557259,"eta":"2024-10-21 16:08:00","sch_arrivaltime":"15:54","sch_departuretime":"15:54","actual_arrivaltime":"","actual_departuretime":"","sch_tripstarttime":"14:55","sch_tripendtime":"14:55","lastlocationid":0,"currentlocationid":24016,"nextlocationid":0,"currentstop":null,"nextstop":null,"laststop":null,"stopCoveredStatus":0,"heading":68,"lastrefreshon":"21-10-2024 14:18:56","lastreceiveddatetimeflag":0,"tripposition":3}]},{"routeid":3030,"stationid":32213,"stationname":"Central Silk Board","from":"Yeshawanthapura Bus Station","to":"Central Silk Board","routeno":"500-DJ","distance_on_station":37.1,"centerlat":12.91736,"centerlong":77.6236,"responsecode":200,"isnotify":0,"vehicleDetails":[{"vehicleid":18496,"vehiclenumber":"KA57F4398","servicetypeid":72,"servicetype":"Non AC/Ordinary","centerlat":13.017863,"centerlong":77.557259,"eta":"2024-10-21 16:10:00","sch_arrivaltime":"15:55","sch_departuretime":"15:55","actual_arrivaltime":"","actual_departuretime":"","sch_tripstarttime":"14:55","sch_tripendtime":"14:55","lastlocationid":0,"currentlocationid":24016,"nextlocationid":0,"currentstop":null,"nextstop":null,"laststop":null,"stopCoveredStatus":0,"heading":68,"lastrefreshon":"21-10-2024 14:18:56","lastreceiveddatetimeflag":0,"tripposition":1}]}],"mapData":[{"vehicleid":18496,"vehiclenumber":"KA57F4398","servicetypeid":72,"servicetype":"Non AC/Ordinary","centerlat":13.017863,"centerlong":77.557259,"eta":"2024-10-21 16:10:00","sch_arrivaltime":"15:55","sch_departuretime":"15:55","actual_arrivaltime":"","actual_departuretime":"","sch_tripstarttime":"14:55","sch_tripendtime":"14:55","lastlocationid":0,"currentlocationid":24016,"nextlocationid":0,"currentstop":null,"nextstop":null,"laststop":null,"stopCoveredStatus":0,"heading":68,"lastrefreshon":"21-10-2024 14:18:56","lastreceiveddatetimeflag":0,"tripposition":1}]},"down":{"data":[{"routeid":3040,"stationid":20707,"stationname":"Central Silk Board","from":"Central Silk Board","to":"Yeshawanthapura Bus Station","routeno":"500-DJ","distance_on_station":0,"centerlat":12.91803,"centerlong":77.62355,"responsecode":200,"isnotify":0,"vehicleDetails":[{"vehicleid":18468,"vehiclenumber":"KA57F2919","servicetypeid":72,"servicetype":"Non AC/Ordinary","centerlat":13.021953,"centerlong":77.648651,"eta":"","sch_arrivaltime":"12:50","sch_departuretime":"12:50","actual_arrivaltime":"13:18","actual_departuretime":"13:18","sch_tripstarttime":"12:50","sch_tripendtime":"12:50","lastlocationid":0,"currentlocationid":20617,"nextlocationid":0,"currentstop":null,"nextstop":null,"laststop":null,"stopCoveredStatus":1,"heading":316,"lastrefreshon":"21-10-2024 14:19:56","lastreceiveddatetimeflag":0,"tripposition":1}]},{"routeid":3040,"stationid":21177,"stationname":"SI Apartment HSR Layout","from":"Central Silk Board","to":"Yeshawanthapura Bus Station","routeno":"500-DJ","distance_on_station":0.674,"centerlat":12.91677,"centerlong":77.62942,"responsecode":200,"isnotify":0,"vehicleDetails":[{"vehicleid":18468,"vehiclenumber":"KA57F2919","servicetypeid":72,"servicetype":"Non AC/Ordinary","centerlat":13.021953,"centerlong":77.648651,"eta":"","sch_arrivaltime":"12:51","sch_departuretime":"12:51","actual_arrivaltime":"13:21","actual_departuretime":"13:21","sch_tripstarttime":"12:50","sch_tripendtime":"12:50","lastlocationid":0,"currentlocationid":20617,"nextlocationid":0,"currentstop":null,"nextstop":null,"laststop":null,"stopCoveredStatus":1,"heading":316,"lastrefreshon":"21-10-2024 14:19:56","lastreceiveddatetimeflag":0,"tripposition":1}]},{"routeid":3040,"stationid":20568,"stationname":"14th Main HSR Layout","from":"Central Silk Board","to":"Yeshawanthapura Bus Station","routeno":"500-DJ","distance_on_station":1.223,"centerlat":12.91637,"centerlong":77.63472,"responsecode":200,"isnotify":0,"vehicleDetails":[{"vehicleid":18468,"vehiclenumber":"KA57F2919","servicetypeid":72,"servicetype":"Non AC/Ordinary","centerlat":13.021953,"centerlong":77.648651,"eta":"","sch_arrivaltime":"12:52","sch_departuretime":"12:52","actual_arrivaltime":"13:22","actual_departuretime":"13:23","sch_tripstarttime":"12:50","sch_tripendtime":"12:50","lastlocationid":0,"currentlocationid":20617,"nextlocationid":0,"currentstop":null,"nextstop":null,"laststop":null,"stopCoveredStatus":1,"heading":316,"lastrefreshon":"21-10-2024 14:19:56","lastreceiveddatetimeflag":0,"tripposition":1}]},{"routeid":3040,"stationid":20749,"stationname":"Depot-25 Gate","from":"Central Silk Board","to":"Yeshawanthapura Bus Station","routeno":"500-DJ","distance_on_station":2.196,"centerlat":12.91936,"centerlong":77.64255,"responsecode":200,"isnotify":0,"vehicleDetails":[{"vehicleid":18468,"vehiclenumber":"KA57F2919","servicetypeid":72,"servicetype":"Non AC/Ordinary","centerlat":13.021953,"centerlong":77.648651,"eta":"","sch_arrivaltime":"12:54","sch_departuretime":"12:54","actual_arrivaltime":"13:25","actual_departuretime":"13:26","sch_tripstarttime":"12:50","sch_tripendtime":"12:50","lastlocationid":0,"currentlocationid":20617,"nextlocationid":0,"currentstop":null,"nextstop":null,"laststop":null,"stopCoveredStatus":1,"heading":316,"lastrefreshon":"21-10-2024 14:19:56","lastreceiveddatetimeflag":0,"tripposition":1}]},{"routeid":3040,"stationid":20598,"stationname":"Agara Junction","from":"Central Silk Board","to":"Yeshawanthapura Bus Station","routeno":"500-DJ","distance_on_station":3.227,"centerlat":12.92452,"centerlong":77.65028,"responsecode":200,"isnotify":0,"vehicleDetails":[{"vehicleid":18468,"vehiclenumber":"KA57F2919","servicetypeid":72,"servicetype":"Non AC/Ordinary","centerlat":13.021953,"centerlong":77.648651,"eta":"","sch_arrivaltime":"12:56","sch_departuretime":"12:56","actual_arrivaltime":"13:28","actual_departuretime":"13:28","sch_tripstarttime":"12:50","sch_tripendtime":"12:50","lastlocationid":0,"currentlocationid":20617,"nextlocationid":0,"currentstop":null,"nextstop":null,"laststop":null,"stopCoveredStatus":1,"heading":316,"lastrefreshon":"21-10-2024 14:19:56","lastreceiveddatetimeflag":0,"tripposition":1}]},{"routeid":3040,"stationid":20851,"stationname":"Ibbaluru","from":"Central Silk Board","to":"Yeshawanthapura Bus Station","routeno":"500-DJ","distance_on_station":4.469,"centerlat":12.9216,"centerlong":77.66176,"responsecode":200,"isnotify":0,"vehicleDetails":[{"vehicleid":18468,"vehiclenumber":"KA57F2919","servicetypeid":72,"servicetype":"Non AC/Ordinary","centerlat":13.021953,"centerlong":77.648651,"eta":"","sch_arrivaltime":"13:02","sch_departuretime":"13:02","actual_arrivaltime":"13:30","actual_departuretime":"13:30","sch_tripstarttime":"12:50","sch_tripendtime":"12:50","lastlocationid":0,"currentlocationid":20617,"nextlocationid":0,"currentstop":null,"nextstop":null,"laststop":null,"stopCoveredStatus":1,"heading":316,"lastrefreshon":"21-10-2024 14:19:56","lastreceiveddatetimeflag":0,"tripposition":1}]},{"routeid":3040,"stationid":20889,"stationname":"Sarjapura Ring Road Junction","from":"Central Silk Board","to":"Yeshawanthapura Bus Station","routeno":"500-DJ","distance_on_station":4.941,"centerlat":12.92113,"centerlong":77.66604,"responsecode":200,"isnotify":0,"vehicleDetails":[{"vehicleid":18468,"vehiclenumber":"KA57F2919","servicetypeid":72,"servicetype":"Non AC/Ordinary","centerlat":13.021953,"centerlong":77.648651,"eta":"","sch_arrivaltime":"13:04","sch_departuretime":"13:04","actual_arrivaltime":"13:32","actual_departuretime":"13:32","sch_tripstarttime":"12:50","sch_tripendtime":"12:50","lastlocationid":0,"currentlocationid":20617,"nextlocationid":0,"currentstop":null,"nextstop":null,"laststop":null,"stopCoveredStatus":1,"heading":316,"lastrefreshon":"21-10-2024 14:19:56","lastreceiveddatetimeflag":0,"tripposition":1}]},{"routeid":3040,"stationid":21092,"stationname":"Bellanduru Petrol Bunk","from":"Central Silk Board","to":"Yeshawanthapura Bus Station","routeno":"500-DJ","distance_on_station":5.423,"centerlat":12.92322,"centerlong":77.6702,"responsecode":200,"isnotify":0,"vehicleDetails":[{"vehicleid":18468,"vehiclenumber":"KA57F2919","servicetypeid":72,"servicetype":"Non AC/Ordinary","centerlat":13.021953,"centerlong":77.648651,"eta":"","sch_arrivaltime":"13:07","sch_departuretime":"13:07","actual_arrivaltime":"","actual_departuretime":"","sch_tripstarttime":"12:50","sch_tripendtime":"12:50","lastlocationid":0,"currentlocationid":20617,"nextlocationid":0,"currentstop":null,"nextstop":null,"laststop":null,"stopCoveredStatus":1,"heading":316,"lastrefreshon":"21-10-2024 14:19:56","lastreceiveddatetimeflag":0,"tripposition":3}]},{"routeid":3040,"stationid":20638,"stationname":"Bellanduru City light Apartment","from":"Central Silk Board","to":"Yeshawanthapura Bus Station","routeno":"500-DJ","distance_on_station":5.856,"centerlat":12.92493,"centerlong":77.67394,"responsecode":200,"isnotify":0,"vehicleDetails":[{"vehicleid":18468,"vehiclenumber":"KA57F2919","servicetypeid":72,"servicetype":"Non AC/Ordinary","centerlat":13.021953,"centerlong":77.648651,"eta":"","sch_arrivaltime":"13:08","sch_departuretime":"13:08","actual_arrivaltime":"13:34","actual_departuretime":"13:35","sch_tripstarttime":"12:50","sch_tripendtime":"12:50","lastlocationid":0,"currentlocationid":20617,"nextlocationid":0,"currentstop":null,"nextstop":null,"laststop":null,"stopCoveredStatus":1,"heading":316,"lastrefreshon":"21-10-2024 14:19:56","lastreceiveddatetimeflag":0,"tripposition":1}]},{"routeid":3040,"stationid":20771,"stationname":"Eco Space","from":"Central Silk Board","to":"Yeshawanthapura Bus Station","routeno":"500-DJ","distance_on_station":6.704,"centerlat":12.92838,"centerlong":77.6812,"responsecode":200,"isnotify":0,"vehicleDetails":[{"vehicleid":18468,"vehiclenumber":"KA57F2919","servicetypeid":72,"servicetype":"Non AC/Ordinary","centerlat":13.021953,"centerlong":77.648651,"eta":"","sch_arrivaltime":"13:12","sch_departuretime":"13:12","actual_arrivaltime":"13:36","actual_departuretime":"13:36","sch_tripstarttime":"12:50","sch_tripendtime":"12:50","lastlocationid":0,"currentlocationid":20617,"nextlocationid":0,"currentstop":null,"nextstop":null,"laststop":null,"stopCoveredStatus":1,"heading":316,"lastrefreshon":"21-10-2024 14:19:56","lastreceiveddatetimeflag":0,"tripposition":1}]},{"routeid":3040,"stationid":20754,"stationname":"Devarabisanahalli Ring Road","from":"Central Silk Board","to":"Yeshawanthapura Bus Station","routeno":"500-DJ","distance_on_station":7.465,"centerlat":12.93218,"centerlong":77.68729,"responsecode":200,"isnotify":0,"vehicleDetails":[{"vehicleid":18468,"vehiclenumber":"KA57F2919","servicetypeid":72,"servicetype":"Non AC/Ordinary","centerlat":13.021953,"centerlong":77.648651,"eta":"","sch_arrivaltime":"13:13","sch_departuretime":"13:13","actual_arrivaltime":"13:38","actual_departuretime":"13:38","sch_tripstarttime":"12:50","sch_tripendtime":"12:50","lastlocationid":0,"currentlocationid":20617,"nextlocationid":0,"currentstop":null,"nextstop":null,"laststop":null,"stopCoveredStatus":1,"heading":316,"lastrefreshon":"21-10-2024 14:19:56","lastreceiveddatetimeflag":0,"tripposition":1}]},{"routeid":3040,"stationid":21059,"stationname":"New Horizon College","from":"Central Silk Board","to":"Yeshawanthapura Bus Station","routeno":"500-DJ","distance_on_station":7.937,"centerlat":12.93525,"centerlong":77.69054,"responsecode":200,"isnotify":0,"vehicleDetails":[{"vehicleid":18468,"vehiclenumber":"KA57F2919","servicetypeid":72,"servicetype":"Non AC/Ordinary","centerlat":13.021953,"centerlong":77.648651,"eta":"","sch_arrivaltime":"13:14","sch_departuretime":"13:14","actual_arrivaltime":"13:39","actual_departuretime":"13:40","sch_tripstarttime":"12:50","sch_tripendtime":"12:50","lastlocationid":0,"currentlocationid":20617,"nextlocationid":0,"currentstop":null,"nextstop":null,"laststop":null,"stopCoveredStatus":1,"heading":316,"lastrefreshon":"21-10-2024 14:19:56","lastreceiveddatetimeflag":0,"tripposition":1}]},{"routeid":3040,"stationid":20895,"stationname":"Kadubisanahalli","from":"Central Silk Board","to":"Yeshawanthapura Bus Station","routeno":"500-DJ","distance_on_station":9.006,"centerlat":12.94259,"centerlong":77.69704,"responsecode":200,"isnotify":0,"vehicleDetails":[{"vehicleid":18468,"vehiclenumber":"KA57F2919","servicetypeid":72,"servicetype":"Non AC/Ordinary","centerlat":13.021953,"centerlong":77.648651,"eta":"","sch_arrivaltime":"13:16","sch_departuretime":"13:16","actual_arrivaltime":"13:41","actual_departuretime":"13:42","sch_tripstarttime":"12:50","sch_tripendtime":"12:50","lastlocationid":0,"currentlocationid":20617,"nextlocationid":0,"currentstop":null,"nextstop":null,"laststop":null,"stopCoveredStatus":1,"heading":316,"lastrefreshon":"21-10-2024 14:19:56","lastreceiveddatetimeflag":0,"tripposition":1}]},{"routeid":3040,"stationid":21032,"stationname":"Multiplex Marathahalli","from":"Central Silk Board","to":"Yeshawanthapura Bus Station","routeno":"500-DJ","distance_on_station":10.008,"centerlat":12.95154,"centerlong":77.69956,"responsecode":200,"isnotify":0,"vehicleDetails":[{"vehicleid":18468,"vehiclenumber":"KA57F2919","servicetypeid":72,"servicetype":"Non AC/Ordinary","centerlat":13.021953,"centerlong":77.648651,"eta":"","sch_arrivaltime":"13:18","sch_departuretime":"13:18","actual_arrivaltime":"13:44","actual_departuretime":"13:45","sch_tripstarttime":"12:50","sch_tripendtime":"12:50","lastlocationid":0,"currentlocationid":20617,"nextlocationid":0,"currentstop":null,"nextstop":null,"laststop":null,"stopCoveredStatus":1,"heading":316,"lastrefreshon":"21-10-2024 14:19:56","lastreceiveddatetimeflag":0,"tripposition":1}]},{"routeid":3040,"stationid":22670,"stationname":"Kalamandira  Marathahalli Bridge","from":"Central Silk Board","to":"Yeshawanthapura Bus Station","routeno":"500-DJ","distance_on_station":10.981,"centerlat":12.96038,"centerlong":77.70135,"responsecode":200,"isnotify":0,"vehicleDetails":[{"vehicleid":18468,"vehiclenumber":"KA57F2919","servicetypeid":72,"servicetype":"Non AC/Ordinary","centerlat":13.021953,"centerlong":77.648651,"eta":"","sch_arrivaltime":"13:20","sch_departuretime":"13:20","actual_arrivaltime":"13:48","actual_departuretime":"13:48","sch_tripstarttime":"12:50","sch_tripendtime":"12:50","lastlocationid":0,"currentlocationid":20617,"nextlocationid":0,"currentstop":null,"nextstop":null,"laststop":null,"stopCoveredStatus":1,"heading":316,"lastrefreshon":"21-10-2024 14:19:56","lastreceiveddatetimeflag":0,"tripposition":1}]},{"routeid":3040,"stationid":20913,"stationname":"Karthik Nagara","from":"Central Silk Board","to":"Yeshawanthapura Bus Station","routeno":"500-DJ","distance_on_station":11.848,"centerlat":12.96825,"centerlong":77.70153,"responsecode":200,"isnotify":0,"vehicleDetails":[{"vehicleid":18468,"vehiclenumber":"KA57F2919","servicetypeid":72,"servicetype":"Non AC/Ordinary","centerlat":13.021953,"centerlong":77.648651,"eta":"","sch_arrivaltime":"13:21","sch_departuretime":"13:21","actual_arrivaltime":"13:49","actual_departuretime":"13:50","sch_tripstarttime":"12:50","sch_tripendtime":"12:50","lastlocationid":0,"currentlocationid":20617,"nextlocationid":0,"currentstop":null,"nextstop":null,"laststop":null,"stopCoveredStatus":1,"heading":316,"lastrefreshon":"21-10-2024 14:19:56","lastreceiveddatetimeflag":0,"tripposition":1}]},{"routeid":3040,"stationid":20761,"stationname":"Dodda Nekkundi Bridge/Rainbow Hospital","from":"Central Silk Board","to":"Yeshawanthapura Bus Station","routeno":"500-DJ","distance_on_station":12.772,"centerlat":12.97565,"centerlong":77.697,"responsecode":200,"isnotify":0,"vehicleDetails":[{"vehicleid":18468,"vehiclenumber":"KA57F2919","servicetypeid":72,"servicetype":"Non AC/Ordinary","centerlat":13.021953,"centerlong":77.648651,"eta":"","sch_arrivaltime":"13:22","sch_departuretime":"13:22","actual_arrivaltime":"13:52","actual_departuretime":"13:52","sch_tripstarttime":"12:50","sch_tripendtime":"12:50","lastlocationid":0,"currentlocationid":20617,"nextlocationid":0,"currentstop":null,"nextstop":null,"laststop":null,"stopCoveredStatus":1,"heading":316,"lastrefreshon":"21-10-2024 14:19:56","lastreceiveddatetimeflag":0,"tripposition":1}]},{"routeid":3040,"stationid":20775,"stationname":"EMC2","from":"Central Silk Board","to":"Yeshawanthapura Bus Station","routeno":"500-DJ","distance_on_station":13.61,"centerlat":12.98239,"centerlong":77.69288,"responsecode":200,"isnotify":0,"vehicleDetails":[{"vehicleid":18468,"vehiclenumber":"KA57F2919","servicetypeid":72,"servicetype":"Non AC/Ordinary","centerlat":13.021953,"centerlong":77.648651,"eta":"","sch_arrivaltime":"13:23","sch_departuretime":"13:23","actual_arrivaltime":"13:53","actual_departuretime":"13:53","sch_tripstarttime":"12:50","sch_tripendtime":"12:50","lastlocationid":0,"currentlocationid":20617,"nextlocationid":0,"currentstop":null,"nextstop":null,"laststop":null,"stopCoveredStatus":1,"heading":316,"lastrefreshon":"21-10-2024 14:19:56","lastreceiveddatetimeflag":0,"tripposition":1}]},{"routeid":3040,"stationid":20978,"stationname":"Mahadevapura Ring Road","from":"Central Silk Board","to":"Yeshawanthapura Bus Station","routeno":"500-DJ","distance_on_station":14.391,"centerlat":12.98868,"centerlong":77.68904,"responsecode":200,"isnotify":0,"vehicleDetails":[{"vehicleid":18468,"vehiclenumber":"KA57F2919","servicetypeid":72,"servicetype":"Non AC/Ordinary","centerlat":13.021953,"centerlong":77.648651,"eta":"","sch_arrivaltime":"13:24","sch_departuretime":"13:24","actual_arrivaltime":"13:57","actual_departuretime":"13:57","sch_tripstarttime":"12:50","sch_tripendtime":"12:50","lastlocationid":0,"currentlocationid":20617,"nextlocationid":0,"currentstop":null,"nextstop":null,"laststop":null,"stopCoveredStatus":1,"heading":316,"lastrefreshon":"21-10-2024 14:19:56","lastreceiveddatetimeflag":0,"tripposition":1}]},{"routeid":3040,"stationid":20616,"stationname":"B Narayanapura Ring Road","from":"Central Silk Board","to":"Yeshawanthapura Bus Station","routeno":"500-DJ","distance_on_station":15.335,"centerlat":12.99589,"centerlong":77.68387,"responsecode":200,"isnotify":0,"vehicleDetails":[{"vehicleid":18468,"vehiclenumber":"KA57F2919","servicetypeid":72,"servicetype":"Non AC/Ordinary","centerlat":13.021953,"centerlong":77.648651,"eta":"","sch_arrivaltime":"13:25","sch_departuretime":"13:25","actual_arrivaltime":"13:59","actual_departuretime":"14:00","sch_tripstarttime":"12:50","sch_tripendtime":"12:50","lastlocationid":0,"currentlocationid":20617,"nextlocationid":0,"currentstop":null,"nextstop":null,"laststop":null,"stopCoveredStatus":1,"heading":316,"lastrefreshon":"21-10-2024 14:19:56","lastreceiveddatetimeflag":0,"tripposition":1}]},{"routeid":3040,"stationid":21113,"stationname":"KR Pura Railway Station","from":"Central Silk Board","to":"Yeshawanthapura Bus Station","routeno":"500-DJ","distance_on_station":16.356,"centerlat":12.99998,"centerlong":77.67654,"responsecode":200,"isnotify":0,"vehicleDetails":[{"vehicleid":18468,"vehiclenumber":"KA57F2919","servicetypeid":72,"servicetype":"Non AC/Ordinary","centerlat":13.021953,"centerlong":77.648651,"eta":"","sch_arrivaltime":"13:27","sch_departuretime":"13:27","actual_arrivaltime":"14:03","actual_departuretime":"14:03","sch_tripstarttime":"12:50","sch_tripendtime":"12:50","lastlocationid":0,"currentlocationid":20617,"nextlocationid":0,"currentstop":null,"nextstop":null,"laststop":null,"stopCoveredStatus":1,"heading":316,"lastrefreshon":"21-10-2024 14:19:56","lastreceiveddatetimeflag":0,"tripposition":1}]},{"routeid":3040,"stationid":21228,"stationname":"Tin Factory","from":"Central Silk Board","to":"Yeshawanthapura Bus Station","routeno":"500-DJ","distance_on_station":17.28,"centerlat":12.99645,"centerlong":77.66857,"responsecode":200,"isnotify":0,"vehicleDetails":[{"vehicleid":18468,"vehiclenumber":"KA57F2919","servicetypeid":72,"servicetype":"Non AC/Ordinary","centerlat":13.021953,"centerlong":77.648651,"eta":"","sch_arrivaltime":"13:29","sch_departuretime":"13:29","actual_arrivaltime":"14:05","actual_departuretime":"14:05","sch_tripstarttime":"12:50","sch_tripendtime":"12:50","lastlocationid":0,"currentlocationid":20617,"nextlocationid":0,"currentstop":null,"nextstop":null,"laststop":null,"stopCoveredStatus":1,"heading":316,"lastrefreshon":"21-10-2024 14:19:56","lastreceiveddatetimeflag":0,"tripposition":1}]},{"routeid":3040,"stationid":20915,"stationname":"Kasthurinagara","from":"Central Silk Board","to":"Yeshawanthapura Bus Station","routeno":"500-DJ","distance_on_station":18.61,"centerlat":13.00397,"centerlong":77.66313,"responsecode":200,"isnotify":0,"vehicleDetails":[{"vehicleid":18468,"vehiclenumber":"KA57F2919","servicetypeid":72,"servicetype":"Non AC/Ordinary","centerlat":13.021953,"centerlong":77.648651,"eta":"","sch_arrivaltime":"13:31","sch_departuretime":"13:31","actual_arrivaltime":"14:09","actual_departuretime":"14:10","sch_tripstarttime":"12:50","sch_tripendtime":"12:50","lastlocationid":0,"currentlocationid":20617,"nextlocationid":0,"currentstop":null,"nextstop":null,"laststop":null,"stopCoveredStatus":1,"heading":316,"lastrefreshon":"21-10-2024 14:19:56","lastreceiveddatetimeflag":0,"tripposition":1}]},{"routeid":3040,"stationid":22651,"stationname":"B Channasandra Bridge(Ramamurthy Nagara Ring Road)","from":"Central Silk Board","to":"Yeshawanthapura Bus Station","routeno":"500-DJ","distance_on_station":19.39,"centerlat":13.0112,"centerlong":77.66232,"responsecode":200,"isnotify":0,"vehicleDetails":[{"vehicleid":18468,"vehiclenumber":"KA57F2919","servicetypeid":72,"servicetype":"Non AC/Ordinary","centerlat":13.021953,"centerlong":77.648651,"eta":"","sch_arrivaltime":"13:32","sch_departuretime":"13:32","actual_arrivaltime":"14:11","actual_departuretime":"14:11","sch_tripstarttime":"12:50","sch_tripendtime":"12:50","lastlocationid":0,"currentlocationid":20617,"nextlocationid":0,"currentstop":null,"nextstop":null,"laststop":null,"stopCoveredStatus":1,"heading":316,"lastrefreshon":"21-10-2024 14:19:56","lastreceiveddatetimeflag":0,"tripposition":1}]},{"routeid":3040,"stationid":21264,"stationname":"Vijaya Bank Colony Ring Road","from":"Central Silk Board","to":"Yeshawanthapura Bus Station","routeno":"500-DJ","distance_on_station":20.122,"centerlat":13.01695,"centerlong":77.66021,"responsecode":200,"isnotify":0,"vehicleDetails":[{"vehicleid":18468,"vehiclenumber":"KA57F2919","servicetypeid":72,"servicetype":"Non AC/Ordinary","centerlat":13.021953,"centerlong":77.648651,"eta":"","sch_arrivaltime":"13:33","sch_departuretime":"13:33","actual_arrivaltime":"14:13","actual_departuretime":"14:14","sch_tripstarttime":"12:50","sch_tripendtime":"12:50","lastlocationid":0,"currentlocationid":20617,"nextlocationid":0,"currentstop":null,"nextstop":null,"laststop":null,"stopCoveredStatus":1,"heading":316,"lastrefreshon":"21-10-2024 14:19:56","lastreceiveddatetimeflag":0,"tripposition":1}]},{"routeid":3040,"stationid":20839,"stationname":"Horamavu","from":"Central Silk Board","to":"Yeshawanthapura Bus Station","routeno":"500-DJ","distance_on_station":20.844,"centerlat":13.01969,"centerlong":77.6539,"responsecode":200,"isnotify":0,"vehicleDetails":[{"vehicleid":18468,"vehiclenumber":"KA57F2919","servicetypeid":72,"servicetype":"Non AC/Ordinary","centerlat":13.021953,"centerlong":77.648651,"eta":"","sch_arrivaltime":"13:34","sch_departuretime":"13:34","actual_arrivaltime":"14:18","actual_departuretime":"14:18","sch_tripstarttime":"12:50","sch_tripendtime":"12:50","lastlocationid":0,"currentlocationid":20617,"nextlocationid":0,"currentstop":null,"nextstop":null,"laststop":null,"stopCoveredStatus":1,"heading":316,"lastrefreshon":"21-10-2024 14:19:56","lastreceiveddatetimeflag":0,"tripposition":1}]},{"routeid":3040,"stationid":20617,"stationname":"Babusabpalya","from":"Central Silk Board","to":"Yeshawanthapura Bus Station","routeno":"500-DJ","distance_on_station":21.625,"centerlat":13.0226,"centerlong":77.64702,"responsecode":200,"isnotify":0,"vehicleDetails":[{"vehicleid":18468,"vehiclenumber":"KA57F2919","servicetypeid":72,"servicetype":"Non AC/Ordinary","centerlat":13.021953,"centerlong":77.648651,"eta":"2024-10-21 14:20:00","sch_arrivaltime":"13:35","sch_departuretime":"13:35","actual_arrivaltime":"","actual_departuretime":"","sch_tripstarttime":"12:50","sch_tripendtime":"12:50","lastlocationid":0,"currentlocationid":20617,"nextlocationid":0,"currentstop":null,"nextstop":null,"laststop":null,"stopCoveredStatus":0,"heading":316,"lastrefreshon":"21-10-2024 14:19:56","lastreceiveddatetimeflag":0,"tripposition":3}]},{"routeid":3040,"stationid":20904,"stationname":"Kalyananagara","from":"Central Silk Board","to":"Yeshawanthapura Bus Station","routeno":"500-DJ","distance_on_station":22.809,"centerlat":13.0264,"centerlong":77.63642,"responsecode":200,"isnotify":0,"vehicleDetails":[{"vehicleid":18468,"vehiclenumber":"KA57F2919","servicetypeid":72,"servicetype":"Non AC/Ordinary","centerlat":13.021953,"centerlong":77.648651,"eta":"2024-10-21 14:25:00","sch_arrivaltime":"13:36","sch_departuretime":"13:36","actual_arrivaltime":"","actual_departuretime":"","sch_tripstarttime":"12:50","sch_tripendtime":"12:50","lastlocationid":0,"currentlocationid":20617,"nextlocationid":0,"currentstop":null,"nextstop":null,"laststop":null,"stopCoveredStatus":0,"heading":316,"lastrefreshon":"21-10-2024 14:19:56","lastreceiveddatetimeflag":0,"tripposition":3}]},{"routeid":3040,"stationid":21528,"stationname":"Hennur Junction","from":"Central Silk Board","to":"Yeshawanthapura Bus Station","routeno":"500-DJ","distance_on_station":23.474,"centerlat":13.02948,"centerlong":77.63125,"responsecode":200,"isnotify":0,"vehicleDetails":[{"vehicleid":18468,"vehiclenumber":"KA57F2919","servicetypeid":72,"servicetype":"Non AC/Ordinary","centerlat":13.021953,"centerlong":77.648651,"eta":"2024-10-21 14:28:00","sch_arrivaltime":"13:37","sch_departuretime":"13:37","actual_arrivaltime":"","actual_departuretime":"","sch_tripstarttime":"12:50","sch_tripendtime":"12:50","lastlocationid":0,"currentlocationid":20617,"nextlocationid":0,"currentstop":null,"nextstop":null,"laststop":null,"stopCoveredStatus":0,"heading":316,"lastrefreshon":"21-10-2024 14:19:56","lastreceiveddatetimeflag":0,"tripposition":3}]},{"routeid":3040,"stationid":20816,"stationname":"HBR Layout","from":"Central Silk Board","to":"Yeshawanthapura Bus Station","routeno":"500-DJ","distance_on_station":24.129,"centerlat":13.035,"centerlong":77.62849,"responsecode":200,"isnotify":0,"vehicleDetails":[{"vehicleid":18468,"vehiclenumber":"KA57F2919","servicetypeid":72,"servicetype":"Non AC/Ordinary","centerlat":13.021953,"centerlong":77.648651,"eta":"2024-10-21 14:31:00","sch_arrivaltime":"13:38","sch_departuretime":"13:38","actual_arrivaltime":"","actual_departuretime":"","sch_tripstarttime":"12:50","sch_tripendtime":"12:50","lastlocationid":0,"currentlocationid":20617,"nextlocationid":0,"currentstop":null,"nextstop":null,"laststop":null,"stopCoveredStatus":0,"heading":316,"lastrefreshon":"21-10-2024 14:19:56","lastreceiveddatetimeflag":0,"tripposition":3}]},{"routeid":3040,"stationid":20885,"stationname":"Nagawara Junction","from":"Central Silk Board","to":"Yeshawanthapura Bus Station","routeno":"500-DJ","distance_on_station":24.88,"centerlat":13.04046,"centerlong":77.62408,"responsecode":200,"isnotify":0,"vehicleDetails":[{"vehicleid":18468,"vehiclenumber":"KA57F2919","servicetypeid":72,"servicetype":"Non AC/Ordinary","centerlat":13.021953,"centerlong":77.648651,"eta":"2024-10-21 14:33:00","sch_arrivaltime":"13:40","sch_departuretime":"13:40","actual_arrivaltime":"","actual_departuretime":"","sch_tripstarttime":"12:50","sch_tripendtime":"12:50","lastlocationid":0,"currentlocationid":20617,"nextlocationid":0,"currentstop":null,"nextstop":null,"laststop":null,"stopCoveredStatus":0,"heading":316,"lastrefreshon":"21-10-2024 14:19:56","lastreceiveddatetimeflag":0,"tripposition":3}]},{"routeid":3040,"stationid":20999,"stationname":"Manyatha Tech Park","from":"Central Silk Board","to":"Yeshawanthapura Bus Station","routeno":"500-DJ","distance_on_station":25.333,"centerlat":13.04109,"centerlong":77.61995,"responsecode":200,"isnotify":0,"vehicleDetails":[{"vehicleid":18468,"vehiclenumber":"KA57F2919","servicetypeid":72,"servicetype":"Non AC/Ordinary","centerlat":13.021953,"centerlong":77.648651,"eta":"2024-10-21 14:35:00","sch_arrivaltime":"13:41","sch_departuretime":"13:41","actual_arrivaltime":"","actual_departuretime":"","sch_tripstarttime":"12:50","sch_tripendtime":"12:50","lastlocationid":0,"currentlocationid":20617,"nextlocationid":0,"currentstop":null,"nextstop":null,"laststop":null,"stopCoveredStatus":0,"heading":316,"lastrefreshon":"21-10-2024 14:19:56","lastreceiveddatetimeflag":0,"tripposition":3}]},{"routeid":3040,"stationid":21252,"stationname":"Veerannapalya","from":"Central Silk Board","to":"Yeshawanthapura Bus Station","routeno":"500-DJ","distance_on_station":26.065,"centerlat":13.04217,"centerlong":77.61352,"responsecode":200,"isnotify":0,"vehicleDetails":[{"vehicleid":18468,"vehiclenumber":"KA57F2919","servicetypeid":72,"servicetype":"Non AC/Ordinary","centerlat":13.021953,"centerlong":77.648651,"eta":"2024-10-21 14:38:00","sch_arrivaltime":"13:43","sch_departuretime":"13:43","actual_arrivaltime":"","actual_departuretime":"","sch_tripstarttime":"12:50","sch_tripendtime":"12:50","lastlocationid":0,"currentlocationid":20617,"nextlocationid":0,"currentstop":null,"nextstop":null,"laststop":null,"stopCoveredStatus":0,"heading":316,"lastrefreshon":"21-10-2024 14:19:56","lastreceiveddatetimeflag":0,"tripposition":3}]},{"routeid":3040,"stationid":20920,"stationname":"Kempapura","from":"Central Silk Board","to":"Yeshawanthapura Bus Station","routeno":"500-DJ","distance_on_station":27.375,"centerlat":13.0436,"centerlong":77.60121,"responsecode":200,"isnotify":0,"vehicleDetails":[{"vehicleid":18468,"vehiclenumber":"KA57F2919","servicetypeid":72,"servicetype":"Non AC/Ordinary","centerlat":13.021953,"centerlong":77.648651,"eta":"2024-10-21 14:42:00","sch_arrivaltime":"13:45","sch_departuretime":"13:45","actual_arrivaltime":"","actual_departuretime":"","sch_tripstarttime":"12:50","sch_tripendtime":"12:50","lastlocationid":0,"currentlocationid":20617,"nextlocationid":0,"currentstop":null,"nextstop":null,"laststop":null,"stopCoveredStatus":0,"heading":316,"lastrefreshon":"21-10-2024 14:19:56","lastreceiveddatetimeflag":0,"tripposition":3}]},{"routeid":3040,"stationid":21527,"stationname":"Hebbala Bridge","from":"Central Silk Board","to":"Yeshawanthapura Bus Station","routeno":"500-DJ","distance_on_station":28.647,"centerlat":13.04274,"centerlong":77.58967,"responsecode":200,"isnotify":0,"vehicleDetails":[{"vehicleid":18468,"vehiclenumber":"KA57F2919","servicetypeid":72,"servicetype":"Non AC/Ordinary","centerlat":13.021953,"centerlong":77.648651,"eta":"2024-10-21 14:45:00","sch_arrivaltime":"13:47","sch_departuretime":"13:47","actual_arrivaltime":"","actual_departuretime":"","sch_tripstarttime":"12:50","sch_tripendtime":"12:50","lastlocationid":0,"currentlocationid":20617,"nextlocationid":0,"currentstop":null,"nextstop":null,"laststop":null,"stopCoveredStatus":0,"heading":316,"lastrefreshon":"21-10-2024 14:19:56","lastreceiveddatetimeflag":0,"tripposition":3}]},{"routeid":3040,"stationid":20659,"stationname":"Bhadrappa Layout","from":"Central Silk Board","to":"Yeshawanthapura Bus Station","routeno":"500-DJ","distance_on_station":30.515,"centerlat":13.0472,"centerlong":77.57339,"responsecode":200,"isnotify":0,"vehicleDetails":[{"vehicleid":18468,"vehiclenumber":"KA57F2919","servicetypeid":72,"servicetype":"Non AC/Ordinary","centerlat":13.021953,"centerlong":77.648651,"eta":"2024-10-21 14:50:00","sch_arrivaltime":"13:49","sch_departuretime":"13:49","actual_arrivaltime":"","actual_departuretime":"","sch_tripstarttime":"12:50","sch_tripendtime":"12:50","lastlocationid":0,"currentlocationid":20617,"nextlocationid":0,"currentstop":null,"nextstop":null,"laststop":null,"stopCoveredStatus":0,"heading":316,"lastrefreshon":"21-10-2024 14:19:56","lastreceiveddatetimeflag":0,"tripposition":3}]},{"routeid":3040,"stationid":20758,"stationname":"Devinagara Cross","from":"Central Silk Board","to":"Yeshawanthapura Bus Station","routeno":"500-DJ","distance_on_station":30.949,"centerlat":13.04692,"centerlong":77.5692,"responsecode":200,"isnotify":0,"vehicleDetails":[{"vehicleid":18468,"vehiclenumber":"KA57F2919","servicetypeid":72,"servicetype":"Non AC/Ordinary","centerlat":13.021953,"centerlong":77.648651,"eta":"2024-10-21 14:51:00","sch_arrivaltime":"13:50","sch_departuretime":"13:50","actual_arrivaltime":"","actual_departuretime":"","sch_tripstarttime":"12:50","sch_tripendtime":"12:50","lastlocationid":0,"currentlocationid":20617,"nextlocationid":0,"currentstop":null,"nextstop":null,"laststop":null,"stopCoveredStatus":0,"heading":316,"lastrefreshon":"21-10-2024 14:19:56","lastreceiveddatetimeflag":0,"tripposition":3}]},{"routeid":3040,"stationid":20962,"stationname":"Kuvempu Circle","from":"Central Silk Board","to":"Yeshawanthapura Bus Station","routeno":"500-DJ","distance_on_station":31.681,"centerlat":13.04457,"centerlong":77.56281,"responsecode":200,"isnotify":0,"vehicleDetails":[{"vehicleid":18468,"vehiclenumber":"KA57F2919","servicetypeid":72,"servicetype":"Non AC/Ordinary","centerlat":13.021953,"centerlong":77.648651,"eta":"2024-10-21 14:53:00","sch_arrivaltime":"13:51","sch_departuretime":"13:51","actual_arrivaltime":"","actual_departuretime":"","sch_tripstarttime":"12:50","sch_tripendtime":"12:50","lastlocationid":0,"currentlocationid":20617,"nextlocationid":0,"currentstop":null,"nextstop":null,"laststop":null,"stopCoveredStatus":0,"heading":316,"lastrefreshon":"21-10-2024 14:19:56","lastreceiveddatetimeflag":0,"tripposition":3}]},{"routeid":3040,"stationid":29841,"stationname":"BEL Circle","from":"Central Silk Board","to":"Yeshawanthapura Bus Station","routeno":"500-DJ","distance_on_station":32.336,"centerlat":13.04339,"centerlong":77.55713,"responsecode":200,"isnotify":0,"vehicleDetails":[{"vehicleid":18468,"vehiclenumber":"KA57F2919","servicetypeid":72,"servicetype":"Non AC/Ordinary","centerlat":13.021953,"centerlong":77.648651,"eta":"2024-10-21 14:55:00","sch_arrivaltime":"13:52","sch_departuretime":"13:52","actual_arrivaltime":"","actual_departuretime":"","sch_tripstarttime":"12:50","sch_tripendtime":"12:50","lastlocationid":0,"currentlocationid":20617,"nextlocationid":0,"currentstop":null,"nextstop":null,"laststop":null,"stopCoveredStatus":0,"heading":316,"lastrefreshon":"21-10-2024 14:19:56","lastreceiveddatetimeflag":0,"tripposition":3}]},{"routeid":3040,"stationid":21968,"stationname":"Gokula","from":"Central Silk Board","to":"Yeshawanthapura Bus Station","routeno":"500-DJ","distance_on_station":32.548,"centerlat":13.04152,"centerlong":77.55725,"responsecode":200,"isnotify":0,"vehicleDetails":[{"vehicleid":18468,"vehiclenumber":"KA57F2919","servicetypeid":72,"servicetype":"Non AC/Ordinary","centerlat":13.021953,"centerlong":77.648651,"eta":"2024-10-21 14:56:00","sch_arrivaltime":"13:53","sch_departuretime":"13:53","actual_arrivaltime":"","actual_departuretime":"","sch_tripstarttime":"12:50","sch_tripendtime":"12:50","lastlocationid":0,"currentlocationid":20617,"nextlocationid":0,"currentstop":null,"nextstop":null,"laststop":null,"stopCoveredStatus":0,"heading":316,"lastrefreshon":"21-10-2024 14:19:56","lastreceiveddatetimeflag":0,"tripposition":3}]},{"routeid":3040,"stationid":22276,"stationname":"Mathikere","from":"Central Silk Board","to":"Yeshawanthapura Bus Station","routeno":"500-DJ","distance_on_station":33.289,"centerlat":13.03467,"centerlong":77.55748,"responsecode":200,"isnotify":0,"vehicleDetails":[{"vehicleid":18468,"vehiclenumber":"KA57F2919","servicetypeid":72,"servicetype":"Non AC/Ordinary","centerlat":13.021953,"centerlong":77.648651,"eta":"2024-10-21 14:57:00","sch_arrivaltime":"13:54","sch_departuretime":"13:54","actual_arrivaltime":"","actual_departuretime":"","sch_tripstarttime":"12:50","sch_tripendtime":"12:50","lastlocationid":0,"currentlocationid":20617,"nextlocationid":0,"currentstop":null,"nextstop":null,"laststop":null,"stopCoveredStatus":0,"heading":316,"lastrefreshon":"21-10-2024 14:19:56","lastreceiveddatetimeflag":0,"tripposition":3}]},{"routeid":3040,"stationid":22306,"stationname":"MS Ramaiah College","from":"Central Silk Board","to":"Yeshawanthapura Bus Station","routeno":"500-DJ","distance_on_station":34.06,"centerlat":13.02871,"centerlong":77.56159,"responsecode":200,"isnotify":0,"vehicleDetails":[{"vehicleid":18468,"vehiclenumber":"KA57F2919","servicetypeid":72,"servicetype":"Non AC/Ordinary","centerlat":13.021953,"centerlong":77.648651,"eta":"2024-10-21 14:59:00","sch_arrivaltime":"13:56","sch_departuretime":"13:56","actual_arrivaltime":"","actual_departuretime":"","sch_tripstarttime":"12:50","sch_tripendtime":"12:50","lastlocationid":0,"currentlocationid":20617,"nextlocationid":0,"currentstop":null,"nextstop":null,"laststop":null,"stopCoveredStatus":0,"heading":316,"lastrefreshon":"21-10-2024 14:19:56","lastreceiveddatetimeflag":0,"tripposition":3}]},{"routeid":3040,"stationid":21899,"stationname":"Diwanarapalya","from":"Central Silk Board","to":"Yeshawanthapura Bus Station","routeno":"500-DJ","distance_on_station":34.281,"centerlat":13.02679,"centerlong":77.56182,"responsecode":200,"isnotify":0,"vehicleDetails":[{"vehicleid":18468,"vehiclenumber":"KA57F2919","servicetypeid":72,"servicetype":"Non AC/Ordinary","centerlat":13.021953,"centerlong":77.648651,"eta":"2024-10-21 15:00:00","sch_arrivaltime":"13:57","sch_departuretime":"13:57","actual_arrivaltime":"","actual_departuretime":"","sch_tripstarttime":"12:50","sch_tripendtime":"12:50","lastlocationid":0,"currentlocationid":20617,"nextlocationid":0,"currentstop":null,"nextstop":null,"laststop":null,"stopCoveredStatus":0,"heading":316,"lastrefreshon":"21-10-2024 14:19:56","lastreceiveddatetimeflag":0,"tripposition":3}]},{"routeid":3040,"stationid":21690,"stationname":"Ayyappa Temple Yashawanthapura","from":"Central Silk Board","to":"Yeshawanthapura Bus Station","routeno":"500-DJ","distance_on_station":34.85,"centerlat":13.02167,"centerlong":77.56321,"responsecode":200,"isnotify":0,"vehicleDetails":[{"vehicleid":18468,"vehiclenumber":"KA57F2919","servicetypeid":72,"servicetype":"Non AC/Ordinary","centerlat":13.021953,"centerlong":77.648651,"eta":"2024-10-21 15:01:00","sch_arrivaltime":"13:58","sch_departuretime":"13:58","actual_arrivaltime":"","actual_departuretime":"","sch_tripstarttime":"12:50","sch_tripendtime":"12:50","lastlocationid":0,"currentlocationid":20617,"nextlocationid":0,"currentstop":null,"nextstop":null,"laststop":null,"stopCoveredStatus":0,"heading":316,"lastrefreshon":"21-10-2024 14:19:56","lastreceiveddatetimeflag":0,"tripposition":3}]},{"routeid":3040,"stationid":22647,"stationname":"Yeshawanthapura Tollgate","from":"Central Silk Board","to":"Yeshawanthapura Bus Station","routeno":"500-DJ","distance_on_station":35.312,"centerlat":13.01797,"centerlong":77.56097,"responsecode":200,"isnotify":0,"vehicleDetails":[{"vehicleid":18468,"vehiclenumber":"KA57F2919","servicetypeid":72,"servicetype":"Non AC/Ordinary","centerlat":13.021953,"centerlong":77.648651,"eta":"2024-10-21 15:02:00","sch_arrivaltime":"13:59","sch_departuretime":"13:59","actual_arrivaltime":"","actual_departuretime":"","sch_tripstarttime":"12:50","sch_tripendtime":"12:50","lastlocationid":0,"currentlocationid":20617,"nextlocationid":0,"currentstop":null,"nextstop":null,"laststop":null,"stopCoveredStatus":0,"heading":316,"lastrefreshon":"21-10-2024 14:19:56","lastreceiveddatetimeflag":0,"tripposition":3}]},{"routeid":3040,"stationid":21288,"stationname":"Yeshawanthapura Bus Station","from":"Central Silk Board","to":"Yeshawanthapura Bus Station","routeno":"500-DJ","distance_on_station":37.2,"centerlat":13.01801,"centerlong":77.55662,"responsecode":200,"isnotify":0,"vehicleDetails":[{"vehicleid":18468,"vehiclenumber":"KA57F2919","servicetypeid":72,"servicetype":"Non AC/Ordinary","centerlat":13.021953,"centerlong":77.648651,"eta":"2024-10-21 15:07:00","sch_arrivaltime":"14:06","sch_departuretime":"14:06","actual_arrivaltime":"","actual_departuretime":"","sch_tripstarttime":"12:50","sch_tripendtime":"12:50","lastlocationid":0,"currentlocationid":20617,"nextlocationid":0,"currentstop":null,"nextstop":null,"laststop":null,"stopCoveredStatus":0,"heading":316,"lastrefreshon":"21-10-2024 14:19:56","lastreceiveddatetimeflag":0,"tripposition":1}]}],"mapData":[{"vehicleid":18468,"vehiclenumber":"KA57F2919","servicetypeid":72,"servicetype":"Non AC/Ordinary","centerlat":13.021953,"centerlong":77.648651,"eta":"2024-10-21 15:07:00","sch_arrivaltime":"14:06","sch_departuretime":"14:06","actual_arrivaltime":"","actual_departuretime":"","sch_tripstarttime":"12:50","sch_tripendtime":"12:50","lastlocationid":0,"currentlocationid":20617,"nextlocationid":0,"currentstop":null,"nextstop":null,"laststop":null,"stopCoveredStatus":0,"heading":316,"lastrefreshon":"21-10-2024 14:19:56","lastreceiveddatetimeflag":0,"tripposition":1}]},"message":"Success","issuccess":true,"exception":null,"rowCount":0,"responsecode":200}