{"up":{"data":[{"routeid":5365,"stationid":21795,"stationname":"Byrathi Bande","from":"Depot-48 Gate","to":"Hosakote Bus Stand (Old)","routeno":"500-HK D48G-TNF-HSK","distance_on_station":0,"centerlat":13.07788,"centerlong":77.65345,"responsecode":200,"isnotify":0,"vehicleDetails":[{"vehicleid":25726,"vehiclenumber":"KA57F5350","servicetypeid":72,"servicetype":"Non AC/Ordinary","centerlat":12.971406,"centerlong":77.586917,"eta":"","sch_arrivaltime":"14:52","sch_departuretime":"14:52","actual_arrivaltime":"","actual_departuretime":"","sch_tripstarttime":"14:51","sch_tripendtime":"14:51","lastlocationid":0,"currentlocationid":35921,"nextlocationid":0,"currentstop":null,"nextstop":null,"laststop":null,"stopCoveredStatus":0,"heading":174,"lastrefreshon":"05-10-2023 17:09:31","lastreceiveddatetimeflag":1,"tripposition":3}]},{"routeid":5365,"stationid":22397,"stationname":"Poornaprajna School","from":"Depot-48 Gate","to":"Hosakote Bus Stand (Old)","routeno":"500-HK D48G-TNF-HSK","distance_on_station":0.313,"centerlat":13.07538,"centerlong":77.65166,"responsecode":200,"isnotify":0,"vehicleDetails":[{"vehicleid":25726,"vehiclenumber":"KA57F5350","servicetypeid":72,"servicetype":"Non AC/Ordinary","centerlat":12.971406,"centerlong":77.586917,"eta":"","sch_arrivaltime":"14:53","sch_departuretime":"14:53","actual_arrivaltime":"","actual_departuretime":"","sch_tripstarttime":"14:51","sch_tripendtime":"14:51","lastlocationid":0,"currentlocationid":35921,"nextlocationid":0,"currentstop":null,"nextstop":null,"laststop":null,"stopCoveredStatus":0,"heading":174,"lastrefreshon":"05-10-2023 17:09:31","lastreceiveddatetimeflag":1,"tripposition":3}]},{"routeid":5365,"stationid":21762,"stationname":"Bible  College Byrathi","from":"Depot-48 Gate","to":"Hosakote Bus Stand (Old)","routeno":"500-HK D48G-TNF-HSK","distance_on_station":0.698,"centerlat":13.07144,"centerlong":77.65155,"responsecode":200,"isnotify":0,"vehicleDetails":[{"vehicleid":25726,"vehiclenumber":"KA57F5350","servicetypeid":72,"servicetype":"Non AC/Ordinary","centerlat":12.971406,"centerlong":77.586917,"eta":"","sch_arrivaltime":"14:54","sch_departuretime":"14:54","actual_arrivaltime":"","actual_departuretime":"","sch_tripstarttime":"14:51","sch_tripendtime":"14:51","lastlocationid":0,"currentlocationid":35921,"nextlocationid":0,"currentstop":null,"nextstop":null,"laststop":null,"stopCoveredStatus":0,"heading":174,"lastrefreshon":"05-10-2023 17:09:31","lastreceiveddatetimeflag":1,"tripposition":3}]},{"routeid":5365,"stationid":21985,"stationname":"Gubbi Cross","from":"Depot-48 Gate","to":"Hosakote Bus Stand (Old)","routeno":"500-HK D48G-TNF-HSK","distance_on_station":1.379,"centerlat":13.06462,"centerlong":77.6519,"responsecode":200,"isnotify":0,"vehicleDetails":[{"vehicleid":25726,"vehiclenumber":"KA57F5350","servicetypeid":72,"servicetype":"Non AC/Ordinary","centerlat":12.971406,"centerlong":77.586917,"eta":"","sch_arrivaltime":"14:55","sch_departuretime":"14:55","actual_arrivaltime":"","actual_departuretime":"","sch_tripstarttime":"14:51","sch_tripendtime":"14:51","lastlocationid":0,"currentlocationid":35921,"nextlocationid":0,"currentstop":null,"nextstop":null,"laststop":null,"stopCoveredStatus":0,"heading":174,"lastrefreshon":"05-10-2023 17:09:31","lastreceiveddatetimeflag":1,"tripposition":3}]},{"routeid":5365,"stationid":22196,"stationname":"Kothanuru","from":"Depot-48 Gate","to":"Hosakote Bus Stand (Old)","routeno":"500-HK D48G-TNF-HSK","distance_on_station":1.817,"centerlat":13.06182,"centerlong":77.64893,"responsecode":200,"isnotify":0,"vehicleDetails":[{"vehicleid":25726,"vehiclenumber":"KA57F5350","servicetypeid":72,"servicetype":"Non AC/Ordinary","centerlat":12.971406,"centerlong":77.586917,"eta":"","sch_arrivaltime":"14:56","sch_departuretime":"14:56","actual_arrivaltime":"","actual_departuretime":"","sch_tripstarttime":"14:51","sch_tripendtime":"14:51","lastlocationid":0,"currentlocationid":35921,"nextlocationid":0,"currentstop":null,"nextstop":null,"laststop":null,"stopCoveredStatus":0,"heading":174,"lastrefreshon":"05-10-2023 17:09:31","lastreceiveddatetimeflag":1,"tripposition":3}]},{"routeid":5365,"stationid":22303,"stationname":"MR Nursing College","from":"Depot-48 Gate","to":"Hosakote Bus Stand (Old)","routeno":"500-HK D48G-TNF-HSK","distance_on_station":2.175,"centerlat":13.05824,"centerlong":77.64875,"responsecode":200,"isnotify":0,"vehicleDetails":[{"vehicleid":25726,"vehiclenumber":"KA57F5350","servicetypeid":72,"servicetype":"Non AC/Ordinary","centerlat":12.971406,"centerlong":77.586917,"eta":"","sch_arrivaltime":"14:57","sch_departuretime":"14:57","actual_arrivaltime":"","actual_departuretime":"","sch_tripstarttime":"14:51","sch_tripendtime":"14:51","lastlocationid":0,"currentlocationid":35921,"nextlocationid":0,"currentstop":null,"nextstop":null,"laststop":null,"stopCoveredStatus":0,"heading":174,"lastrefreshon":"05-10-2023 17:09:31","lastreceiveddatetimeflag":1,"tripposition":3}]},{"routeid":5365,"stationid":21797,"stationname":"Byrathi Cross","from":"Depot-48 Gate","to":"Hosakote Bus Stand (Old)","routeno":"500-HK D48G-TNF-HSK","distance_on_station":2.292,"centerlat":13.05702,"centerlong":77.64834,"responsecode":200,"isnotify":0,"vehicleDetails":[{"vehicleid":25726,"vehiclenumber":"KA57F5350","servicetypeid":72,"servicetype":"Non AC/Ordinary","centerlat":12.971406,"centerlong":77.586917,"eta":"","sch_arrivaltime":"14:58","sch_departuretime":"14:58","actual_arrivaltime":"","actual_departuretime":"","sch_tripstarttime":"14:51","sch_tripendtime":"14:51","lastlocationid":0,"currentlocationid":35921,"nextlocationid":0,"currentstop":null,"nextstop":null,"laststop":null,"stopCoveredStatus":0,"heading":174,"lastrefreshon":"05-10-2023 17:09:31","lastreceiveddatetimeflag":1,"tripposition":3}]},{"routeid":5365,"stationid":22128,"stationname":"K Narayanapura Cross","from":"Depot-48 Gate","to":"Hosakote Bus Stand (Old)","routeno":"500-HK D48G-TNF-HSK","distance_on_station":2.775,"centerlat":13.05278,"centerlong":77.64612,"responsecode":200,"isnotify":0,"vehicleDetails":[{"vehicleid":25726,"vehiclenumber":"KA57F5350","servicetypeid":72,"servicetype":"Non AC/Ordinary","centerlat":12.971406,"centerlong":77.586917,"eta":"","sch_arrivaltime":"14:59","sch_departuretime":"14:59","actual_arrivaltime":"","actual_departuretime":"","sch_tripstarttime":"14:51","sch_tripendtime":"14:51","lastlocationid":0,"currentlocationid":35921,"nextlocationid":0,"currentstop":null,"nextstop":null,"laststop":null,"stopCoveredStatus":0,"heading":174,"lastrefreshon":"05-10-2023 17:09:31","lastreceiveddatetimeflag":1,"tripposition":3}]},{"routeid":5365,"stationid":21956,"stationname":"Geddalahalli","from":"Depot-48 Gate","to":"Hosakote Bus Stand (Old)","routeno":"500-HK D48G-TNF-HSK","distance_on_station":3.223,"centerlat":13.04838,"centerlong":77.6454,"responsecode":200,"isnotify":0,"vehicleDetails":[{"vehicleid":25726,"vehiclenumber":"KA57F5350","servicetypeid":72,"servicetype":"Non AC/Ordinary","centerlat":12.971406,"centerlong":77.586917,"eta":"","sch_arrivaltime":"15:00","sch_departuretime":"15:00","actual_arrivaltime":"","actual_departuretime":"","sch_tripstarttime":"14:51","sch_tripendtime":"14:51","lastlocationid":0,"currentlocationid":35921,"nextlocationid":0,"currentstop":null,"nextstop":null,"laststop":null,"stopCoveredStatus":0,"heading":174,"lastrefreshon":"05-10-2023 17:09:31","lastreceiveddatetimeflag":1,"tripposition":3}]},{"routeid":5365,"stationid":22100,"stationname":"Janaki Rama Layout","from":"Depot-48 Gate","to":"Hosakote Bus Stand (Old)","routeno":"500-HK D48G-TNF-HSK","distance_on_station":3.831,"centerlat":13.04319,"centerlong":77.6424,"responsecode":200,"isnotify":0,"vehicleDetails":[{"vehicleid":25726,"vehiclenumber":"KA57F5350","servicetypeid":72,"servicetype":"Non AC/Ordinary","centerlat":12.971406,"centerlong":77.586917,"eta":"","sch_arrivaltime":"15:01","sch_departuretime":"15:01","actual_arrivaltime":"","actual_departuretime":"","sch_tripstarttime":"14:51","sch_tripendtime":"14:51","lastlocationid":0,"currentlocationid":35921,"nextlocationid":0,"currentstop":null,"nextstop":null,"laststop":null,"stopCoveredStatus":0,"heading":174,"lastrefreshon":"05-10-2023 17:09:31","lastreceiveddatetimeflag":1,"tripposition":3}]},{"routeid":5365,"stationid":35177,"stationname":"Hennur","from":"Depot-48 Gate","to":"Hosakote Bus Stand (Old)","routeno":"500-HK D48G-TNF-HSK","distance_on_station":4.225,"centerlat":13.03941,"centerlong":77.64152,"responsecode":200,"isnotify":0,"vehicleDetails":[{"vehicleid":25726,"vehiclenumber":"KA57F5350","servicetypeid":72,"servicetype":"Non AC/Ordinary","centerlat":12.971406,"centerlong":77.586917,"eta":"","sch_arrivaltime":"15:03","sch_departuretime":"15:03","actual_arrivaltime":"","actual_departuretime":"","sch_tripstarttime":"14:51","sch_tripendtime":"14:51","lastlocationid":0,"currentlocationid":35921,"nextlocationid":0,"currentstop":null,"nextstop":null,"laststop":null,"stopCoveredStatus":0,"heading":174,"lastrefreshon":"05-10-2023 17:09:31","lastreceiveddatetimeflag":1,"tripposition":3}]},{"routeid":5365,"stationid":22028,"stationname":"Hennur Bande Sai Baba Temple","from":"Depot-48 Gate","to":"Hosakote Bus Stand (Old)","routeno":"500-HK D48G-TNF-HSK","distance_on_station":4.529,"centerlat":13.03665,"centerlong":77.6407,"responsecode":200,"isnotify":0,"vehicleDetails":[{"vehicleid":25726,"vehiclenumber":"KA57F5350","servicetypeid":72,"servicetype":"Non AC/Ordinary","centerlat":12.971406,"centerlong":77.586917,"eta":"","sch_arrivaltime":"15:04","sch_departuretime":"15:04","actual_arrivaltime":"","actual_departuretime":"","sch_tripstarttime":"14:51","sch_tripendtime":"14:51","lastlocationid":0,"currentlocationid":35921,"nextlocationid":0,"currentstop":null,"nextstop":null,"laststop":null,"stopCoveredStatus":0,"heading":174,"lastrefreshon":"05-10-2023 17:09:31","lastreceiveddatetimeflag":1,"tripposition":3}]},{"routeid":5365,"stationid":22030,"stationname":"Hennur Cross","from":"Depot-48 Gate","to":"Hosakote Bus Stand (Old)","routeno":"500-HK D48G-TNF-HSK","distance_on_station":5.228,"centerlat":13.03157,"centerlong":77.63592,"responsecode":200,"isnotify":0,"vehicleDetails":[{"vehicleid":25726,"vehiclenumber":"KA57F5350","servicetypeid":72,"servicetype":"Non AC/Ordinary","centerlat":12.971406,"centerlong":77.586917,"eta":"","sch_arrivaltime":"15:05","sch_departuretime":"15:05","actual_arrivaltime":"","actual_departuretime":"","sch_tripstarttime":"14:51","sch_tripendtime":"14:51","lastlocationid":0,"currentlocationid":35921,"nextlocationid":0,"currentstop":null,"nextstop":null,"laststop":null,"stopCoveredStatus":0,"heading":174,"lastrefreshon":"05-10-2023 17:09:31","lastreceiveddatetimeflag":1,"tripposition":3}]},{"routeid":5365,"stationid":25862,"stationname":"Hennuru Petrol Bunk","from":"Depot-48 Gate","to":"Hosakote Bus Stand (Old)","routeno":"500-HK D48G-TNF-HSK","distance_on_station":5.845,"centerlat":13.03296,"centerlong":77.63752,"responsecode":200,"isnotify":0,"vehicleDetails":[{"vehicleid":25726,"vehiclenumber":"KA57F5350","servicetypeid":72,"servicetype":"Non AC/Ordinary","centerlat":12.971406,"centerlong":77.586917,"eta":"","sch_arrivaltime":"15:07","sch_departuretime":"15:07","actual_arrivaltime":"","actual_departuretime":"","sch_tripstarttime":"14:51","sch_tripendtime":"14:51","lastlocationid":0,"currentlocationid":35921,"nextlocationid":0,"currentstop":null,"nextstop":null,"laststop":null,"stopCoveredStatus":0,"heading":174,"lastrefreshon":"05-10-2023 17:09:31","lastreceiveddatetimeflag":1,"tripposition":3}]},{"routeid":5365,"stationid":35921,"stationname":"Hennur Junction","from":"Depot-48 Gate","to":"Hosakote Bus Stand (Old)","routeno":"500-HK D48G-TNF-HSK","distance_on_station":6.49,"centerlat":13.02812,"centerlong":77.63316,"responsecode":200,"isnotify":0,"vehicleDetails":[{"vehicleid":25726,"vehiclenumber":"KA57F5350","servicetypeid":72,"servicetype":"Non AC/Ordinary","centerlat":12.971406,"centerlong":77.586917,"eta":"","sch_arrivaltime":"15:09","sch_departuretime":"15:09","actual_arrivaltime":"","actual_departuretime":"","sch_tripstarttime":"14:51","sch_tripendtime":"14:51","lastlocationid":0,"currentlocationid":35921,"nextlocationid":0,"currentstop":null,"nextstop":null,"laststop":null,"stopCoveredStatus":0,"heading":174,"lastrefreshon":"05-10-2023 17:09:31","lastreceiveddatetimeflag":1,"tripposition":3}]},{"routeid":5365,"stationid":20903,"stationname":"Kalyananagara","from":"Depot-48 Gate","to":"Hosakote Bus Stand (Old)","routeno":"500-HK D48G-TNF-HSK","distance_on_station":7.09,"centerlat":13.02654,"centerlong":77.63688,"responsecode":200,"isnotify":0,"vehicleDetails":[{"vehicleid":25726,"vehiclenumber":"KA57F5350","servicetypeid":72,"servicetype":"Non AC/Ordinary","centerlat":12.971406,"centerlong":77.586917,"eta":"","sch_arrivaltime":"15:10","sch_departuretime":"15:10","actual_arrivaltime":"","actual_departuretime":"","sch_tripstarttime":"14:51","sch_tripendtime":"14:51","lastlocationid":0,"currentlocationid":35921,"nextlocationid":0,"currentstop":null,"nextstop":null,"laststop":null,"stopCoveredStatus":0,"heading":174,"lastrefreshon":"05-10-2023 17:09:31","lastreceiveddatetimeflag":1,"tripposition":3}]},{"routeid":5365,"stationid":20588,"stationname":"80 feet Road Kalyananagara","from":"Depot-48 Gate","to":"Hosakote Bus Stand (Old)","routeno":"500-HK D48G-TNF-HSK","distance_on_station":7.322,"centerlat":13.02564,"centerlong":77.6406,"responsecode":200,"isnotify":0,"vehicleDetails":[{"vehicleid":25726,"vehiclenumber":"KA57F5350","servicetypeid":72,"servicetype":"Non AC/Ordinary","centerlat":12.971406,"centerlong":77.586917,"eta":"","sch_arrivaltime":"15:11","sch_departuretime":"15:11","actual_arrivaltime":"","actual_departuretime":"","sch_tripstarttime":"14:51","sch_tripendtime":"14:51","lastlocationid":0,"currentlocationid":35921,"nextlocationid":0,"currentstop":null,"nextstop":null,"laststop":null,"stopCoveredStatus":0,"heading":174,"lastrefreshon":"05-10-2023 17:09:31","lastreceiveddatetimeflag":1,"tripposition":3}]},{"routeid":5365,"stationid":20618,"stationname":"Babusabpalya","from":"Depot-48 Gate","to":"Hosakote Bus Stand (Old)","routeno":"500-HK D48G-TNF-HSK","distance_on_station":8.021,"centerlat":13.02274,"centerlong":77.64721,"responsecode":200,"isnotify":0,"vehicleDetails":[{"vehicleid":25726,"vehiclenumber":"KA57F5350","servicetypeid":72,"servicetype":"Non AC/Ordinary","centerlat":12.971406,"centerlong":77.586917,"eta":"","sch_arrivaltime":"15:12","sch_departuretime":"15:12","actual_arrivaltime":"","actual_departuretime":"","sch_tripstarttime":"14:51","sch_tripendtime":"14:51","lastlocationid":0,"currentlocationid":35921,"nextlocationid":0,"currentstop":null,"nextstop":null,"laststop":null,"stopCoveredStatus":0,"heading":174,"lastrefreshon":"05-10-2023 17:09:31","lastreceiveddatetimeflag":1,"tripposition":3}]},{"routeid":5365,"stationid":20838,"stationname":"Horamavu","from":"Depot-48 Gate","to":"Hosakote Bus Stand (Old)","routeno":"500-HK D48G-TNF-HSK","distance_on_station":8.781,"centerlat":13.01966,"centerlong":77.65437,"responsecode":200,"isnotify":0,"vehicleDetails":[{"vehicleid":25726,"vehiclenumber":"KA57F5350","servicetypeid":72,"servicetype":"Non AC/Ordinary","centerlat":12.971406,"centerlong":77.586917,"eta":"","sch_arrivaltime":"15:13","sch_departuretime":"15:13","actual_arrivaltime":"","actual_departuretime":"","sch_tripstarttime":"14:51","sch_tripendtime":"14:51","lastlocationid":0,"currentlocationid":35921,"nextlocationid":0,"currentstop":null,"nextstop":null,"laststop":null,"stopCoveredStatus":0,"heading":174,"lastrefreshon":"05-10-2023 17:09:31","lastreceiveddatetimeflag":1,"tripposition":3}]},{"routeid":5365,"stationid":21263,"stationname":"Vijaya Bank Colony Ring Road","from":"Depot-48 Gate","to":"Hosakote Bus Stand (Old)","routeno":"500-HK D48G-TNF-HSK","distance_on_station":9.363,"centerlat":13.01726,"centerlong":77.65992,"responsecode":200,"isnotify":0,"vehicleDetails":[{"vehicleid":25726,"vehiclenumber":"KA57F5350","servicetypeid":72,"servicetype":"Non AC/Ordinary","centerlat":12.971406,"centerlong":77.586917,"eta":"","sch_arrivaltime":"15:14","sch_departuretime":"15:14","actual_arrivaltime":"","actual_departuretime":"","sch_tripstarttime":"14:51","sch_tripendtime":"14:51","lastlocationid":0,"currentlocationid":35921,"nextlocationid":0,"currentstop":null,"nextstop":null,"laststop":null,"stopCoveredStatus":0,"heading":174,"lastrefreshon":"05-10-2023 17:09:31","lastreceiveddatetimeflag":1,"tripposition":3}]},{"routeid":5365,"stationid":20614,"stationname":"B Channasandra Bridge(Ramamurthy Nagara Ring Road)","from":"Depot-48 Gate","to":"Hosakote Bus Stand (Old)","routeno":"500-HK D48G-TNF-HSK","distance_on_station":10.088,"centerlat":13.01128,"centerlong":77.66242,"responsecode":200,"isnotify":0,"vehicleDetails":[{"vehicleid":25726,"vehiclenumber":"KA57F5350","servicetypeid":72,"servicetype":"Non AC/Ordinary","centerlat":12.971406,"centerlong":77.586917,"eta":"","sch_arrivaltime":"15:15","sch_departuretime":"15:15","actual_arrivaltime":"","actual_departuretime":"","sch_tripstarttime":"14:51","sch_tripendtime":"14:51","lastlocationid":0,"currentlocationid":35921,"nextlocationid":0,"currentstop":null,"nextstop":null,"laststop":null,"stopCoveredStatus":0,"heading":174,"lastrefreshon":"05-10-2023 17:09:31","lastreceiveddatetimeflag":1,"tripposition":3}]},{"routeid":5365,"stationid":20914,"stationname":"Kasthurinagara","from":"Depot-48 Gate","to":"Hosakote Bus Stand (Old)","routeno":"500-HK D48G-TNF-HSK","distance_on_station":10.813,"centerlat":13.004,"centerlong":77.66328,"responsecode":200,"isnotify":0,"vehicleDetails":[{"vehicleid":25726,"vehiclenumber":"KA57F5350","servicetypeid":72,"servicetype":"Non AC/Ordinary","centerlat":12.971406,"centerlong":77.586917,"eta":"","sch_arrivaltime":"15:16","sch_departuretime":"15:16","actual_arrivaltime":"","actual_departuretime":"","sch_tripstarttime":"14:51","sch_tripendtime":"14:51","lastlocationid":0,"currentlocationid":35921,"nextlocationid":0,"currentstop":null,"nextstop":null,"laststop":null,"stopCoveredStatus":0,"heading":174,"lastrefreshon":"05-10-2023 17:09:31","lastreceiveddatetimeflag":1,"tripposition":3}]},{"routeid":5365,"stationid":21229,"stationname":"Tin Factory","from":"Depot-48 Gate","to":"Hosakote Bus Stand (Old)","routeno":"500-HK D48G-TNF-HSK","distance_on_station":12.094,"centerlat":12.99698,"centerlong":77.66937,"responsecode":200,"isnotify":0,"vehicleDetails":[{"vehicleid":25726,"vehiclenumber":"KA57F5350","servicetypeid":72,"servicetype":"Non AC/Ordinary","centerlat":12.971406,"centerlong":77.586917,"eta":"","sch_arrivaltime":"15:18","sch_departuretime":"15:18","actual_arrivaltime":"","actual_departuretime":"","sch_tripstarttime":"14:51","sch_tripendtime":"14:51","lastlocationid":0,"currentlocationid":35921,"nextlocationid":0,"currentstop":null,"nextstop":null,"laststop":null,"stopCoveredStatus":0,"heading":174,"lastrefreshon":"05-10-2023 17:09:31","lastreceiveddatetimeflag":1,"tripposition":3}]},{"routeid":5365,"stationid":20863,"stationname":"ITI Colony Gate","from":"Depot-48 Gate","to":"Hosakote Bus Stand (Old)","routeno":"500-HK D48G-TNF-HSK","distance_on_station":13.866,"centerlat":13.00532,"centerlong":77.68522,"responsecode":200,"isnotify":0,"vehicleDetails":[{"vehicleid":25726,"vehiclenumber":"KA57F5350","servicetypeid":72,"servicetype":"Non AC/Ordinary","centerlat":12.971406,"centerlong":77.586917,"eta":"","sch_arrivaltime":"15:21","sch_departuretime":"15:21","actual_arrivaltime":"","actual_departuretime":"","sch_tripstarttime":"14:51","sch_tripendtime":"14:51","lastlocationid":0,"currentlocationid":35921,"nextlocationid":0,"currentstop":null,"nextstop":null,"laststop":null,"stopCoveredStatus":0,"heading":174,"lastrefreshon":"05-10-2023 17:09:31","lastreceiveddatetimeflag":1,"tripposition":3}]},{"routeid":5365,"stationid":22205,"stationname":"Krishnaraja Pura Govt Hospital","from":"Depot-48 Gate","to":"Hosakote Bus Stand (Old)","routeno":"500-HK D48G-TNF-HSK","distance_on_station":14.6,"centerlat":13.00821,"centerlong":77.69214,"responsecode":200,"isnotify":0,"vehicleDetails":[{"vehicleid":25726,"vehiclenumber":"KA57F5350","servicetypeid":72,"servicetype":"Non AC/Ordinary","centerlat":12.971406,"centerlong":77.586917,"eta":"","sch_arrivaltime":"15:22","sch_departuretime":"15:22","actual_arrivaltime":"","actual_departuretime":"","sch_tripstarttime":"14:51","sch_tripendtime":"14:51","lastlocationid":0,"currentlocationid":35921,"nextlocationid":0,"currentstop":null,"nextstop":null,"laststop":null,"stopCoveredStatus":0,"heading":174,"lastrefreshon":"05-10-2023 17:09:31","lastreceiveddatetimeflag":1,"tripposition":3}]}],"mapData":[{"vehicleid":25726,"vehiclenumber":"KA57F5350","servicetypeid":72,"servicetype":"Non AC/Ordinary","centerlat":12.971406,"centerlong":77.586917,"eta":"","sch_arrivaltime":"15:22","sch_departuretime":"15:22","actual_arrivaltime":"","actual_departuretime":"","sch_tripstarttime":"14:51","sch_tripendtime":"14:51","lastlocationid":0,"currentlocationid":35921,"nextlocationid":0,"currentstop":null,"nextstop":null,"laststop":null,"stopCoveredStatus":0,"heading":174,"lastrefreshon":"05-10-2023 17:09:31","lastreceiveddatetimeflag":1,"tripposition":3}]},"down":{"data":[],"mapData":[]},"message":"Success","issuccess":true,"exception":null,"rowCount":0,"responsecode":200}