{"up":{"data":[],"mapData":[]},"down":{"data":[{"routeid":13054,"stationid":22430,"stationname":"RK Hegde Nagara","from":"5th Phase Yelahanka New Town","to":"Krishnaraja Pura Govt Hospital","routeno":"507-DY KRPGH-YSTF","distance_on_station":0,"centerlat":13.07161,"centerlong":77.63376,"responsecode":200,"isnotify":0,"vehicleDetails":[{"vehicleid":15539,"vehiclenumber":"KA57F4816","servicetypeid":72,"servicetype":"Non AC/Ordinary","centerlat":13.034494,"centerlong":77.622748,"eta":"","sch_arrivaltime":"17:47","sch_departuretime":"17:47","actual_arrivaltime":"","actual_departuretime":"","sch_tripstarttime":"17:20","sch_tripendtime":"17:20","lastlocationid":0,"currentlocationid":20815,"nextlocationid":0,"currentstop":null,"nextstop":null,"laststop":null,"stopCoveredStatus":0,"heading":20,"lastrefreshon":"05-10-2023 17:12:21","lastreceiveddatetimeflag":1,"tripposition":1}]},{"routeid":13054,"stationid":22126,"stationname":"K Narayanapura Cross","from":"5th Phase Yelahanka New Town","to":"Krishnaraja Pura Govt Hospital","routeno":"507-DY KRPGH-YSTF","distance_on_station":0.329,"centerlat":13.06833,"centerlong":77.63375,"responsecode":200,"isnotify":0,"vehicleDetails":[{"vehicleid":15539,"vehiclenumber":"KA57F4816","servicetypeid":72,"servicetype":"Non AC/Ordinary","centerlat":13.034494,"centerlong":77.622748,"eta":"","sch_arrivaltime":"17:48","sch_departuretime":"17:48","actual_arrivaltime":"","actual_departuretime":"","sch_tripstarttime":"17:20","sch_tripendtime":"17:20","lastlocationid":0,"currentlocationid":20815,"nextlocationid":0,"currentstop":null,"nextstop":null,"laststop":null,"stopCoveredStatus":0,"heading":20,"lastrefreshon":"05-10-2023 17:12:21","lastreceiveddatetimeflag":1,"tripposition":3}]},{"routeid":13054,"stationid":21778,"stationname":"Book Factory Thanisandra","from":"5th Phase Yelahanka New Town","to":"Krishnaraja Pura Govt Hospital","routeno":"507-DY KRPGH-YSTF","distance_on_station":1.023,"centerlat":13.06159,"centerlong":77.63336,"responsecode":200,"isnotify":0,"vehicleDetails":[{"vehicleid":15539,"vehiclenumber":"KA57F4816","servicetypeid":72,"servicetype":"Non AC/Ordinary","centerlat":13.034494,"centerlong":77.622748,"eta":"","sch_arrivaltime":"17:50","sch_departuretime":"17:50","actual_arrivaltime":"","actual_departuretime":"","sch_tripstarttime":"17:20","sch_tripendtime":"17:20","lastlocationid":0,"currentlocationid":20815,"nextlocationid":0,"currentstop":null,"nextstop":null,"laststop":null,"stopCoveredStatus":0,"heading":20,"lastrefreshon":"05-10-2023 17:12:21","lastreceiveddatetimeflag":1,"tripposition":3}]},{"routeid":13054,"stationid":22541,"stationname":"Thanisandra","from":"5th Phase Yelahanka New Town","to":"Krishnaraja Pura Govt Hospital","routeno":"507-DY KRPGH-YSTF","distance_on_station":1.581,"centerlat":13.05612,"centerlong":77.6329,"responsecode":200,"isnotify":0,"vehicleDetails":[{"vehicleid":15539,"vehiclenumber":"KA57F4816","servicetypeid":72,"servicetype":"Non AC/Ordinary","centerlat":13.034494,"centerlong":77.622748,"eta":"","sch_arrivaltime":"17:51","sch_departuretime":"17:51","actual_arrivaltime":"","actual_departuretime":"","sch_tripstarttime":"17:20","sch_tripendtime":"17:20","lastlocationid":0,"currentlocationid":20815,"nextlocationid":0,"currentstop":null,"nextstop":null,"laststop":null,"stopCoveredStatus":0,"heading":20,"lastrefreshon":"05-10-2023 17:12:21","lastreceiveddatetimeflag":1,"tripposition":3}]},{"routeid":13054,"stationid":21666,"stationname":"Ashwath Nagara","from":"5th Phase Yelahanka New Town","to":"Krishnaraja Pura Govt Hospital","routeno":"507-DY KRPGH-YSTF","distance_on_station":1.964,"centerlat":13.05289,"centerlong":77.63144,"responsecode":200,"isnotify":0,"vehicleDetails":[{"vehicleid":15539,"vehiclenumber":"KA57F4816","servicetypeid":72,"servicetype":"Non AC/Ordinary","centerlat":13.034494,"centerlong":77.622748,"eta":"","sch_arrivaltime":"17:52","sch_departuretime":"17:52","actual_arrivaltime":"","actual_departuretime":"","sch_tripstarttime":"17:20","sch_tripendtime":"17:20","lastlocationid":0,"currentlocationid":20815,"nextlocationid":0,"currentstop":null,"nextstop":null,"laststop":null,"stopCoveredStatus":0,"heading":20,"lastrefreshon":"05-10-2023 17:12:21","lastreceiveddatetimeflag":1,"tripposition":3}]},{"routeid":13054,"stationid":28167,"stationname":"Sarayipalya","from":"5th Phase Yelahanka New Town","to":"Krishnaraja Pura Govt Hospital","routeno":"507-DY KRPGH-YSTF","distance_on_station":2.586,"centerlat":13.04745,"centerlong":77.62868,"responsecode":200,"isnotify":0,"vehicleDetails":[{"vehicleid":15539,"vehiclenumber":"KA57F4816","servicetypeid":72,"servicetype":"Non AC/Ordinary","centerlat":13.034494,"centerlong":77.622748,"eta":"","sch_arrivaltime":"17:53","sch_departuretime":"17:53","actual_arrivaltime":"","actual_departuretime":"","sch_tripstarttime":"17:20","sch_tripendtime":"17:20","lastlocationid":0,"currentlocationid":20815,"nextlocationid":0,"currentstop":null,"nextstop":null,"laststop":null,"stopCoveredStatus":0,"heading":20,"lastrefreshon":"05-10-2023 17:12:21","lastreceiveddatetimeflag":1,"tripposition":3}]},{"routeid":13054,"stationid":22601,"stationname":"Vidyasagara","from":"5th Phase Yelahanka New Town","to":"Krishnaraja Pura Govt Hospital","routeno":"507-DY KRPGH-YSTF","distance_on_station":2.805,"centerlat":13.04559,"centerlong":77.62758,"responsecode":200,"isnotify":0,"vehicleDetails":[{"vehicleid":15539,"vehiclenumber":"KA57F4816","servicetypeid":72,"servicetype":"Non AC/Ordinary","centerlat":13.034494,"centerlong":77.622748,"eta":"","sch_arrivaltime":"17:54","sch_departuretime":"17:54","actual_arrivaltime":"","actual_departuretime":"","sch_tripstarttime":"17:20","sch_tripendtime":"17:20","lastlocationid":0,"currentlocationid":20815,"nextlocationid":0,"currentstop":null,"nextstop":null,"laststop":null,"stopCoveredStatus":0,"heading":20,"lastrefreshon":"05-10-2023 17:12:21","lastreceiveddatetimeflag":1,"tripposition":3}]},{"routeid":13054,"stationid":22382,"stationname":"Nagavara Junction Petrol Bunk","from":"5th Phase Yelahanka New Town","to":"Krishnaraja Pura Govt Hospital","routeno":"507-DY KRPGH-YSTF","distance_on_station":3.262,"centerlat":13.04189,"centerlong":77.62498,"responsecode":200,"isnotify":0,"vehicleDetails":[{"vehicleid":15539,"vehiclenumber":"KA57F4816","servicetypeid":72,"servicetype":"Non AC/Ordinary","centerlat":13.034494,"centerlong":77.622748,"eta":"","sch_arrivaltime":"17:55","sch_departuretime":"17:55","actual_arrivaltime":"","actual_departuretime":"","sch_tripstarttime":"17:20","sch_tripendtime":"17:20","lastlocationid":0,"currentlocationid":20815,"nextlocationid":0,"currentstop":null,"nextstop":null,"laststop":null,"stopCoveredStatus":0,"heading":20,"lastrefreshon":"05-10-2023 17:12:21","lastreceiveddatetimeflag":1,"tripposition":3}]},{"routeid":13054,"stationid":20884,"stationname":"Nagawara Junction","from":"5th Phase Yelahanka New Town","to":"Krishnaraja Pura Govt Hospital","routeno":"507-DY KRPGH-YSTF","distance_on_station":3.445,"centerlat":13.0402,"centerlong":77.62454,"responsecode":200,"isnotify":0,"vehicleDetails":[{"vehicleid":15539,"vehiclenumber":"KA57F4816","servicetypeid":72,"servicetype":"Non AC/Ordinary","centerlat":13.034494,"centerlong":77.622748,"eta":"","sch_arrivaltime":"17:56","sch_departuretime":"17:56","actual_arrivaltime":"","actual_departuretime":"","sch_tripstarttime":"17:20","sch_tripendtime":"17:20","lastlocationid":0,"currentlocationid":20815,"nextlocationid":0,"currentstop":null,"nextstop":null,"laststop":null,"stopCoveredStatus":0,"heading":20,"lastrefreshon":"05-10-2023 17:12:21","lastreceiveddatetimeflag":1,"tripposition":3}]},{"routeid":13054,"stationid":20815,"stationname":"HBR Layout","from":"5th Phase Yelahanka New Town","to":"Krishnaraja Pura Govt Hospital","routeno":"507-DY KRPGH-YSTF","distance_on_station":4.103,"centerlat":13.03517,"centerlong":77.62857,"responsecode":200,"isnotify":0,"vehicleDetails":[{"vehicleid":15539,"vehiclenumber":"KA57F4816","servicetypeid":72,"servicetype":"Non AC/Ordinary","centerlat":13.034494,"centerlong":77.622748,"eta":"","sch_arrivaltime":"17:57","sch_departuretime":"17:57","actual_arrivaltime":"","actual_departuretime":"","sch_tripstarttime":"17:20","sch_tripendtime":"17:20","lastlocationid":0,"currentlocationid":20815,"nextlocationid":0,"currentstop":null,"nextstop":null,"laststop":null,"stopCoveredStatus":0,"heading":20,"lastrefreshon":"05-10-2023 17:12:21","lastreceiveddatetimeflag":1,"tripposition":3}]},{"routeid":13054,"stationid":21522,"stationname":"Hennur Junction","from":"5th Phase Yelahanka New Town","to":"Krishnaraja Pura Govt Hospital","routeno":"507-DY KRPGH-YSTF","distance_on_station":4.733,"centerlat":13.02964,"centerlong":77.63134,"responsecode":200,"isnotify":0,"vehicleDetails":[{"vehicleid":15539,"vehiclenumber":"KA57F4816","servicetypeid":72,"servicetype":"Non AC/Ordinary","centerlat":13.034494,"centerlong":77.622748,"eta":"","sch_arrivaltime":"17:58","sch_departuretime":"17:58","actual_arrivaltime":"","actual_departuretime":"","sch_tripstarttime":"17:20","sch_tripendtime":"17:20","lastlocationid":0,"currentlocationid":20815,"nextlocationid":0,"currentstop":null,"nextstop":null,"laststop":null,"stopCoveredStatus":0,"heading":20,"lastrefreshon":"05-10-2023 17:12:21","lastreceiveddatetimeflag":1,"tripposition":3}]},{"routeid":13054,"stationid":20903,"stationname":"Kalyananagara","from":"5th Phase Yelahanka New Town","to":"Krishnaraja Pura Govt Hospital","routeno":"507-DY KRPGH-YSTF","distance_on_station":5.4,"centerlat":13.02654,"centerlong":77.63688,"responsecode":200,"isnotify":0,"vehicleDetails":[{"vehicleid":15539,"vehiclenumber":"KA57F4816","servicetypeid":72,"servicetype":"Non AC/Ordinary","centerlat":13.034494,"centerlong":77.622748,"eta":"","sch_arrivaltime":"17:59","sch_departuretime":"17:59","actual_arrivaltime":"","actual_departuretime":"","sch_tripstarttime":"17:20","sch_tripendtime":"17:20","lastlocationid":0,"currentlocationid":20815,"nextlocationid":0,"currentstop":null,"nextstop":null,"laststop":null,"stopCoveredStatus":0,"heading":20,"lastrefreshon":"05-10-2023 17:12:21","lastreceiveddatetimeflag":1,"tripposition":1}]}],"mapData":[{"vehicleid":15539,"vehiclenumber":"KA57F4816","servicetypeid":72,"servicetype":"Non AC/Ordinary","centerlat":13.034494,"centerlong":77.622748,"eta":"","sch_arrivaltime":"17:59","sch_departuretime":"17:59","actual_arrivaltime":"","actual_departuretime":"","sch_tripstarttime":"17:20","sch_tripendtime":"17:20","lastlocationid":0,"currentlocationid":20815,"nextlocationid":0,"currentstop":null,"nextstop":null,"laststop":null,"stopCoveredStatus":0,"heading":20,"lastrefreshon":"05-10-2023 17:12:21","lastreceiveddatetimeflag":1,"tripposition":1}]},"message":"Success","issuccess":true,"exception":null,"rowCount":0,"responsecode":200}