{"up":{"data":[],"mapData":[]},"down":{"data":[{"routeid":6347,"stationid":20865,"stationname":"ITPL","from":"Kadugodi Bus Station","to":"Peenya 2nd Stage","routeno":"507-B","distance_on_station":0,"centerlat":12.98754,"centerlong":77.73636,"responsecode":200,"isnotify":0,"vehicleDetails":[{"vehicleid":18620,"vehiclenumber":"KA57F4200","servicetypeid":72,"servicetype":"Non AC/Ordinary","centerlat":13.020214,"centerlong":77.500603,"eta":"","sch_arrivaltime":"10:12","sch_departuretime":"10:12","actual_arrivaltime":"","actual_departuretime":"","sch_tripstarttime":"10:00","sch_tripendtime":"10:00","lastlocationid":0,"currentlocationid":20567,"nextlocationid":0,"currentstop":null,"nextstop":null,"laststop":null,"stopCoveredStatus":1,"heading":134,"lastrefreshon":"30-08-2024 12:54:50","lastreceiveddatetimeflag":0,"tripposition":1}]},{"routeid":6347,"stationid":21078,"stationname":"Pattandur Agrahara Gate","from":"Kadugodi Bus Station","to":"Peenya 2nd Stage","routeno":"507-B","distance_on_station":0.312,"centerlat":12.9878,"centerlong":77.73366,"responsecode":200,"isnotify":0,"vehicleDetails":[{"vehicleid":18620,"vehiclenumber":"KA57F4200","servicetypeid":72,"servicetype":"Non AC/Ordinary","centerlat":13.020214,"centerlong":77.500603,"eta":"","sch_arrivaltime":"10:14","sch_departuretime":"10:14","actual_arrivaltime":"10:02","actual_departuretime":"10:02","sch_tripstarttime":"10:00","sch_tripendtime":"10:00","lastlocationid":0,"currentlocationid":20567,"nextlocationid":0,"currentstop":null,"nextstop":null,"laststop":null,"stopCoveredStatus":1,"heading":134,"lastrefreshon":"30-08-2024 12:54:50","lastreceiveddatetimeflag":0,"tripposition":1}]},{"routeid":6347,"stationid":21768,"stationname":"Big Bazzar ITPL","from":"Kadugodi Bus Station","to":"Peenya 2nd Stage","routeno":"507-B","distance_on_station":0.677,"centerlat":12.98827,"centerlong":77.73061,"responsecode":200,"isnotify":0,"vehicleDetails":[{"vehicleid":18620,"vehiclenumber":"KA57F4200","servicetypeid":72,"servicetype":"Non AC/Ordinary","centerlat":13.020214,"centerlong":77.500603,"eta":"","sch_arrivaltime":"10:15","sch_departuretime":"10:15","actual_arrivaltime":"10:16","actual_departuretime":"10:16","sch_tripstarttime":"10:00","sch_tripendtime":"10:00","lastlocationid":0,"currentlocationid":20567,"nextlocationid":0,"currentstop":null,"nextstop":null,"laststop":null,"stopCoveredStatus":1,"heading":134,"lastrefreshon":"30-08-2024 12:54:50","lastreceiveddatetimeflag":0,"tripposition":1}]},{"routeid":6347,"stationid":37983,"stationname":"Prestige Shantiniketana /Manipal Hospital","from":"Kadugodi Bus Station","to":"Peenya 2nd Stage","routeno":"507-B","distance_on_station":0.936,"centerlat":12.98872,"centerlong":77.72844,"responsecode":200,"isnotify":0,"vehicleDetails":[{"vehicleid":18620,"vehiclenumber":"KA57F4200","servicetypeid":72,"servicetype":"Non AC/Ordinary","centerlat":13.020214,"centerlong":77.500603,"eta":"","sch_arrivaltime":"10:16","sch_departuretime":"10:16","actual_arrivaltime":"10:17","actual_departuretime":"10:17","sch_tripstarttime":"10:00","sch_tripendtime":"10:00","lastlocationid":0,"currentlocationid":20567,"nextlocationid":0,"currentstop":null,"nextstop":null,"laststop":null,"stopCoveredStatus":1,"heading":134,"lastrefreshon":"30-08-2024 12:54:50","lastreceiveddatetimeflag":0,"tripposition":1}]},{"routeid":6347,"stationid":22411,"stationname":"Rajapalya","from":"Kadugodi Bus Station","to":"Peenya 2nd Stage","routeno":"507-B","distance_on_station":1.882,"centerlat":12.99138,"centerlong":77.72084,"responsecode":200,"isnotify":0,"vehicleDetails":[{"vehicleid":18620,"vehiclenumber":"KA57F4200","servicetypeid":72,"servicetype":"Non AC/Ordinary","centerlat":13.020214,"centerlong":77.500603,"eta":"","sch_arrivaltime":"10:18","sch_departuretime":"10:18","actual_arrivaltime":"10:19","actual_departuretime":"10:19","sch_tripstarttime":"10:00","sch_tripendtime":"10:00","lastlocationid":0,"currentlocationid":20567,"nextlocationid":0,"currentstop":null,"nextstop":null,"laststop":null,"stopCoveredStatus":1,"heading":134,"lastrefreshon":"30-08-2024 12:54:50","lastreceiveddatetimeflag":0,"tripposition":1}]},{"routeid":6347,"stationid":35198,"stationname":"Hoodi","from":"Kadugodi Bus Station","to":"Peenya 2nd Stage","routeno":"507-B","distance_on_station":2.516,"centerlat":12.99191,"centerlong":77.71576,"responsecode":200,"isnotify":0,"vehicleDetails":[{"vehicleid":18620,"vehiclenumber":"KA57F4200","servicetypeid":72,"servicetype":"Non AC/Ordinary","centerlat":13.020214,"centerlong":77.500603,"eta":"","sch_arrivaltime":"10:19","sch_departuretime":"10:19","actual_arrivaltime":"10:21","actual_departuretime":"10:21","sch_tripstarttime":"10:00","sch_tripendtime":"10:00","lastlocationid":0,"currentlocationid":20567,"nextlocationid":0,"currentstop":null,"nextstop":null,"laststop":null,"stopCoveredStatus":1,"heading":134,"lastrefreshon":"30-08-2024 12:54:50","lastreceiveddatetimeflag":0,"tripposition":1}]},{"routeid":6347,"stationid":38419,"stationname":"Hoodi Metro Station","from":"Kadugodi Bus Station","to":"Peenya 2nd Stage","routeno":"507-B","distance_on_station":3.151,"centerlat":12.98863,"centerlong":77.7115,"responsecode":200,"isnotify":0,"vehicleDetails":[{"vehicleid":18620,"vehiclenumber":"KA57F4200","servicetypeid":72,"servicetype":"Non AC/Ordinary","centerlat":13.020214,"centerlong":77.500603,"eta":"","sch_arrivaltime":"10:21","sch_departuretime":"10:21","actual_arrivaltime":"10:22","actual_departuretime":"10:23","sch_tripstarttime":"10:00","sch_tripendtime":"10:00","lastlocationid":0,"currentlocationid":20567,"nextlocationid":0,"currentstop":null,"nextstop":null,"laststop":null,"stopCoveredStatus":1,"heading":134,"lastrefreshon":"30-08-2024 12:54:50","lastreceiveddatetimeflag":0,"tripposition":1}]},{"routeid":6347,"stationid":33145,"stationname":"Graphite Junction","from":"Kadugodi Bus Station","to":"Peenya 2nd Stage","routeno":"507-B","distance_on_station":3.796,"centerlat":12.98524,"centerlong":77.70808,"responsecode":200,"isnotify":0,"vehicleDetails":[{"vehicleid":18620,"vehiclenumber":"KA57F4200","servicetypeid":72,"servicetype":"Non AC/Ordinary","centerlat":13.020214,"centerlong":77.500603,"eta":"","sch_arrivaltime":"10:24","sch_departuretime":"10:24","actual_arrivaltime":"10:23","actual_departuretime":"10:24","sch_tripstarttime":"10:00","sch_tripendtime":"10:00","lastlocationid":0,"currentlocationid":20567,"nextlocationid":0,"currentstop":null,"nextstop":null,"laststop":null,"stopCoveredStatus":1,"heading":134,"lastrefreshon":"30-08-2024 12:54:50","lastreceiveddatetimeflag":0,"tripposition":1}]},{"routeid":6347,"stationid":21782,"stationname":"Brook Steel ESI","from":"Kadugodi Bus Station","to":"Peenya 2nd Stage","routeno":"507-B","distance_on_station":4.786,"centerlat":12.99295,"centerlong":77.70547,"responsecode":200,"isnotify":0,"vehicleDetails":[{"vehicleid":18620,"vehiclenumber":"KA57F4200","servicetypeid":72,"servicetype":"Non AC/Ordinary","centerlat":13.020214,"centerlong":77.500603,"eta":"","sch_arrivaltime":"10:25","sch_departuretime":"10:25","actual_arrivaltime":"10:25","actual_departuretime":"10:26","sch_tripstarttime":"10:00","sch_tripendtime":"10:00","lastlocationid":0,"currentlocationid":20567,"nextlocationid":0,"currentstop":null,"nextstop":null,"laststop":null,"stopCoveredStatus":1,"heading":134,"lastrefreshon":"30-08-2024 12:54:50","lastreceiveddatetimeflag":0,"tripposition":1}]},{"routeid":6347,"stationid":21954,"stationname":"Garudacharpalya","from":"Kadugodi Bus Station","to":"Peenya 2nd Stage","routeno":"507-B","distance_on_station":5.237,"centerlat":12.99388,"centerlong":77.70172,"responsecode":200,"isnotify":0,"vehicleDetails":[{"vehicleid":18620,"vehiclenumber":"KA57F4200","servicetypeid":72,"servicetype":"Non AC/Ordinary","centerlat":13.020214,"centerlong":77.500603,"eta":"","sch_arrivaltime":"10:26","sch_departuretime":"10:26","actual_arrivaltime":"10:26","actual_departuretime":"10:27","sch_tripstarttime":"10:00","sch_tripendtime":"10:00","lastlocationid":0,"currentlocationid":20567,"nextlocationid":0,"currentstop":null,"nextstop":null,"laststop":null,"stopCoveredStatus":1,"heading":134,"lastrefreshon":"30-08-2024 12:54:50","lastreceiveddatetimeflag":0,"tripposition":1}]},{"routeid":6347,"stationid":22493,"stationname":"Singaianapalya Phoenix","from":"Kadugodi Bus Station","to":"Peenya 2nd Stage","routeno":"507-B","distance_on_station":6.001,"centerlat":12.99542,"centerlong":77.6954,"responsecode":200,"isnotify":0,"vehicleDetails":[{"vehicleid":18620,"vehiclenumber":"KA57F4200","servicetypeid":72,"servicetype":"Non AC/Ordinary","centerlat":13.020214,"centerlong":77.500603,"eta":"","sch_arrivaltime":"10:27","sch_departuretime":"10:27","actual_arrivaltime":"10:28","actual_departuretime":"10:28","sch_tripstarttime":"10:00","sch_tripendtime":"10:00","lastlocationid":0,"currentlocationid":20567,"nextlocationid":0,"currentstop":null,"nextstop":null,"laststop":null,"stopCoveredStatus":1,"heading":134,"lastrefreshon":"30-08-2024 12:54:50","lastreceiveddatetimeflag":0,"tripposition":1}]},{"routeid":6347,"stationid":22238,"stationname":"Mahadevapura","from":"Kadugodi Bus Station","to":"Peenya 2nd Stage","routeno":"507-B","distance_on_station":6.592,"centerlat":12.9972,"centerlong":77.69069,"responsecode":200,"isnotify":0,"vehicleDetails":[{"vehicleid":18620,"vehiclenumber":"KA57F4200","servicetypeid":72,"servicetype":"Non AC/Ordinary","centerlat":13.020214,"centerlong":77.500603,"eta":"","sch_arrivaltime":"10:28","sch_departuretime":"10:28","actual_arrivaltime":"10:29","actual_departuretime":"10:29","sch_tripstarttime":"10:00","sch_tripendtime":"10:00","lastlocationid":0,"currentlocationid":20567,"nextlocationid":0,"currentstop":null,"nextstop":null,"laststop":null,"stopCoveredStatus":1,"heading":134,"lastrefreshon":"30-08-2024 12:54:50","lastreceiveddatetimeflag":0,"tripposition":1}]},{"routeid":6347,"stationid":21113,"stationname":"KR Pura Railway Station","from":"Kadugodi Bus Station","to":"Peenya 2nd Stage","routeno":"507-B","distance_on_station":8.367,"centerlat":12.99998,"centerlong":77.67654,"responsecode":200,"isnotify":0,"vehicleDetails":[{"vehicleid":18620,"vehiclenumber":"KA57F4200","servicetypeid":72,"servicetype":"Non AC/Ordinary","centerlat":13.020214,"centerlong":77.500603,"eta":"","sch_arrivaltime":"10:31","sch_departuretime":"10:31","actual_arrivaltime":"10:32","actual_departuretime":"10:33","sch_tripstarttime":"10:00","sch_tripendtime":"10:00","lastlocationid":0,"currentlocationid":20567,"nextlocationid":0,"currentstop":null,"nextstop":null,"laststop":null,"stopCoveredStatus":1,"heading":134,"lastrefreshon":"30-08-2024 12:54:50","lastreceiveddatetimeflag":0,"tripposition":1}]},{"routeid":6347,"stationid":21228,"stationname":"Tin Factory","from":"Kadugodi Bus Station","to":"Peenya 2nd Stage","routeno":"507-B","distance_on_station":9.399,"centerlat":12.99645,"centerlong":77.66857,"responsecode":200,"isnotify":0,"vehicleDetails":[{"vehicleid":18620,"vehiclenumber":"KA57F4200","servicetypeid":72,"servicetype":"Non AC/Ordinary","centerlat":13.020214,"centerlong":77.500603,"eta":"","sch_arrivaltime":"10:34","sch_departuretime":"10:34","actual_arrivaltime":"10:34","actual_departuretime":"10:35","sch_tripstarttime":"10:00","sch_tripendtime":"10:00","lastlocationid":0,"currentlocationid":20567,"nextlocationid":0,"currentstop":null,"nextstop":null,"laststop":null,"stopCoveredStatus":1,"heading":134,"lastrefreshon":"30-08-2024 12:54:50","lastreceiveddatetimeflag":0,"tripposition":1}]},{"routeid":6347,"stationid":20915,"stationname":"Kasthurinagara","from":"Kadugodi Bus Station","to":"Peenya 2nd Stage","routeno":"507-B","distance_on_station":10.883,"centerlat":13.00397,"centerlong":77.66313,"responsecode":200,"isnotify":0,"vehicleDetails":[{"vehicleid":18620,"vehiclenumber":"KA57F4200","servicetypeid":72,"servicetype":"Non AC/Ordinary","centerlat":13.020214,"centerlong":77.500603,"eta":"","sch_arrivaltime":"10:37","sch_departuretime":"10:37","actual_arrivaltime":"10:39","actual_departuretime":"10:39","sch_tripstarttime":"10:00","sch_tripendtime":"10:00","lastlocationid":0,"currentlocationid":20567,"nextlocationid":0,"currentstop":null,"nextstop":null,"laststop":null,"stopCoveredStatus":1,"heading":134,"lastrefreshon":"30-08-2024 12:54:50","lastreceiveddatetimeflag":0,"tripposition":1}]},{"routeid":6347,"stationid":22651,"stationname":"B Channasandra Bridge(Ramamurthy Nagara Ring Road)","from":"Kadugodi Bus Station","to":"Peenya 2nd Stage","routeno":"507-B","distance_on_station":11.754,"centerlat":13.0112,"centerlong":77.66232,"responsecode":200,"isnotify":0,"vehicleDetails":[{"vehicleid":18620,"vehiclenumber":"KA57F4200","servicetypeid":72,"servicetype":"Non AC/Ordinary","centerlat":13.020214,"centerlong":77.500603,"eta":"","sch_arrivaltime":"10:39","sch_departuretime":"10:39","actual_arrivaltime":"10:41","actual_departuretime":"10:41","sch_tripstarttime":"10:00","sch_tripendtime":"10:00","lastlocationid":0,"currentlocationid":20567,"nextlocationid":0,"currentstop":null,"nextstop":null,"laststop":null,"stopCoveredStatus":1,"heading":134,"lastrefreshon":"30-08-2024 12:54:50","lastreceiveddatetimeflag":0,"tripposition":1}]},{"routeid":6347,"stationid":21264,"stationname":"Vijaya Bank Colony Ring Road","from":"Kadugodi Bus Station","to":"Peenya 2nd Stage","routeno":"507-B","distance_on_station":12.571,"centerlat":13.01695,"centerlong":77.66021,"responsecode":200,"isnotify":0,"vehicleDetails":[{"vehicleid":18620,"vehiclenumber":"KA57F4200","servicetypeid":72,"servicetype":"Non AC/Ordinary","centerlat":13.020214,"centerlong":77.500603,"eta":"","sch_arrivaltime":"10:40","sch_departuretime":"10:40","actual_arrivaltime":"10:43","actual_departuretime":"10:43","sch_tripstarttime":"10:00","sch_tripendtime":"10:00","lastlocationid":0,"currentlocationid":20567,"nextlocationid":0,"currentstop":null,"nextstop":null,"laststop":null,"stopCoveredStatus":1,"heading":134,"lastrefreshon":"30-08-2024 12:54:50","lastreceiveddatetimeflag":0,"tripposition":1}]},{"routeid":6347,"stationid":20839,"stationname":"Horamavu","from":"Kadugodi Bus Station","to":"Peenya 2nd Stage","routeno":"507-B","distance_on_station":13.378,"centerlat":13.01969,"centerlong":77.6539,"responsecode":200,"isnotify":0,"vehicleDetails":[{"vehicleid":18620,"vehiclenumber":"KA57F4200","servicetypeid":72,"servicetype":"Non AC/Ordinary","centerlat":13.020214,"centerlong":77.500603,"eta":"","sch_arrivaltime":"10:41","sch_departuretime":"10:41","actual_arrivaltime":"","actual_departuretime":"","sch_tripstarttime":"10:00","sch_tripendtime":"10:00","lastlocationid":0,"currentlocationid":20567,"nextlocationid":0,"currentstop":null,"nextstop":null,"laststop":null,"stopCoveredStatus":1,"heading":134,"lastrefreshon":"30-08-2024 12:54:50","lastreceiveddatetimeflag":0,"tripposition":3}]},{"routeid":6347,"stationid":20617,"stationname":"Babusabpalya","from":"Kadugodi Bus Station","to":"Peenya 2nd Stage","routeno":"507-B","distance_on_station":14.249,"centerlat":13.0226,"centerlong":77.64702,"responsecode":200,"isnotify":0,"vehicleDetails":[{"vehicleid":18620,"vehiclenumber":"KA57F4200","servicetypeid":72,"servicetype":"Non AC/Ordinary","centerlat":13.020214,"centerlong":77.500603,"eta":"","sch_arrivaltime":"10:42","sch_departuretime":"10:42","actual_arrivaltime":"10:47","actual_departuretime":"10:47","sch_tripstarttime":"10:00","sch_tripendtime":"10:00","lastlocationid":0,"currentlocationid":20567,"nextlocationid":0,"currentstop":null,"nextstop":null,"laststop":null,"stopCoveredStatus":1,"heading":134,"lastrefreshon":"30-08-2024 12:54:50","lastreceiveddatetimeflag":0,"tripposition":1}]},{"routeid":6347,"stationid":21450,"stationname":"80 feet Road Kalyananagara","from":"Kadugodi Bus Station","to":"Peenya 2nd Stage","routeno":"507-B","distance_on_station":15.088,"centerlat":13.02546,"centerlong":77.64042,"responsecode":200,"isnotify":0,"vehicleDetails":[{"vehicleid":18620,"vehiclenumber":"KA57F4200","servicetypeid":72,"servicetype":"Non AC/Ordinary","centerlat":13.020214,"centerlong":77.500603,"eta":"","sch_arrivaltime":"10:43","sch_departuretime":"10:43","actual_arrivaltime":"","actual_departuretime":"","sch_tripstarttime":"10:00","sch_tripendtime":"10:00","lastlocationid":0,"currentlocationid":20567,"nextlocationid":0,"currentstop":null,"nextstop":null,"laststop":null,"stopCoveredStatus":1,"heading":134,"lastrefreshon":"30-08-2024 12:54:50","lastreceiveddatetimeflag":0,"tripposition":3}]},{"routeid":6347,"stationid":20904,"stationname":"Kalyananagara","from":"Kadugodi Bus Station","to":"Peenya 2nd Stage","routeno":"507-B","distance_on_station":15.572,"centerlat":13.0264,"centerlong":77.63642,"responsecode":200,"isnotify":0,"vehicleDetails":[{"vehicleid":18620,"vehiclenumber":"KA57F4200","servicetypeid":72,"servicetype":"Non AC/Ordinary","centerlat":13.020214,"centerlong":77.500603,"eta":"","sch_arrivaltime":"10:44","sch_departuretime":"10:44","actual_arrivaltime":"10:49","actual_departuretime":"10:49","sch_tripstarttime":"10:00","sch_tripendtime":"10:00","lastlocationid":0,"currentlocationid":20567,"nextlocationid":0,"currentstop":null,"nextstop":null,"laststop":null,"stopCoveredStatus":1,"heading":134,"lastrefreshon":"30-08-2024 12:54:50","lastreceiveddatetimeflag":0,"tripposition":1}]},{"routeid":6347,"stationid":21528,"stationname":"Hennur Junction","from":"Kadugodi Bus Station","to":"Peenya 2nd Stage","routeno":"507-B","distance_on_station":16.314,"centerlat":13.02948,"centerlong":77.63125,"responsecode":200,"isnotify":0,"vehicleDetails":[{"vehicleid":18620,"vehiclenumber":"KA57F4200","servicetypeid":72,"servicetype":"Non AC/Ordinary","centerlat":13.020214,"centerlong":77.500603,"eta":"","sch_arrivaltime":"10:45","sch_departuretime":"10:45","actual_arrivaltime":"10:52","actual_departuretime":"10:52","sch_tripstarttime":"10:00","sch_tripendtime":"10:00","lastlocationid":0,"currentlocationid":20567,"nextlocationid":0,"currentstop":null,"nextstop":null,"laststop":null,"stopCoveredStatus":1,"heading":134,"lastrefreshon":"30-08-2024 12:54:50","lastreceiveddatetimeflag":0,"tripposition":1}]},{"routeid":6347,"stationid":20816,"stationname":"HBR Layout","from":"Kadugodi Bus Station","to":"Peenya 2nd Stage","routeno":"507-B","distance_on_station":17.045,"centerlat":13.035,"centerlong":77.62849,"responsecode":200,"isnotify":0,"vehicleDetails":[{"vehicleid":18620,"vehiclenumber":"KA57F4200","servicetypeid":72,"servicetype":"Non AC/Ordinary","centerlat":13.020214,"centerlong":77.500603,"eta":"","sch_arrivaltime":"10:46","sch_departuretime":"10:46","actual_arrivaltime":"10:54","actual_departuretime":"10:54","sch_tripstarttime":"10:00","sch_tripendtime":"10:00","lastlocationid":0,"currentlocationid":20567,"nextlocationid":0,"currentstop":null,"nextstop":null,"laststop":null,"stopCoveredStatus":1,"heading":134,"lastrefreshon":"30-08-2024 12:54:50","lastreceiveddatetimeflag":0,"tripposition":1}]},{"routeid":6347,"stationid":20885,"stationname":"Nagawara Junction","from":"Kadugodi Bus Station","to":"Peenya 2nd Stage","routeno":"507-B","distance_on_station":17.884,"centerlat":13.04046,"centerlong":77.62408,"responsecode":200,"isnotify":0,"vehicleDetails":[{"vehicleid":18620,"vehiclenumber":"KA57F4200","servicetypeid":72,"servicetype":"Non AC/Ordinary","centerlat":13.020214,"centerlong":77.500603,"eta":"","sch_arrivaltime":"10:47","sch_departuretime":"10:47","actual_arrivaltime":"10:57","actual_departuretime":"10:57","sch_tripstarttime":"10:00","sch_tripendtime":"10:00","lastlocationid":0,"currentlocationid":20567,"nextlocationid":0,"currentstop":null,"nextstop":null,"laststop":null,"stopCoveredStatus":1,"heading":134,"lastrefreshon":"30-08-2024 12:54:50","lastreceiveddatetimeflag":0,"tripposition":1}]},{"routeid":6347,"stationid":20999,"stationname":"Manyatha Tech Park","from":"Kadugodi Bus Station","to":"Peenya 2nd Stage","routeno":"507-B","distance_on_station":18.389,"centerlat":13.04109,"centerlong":77.61995,"responsecode":200,"isnotify":0,"vehicleDetails":[{"vehicleid":18620,"vehiclenumber":"KA57F4200","servicetypeid":72,"servicetype":"Non AC/Ordinary","centerlat":13.020214,"centerlong":77.500603,"eta":"","sch_arrivaltime":"10:48","sch_departuretime":"10:48","actual_arrivaltime":"10:57","actual_departuretime":"10:57","sch_tripstarttime":"10:00","sch_tripendtime":"10:00","lastlocationid":0,"currentlocationid":20567,"nextlocationid":0,"currentstop":null,"nextstop":null,"laststop":null,"stopCoveredStatus":1,"heading":134,"lastrefreshon":"30-08-2024 12:54:50","lastreceiveddatetimeflag":0,"tripposition":1}]},{"routeid":6347,"stationid":21252,"stationname":"Veerannapalya","from":"Kadugodi Bus Station","to":"Peenya 2nd Stage","routeno":"507-B","distance_on_station":19.207,"centerlat":13.04214,"centerlong":77.61359,"responsecode":200,"isnotify":0,"vehicleDetails":[{"vehicleid":18620,"vehiclenumber":"KA57F4200","servicetypeid":72,"servicetype":"Non AC/Ordinary","centerlat":13.020214,"centerlong":77.500603,"eta":"","sch_arrivaltime":"10:53","sch_departuretime":"10:53","actual_arrivaltime":"","actual_departuretime":"","sch_tripstarttime":"10:00","sch_tripendtime":"10:00","lastlocationid":0,"currentlocationid":20567,"nextlocationid":0,"currentstop":null,"nextstop":null,"laststop":null,"stopCoveredStatus":1,"heading":134,"lastrefreshon":"30-08-2024 12:54:50","lastreceiveddatetimeflag":0,"tripposition":3}]},{"routeid":6347,"stationid":20920,"stationname":"Kempapura","from":"Kadugodi Bus Station","to":"Peenya 2nd Stage","routeno":"507-B","distance_on_station":20.669,"centerlat":13.0436,"centerlong":77.60121,"responsecode":200,"isnotify":0,"vehicleDetails":[{"vehicleid":18620,"vehiclenumber":"KA57F4200","servicetypeid":72,"servicetype":"Non AC/Ordinary","centerlat":13.020214,"centerlong":77.500603,"eta":"","sch_arrivaltime":"10:55","sch_departuretime":"10:55","actual_arrivaltime":"","actual_departuretime":"","sch_tripstarttime":"10:00","sch_tripendtime":"10:00","lastlocationid":0,"currentlocationid":20567,"nextlocationid":0,"currentstop":null,"nextstop":null,"laststop":null,"stopCoveredStatus":1,"heading":134,"lastrefreshon":"30-08-2024 12:54:50","lastreceiveddatetimeflag":0,"tripposition":3}]},{"routeid":6347,"stationid":21527,"stationname":"Hebbala Bridge","from":"Kadugodi Bus Station","to":"Peenya 2nd Stage","routeno":"507-B","distance_on_station":22.089,"centerlat":13.04274,"centerlong":77.58967,"responsecode":200,"isnotify":0,"vehicleDetails":[{"vehicleid":18620,"vehiclenumber":"KA57F4200","servicetypeid":72,"servicetype":"Non AC/Ordinary","centerlat":13.020214,"centerlong":77.500603,"eta":"","sch_arrivaltime":"10:57","sch_departuretime":"10:57","actual_arrivaltime":"","actual_departuretime":"","sch_tripstarttime":"10:00","sch_tripendtime":"10:00","lastlocationid":0,"currentlocationid":20567,"nextlocationid":0,"currentstop":null,"nextstop":null,"laststop":null,"stopCoveredStatus":1,"heading":134,"lastrefreshon":"30-08-2024 12:54:50","lastreceiveddatetimeflag":0,"tripposition":3}]},{"routeid":6347,"stationid":20659,"stationname":"Bhadrappa Layout","from":"Kadugodi Bus Station","to":"Peenya 2nd Stage","routeno":"507-B","distance_on_station":24.175,"centerlat":13.0472,"centerlong":77.57339,"responsecode":200,"isnotify":0,"vehicleDetails":[{"vehicleid":18620,"vehiclenumber":"KA57F4200","servicetypeid":72,"servicetype":"Non AC/Ordinary","centerlat":13.020214,"centerlong":77.500603,"eta":"","sch_arrivaltime":"10:59","sch_departuretime":"10:59","actual_arrivaltime":"","actual_departuretime":"","sch_tripstarttime":"10:00","sch_tripendtime":"10:00","lastlocationid":0,"currentlocationid":20567,"nextlocationid":0,"currentstop":null,"nextstop":null,"laststop":null,"stopCoveredStatus":1,"heading":134,"lastrefreshon":"30-08-2024 12:54:50","lastreceiveddatetimeflag":0,"tripposition":3}]},{"routeid":6347,"stationid":20758,"stationname":"Devinagara Cross","from":"Kadugodi Bus Station","to":"Peenya 2nd Stage","routeno":"507-B","distance_on_station":24.659,"centerlat":13.04692,"centerlong":77.5692,"responsecode":200,"isnotify":0,"vehicleDetails":[{"vehicleid":18620,"vehiclenumber":"KA57F4200","servicetypeid":72,"servicetype":"Non AC/Ordinary","centerlat":13.020214,"centerlong":77.500603,"eta":"","sch_arrivaltime":"11:00","sch_departuretime":"11:00","actual_arrivaltime":"11:08","actual_departuretime":"11:08","sch_tripstarttime":"10:00","sch_tripendtime":"10:00","lastlocationid":0,"currentlocationid":20567,"nextlocationid":0,"currentstop":null,"nextstop":null,"laststop":null,"stopCoveredStatus":1,"heading":134,"lastrefreshon":"30-08-2024 12:54:50","lastreceiveddatetimeflag":0,"tripposition":1}]},{"routeid":6347,"stationid":20962,"stationname":"Kuvempu Circle","from":"Kadugodi Bus Station","to":"Peenya 2nd Stage","routeno":"507-B","distance_on_station":25.476,"centerlat":13.04457,"centerlong":77.56281,"responsecode":200,"isnotify":0,"vehicleDetails":[{"vehicleid":18620,"vehiclenumber":"KA57F4200","servicetypeid":72,"servicetype":"Non AC/Ordinary","centerlat":13.020214,"centerlong":77.500603,"eta":"","sch_arrivaltime":"11:01","sch_departuretime":"11:01","actual_arrivaltime":"11:09","actual_departuretime":"11:09","sch_tripstarttime":"10:00","sch_tripendtime":"10:00","lastlocationid":0,"currentlocationid":20567,"nextlocationid":0,"currentstop":null,"nextstop":null,"laststop":null,"stopCoveredStatus":1,"heading":134,"lastrefreshon":"30-08-2024 12:54:50","lastreceiveddatetimeflag":0,"tripposition":1}]},{"routeid":6347,"stationid":21464,"stationname":"BEL Circle","from":"Kadugodi Bus Station","to":"Peenya 2nd Stage","routeno":"507-B","distance_on_station":26.433,"centerlat":13.04402,"centerlong":77.55489,"responsecode":200,"isnotify":0,"vehicleDetails":[{"vehicleid":18620,"vehiclenumber":"KA57F4200","servicetypeid":72,"servicetype":"Non AC/Ordinary","centerlat":13.020214,"centerlong":77.500603,"eta":"","sch_arrivaltime":"11:02","sch_departuretime":"11:02","actual_arrivaltime":"11:11","actual_departuretime":"11:11","sch_tripstarttime":"10:00","sch_tripendtime":"10:00","lastlocationid":0,"currentlocationid":20567,"nextlocationid":0,"currentstop":null,"nextstop":null,"laststop":null,"stopCoveredStatus":1,"heading":134,"lastrefreshon":"30-08-2024 12:54:50","lastreceiveddatetimeflag":0,"tripposition":1}]},{"routeid":6347,"stationid":21576,"stationname":"Muthyalanagara","from":"Kadugodi Bus Station","to":"Peenya 2nd Stage","routeno":"507-B","distance_on_station":26.648,"centerlat":13.04362,"centerlong":77.55315,"responsecode":200,"isnotify":0,"vehicleDetails":[{"vehicleid":18620,"vehiclenumber":"KA57F4200","servicetypeid":72,"servicetype":"Non AC/Ordinary","centerlat":13.020214,"centerlong":77.500603,"eta":"","sch_arrivaltime":"11:03","sch_departuretime":"11:03","actual_arrivaltime":"11:11","actual_departuretime":"11:11","sch_tripstarttime":"10:00","sch_tripendtime":"10:00","lastlocationid":0,"currentlocationid":20567,"nextlocationid":0,"currentstop":null,"nextstop":null,"laststop":null,"stopCoveredStatus":1,"heading":134,"lastrefreshon":"30-08-2024 12:54:50","lastreceiveddatetimeflag":0,"tripposition":1}]},{"routeid":6347,"stationid":21539,"stationname":"Jalahalli Bakery","from":"Kadugodi Bus Station","to":"Peenya 2nd Stage","routeno":"507-B","distance_on_station":27.068,"centerlat":13.04254,"centerlong":77.54977,"responsecode":200,"isnotify":0,"vehicleDetails":[{"vehicleid":18620,"vehiclenumber":"KA57F4200","servicetypeid":72,"servicetype":"Non AC/Ordinary","centerlat":13.020214,"centerlong":77.500603,"eta":"","sch_arrivaltime":"11:04","sch_departuretime":"11:04","actual_arrivaltime":"11:12","actual_departuretime":"11:12","sch_tripstarttime":"10:00","sch_tripendtime":"10:00","lastlocationid":0,"currentlocationid":20567,"nextlocationid":0,"currentstop":null,"nextstop":null,"laststop":null,"stopCoveredStatus":1,"heading":134,"lastrefreshon":"30-08-2024 12:54:50","lastreceiveddatetimeflag":0,"tripposition":1}]},{"routeid":6347,"stationid":21541,"stationname":"Jalahalli Village","from":"Kadugodi Bus Station","to":"Peenya 2nd Stage","routeno":"507-B","distance_on_station":27.38,"centerlat":13.04165,"centerlong":77.54718,"responsecode":200,"isnotify":0,"vehicleDetails":[{"vehicleid":18620,"vehiclenumber":"KA57F4200","servicetypeid":72,"servicetype":"Non AC/Ordinary","centerlat":13.020214,"centerlong":77.500603,"eta":"","sch_arrivaltime":"11:05","sch_departuretime":"11:05","actual_arrivaltime":"11:13","actual_departuretime":"11:13","sch_tripstarttime":"10:00","sch_tripendtime":"10:00","lastlocationid":0,"currentlocationid":20567,"nextlocationid":0,"currentstop":null,"nextstop":null,"laststop":null,"stopCoveredStatus":1,"heading":134,"lastrefreshon":"30-08-2024 12:54:50","lastreceiveddatetimeflag":0,"tripposition":1}]},{"routeid":6347,"stationid":21453,"stationname":"Alisda","from":"Kadugodi Bus Station","to":"Peenya 2nd Stage","routeno":"507-B","distance_on_station":28.649,"centerlat":13.03404,"centerlong":77.54112,"responsecode":200,"isnotify":0,"vehicleDetails":[{"vehicleid":18620,"vehiclenumber":"KA57F4200","servicetypeid":72,"servicetype":"Non AC/Ordinary","centerlat":13.020214,"centerlong":77.500603,"eta":"","sch_arrivaltime":"11:08","sch_departuretime":"11:08","actual_arrivaltime":"11:17","actual_departuretime":"11:18","sch_tripstarttime":"10:00","sch_tripendtime":"10:00","lastlocationid":0,"currentlocationid":20567,"nextlocationid":0,"currentstop":null,"nextstop":null,"laststop":null,"stopCoveredStatus":1,"heading":134,"lastrefreshon":"30-08-2024 12:54:50","lastreceiveddatetimeflag":0,"tripposition":1}]},{"routeid":6347,"stationid":20790,"stationname":"Goraguntepalya","from":"Kadugodi Bus Station","to":"Peenya 2nd Stage","routeno":"507-B","distance_on_station":29.348,"centerlat":13.02895,"centerlong":77.5395,"responsecode":200,"isnotify":0,"vehicleDetails":[{"vehicleid":18620,"vehiclenumber":"KA57F4200","servicetypeid":72,"servicetype":"Non AC/Ordinary","centerlat":13.020214,"centerlong":77.500603,"eta":"","sch_arrivaltime":"11:10","sch_departuretime":"11:10","actual_arrivaltime":"11:26","actual_departuretime":"11:26","sch_tripstarttime":"10:00","sch_tripendtime":"10:00","lastlocationid":0,"currentlocationid":20567,"nextlocationid":0,"currentstop":null,"nextstop":null,"laststop":null,"stopCoveredStatus":1,"heading":134,"lastrefreshon":"30-08-2024 12:54:50","lastreceiveddatetimeflag":0,"tripposition":1}]},{"routeid":6347,"stationid":20723,"stationname":"CMTI","from":"Kadugodi Bus Station","to":"Peenya 2nd Stage","routeno":"507-B","distance_on_station":29.767,"centerlat":13.0307,"centerlong":77.53641,"responsecode":200,"isnotify":0,"vehicleDetails":[{"vehicleid":18620,"vehiclenumber":"KA57F4200","servicetypeid":72,"servicetype":"Non AC/Ordinary","centerlat":13.020214,"centerlong":77.500603,"eta":"","sch_arrivaltime":"11:11","sch_departuretime":"11:11","actual_arrivaltime":"11:31","actual_departuretime":"11:31","sch_tripstarttime":"10:00","sch_tripendtime":"10:00","lastlocationid":0,"currentlocationid":20567,"nextlocationid":0,"currentstop":null,"nextstop":null,"laststop":null,"stopCoveredStatus":1,"heading":134,"lastrefreshon":"30-08-2024 12:54:50","lastreceiveddatetimeflag":0,"tripposition":1}]},{"routeid":6347,"stationid":21189,"stationname":"SRS Peenya","from":"Kadugodi Bus Station","to":"Peenya 2nd Stage","routeno":"507-B","distance_on_station":30.595,"centerlat":13.03428,"centerlong":77.53032,"responsecode":200,"isnotify":0,"vehicleDetails":[{"vehicleid":18620,"vehiclenumber":"KA57F4200","servicetypeid":72,"servicetype":"Non AC/Ordinary","centerlat":13.020214,"centerlong":77.500603,"eta":"","sch_arrivaltime":"11:12","sch_departuretime":"11:12","actual_arrivaltime":"11:32","actual_departuretime":"11:33","sch_tripstarttime":"10:00","sch_tripendtime":"10:00","lastlocationid":0,"currentlocationid":20567,"nextlocationid":0,"currentstop":null,"nextstop":null,"laststop":null,"stopCoveredStatus":1,"heading":134,"lastrefreshon":"30-08-2024 12:54:50","lastreceiveddatetimeflag":0,"tripposition":1}]},{"routeid":6347,"stationid":21082,"stationname":"Peenya Industry Metro Station","from":"Kadugodi Bus Station","to":"Peenya 2nd Stage","routeno":"507-B","distance_on_station":31.111,"centerlat":13.03556,"centerlong":77.52613,"responsecode":200,"isnotify":0,"vehicleDetails":[{"vehicleid":18620,"vehiclenumber":"KA57F4200","servicetypeid":72,"servicetype":"Non AC/Ordinary","centerlat":13.020214,"centerlong":77.500603,"eta":"","sch_arrivaltime":"11:13","sch_departuretime":"11:13","actual_arrivaltime":"11:35","actual_departuretime":"11:35","sch_tripstarttime":"10:00","sch_tripendtime":"10:00","lastlocationid":0,"currentlocationid":20567,"nextlocationid":0,"currentstop":null,"nextstop":null,"laststop":null,"stopCoveredStatus":1,"heading":134,"lastrefreshon":"30-08-2024 12:54:50","lastreceiveddatetimeflag":0,"tripposition":1}]},{"routeid":6347,"stationid":20870,"stationname":"Jalahalli Cross","from":"Kadugodi Bus Station","to":"Peenya 2nd Stage","routeno":"507-B","distance_on_station":32.154,"centerlat":13.03949,"centerlong":77.51843,"responsecode":200,"isnotify":0,"vehicleDetails":[{"vehicleid":18620,"vehiclenumber":"KA57F4200","servicetypeid":72,"servicetype":"Non AC/Ordinary","centerlat":13.020214,"centerlong":77.500603,"eta":"","sch_arrivaltime":"11:14","sch_departuretime":"11:14","actual_arrivaltime":"11:45","actual_departuretime":"11:45","sch_tripstarttime":"10:00","sch_tripendtime":"10:00","lastlocationid":0,"currentlocationid":20567,"nextlocationid":0,"currentstop":null,"nextstop":null,"laststop":null,"stopCoveredStatus":1,"heading":134,"lastrefreshon":"30-08-2024 12:54:50","lastreceiveddatetimeflag":0,"tripposition":1}]},{"routeid":6347,"stationid":21210,"stationname":"Systems Peenya","from":"Kadugodi Bus Station","to":"Peenya 2nd Stage","routeno":"507-B","distance_on_station":32.692,"centerlat":13.03506,"centerlong":77.51806,"responsecode":200,"isnotify":0,"vehicleDetails":[{"vehicleid":18620,"vehiclenumber":"KA57F4200","servicetypeid":72,"servicetype":"Non AC/Ordinary","centerlat":13.020214,"centerlong":77.500603,"eta":"","sch_arrivaltime":"11:15","sch_departuretime":"11:15","actual_arrivaltime":"11:46","actual_departuretime":"11:46","sch_tripstarttime":"10:00","sch_tripendtime":"10:00","lastlocationid":0,"currentlocationid":20567,"nextlocationid":0,"currentstop":null,"nextstop":null,"laststop":null,"stopCoveredStatus":1,"heading":134,"lastrefreshon":"30-08-2024 12:54:50","lastreceiveddatetimeflag":0,"tripposition":1}]},{"routeid":6347,"stationid":21237,"stationname":"TVS Cross Peenya","from":"Kadugodi Bus Station","to":"Peenya 2nd Stage","routeno":"507-B","distance_on_station":33.552,"centerlat":13.02835,"centerlong":77.51953,"responsecode":200,"isnotify":0,"vehicleDetails":[{"vehicleid":18620,"vehiclenumber":"KA57F4200","servicetypeid":72,"servicetype":"Non AC/Ordinary","centerlat":13.020214,"centerlong":77.500603,"eta":"","sch_arrivaltime":"11:17","sch_departuretime":"11:17","actual_arrivaltime":"11:51","actual_departuretime":"11:51","sch_tripstarttime":"10:00","sch_tripendtime":"10:00","lastlocationid":0,"currentlocationid":20567,"nextlocationid":0,"currentstop":null,"nextstop":null,"laststop":null,"stopCoveredStatus":1,"heading":134,"lastrefreshon":"30-08-2024 12:54:50","lastreceiveddatetimeflag":0,"tripposition":1}]},{"routeid":6347,"stationid":21137,"stationname":"Rolling Mill","from":"Kadugodi Bus Station","to":"Peenya 2nd Stage","routeno":"507-B","distance_on_station":34.144,"centerlat":13.02648,"centerlong":77.51486,"responsecode":200,"isnotify":0,"vehicleDetails":[{"vehicleid":18620,"vehiclenumber":"KA57F4200","servicetypeid":72,"servicetype":"Non AC/Ordinary","centerlat":13.020214,"centerlong":77.500603,"eta":"","sch_arrivaltime":"11:18","sch_departuretime":"11:18","actual_arrivaltime":"11:52","actual_departuretime":"11:52","sch_tripstarttime":"10:00","sch_tripendtime":"10:00","lastlocationid":0,"currentlocationid":20567,"nextlocationid":0,"currentstop":null,"nextstop":null,"laststop":null,"stopCoveredStatus":1,"heading":134,"lastrefreshon":"30-08-2024 12:54:50","lastreceiveddatetimeflag":0,"tripposition":1}]},{"routeid":6347,"stationid":21069,"stationname":"NTTF Peenya","from":"Kadugodi Bus Station","to":"Peenya 2nd Stage","routeno":"507-B","distance_on_station":34.692,"centerlat":13.02443,"centerlong":77.51092,"responsecode":200,"isnotify":0,"vehicleDetails":[{"vehicleid":18620,"vehiclenumber":"KA57F4200","servicetypeid":72,"servicetype":"Non AC/Ordinary","centerlat":13.020214,"centerlong":77.500603,"eta":"","sch_arrivaltime":"11:19","sch_departuretime":"11:19","actual_arrivaltime":"11:53","actual_departuretime":"11:54","sch_tripstarttime":"10:00","sch_tripendtime":"10:00","lastlocationid":0,"currentlocationid":20567,"nextlocationid":0,"currentstop":null,"nextstop":null,"laststop":null,"stopCoveredStatus":1,"heading":134,"lastrefreshon":"30-08-2024 12:54:50","lastreceiveddatetimeflag":0,"tripposition":1}]},{"routeid":6347,"stationid":20685,"stationname":"Brundavana Peenya","from":"Kadugodi Bus Station","to":"Peenya 2nd Stage","routeno":"507-B","distance_on_station":35.273,"centerlat":13.02038,"centerlong":77.50815,"responsecode":200,"isnotify":0,"vehicleDetails":[{"vehicleid":18620,"vehiclenumber":"KA57F4200","servicetypeid":72,"servicetype":"Non AC/Ordinary","centerlat":13.020214,"centerlong":77.500603,"eta":"","sch_arrivaltime":"11:20","sch_departuretime":"11:20","actual_arrivaltime":"11:55","actual_departuretime":"11:55","sch_tripstarttime":"10:00","sch_tripendtime":"10:00","lastlocationid":0,"currentlocationid":20567,"nextlocationid":0,"currentstop":null,"nextstop":null,"laststop":null,"stopCoveredStatus":1,"heading":134,"lastrefreshon":"30-08-2024 12:54:50","lastreceiveddatetimeflag":0,"tripposition":1}]},{"routeid":6347,"stationid":20567,"stationname":"Peenya 14th cross","from":"Kadugodi Bus Station","to":"Peenya 2nd Stage","routeno":"507-B","distance_on_station":35.854,"centerlat":13.01646,"centerlong":77.50566,"responsecode":200,"isnotify":0,"vehicleDetails":[{"vehicleid":18620,"vehiclenumber":"KA57F4200","servicetypeid":72,"servicetype":"Non AC/Ordinary","centerlat":13.020214,"centerlong":77.500603,"eta":"2024-08-30 12:55:00","sch_arrivaltime":"11:21","sch_departuretime":"11:21","actual_arrivaltime":"","actual_departuretime":"","sch_tripstarttime":"10:00","sch_tripendtime":"10:00","lastlocationid":0,"currentlocationid":20567,"nextlocationid":0,"currentstop":null,"nextstop":null,"laststop":null,"stopCoveredStatus":0,"heading":134,"lastrefreshon":"30-08-2024 12:54:50","lastreceiveddatetimeflag":0,"tripposition":3}]},{"routeid":6347,"stationid":21080,"stationname":"Peenya 2nd Stage","from":"Kadugodi Bus Station","to":"Peenya 2nd Stage","routeno":"507-B","distance_on_station":36.8,"centerlat":13.01098,"centerlong":77.5068,"responsecode":200,"isnotify":0,"vehicleDetails":[{"vehicleid":18620,"vehiclenumber":"KA57F4200","servicetypeid":72,"servicetype":"Non AC/Ordinary","centerlat":13.020214,"centerlong":77.500603,"eta":"2024-08-30 12:56:00","sch_arrivaltime":"11:23","sch_departuretime":"11:23","actual_arrivaltime":"","actual_departuretime":"","sch_tripstarttime":"10:00","sch_tripendtime":"10:00","lastlocationid":0,"currentlocationid":20567,"nextlocationid":0,"currentstop":null,"nextstop":null,"laststop":null,"stopCoveredStatus":0,"heading":134,"lastrefreshon":"30-08-2024 12:54:50","lastreceiveddatetimeflag":0,"tripposition":1}]}],"mapData":[{"vehicleid":18620,"vehiclenumber":"KA57F4200","servicetypeid":72,"servicetype":"Non AC/Ordinary","centerlat":13.020214,"centerlong":77.500603,"eta":"2024-08-30 12:56:00","sch_arrivaltime":"11:23","sch_departuretime":"11:23","actual_arrivaltime":"","actual_departuretime":"","sch_tripstarttime":"10:00","sch_tripendtime":"10:00","lastlocationid":0,"currentlocationid":20567,"nextlocationid":0,"currentstop":null,"nextstop":null,"laststop":null,"stopCoveredStatus":0,"heading":134,"lastrefreshon":"30-08-2024 12:54:50","lastreceiveddatetimeflag":0,"tripposition":1}]},"message":"Success","issuccess":true,"exception":null,"rowCount":0,"responsecode":200}