{"up":{"data":[{"routeid":2239,"stationid":21267,"stationname":"Vijayanagara Garage","from":"Kempegowda Bus Station","to":"Chandra Layout","routeno":"61-A","distance_on_station":0,"centerlat":12.966,"centerlong":77.53555,"responsecode":200,"isnotify":0,"vehicleDetails":[{"vehicleid":19198,"vehiclenumber":"KA01F8780","servicetypeid":72,"servicetype":"Non AC/Ordinary","centerlat":12.959028,"centerlong":77.527283,"eta":"","sch_arrivaltime":"21:36","sch_departuretime":"21:36","actual_arrivaltime":"","actual_departuretime":"","sch_tripstarttime":"21:20","sch_tripendtime":"21:20","lastlocationid":0,"currentlocationid":22776,"nextlocationid":0,"currentstop":null,"nextstop":null,"laststop":null,"stopCoveredStatus":0,"heading":150,"lastrefreshon":"26-07-2024 22:59:42","lastreceiveddatetimeflag":0,"tripposition":1}]},{"routeid":2239,"stationid":31373,"stationname":"Income Tax Layout Cross 1","from":"Kempegowda Bus Station","to":"Chandra Layout","routeno":"61-A","distance_on_station":0.935,"centerlat":12.96001,"centerlong":77.5329,"responsecode":200,"isnotify":0,"vehicleDetails":[{"vehicleid":19198,"vehiclenumber":"KA01F8780","servicetypeid":72,"servicetype":"Non AC/Ordinary","centerlat":12.959028,"centerlong":77.527283,"eta":"","sch_arrivaltime":"21:37","sch_departuretime":"21:37","actual_arrivaltime":"","actual_departuretime":"","sch_tripstarttime":"21:20","sch_tripendtime":"21:20","lastlocationid":0,"currentlocationid":22776,"nextlocationid":0,"currentstop":null,"nextstop":null,"laststop":null,"stopCoveredStatus":0,"heading":150,"lastrefreshon":"26-07-2024 22:59:42","lastreceiveddatetimeflag":0,"tripposition":3}]},{"routeid":2239,"stationid":20852,"stationname":"Income Tax Layout","from":"Kempegowda Bus Station","to":"Chandra Layout","routeno":"61-A","distance_on_station":1.187,"centerlat":12.96009,"centerlong":77.5311,"responsecode":200,"isnotify":0,"vehicleDetails":[{"vehicleid":19198,"vehiclenumber":"KA01F8780","servicetypeid":72,"servicetype":"Non AC/Ordinary","centerlat":12.959028,"centerlong":77.527283,"eta":"","sch_arrivaltime":"21:38","sch_departuretime":"21:38","actual_arrivaltime":"","actual_departuretime":"","sch_tripstarttime":"21:20","sch_tripendtime":"21:20","lastlocationid":0,"currentlocationid":22776,"nextlocationid":0,"currentstop":null,"nextstop":null,"laststop":null,"stopCoveredStatus":0,"heading":150,"lastrefreshon":"26-07-2024 22:59:42","lastreceiveddatetimeflag":0,"tripposition":3}]},{"routeid":2239,"stationid":20714,"stationname":"Chandra Public School","from":"Kempegowda Bus Station","to":"Chandra Layout","routeno":"61-A","distance_on_station":1.402,"centerlat":12.96046,"centerlong":77.52963,"responsecode":200,"isnotify":0,"vehicleDetails":[{"vehicleid":19198,"vehiclenumber":"KA01F8780","servicetypeid":72,"servicetype":"Non AC/Ordinary","centerlat":12.959028,"centerlong":77.527283,"eta":"","sch_arrivaltime":"21:39","sch_departuretime":"21:39","actual_arrivaltime":"","actual_departuretime":"","sch_tripstarttime":"21:20","sch_tripendtime":"21:20","lastlocationid":0,"currentlocationid":22776,"nextlocationid":0,"currentstop":null,"nextstop":null,"laststop":null,"stopCoveredStatus":0,"heading":150,"lastrefreshon":"26-07-2024 22:59:42","lastreceiveddatetimeflag":0,"tripposition":3}]},{"routeid":2239,"stationid":20779,"stationname":"Ganesha Temple Chandra Layout","from":"Kempegowda Bus Station","to":"Chandra Layout","routeno":"61-A","distance_on_station":1.768,"centerlat":12.95803,"centerlong":77.52876,"responsecode":200,"isnotify":0,"vehicleDetails":[{"vehicleid":19198,"vehiclenumber":"KA01F8780","servicetypeid":72,"servicetype":"Non AC/Ordinary","centerlat":12.959028,"centerlong":77.527283,"eta":"","sch_arrivaltime":"21:40","sch_departuretime":"21:40","actual_arrivaltime":"","actual_departuretime":"","sch_tripstarttime":"21:20","sch_tripendtime":"21:20","lastlocationid":0,"currentlocationid":22776,"nextlocationid":0,"currentstop":null,"nextstop":null,"laststop":null,"stopCoveredStatus":0,"heading":150,"lastrefreshon":"26-07-2024 22:59:42","lastreceiveddatetimeflag":0,"tripposition":3}]},{"routeid":2239,"stationid":20712,"stationname":"Chandra Layout Circle","from":"Kempegowda Bus Station","to":"Chandra Layout","routeno":"61-A","distance_on_station":2.223,"centerlat":12.95815,"centerlong":77.5265,"responsecode":200,"isnotify":0,"vehicleDetails":[{"vehicleid":19198,"vehiclenumber":"KA01F8780","servicetypeid":72,"servicetype":"Non AC/Ordinary","centerlat":12.959028,"centerlong":77.527283,"eta":"","sch_arrivaltime":"21:41","sch_departuretime":"21:41","actual_arrivaltime":"","actual_departuretime":"","sch_tripstarttime":"21:20","sch_tripendtime":"21:20","lastlocationid":0,"currentlocationid":22776,"nextlocationid":0,"currentstop":null,"nextstop":null,"laststop":null,"stopCoveredStatus":0,"heading":150,"lastrefreshon":"26-07-2024 22:59:42","lastreceiveddatetimeflag":0,"tripposition":3}]},{"routeid":2239,"stationid":22776,"stationname":"Chandra Layout","from":"Kempegowda Bus Station","to":"Chandra Layout","routeno":"61-A","distance_on_station":2.4,"centerlat":12.95925,"centerlong":77.52671,"responsecode":200,"isnotify":0,"vehicleDetails":[{"vehicleid":19198,"vehiclenumber":"KA01F8780","servicetypeid":72,"servicetype":"Non AC/Ordinary","centerlat":12.959028,"centerlong":77.527283,"eta":"","sch_arrivaltime":"21:42","sch_departuretime":"21:42","actual_arrivaltime":"","actual_departuretime":"","sch_tripstarttime":"21:20","sch_tripendtime":"21:20","lastlocationid":0,"currentlocationid":22776,"nextlocationid":0,"currentstop":null,"nextstop":null,"laststop":null,"stopCoveredStatus":0,"heading":150,"lastrefreshon":"26-07-2024 22:59:42","lastreceiveddatetimeflag":0,"tripposition":1}]}],"mapData":[{"vehicleid":19198,"vehiclenumber":"KA01F8780","servicetypeid":72,"servicetype":"Non AC/Ordinary","centerlat":12.959028,"centerlong":77.527283,"eta":"","sch_arrivaltime":"21:42","sch_departuretime":"21:42","actual_arrivaltime":"","actual_departuretime":"","sch_tripstarttime":"21:20","sch_tripendtime":"21:20","lastlocationid":0,"currentlocationid":22776,"nextlocationid":0,"currentstop":null,"nextstop":null,"laststop":null,"stopCoveredStatus":0,"heading":150,"lastrefreshon":"26-07-2024 22:59:42","lastreceiveddatetimeflag":0,"tripposition":1}]},"down":{"data":[],"mapData":[]},"message":"Success","issuccess":true,"exception":null,"rowCount":0,"responsecode":200}