{"up":{"data":[],"mapData":[]},"down":{"data":[{"routeid":7971,"stationid":21172,"stationname":"Shivajinagara Bus Station","from":"Shivajinagara Bus Station","to":"GKW Layout","routeno":"63-B","distance_on_station":0,"centerlat":12.98396,"centerlong":77.60323,"responsecode":200,"isnotify":0,"vehicleDetails":[{"vehicleid":19158,"vehiclenumber":"KA57F2371","servicetypeid":72,"servicetype":"Non AC/Ordinary","centerlat":12.95909,"centerlong":77.527237,"eta":"","sch_arrivaltime":"10:30","sch_departuretime":"10:30","actual_arrivaltime":"","actual_departuretime":"","sch_tripstarttime":"10:30","sch_tripendtime":"10:30","lastlocationid":0,"currentlocationid":36352,"nextlocationid":0,"currentstop":null,"nextstop":null,"laststop":null,"stopCoveredStatus":0,"heading":174,"lastrefreshon":"06-08-2024 03:03:24","lastreceiveddatetimeflag":0,"tripposition":1}]},{"routeid":7971,"stationid":20857,"stationname":"Indian Express","from":"Shivajinagara Bus Station","to":"GKW Layout","routeno":"63-B","distance_on_station":0.76,"centerlat":12.98393,"centerlong":77.5974,"responsecode":200,"isnotify":0,"vehicleDetails":[{"vehicleid":19158,"vehiclenumber":"KA57F2371","servicetypeid":72,"servicetype":"Non AC/Ordinary","centerlat":12.95909,"centerlong":77.527237,"eta":"","sch_arrivaltime":"10:34","sch_departuretime":"10:34","actual_arrivaltime":"","actual_departuretime":"","sch_tripstarttime":"10:30","sch_tripendtime":"10:30","lastlocationid":0,"currentlocationid":36352,"nextlocationid":0,"currentstop":null,"nextstop":null,"laststop":null,"stopCoveredStatus":0,"heading":174,"lastrefreshon":"06-08-2024 03:03:24","lastreceiveddatetimeflag":0,"tripposition":3}]},{"routeid":7971,"stationid":20798,"stationname":"GPO","from":"Shivajinagara Bus Station","to":"GKW Layout","routeno":"63-B","distance_on_station":1.267,"centerlat":12.98173,"centerlong":77.5951,"responsecode":200,"isnotify":0,"vehicleDetails":[{"vehicleid":19158,"vehiclenumber":"KA57F2371","servicetypeid":72,"servicetype":"Non AC/Ordinary","centerlat":12.95909,"centerlong":77.527237,"eta":"","sch_arrivaltime":"10:35","sch_departuretime":"10:35","actual_arrivaltime":"","actual_departuretime":"","sch_tripstarttime":"10:30","sch_tripendtime":"10:30","lastlocationid":0,"currentlocationid":36352,"nextlocationid":0,"currentstop":null,"nextstop":null,"laststop":null,"stopCoveredStatus":0,"heading":174,"lastrefreshon":"06-08-2024 03:03:24","lastreceiveddatetimeflag":0,"tripposition":3}]},{"routeid":7971,"stationid":35302,"stationname":"Raj Bhavan","from":"Shivajinagara Bus Station","to":"GKW Layout","routeno":"63-B","distance_on_station":1.674,"centerlat":12.98307,"centerlong":77.59206,"responsecode":200,"isnotify":0,"vehicleDetails":[{"vehicleid":19158,"vehiclenumber":"KA57F2371","servicetypeid":72,"servicetype":"Non AC/Ordinary","centerlat":12.95909,"centerlong":77.527237,"eta":"","sch_arrivaltime":"10:36","sch_departuretime":"10:36","actual_arrivaltime":"","actual_departuretime":"","sch_tripstarttime":"10:30","sch_tripendtime":"10:30","lastlocationid":0,"currentlocationid":36352,"nextlocationid":0,"currentstop":null,"nextstop":null,"laststop":null,"stopCoveredStatus":0,"heading":174,"lastrefreshon":"06-08-2024 03:03:24","lastreceiveddatetimeflag":0,"tripposition":3}]},{"routeid":7971,"stationid":24241,"stationname":"RC College","from":"Shivajinagara Bus Station","to":"GKW Layout","routeno":"63-B","distance_on_station":2.369,"centerlat":12.98398,"centerlong":77.58679,"responsecode":200,"isnotify":0,"vehicleDetails":[{"vehicleid":19158,"vehiclenumber":"KA57F2371","servicetypeid":72,"servicetype":"Non AC/Ordinary","centerlat":12.95909,"centerlong":77.527237,"eta":"","sch_arrivaltime":"10:39","sch_departuretime":"10:39","actual_arrivaltime":"","actual_departuretime":"","sch_tripstarttime":"10:30","sch_tripendtime":"10:30","lastlocationid":0,"currentlocationid":36352,"nextlocationid":0,"currentstop":null,"nextstop":null,"laststop":null,"stopCoveredStatus":0,"heading":174,"lastrefreshon":"06-08-2024 03:03:24","lastreceiveddatetimeflag":0,"tripposition":3}]},{"routeid":7971,"stationid":21174,"stationname":"Shivananda Store","from":"Shivajinagara Bus Station","to":"GKW Layout","routeno":"63-B","distance_on_station":3.371,"centerlat":12.98666,"centerlong":77.57938,"responsecode":200,"isnotify":0,"vehicleDetails":[{"vehicleid":19158,"vehiclenumber":"KA57F2371","servicetypeid":72,"servicetype":"Non AC/Ordinary","centerlat":12.95909,"centerlong":77.527237,"eta":"","sch_arrivaltime":"10:41","sch_departuretime":"10:41","actual_arrivaltime":"","actual_departuretime":"","sch_tripstarttime":"10:30","sch_tripendtime":"10:30","lastlocationid":0,"currentlocationid":36352,"nextlocationid":0,"currentstop":null,"nextstop":null,"laststop":null,"stopCoveredStatus":0,"heading":174,"lastrefreshon":"06-08-2024 03:03:24","lastreceiveddatetimeflag":0,"tripposition":3}]},{"routeid":7971,"stationid":35303,"stationname":"Swastik Sheshadripuram College","from":"Shivajinagara Bus Station","to":"GKW Layout","routeno":"63-B","distance_on_station":4.065,"centerlat":12.98798,"centerlong":77.57422,"responsecode":200,"isnotify":0,"vehicleDetails":[{"vehicleid":19158,"vehiclenumber":"KA57F2371","servicetypeid":72,"servicetype":"Non AC/Ordinary","centerlat":12.95909,"centerlong":77.527237,"eta":"","sch_arrivaltime":"10:43","sch_departuretime":"10:43","actual_arrivaltime":"","actual_departuretime":"","sch_tripstarttime":"10:30","sch_tripendtime":"10:30","lastlocationid":0,"currentlocationid":36352,"nextlocationid":0,"currentstop":null,"nextstop":null,"laststop":null,"stopCoveredStatus":0,"heading":174,"lastrefreshon":"06-08-2024 03:03:24","lastreceiveddatetimeflag":0,"tripposition":3}]},{"routeid":7971,"stationid":20702,"stationname":"Central","from":"Shivajinagara Bus Station","to":"GKW Layout","routeno":"63-B","distance_on_station":4.473,"centerlat":12.99006,"centerlong":77.57199,"responsecode":200,"isnotify":0,"vehicleDetails":[{"vehicleid":19158,"vehiclenumber":"KA57F2371","servicetypeid":72,"servicetype":"Non AC/Ordinary","centerlat":12.95909,"centerlong":77.527237,"eta":"","sch_arrivaltime":"10:44","sch_departuretime":"10:44","actual_arrivaltime":"","actual_departuretime":"","sch_tripstarttime":"10:30","sch_tripendtime":"10:30","lastlocationid":0,"currentlocationid":36352,"nextlocationid":0,"currentstop":null,"nextstop":null,"laststop":null,"stopCoveredStatus":0,"heading":174,"lastrefreshon":"06-08-2024 03:03:24","lastreceiveddatetimeflag":0,"tripposition":3}]},{"routeid":7971,"stationid":20990,"stationname":"Malleshwara Circle","from":"Shivajinagara Bus Station","to":"GKW Layout","routeno":"63-B","distance_on_station":5.618,"centerlat":12.99676,"centerlong":77.56877,"responsecode":200,"isnotify":0,"vehicleDetails":[{"vehicleid":19158,"vehiclenumber":"KA57F2371","servicetypeid":72,"servicetype":"Non AC/Ordinary","centerlat":12.95909,"centerlong":77.527237,"eta":"","sch_arrivaltime":"10:48","sch_departuretime":"10:48","actual_arrivaltime":"","actual_departuretime":"","sch_tripstarttime":"10:30","sch_tripendtime":"10:30","lastlocationid":0,"currentlocationid":36352,"nextlocationid":0,"currentstop":null,"nextstop":null,"laststop":null,"stopCoveredStatus":0,"heading":174,"lastrefreshon":"06-08-2024 03:03:24","lastreceiveddatetimeflag":0,"tripposition":3}]},{"routeid":7971,"stationid":20751,"stationname":"Devaiah Park","from":"Shivajinagara Bus Station","to":"GKW Layout","routeno":"63-B","distance_on_station":6.169,"centerlat":12.99628,"centerlong":77.56424,"responsecode":200,"isnotify":0,"vehicleDetails":[{"vehicleid":19158,"vehiclenumber":"KA57F2371","servicetypeid":72,"servicetype":"Non AC/Ordinary","centerlat":12.95909,"centerlong":77.527237,"eta":"","sch_arrivaltime":"10:49","sch_departuretime":"10:49","actual_arrivaltime":"","actual_departuretime":"","sch_tripstarttime":"10:30","sch_tripendtime":"10:30","lastlocationid":0,"currentlocationid":36352,"nextlocationid":0,"currentstop":null,"nextstop":null,"laststop":null,"stopCoveredStatus":0,"heading":174,"lastrefreshon":"06-08-2024 03:03:24","lastreceiveddatetimeflag":0,"tripposition":3}]},{"routeid":7971,"stationid":20810,"stationname":"Harishchandra Ghat","from":"Shivajinagara Bus Station","to":"GKW Layout","routeno":"63-B","distance_on_station":6.577,"centerlat":12.99695,"centerlong":77.56089,"responsecode":200,"isnotify":0,"vehicleDetails":[{"vehicleid":19158,"vehiclenumber":"KA57F2371","servicetypeid":72,"servicetype":"Non AC/Ordinary","centerlat":12.95909,"centerlong":77.527237,"eta":"","sch_arrivaltime":"10:50","sch_departuretime":"10:50","actual_arrivaltime":"","actual_departuretime":"","sch_tripstarttime":"10:30","sch_tripendtime":"10:30","lastlocationid":0,"currentlocationid":36352,"nextlocationid":0,"currentstop":null,"nextstop":null,"laststop":null,"stopCoveredStatus":0,"heading":174,"lastrefreshon":"06-08-2024 03:03:24","lastreceiveddatetimeflag":0,"tripposition":3}]},{"routeid":7971,"stationid":21007,"stationname":"Mariyappanapalya","from":"Shivajinagara Bus Station","to":"GKW Layout","routeno":"63-B","distance_on_station":7.227,"centerlat":12.99858,"centerlong":77.55574,"responsecode":200,"isnotify":0,"vehicleDetails":[{"vehicleid":19158,"vehiclenumber":"KA57F2371","servicetypeid":72,"servicetype":"Non AC/Ordinary","centerlat":12.95909,"centerlong":77.527237,"eta":"","sch_arrivaltime":"10:52","sch_departuretime":"10:52","actual_arrivaltime":"","actual_departuretime":"","sch_tripstarttime":"10:30","sch_tripendtime":"10:30","lastlocationid":0,"currentlocationid":36352,"nextlocationid":0,"currentstop":null,"nextstop":null,"laststop":null,"stopCoveredStatus":0,"heading":174,"lastrefreshon":"06-08-2024 03:03:24","lastreceiveddatetimeflag":0,"tripposition":3}]},{"routeid":7971,"stationid":22901,"stationname":"Rajajinagara 2nd Block","from":"Shivajinagara Bus Station","to":"GKW Layout","routeno":"63-B","distance_on_station":7.998,"centerlat":12.99607,"centerlong":77.55144,"responsecode":200,"isnotify":0,"vehicleDetails":[{"vehicleid":19158,"vehiclenumber":"KA57F2371","servicetypeid":72,"servicetype":"Non AC/Ordinary","centerlat":12.95909,"centerlong":77.527237,"eta":"","sch_arrivaltime":"10:54","sch_departuretime":"10:54","actual_arrivaltime":"","actual_departuretime":"","sch_tripstarttime":"10:30","sch_tripendtime":"10:30","lastlocationid":0,"currentlocationid":36352,"nextlocationid":0,"currentstop":null,"nextstop":null,"laststop":null,"stopCoveredStatus":0,"heading":174,"lastrefreshon":"06-08-2024 03:03:24","lastreceiveddatetimeflag":0,"tripposition":3}]},{"routeid":7971,"stationid":24194,"stationname":"Basaveshwara College","from":"Shivajinagara Bus Station","to":"GKW Layout","routeno":"63-B","distance_on_station":8.317,"centerlat":12.99439,"centerlong":77.5528,"responsecode":200,"isnotify":0,"vehicleDetails":[{"vehicleid":19158,"vehiclenumber":"KA57F2371","servicetypeid":72,"servicetype":"Non AC/Ordinary","centerlat":12.95909,"centerlong":77.527237,"eta":"","sch_arrivaltime":"10:55","sch_departuretime":"10:55","actual_arrivaltime":"","actual_departuretime":"","sch_tripstarttime":"10:30","sch_tripendtime":"10:30","lastlocationid":0,"currentlocationid":36352,"nextlocationid":0,"currentstop":null,"nextstop":null,"laststop":null,"stopCoveredStatus":0,"heading":174,"lastrefreshon":"06-08-2024 03:03:24","lastreceiveddatetimeflag":0,"tripposition":3}]},{"routeid":7971,"stationid":20777,"stationname":"ESI Hospital Rajajinagara","from":"Shivajinagara Bus Station","to":"GKW Layout","routeno":"63-B","distance_on_station":8.769,"centerlat":12.99069,"centerlong":77.55258,"responsecode":200,"isnotify":0,"vehicleDetails":[{"vehicleid":19158,"vehiclenumber":"KA57F2371","servicetypeid":72,"servicetype":"Non AC/Ordinary","centerlat":12.95909,"centerlong":77.527237,"eta":"","sch_arrivaltime":"10:56","sch_departuretime":"10:56","actual_arrivaltime":"","actual_departuretime":"","sch_tripstarttime":"10:30","sch_tripendtime":"10:30","lastlocationid":0,"currentlocationid":36352,"nextlocationid":0,"currentstop":null,"nextstop":null,"laststop":null,"stopCoveredStatus":0,"heading":174,"lastrefreshon":"06-08-2024 03:03:24","lastreceiveddatetimeflag":0,"tripposition":3}]},{"routeid":7971,"stationid":21072,"stationname":"Rajajinagara Old Police Station","from":"Shivajinagara Bus Station","to":"GKW Layout","routeno":"63-B","distance_on_station":9.144,"centerlat":12.98928,"centerlong":77.55438,"responsecode":200,"isnotify":0,"vehicleDetails":[{"vehicleid":19158,"vehiclenumber":"KA57F2371","servicetypeid":72,"servicetype":"Non AC/Ordinary","centerlat":12.95909,"centerlong":77.527237,"eta":"","sch_arrivaltime":"10:57","sch_departuretime":"10:57","actual_arrivaltime":"","actual_departuretime":"","sch_tripstarttime":"10:30","sch_tripendtime":"10:30","lastlocationid":0,"currentlocationid":36352,"nextlocationid":0,"currentstop":null,"nextstop":null,"laststop":null,"stopCoveredStatus":0,"heading":174,"lastrefreshon":"06-08-2024 03:03:24","lastreceiveddatetimeflag":0,"tripposition":3}]},{"routeid":7971,"stationid":24196,"stationname":"Rama Mandira Rajajinagara","from":"Shivajinagara Bus Station","to":"GKW Layout","routeno":"63-B","distance_on_station":9.727,"centerlat":12.98623,"centerlong":77.55636,"responsecode":200,"isnotify":0,"vehicleDetails":[{"vehicleid":19158,"vehiclenumber":"KA57F2371","servicetypeid":72,"servicetype":"Non AC/Ordinary","centerlat":12.95909,"centerlong":77.527237,"eta":"","sch_arrivaltime":"10:59","sch_departuretime":"10:59","actual_arrivaltime":"","actual_departuretime":"","sch_tripstarttime":"10:30","sch_tripendtime":"10:30","lastlocationid":0,"currentlocationid":36352,"nextlocationid":0,"currentstop":null,"nextstop":null,"laststop":null,"stopCoveredStatus":0,"heading":174,"lastrefreshon":"06-08-2024 03:03:24","lastreceiveddatetimeflag":0,"tripposition":3}]},{"routeid":7971,"stationid":20631,"stationname":"Bashyam Circle Rajajinagara","from":"Shivajinagara Bus Station","to":"GKW Layout","routeno":"63-B","distance_on_station":10.201,"centerlat":12.98391,"centerlong":77.55412,"responsecode":200,"isnotify":0,"vehicleDetails":[{"vehicleid":19158,"vehiclenumber":"KA57F2371","servicetypeid":72,"servicetype":"Non AC/Ordinary","centerlat":12.95909,"centerlong":77.527237,"eta":"","sch_arrivaltime":"11:00","sch_departuretime":"11:00","actual_arrivaltime":"","actual_departuretime":"","sch_tripstarttime":"10:30","sch_tripendtime":"10:30","lastlocationid":0,"currentlocationid":36352,"nextlocationid":0,"currentstop":null,"nextstop":null,"laststop":null,"stopCoveredStatus":0,"heading":174,"lastrefreshon":"06-08-2024 03:03:24","lastreceiveddatetimeflag":0,"tripposition":3}]},{"routeid":7971,"stationid":20587,"stationname":"6th Block Rajajinagara","from":"Shivajinagara Bus Station","to":"GKW Layout","routeno":"63-B","distance_on_station":10.741,"centerlat":12.97953,"centerlong":77.55377,"responsecode":200,"isnotify":0,"vehicleDetails":[{"vehicleid":19158,"vehiclenumber":"KA57F2371","servicetypeid":72,"servicetype":"Non AC/Ordinary","centerlat":12.95909,"centerlong":77.527237,"eta":"","sch_arrivaltime":"11:02","sch_departuretime":"11:02","actual_arrivaltime":"","actual_departuretime":"","sch_tripstarttime":"10:30","sch_tripendtime":"10:30","lastlocationid":0,"currentlocationid":36352,"nextlocationid":0,"currentstop":null,"nextstop":null,"laststop":null,"stopCoveredStatus":0,"heading":174,"lastrefreshon":"06-08-2024 03:03:24","lastreceiveddatetimeflag":0,"tripposition":3}]},{"routeid":7971,"stationid":21101,"stationname":"Prasanna Theatre","from":"Shivajinagara Bus Station","to":"GKW Layout","routeno":"63-B","distance_on_station":11.446,"centerlat":12.97401,"centerlong":77.55122,"responsecode":200,"isnotify":0,"vehicleDetails":[{"vehicleid":19158,"vehiclenumber":"KA57F2371","servicetypeid":72,"servicetype":"Non AC/Ordinary","centerlat":12.95909,"centerlong":77.527237,"eta":"","sch_arrivaltime":"11:04","sch_departuretime":"11:04","actual_arrivaltime":"","actual_departuretime":"","sch_tripstarttime":"10:30","sch_tripendtime":"10:30","lastlocationid":0,"currentlocationid":36352,"nextlocationid":0,"currentstop":null,"nextstop":null,"laststop":null,"stopCoveredStatus":0,"heading":174,"lastrefreshon":"06-08-2024 03:03:24","lastreceiveddatetimeflag":0,"tripposition":3}]},{"routeid":7971,"stationid":20975,"stationname":"Magadi Road TollGate","from":"Shivajinagara Bus Station","to":"GKW Layout","routeno":"63-B","distance_on_station":11.821,"centerlat":12.97437,"centerlong":77.54902,"responsecode":200,"isnotify":0,"vehicleDetails":[{"vehicleid":19158,"vehiclenumber":"KA57F2371","servicetypeid":72,"servicetype":"Non AC/Ordinary","centerlat":12.95909,"centerlong":77.527237,"eta":"","sch_arrivaltime":"11:05","sch_departuretime":"11:05","actual_arrivaltime":"","actual_departuretime":"","sch_tripstarttime":"10:30","sch_tripendtime":"10:30","lastlocationid":0,"currentlocationid":36352,"nextlocationid":0,"currentstop":null,"nextstop":null,"laststop":null,"stopCoveredStatus":0,"heading":174,"lastrefreshon":"06-08-2024 03:03:24","lastreceiveddatetimeflag":0,"tripposition":3}]},{"routeid":7971,"stationid":20996,"stationname":"Manuvana","from":"Shivajinagara Bus Station","to":"GKW Layout","routeno":"63-B","distance_on_station":12.151,"centerlat":12.97401,"centerlong":77.54656,"responsecode":200,"isnotify":0,"vehicleDetails":[{"vehicleid":19158,"vehiclenumber":"KA57F2371","servicetypeid":72,"servicetype":"Non AC/Ordinary","centerlat":12.95909,"centerlong":77.527237,"eta":"","sch_arrivaltime":"11:06","sch_departuretime":"11:06","actual_arrivaltime":"","actual_departuretime":"","sch_tripstarttime":"10:30","sch_tripendtime":"10:30","lastlocationid":0,"currentlocationid":36352,"nextlocationid":0,"currentstop":null,"nextstop":null,"laststop":null,"stopCoveredStatus":0,"heading":174,"lastrefreshon":"06-08-2024 03:03:24","lastreceiveddatetimeflag":0,"tripposition":3}]},{"routeid":7971,"stationid":21269,"stationname":"Vijayanagara Vijaya Bank","from":"Shivajinagara Bus Station","to":"GKW Layout","routeno":"63-B","distance_on_station":12.768,"centerlat":12.97359,"centerlong":77.54155,"responsecode":200,"isnotify":0,"vehicleDetails":[{"vehicleid":19158,"vehiclenumber":"KA57F2371","servicetypeid":72,"servicetype":"Non AC/Ordinary","centerlat":12.95909,"centerlong":77.527237,"eta":"","sch_arrivaltime":"11:07","sch_departuretime":"11:07","actual_arrivaltime":"","actual_departuretime":"","sch_tripstarttime":"10:30","sch_tripendtime":"10:30","lastlocationid":0,"currentlocationid":36352,"nextlocationid":0,"currentstop":null,"nextstop":null,"laststop":null,"stopCoveredStatus":0,"heading":174,"lastrefreshon":"06-08-2024 03:03:24","lastreceiveddatetimeflag":0,"tripposition":3}]},{"routeid":7971,"stationid":21623,"stationname":"Vijayanagara","from":"Shivajinagara Bus Station","to":"GKW Layout","routeno":"63-B","distance_on_station":13.275,"centerlat":12.97197,"centerlong":77.53786,"responsecode":200,"isnotify":0,"vehicleDetails":[{"vehicleid":19158,"vehiclenumber":"KA57F2371","servicetypeid":72,"servicetype":"Non AC/Ordinary","centerlat":12.95909,"centerlong":77.527237,"eta":"","sch_arrivaltime":"11:08","sch_departuretime":"11:08","actual_arrivaltime":"","actual_departuretime":"","sch_tripstarttime":"10:30","sch_tripendtime":"10:30","lastlocationid":0,"currentlocationid":36352,"nextlocationid":0,"currentstop":null,"nextstop":null,"laststop":null,"stopCoveredStatus":0,"heading":174,"lastrefreshon":"06-08-2024 03:03:24","lastreceiveddatetimeflag":0,"tripposition":3}]},{"routeid":7971,"stationid":21010,"stationname":"Maruthi Mandira","from":"Shivajinagara Bus Station","to":"GKW Layout","routeno":"63-B","distance_on_station":13.803,"centerlat":12.96785,"centerlong":77.53637,"responsecode":200,"isnotify":0,"vehicleDetails":[{"vehicleid":19158,"vehiclenumber":"KA57F2371","servicetypeid":72,"servicetype":"Non AC/Ordinary","centerlat":12.95909,"centerlong":77.527237,"eta":"","sch_arrivaltime":"11:09","sch_departuretime":"11:09","actual_arrivaltime":"","actual_departuretime":"","sch_tripstarttime":"10:30","sch_tripendtime":"10:30","lastlocationid":0,"currentlocationid":36352,"nextlocationid":0,"currentstop":null,"nextstop":null,"laststop":null,"stopCoveredStatus":0,"heading":174,"lastrefreshon":"06-08-2024 03:03:24","lastreceiveddatetimeflag":0,"tripposition":3}]},{"routeid":7971,"stationid":34878,"stationname":"Vijayanagara Garage","from":"Shivajinagara Bus Station","to":"GKW Layout","routeno":"63-B","distance_on_station":14.332,"centerlat":12.96449,"centerlong":77.53437,"responsecode":200,"isnotify":0,"vehicleDetails":[{"vehicleid":19158,"vehiclenumber":"KA57F2371","servicetypeid":72,"servicetype":"Non AC/Ordinary","centerlat":12.95909,"centerlong":77.527237,"eta":"","sch_arrivaltime":"11:12","sch_departuretime":"11:12","actual_arrivaltime":"","actual_departuretime":"","sch_tripstarttime":"10:30","sch_tripendtime":"10:30","lastlocationid":0,"currentlocationid":36352,"nextlocationid":0,"currentstop":null,"nextstop":null,"laststop":null,"stopCoveredStatus":0,"heading":174,"lastrefreshon":"06-08-2024 03:03:24","lastreceiveddatetimeflag":0,"tripposition":3}]},{"routeid":7971,"stationid":36351,"stationname":"Subbanna Garden","from":"Shivajinagara Bus Station","to":"GKW Layout","routeno":"63-B","distance_on_station":14.597,"centerlat":12.96464,"centerlong":77.53225,"responsecode":200,"isnotify":0,"vehicleDetails":[{"vehicleid":19158,"vehiclenumber":"KA57F2371","servicetypeid":72,"servicetype":"Non AC/Ordinary","centerlat":12.95909,"centerlong":77.527237,"eta":"","sch_arrivaltime":"11:13","sch_departuretime":"11:13","actual_arrivaltime":"","actual_departuretime":"","sch_tripstarttime":"10:30","sch_tripendtime":"10:30","lastlocationid":0,"currentlocationid":36352,"nextlocationid":0,"currentstop":null,"nextstop":null,"laststop":null,"stopCoveredStatus":0,"heading":174,"lastrefreshon":"06-08-2024 03:03:24","lastreceiveddatetimeflag":0,"tripposition":3}]},{"routeid":7971,"stationid":36352,"stationname":"Vinayaka Layout","from":"Shivajinagara Bus Station","to":"GKW Layout","routeno":"63-B","distance_on_station":14.828,"centerlat":12.96486,"centerlong":77.53038,"responsecode":200,"isnotify":0,"vehicleDetails":[{"vehicleid":19158,"vehiclenumber":"KA57F2371","servicetypeid":72,"servicetype":"Non AC/Ordinary","centerlat":12.95909,"centerlong":77.527237,"eta":"","sch_arrivaltime":"11:14","sch_departuretime":"11:14","actual_arrivaltime":"","actual_departuretime":"","sch_tripstarttime":"10:30","sch_tripendtime":"10:30","lastlocationid":0,"currentlocationid":36352,"nextlocationid":0,"currentstop":null,"nextstop":null,"laststop":null,"stopCoveredStatus":0,"heading":174,"lastrefreshon":"06-08-2024 03:03:24","lastreceiveddatetimeflag":0,"tripposition":3}]},{"routeid":7971,"stationid":25436,"stationname":"GKW Layout","from":"Shivajinagara Bus Station","to":"GKW Layout","routeno":"63-B","distance_on_station":15.5,"centerlat":12.96802,"centerlong":77.52845,"responsecode":200,"isnotify":0,"vehicleDetails":[{"vehicleid":19158,"vehiclenumber":"KA57F2371","servicetypeid":72,"servicetype":"Non AC/Ordinary","centerlat":12.95909,"centerlong":77.527237,"eta":"","sch_arrivaltime":"11:16","sch_departuretime":"11:16","actual_arrivaltime":"","actual_departuretime":"","sch_tripstarttime":"10:30","sch_tripendtime":"10:30","lastlocationid":0,"currentlocationid":36352,"nextlocationid":0,"currentstop":null,"nextstop":null,"laststop":null,"stopCoveredStatus":0,"heading":174,"lastrefreshon":"06-08-2024 03:03:24","lastreceiveddatetimeflag":0,"tripposition":1}]}],"mapData":[{"vehicleid":19158,"vehiclenumber":"KA57F2371","servicetypeid":72,"servicetype":"Non AC/Ordinary","centerlat":12.95909,"centerlong":77.527237,"eta":"","sch_arrivaltime":"11:16","sch_departuretime":"11:16","actual_arrivaltime":"","actual_departuretime":"","sch_tripstarttime":"10:30","sch_tripendtime":"10:30","lastlocationid":0,"currentlocationid":36352,"nextlocationid":0,"currentstop":null,"nextstop":null,"laststop":null,"stopCoveredStatus":0,"heading":174,"lastrefreshon":"06-08-2024 03:03:24","lastreceiveddatetimeflag":0,"tripposition":1}]},"message":"Success","issuccess":true,"exception":null,"rowCount":0,"responsecode":200}