{"up":{"data":[],"mapData":[]},"down":{"data":[{"routeid":7917,"stationid":24059,"stationname":"Basaveshwaranagara New Bus Stand","from":"Kamalanagara BEML Layout","to":"Shivajinagara Bus Station","routeno":"68","distance_on_station":0,"centerlat":12.98832,"centerlong":77.5336,"responsecode":200,"isnotify":0,"vehicleDetails":[{"vehicleid":12263,"vehiclenumber":"KA57F1869","servicetypeid":72,"servicetype":"Non AC/Ordinary","centerlat":12.984341,"centerlong":77.554451,"eta":"","sch_arrivaltime":"08:35","sch_departuretime":"08:35","actual_arrivaltime":"08:29","actual_departuretime":"08:29","sch_tripstarttime":"08:30","sch_tripendtime":"08:30","lastlocationid":0,"currentlocationid":32481,"nextlocationid":0,"currentstop":null,"nextstop":null,"laststop":null,"stopCoveredStatus":1,"heading":277,"lastrefreshon":"30-08-2024 12:54:14","lastreceiveddatetimeflag":0,"tripposition":3}]},{"routeid":7917,"stationid":20812,"stationname":"Havanur Circle","from":"Kamalanagara BEML Layout","to":"Shivajinagara Bus Station","routeno":"68","distance_on_station":0.414,"centerlat":12.98797,"centerlong":77.53717,"responsecode":200,"isnotify":0,"vehicleDetails":[{"vehicleid":12263,"vehiclenumber":"KA57F1869","servicetypeid":72,"servicetype":"Non AC/Ordinary","centerlat":12.984341,"centerlong":77.554451,"eta":"","sch_arrivaltime":"08:38","sch_departuretime":"08:38","actual_arrivaltime":"08:29","actual_departuretime":"08:30","sch_tripstarttime":"08:30","sch_tripendtime":"08:30","lastlocationid":0,"currentlocationid":32481,"nextlocationid":0,"currentstop":null,"nextstop":null,"laststop":null,"stopCoveredStatus":1,"heading":277,"lastrefreshon":"30-08-2024 12:54:14","lastreceiveddatetimeflag":0,"tripposition":3}]},{"routeid":7917,"stationid":35265,"stationname":"Havanur Circle","from":"Kamalanagara BEML Layout","to":"Shivajinagara Bus Station","routeno":"68","distance_on_station":0.516,"centerlat":12.98789,"centerlong":77.53807,"responsecode":200,"isnotify":0,"vehicleDetails":[{"vehicleid":12263,"vehiclenumber":"KA57F1869","servicetypeid":72,"servicetype":"Non AC/Ordinary","centerlat":12.984341,"centerlong":77.554451,"eta":"","sch_arrivaltime":"08:39","sch_departuretime":"08:39","actual_arrivaltime":"08:30","actual_departuretime":"08:30","sch_tripstarttime":"08:30","sch_tripendtime":"08:30","lastlocationid":0,"currentlocationid":32481,"nextlocationid":0,"currentstop":null,"nextstop":null,"laststop":null,"stopCoveredStatus":1,"heading":277,"lastrefreshon":"30-08-2024 12:54:14","lastreceiveddatetimeflag":0,"tripposition":3}]},{"routeid":7917,"stationid":21496,"stationname":"Dasarahalli Kere","from":"Kamalanagara BEML Layout","to":"Shivajinagara Bus Station","routeno":"68","distance_on_station":0.98,"centerlat":12.98595,"centerlong":77.54179,"responsecode":200,"isnotify":0,"vehicleDetails":[{"vehicleid":12263,"vehiclenumber":"KA57F1869","servicetypeid":72,"servicetype":"Non AC/Ordinary","centerlat":12.984341,"centerlong":77.554451,"eta":"","sch_arrivaltime":"08:40","sch_departuretime":"08:40","actual_arrivaltime":"08:31","actual_departuretime":"08:32","sch_tripstarttime":"08:30","sch_tripendtime":"08:30","lastlocationid":0,"currentlocationid":32481,"nextlocationid":0,"currentstop":null,"nextstop":null,"laststop":null,"stopCoveredStatus":1,"heading":277,"lastrefreshon":"30-08-2024 12:54:14","lastreceiveddatetimeflag":0,"tripposition":3}]},{"routeid":7917,"stationid":24068,"stationname":"Industrial Town Rajajinagara","from":"Kamalanagara BEML Layout","to":"Shivajinagara Bus Station","routeno":"68","distance_on_station":1.698,"centerlat":12.98453,"centerlong":77.54819,"responsecode":200,"isnotify":0,"vehicleDetails":[{"vehicleid":12263,"vehiclenumber":"KA57F1869","servicetypeid":72,"servicetype":"Non AC/Ordinary","centerlat":12.984341,"centerlong":77.554451,"eta":"","sch_arrivaltime":"08:42","sch_departuretime":"08:42","actual_arrivaltime":"08:34","actual_departuretime":"08:35","sch_tripstarttime":"08:30","sch_tripendtime":"08:30","lastlocationid":0,"currentlocationid":32481,"nextlocationid":0,"currentstop":null,"nextstop":null,"laststop":null,"stopCoveredStatus":1,"heading":277,"lastrefreshon":"30-08-2024 12:54:14","lastreceiveddatetimeflag":0,"tripposition":3}]},{"routeid":7917,"stationid":21894,"stationname":"Dhobi Ghat Rajajinagara","from":"Kamalanagara BEML Layout","to":"Shivajinagara Bus Station","routeno":"68","distance_on_station":1.931,"centerlat":12.98565,"centerlong":77.54912,"responsecode":200,"isnotify":0,"vehicleDetails":[{"vehicleid":12263,"vehiclenumber":"KA57F1869","servicetypeid":72,"servicetype":"Non AC/Ordinary","centerlat":12.984341,"centerlong":77.554451,"eta":"","sch_arrivaltime":"08:43","sch_departuretime":"08:43","actual_arrivaltime":"08:35","actual_departuretime":"08:35","sch_tripstarttime":"08:30","sch_tripendtime":"08:30","lastlocationid":0,"currentlocationid":32481,"nextlocationid":0,"currentstop":null,"nextstop":null,"laststop":null,"stopCoveredStatus":1,"heading":277,"lastrefreshon":"30-08-2024 12:54:14","lastreceiveddatetimeflag":0,"tripposition":3}]},{"routeid":7917,"stationid":32481,"stationname":"Dhobi Ghat Rajajinagara","from":"Kamalanagara BEML Layout","to":"Shivajinagara Bus Station","routeno":"68","distance_on_station":2.335,"centerlat":12.98761,"centerlong":77.551,"responsecode":200,"isnotify":0,"vehicleDetails":[{"vehicleid":12263,"vehiclenumber":"KA57F1869","servicetypeid":72,"servicetype":"Non AC/Ordinary","centerlat":12.984341,"centerlong":77.554451,"eta":"","sch_arrivaltime":"08:44","sch_departuretime":"08:44","actual_arrivaltime":"08:37","actual_departuretime":"08:38","sch_tripstarttime":"08:30","sch_tripendtime":"08:30","lastlocationid":0,"currentlocationid":32481,"nextlocationid":0,"currentstop":null,"nextstop":null,"laststop":null,"stopCoveredStatus":1,"heading":277,"lastrefreshon":"30-08-2024 12:54:14","lastreceiveddatetimeflag":0,"tripposition":3}]},{"routeid":7917,"stationid":20776,"stationname":"ESI Hospital Rajajinagara","from":"Kamalanagara BEML Layout","to":"Shivajinagara Bus Station","routeno":"68","distance_on_station":2.82,"centerlat":12.99041,"centerlong":77.55256,"responsecode":200,"isnotify":0,"vehicleDetails":[{"vehicleid":12263,"vehiclenumber":"KA57F1869","servicetypeid":72,"servicetype":"Non AC/Ordinary","centerlat":12.984341,"centerlong":77.554451,"eta":"","sch_arrivaltime":"08:45","sch_departuretime":"08:45","actual_arrivaltime":"08:39","actual_departuretime":"08:39","sch_tripstarttime":"08:30","sch_tripendtime":"08:30","lastlocationid":0,"currentlocationid":32481,"nextlocationid":0,"currentstop":null,"nextstop":null,"laststop":null,"stopCoveredStatus":1,"heading":277,"lastrefreshon":"30-08-2024 12:54:14","lastreceiveddatetimeflag":0,"tripposition":3}]},{"routeid":7917,"stationid":20629,"stationname":"Basaveshwara College","from":"Kamalanagara BEML Layout","to":"Shivajinagara Bus Station","routeno":"68","distance_on_station":3.265,"centerlat":12.99436,"centerlong":77.55276,"responsecode":200,"isnotify":0,"vehicleDetails":[{"vehicleid":12263,"vehiclenumber":"KA57F1869","servicetypeid":72,"servicetype":"Non AC/Ordinary","centerlat":12.984341,"centerlong":77.554451,"eta":"","sch_arrivaltime":"08:46","sch_departuretime":"08:46","actual_arrivaltime":"08:40","actual_departuretime":"08:40","sch_tripstarttime":"08:30","sch_tripendtime":"08:30","lastlocationid":0,"currentlocationid":32481,"nextlocationid":0,"currentstop":null,"nextstop":null,"laststop":null,"stopCoveredStatus":1,"heading":277,"lastrefreshon":"30-08-2024 12:54:14","lastreceiveddatetimeflag":0,"tripposition":3}]},{"routeid":7917,"stationid":22901,"stationname":"Rajajinagara 2nd Block","from":"Kamalanagara BEML Layout","to":"Shivajinagara Bus Station","routeno":"68","distance_on_station":3.558,"centerlat":12.99607,"centerlong":77.55144,"responsecode":200,"isnotify":0,"vehicleDetails":[{"vehicleid":12263,"vehiclenumber":"KA57F1869","servicetypeid":72,"servicetype":"Non AC/Ordinary","centerlat":12.984341,"centerlong":77.554451,"eta":"","sch_arrivaltime":"08:47","sch_departuretime":"08:47","actual_arrivaltime":"08:41","actual_departuretime":"08:41","sch_tripstarttime":"08:30","sch_tripendtime":"08:30","lastlocationid":0,"currentlocationid":32481,"nextlocationid":0,"currentstop":null,"nextstop":null,"laststop":null,"stopCoveredStatus":1,"heading":277,"lastrefreshon":"30-08-2024 12:54:14","lastreceiveddatetimeflag":0,"tripposition":3}]},{"routeid":7917,"stationid":21051,"stationname":"Navarang Theatre","from":"Kamalanagara BEML Layout","to":"Shivajinagara Bus Station","routeno":"68","distance_on_station":3.811,"centerlat":12.99791,"centerlong":77.55159,"responsecode":200,"isnotify":0,"vehicleDetails":[{"vehicleid":12263,"vehiclenumber":"KA57F1869","servicetypeid":72,"servicetype":"Non AC/Ordinary","centerlat":12.984341,"centerlong":77.554451,"eta":"","sch_arrivaltime":"08:48","sch_departuretime":"08:48","actual_arrivaltime":"08:43","actual_departuretime":"08:43","sch_tripstarttime":"08:30","sch_tripendtime":"08:30","lastlocationid":0,"currentlocationid":32481,"nextlocationid":0,"currentstop":null,"nextstop":null,"laststop":null,"stopCoveredStatus":1,"heading":277,"lastrefreshon":"30-08-2024 12:54:14","lastreceiveddatetimeflag":0,"tripposition":3}]},{"routeid":7917,"stationid":21008,"stationname":"Mariyappanapalya","from":"Kamalanagara BEML Layout","to":"Shivajinagara Bus Station","routeno":"68","distance_on_station":4.357,"centerlat":12.99862,"centerlong":77.55652,"responsecode":200,"isnotify":0,"vehicleDetails":[{"vehicleid":12263,"vehiclenumber":"KA57F1869","servicetypeid":72,"servicetype":"Non AC/Ordinary","centerlat":12.984341,"centerlong":77.554451,"eta":"","sch_arrivaltime":"08:50","sch_departuretime":"08:50","actual_arrivaltime":"08:45","actual_departuretime":"08:45","sch_tripstarttime":"08:30","sch_tripendtime":"08:30","lastlocationid":0,"currentlocationid":32481,"nextlocationid":0,"currentstop":null,"nextstop":null,"laststop":null,"stopCoveredStatus":1,"heading":277,"lastrefreshon":"30-08-2024 12:54:14","lastreceiveddatetimeflag":0,"tripposition":3}]},{"routeid":7917,"stationid":20811,"stationname":"Harishchandra Ghat","from":"Kamalanagara BEML Layout","to":"Shivajinagara Bus Station","routeno":"68","distance_on_station":4.822,"centerlat":12.99729,"centerlong":77.56047,"responsecode":200,"isnotify":0,"vehicleDetails":[{"vehicleid":12263,"vehiclenumber":"KA57F1869","servicetypeid":72,"servicetype":"Non AC/Ordinary","centerlat":12.984341,"centerlong":77.554451,"eta":"","sch_arrivaltime":"08:51","sch_departuretime":"08:51","actual_arrivaltime":"08:46","actual_departuretime":"08:47","sch_tripstarttime":"08:30","sch_tripendtime":"08:30","lastlocationid":0,"currentlocationid":32481,"nextlocationid":0,"currentstop":null,"nextstop":null,"laststop":null,"stopCoveredStatus":1,"heading":277,"lastrefreshon":"30-08-2024 12:54:14","lastreceiveddatetimeflag":0,"tripposition":3}]},{"routeid":7917,"stationid":20752,"stationname":"Devaiah Park","from":"Kamalanagara BEML Layout","to":"Shivajinagara Bus Station","routeno":"68","distance_on_station":5.236,"centerlat":12.99642,"centerlong":77.56419,"responsecode":200,"isnotify":0,"vehicleDetails":[{"vehicleid":12263,"vehiclenumber":"KA57F1869","servicetypeid":72,"servicetype":"Non AC/Ordinary","centerlat":12.984341,"centerlong":77.554451,"eta":"","sch_arrivaltime":"08:52","sch_departuretime":"08:52","actual_arrivaltime":"08:48","actual_departuretime":"08:49","sch_tripstarttime":"08:30","sch_tripendtime":"08:30","lastlocationid":0,"currentlocationid":32481,"nextlocationid":0,"currentstop":null,"nextstop":null,"laststop":null,"stopCoveredStatus":1,"heading":277,"lastrefreshon":"30-08-2024 12:54:14","lastreceiveddatetimeflag":0,"tripposition":3}]},{"routeid":7917,"stationid":20991,"stationname":"Malleshwara Circle","from":"Kamalanagara BEML Layout","to":"Shivajinagara Bus Station","routeno":"68","distance_on_station":5.741,"centerlat":12.9969,"centerlong":77.56866,"responsecode":200,"isnotify":0,"vehicleDetails":[{"vehicleid":12263,"vehiclenumber":"KA57F1869","servicetypeid":72,"servicetype":"Non AC/Ordinary","centerlat":12.984341,"centerlong":77.554451,"eta":"","sch_arrivaltime":"08:53","sch_departuretime":"08:53","actual_arrivaltime":"08:50","actual_departuretime":"08:50","sch_tripstarttime":"08:30","sch_tripendtime":"08:30","lastlocationid":0,"currentlocationid":32481,"nextlocationid":0,"currentstop":null,"nextstop":null,"laststop":null,"stopCoveredStatus":1,"heading":277,"lastrefreshon":"30-08-2024 12:54:14","lastreceiveddatetimeflag":0,"tripposition":3}]},{"routeid":7917,"stationid":20971,"stationname":"Link Road","from":"Kamalanagara BEML Layout","to":"Shivajinagara Bus Station","routeno":"68","distance_on_station":6.54,"centerlat":12.99426,"centerlong":77.57388,"responsecode":200,"isnotify":0,"vehicleDetails":[{"vehicleid":12263,"vehiclenumber":"KA57F1869","servicetypeid":72,"servicetype":"Non AC/Ordinary","centerlat":12.984341,"centerlong":77.554451,"eta":"","sch_arrivaltime":"08:56","sch_departuretime":"08:56","actual_arrivaltime":"08:52","actual_departuretime":"08:53","sch_tripstarttime":"08:30","sch_tripendtime":"08:30","lastlocationid":0,"currentlocationid":32481,"nextlocationid":0,"currentstop":null,"nextstop":null,"laststop":null,"stopCoveredStatus":1,"heading":277,"lastrefreshon":"30-08-2024 12:54:14","lastreceiveddatetimeflag":0,"tripposition":3}]},{"routeid":7917,"stationid":35073,"stationname":"Swastik Sheshadripuram College","from":"Kamalanagara BEML Layout","to":"Shivajinagara Bus Station","routeno":"68","distance_on_station":7.217,"centerlat":12.98916,"centerlong":77.57416,"responsecode":200,"isnotify":0,"vehicleDetails":[{"vehicleid":12263,"vehiclenumber":"KA57F1869","servicetypeid":72,"servicetype":"Non AC/Ordinary","centerlat":12.984341,"centerlong":77.554451,"eta":"","sch_arrivaltime":"08:59","sch_departuretime":"08:59","actual_arrivaltime":"08:54","actual_departuretime":"08:55","sch_tripstarttime":"08:30","sch_tripendtime":"08:30","lastlocationid":0,"currentlocationid":32481,"nextlocationid":0,"currentstop":null,"nextstop":null,"laststop":null,"stopCoveredStatus":1,"heading":277,"lastrefreshon":"30-08-2024 12:54:14","lastreceiveddatetimeflag":0,"tripposition":3}]},{"routeid":7917,"stationid":24239,"stationname":"Shivananda Store","from":"Kamalanagara BEML Layout","to":"Shivajinagara Bus Station","routeno":"68","distance_on_station":7.874,"centerlat":12.98724,"centerlong":77.57873,"responsecode":200,"isnotify":0,"vehicleDetails":[{"vehicleid":12263,"vehiclenumber":"KA57F1869","servicetypeid":72,"servicetype":"Non AC/Ordinary","centerlat":12.984341,"centerlong":77.554451,"eta":"","sch_arrivaltime":"09:01","sch_departuretime":"09:01","actual_arrivaltime":"08:56","actual_departuretime":"08:57","sch_tripstarttime":"08:30","sch_tripendtime":"08:30","lastlocationid":0,"currentlocationid":32481,"nextlocationid":0,"currentstop":null,"nextstop":null,"laststop":null,"stopCoveredStatus":1,"heading":277,"lastrefreshon":"30-08-2024 12:54:14","lastreceiveddatetimeflag":0,"tripposition":3}]},{"routeid":7917,"stationid":22699,"stationname":"RC College","from":"Kamalanagara BEML Layout","to":"Shivajinagara Bus Station","routeno":"68","distance_on_station":8.794,"centerlat":12.98416,"centerlong":77.58696,"responsecode":200,"isnotify":0,"vehicleDetails":[{"vehicleid":12263,"vehiclenumber":"KA57F1869","servicetypeid":72,"servicetype":"Non AC/Ordinary","centerlat":12.984341,"centerlong":77.554451,"eta":"","sch_arrivaltime":"09:03","sch_departuretime":"09:03","actual_arrivaltime":"08:58","actual_departuretime":"08:59","sch_tripstarttime":"08:30","sch_tripendtime":"08:30","lastlocationid":0,"currentlocationid":32481,"nextlocationid":0,"currentstop":null,"nextstop":null,"laststop":null,"stopCoveredStatus":1,"heading":277,"lastrefreshon":"30-08-2024 12:54:14","lastreceiveddatetimeflag":0,"tripposition":3}]},{"routeid":7917,"stationid":23356,"stationname":"Sophiya School","from":"Kamalanagara BEML Layout","to":"Shivajinagara Bus Station","routeno":"68","distance_on_station":9.107,"centerlat":12.98609,"centerlong":77.58864,"responsecode":200,"isnotify":0,"vehicleDetails":[{"vehicleid":12263,"vehiclenumber":"KA57F1869","servicetypeid":72,"servicetype":"Non AC/Ordinary","centerlat":12.984341,"centerlong":77.554451,"eta":"","sch_arrivaltime":"09:04","sch_departuretime":"09:04","actual_arrivaltime":"09:00","actual_departuretime":"09:00","sch_tripstarttime":"08:30","sch_tripendtime":"08:30","lastlocationid":0,"currentlocationid":32481,"nextlocationid":0,"currentstop":null,"nextstop":null,"laststop":null,"stopCoveredStatus":1,"heading":277,"lastrefreshon":"30-08-2024 12:54:14","lastreceiveddatetimeflag":0,"tripposition":3}]},{"routeid":7917,"stationid":23235,"stationname":"Avinash Petrol Bunk","from":"Kamalanagara BEML Layout","to":"Shivajinagara Bus Station","routeno":"68","distance_on_station":9.623,"centerlat":12.99045,"centerlong":77.58862,"responsecode":200,"isnotify":0,"vehicleDetails":[{"vehicleid":12263,"vehiclenumber":"KA57F1869","servicetypeid":72,"servicetype":"Non AC/Ordinary","centerlat":12.984341,"centerlong":77.554451,"eta":"","sch_arrivaltime":"09:05","sch_departuretime":"09:05","actual_arrivaltime":"09:02","actual_departuretime":"09:02","sch_tripstarttime":"08:30","sch_tripendtime":"08:30","lastlocationid":0,"currentlocationid":32481,"nextlocationid":0,"currentstop":null,"nextstop":null,"laststop":null,"stopCoveredStatus":1,"heading":277,"lastrefreshon":"30-08-2024 12:54:14","lastreceiveddatetimeflag":0,"tripposition":3}]},{"routeid":7917,"stationid":22585,"stationname":"Vasantha Nagara","from":"Kamalanagara BEML Layout","to":"Shivajinagara Bus Station","routeno":"68","distance_on_station":10.543,"centerlat":12.99278,"centerlong":77.59503,"responsecode":200,"isnotify":0,"vehicleDetails":[{"vehicleid":12263,"vehiclenumber":"KA57F1869","servicetypeid":72,"servicetype":"Non AC/Ordinary","centerlat":12.984341,"centerlong":77.554451,"eta":"","sch_arrivaltime":"09:08","sch_departuretime":"09:08","actual_arrivaltime":"09:04","actual_departuretime":"09:04","sch_tripstarttime":"08:30","sch_tripendtime":"08:30","lastlocationid":0,"currentlocationid":32481,"nextlocationid":0,"currentstop":null,"nextstop":null,"laststop":null,"stopCoveredStatus":1,"heading":277,"lastrefreshon":"30-08-2024 12:54:14","lastreceiveddatetimeflag":0,"tripposition":3}]},{"routeid":7917,"stationid":21805,"stationname":"Cantonment Railway Station","from":"Kamalanagara BEML Layout","to":"Shivajinagara Bus Station","routeno":"68","distance_on_station":10.846,"centerlat":12.99384,"centerlong":77.59712,"responsecode":200,"isnotify":0,"vehicleDetails":[{"vehicleid":12263,"vehiclenumber":"KA57F1869","servicetypeid":72,"servicetype":"Non AC/Ordinary","centerlat":12.984341,"centerlong":77.554451,"eta":"","sch_arrivaltime":"09:09","sch_departuretime":"09:09","actual_arrivaltime":"09:06","actual_departuretime":"09:06","sch_tripstarttime":"08:30","sch_tripendtime":"08:30","lastlocationid":0,"currentlocationid":32481,"nextlocationid":0,"currentstop":null,"nextstop":null,"laststop":null,"stopCoveredStatus":1,"heading":277,"lastrefreshon":"30-08-2024 12:54:14","lastreceiveddatetimeflag":0,"tripposition":3}]},{"routeid":7917,"stationid":20855,"stationname":"Indian Express","from":"Kamalanagara BEML Layout","to":"Shivajinagara Bus Station","routeno":"68","distance_on_station":12.281,"centerlat":12.98408,"centerlong":77.59827,"responsecode":200,"isnotify":0,"vehicleDetails":[{"vehicleid":12263,"vehiclenumber":"KA57F1869","servicetypeid":72,"servicetype":"Non AC/Ordinary","centerlat":12.984341,"centerlong":77.554451,"eta":"","sch_arrivaltime":"09:12","sch_departuretime":"09:12","actual_arrivaltime":"","actual_departuretime":"","sch_tripstarttime":"08:30","sch_tripendtime":"08:30","lastlocationid":0,"currentlocationid":32481,"nextlocationid":0,"currentstop":null,"nextstop":null,"laststop":null,"stopCoveredStatus":1,"heading":277,"lastrefreshon":"30-08-2024 12:54:14","lastreceiveddatetimeflag":0,"tripposition":3}]},{"routeid":7917,"stationid":21173,"stationname":"Shivajinagara Bus Station","from":"Kamalanagara BEML Layout","to":"Shivajinagara Bus Station","routeno":"68","distance_on_station":13.1,"centerlat":12.98328,"centerlong":77.60304,"responsecode":200,"isnotify":0,"vehicleDetails":[{"vehicleid":12263,"vehiclenumber":"KA57F1869","servicetypeid":72,"servicetype":"Non AC/Ordinary","centerlat":12.984341,"centerlong":77.554451,"eta":"","sch_arrivaltime":"09:16","sch_departuretime":"09:16","actual_arrivaltime":"09:11","actual_departuretime":"","sch_tripstarttime":"08:30","sch_tripendtime":"08:30","lastlocationid":0,"currentlocationid":32481,"nextlocationid":0,"currentstop":null,"nextstop":null,"laststop":null,"stopCoveredStatus":1,"heading":277,"lastrefreshon":"30-08-2024 12:54:14","lastreceiveddatetimeflag":0,"tripposition":3}]}],"mapData":[{"vehicleid":12263,"vehiclenumber":"KA57F1869","servicetypeid":72,"servicetype":"Non AC/Ordinary","centerlat":12.984341,"centerlong":77.554451,"eta":"","sch_arrivaltime":"09:16","sch_departuretime":"09:16","actual_arrivaltime":"09:11","actual_departuretime":"","sch_tripstarttime":"08:30","sch_tripendtime":"08:30","lastlocationid":0,"currentlocationid":32481,"nextlocationid":0,"currentstop":null,"nextstop":null,"laststop":null,"stopCoveredStatus":1,"heading":277,"lastrefreshon":"30-08-2024 12:54:14","lastreceiveddatetimeflag":0,"tripposition":3}]},"message":"Success","issuccess":true,"exception":null,"rowCount":0,"responsecode":200}