{"up":{"data":[],"mapData":[]},"down":{"data":[{"routeid":9509,"stationid":27990,"stationname":"Ravi Badavane Jai Maruthi Nagara","from":"Ravi Badavane Jai Maruthi Nagara","to":"Kempegowda Bus Station","routeno":"80-D","distance_on_station":0,"centerlat":13.00673,"centerlong":77.5323,"responsecode":200,"isnotify":0,"vehicleDetails":[{"vehicleid":18375,"vehiclenumber":"KA42F1706","servicetypeid":72,"servicetype":"Non AC/Ordinary","centerlat":13.017458,"centerlong":77.555489,"eta":"","sch_arrivaltime":"11:25","sch_departuretime":"11:25","actual_arrivaltime":"","actual_departuretime":"","sch_tripstarttime":"11:25","sch_tripendtime":"11:25","lastlocationid":0,"currentlocationid":24188,"nextlocationid":0,"currentstop":null,"nextstop":null,"laststop":null,"stopCoveredStatus":0,"heading":24,"lastrefreshon":"26-07-2024 23:00:17","lastreceiveddatetimeflag":0,"tripposition":1}]},{"routeid":9509,"stationid":26236,"stationname":"Jai Maruthi Nagara","from":"Ravi Badavane Jai Maruthi Nagara","to":"Kempegowda Bus Station","routeno":"80-D","distance_on_station":0.197,"centerlat":13.00758,"centerlong":77.53111,"responsecode":200,"isnotify":0,"vehicleDetails":[{"vehicleid":18375,"vehiclenumber":"KA42F1706","servicetypeid":72,"servicetype":"Non AC/Ordinary","centerlat":13.017458,"centerlong":77.555489,"eta":"","sch_arrivaltime":"11:26","sch_departuretime":"11:26","actual_arrivaltime":"","actual_departuretime":"","sch_tripstarttime":"11:25","sch_tripendtime":"11:25","lastlocationid":0,"currentlocationid":24188,"nextlocationid":0,"currentstop":null,"nextstop":null,"laststop":null,"stopCoveredStatus":0,"heading":24,"lastrefreshon":"26-07-2024 23:00:17","lastreceiveddatetimeflag":0,"tripposition":3}]},{"routeid":9509,"stationid":26238,"stationname":"Jai Maruthi Nagara Circle","from":"Ravi Badavane Jai Maruthi Nagara","to":"Kempegowda Bus Station","routeno":"80-D","distance_on_station":0.558,"centerlat":13.00993,"centerlong":77.53281,"responsecode":200,"isnotify":0,"vehicleDetails":[{"vehicleid":18375,"vehiclenumber":"KA42F1706","servicetypeid":72,"servicetype":"Non AC/Ordinary","centerlat":13.017458,"centerlong":77.555489,"eta":"","sch_arrivaltime":"11:27","sch_departuretime":"11:27","actual_arrivaltime":"","actual_departuretime":"","sch_tripstarttime":"11:25","sch_tripendtime":"11:25","lastlocationid":0,"currentlocationid":24188,"nextlocationid":0,"currentstop":null,"nextstop":null,"laststop":null,"stopCoveredStatus":0,"heading":24,"lastrefreshon":"26-07-2024 23:00:17","lastreceiveddatetimeflag":0,"tripposition":3}]},{"routeid":9509,"stationid":29301,"stationname":"Nandini Layout Bus Stand","from":"Ravi Badavane Jai Maruthi Nagara","to":"Kempegowda Bus Station","routeno":"80-D","distance_on_station":1.082,"centerlat":13.01183,"centerlong":77.53574,"responsecode":200,"isnotify":0,"vehicleDetails":[{"vehicleid":18375,"vehiclenumber":"KA42F1706","servicetypeid":72,"servicetype":"Non AC/Ordinary","centerlat":13.017458,"centerlong":77.555489,"eta":"","sch_arrivaltime":"11:30","sch_departuretime":"11:30","actual_arrivaltime":"","actual_departuretime":"","sch_tripstarttime":"11:25","sch_tripendtime":"11:25","lastlocationid":0,"currentlocationid":24188,"nextlocationid":0,"currentstop":null,"nextstop":null,"laststop":null,"stopCoveredStatus":0,"heading":24,"lastrefreshon":"26-07-2024 23:00:17","lastreceiveddatetimeflag":0,"tripposition":3}]},{"routeid":9509,"stationid":34474,"stationname":"Saraswathipuram","from":"Ravi Badavane Jai Maruthi Nagara","to":"Kempegowda Bus Station","routeno":"80-D","distance_on_station":1.618,"centerlat":13.00915,"centerlong":77.53824,"responsecode":200,"isnotify":0,"vehicleDetails":[{"vehicleid":18375,"vehiclenumber":"KA42F1706","servicetypeid":72,"servicetype":"Non AC/Ordinary","centerlat":13.017458,"centerlong":77.555489,"eta":"","sch_arrivaltime":"11:33","sch_departuretime":"11:33","actual_arrivaltime":"","actual_departuretime":"","sch_tripstarttime":"11:25","sch_tripendtime":"11:25","lastlocationid":0,"currentlocationid":24188,"nextlocationid":0,"currentstop":null,"nextstop":null,"laststop":null,"stopCoveredStatus":0,"heading":24,"lastrefreshon":"26-07-2024 23:00:17","lastreceiveddatetimeflag":0,"tripposition":3}]},{"routeid":9509,"stationid":25298,"stationname":"Ganesha Temple Mahalakshmi Layout","from":"Ravi Badavane Jai Maruthi Nagara","to":"Kempegowda Bus Station","routeno":"80-D","distance_on_station":2.231,"centerlat":13.00868,"centerlong":77.54313,"responsecode":200,"isnotify":0,"vehicleDetails":[{"vehicleid":18375,"vehiclenumber":"KA42F1706","servicetypeid":72,"servicetype":"Non AC/Ordinary","centerlat":13.017458,"centerlong":77.555489,"eta":"","sch_arrivaltime":"11:34","sch_departuretime":"11:34","actual_arrivaltime":"","actual_departuretime":"","sch_tripstarttime":"11:25","sch_tripendtime":"11:25","lastlocationid":0,"currentlocationid":24188,"nextlocationid":0,"currentstop":null,"nextstop":null,"laststop":null,"stopCoveredStatus":0,"heading":24,"lastrefreshon":"26-07-2024 23:00:17","lastreceiveddatetimeflag":0,"tripposition":3}]},{"routeid":9509,"stationid":24192,"stationname":"Srinivasa Temple","from":"Ravi Badavane Jai Maruthi Nagara","to":"Kempegowda Bus Station","routeno":"80-D","distance_on_station":2.46,"centerlat":13.00835,"centerlong":77.54499,"responsecode":200,"isnotify":0,"vehicleDetails":[{"vehicleid":18375,"vehiclenumber":"KA42F1706","servicetypeid":72,"servicetype":"Non AC/Ordinary","centerlat":13.017458,"centerlong":77.555489,"eta":"","sch_arrivaltime":"11:35","sch_departuretime":"11:35","actual_arrivaltime":"","actual_departuretime":"","sch_tripstarttime":"11:25","sch_tripendtime":"11:25","lastlocationid":0,"currentlocationid":24188,"nextlocationid":0,"currentstop":null,"nextstop":null,"laststop":null,"stopCoveredStatus":0,"heading":24,"lastrefreshon":"26-07-2024 23:00:17","lastreceiveddatetimeflag":0,"tripposition":3}]},{"routeid":9509,"stationid":24188,"stationname":"Mahalakshmi Layout Entrance","from":"Ravi Badavane Jai Maruthi Nagara","to":"Kempegowda Bus Station","routeno":"80-D","distance_on_station":2.821,"centerlat":13.00779,"centerlong":77.548,"responsecode":200,"isnotify":0,"vehicleDetails":[{"vehicleid":18375,"vehiclenumber":"KA42F1706","servicetypeid":72,"servicetype":"Non AC/Ordinary","centerlat":13.017458,"centerlong":77.555489,"eta":"","sch_arrivaltime":"11:36","sch_departuretime":"11:36","actual_arrivaltime":"","actual_departuretime":"","sch_tripstarttime":"11:25","sch_tripendtime":"11:25","lastlocationid":0,"currentlocationid":24188,"nextlocationid":0,"currentstop":null,"nextstop":null,"laststop":null,"stopCoveredStatus":0,"heading":24,"lastrefreshon":"26-07-2024 23:00:17","lastreceiveddatetimeflag":0,"tripposition":3}]},{"routeid":9509,"stationid":35796,"stationname":"Rajajinagara 1st Block","from":"Ravi Badavane Jai Maruthi Nagara","to":"Kempegowda Bus Station","routeno":"80-D","distance_on_station":3.28,"centerlat":13.00476,"centerlong":77.54923,"responsecode":200,"isnotify":0,"vehicleDetails":[{"vehicleid":18375,"vehiclenumber":"KA42F1706","servicetypeid":72,"servicetype":"Non AC/Ordinary","centerlat":13.017458,"centerlong":77.555489,"eta":"","sch_arrivaltime":"11:37","sch_departuretime":"11:37","actual_arrivaltime":"","actual_departuretime":"","sch_tripstarttime":"11:25","sch_tripendtime":"11:25","lastlocationid":0,"currentlocationid":24188,"nextlocationid":0,"currentstop":null,"nextstop":null,"laststop":null,"stopCoveredStatus":0,"heading":24,"lastrefreshon":"26-07-2024 23:00:17","lastreceiveddatetimeflag":0,"tripposition":3}]},{"routeid":9509,"stationid":24193,"stationname":"Diacon Hospital","from":"Ravi Badavane Jai Maruthi Nagara","to":"Kempegowda Bus Station","routeno":"80-D","distance_on_station":3.455,"centerlat":13.00398,"centerlong":77.55002,"responsecode":200,"isnotify":0,"vehicleDetails":[{"vehicleid":18375,"vehiclenumber":"KA42F1706","servicetypeid":72,"servicetype":"Non AC/Ordinary","centerlat":13.017458,"centerlong":77.555489,"eta":"","sch_arrivaltime":"11:38","sch_departuretime":"11:38","actual_arrivaltime":"","actual_departuretime":"","sch_tripstarttime":"11:25","sch_tripendtime":"11:25","lastlocationid":0,"currentlocationid":24188,"nextlocationid":0,"currentstop":null,"nextstop":null,"laststop":null,"stopCoveredStatus":0,"heading":24,"lastrefreshon":"26-07-2024 23:00:17","lastreceiveddatetimeflag":0,"tripposition":3}]},{"routeid":9509,"stationid":24187,"stationname":"Canara Bank Rajajinagara 1st Block","from":"Ravi Badavane Jai Maruthi Nagara","to":"Kempegowda Bus Station","routeno":"80-D","distance_on_station":3.838,"centerlat":13.00089,"centerlong":77.55044,"responsecode":200,"isnotify":0,"vehicleDetails":[{"vehicleid":18375,"vehiclenumber":"KA42F1706","servicetypeid":72,"servicetype":"Non AC/Ordinary","centerlat":13.017458,"centerlong":77.555489,"eta":"","sch_arrivaltime":"11:39","sch_departuretime":"11:39","actual_arrivaltime":"","actual_departuretime":"","sch_tripstarttime":"11:25","sch_tripendtime":"11:25","lastlocationid":0,"currentlocationid":24188,"nextlocationid":0,"currentstop":null,"nextstop":null,"laststop":null,"stopCoveredStatus":0,"heading":24,"lastrefreshon":"26-07-2024 23:00:17","lastreceiveddatetimeflag":0,"tripposition":3}]},{"routeid":9509,"stationid":35290,"stationname":"Navarang Theatre","from":"Ravi Badavane Jai Maruthi Nagara","to":"Kempegowda Bus Station","routeno":"80-D","distance_on_station":4.166,"centerlat":12.99825,"centerlong":77.55096,"responsecode":200,"isnotify":0,"vehicleDetails":[{"vehicleid":18375,"vehiclenumber":"KA42F1706","servicetypeid":72,"servicetype":"Non AC/Ordinary","centerlat":13.017458,"centerlong":77.555489,"eta":"","sch_arrivaltime":"11:40","sch_departuretime":"11:40","actual_arrivaltime":"","actual_departuretime":"","sch_tripstarttime":"11:25","sch_tripendtime":"11:25","lastlocationid":0,"currentlocationid":24188,"nextlocationid":0,"currentstop":null,"nextstop":null,"laststop":null,"stopCoveredStatus":0,"heading":24,"lastrefreshon":"26-07-2024 23:00:17","lastreceiveddatetimeflag":0,"tripposition":3}]},{"routeid":9509,"stationid":22901,"stationname":"Rajajinagara 2nd Block","from":"Ravi Badavane Jai Maruthi Nagara","to":"Kempegowda Bus Station","routeno":"80-D","distance_on_station":4.428,"centerlat":12.99607,"centerlong":77.55144,"responsecode":200,"isnotify":0,"vehicleDetails":[{"vehicleid":18375,"vehiclenumber":"KA42F1706","servicetypeid":72,"servicetype":"Non AC/Ordinary","centerlat":13.017458,"centerlong":77.555489,"eta":"","sch_arrivaltime":"11:41","sch_departuretime":"11:41","actual_arrivaltime":"","actual_departuretime":"","sch_tripstarttime":"11:25","sch_tripendtime":"11:25","lastlocationid":0,"currentlocationid":24188,"nextlocationid":0,"currentstop":null,"nextstop":null,"laststop":null,"stopCoveredStatus":0,"heading":24,"lastrefreshon":"26-07-2024 23:00:17","lastreceiveddatetimeflag":0,"tripposition":3}]},{"routeid":9509,"stationid":24194,"stationname":"Basaveshwara College","from":"Ravi Badavane Jai Maruthi Nagara","to":"Kempegowda Bus Station","routeno":"80-D","distance_on_station":4.745,"centerlat":12.99439,"centerlong":77.5528,"responsecode":200,"isnotify":0,"vehicleDetails":[{"vehicleid":18375,"vehiclenumber":"KA42F1706","servicetypeid":72,"servicetype":"Non AC/Ordinary","centerlat":13.017458,"centerlong":77.555489,"eta":"","sch_arrivaltime":"11:42","sch_departuretime":"11:42","actual_arrivaltime":"","actual_departuretime":"","sch_tripstarttime":"11:25","sch_tripendtime":"11:25","lastlocationid":0,"currentlocationid":24188,"nextlocationid":0,"currentstop":null,"nextstop":null,"laststop":null,"stopCoveredStatus":0,"heading":24,"lastrefreshon":"26-07-2024 23:00:17","lastreceiveddatetimeflag":0,"tripposition":3}]},{"routeid":9509,"stationid":20777,"stationname":"ESI Hospital Rajajinagara","from":"Ravi Badavane Jai Maruthi Nagara","to":"Kempegowda Bus Station","routeno":"80-D","distance_on_station":5.194,"centerlat":12.99069,"centerlong":77.55258,"responsecode":200,"isnotify":0,"vehicleDetails":[{"vehicleid":18375,"vehiclenumber":"KA42F1706","servicetypeid":72,"servicetype":"Non AC/Ordinary","centerlat":13.017458,"centerlong":77.555489,"eta":"","sch_arrivaltime":"11:43","sch_departuretime":"11:43","actual_arrivaltime":"","actual_departuretime":"","sch_tripstarttime":"11:25","sch_tripendtime":"11:25","lastlocationid":0,"currentlocationid":24188,"nextlocationid":0,"currentstop":null,"nextstop":null,"laststop":null,"stopCoveredStatus":0,"heading":24,"lastrefreshon":"26-07-2024 23:00:17","lastreceiveddatetimeflag":0,"tripposition":3}]},{"routeid":9509,"stationid":24195,"stationname":"Rajajinagara Old Police Station","from":"Ravi Badavane Jai Maruthi Nagara","to":"Kempegowda Bus Station","routeno":"80-D","distance_on_station":5.609,"centerlat":12.98992,"centerlong":77.55545,"responsecode":200,"isnotify":0,"vehicleDetails":[{"vehicleid":18375,"vehiclenumber":"KA42F1706","servicetypeid":72,"servicetype":"Non AC/Ordinary","centerlat":13.017458,"centerlong":77.555489,"eta":"","sch_arrivaltime":"11:44","sch_departuretime":"11:44","actual_arrivaltime":"","actual_departuretime":"","sch_tripstarttime":"11:25","sch_tripendtime":"11:25","lastlocationid":0,"currentlocationid":24188,"nextlocationid":0,"currentstop":null,"nextstop":null,"laststop":null,"stopCoveredStatus":0,"heading":24,"lastrefreshon":"26-07-2024 23:00:17","lastreceiveddatetimeflag":0,"tripposition":3}]},{"routeid":9509,"stationid":24196,"stationname":"Rama Mandira Rajajinagara","from":"Ravi Badavane Jai Maruthi Nagara","to":"Kempegowda Bus Station","routeno":"80-D","distance_on_station":6.145,"centerlat":12.98623,"centerlong":77.55636,"responsecode":200,"isnotify":0,"vehicleDetails":[{"vehicleid":18375,"vehiclenumber":"KA42F1706","servicetypeid":72,"servicetype":"Non AC/Ordinary","centerlat":13.017458,"centerlong":77.555489,"eta":"","sch_arrivaltime":"11:46","sch_departuretime":"11:46","actual_arrivaltime":"","actual_departuretime":"","sch_tripstarttime":"11:25","sch_tripendtime":"11:25","lastlocationid":0,"currentlocationid":24188,"nextlocationid":0,"currentstop":null,"nextstop":null,"laststop":null,"stopCoveredStatus":0,"heading":24,"lastrefreshon":"26-07-2024 23:00:17","lastreceiveddatetimeflag":0,"tripposition":3}]},{"routeid":9509,"stationid":27860,"stationname":"Rajajinagara Entrance","from":"Ravi Badavane Jai Maruthi Nagara","to":"Kempegowda Bus Station","routeno":"80-D","distance_on_station":6.407,"centerlat":12.98445,"centerlong":77.55716,"responsecode":200,"isnotify":0,"vehicleDetails":[{"vehicleid":18375,"vehiclenumber":"KA42F1706","servicetypeid":72,"servicetype":"Non AC/Ordinary","centerlat":13.017458,"centerlong":77.555489,"eta":"","sch_arrivaltime":"11:47","sch_departuretime":"11:47","actual_arrivaltime":"","actual_departuretime":"","sch_tripstarttime":"11:25","sch_tripendtime":"11:25","lastlocationid":0,"currentlocationid":24188,"nextlocationid":0,"currentstop":null,"nextstop":null,"laststop":null,"stopCoveredStatus":0,"heading":24,"lastrefreshon":"26-07-2024 23:00:17","lastreceiveddatetimeflag":0,"tripposition":3}]},{"routeid":9509,"stationid":21199,"stationname":"Sujatha Talkies","from":"Ravi Badavane Jai Maruthi Nagara","to":"Kempegowda Bus Station","routeno":"80-D","distance_on_station":7.085,"centerlat":12.98262,"centerlong":77.56234,"responsecode":200,"isnotify":0,"vehicleDetails":[{"vehicleid":18375,"vehiclenumber":"KA42F1706","servicetypeid":72,"servicetype":"Non AC/Ordinary","centerlat":13.017458,"centerlong":77.555489,"eta":"","sch_arrivaltime":"11:48","sch_departuretime":"11:48","actual_arrivaltime":"","actual_departuretime":"","sch_tripstarttime":"11:25","sch_tripendtime":"11:25","lastlocationid":0,"currentlocationid":24188,"nextlocationid":0,"currentstop":null,"nextstop":null,"laststop":null,"stopCoveredStatus":0,"heading":24,"lastrefreshon":"26-07-2024 23:00:17","lastreceiveddatetimeflag":0,"tripposition":3}]},{"routeid":9509,"stationid":21071,"stationname":"Okalipura","from":"Ravi Badavane Jai Maruthi Nagara","to":"Kempegowda Bus Station","routeno":"80-D","distance_on_station":7.818,"centerlat":12.98267,"centerlong":77.56837,"responsecode":200,"isnotify":0,"vehicleDetails":[{"vehicleid":18375,"vehiclenumber":"KA42F1706","servicetypeid":72,"servicetype":"Non AC/Ordinary","centerlat":13.017458,"centerlong":77.555489,"eta":"","sch_arrivaltime":"11:49","sch_departuretime":"11:49","actual_arrivaltime":"","actual_departuretime":"","sch_tripstarttime":"11:25","sch_tripendtime":"11:25","lastlocationid":0,"currentlocationid":24188,"nextlocationid":0,"currentstop":null,"nextstop":null,"laststop":null,"stopCoveredStatus":0,"heading":24,"lastrefreshon":"26-07-2024 23:00:17","lastreceiveddatetimeflag":0,"tripposition":3}]},{"routeid":9509,"stationid":20922,"stationname":"Kempegowda Bus Station","from":"Ravi Badavane Jai Maruthi Nagara","to":"Kempegowda Bus Station","routeno":"80-D","distance_on_station":9.6,"centerlat":12.97749,"centerlong":77.57327,"responsecode":200,"isnotify":0,"vehicleDetails":[{"vehicleid":18375,"vehiclenumber":"KA42F1706","servicetypeid":72,"servicetype":"Non AC/Ordinary","centerlat":13.017458,"centerlong":77.555489,"eta":"","sch_arrivaltime":"11:55","sch_departuretime":"11:55","actual_arrivaltime":"","actual_departuretime":"","sch_tripstarttime":"11:25","sch_tripendtime":"11:25","lastlocationid":0,"currentlocationid":24188,"nextlocationid":0,"currentstop":null,"nextstop":null,"laststop":null,"stopCoveredStatus":0,"heading":24,"lastrefreshon":"26-07-2024 23:00:17","lastreceiveddatetimeflag":0,"tripposition":1}]}],"mapData":[{"vehicleid":18375,"vehiclenumber":"KA42F1706","servicetypeid":72,"servicetype":"Non AC/Ordinary","centerlat":13.017458,"centerlong":77.555489,"eta":"","sch_arrivaltime":"11:55","sch_departuretime":"11:55","actual_arrivaltime":"","actual_departuretime":"","sch_tripstarttime":"11:25","sch_tripendtime":"11:25","lastlocationid":0,"currentlocationid":24188,"nextlocationid":0,"currentstop":null,"nextstop":null,"laststop":null,"stopCoveredStatus":0,"heading":24,"lastrefreshon":"26-07-2024 23:00:17","lastreceiveddatetimeflag":0,"tripposition":1}]},"message":"Success","issuccess":true,"exception":null,"rowCount":0,"responsecode":200}