{"up":{"data":[],"mapData":[]},"down":{"data":[{"routeid":11431,"stationid":20921,"stationname":"Kempegowda Bus Station","from":"Kempegowda Bus Station","to":"Yeshawanthapura Bus Station","routeno":"82-A YTTMC-VSD-KBS","distance_on_station":0,"centerlat":12.97751,"centerlong":77.57141,"responsecode":200,"isnotify":0,"vehicleDetails":[{"vehicleid":21512,"vehiclenumber":"KA57F1126","servicetypeid":72,"servicetype":"Non AC/Ordinary","centerlat":13.018688,"centerlong":77.555389,"eta":"","sch_arrivaltime":"18:45","sch_departuretime":"18:45","actual_arrivaltime":"","actual_departuretime":"","sch_tripstarttime":"18:45","sch_tripendtime":"18:45","lastlocationid":0,"currentlocationid":24016,"nextlocationid":0,"currentstop":null,"nextstop":null,"laststop":null,"stopCoveredStatus":1,"heading":156,"lastrefreshon":"06-11-2024 21:00:40","lastreceiveddatetimeflag":1,"tripposition":3}]},{"routeid":11431,"stationid":20982,"stationname":"Maharani College","from":"Kempegowda Bus Station","to":"Yeshawanthapura Bus Station","routeno":"82-A YTTMC-VSD-KBS","distance_on_station":1.25,"centerlat":12.97903,"centerlong":77.5849,"responsecode":200,"isnotify":0,"vehicleDetails":[{"vehicleid":21512,"vehiclenumber":"KA57F1126","servicetypeid":72,"servicetype":"Non AC/Ordinary","centerlat":13.018688,"centerlong":77.555389,"eta":"","sch_arrivaltime":"18:51","sch_departuretime":"18:51","actual_arrivaltime":"","actual_departuretime":"","sch_tripstarttime":"18:45","sch_tripendtime":"18:45","lastlocationid":0,"currentlocationid":24016,"nextlocationid":0,"currentstop":null,"nextstop":null,"laststop":null,"stopCoveredStatus":1,"heading":156,"lastrefreshon":"06-11-2024 21:00:40","lastreceiveddatetimeflag":1,"tripposition":3}]},{"routeid":11431,"stationid":21216,"stationname":"Telephone Exchange AGO/VSD","from":"Kempegowda Bus Station","to":"Yeshawanthapura Bus Station","routeno":"82-A YTTMC-VSD-KBS","distance_on_station":1.688,"centerlat":12.98225,"centerlong":77.58852,"responsecode":200,"isnotify":0,"vehicleDetails":[{"vehicleid":21512,"vehiclenumber":"KA57F1126","servicetypeid":72,"servicetype":"Non AC/Ordinary","centerlat":13.018688,"centerlong":77.555389,"eta":"","sch_arrivaltime":"18:53","sch_departuretime":"18:53","actual_arrivaltime":"","actual_departuretime":"","sch_tripstarttime":"18:45","sch_tripendtime":"18:45","lastlocationid":0,"currentlocationid":24016,"nextlocationid":0,"currentstop":null,"nextstop":null,"laststop":null,"stopCoveredStatus":1,"heading":156,"lastrefreshon":"06-11-2024 21:00:40","lastreceiveddatetimeflag":1,"tripposition":3}]},{"routeid":11431,"stationid":24241,"stationname":"RC College","from":"Kempegowda Bus Station","to":"Yeshawanthapura Bus Station","routeno":"82-A YTTMC-VSD-KBS","distance_on_station":2.017,"centerlat":12.98398,"centerlong":77.58679,"responsecode":200,"isnotify":0,"vehicleDetails":[{"vehicleid":21512,"vehiclenumber":"KA57F1126","servicetypeid":72,"servicetype":"Non AC/Ordinary","centerlat":13.018688,"centerlong":77.555389,"eta":"","sch_arrivaltime":"18:57","sch_departuretime":"18:57","actual_arrivaltime":"","actual_departuretime":"","sch_tripstarttime":"18:45","sch_tripendtime":"18:45","lastlocationid":0,"currentlocationid":24016,"nextlocationid":0,"currentstop":null,"nextstop":null,"laststop":null,"stopCoveredStatus":1,"heading":156,"lastrefreshon":"06-11-2024 21:00:40","lastreceiveddatetimeflag":1,"tripposition":3}]},{"routeid":11431,"stationid":21174,"stationname":"Shivananda Store","from":"Kempegowda Bus Station","to":"Yeshawanthapura Bus Station","routeno":"82-A YTTMC-VSD-KBS","distance_on_station":2.603,"centerlat":12.98666,"centerlong":77.57938,"responsecode":200,"isnotify":0,"vehicleDetails":[{"vehicleid":21512,"vehiclenumber":"KA57F1126","servicetypeid":72,"servicetype":"Non AC/Ordinary","centerlat":13.018688,"centerlong":77.555389,"eta":"","sch_arrivaltime":"18:59","sch_departuretime":"18:59","actual_arrivaltime":"","actual_departuretime":"","sch_tripstarttime":"18:45","sch_tripendtime":"18:45","lastlocationid":0,"currentlocationid":24016,"nextlocationid":0,"currentstop":null,"nextstop":null,"laststop":null,"stopCoveredStatus":1,"heading":156,"lastrefreshon":"06-11-2024 21:00:40","lastreceiveddatetimeflag":1,"tripposition":3}]},{"routeid":11431,"stationid":35303,"stationname":"Swastik Sheshadripuram College","from":"Kempegowda Bus Station","to":"Yeshawanthapura Bus Station","routeno":"82-A YTTMC-VSD-KBS","distance_on_station":3.009,"centerlat":12.98798,"centerlong":77.57422,"responsecode":200,"isnotify":0,"vehicleDetails":[{"vehicleid":21512,"vehiclenumber":"KA57F1126","servicetypeid":72,"servicetype":"Non AC/Ordinary","centerlat":13.018688,"centerlong":77.555389,"eta":"","sch_arrivaltime":"19:02","sch_departuretime":"19:02","actual_arrivaltime":"","actual_departuretime":"","sch_tripstarttime":"18:45","sch_tripendtime":"18:45","lastlocationid":0,"currentlocationid":24016,"nextlocationid":0,"currentstop":null,"nextstop":null,"laststop":null,"stopCoveredStatus":1,"heading":156,"lastrefreshon":"06-11-2024 21:00:40","lastreceiveddatetimeflag":1,"tripposition":3}]},{"routeid":11431,"stationid":20702,"stationname":"Central","from":"Kempegowda Bus Station","to":"Yeshawanthapura Bus Station","routeno":"82-A YTTMC-VSD-KBS","distance_on_station":3.247,"centerlat":12.99006,"centerlong":77.57199,"responsecode":200,"isnotify":0,"vehicleDetails":[{"vehicleid":21512,"vehiclenumber":"KA57F1126","servicetypeid":72,"servicetype":"Non AC/Ordinary","centerlat":13.018688,"centerlong":77.555389,"eta":"","sch_arrivaltime":"19:03","sch_departuretime":"19:03","actual_arrivaltime":"18:41","actual_departuretime":"18:41","sch_tripstarttime":"18:45","sch_tripendtime":"18:45","lastlocationid":0,"currentlocationid":24016,"nextlocationid":0,"currentstop":null,"nextstop":null,"laststop":null,"stopCoveredStatus":1,"heading":156,"lastrefreshon":"06-11-2024 21:00:40","lastreceiveddatetimeflag":1,"tripposition":3}]},{"routeid":11431,"stationid":20990,"stationname":"Malleshwara Circle","from":"Kempegowda Bus Station","to":"Yeshawanthapura Bus Station","routeno":"82-A YTTMC-VSD-KBS","distance_on_station":3.917,"centerlat":12.99676,"centerlong":77.56877,"responsecode":200,"isnotify":0,"vehicleDetails":[{"vehicleid":21512,"vehiclenumber":"KA57F1126","servicetypeid":72,"servicetype":"Non AC/Ordinary","centerlat":13.018688,"centerlong":77.555389,"eta":"","sch_arrivaltime":"19:06","sch_departuretime":"19:06","actual_arrivaltime":"18:34","actual_departuretime":"18:35","sch_tripstarttime":"18:45","sch_tripendtime":"18:45","lastlocationid":0,"currentlocationid":24016,"nextlocationid":0,"currentstop":null,"nextstop":null,"laststop":null,"stopCoveredStatus":0,"heading":156,"lastrefreshon":"06-11-2024 21:00:40","lastreceiveddatetimeflag":1,"tripposition":3}]},{"routeid":11431,"stationid":20751,"stationname":"Devaiah Park","from":"Kempegowda Bus Station","to":"Yeshawanthapura Bus Station","routeno":"82-A YTTMC-VSD-KBS","distance_on_station":4.239,"centerlat":12.99628,"centerlong":77.56424,"responsecode":200,"isnotify":0,"vehicleDetails":[{"vehicleid":21512,"vehiclenumber":"KA57F1126","servicetypeid":72,"servicetype":"Non AC/Ordinary","centerlat":13.018688,"centerlong":77.555389,"eta":"","sch_arrivaltime":"19:07","sch_departuretime":"19:07","actual_arrivaltime":"","actual_departuretime":"","sch_tripstarttime":"18:45","sch_tripendtime":"18:45","lastlocationid":0,"currentlocationid":24016,"nextlocationid":0,"currentstop":null,"nextstop":null,"laststop":null,"stopCoveredStatus":0,"heading":156,"lastrefreshon":"06-11-2024 21:00:40","lastreceiveddatetimeflag":1,"tripposition":3}]},{"routeid":11431,"stationid":20810,"stationname":"Harishchandra Ghat","from":"Kempegowda Bus Station","to":"Yeshawanthapura Bus Station","routeno":"82-A YTTMC-VSD-KBS","distance_on_station":4.478,"centerlat":12.99695,"centerlong":77.56089,"responsecode":200,"isnotify":0,"vehicleDetails":[{"vehicleid":21512,"vehiclenumber":"KA57F1126","servicetypeid":72,"servicetype":"Non AC/Ordinary","centerlat":13.018688,"centerlong":77.555389,"eta":"","sch_arrivaltime":"19:08","sch_departuretime":"19:08","actual_arrivaltime":"18:32","actual_departuretime":"18:32","sch_tripstarttime":"18:45","sch_tripendtime":"18:45","lastlocationid":0,"currentlocationid":24016,"nextlocationid":0,"currentstop":null,"nextstop":null,"laststop":null,"stopCoveredStatus":0,"heading":156,"lastrefreshon":"06-11-2024 21:00:40","lastreceiveddatetimeflag":1,"tripposition":3}]},{"routeid":11431,"stationid":32658,"stationname":"Gayathri Nagara","from":"Kempegowda Bus Station","to":"Yeshawanthapura Bus Station","routeno":"82-A YTTMC-VSD-KBS","distance_on_station":4.619,"centerlat":12.99828,"centerlong":77.55991,"responsecode":200,"isnotify":0,"vehicleDetails":[{"vehicleid":21512,"vehiclenumber":"KA57F1126","servicetypeid":72,"servicetype":"Non AC/Ordinary","centerlat":13.018688,"centerlong":77.555389,"eta":"","sch_arrivaltime":"19:09","sch_departuretime":"19:09","actual_arrivaltime":"","actual_departuretime":"","sch_tripstarttime":"18:45","sch_tripendtime":"18:45","lastlocationid":0,"currentlocationid":24016,"nextlocationid":0,"currentstop":null,"nextstop":null,"laststop":null,"stopCoveredStatus":0,"heading":156,"lastrefreshon":"06-11-2024 21:00:40","lastreceiveddatetimeflag":1,"tripposition":3}]},{"routeid":11431,"stationid":28189,"stationname":"SBM Gayathri Nagara","from":"Kempegowda Bus Station","to":"Yeshawanthapura Bus Station","routeno":"82-A YTTMC-VSD-KBS","distance_on_station":4.748,"centerlat":12.99993,"centerlong":77.56035,"responsecode":200,"isnotify":0,"vehicleDetails":[{"vehicleid":21512,"vehiclenumber":"KA57F1126","servicetypeid":72,"servicetype":"Non AC/Ordinary","centerlat":13.018688,"centerlong":77.555389,"eta":"","sch_arrivaltime":"19:10","sch_departuretime":"19:10","actual_arrivaltime":"","actual_departuretime":"","sch_tripstarttime":"18:45","sch_tripendtime":"18:45","lastlocationid":0,"currentlocationid":24016,"nextlocationid":0,"currentstop":null,"nextstop":null,"laststop":null,"stopCoveredStatus":0,"heading":156,"lastrefreshon":"06-11-2024 21:00:40","lastreceiveddatetimeflag":1,"tripposition":3}]},{"routeid":11431,"stationid":31124,"stationname":"Kodandarama Temple","from":"Kempegowda Bus Station","to":"Yeshawanthapura Bus Station","routeno":"82-A YTTMC-VSD-KBS","distance_on_station":4.858,"centerlat":13.00141,"centerlong":77.56074,"responsecode":200,"isnotify":0,"vehicleDetails":[{"vehicleid":21512,"vehiclenumber":"KA57F1126","servicetypeid":72,"servicetype":"Non AC/Ordinary","centerlat":13.018688,"centerlong":77.555389,"eta":"","sch_arrivaltime":"19:11","sch_departuretime":"19:11","actual_arrivaltime":"18:19","actual_departuretime":"18:19","sch_tripstarttime":"18:45","sch_tripendtime":"18:45","lastlocationid":0,"currentlocationid":24016,"nextlocationid":0,"currentstop":null,"nextstop":null,"laststop":null,"stopCoveredStatus":0,"heading":156,"lastrefreshon":"06-11-2024 21:00:40","lastreceiveddatetimeflag":1,"tripposition":3}]},{"routeid":11431,"stationid":26716,"stationname":"Subramanyanagara","from":"Kempegowda Bus Station","to":"Yeshawanthapura Bus Station","routeno":"82-A YTTMC-VSD-KBS","distance_on_station":5.064,"centerlat":13.00409,"centerlong":77.56133,"responsecode":200,"isnotify":0,"vehicleDetails":[{"vehicleid":21512,"vehiclenumber":"KA57F1126","servicetypeid":72,"servicetype":"Non AC/Ordinary","centerlat":13.018688,"centerlong":77.555389,"eta":"","sch_arrivaltime":"19:12","sch_departuretime":"19:12","actual_arrivaltime":"18:20","actual_departuretime":"18:20","sch_tripstarttime":"18:45","sch_tripendtime":"18:45","lastlocationid":0,"currentlocationid":24016,"nextlocationid":0,"currentstop":null,"nextstop":null,"laststop":null,"stopCoveredStatus":0,"heading":156,"lastrefreshon":"06-11-2024 21:00:40","lastreceiveddatetimeflag":1,"tripposition":3}]},{"routeid":11431,"stationid":32205,"stationname":"Canara Bank Subramanyanagara","from":"Kempegowda Bus Station","to":"Yeshawanthapura Bus Station","routeno":"82-A YTTMC-VSD-KBS","distance_on_station":5.186,"centerlat":13.00466,"centerlong":77.55993,"responsecode":200,"isnotify":0,"vehicleDetails":[{"vehicleid":21512,"vehiclenumber":"KA57F1126","servicetypeid":72,"servicetype":"Non AC/Ordinary","centerlat":13.018688,"centerlong":77.555389,"eta":"","sch_arrivaltime":"19:13","sch_departuretime":"19:13","actual_arrivaltime":"18:20","actual_departuretime":"18:22","sch_tripstarttime":"18:45","sch_tripendtime":"18:45","lastlocationid":0,"currentlocationid":24016,"nextlocationid":0,"currentstop":null,"nextstop":null,"laststop":null,"stopCoveredStatus":0,"heading":156,"lastrefreshon":"06-11-2024 21:00:40","lastreceiveddatetimeflag":1,"tripposition":3}]},{"routeid":11431,"stationid":32588,"stationname":"East West Public School","from":"Kempegowda Bus Station","to":"Yeshawanthapura Bus Station","routeno":"82-A YTTMC-VSD-KBS","distance_on_station":5.431,"centerlat":13.00547,"centerlong":77.55647,"responsecode":200,"isnotify":0,"vehicleDetails":[{"vehicleid":21512,"vehiclenumber":"KA57F1126","servicetypeid":72,"servicetype":"Non AC/Ordinary","centerlat":13.018688,"centerlong":77.555389,"eta":"","sch_arrivaltime":"19:14","sch_departuretime":"19:14","actual_arrivaltime":"18:23","actual_departuretime":"18:23","sch_tripstarttime":"18:45","sch_tripendtime":"18:45","lastlocationid":0,"currentlocationid":24016,"nextlocationid":0,"currentstop":null,"nextstop":null,"laststop":null,"stopCoveredStatus":0,"heading":156,"lastrefreshon":"06-11-2024 21:00:40","lastreceiveddatetimeflag":1,"tripposition":3}]},{"routeid":11431,"stationid":23324,"stationname":"Vivekananda College","from":"Kempegowda Bus Station","to":"Yeshawanthapura Bus Station","routeno":"82-A YTTMC-VSD-KBS","distance_on_station":5.734,"centerlat":13.00804,"centerlong":77.55431,"responsecode":200,"isnotify":0,"vehicleDetails":[{"vehicleid":21512,"vehiclenumber":"KA57F1126","servicetypeid":72,"servicetype":"Non AC/Ordinary","centerlat":13.018688,"centerlong":77.555389,"eta":"","sch_arrivaltime":"19:15","sch_departuretime":"19:15","actual_arrivaltime":"","actual_departuretime":"","sch_tripstarttime":"18:45","sch_tripendtime":"18:45","lastlocationid":0,"currentlocationid":24016,"nextlocationid":0,"currentstop":null,"nextstop":null,"laststop":null,"stopCoveredStatus":0,"heading":156,"lastrefreshon":"06-11-2024 21:00:40","lastreceiveddatetimeflag":1,"tripposition":3}]},{"routeid":11431,"stationid":23325,"stationname":"Govt Soap Factory","from":"Kempegowda Bus Station","to":"Yeshawanthapura Bus Station","routeno":"82-A YTTMC-VSD-KBS","distance_on_station":6.095,"centerlat":13.01284,"centerlong":77.55373,"responsecode":200,"isnotify":0,"vehicleDetails":[{"vehicleid":21512,"vehiclenumber":"KA57F1126","servicetypeid":72,"servicetype":"Non AC/Ordinary","centerlat":13.018688,"centerlong":77.555389,"eta":"","sch_arrivaltime":"19:16","sch_departuretime":"19:16","actual_arrivaltime":"","actual_departuretime":"","sch_tripstarttime":"18:45","sch_tripendtime":"18:45","lastlocationid":0,"currentlocationid":24016,"nextlocationid":0,"currentstop":null,"nextstop":null,"laststop":null,"stopCoveredStatus":0,"heading":156,"lastrefreshon":"06-11-2024 21:00:40","lastreceiveddatetimeflag":1,"tripposition":3}]},{"routeid":11431,"stationid":20793,"stationname":"Govardhan Talkies","from":"Kempegowda Bus Station","to":"Yeshawanthapura Bus Station","routeno":"82-A YTTMC-VSD-KBS","distance_on_station":6.455,"centerlat":13.01781,"centerlong":77.55374,"responsecode":200,"isnotify":0,"vehicleDetails":[{"vehicleid":21512,"vehiclenumber":"KA57F1126","servicetypeid":72,"servicetype":"Non AC/Ordinary","centerlat":13.018688,"centerlong":77.555389,"eta":"","sch_arrivaltime":"19:18","sch_departuretime":"19:18","actual_arrivaltime":"","actual_departuretime":"","sch_tripstarttime":"18:45","sch_tripendtime":"18:45","lastlocationid":0,"currentlocationid":24016,"nextlocationid":0,"currentstop":null,"nextstop":null,"laststop":null,"stopCoveredStatus":0,"heading":156,"lastrefreshon":"06-11-2024 21:00:40","lastreceiveddatetimeflag":1,"tripposition":3}]},{"routeid":11431,"stationid":24016,"stationname":"Yeshawanthapura Bus Station","from":"Kempegowda Bus Station","to":"Yeshawanthapura Bus Station","routeno":"82-A YTTMC-VSD-KBS","distance_on_station":6.9,"centerlat":13.01771,"centerlong":77.55657,"responsecode":200,"isnotify":0,"vehicleDetails":[{"vehicleid":21512,"vehiclenumber":"KA57F1126","servicetypeid":72,"servicetype":"Non AC/Ordinary","centerlat":13.018688,"centerlong":77.555389,"eta":"","sch_arrivaltime":"19:19","sch_departuretime":"19:19","actual_arrivaltime":"","actual_departuretime":"","sch_tripstarttime":"18:45","sch_tripendtime":"18:45","lastlocationid":0,"currentlocationid":24016,"nextlocationid":0,"currentstop":null,"nextstop":null,"laststop":null,"stopCoveredStatus":0,"heading":156,"lastrefreshon":"06-11-2024 21:00:40","lastreceiveddatetimeflag":1,"tripposition":3}]}],"mapData":[{"vehicleid":21512,"vehiclenumber":"KA57F1126","servicetypeid":72,"servicetype":"Non AC/Ordinary","centerlat":13.018688,"centerlong":77.555389,"eta":"","sch_arrivaltime":"19:19","sch_departuretime":"19:19","actual_arrivaltime":"","actual_departuretime":"","sch_tripstarttime":"18:45","sch_tripendtime":"18:45","lastlocationid":0,"currentlocationid":24016,"nextlocationid":0,"currentstop":null,"nextstop":null,"laststop":null,"stopCoveredStatus":0,"heading":156,"lastrefreshon":"06-11-2024 21:00:40","lastreceiveddatetimeflag":1,"tripposition":3}]},"message":"Success","issuccess":true,"exception":null,"rowCount":0,"responsecode":200}