{"up":{"data":[{"routeid":13654,"stationid":38869,"stationname":"CS-Tarapura Officer Colony","from":"CS-Tarapura Officer Colony","to":"CS-Army Public School Kamaraja Road","routeno":"APS-19","distance_on_station":0,"centerlat":12.99015,"centerlong":77.61575,"responsecode":200,"isnotify":0,"vehicleDetails":[{"vehicleid":22704,"vehiclenumber":"KA57F3405","servicetypeid":72,"servicetype":"Non AC/Ordinary","centerlat":12.982157,"centerlong":77.634377,"eta":"","sch_arrivaltime":"06:30","sch_departuretime":"06:30","actual_arrivaltime":"","actual_departuretime":"","sch_tripstarttime":"06:30","sch_tripendtime":"06:30","lastlocationid":0,"currentlocationid":38869,"nextlocationid":0,"currentstop":null,"nextstop":null,"laststop":null,"stopCoveredStatus":0,"heading":0,"lastrefreshon":"26-07-2024 17:24:54","lastreceiveddatetimeflag":1,"tripposition":1}]},{"routeid":13654,"stationid":36456,"stationname":"CS-Army Public School Kamaraja Road","from":"CS-Tarapura Officer Colony","to":"CS-Army Public School Kamaraja Road","routeno":"APS-19","distance_on_station":4,"centerlat":12.97867,"centerlong":77.60941,"responsecode":200,"isnotify":0,"vehicleDetails":[{"vehicleid":22704,"vehiclenumber":"KA57F3405","servicetypeid":72,"servicetype":"Non AC/Ordinary","centerlat":12.982157,"centerlong":77.634377,"eta":"","sch_arrivaltime":"06:36","sch_departuretime":"06:36","actual_arrivaltime":"","actual_departuretime":"","sch_tripstarttime":"06:30","sch_tripendtime":"06:30","lastlocationid":0,"currentlocationid":38869,"nextlocationid":0,"currentstop":null,"nextstop":null,"laststop":null,"stopCoveredStatus":0,"heading":0,"lastrefreshon":"26-07-2024 17:24:54","lastreceiveddatetimeflag":1,"tripposition":1}]}],"mapData":[{"vehicleid":22704,"vehiclenumber":"KA57F3405","servicetypeid":72,"servicetype":"Non AC/Ordinary","centerlat":12.982157,"centerlong":77.634377,"eta":"","sch_arrivaltime":"06:36","sch_departuretime":"06:36","actual_arrivaltime":"","actual_departuretime":"","sch_tripstarttime":"06:30","sch_tripendtime":"06:30","lastlocationid":0,"currentlocationid":38869,"nextlocationid":0,"currentstop":null,"nextstop":null,"laststop":null,"stopCoveredStatus":0,"heading":0,"lastrefreshon":"26-07-2024 17:24:54","lastreceiveddatetimeflag":1,"tripposition":1}]},"down":{"data":[],"mapData":[]},"message":"Success","issuccess":true,"exception":null,"rowCount":0,"responsecode":200}