{"up":{"data":[{"routeid":13704,"stationid":38866,"stationname":"CS-Ganapathi Enclave","from":"CS-Ganapathi Enclave","to":"CS-Army Public School Kamaraja Road","routeno":"APS-15","distance_on_station":0,"centerlat":12.94738,"centerlong":77.64094,"responsecode":200,"isnotify":0,"vehicleDetails":[{"vehicleid":22587,"vehiclenumber":"KA57F1538","servicetypeid":72,"servicetype":"Non AC/Ordinary","centerlat":12.941612,"centerlong":77.624992,"eta":"","sch_arrivaltime":"06:15","sch_departuretime":"06:15","actual_arrivaltime":"","actual_departuretime":"","sch_tripstarttime":"06:15","sch_tripendtime":"06:15","lastlocationid":0,"currentlocationid":38866,"nextlocationid":0,"currentstop":null,"nextstop":null,"laststop":null,"stopCoveredStatus":0,"heading":0,"lastrefreshon":"29-07-2024 02:40:18","lastreceiveddatetimeflag":0,"tripposition":1}]},{"routeid":13704,"stationid":36456,"stationname":"CS-Army Public School Kamaraja Road","from":"CS-Ganapathi Enclave","to":"CS-Army Public School Kamaraja Road","routeno":"APS-15","distance_on_station":7.7,"centerlat":12.97867,"centerlong":77.60941,"responsecode":200,"isnotify":0,"vehicleDetails":[{"vehicleid":22587,"vehiclenumber":"KA57F1538","servicetypeid":72,"servicetype":"Non AC/Ordinary","centerlat":12.941612,"centerlong":77.624992,"eta":"","sch_arrivaltime":"06:37","sch_departuretime":"06:37","actual_arrivaltime":"","actual_departuretime":"","sch_tripstarttime":"06:15","sch_tripendtime":"06:15","lastlocationid":0,"currentlocationid":38866,"nextlocationid":0,"currentstop":null,"nextstop":null,"laststop":null,"stopCoveredStatus":0,"heading":0,"lastrefreshon":"29-07-2024 02:40:18","lastreceiveddatetimeflag":0,"tripposition":1}]}],"mapData":[{"vehicleid":22587,"vehiclenumber":"KA57F1538","servicetypeid":72,"servicetype":"Non AC/Ordinary","centerlat":12.941612,"centerlong":77.624992,"eta":"","sch_arrivaltime":"06:37","sch_departuretime":"06:37","actual_arrivaltime":"","actual_departuretime":"","sch_tripstarttime":"06:15","sch_tripendtime":"06:15","lastlocationid":0,"currentlocationid":38866,"nextlocationid":0,"currentstop":null,"nextstop":null,"laststop":null,"stopCoveredStatus":0,"heading":0,"lastrefreshon":"29-07-2024 02:40:18","lastreceiveddatetimeflag":0,"tripposition":1}]},"down":{"data":[],"mapData":[]},"message":"Success","issuccess":true,"exception":null,"rowCount":0,"responsecode":200}