{"up":{"data":[{"routeid":10371,"stationid":36505,"stationname":"CS-Beguru","from":"CS-Beguru","to":"CS-BEML Factory","routeno":"BEMLB-14","distance_on_station":0,"centerlat":12.87351,"centerlong":77.6251,"responsecode":200,"isnotify":0,"vehicleDetails":[{"vehicleid":19748,"vehiclenumber":"KA57F3292","servicetypeid":72,"servicetype":"Non AC/Ordinary","centerlat":12.978431,"centerlong":77.640167,"eta":"","sch_arrivaltime":"13:30","sch_departuretime":"13:30","actual_arrivaltime":"","actual_departuretime":"","sch_tripstarttime":"13:30","sch_tripendtime":"13:30","lastlocationid":0,"currentlocationid":35746,"nextlocationid":0,"currentstop":null,"nextstop":null,"laststop":null,"stopCoveredStatus":0,"heading":99,"lastrefreshon":"26-07-2024 19:59:36","lastreceiveddatetimeflag":1,"tripposition":1}]},{"routeid":10371,"stationid":35746,"stationname":"CS-BEML Factory","from":"CS-Beguru","to":"CS-BEML Factory","routeno":"BEMLB-14","distance_on_station":23.7,"centerlat":12.97154,"centerlong":77.65928,"responsecode":200,"isnotify":0,"vehicleDetails":[{"vehicleid":19748,"vehiclenumber":"KA57F3292","servicetypeid":72,"servicetype":"Non AC/Ordinary","centerlat":12.978431,"centerlong":77.640167,"eta":"","sch_arrivaltime":"14:03","sch_departuretime":"14:03","actual_arrivaltime":"","actual_departuretime":"","sch_tripstarttime":"13:30","sch_tripendtime":"13:30","lastlocationid":0,"currentlocationid":35746,"nextlocationid":0,"currentstop":null,"nextstop":null,"laststop":null,"stopCoveredStatus":0,"heading":99,"lastrefreshon":"26-07-2024 19:59:36","lastreceiveddatetimeflag":1,"tripposition":1}]}],"mapData":[{"vehicleid":19748,"vehiclenumber":"KA57F3292","servicetypeid":72,"servicetype":"Non AC/Ordinary","centerlat":12.978431,"centerlong":77.640167,"eta":"","sch_arrivaltime":"14:03","sch_departuretime":"14:03","actual_arrivaltime":"","actual_departuretime":"","sch_tripstarttime":"13:30","sch_tripendtime":"13:30","lastlocationid":0,"currentlocationid":35746,"nextlocationid":0,"currentstop":null,"nextstop":null,"laststop":null,"stopCoveredStatus":0,"heading":99,"lastrefreshon":"26-07-2024 19:59:36","lastreceiveddatetimeflag":1,"tripposition":1}]},"down":{"data":[],"mapData":[]},"message":"Success","issuccess":true,"exception":null,"rowCount":0,"responsecode":200}