{"up":{"data":[],"mapData":[]},"down":{"data":[{"routeid":7409,"stationid":35746,"stationname":"CS-BEML Factory","from":"CS-BEML Factory","to":"CS-5th Block HBR Layout","routeno":"BEMLA-29","distance_on_station":0,"centerlat":12.97154,"centerlong":77.65928,"responsecode":200,"isnotify":0,"vehicleDetails":[{"vehicleid":22786,"vehiclenumber":"KA57F2435","servicetypeid":72,"servicetype":"Non AC/Ordinary","centerlat":13.026528,"centerlong":77.638535,"eta":"","sch_arrivaltime":"15:15","sch_departuretime":"15:15","actual_arrivaltime":"","actual_departuretime":"","sch_tripstarttime":"15:15","sch_tripendtime":"15:15","lastlocationid":0,"currentlocationid":36413,"nextlocationid":0,"currentstop":null,"nextstop":null,"laststop":null,"stopCoveredStatus":0,"heading":262,"lastrefreshon":"06-11-2024 21:29:37","lastreceiveddatetimeflag":0,"tripposition":3}]},{"routeid":7409,"stationid":36413,"stationname":"CS-5th Block HBR Layout","from":"CS-BEML Factory","to":"CS-5th Block HBR Layout","routeno":"BEMLA-29","distance_on_station":15,"centerlat":13.03545,"centerlong":77.6319,"responsecode":200,"isnotify":0,"vehicleDetails":[{"vehicleid":22786,"vehiclenumber":"KA57F2435","servicetypeid":72,"servicetype":"Non AC/Ordinary","centerlat":13.026528,"centerlong":77.638535,"eta":"","sch_arrivaltime":"15:41","sch_departuretime":"15:41","actual_arrivaltime":"","actual_departuretime":"","sch_tripstarttime":"15:15","sch_tripendtime":"15:15","lastlocationid":0,"currentlocationid":36413,"nextlocationid":0,"currentstop":null,"nextstop":null,"laststop":null,"stopCoveredStatus":0,"heading":262,"lastrefreshon":"06-11-2024 21:29:37","lastreceiveddatetimeflag":0,"tripposition":3}]}],"mapData":[{"vehicleid":22786,"vehiclenumber":"KA57F2435","servicetypeid":72,"servicetype":"Non AC/Ordinary","centerlat":13.026528,"centerlong":77.638535,"eta":"","sch_arrivaltime":"15:41","sch_departuretime":"15:41","actual_arrivaltime":"","actual_departuretime":"","sch_tripstarttime":"15:15","sch_tripendtime":"15:15","lastlocationid":0,"currentlocationid":36413,"nextlocationid":0,"currentstop":null,"nextstop":null,"laststop":null,"stopCoveredStatus":0,"heading":262,"lastrefreshon":"06-11-2024 21:29:37","lastreceiveddatetimeflag":0,"tripposition":3}]},"message":"Success","issuccess":true,"exception":null,"rowCount":0,"responsecode":200}