{"up":{"data":[{"routeid":13586,"stationid":35746,"stationname":"CS-BEML Factory","from":"CS-BEML Factory","to":"CS-Deepanjalinagara","routeno":"BEML A-17","distance_on_station":0,"centerlat":12.97154,"centerlong":77.65928,"responsecode":200,"isnotify":0,"vehicleDetails":[{"vehicleid":3164,"vehiclenumber":"KA57F2855","servicetypeid":72,"servicetype":"Non AC/Ordinary","centerlat":12.95103,"centerlong":77.536957,"eta":"","sch_arrivaltime":"15:15","sch_departuretime":"15:15","actual_arrivaltime":"","actual_departuretime":"","sch_tripstarttime":"15:15","sch_tripendtime":"15:15","lastlocationid":0,"currentlocationid":35752,"nextlocationid":0,"currentstop":null,"nextstop":null,"laststop":null,"stopCoveredStatus":0,"heading":305,"lastrefreshon":"30-08-2024 12:54:30","lastreceiveddatetimeflag":0,"tripposition":3}]},{"routeid":13586,"stationid":35752,"stationname":"CS-Deepanjalinagara","from":"CS-BEML Factory","to":"CS-Deepanjalinagara","routeno":"BEML A-17","distance_on_station":29.2,"centerlat":12.95239,"centerlong":77.5368,"responsecode":200,"isnotify":0,"vehicleDetails":[{"vehicleid":3164,"vehiclenumber":"KA57F2855","servicetypeid":72,"servicetype":"Non AC/Ordinary","centerlat":12.95103,"centerlong":77.536957,"eta":"","sch_arrivaltime":"16:04","sch_departuretime":"16:04","actual_arrivaltime":"","actual_departuretime":"","sch_tripstarttime":"15:15","sch_tripendtime":"15:15","lastlocationid":0,"currentlocationid":35752,"nextlocationid":0,"currentstop":null,"nextstop":null,"laststop":null,"stopCoveredStatus":0,"heading":305,"lastrefreshon":"30-08-2024 12:54:30","lastreceiveddatetimeflag":0,"tripposition":3}]}],"mapData":[{"vehicleid":3164,"vehiclenumber":"KA57F2855","servicetypeid":72,"servicetype":"Non AC/Ordinary","centerlat":12.95103,"centerlong":77.536957,"eta":"","sch_arrivaltime":"16:04","sch_departuretime":"16:04","actual_arrivaltime":"","actual_departuretime":"","sch_tripstarttime":"15:15","sch_tripendtime":"15:15","lastlocationid":0,"currentlocationid":35752,"nextlocationid":0,"currentstop":null,"nextstop":null,"laststop":null,"stopCoveredStatus":0,"heading":305,"lastrefreshon":"30-08-2024 12:54:30","lastreceiveddatetimeflag":0,"tripposition":3}]},"down":{"data":[],"mapData":[]},"message":"Success","issuccess":true,"exception":null,"rowCount":0,"responsecode":200}