{"up":{"data":[],"mapData":[]},"down":{"data":[{"routeid":8032,"stationid":21167,"stationname":"Shanthinagara Bus Station","from":"Shanthinagara Bus Station","to":"Vidyaranyapura Bus Station","routeno":"CALLBUS-7","distance_on_station":0,"centerlat":12.95483,"centerlong":77.59235,"responsecode":200,"isnotify":0,"vehicleDetails":[{"vehicleid":22837,"vehiclenumber":"KA57F2210","servicetypeid":72,"servicetype":"Non AC/Ordinary","centerlat":13.084236,"centerlong":77.550224,"eta":"","sch_arrivaltime":"17:40","sch_departuretime":"17:40","actual_arrivaltime":"17:37","actual_departuretime":"17:37","sch_tripstarttime":"17:40","sch_tripendtime":"17:40","lastlocationid":0,"currentlocationid":21928,"nextlocationid":0,"currentstop":null,"nextstop":null,"laststop":null,"stopCoveredStatus":1,"heading":87,"lastrefreshon":"06-11-2024 21:29:48","lastreceiveddatetimeflag":0,"tripposition":3}]},{"routeid":8032,"stationid":20928,"stationname":"KH Road","from":"Shanthinagara Bus Station","to":"Vidyaranyapura Bus Station","routeno":"CALLBUS-7","distance_on_station":0.39,"centerlat":12.95815,"centerlong":77.59299,"responsecode":200,"isnotify":0,"vehicleDetails":[{"vehicleid":22837,"vehiclenumber":"KA57F2210","servicetypeid":72,"servicetype":"Non AC/Ordinary","centerlat":13.084236,"centerlong":77.550224,"eta":"","sch_arrivaltime":"17:44","sch_departuretime":"17:44","actual_arrivaltime":"17:38","actual_departuretime":"17:38","sch_tripstarttime":"17:40","sch_tripendtime":"17:40","lastlocationid":0,"currentlocationid":21928,"nextlocationid":0,"currentstop":null,"nextstop":null,"laststop":null,"stopCoveredStatus":1,"heading":87,"lastrefreshon":"06-11-2024 21:29:48","lastreceiveddatetimeflag":0,"tripposition":3}]},{"routeid":8032,"stationid":22667,"stationname":"Pallavi Talkies","from":"Shanthinagara Bus Station","to":"Vidyaranyapura Bus Station","routeno":"CALLBUS-7","distance_on_station":1.971,"centerlat":12.9679,"centerlong":77.59102,"responsecode":200,"isnotify":0,"vehicleDetails":[{"vehicleid":22837,"vehiclenumber":"KA57F2210","servicetypeid":72,"servicetype":"Non AC/Ordinary","centerlat":13.084236,"centerlong":77.550224,"eta":"","sch_arrivaltime":"17:49","sch_departuretime":"17:49","actual_arrivaltime":"17:49","actual_departuretime":"17:49","sch_tripstarttime":"17:40","sch_tripendtime":"17:40","lastlocationid":0,"currentlocationid":21928,"nextlocationid":0,"currentstop":null,"nextstop":null,"laststop":null,"stopCoveredStatus":1,"heading":87,"lastrefreshon":"06-11-2024 21:29:48","lastreceiveddatetimeflag":0,"tripposition":3}]},{"routeid":8032,"stationid":35383,"stationname":"Mysore Bank","from":"Shanthinagara Bus Station","to":"Vidyaranyapura Bus Station","routeno":"CALLBUS-7","distance_on_station":3.219,"centerlat":12.97253,"centerlong":77.58199,"responsecode":200,"isnotify":0,"vehicleDetails":[{"vehicleid":22837,"vehiclenumber":"KA57F2210","servicetypeid":72,"servicetype":"Non AC/Ordinary","centerlat":13.084236,"centerlong":77.550224,"eta":"","sch_arrivaltime":"17:54","sch_departuretime":"17:54","actual_arrivaltime":"17:53","actual_departuretime":"17:55","sch_tripstarttime":"17:40","sch_tripendtime":"17:40","lastlocationid":0,"currentlocationid":21928,"nextlocationid":0,"currentstop":null,"nextstop":null,"laststop":null,"stopCoveredStatus":1,"heading":87,"lastrefreshon":"06-11-2024 21:29:48","lastreceiveddatetimeflag":0,"tripposition":3}]},{"routeid":8032,"stationid":20922,"stationname":"Kempegowda Bus Station","from":"Shanthinagara Bus Station","to":"Vidyaranyapura Bus Station","routeno":"CALLBUS-7","distance_on_station":4.362,"centerlat":12.97749,"centerlong":77.57327,"responsecode":200,"isnotify":0,"vehicleDetails":[{"vehicleid":22837,"vehiclenumber":"KA57F2210","servicetypeid":72,"servicetype":"Non AC/Ordinary","centerlat":13.084236,"centerlong":77.550224,"eta":"","sch_arrivaltime":"18:01","sch_departuretime":"18:01","actual_arrivaltime":"","actual_departuretime":"","sch_tripstarttime":"17:40","sch_tripendtime":"17:40","lastlocationid":0,"currentlocationid":21928,"nextlocationid":0,"currentstop":null,"nextstop":null,"laststop":null,"stopCoveredStatus":1,"heading":87,"lastrefreshon":"06-11-2024 21:29:48","lastreceiveddatetimeflag":0,"tripposition":3}]},{"routeid":8032,"stationid":20603,"stationname":"Ananda Rao Circle","from":"Shanthinagara Bus Station","to":"Vidyaranyapura Bus Station","routeno":"CALLBUS-7","distance_on_station":5.267,"centerlat":12.98115,"centerlong":77.57466,"responsecode":200,"isnotify":0,"vehicleDetails":[{"vehicleid":22837,"vehiclenumber":"KA57F2210","servicetypeid":72,"servicetype":"Non AC/Ordinary","centerlat":13.084236,"centerlong":77.550224,"eta":"","sch_arrivaltime":"18:05","sch_departuretime":"18:05","actual_arrivaltime":"","actual_departuretime":"","sch_tripstarttime":"17:40","sch_tripendtime":"17:40","lastlocationid":0,"currentlocationid":21928,"nextlocationid":0,"currentstop":null,"nextstop":null,"laststop":null,"stopCoveredStatus":1,"heading":87,"lastrefreshon":"06-11-2024 21:29:48","lastreceiveddatetimeflag":0,"tripposition":3}]},{"routeid":8032,"stationid":35303,"stationname":"Swastik Sheshadripuram College","from":"Shanthinagara Bus Station","to":"Vidyaranyapura Bus Station","routeno":"CALLBUS-7","distance_on_station":6,"centerlat":12.98798,"centerlong":77.57422,"responsecode":200,"isnotify":0,"vehicleDetails":[{"vehicleid":22837,"vehiclenumber":"KA57F2210","servicetypeid":72,"servicetype":"Non AC/Ordinary","centerlat":13.084236,"centerlong":77.550224,"eta":"","sch_arrivaltime":"18:07","sch_departuretime":"18:07","actual_arrivaltime":"","actual_departuretime":"","sch_tripstarttime":"17:40","sch_tripendtime":"17:40","lastlocationid":0,"currentlocationid":21928,"nextlocationid":0,"currentstop":null,"nextstop":null,"laststop":null,"stopCoveredStatus":1,"heading":87,"lastrefreshon":"06-11-2024 21:29:48","lastreceiveddatetimeflag":0,"tripposition":3}]},{"routeid":8032,"stationid":20702,"stationname":"Central","from":"Shanthinagara Bus Station","to":"Vidyaranyapura Bus Station","routeno":"CALLBUS-7","distance_on_station":6.352,"centerlat":12.99006,"centerlong":77.57199,"responsecode":200,"isnotify":0,"vehicleDetails":[{"vehicleid":22837,"vehiclenumber":"KA57F2210","servicetypeid":72,"servicetype":"Non AC/Ordinary","centerlat":13.084236,"centerlong":77.550224,"eta":"","sch_arrivaltime":"18:08","sch_departuretime":"18:08","actual_arrivaltime":"18:07","actual_departuretime":"18:07","sch_tripstarttime":"17:40","sch_tripendtime":"17:40","lastlocationid":0,"currentlocationid":21928,"nextlocationid":0,"currentstop":null,"nextstop":null,"laststop":null,"stopCoveredStatus":1,"heading":87,"lastrefreshon":"06-11-2024 21:29:48","lastreceiveddatetimeflag":0,"tripposition":3}]},{"routeid":8032,"stationid":20988,"stationname":"Malleshwara Circle","from":"Shanthinagara Bus Station","to":"Vidyaranyapura Bus Station","routeno":"CALLBUS-7","distance_on_station":7.181,"centerlat":12.99782,"centerlong":77.5714,"responsecode":200,"isnotify":0,"vehicleDetails":[{"vehicleid":22837,"vehiclenumber":"KA57F2210","servicetypeid":72,"servicetype":"Non AC/Ordinary","centerlat":13.084236,"centerlong":77.550224,"eta":"","sch_arrivaltime":"18:11","sch_departuretime":"18:11","actual_arrivaltime":"18:11","actual_departuretime":"18:11","sch_tripstarttime":"17:40","sch_tripendtime":"17:40","lastlocationid":0,"currentlocationid":21928,"nextlocationid":0,"currentstop":null,"nextstop":null,"laststop":null,"stopCoveredStatus":1,"heading":87,"lastrefreshon":"06-11-2024 21:29:48","lastreceiveddatetimeflag":0,"tripposition":3}]},{"routeid":8032,"stationid":20590,"stationname":"Malleshwara 8th Cross (Sampige Road)","from":"Shanthinagara Bus Station","to":"Vidyaranyapura Bus Station","routeno":"CALLBUS-7","distance_on_station":7.419,"centerlat":13.00009,"centerlong":77.57131,"responsecode":200,"isnotify":0,"vehicleDetails":[{"vehicleid":22837,"vehiclenumber":"KA57F2210","servicetypeid":72,"servicetype":"Non AC/Ordinary","centerlat":13.084236,"centerlong":77.550224,"eta":"","sch_arrivaltime":"18:13","sch_departuretime":"18:13","actual_arrivaltime":"18:12","actual_departuretime":"18:13","sch_tripstarttime":"17:40","sch_tripendtime":"17:40","lastlocationid":0,"currentlocationid":21928,"nextlocationid":0,"currentstop":null,"nextstop":null,"laststop":null,"stopCoveredStatus":1,"heading":87,"lastrefreshon":"06-11-2024 21:29:48","lastreceiveddatetimeflag":0,"tripposition":3}]},{"routeid":8032,"stationid":20561,"stationname":"Malleshwara 11th Cross","from":"Shanthinagara Bus Station","to":"Vidyaranyapura Bus Station","routeno":"CALLBUS-7","distance_on_station":7.657,"centerlat":13.00233,"centerlong":77.57133,"responsecode":200,"isnotify":0,"vehicleDetails":[{"vehicleid":22837,"vehiclenumber":"KA57F2210","servicetypeid":72,"servicetype":"Non AC/Ordinary","centerlat":13.084236,"centerlong":77.550224,"eta":"","sch_arrivaltime":"18:14","sch_departuretime":"18:14","actual_arrivaltime":"18:13","actual_departuretime":"18:13","sch_tripstarttime":"17:40","sch_tripendtime":"17:40","lastlocationid":0,"currentlocationid":21928,"nextlocationid":0,"currentstop":null,"nextstop":null,"laststop":null,"stopCoveredStatus":1,"heading":87,"lastrefreshon":"06-11-2024 21:29:48","lastreceiveddatetimeflag":0,"tripposition":3}]},{"routeid":8032,"stationid":20570,"stationname":"Malleshwara 15th Cross","from":"Shanthinagara Bus Station","to":"Vidyaranyapura Bus Station","routeno":"CALLBUS-7","distance_on_station":7.981,"centerlat":13.00541,"centerlong":77.57119,"responsecode":200,"isnotify":0,"vehicleDetails":[{"vehicleid":22837,"vehiclenumber":"KA57F2210","servicetypeid":72,"servicetype":"Non AC/Ordinary","centerlat":13.084236,"centerlong":77.550224,"eta":"","sch_arrivaltime":"18:15","sch_departuretime":"18:15","actual_arrivaltime":"18:15","actual_departuretime":"18:15","sch_tripstarttime":"17:40","sch_tripendtime":"17:40","lastlocationid":0,"currentlocationid":21928,"nextlocationid":0,"currentstop":null,"nextstop":null,"laststop":null,"stopCoveredStatus":1,"heading":87,"lastrefreshon":"06-11-2024 21:29:48","lastreceiveddatetimeflag":0,"tripposition":3}]},{"routeid":8032,"stationid":20574,"stationname":"Malleshwara 18th Cross","from":"Shanthinagara Bus Station","to":"Vidyaranyapura Bus Station","routeno":"CALLBUS-7","distance_on_station":8.371,"centerlat":13.00906,"centerlong":77.57112,"responsecode":200,"isnotify":0,"vehicleDetails":[{"vehicleid":22837,"vehiclenumber":"KA57F2210","servicetypeid":72,"servicetype":"Non AC/Ordinary","centerlat":13.084236,"centerlong":77.550224,"eta":"","sch_arrivaltime":"18:16","sch_departuretime":"18:16","actual_arrivaltime":"18:17","actual_departuretime":"18:17","sch_tripstarttime":"17:40","sch_tripendtime":"17:40","lastlocationid":0,"currentlocationid":21928,"nextlocationid":0,"currentstop":null,"nextstop":null,"laststop":null,"stopCoveredStatus":1,"heading":87,"lastrefreshon":"06-11-2024 21:29:48","lastreceiveddatetimeflag":0,"tripposition":3}]},{"routeid":8032,"stationid":21213,"stationname":"Tata Institute","from":"Shanthinagara Bus Station","to":"Vidyaranyapura Bus Station","routeno":"CALLBUS-7","distance_on_station":9.39,"centerlat":13.01514,"centerlong":77.56382,"responsecode":200,"isnotify":0,"vehicleDetails":[{"vehicleid":22837,"vehiclenumber":"KA57F2210","servicetypeid":72,"servicetype":"Non AC/Ordinary","centerlat":13.084236,"centerlong":77.550224,"eta":"","sch_arrivaltime":"18:18","sch_departuretime":"18:18","actual_arrivaltime":"18:19","actual_departuretime":"18:20","sch_tripstarttime":"17:40","sch_tripendtime":"17:40","lastlocationid":0,"currentlocationid":21928,"nextlocationid":0,"currentstop":null,"nextstop":null,"laststop":null,"stopCoveredStatus":1,"heading":87,"lastrefreshon":"06-11-2024 21:29:48","lastreceiveddatetimeflag":0,"tripposition":3}]},{"routeid":8032,"stationid":36187,"stationname":"Yeshawanthapura Circle","from":"Shanthinagara Bus Station","to":"Vidyaranyapura Bus Station","routeno":"CALLBUS-7","distance_on_station":10.143,"centerlat":13.0186,"centerlong":77.55827,"responsecode":200,"isnotify":0,"vehicleDetails":[{"vehicleid":22837,"vehiclenumber":"KA57F2210","servicetypeid":72,"servicetype":"Non AC/Ordinary","centerlat":13.084236,"centerlong":77.550224,"eta":"","sch_arrivaltime":"18:19","sch_departuretime":"18:19","actual_arrivaltime":"18:23","actual_departuretime":"18:23","sch_tripstarttime":"17:40","sch_tripendtime":"17:40","lastlocationid":0,"currentlocationid":21928,"nextlocationid":0,"currentstop":null,"nextstop":null,"laststop":null,"stopCoveredStatus":1,"heading":87,"lastrefreshon":"06-11-2024 21:29:48","lastreceiveddatetimeflag":0,"tripposition":3}]},{"routeid":8032,"stationid":22564,"stationname":"Yeshawanthapura Tollgate","from":"Shanthinagara Bus Station","to":"Vidyaranyapura Bus Station","routeno":"CALLBUS-7","distance_on_station":10.505,"centerlat":13.01793,"centerlong":77.56092,"responsecode":200,"isnotify":0,"vehicleDetails":[{"vehicleid":22837,"vehiclenumber":"KA57F2210","servicetypeid":72,"servicetype":"Non AC/Ordinary","centerlat":13.084236,"centerlong":77.550224,"eta":"","sch_arrivaltime":"18:20","sch_departuretime":"18:20","actual_arrivaltime":"","actual_departuretime":"","sch_tripstarttime":"17:40","sch_tripendtime":"17:40","lastlocationid":0,"currentlocationid":21928,"nextlocationid":0,"currentstop":null,"nextstop":null,"laststop":null,"stopCoveredStatus":1,"heading":87,"lastrefreshon":"06-11-2024 21:29:48","lastreceiveddatetimeflag":0,"tripposition":3}]},{"routeid":8032,"stationid":21691,"stationname":"Ayyappa Temple Yashawanthapura","from":"Shanthinagara Bus Station","to":"Vidyaranyapura Bus Station","routeno":"CALLBUS-7","distance_on_station":10.952,"centerlat":13.02159,"centerlong":77.56316,"responsecode":200,"isnotify":0,"vehicleDetails":[{"vehicleid":22837,"vehiclenumber":"KA57F2210","servicetypeid":72,"servicetype":"Non AC/Ordinary","centerlat":13.084236,"centerlong":77.550224,"eta":"","sch_arrivaltime":"18:21","sch_departuretime":"18:21","actual_arrivaltime":"","actual_departuretime":"","sch_tripstarttime":"17:40","sch_tripendtime":"17:40","lastlocationid":0,"currentlocationid":21928,"nextlocationid":0,"currentstop":null,"nextstop":null,"laststop":null,"stopCoveredStatus":1,"heading":87,"lastrefreshon":"06-11-2024 21:29:48","lastreceiveddatetimeflag":0,"tripposition":3}]},{"routeid":8032,"stationid":21900,"stationname":"Diwanarapalya","from":"Shanthinagara Bus Station","to":"Vidyaranyapura Bus Station","routeno":"CALLBUS-7","distance_on_station":11.524,"centerlat":13.02674,"centerlong":77.5618,"responsecode":200,"isnotify":0,"vehicleDetails":[{"vehicleid":22837,"vehiclenumber":"KA57F2210","servicetypeid":72,"servicetype":"Non AC/Ordinary","centerlat":13.084236,"centerlong":77.550224,"eta":"","sch_arrivaltime":"18:22","sch_departuretime":"18:22","actual_arrivaltime":"","actual_departuretime":"","sch_tripstarttime":"17:40","sch_tripendtime":"17:40","lastlocationid":0,"currentlocationid":21928,"nextlocationid":0,"currentstop":null,"nextstop":null,"laststop":null,"stopCoveredStatus":1,"heading":87,"lastrefreshon":"06-11-2024 21:29:48","lastreceiveddatetimeflag":0,"tripposition":3}]},{"routeid":8032,"stationid":22307,"stationname":"MS Ramaiah College","from":"Shanthinagara Bus Station","to":"Vidyaranyapura Bus Station","routeno":"CALLBUS-7","distance_on_station":11.743,"centerlat":13.02864,"centerlong":77.5616,"responsecode":200,"isnotify":0,"vehicleDetails":[{"vehicleid":22837,"vehiclenumber":"KA57F2210","servicetypeid":72,"servicetype":"Non AC/Ordinary","centerlat":13.084236,"centerlong":77.550224,"eta":"","sch_arrivaltime":"18:23","sch_departuretime":"18:23","actual_arrivaltime":"","actual_departuretime":"","sch_tripstarttime":"17:40","sch_tripendtime":"17:40","lastlocationid":0,"currentlocationid":21928,"nextlocationid":0,"currentstop":null,"nextstop":null,"laststop":null,"stopCoveredStatus":1,"heading":87,"lastrefreshon":"06-11-2024 21:29:48","lastreceiveddatetimeflag":0,"tripposition":3}]},{"routeid":8032,"stationid":22277,"stationname":"Mathikere","from":"Shanthinagara Bus Station","to":"Vidyaranyapura Bus Station","routeno":"CALLBUS-7","distance_on_station":12.505,"centerlat":13.03455,"centerlong":77.55741,"responsecode":200,"isnotify":0,"vehicleDetails":[{"vehicleid":22837,"vehiclenumber":"KA57F2210","servicetypeid":72,"servicetype":"Non AC/Ordinary","centerlat":13.084236,"centerlong":77.550224,"eta":"","sch_arrivaltime":"18:26","sch_departuretime":"18:26","actual_arrivaltime":"18:37","actual_departuretime":"18:38","sch_tripstarttime":"17:40","sch_tripendtime":"17:40","lastlocationid":0,"currentlocationid":21928,"nextlocationid":0,"currentstop":null,"nextstop":null,"laststop":null,"stopCoveredStatus":1,"heading":87,"lastrefreshon":"06-11-2024 21:29:48","lastreceiveddatetimeflag":0,"tripposition":3}]},{"routeid":8032,"stationid":21968,"stationname":"Gokula","from":"Shanthinagara Bus Station","to":"Vidyaranyapura Bus Station","routeno":"CALLBUS-7","distance_on_station":13.248,"centerlat":13.04152,"centerlong":77.55725,"responsecode":200,"isnotify":0,"vehicleDetails":[{"vehicleid":22837,"vehiclenumber":"KA57F2210","servicetypeid":72,"servicetype":"Non AC/Ordinary","centerlat":13.084236,"centerlong":77.550224,"eta":"","sch_arrivaltime":"18:27","sch_departuretime":"18:27","actual_arrivaltime":"18:40","actual_departuretime":"18:41","sch_tripstarttime":"17:40","sch_tripendtime":"17:40","lastlocationid":0,"currentlocationid":21928,"nextlocationid":0,"currentstop":null,"nextstop":null,"laststop":null,"stopCoveredStatus":1,"heading":87,"lastrefreshon":"06-11-2024 21:29:48","lastreceiveddatetimeflag":0,"tripposition":3}]},{"routeid":8032,"stationid":21734,"stationname":"BEL Circle","from":"Shanthinagara Bus Station","to":"Vidyaranyapura Bus Station","routeno":"CALLBUS-7","distance_on_station":13.733,"centerlat":13.04588,"centerlong":77.55654,"responsecode":200,"isnotify":0,"vehicleDetails":[{"vehicleid":22837,"vehiclenumber":"KA57F2210","servicetypeid":72,"servicetype":"Non AC/Ordinary","centerlat":13.084236,"centerlong":77.550224,"eta":"","sch_arrivaltime":"18:28","sch_departuretime":"18:28","actual_arrivaltime":"18:47","actual_departuretime":"18:47","sch_tripstarttime":"17:40","sch_tripendtime":"17:40","lastlocationid":0,"currentlocationid":21928,"nextlocationid":0,"currentstop":null,"nextstop":null,"laststop":null,"stopCoveredStatus":1,"heading":87,"lastrefreshon":"06-11-2024 21:29:48","lastreceiveddatetimeflag":0,"tripposition":3}]},{"routeid":8032,"stationid":21737,"stationname":"BEL Hospital","from":"Shanthinagara Bus Station","to":"Vidyaranyapura Bus Station","routeno":"CALLBUS-7","distance_on_station":14.257,"centerlat":13.05064,"centerlong":77.55745,"responsecode":200,"isnotify":0,"vehicleDetails":[{"vehicleid":22837,"vehiclenumber":"KA57F2210","servicetypeid":72,"servicetype":"Non AC/Ordinary","centerlat":13.084236,"centerlong":77.550224,"eta":"","sch_arrivaltime":"18:29","sch_departuretime":"18:29","actual_arrivaltime":"18:48","actual_departuretime":"18:48","sch_tripstarttime":"17:40","sch_tripendtime":"17:40","lastlocationid":0,"currentlocationid":21928,"nextlocationid":0,"currentstop":null,"nextstop":null,"laststop":null,"stopCoveredStatus":1,"heading":87,"lastrefreshon":"06-11-2024 21:29:48","lastreceiveddatetimeflag":0,"tripposition":3}]},{"routeid":8032,"stationid":22325,"stationname":"Nagaland Circle","from":"Shanthinagara Bus Station","to":"Vidyaranyapura Bus Station","routeno":"CALLBUS-7","distance_on_station":14.81,"centerlat":13.05567,"centerlong":77.55714,"responsecode":200,"isnotify":0,"vehicleDetails":[{"vehicleid":22837,"vehiclenumber":"KA57F2210","servicetypeid":72,"servicetype":"Non AC/Ordinary","centerlat":13.084236,"centerlong":77.550224,"eta":"","sch_arrivaltime":"18:30","sch_departuretime":"18:30","actual_arrivaltime":"18:50","actual_departuretime":"18:50","sch_tripstarttime":"17:40","sch_tripendtime":"17:40","lastlocationid":0,"currentlocationid":21928,"nextlocationid":0,"currentstop":null,"nextstop":null,"laststop":null,"stopCoveredStatus":1,"heading":87,"lastrefreshon":"06-11-2024 21:29:48","lastreceiveddatetimeflag":0,"tripposition":3}]},{"routeid":8032,"stationid":21904,"stationname":"Dodda Bommasandra Arch","from":"Shanthinagara Bus Station","to":"Vidyaranyapura Bus Station","routeno":"CALLBUS-7","distance_on_station":15.267,"centerlat":13.05835,"centerlong":77.5591,"responsecode":200,"isnotify":0,"vehicleDetails":[{"vehicleid":22837,"vehiclenumber":"KA57F2210","servicetypeid":72,"servicetype":"Non AC/Ordinary","centerlat":13.084236,"centerlong":77.550224,"eta":"","sch_arrivaltime":"18:31","sch_departuretime":"18:31","actual_arrivaltime":"18:51","actual_departuretime":"18:54","sch_tripstarttime":"17:40","sch_tripendtime":"17:40","lastlocationid":0,"currentlocationid":21928,"nextlocationid":0,"currentstop":null,"nextstop":null,"laststop":null,"stopCoveredStatus":1,"heading":87,"lastrefreshon":"06-11-2024 21:29:48","lastreceiveddatetimeflag":0,"tripposition":3}]},{"routeid":8032,"stationid":21902,"stationname":"Dodda Bommasandra","from":"Shanthinagara Bus Station","to":"Vidyaranyapura Bus Station","routeno":"CALLBUS-7","distance_on_station":15.543,"centerlat":13.06065,"centerlong":77.55889,"responsecode":200,"isnotify":0,"vehicleDetails":[{"vehicleid":22837,"vehiclenumber":"KA57F2210","servicetypeid":72,"servicetype":"Non AC/Ordinary","centerlat":13.084236,"centerlong":77.550224,"eta":"","sch_arrivaltime":"18:32","sch_departuretime":"18:32","actual_arrivaltime":"","actual_departuretime":"","sch_tripstarttime":"17:40","sch_tripendtime":"17:40","lastlocationid":0,"currentlocationid":21928,"nextlocationid":0,"currentstop":null,"nextstop":null,"laststop":null,"stopCoveredStatus":1,"heading":87,"lastrefreshon":"06-11-2024 21:29:48","lastreceiveddatetimeflag":0,"tripposition":3}]},{"routeid":8032,"stationid":21816,"stationname":"Chamundeshwari Layout","from":"Shanthinagara Bus Station","to":"Vidyaranyapura Bus Station","routeno":"CALLBUS-7","distance_on_station":15.971,"centerlat":13.06456,"centerlong":77.55949,"responsecode":200,"isnotify":0,"vehicleDetails":[{"vehicleid":22837,"vehiclenumber":"KA57F2210","servicetypeid":72,"servicetype":"Non AC/Ordinary","centerlat":13.084236,"centerlong":77.550224,"eta":"","sch_arrivaltime":"18:33","sch_departuretime":"18:33","actual_arrivaltime":"18:57","actual_departuretime":"18:57","sch_tripstarttime":"17:40","sch_tripendtime":"17:40","lastlocationid":0,"currentlocationid":21928,"nextlocationid":0,"currentstop":null,"nextstop":null,"laststop":null,"stopCoveredStatus":1,"heading":87,"lastrefreshon":"06-11-2024 21:29:48","lastreceiveddatetimeflag":0,"tripposition":3}]},{"routeid":8032,"stationid":22344,"stationname":"Nanjappa Circle","from":"Shanthinagara Bus Station","to":"Vidyaranyapura Bus Station","routeno":"CALLBUS-7","distance_on_station":16.381,"centerlat":13.06841,"centerlong":77.56022,"responsecode":200,"isnotify":0,"vehicleDetails":[{"vehicleid":22837,"vehiclenumber":"KA57F2210","servicetypeid":72,"servicetype":"Non AC/Ordinary","centerlat":13.084236,"centerlong":77.550224,"eta":"","sch_arrivaltime":"18:34","sch_departuretime":"18:34","actual_arrivaltime":"18:58","actual_departuretime":"18:58","sch_tripstarttime":"17:40","sch_tripendtime":"17:40","lastlocationid":0,"currentlocationid":21928,"nextlocationid":0,"currentstop":null,"nextstop":null,"laststop":null,"stopCoveredStatus":1,"heading":87,"lastrefreshon":"06-11-2024 21:29:48","lastreceiveddatetimeflag":0,"tripposition":3}]},{"routeid":8032,"stationid":21804,"stationname":"Canara Bank Vidyaranyapura","from":"Shanthinagara Bus Station","to":"Vidyaranyapura Bus Station","routeno":"CALLBUS-7","distance_on_station":17.133,"centerlat":13.07171,"centerlong":77.55609,"responsecode":200,"isnotify":0,"vehicleDetails":[{"vehicleid":22837,"vehiclenumber":"KA57F2210","servicetypeid":72,"servicetype":"Non AC/Ordinary","centerlat":13.084236,"centerlong":77.550224,"eta":"","sch_arrivaltime":"18:36","sch_departuretime":"18:36","actual_arrivaltime":"19:01","actual_departuretime":"19:01","sch_tripstarttime":"17:40","sch_tripendtime":"17:40","lastlocationid":0,"currentlocationid":21928,"nextlocationid":0,"currentstop":null,"nextstop":null,"laststop":null,"stopCoveredStatus":1,"heading":87,"lastrefreshon":"06-11-2024 21:29:48","lastreceiveddatetimeflag":0,"tripposition":3}]},{"routeid":8032,"stationid":21634,"stationname":"3rd Block Vidyaranyapura","from":"Shanthinagara Bus Station","to":"Vidyaranyapura Bus Station","routeno":"CALLBUS-7","distance_on_station":17.2,"centerlat":13.07223,"centerlong":77.55637,"responsecode":200,"isnotify":0,"vehicleDetails":[{"vehicleid":22837,"vehiclenumber":"KA57F2210","servicetypeid":72,"servicetype":"Non AC/Ordinary","centerlat":13.084236,"centerlong":77.550224,"eta":"","sch_arrivaltime":"18:37","sch_departuretime":"18:37","actual_arrivaltime":"19:01","actual_departuretime":"19:02","sch_tripstarttime":"17:40","sch_tripendtime":"17:40","lastlocationid":0,"currentlocationid":21928,"nextlocationid":0,"currentstop":null,"nextstop":null,"laststop":null,"stopCoveredStatus":1,"heading":87,"lastrefreshon":"06-11-2024 21:29:48","lastreceiveddatetimeflag":0,"tripposition":3}]},{"routeid":8032,"stationid":22219,"stationname":"Lakshmi Venkateshwara Temple","from":"Shanthinagara Bus Station","to":"Vidyaranyapura Bus Station","routeno":"CALLBUS-7","distance_on_station":17.457,"centerlat":13.07441,"centerlong":77.55741,"responsecode":200,"isnotify":0,"vehicleDetails":[{"vehicleid":22837,"vehiclenumber":"KA57F2210","servicetypeid":72,"servicetype":"Non AC/Ordinary","centerlat":13.084236,"centerlong":77.550224,"eta":"","sch_arrivaltime":"18:38","sch_departuretime":"18:38","actual_arrivaltime":"19:02","actual_departuretime":"19:03","sch_tripstarttime":"17:40","sch_tripendtime":"17:40","lastlocationid":0,"currentlocationid":21928,"nextlocationid":0,"currentstop":null,"nextstop":null,"laststop":null,"stopCoveredStatus":1,"heading":87,"lastrefreshon":"06-11-2024 21:29:48","lastreceiveddatetimeflag":0,"tripposition":3}]},{"routeid":8032,"stationid":22400,"stationname":"Vidyaranyapura Post Office","from":"Shanthinagara Bus Station","to":"Vidyaranyapura Bus Station","routeno":"CALLBUS-7","distance_on_station":17.705,"centerlat":13.07658,"centerlong":77.55831,"responsecode":200,"isnotify":0,"vehicleDetails":[{"vehicleid":22837,"vehiclenumber":"KA57F2210","servicetypeid":72,"servicetype":"Non AC/Ordinary","centerlat":13.084236,"centerlong":77.550224,"eta":"","sch_arrivaltime":"18:39","sch_departuretime":"18:39","actual_arrivaltime":"19:04","actual_departuretime":"19:05","sch_tripstarttime":"17:40","sch_tripendtime":"17:40","lastlocationid":0,"currentlocationid":21928,"nextlocationid":0,"currentstop":null,"nextstop":null,"laststop":null,"stopCoveredStatus":1,"heading":87,"lastrefreshon":"06-11-2024 21:29:48","lastreceiveddatetimeflag":0,"tripposition":3}]},{"routeid":8032,"stationid":21632,"stationname":"1st Block Vidyaranyapura","from":"Shanthinagara Bus Station","to":"Vidyaranyapura Bus Station","routeno":"CALLBUS-7","distance_on_station":18.61,"centerlat":13.07023,"centerlong":77.55539,"responsecode":200,"isnotify":0,"vehicleDetails":[{"vehicleid":22837,"vehiclenumber":"KA57F2210","servicetypeid":72,"servicetype":"Non AC/Ordinary","centerlat":13.084236,"centerlong":77.550224,"eta":"","sch_arrivaltime":"18:42","sch_departuretime":"18:42","actual_arrivaltime":"19:01","actual_departuretime":"19:01","sch_tripstarttime":"17:40","sch_tripendtime":"17:40","lastlocationid":0,"currentlocationid":21928,"nextlocationid":0,"currentstop":null,"nextstop":null,"laststop":null,"stopCoveredStatus":1,"heading":87,"lastrefreshon":"06-11-2024 21:29:48","lastreceiveddatetimeflag":0,"tripposition":3}]},{"routeid":8032,"stationid":21931,"stationname":"Echalamara Vidyaranyapura","from":"Shanthinagara Bus Station","to":"Vidyaranyapura Bus Station","routeno":"CALLBUS-7","distance_on_station":19.914,"centerlat":13.08008,"centerlong":77.55932,"responsecode":200,"isnotify":0,"vehicleDetails":[{"vehicleid":22837,"vehiclenumber":"KA57F2210","servicetypeid":72,"servicetype":"Non AC/Ordinary","centerlat":13.084236,"centerlong":77.550224,"eta":"","sch_arrivaltime":"18:46","sch_departuretime":"18:46","actual_arrivaltime":"19:06","actual_departuretime":"19:06","sch_tripstarttime":"17:40","sch_tripendtime":"17:40","lastlocationid":0,"currentlocationid":21928,"nextlocationid":0,"currentstop":null,"nextstop":null,"laststop":null,"stopCoveredStatus":1,"heading":87,"lastrefreshon":"06-11-2024 21:29:48","lastreceiveddatetimeflag":0,"tripposition":3}]},{"routeid":8032,"stationid":21928,"stationname":"Durga Parameshwari Temple","from":"Shanthinagara Bus Station","to":"Vidyaranyapura Bus Station","routeno":"CALLBUS-7","distance_on_station":20.105,"centerlat":13.08182,"centerlong":77.55975,"responsecode":200,"isnotify":0,"vehicleDetails":[{"vehicleid":22837,"vehiclenumber":"KA57F2210","servicetypeid":72,"servicetype":"Non AC/Ordinary","centerlat":13.084236,"centerlong":77.550224,"eta":"","sch_arrivaltime":"18:47","sch_departuretime":"18:47","actual_arrivaltime":"19:06","actual_departuretime":"19:07","sch_tripstarttime":"17:40","sch_tripendtime":"17:40","lastlocationid":0,"currentlocationid":21928,"nextlocationid":0,"currentstop":null,"nextstop":null,"laststop":null,"stopCoveredStatus":1,"heading":87,"lastrefreshon":"06-11-2024 21:29:48","lastreceiveddatetimeflag":0,"tripposition":3}]},{"routeid":8032,"stationid":22604,"stationname":"Vidyaranyapura Bus Station","from":"Shanthinagara Bus Station","to":"Vidyaranyapura Bus Station","routeno":"CALLBUS-7","distance_on_station":20.4,"centerlat":13.08374,"centerlong":77.5607,"responsecode":200,"isnotify":0,"vehicleDetails":[{"vehicleid":22837,"vehiclenumber":"KA57F2210","servicetypeid":72,"servicetype":"Non AC/Ordinary","centerlat":13.084236,"centerlong":77.550224,"eta":"","sch_arrivaltime":"18:48","sch_departuretime":"18:48","actual_arrivaltime":"","actual_departuretime":"","sch_tripstarttime":"17:40","sch_tripendtime":"17:40","lastlocationid":0,"currentlocationid":21928,"nextlocationid":0,"currentstop":null,"nextstop":null,"laststop":null,"stopCoveredStatus":0,"heading":87,"lastrefreshon":"06-11-2024 21:29:48","lastreceiveddatetimeflag":0,"tripposition":3}]}],"mapData":[{"vehicleid":22837,"vehiclenumber":"KA57F2210","servicetypeid":72,"servicetype":"Non AC/Ordinary","centerlat":13.084236,"centerlong":77.550224,"eta":"","sch_arrivaltime":"18:48","sch_departuretime":"18:48","actual_arrivaltime":"","actual_departuretime":"","sch_tripstarttime":"17:40","sch_tripendtime":"17:40","lastlocationid":0,"currentlocationid":21928,"nextlocationid":0,"currentstop":null,"nextstop":null,"laststop":null,"stopCoveredStatus":0,"heading":87,"lastrefreshon":"06-11-2024 21:29:48","lastreceiveddatetimeflag":0,"tripposition":3}]},"message":"Success","issuccess":true,"exception":null,"rowCount":0,"responsecode":200}