{"up":{"data":[],"mapData":[]},"down":{"data":[{"routeid":2025,"stationid":34299,"stationname":"Puttenahalli","from":"Puttenahalli","to":"Depot-11 Puttenahalli","routeno":"D11-PTH","distance_on_station":0,"centerlat":13.10995,"centerlong":77.58022,"responsecode":200,"isnotify":0,"vehicleDetails":[{"vehicleid":20648,"vehiclenumber":"KA01F8917","servicetypeid":72,"servicetype":"Non AC/Ordinary","centerlat":0,"centerlong":0,"eta":"","sch_arrivaltime":"22:09","sch_departuretime":"22:09","actual_arrivaltime":"","actual_departuretime":"","sch_tripstarttime":"22:09","sch_tripendtime":"22:09","lastlocationid":0,"currentlocationid":32425,"nextlocationid":0,"currentstop":null,"nextstop":null,"laststop":null,"stopCoveredStatus":0,"heading":0,"lastrefreshon":"30-08-2024 12:54:12","lastreceiveddatetimeflag":0,"tripposition":3}]},{"routeid":2025,"stationid":32425,"stationname":"Depot-11 Puttenahalli","from":"Puttenahalli","to":"Depot-11 Puttenahalli","routeno":"D11-PTH","distance_on_station":0.1,"centerlat":13.11061,"centerlong":77.57947,"responsecode":200,"isnotify":0,"vehicleDetails":[{"vehicleid":20648,"vehiclenumber":"KA01F8917","servicetypeid":72,"servicetype":"Non AC/Ordinary","centerlat":0,"centerlong":0,"eta":"","sch_arrivaltime":"22:12","sch_departuretime":"22:12","actual_arrivaltime":"","actual_departuretime":"","sch_tripstarttime":"22:09","sch_tripendtime":"22:09","lastlocationid":0,"currentlocationid":32425,"nextlocationid":0,"currentstop":null,"nextstop":null,"laststop":null,"stopCoveredStatus":0,"heading":0,"lastrefreshon":"30-08-2024 12:54:12","lastreceiveddatetimeflag":0,"tripposition":3}]}],"mapData":[{"vehicleid":20648,"vehiclenumber":"KA01F8917","servicetypeid":72,"servicetype":"Non AC/Ordinary","centerlat":0,"centerlong":0,"eta":"","sch_arrivaltime":"22:12","sch_departuretime":"22:12","actual_arrivaltime":"","actual_departuretime":"","sch_tripstarttime":"22:09","sch_tripendtime":"22:09","lastlocationid":0,"currentlocationid":32425,"nextlocationid":0,"currentstop":null,"nextstop":null,"laststop":null,"stopCoveredStatus":0,"heading":0,"lastrefreshon":"30-08-2024 12:54:12","lastreceiveddatetimeflag":0,"tripposition":3}]},"message":"Success","issuccess":true,"exception":null,"rowCount":0,"responsecode":200}