{"up":{"data":[],"mapData":[]},"down":{"data":[{"routeid":4097,"stationid":20946,"stationname":"Krishnaraja Pura Govt Hospital","from":"Krishnaraja Pura Govt Hospital","to":"Depot-29 KR Puram","routeno":"D29-KRPGH","distance_on_station":0,"centerlat":13.00798,"centerlong":77.69271,"responsecode":200,"isnotify":0,"vehicleDetails":[{"vehicleid":23451,"vehiclenumber":"KA41D2744","servicetypeid":72,"servicetype":"Non AC/Ordinary","centerlat":13.00429,"centerlong":77.69249,"eta":"","sch_arrivaltime":"13:30","sch_departuretime":"13:30","actual_arrivaltime":"12:53","actual_departuretime":"12:53","sch_tripstarttime":"13:30","sch_tripendtime":"13:30","lastlocationid":0,"currentlocationid":24851,"nextlocationid":0,"currentstop":null,"nextstop":null,"laststop":null,"stopCoveredStatus":1,"heading":0,"lastrefreshon":"30-08-2024 12:54:28","lastreceiveddatetimeflag":0,"tripposition":1}]},{"routeid":4097,"stationid":24851,"stationname":"Depot-29 KR Puram","from":"Krishnaraja Pura Govt Hospital","to":"Depot-29 KR Puram","routeno":"D29-KRPGH","distance_on_station":0.4,"centerlat":13.00444,"centerlong":77.69175,"responsecode":200,"isnotify":0,"vehicleDetails":[{"vehicleid":23451,"vehiclenumber":"KA41D2744","servicetypeid":72,"servicetype":"Non AC/Ordinary","centerlat":13.00429,"centerlong":77.69249,"eta":"","sch_arrivaltime":"13:31","sch_departuretime":"13:31","actual_arrivaltime":"","actual_departuretime":"","sch_tripstarttime":"13:30","sch_tripendtime":"13:30","lastlocationid":0,"currentlocationid":24851,"nextlocationid":0,"currentstop":null,"nextstop":null,"laststop":null,"stopCoveredStatus":0,"heading":0,"lastrefreshon":"30-08-2024 12:54:28","lastreceiveddatetimeflag":0,"tripposition":1}]}],"mapData":[{"vehicleid":23451,"vehiclenumber":"KA41D2744","servicetypeid":72,"servicetype":"Non AC/Ordinary","centerlat":13.00429,"centerlong":77.69249,"eta":"","sch_arrivaltime":"13:31","sch_departuretime":"13:31","actual_arrivaltime":"","actual_departuretime":"","sch_tripstarttime":"13:30","sch_tripendtime":"13:30","lastlocationid":0,"currentlocationid":24851,"nextlocationid":0,"currentstop":null,"nextstop":null,"laststop":null,"stopCoveredStatus":0,"heading":0,"lastrefreshon":"30-08-2024 12:54:28","lastreceiveddatetimeflag":0,"tripposition":1}]},"message":"Success","issuccess":true,"exception":null,"rowCount":0,"responsecode":200}