{"up":{"data":[],"mapData":[]},"down":{"data":[{"routeid":1661,"stationid":21167,"stationname":"Shanthinagara Bus Station","from":"Shanthinagara Bus Station","to":"Depot-03 Shanthinagara","routeno":"D3-SNBS","distance_on_station":0,"centerlat":12.95483,"centerlong":77.59235,"responsecode":200,"isnotify":0,"vehicleDetails":[{"vehicleid":26578,"vehiclenumber":"KA51AJ6380","servicetypeid":72,"servicetype":"Non AC/Ordinary","centerlat":12.941071,"centerlong":77.608696,"eta":"","sch_arrivaltime":"22:10","sch_departuretime":"22:10","actual_arrivaltime":"","actual_departuretime":"","sch_tripstarttime":"22:10","sch_tripendtime":"22:10","lastlocationid":0,"currentlocationid":23652,"nextlocationid":0,"currentstop":null,"nextstop":null,"laststop":null,"stopCoveredStatus":0,"heading":338,"lastrefreshon":"10-02-2024 14:05:42","lastreceiveddatetimeflag":1,"tripposition":3}]},{"routeid":1661,"stationid":23652,"stationname":"Depot-03 Shanthinagara","from":"Shanthinagara Bus Station","to":"Depot-03 Shanthinagara","routeno":"D3-SNBS","distance_on_station":0.6,"centerlat":12.95532,"centerlong":77.596,"responsecode":200,"isnotify":0,"vehicleDetails":[{"vehicleid":26578,"vehiclenumber":"KA51AJ6380","servicetypeid":72,"servicetype":"Non AC/Ordinary","centerlat":12.941071,"centerlong":77.608696,"eta":"","sch_arrivaltime":"22:13","sch_departuretime":"22:13","actual_arrivaltime":"","actual_departuretime":"","sch_tripstarttime":"22:10","sch_tripendtime":"22:10","lastlocationid":0,"currentlocationid":23652,"nextlocationid":0,"currentstop":null,"nextstop":null,"laststop":null,"stopCoveredStatus":0,"heading":338,"lastrefreshon":"10-02-2024 14:05:42","lastreceiveddatetimeflag":1,"tripposition":3}]}],"mapData":[{"vehicleid":26578,"vehiclenumber":"KA51AJ6380","servicetypeid":72,"servicetype":"Non AC/Ordinary","centerlat":12.941071,"centerlong":77.608696,"eta":"","sch_arrivaltime":"22:13","sch_departuretime":"22:13","actual_arrivaltime":"","actual_departuretime":"","sch_tripstarttime":"22:10","sch_tripendtime":"22:10","lastlocationid":0,"currentlocationid":23652,"nextlocationid":0,"currentstop":null,"nextstop":null,"laststop":null,"stopCoveredStatus":0,"heading":338,"lastrefreshon":"10-02-2024 14:05:42","lastreceiveddatetimeflag":1,"tripposition":3}]},"message":"Success","issuccess":true,"exception":null,"rowCount":0,"responsecode":200}