{"up":{"data":[{"routeid":3196,"stationid":32431,"stationname":"Depot-34 Kottanur","from":"Depot-34 Kottanur","to":"Depot-34 Gate","routeno":"D34-D34G","distance_on_station":0,"centerlat":12.87168,"centerlong":77.58616,"responsecode":200,"isnotify":0,"vehicleDetails":[{"vehicleid":3377,"vehiclenumber":"KA57F1355","servicetypeid":72,"servicetype":"Non AC/Ordinary","centerlat":12.872471,"centerlong":77.586044,"eta":"","sch_arrivaltime":"07:20","sch_departuretime":"07:20","actual_arrivaltime":"","actual_departuretime":"","sch_tripstarttime":"07:20","sch_tripendtime":"07:20","lastlocationid":0,"currentlocationid":32431,"nextlocationid":0,"currentstop":null,"nextstop":null,"laststop":null,"stopCoveredStatus":0,"heading":0,"lastrefreshon":"26-07-2024 23:00:56","lastreceiveddatetimeflag":0,"tripposition":1}]},{"routeid":3196,"stationid":32430,"stationname":"Depot-34 Gate","from":"Depot-34 Kottanur","to":"Depot-34 Gate","routeno":"D34-D34G","distance_on_station":0.1,"centerlat":12.87023,"centerlong":77.58567,"responsecode":200,"isnotify":0,"vehicleDetails":[{"vehicleid":3377,"vehiclenumber":"KA57F1355","servicetypeid":72,"servicetype":"Non AC/Ordinary","centerlat":12.872471,"centerlong":77.586044,"eta":"","sch_arrivaltime":"07:21","sch_departuretime":"07:21","actual_arrivaltime":"","actual_departuretime":"","sch_tripstarttime":"07:20","sch_tripendtime":"07:20","lastlocationid":0,"currentlocationid":32431,"nextlocationid":0,"currentstop":null,"nextstop":null,"laststop":null,"stopCoveredStatus":0,"heading":0,"lastrefreshon":"26-07-2024 23:00:56","lastreceiveddatetimeflag":0,"tripposition":1}]}],"mapData":[{"vehicleid":3377,"vehiclenumber":"KA57F1355","servicetypeid":72,"servicetype":"Non AC/Ordinary","centerlat":12.872471,"centerlong":77.586044,"eta":"","sch_arrivaltime":"07:21","sch_departuretime":"07:21","actual_arrivaltime":"","actual_departuretime":"","sch_tripstarttime":"07:20","sch_tripendtime":"07:20","lastlocationid":0,"currentlocationid":32431,"nextlocationid":0,"currentstop":null,"nextstop":null,"laststop":null,"stopCoveredStatus":0,"heading":0,"lastrefreshon":"26-07-2024 23:00:56","lastreceiveddatetimeflag":0,"tripposition":1}]},"down":{"data":[],"mapData":[]},"message":"Success","issuccess":true,"exception":null,"rowCount":0,"responsecode":200}