{"up":{"data":[{"routeid":3196,"stationid":32431,"stationname":"Depot-34 Kottanur","from":"Depot-34 Kottanur","to":"Depot-34 Gate","routeno":"D34-D34G","distance_on_station":0,"centerlat":12.87168,"centerlong":77.58616,"responsecode":200,"isnotify":0,"vehicleDetails":[{"vehicleid":22570,"vehiclenumber":"KA57F1038","servicetypeid":72,"servicetype":"Non AC/Ordinary","centerlat":12.872621,"centerlong":77.5858,"eta":"","sch_arrivaltime":"08:40","sch_departuretime":"08:40","actual_arrivaltime":"","actual_departuretime":"","sch_tripstarttime":"08:40","sch_tripendtime":"08:40","lastlocationid":0,"currentlocationid":32431,"nextlocationid":0,"currentstop":null,"nextstop":null,"laststop":null,"stopCoveredStatus":0,"heading":269,"lastrefreshon":"06-08-2024 03:02:05","lastreceiveddatetimeflag":0,"tripposition":1}]},{"routeid":3196,"stationid":32430,"stationname":"Depot-34 Gate","from":"Depot-34 Kottanur","to":"Depot-34 Gate","routeno":"D34-D34G","distance_on_station":0.1,"centerlat":12.87023,"centerlong":77.58567,"responsecode":200,"isnotify":0,"vehicleDetails":[{"vehicleid":22570,"vehiclenumber":"KA57F1038","servicetypeid":72,"servicetype":"Non AC/Ordinary","centerlat":12.872621,"centerlong":77.5858,"eta":"","sch_arrivaltime":"08:41","sch_departuretime":"08:41","actual_arrivaltime":"","actual_departuretime":"","sch_tripstarttime":"08:40","sch_tripendtime":"08:40","lastlocationid":0,"currentlocationid":32431,"nextlocationid":0,"currentstop":null,"nextstop":null,"laststop":null,"stopCoveredStatus":0,"heading":269,"lastrefreshon":"06-08-2024 03:02:05","lastreceiveddatetimeflag":0,"tripposition":1}]}],"mapData":[{"vehicleid":22570,"vehiclenumber":"KA57F1038","servicetypeid":72,"servicetype":"Non AC/Ordinary","centerlat":12.872621,"centerlong":77.5858,"eta":"","sch_arrivaltime":"08:41","sch_departuretime":"08:41","actual_arrivaltime":"","actual_departuretime":"","sch_tripstarttime":"08:40","sch_tripendtime":"08:40","lastlocationid":0,"currentlocationid":32431,"nextlocationid":0,"currentstop":null,"nextstop":null,"laststop":null,"stopCoveredStatus":0,"heading":269,"lastrefreshon":"06-08-2024 03:02:05","lastreceiveddatetimeflag":0,"tripposition":1}]},"down":{"data":[],"mapData":[]},"message":"Success","issuccess":true,"exception":null,"rowCount":0,"responsecode":200}