{"up":{"data":[{"routeid":4623,"stationid":24863,"stationname":"Depot-36 Gate","from":"Depot-36 Gate","to":"Govt First Grade College Bidadi","routeno":"D36G-GFGC","distance_on_station":0,"centerlat":12.7684,"centerlong":77.41397,"responsecode":200,"isnotify":0,"vehicleDetails":[{"vehicleid":25905,"vehiclenumber":"KA57F5336","servicetypeid":72,"servicetype":"Non AC/Ordinary","centerlat":12.796924,"centerlong":77.384892,"eta":"","sch_arrivaltime":"08:51","sch_departuretime":"08:51","actual_arrivaltime":"","actual_departuretime":"","sch_tripstarttime":"08:51","sch_tripendtime":"08:51","lastlocationid":0,"currentlocationid":21465,"nextlocationid":0,"currentstop":null,"nextstop":null,"laststop":null,"stopCoveredStatus":0,"heading":100,"lastrefreshon":"05-10-2023 17:12:39","lastreceiveddatetimeflag":1,"tripposition":1}]},{"routeid":4623,"stationid":35564,"stationname":"Abbanakuppe","from":"Depot-36 Gate","to":"Govt First Grade College Bidadi","routeno":"D36G-GFGC","distance_on_station":0.881,"centerlat":12.77413,"centerlong":77.40941,"responsecode":200,"isnotify":0,"vehicleDetails":[{"vehicleid":25905,"vehiclenumber":"KA57F5336","servicetypeid":72,"servicetype":"Non AC/Ordinary","centerlat":12.796924,"centerlong":77.384892,"eta":"","sch_arrivaltime":"08:52","sch_departuretime":"08:52","actual_arrivaltime":"","actual_departuretime":"","sch_tripstarttime":"08:51","sch_tripendtime":"08:51","lastlocationid":0,"currentlocationid":21465,"nextlocationid":0,"currentstop":null,"nextstop":null,"laststop":null,"stopCoveredStatus":0,"heading":100,"lastrefreshon":"05-10-2023 17:12:39","lastreceiveddatetimeflag":1,"tripposition":3}]},{"routeid":4623,"stationid":30444,"stationname":"Jogera Doddy","from":"Depot-36 Gate","to":"Govt First Grade College Bidadi","routeno":"D36G-GFGC","distance_on_station":1.708,"centerlat":12.77958,"centerlong":77.40512,"responsecode":200,"isnotify":0,"vehicleDetails":[{"vehicleid":25905,"vehiclenumber":"KA57F5336","servicetypeid":72,"servicetype":"Non AC/Ordinary","centerlat":12.796924,"centerlong":77.384892,"eta":"","sch_arrivaltime":"08:53","sch_departuretime":"08:53","actual_arrivaltime":"","actual_departuretime":"","sch_tripstarttime":"08:51","sch_tripendtime":"08:51","lastlocationid":0,"currentlocationid":21465,"nextlocationid":0,"currentstop":null,"nextstop":null,"laststop":null,"stopCoveredStatus":0,"heading":100,"lastrefreshon":"05-10-2023 17:12:39","lastreceiveddatetimeflag":1,"tripposition":3}]},{"routeid":4623,"stationid":24711,"stationname":"Coca Cola Byramangala","from":"Depot-36 Gate","to":"Govt First Grade College Bidadi","routeno":"D36G-GFGC","distance_on_station":1.904,"centerlat":12.78086,"centerlong":77.40412,"responsecode":200,"isnotify":0,"vehicleDetails":[{"vehicleid":25905,"vehiclenumber":"KA57F5336","servicetypeid":72,"servicetype":"Non AC/Ordinary","centerlat":12.796924,"centerlong":77.384892,"eta":"","sch_arrivaltime":"08:54","sch_departuretime":"08:54","actual_arrivaltime":"","actual_departuretime":"","sch_tripstarttime":"08:51","sch_tripendtime":"08:51","lastlocationid":0,"currentlocationid":21465,"nextlocationid":0,"currentstop":null,"nextstop":null,"laststop":null,"stopCoveredStatus":0,"heading":100,"lastrefreshon":"05-10-2023 17:12:39","lastreceiveddatetimeflag":1,"tripposition":3}]},{"routeid":4623,"stationid":28251,"stationname":"Shanimahathma Temple","from":"Depot-36 Gate","to":"Govt First Grade College Bidadi","routeno":"D36G-GFGC","distance_on_station":2.742,"centerlat":12.78633,"centerlong":77.39983,"responsecode":200,"isnotify":0,"vehicleDetails":[{"vehicleid":25905,"vehiclenumber":"KA57F5336","servicetypeid":72,"servicetype":"Non AC/Ordinary","centerlat":12.796924,"centerlong":77.384892,"eta":"","sch_arrivaltime":"08:55","sch_departuretime":"08:55","actual_arrivaltime":"","actual_departuretime":"","sch_tripstarttime":"08:51","sch_tripendtime":"08:51","lastlocationid":0,"currentlocationid":21465,"nextlocationid":0,"currentstop":null,"nextstop":null,"laststop":null,"stopCoveredStatus":0,"heading":100,"lastrefreshon":"05-10-2023 17:12:39","lastreceiveddatetimeflag":1,"tripposition":3}]},{"routeid":4623,"stationid":28940,"stationname":"Medanahalli","from":"Depot-36 Gate","to":"Govt First Grade College Bidadi","routeno":"D36G-GFGC","distance_on_station":3.123,"centerlat":12.78912,"centerlong":77.39841,"responsecode":200,"isnotify":0,"vehicleDetails":[{"vehicleid":25905,"vehiclenumber":"KA57F5336","servicetypeid":72,"servicetype":"Non AC/Ordinary","centerlat":12.796924,"centerlong":77.384892,"eta":"","sch_arrivaltime":"08:56","sch_departuretime":"08:56","actual_arrivaltime":"","actual_departuretime":"","sch_tripstarttime":"08:51","sch_tripendtime":"08:51","lastlocationid":0,"currentlocationid":21465,"nextlocationid":0,"currentstop":null,"nextstop":null,"laststop":null,"stopCoveredStatus":0,"heading":100,"lastrefreshon":"05-10-2023 17:12:39","lastreceiveddatetimeflag":1,"tripposition":3}]},{"routeid":4623,"stationid":35399,"stationname":"Byramangala Cross","from":"Depot-36 Gate","to":"Govt First Grade College Bidadi","routeno":"D36G-GFGC","distance_on_station":4.798,"centerlat":12.80222,"centerlong":77.39714,"responsecode":200,"isnotify":0,"vehicleDetails":[{"vehicleid":25905,"vehiclenumber":"KA57F5336","servicetypeid":72,"servicetype":"Non AC/Ordinary","centerlat":12.796924,"centerlong":77.384892,"eta":"","sch_arrivaltime":"08:58","sch_departuretime":"08:58","actual_arrivaltime":"","actual_departuretime":"","sch_tripstarttime":"08:51","sch_tripendtime":"08:51","lastlocationid":0,"currentlocationid":21465,"nextlocationid":0,"currentstop":null,"nextstop":null,"laststop":null,"stopCoveredStatus":0,"heading":100,"lastrefreshon":"05-10-2023 17:12:39","lastreceiveddatetimeflag":1,"tripposition":3}]},{"routeid":4623,"stationid":21466,"stationname":"Bidadi Railway Station","from":"Depot-36 Gate","to":"Govt First Grade College Bidadi","routeno":"D36G-GFGC","distance_on_station":5.582,"centerlat":12.79973,"centerlong":77.39107,"responsecode":200,"isnotify":0,"vehicleDetails":[{"vehicleid":25905,"vehiclenumber":"KA57F5336","servicetypeid":72,"servicetype":"Non AC/Ordinary","centerlat":12.796924,"centerlong":77.384892,"eta":"","sch_arrivaltime":"08:59","sch_departuretime":"08:59","actual_arrivaltime":"","actual_departuretime":"","sch_tripstarttime":"08:51","sch_tripendtime":"08:51","lastlocationid":0,"currentlocationid":21465,"nextlocationid":0,"currentstop":null,"nextstop":null,"laststop":null,"stopCoveredStatus":0,"heading":100,"lastrefreshon":"05-10-2023 17:12:39","lastreceiveddatetimeflag":1,"tripposition":3}]},{"routeid":4623,"stationid":35913,"stationname":"Bidadi","from":"Depot-36 Gate","to":"Govt First Grade College Bidadi","routeno":"D36G-GFGC","distance_on_station":6.518,"centerlat":12.7969,"centerlong":77.38458,"responsecode":200,"isnotify":0,"vehicleDetails":[{"vehicleid":25905,"vehiclenumber":"KA57F5336","servicetypeid":72,"servicetype":"Non AC/Ordinary","centerlat":12.796924,"centerlong":77.384892,"eta":"","sch_arrivaltime":"09:02","sch_departuretime":"09:02","actual_arrivaltime":"","actual_departuretime":"","sch_tripstarttime":"08:51","sch_tripendtime":"08:51","lastlocationid":0,"currentlocationid":21465,"nextlocationid":0,"currentstop":null,"nextstop":null,"laststop":null,"stopCoveredStatus":0,"heading":100,"lastrefreshon":"05-10-2023 17:12:39","lastreceiveddatetimeflag":1,"tripposition":3}]},{"routeid":4623,"stationid":21465,"stationname":"Bidadi","from":"Depot-36 Gate","to":"Govt First Grade College Bidadi","routeno":"D36G-GFGC","distance_on_station":6.583,"centerlat":12.79678,"centerlong":77.38496,"responsecode":200,"isnotify":0,"vehicleDetails":[{"vehicleid":25905,"vehiclenumber":"KA57F5336","servicetypeid":72,"servicetype":"Non AC/Ordinary","centerlat":12.796924,"centerlong":77.384892,"eta":"","sch_arrivaltime":"09:05","sch_departuretime":"09:05","actual_arrivaltime":"","actual_departuretime":"","sch_tripstarttime":"08:51","sch_tripendtime":"08:51","lastlocationid":0,"currentlocationid":21465,"nextlocationid":0,"currentstop":null,"nextstop":null,"laststop":null,"stopCoveredStatus":0,"heading":100,"lastrefreshon":"05-10-2023 17:12:39","lastreceiveddatetimeflag":1,"tripposition":3}]},{"routeid":4623,"stationid":33480,"stationname":"KHB Colony","from":"Depot-36 Gate","to":"Govt First Grade College Bidadi","routeno":"D36G-GFGC","distance_on_station":7.627,"centerlat":12.80272,"centerlong":77.38582,"responsecode":200,"isnotify":0,"vehicleDetails":[{"vehicleid":25905,"vehiclenumber":"KA57F5336","servicetypeid":72,"servicetype":"Non AC/Ordinary","centerlat":12.796924,"centerlong":77.384892,"eta":"","sch_arrivaltime":"09:09","sch_departuretime":"09:09","actual_arrivaltime":"","actual_departuretime":"","sch_tripstarttime":"08:51","sch_tripendtime":"08:51","lastlocationid":0,"currentlocationid":21465,"nextlocationid":0,"currentstop":null,"nextstop":null,"laststop":null,"stopCoveredStatus":0,"heading":100,"lastrefreshon":"05-10-2023 17:12:39","lastreceiveddatetimeflag":1,"tripposition":3}]},{"routeid":4623,"stationid":32751,"stationname":"Govt First Grade College Bidadi","from":"Depot-36 Gate","to":"Govt First Grade College Bidadi","routeno":"D36G-GFGC","distance_on_station":8.4,"centerlat":12.80685,"centerlong":77.38901,"responsecode":200,"isnotify":0,"vehicleDetails":[{"vehicleid":25905,"vehiclenumber":"KA57F5336","servicetypeid":72,"servicetype":"Non AC/Ordinary","centerlat":12.796924,"centerlong":77.384892,"eta":"","sch_arrivaltime":"09:11","sch_departuretime":"09:11","actual_arrivaltime":"","actual_departuretime":"","sch_tripstarttime":"08:51","sch_tripendtime":"08:51","lastlocationid":0,"currentlocationid":21465,"nextlocationid":0,"currentstop":null,"nextstop":null,"laststop":null,"stopCoveredStatus":0,"heading":100,"lastrefreshon":"05-10-2023 17:12:39","lastreceiveddatetimeflag":1,"tripposition":1}]}],"mapData":[{"vehicleid":25905,"vehiclenumber":"KA57F5336","servicetypeid":72,"servicetype":"Non AC/Ordinary","centerlat":12.796924,"centerlong":77.384892,"eta":"","sch_arrivaltime":"09:11","sch_departuretime":"09:11","actual_arrivaltime":"","actual_departuretime":"","sch_tripstarttime":"08:51","sch_tripendtime":"08:51","lastlocationid":0,"currentlocationid":21465,"nextlocationid":0,"currentstop":null,"nextstop":null,"laststop":null,"stopCoveredStatus":0,"heading":100,"lastrefreshon":"05-10-2023 17:12:39","lastreceiveddatetimeflag":1,"tripposition":1}]},"down":{"data":[],"mapData":[]},"message":"Success","issuccess":true,"exception":null,"rowCount":0,"responsecode":200}