{"up":{"data":[{"routeid":3181,"stationid":20741,"stationname":"Depot-06 Gate","from":"Depot-06 Gate","to":"CV Raman Nagara","routeno":"D6G-CVRN","distance_on_station":0,"centerlat":12.98262,"centerlong":77.63503,"responsecode":200,"isnotify":0,"vehicleDetails":[{"vehicleid":15313,"vehiclenumber":"KA57F3293","servicetypeid":72,"servicetype":"Non AC/Ordinary","centerlat":12.982044,"centerlong":77.634598,"eta":"","sch_arrivaltime":"06:51","sch_departuretime":"06:51","actual_arrivaltime":"","actual_departuretime":"","sch_tripstarttime":"06:51","sch_tripendtime":"06:51","lastlocationid":0,"currentlocationid":20741,"nextlocationid":0,"currentstop":null,"nextstop":null,"laststop":null,"stopCoveredStatus":0,"heading":153,"lastrefreshon":"26-07-2024 22:59:59","lastreceiveddatetimeflag":0,"tripposition":1}]},{"routeid":3181,"stationid":20672,"stationname":"Binnamangala","from":"Depot-06 Gate","to":"CV Raman Nagara","routeno":"D6G-CVRN","distance_on_station":0.709,"centerlat":12.98331,"centerlong":77.63834,"responsecode":200,"isnotify":0,"vehicleDetails":[{"vehicleid":15313,"vehiclenumber":"KA57F3293","servicetypeid":72,"servicetype":"Non AC/Ordinary","centerlat":12.982044,"centerlong":77.634598,"eta":"","sch_arrivaltime":"06:52","sch_departuretime":"06:52","actual_arrivaltime":"","actual_departuretime":"","sch_tripstarttime":"06:51","sch_tripendtime":"06:51","lastlocationid":0,"currentlocationid":20741,"nextlocationid":0,"currentstop":null,"nextstop":null,"laststop":null,"stopCoveredStatus":0,"heading":153,"lastrefreshon":"26-07-2024 22:59:59","lastreceiveddatetimeflag":0,"tripposition":3}]},{"routeid":3181,"stationid":22390,"stationname":"Indiranagara Police Station/KFC","from":"Depot-06 Gate","to":"CV Raman Nagara","routeno":"D6G-CVRN","distance_on_station":1.8,"centerlat":12.97844,"centerlong":77.64125,"responsecode":200,"isnotify":0,"vehicleDetails":[{"vehicleid":15313,"vehiclenumber":"KA57F3293","servicetypeid":72,"servicetype":"Non AC/Ordinary","centerlat":12.982044,"centerlong":77.634598,"eta":"","sch_arrivaltime":"06:56","sch_departuretime":"06:56","actual_arrivaltime":"","actual_departuretime":"","sch_tripstarttime":"06:51","sch_tripendtime":"06:51","lastlocationid":0,"currentlocationid":20741,"nextlocationid":0,"currentstop":null,"nextstop":null,"laststop":null,"stopCoveredStatus":0,"heading":153,"lastrefreshon":"26-07-2024 22:59:59","lastreceiveddatetimeflag":0,"tripposition":1}]}],"mapData":[{"vehicleid":15313,"vehiclenumber":"KA57F3293","servicetypeid":72,"servicetype":"Non AC/Ordinary","centerlat":12.982044,"centerlong":77.634598,"eta":"","sch_arrivaltime":"06:56","sch_departuretime":"06:56","actual_arrivaltime":"","actual_departuretime":"","sch_tripstarttime":"06:51","sch_tripendtime":"06:51","lastlocationid":0,"currentlocationid":20741,"nextlocationid":0,"currentstop":null,"nextstop":null,"laststop":null,"stopCoveredStatus":0,"heading":153,"lastrefreshon":"26-07-2024 22:59:59","lastreceiveddatetimeflag":0,"tripposition":1}]},"down":{"data":[],"mapData":[]},"message":"Success","issuccess":true,"exception":null,"rowCount":0,"responsecode":200}