{"up":{"data":[{"routeid":13636,"stationid":38867,"stationname":"Domlur Marriad Accomodation","from":"Domlur Marriad Accomodation","to":"Shivajinagara Bus Station","routeno":"DMLMDA-SBS","distance_on_station":0,"centerlat":12.96188,"centerlong":77.63378,"responsecode":200,"isnotify":0,"vehicleDetails":[{"vehicleid":15306,"vehiclenumber":"KA57F3056","servicetypeid":72,"servicetype":"Non AC/Ordinary","centerlat":12.955405,"centerlong":77.689857,"eta":"","sch_arrivaltime":"14:45","sch_departuretime":"14:45","actual_arrivaltime":"","actual_departuretime":"","sch_tripstarttime":"14:45","sch_tripendtime":"14:45","lastlocationid":0,"currentlocationid":38867,"nextlocationid":0,"currentstop":null,"nextstop":null,"laststop":null,"stopCoveredStatus":0,"heading":265,"lastrefreshon":"21-10-2024 14:19:47","lastreceiveddatetimeflag":0,"tripposition":3}]},{"routeid":13636,"stationid":21865,"stationname":"Commando Hospital","from":"Domlur Marriad Accomodation","to":"Shivajinagara Bus Station","routeno":"DMLMDA-SBS","distance_on_station":1.324,"centerlat":12.96271,"centerlong":77.62756,"responsecode":200,"isnotify":0,"vehicleDetails":[{"vehicleid":15306,"vehiclenumber":"KA57F3056","servicetypeid":72,"servicetype":"Non AC/Ordinary","centerlat":12.955405,"centerlong":77.689857,"eta":"","sch_arrivaltime":"14:47","sch_departuretime":"14:47","actual_arrivaltime":"","actual_departuretime":"","sch_tripstarttime":"14:45","sch_tripendtime":"14:45","lastlocationid":0,"currentlocationid":38867,"nextlocationid":0,"currentstop":null,"nextstop":null,"laststop":null,"stopCoveredStatus":0,"heading":265,"lastrefreshon":"21-10-2024 14:19:47","lastreceiveddatetimeflag":0,"tripposition":3}]},{"routeid":13636,"stationid":22288,"stationname":"Military Accounts Office","from":"Domlur Marriad Accomodation","to":"Shivajinagara Bus Station","routeno":"DMLMDA-SBS","distance_on_station":2.322,"centerlat":12.96691,"centerlong":77.62117,"responsecode":200,"isnotify":0,"vehicleDetails":[{"vehicleid":15306,"vehiclenumber":"KA57F3056","servicetypeid":72,"servicetype":"Non AC/Ordinary","centerlat":12.955405,"centerlong":77.689857,"eta":"","sch_arrivaltime":"14:48","sch_departuretime":"14:48","actual_arrivaltime":"","actual_departuretime":"","sch_tripstarttime":"14:45","sch_tripendtime":"14:45","lastlocationid":0,"currentlocationid":38867,"nextlocationid":0,"currentstop":null,"nextstop":null,"laststop":null,"stopCoveredStatus":0,"heading":265,"lastrefreshon":"21-10-2024 14:19:47","lastreceiveddatetimeflag":0,"tripposition":3}]},{"routeid":13636,"stationid":22693,"stationname":"Trinity Circle","from":"Domlur Marriad Accomodation","to":"Shivajinagara Bus Station","routeno":"DMLMDA-SBS","distance_on_station":2.897,"centerlat":12.97071,"centerlong":77.61959,"responsecode":200,"isnotify":0,"vehicleDetails":[{"vehicleid":15306,"vehiclenumber":"KA57F3056","servicetypeid":72,"servicetype":"Non AC/Ordinary","centerlat":12.955405,"centerlong":77.689857,"eta":"","sch_arrivaltime":"14:49","sch_departuretime":"14:49","actual_arrivaltime":"","actual_departuretime":"","sch_tripstarttime":"14:45","sch_tripendtime":"14:45","lastlocationid":0,"currentlocationid":38867,"nextlocationid":0,"currentstop":null,"nextstop":null,"laststop":null,"stopCoveredStatus":0,"heading":265,"lastrefreshon":"21-10-2024 14:19:47","lastreceiveddatetimeflag":0,"tripposition":3}]},{"routeid":13636,"stationid":21932,"stationname":"Electric B Station","from":"Domlur Marriad Accomodation","to":"Shivajinagara Bus Station","routeno":"DMLMDA-SBS","distance_on_station":3.83,"centerlat":12.97405,"centerlong":77.61394,"responsecode":200,"isnotify":0,"vehicleDetails":[{"vehicleid":15306,"vehiclenumber":"KA57F3056","servicetypeid":72,"servicetype":"Non AC/Ordinary","centerlat":12.955405,"centerlong":77.689857,"eta":"","sch_arrivaltime":"14:52","sch_departuretime":"14:52","actual_arrivaltime":"","actual_departuretime":"","sch_tripstarttime":"14:45","sch_tripendtime":"14:45","lastlocationid":0,"currentlocationid":38867,"nextlocationid":0,"currentstop":null,"nextstop":null,"laststop":null,"stopCoveredStatus":0,"heading":265,"lastrefreshon":"21-10-2024 14:19:47","lastreceiveddatetimeflag":0,"tripposition":3}]},{"routeid":13636,"stationid":22255,"stationname":"Manipal Centre MG Road","from":"Domlur Marriad Accomodation","to":"Shivajinagara Bus Station","routeno":"DMLMDA-SBS","distance_on_station":4.08,"centerlat":12.97552,"centerlong":77.61356,"responsecode":200,"isnotify":0,"vehicleDetails":[{"vehicleid":15306,"vehiclenumber":"KA57F3056","servicetypeid":72,"servicetype":"Non AC/Ordinary","centerlat":12.955405,"centerlong":77.689857,"eta":"","sch_arrivaltime":"14:53","sch_departuretime":"14:53","actual_arrivaltime":"","actual_departuretime":"","sch_tripstarttime":"14:45","sch_tripendtime":"14:45","lastlocationid":0,"currentlocationid":38867,"nextlocationid":0,"currentstop":null,"nextstop":null,"laststop":null,"stopCoveredStatus":0,"heading":265,"lastrefreshon":"21-10-2024 14:19:47","lastreceiveddatetimeflag":0,"tripposition":3}]},{"routeid":13636,"stationid":22252,"stationname":"Maniksha Parade Ground","from":"Domlur Marriad Accomodation","to":"Shivajinagara Bus Station","routeno":"DMLMDA-SBS","distance_on_station":4.807,"centerlat":12.97746,"centerlong":77.60771,"responsecode":200,"isnotify":0,"vehicleDetails":[{"vehicleid":15306,"vehiclenumber":"KA57F3056","servicetypeid":72,"servicetype":"Non AC/Ordinary","centerlat":12.955405,"centerlong":77.689857,"eta":"","sch_arrivaltime":"14:54","sch_departuretime":"14:54","actual_arrivaltime":"","actual_departuretime":"","sch_tripstarttime":"14:45","sch_tripendtime":"14:45","lastlocationid":0,"currentlocationid":38867,"nextlocationid":0,"currentstop":null,"nextstop":null,"laststop":null,"stopCoveredStatus":0,"heading":265,"lastrefreshon":"21-10-2024 14:19:47","lastreceiveddatetimeflag":0,"tripposition":3}]},{"routeid":13636,"stationid":21785,"stationname":"BRV Talkies Cubbon Road","from":"Domlur Marriad Accomodation","to":"Shivajinagara Bus Station","routeno":"DMLMDA-SBS","distance_on_station":5.425,"centerlat":12.97911,"centerlong":77.60273,"responsecode":200,"isnotify":0,"vehicleDetails":[{"vehicleid":15306,"vehiclenumber":"KA57F3056","servicetypeid":72,"servicetype":"Non AC/Ordinary","centerlat":12.955405,"centerlong":77.689857,"eta":"","sch_arrivaltime":"14:57","sch_departuretime":"14:57","actual_arrivaltime":"","actual_departuretime":"","sch_tripstarttime":"14:45","sch_tripendtime":"14:45","lastlocationid":0,"currentlocationid":38867,"nextlocationid":0,"currentstop":null,"nextstop":null,"laststop":null,"stopCoveredStatus":0,"heading":265,"lastrefreshon":"21-10-2024 14:19:47","lastreceiveddatetimeflag":0,"tripposition":3}]},{"routeid":13636,"stationid":21173,"stationname":"Shivajinagara Bus Station","from":"Domlur Marriad Accomodation","to":"Shivajinagara Bus Station","routeno":"DMLMDA-SBS","distance_on_station":6,"centerlat":12.98328,"centerlong":77.60304,"responsecode":200,"isnotify":0,"vehicleDetails":[{"vehicleid":15306,"vehiclenumber":"KA57F3056","servicetypeid":72,"servicetype":"Non AC/Ordinary","centerlat":12.955405,"centerlong":77.689857,"eta":"","sch_arrivaltime":"15:01","sch_departuretime":"15:01","actual_arrivaltime":"","actual_departuretime":"","sch_tripstarttime":"14:45","sch_tripendtime":"14:45","lastlocationid":0,"currentlocationid":38867,"nextlocationid":0,"currentstop":null,"nextstop":null,"laststop":null,"stopCoveredStatus":0,"heading":265,"lastrefreshon":"21-10-2024 14:19:47","lastreceiveddatetimeflag":0,"tripposition":3}]}],"mapData":[{"vehicleid":15306,"vehiclenumber":"KA57F3056","servicetypeid":72,"servicetype":"Non AC/Ordinary","centerlat":12.955405,"centerlong":77.689857,"eta":"","sch_arrivaltime":"15:01","sch_departuretime":"15:01","actual_arrivaltime":"","actual_departuretime":"","sch_tripstarttime":"14:45","sch_tripendtime":"14:45","lastlocationid":0,"currentlocationid":38867,"nextlocationid":0,"currentstop":null,"nextstop":null,"laststop":null,"stopCoveredStatus":0,"heading":265,"lastrefreshon":"21-10-2024 14:19:47","lastreceiveddatetimeflag":0,"tripposition":3}]},"down":{"data":[],"mapData":[]},"message":"Success","issuccess":true,"exception":null,"rowCount":0,"responsecode":200}