{"up":{"data":[{"routeid":2669,"stationid":20712,"stationname":"Chandra Layout Circle","from":"Deepanjalinagara","to":"Nrupathunganagara Chandana Hospital","routeno":"DPJN-NTN","distance_on_station":0,"centerlat":12.95815,"centerlong":77.5265,"responsecode":200,"isnotify":0,"vehicleDetails":[{"vehicleid":26062,"vehiclenumber":"KA57F5370","servicetypeid":72,"servicetype":"Non AC/Ordinary","centerlat":13.076188,"centerlong":77.558221,"eta":"","sch_arrivaltime":"08:23","sch_departuretime":"08:23","actual_arrivaltime":"","actual_departuretime":"","sch_tripstarttime":"08:16","sch_tripendtime":"08:16","lastlocationid":0,"currentlocationid":20712,"nextlocationid":0,"currentstop":null,"nextstop":null,"laststop":null,"stopCoveredStatus":0,"heading":193,"lastrefreshon":"05-10-2023 17:13:26","lastreceiveddatetimeflag":1,"tripposition":3}]},{"routeid":2669,"stationid":35430,"stationname":"Jyothi Nagara","from":"Deepanjalinagara","to":"Nrupathunganagara Chandana Hospital","routeno":"DPJN-NTN","distance_on_station":0.556,"centerlat":12.95926,"centerlong":77.52164,"responsecode":200,"isnotify":0,"vehicleDetails":[{"vehicleid":26062,"vehiclenumber":"KA57F5370","servicetypeid":72,"servicetype":"Non AC/Ordinary","centerlat":13.076188,"centerlong":77.558221,"eta":"","sch_arrivaltime":"08:24","sch_departuretime":"08:24","actual_arrivaltime":"","actual_departuretime":"","sch_tripstarttime":"08:16","sch_tripendtime":"08:16","lastlocationid":0,"currentlocationid":20712,"nextlocationid":0,"currentstop":null,"nextstop":null,"laststop":null,"stopCoveredStatus":0,"heading":193,"lastrefreshon":"05-10-2023 17:13:26","lastreceiveddatetimeflag":1,"tripposition":3}]},{"routeid":2669,"stationid":35384,"stationname":"Nagarabhavi Circle","from":"Deepanjalinagara","to":"Nrupathunganagara Chandana Hospital","routeno":"DPJN-NTN","distance_on_station":0.979,"centerlat":12.95843,"centerlong":77.51904,"responsecode":200,"isnotify":0,"vehicleDetails":[{"vehicleid":26062,"vehiclenumber":"KA57F5370","servicetypeid":72,"servicetype":"Non AC/Ordinary","centerlat":13.076188,"centerlong":77.558221,"eta":"","sch_arrivaltime":"08:25","sch_departuretime":"08:25","actual_arrivaltime":"","actual_departuretime":"","sch_tripstarttime":"08:16","sch_tripendtime":"08:16","lastlocationid":0,"currentlocationid":20712,"nextlocationid":0,"currentstop":null,"nextstop":null,"laststop":null,"stopCoveredStatus":0,"heading":193,"lastrefreshon":"05-10-2023 17:13:26","lastreceiveddatetimeflag":1,"tripposition":3}]},{"routeid":2669,"stationid":21578,"stationname":"Nagarabhavi","from":"Deepanjalinagara","to":"Nrupathunganagara Chandana Hospital","routeno":"DPJN-NTN","distance_on_station":1.514,"centerlat":12.95704,"centerlong":77.51579,"responsecode":200,"isnotify":0,"vehicleDetails":[{"vehicleid":26062,"vehiclenumber":"KA57F5370","servicetypeid":72,"servicetype":"Non AC/Ordinary","centerlat":13.076188,"centerlong":77.558221,"eta":"","sch_arrivaltime":"08:26","sch_departuretime":"08:26","actual_arrivaltime":"","actual_departuretime":"","sch_tripstarttime":"08:16","sch_tripendtime":"08:16","lastlocationid":0,"currentlocationid":20712,"nextlocationid":0,"currentstop":null,"nextstop":null,"laststop":null,"stopCoveredStatus":0,"heading":193,"lastrefreshon":"05-10-2023 17:13:26","lastreceiveddatetimeflag":1,"tripposition":3}]},{"routeid":2669,"stationid":21582,"stationname":"Nrupathunganagara Chandana Hospital","from":"Deepanjalinagara","to":"Nrupathunganagara Chandana Hospital","routeno":"DPJN-NTN","distance_on_station":2.4,"centerlat":12.9583,"centerlong":77.50939,"responsecode":200,"isnotify":0,"vehicleDetails":[{"vehicleid":26062,"vehiclenumber":"KA57F5370","servicetypeid":72,"servicetype":"Non AC/Ordinary","centerlat":13.076188,"centerlong":77.558221,"eta":"","sch_arrivaltime":"08:28","sch_departuretime":"08:28","actual_arrivaltime":"","actual_departuretime":"","sch_tripstarttime":"08:16","sch_tripendtime":"08:16","lastlocationid":0,"currentlocationid":20712,"nextlocationid":0,"currentstop":null,"nextstop":null,"laststop":null,"stopCoveredStatus":0,"heading":193,"lastrefreshon":"05-10-2023 17:13:26","lastreceiveddatetimeflag":1,"tripposition":3}]}],"mapData":[{"vehicleid":26062,"vehiclenumber":"KA57F5370","servicetypeid":72,"servicetype":"Non AC/Ordinary","centerlat":13.076188,"centerlong":77.558221,"eta":"","sch_arrivaltime":"08:28","sch_departuretime":"08:28","actual_arrivaltime":"","actual_departuretime":"","sch_tripstarttime":"08:16","sch_tripendtime":"08:16","lastlocationid":0,"currentlocationid":20712,"nextlocationid":0,"currentstop":null,"nextstop":null,"laststop":null,"stopCoveredStatus":0,"heading":193,"lastrefreshon":"05-10-2023 17:13:26","lastreceiveddatetimeflag":1,"tripposition":3}]},"down":{"data":[],"mapData":[]},"message":"Success","issuccess":true,"exception":null,"rowCount":0,"responsecode":200}