{"up":{"data":[{"routeid":12469,"stationid":38478,"stationname":"CS-DLF Home Town","from":"CS-DLF Home Town","to":"CS-Dayanand Sagar College Kanakapura Road","routeno":"DSIT-4","distance_on_station":0,"centerlat":12.87568,"centerlong":77.6178,"responsecode":200,"isnotify":0,"vehicleDetails":[{"vehicleid":22433,"vehiclenumber":"KA53F0060","servicetypeid":72,"servicetype":"Non AC/Ordinary","centerlat":12.872006,"centerlong":77.596649,"eta":"","sch_arrivaltime":"23:50","sch_departuretime":"23:50","actual_arrivaltime":"","actual_departuretime":"","sch_tripstarttime":"23:50","sch_tripendtime":"23:50","lastlocationid":0,"currentlocationid":38478,"nextlocationid":0,"currentstop":null,"nextstop":null,"laststop":null,"stopCoveredStatus":0,"heading":102,"lastrefreshon":"21-10-2024 14:19:06","lastreceiveddatetimeflag":0,"tripposition":3}]}],"mapData":[{"vehicleid":22433,"vehiclenumber":"KA53F0060","servicetypeid":72,"servicetype":"Non AC/Ordinary","centerlat":12.872006,"centerlong":77.596649,"eta":"","sch_arrivaltime":"23:50","sch_departuretime":"23:50","actual_arrivaltime":"","actual_departuretime":"","sch_tripstarttime":"23:50","sch_tripendtime":"23:50","lastlocationid":0,"currentlocationid":38478,"nextlocationid":0,"currentstop":null,"nextstop":null,"laststop":null,"stopCoveredStatus":0,"heading":102,"lastrefreshon":"21-10-2024 14:19:06","lastreceiveddatetimeflag":0,"tripposition":3}]},"down":{"data":[],"mapData":[]},"message":"Success","issuccess":true,"exception":null,"rowCount":0,"responsecode":200}