{"up":{"data":[{"routeid":10058,"stationid":36713,"stationname":"CS-Electronic City","from":"CS-Electronic City","to":"CS-Head Start School Kommasandra","routeno":"HSS-19","distance_on_station":0,"centerlat":12.84829,"centerlong":77.67081,"responsecode":200,"isnotify":0,"vehicleDetails":[{"vehicleid":25597,"vehiclenumber":"KA57F4864","servicetypeid":72,"servicetype":"Non AC/Ordinary","centerlat":12.850144,"centerlong":77.691664,"eta":"","sch_arrivaltime":"06:15","sch_departuretime":"06:15","actual_arrivaltime":"","actual_departuretime":"","sch_tripstarttime":"06:15","sch_tripendtime":"06:15","lastlocationid":0,"currentlocationid":36713,"nextlocationid":0,"currentstop":null,"nextstop":null,"laststop":null,"stopCoveredStatus":0,"heading":120,"lastrefreshon":"05-10-2023 17:13:16","lastreceiveddatetimeflag":1,"tripposition":1}]},{"routeid":10058,"stationid":36231,"stationname":"CS-Head Start School Kommasandra","from":"CS-Electronic City","to":"CS-Head Start School Kommasandra","routeno":"HSS-19","distance_on_station":26.9,"centerlat":12.86047,"centerlong":77.73498,"responsecode":200,"isnotify":0,"vehicleDetails":[{"vehicleid":25597,"vehiclenumber":"KA57F4864","servicetypeid":72,"servicetype":"Non AC/Ordinary","centerlat":12.850144,"centerlong":77.691664,"eta":"","sch_arrivaltime":"06:38","sch_departuretime":"06:38","actual_arrivaltime":"","actual_departuretime":"","sch_tripstarttime":"06:15","sch_tripendtime":"06:15","lastlocationid":0,"currentlocationid":36713,"nextlocationid":0,"currentstop":null,"nextstop":null,"laststop":null,"stopCoveredStatus":0,"heading":120,"lastrefreshon":"05-10-2023 17:13:16","lastreceiveddatetimeflag":1,"tripposition":1}]}],"mapData":[{"vehicleid":25597,"vehiclenumber":"KA57F4864","servicetypeid":72,"servicetype":"Non AC/Ordinary","centerlat":12.850144,"centerlong":77.691664,"eta":"","sch_arrivaltime":"06:38","sch_departuretime":"06:38","actual_arrivaltime":"","actual_departuretime":"","sch_tripstarttime":"06:15","sch_tripendtime":"06:15","lastlocationid":0,"currentlocationid":36713,"nextlocationid":0,"currentstop":null,"nextstop":null,"laststop":null,"stopCoveredStatus":0,"heading":120,"lastrefreshon":"05-10-2023 17:13:16","lastreceiveddatetimeflag":1,"tripposition":1}]},"down":{"data":[],"mapData":[]},"message":"Success","issuccess":true,"exception":null,"rowCount":0,"responsecode":200}