{"up":{"data":[{"routeid":11732,"stationid":25819,"stationname":"Hebbala Bridge","from":"Hebbala Bridge","to":"Kempegowda International Airport","routeno":"KIA-9H","distance_on_station":0,"centerlat":13.04328,"centerlong":77.59036,"responsecode":200,"isnotify":0,"vehicleDetails":[{"vehicleid":13281,"vehiclenumber":"KA57F2312","servicetypeid":73,"servicetype":"AC","centerlat":13.199034,"centerlong":77.708527,"eta":"","sch_arrivaltime":"21:35","sch_departuretime":"21:35","actual_arrivaltime":"21:31","actual_departuretime":"21:31","sch_tripstarttime":"21:35","sch_tripendtime":"21:35","lastlocationid":0,"currentlocationid":35805,"nextlocationid":0,"currentstop":null,"nextstop":null,"laststop":null,"stopCoveredStatus":1,"heading":78,"lastrefreshon":"26-07-2024 22:59:23","lastreceiveddatetimeflag":0,"tripposition":1}]},{"routeid":11732,"stationid":33931,"stationname":"Military Dairy Farm (Esteem Mall)","from":"Hebbala Bridge","to":"Kempegowda International Airport","routeno":"KIA-9H","distance_on_station":0.799,"centerlat":13.04979,"centerlong":77.59274,"responsecode":200,"isnotify":0,"vehicleDetails":[{"vehicleid":13281,"vehiclenumber":"KA57F2312","servicetypeid":73,"servicetype":"AC","centerlat":13.199034,"centerlong":77.708527,"eta":"","sch_arrivaltime":"21:36","sch_departuretime":"21:36","actual_arrivaltime":"21:35","actual_departuretime":"21:36","sch_tripstarttime":"21:35","sch_tripendtime":"21:35","lastlocationid":0,"currentlocationid":35805,"nextlocationid":0,"currentstop":null,"nextstop":null,"laststop":null,"stopCoveredStatus":1,"heading":78,"lastrefreshon":"26-07-2024 22:59:23","lastreceiveddatetimeflag":0,"tripposition":1}]},{"routeid":11732,"stationid":35107,"stationname":"Byatarayanapura","from":"Hebbala Bridge","to":"Kempegowda International Airport","routeno":"KIA-9H","distance_on_station":2.703,"centerlat":13.06645,"centerlong":77.59294,"responsecode":200,"isnotify":0,"vehicleDetails":[{"vehicleid":13281,"vehiclenumber":"KA57F2312","servicetypeid":73,"servicetype":"AC","centerlat":13.199034,"centerlong":77.708527,"eta":"","sch_arrivaltime":"21:40","sch_departuretime":"21:40","actual_arrivaltime":"21:38","actual_departuretime":"21:38","sch_tripstarttime":"21:35","sch_tripendtime":"21:35","lastlocationid":0,"currentlocationid":35805,"nextlocationid":0,"currentstop":null,"nextstop":null,"laststop":null,"stopCoveredStatus":1,"heading":78,"lastrefreshon":"26-07-2024 22:59:23","lastreceiveddatetimeflag":0,"tripposition":1}]},{"routeid":11732,"stationid":35151,"stationname":"Allalasandra Gate","from":"Hebbala Bridge","to":"Kempegowda International Airport","routeno":"KIA-9H","distance_on_station":4.884,"centerlat":13.08541,"centerlong":77.59421,"responsecode":200,"isnotify":0,"vehicleDetails":[{"vehicleid":13281,"vehiclenumber":"KA57F2312","servicetypeid":73,"servicetype":"AC","centerlat":13.199034,"centerlong":77.708527,"eta":"","sch_arrivaltime":"21:44","sch_departuretime":"21:44","actual_arrivaltime":"21:40","actual_departuretime":"21:40","sch_tripstarttime":"21:35","sch_tripendtime":"21:35","lastlocationid":0,"currentlocationid":35805,"nextlocationid":0,"currentstop":null,"nextstop":null,"laststop":null,"stopCoveredStatus":1,"heading":78,"lastrefreshon":"26-07-2024 22:59:23","lastreceiveddatetimeflag":0,"tripposition":1}]},{"routeid":11732,"stationid":22643,"stationname":"Yelahanka Santhe Circle","from":"Hebbala Bridge","to":"Kempegowda International Airport","routeno":"KIA-9H","distance_on_station":6.624,"centerlat":13.09919,"centerlong":77.59731,"responsecode":200,"isnotify":0,"vehicleDetails":[{"vehicleid":13281,"vehiclenumber":"KA57F2312","servicetypeid":73,"servicetype":"AC","centerlat":13.199034,"centerlong":77.708527,"eta":"","sch_arrivaltime":"21:47","sch_departuretime":"21:47","actual_arrivaltime":"","actual_departuretime":"","sch_tripstarttime":"21:35","sch_tripendtime":"21:35","lastlocationid":0,"currentlocationid":35805,"nextlocationid":0,"currentstop":null,"nextstop":null,"laststop":null,"stopCoveredStatus":1,"heading":78,"lastrefreshon":"26-07-2024 22:59:23","lastreceiveddatetimeflag":0,"tripposition":3}]},{"routeid":11732,"stationid":31172,"stationname":"Kogilu Cross","from":"Hebbala Bridge","to":"Kempegowda International Airport","routeno":"KIA-9H","distance_on_station":7.249,"centerlat":13.10386,"centerlong":77.60028,"responsecode":200,"isnotify":0,"vehicleDetails":[{"vehicleid":13281,"vehiclenumber":"KA57F2312","servicetypeid":73,"servicetype":"AC","centerlat":13.199034,"centerlong":77.708527,"eta":"","sch_arrivaltime":"21:48","sch_departuretime":"21:48","actual_arrivaltime":"21:43","actual_departuretime":"21:44","sch_tripstarttime":"21:35","sch_tripendtime":"21:35","lastlocationid":0,"currentlocationid":35805,"nextlocationid":0,"currentstop":null,"nextstop":null,"laststop":null,"stopCoveredStatus":1,"heading":78,"lastrefreshon":"26-07-2024 22:59:23","lastreceiveddatetimeflag":0,"tripposition":1}]},{"routeid":11732,"stationid":31579,"stationname":"Venkatala","from":"Hebbala Bridge","to":"Kempegowda International Airport","routeno":"KIA-9H","distance_on_station":8.232,"centerlat":13.11139,"centerlong":77.60456,"responsecode":200,"isnotify":0,"vehicleDetails":[{"vehicleid":13281,"vehiclenumber":"KA57F2312","servicetypeid":73,"servicetype":"AC","centerlat":13.199034,"centerlong":77.708527,"eta":"","sch_arrivaltime":"21:49","sch_departuretime":"21:49","actual_arrivaltime":"","actual_departuretime":"","sch_tripstarttime":"21:35","sch_tripendtime":"21:35","lastlocationid":0,"currentlocationid":35805,"nextlocationid":0,"currentstop":null,"nextstop":null,"laststop":null,"stopCoveredStatus":1,"heading":78,"lastrefreshon":"26-07-2024 22:59:23","lastreceiveddatetimeflag":0,"tripposition":3}]},{"routeid":11732,"stationid":33030,"stationname":"Indian Air Force","from":"Hebbala Bridge","to":"Kempegowda International Airport","routeno":"KIA-9H","distance_on_station":10.75,"centerlat":13.13103,"centerlong":77.61503,"responsecode":200,"isnotify":0,"vehicleDetails":[{"vehicleid":13281,"vehiclenumber":"KA57F2312","servicetypeid":73,"servicetype":"AC","centerlat":13.199034,"centerlong":77.708527,"eta":"","sch_arrivaltime":"21:52","sch_departuretime":"21:52","actual_arrivaltime":"21:46","actual_departuretime":"21:47","sch_tripstarttime":"21:35","sch_tripendtime":"21:35","lastlocationid":0,"currentlocationid":35805,"nextlocationid":0,"currentstop":null,"nextstop":null,"laststop":null,"stopCoveredStatus":1,"heading":78,"lastrefreshon":"26-07-2024 22:59:23","lastreceiveddatetimeflag":0,"tripposition":1}]},{"routeid":11732,"stationid":33001,"stationname":"Hunasamaranahalli","from":"Hebbala Bridge","to":"Kempegowda International Airport","routeno":"KIA-9H","distance_on_station":12.419,"centerlat":13.14519,"centerlong":77.6174,"responsecode":200,"isnotify":0,"vehicleDetails":[{"vehicleid":13281,"vehiclenumber":"KA57F2312","servicetypeid":73,"servicetype":"AC","centerlat":13.199034,"centerlong":77.708527,"eta":"","sch_arrivaltime":"21:54","sch_departuretime":"21:54","actual_arrivaltime":"21:48","actual_departuretime":"21:48","sch_tripstarttime":"21:35","sch_tripendtime":"21:35","lastlocationid":0,"currentlocationid":35805,"nextlocationid":0,"currentstop":null,"nextstop":null,"laststop":null,"stopCoveredStatus":1,"heading":78,"lastrefreshon":"26-07-2024 22:59:23","lastreceiveddatetimeflag":0,"tripposition":1}]},{"routeid":11732,"stationid":31981,"stationname":"Bettahalasuru Cross","from":"Hebbala Bridge","to":"Kempegowda International Airport","routeno":"KIA-9H","distance_on_station":13.945,"centerlat":13.1571,"centerlong":77.62336,"responsecode":200,"isnotify":0,"vehicleDetails":[{"vehicleid":13281,"vehiclenumber":"KA57F2312","servicetypeid":73,"servicetype":"AC","centerlat":13.199034,"centerlong":77.708527,"eta":"","sch_arrivaltime":"21:56","sch_departuretime":"21:56","actual_arrivaltime":"","actual_departuretime":"","sch_tripstarttime":"21:35","sch_tripendtime":"21:35","lastlocationid":0,"currentlocationid":35805,"nextlocationid":0,"currentstop":null,"nextstop":null,"laststop":null,"stopCoveredStatus":1,"heading":78,"lastrefreshon":"26-07-2024 22:59:23","lastreceiveddatetimeflag":0,"tripposition":3}]},{"routeid":11732,"stationid":24574,"stationname":"Chikkajala","from":"Hebbala Bridge","to":"Kempegowda International Airport","routeno":"KIA-9H","distance_on_station":16.043,"centerlat":13.17277,"centerlong":77.63318,"responsecode":200,"isnotify":0,"vehicleDetails":[{"vehicleid":13281,"vehiclenumber":"KA57F2312","servicetypeid":73,"servicetype":"AC","centerlat":13.199034,"centerlong":77.708527,"eta":"","sch_arrivaltime":"21:59","sch_departuretime":"21:59","actual_arrivaltime":"21:51","actual_departuretime":"21:52","sch_tripstarttime":"21:35","sch_tripendtime":"21:35","lastlocationid":0,"currentlocationid":35805,"nextlocationid":0,"currentstop":null,"nextstop":null,"laststop":null,"stopCoveredStatus":1,"heading":78,"lastrefreshon":"26-07-2024 22:59:23","lastreceiveddatetimeflag":0,"tripposition":1}]},{"routeid":11732,"stationid":34443,"stationname":"Sadahalli Gate","from":"Hebbala Bridge","to":"Kempegowda International Airport","routeno":"KIA-9H","distance_on_station":18.531,"centerlat":13.19072,"centerlong":77.64583,"responsecode":200,"isnotify":0,"vehicleDetails":[{"vehicleid":13281,"vehiclenumber":"KA57F2312","servicetypeid":73,"servicetype":"AC","centerlat":13.199034,"centerlong":77.708527,"eta":"","sch_arrivaltime":"22:03","sch_departuretime":"22:03","actual_arrivaltime":"21:54","actual_departuretime":"21:54","sch_tripstarttime":"21:35","sch_tripendtime":"21:35","lastlocationid":0,"currentlocationid":35805,"nextlocationid":0,"currentstop":null,"nextstop":null,"laststop":null,"stopCoveredStatus":1,"heading":78,"lastrefreshon":"26-07-2024 22:59:23","lastreceiveddatetimeflag":0,"tripposition":1}]},{"routeid":11732,"stationid":35744,"stationname":"Navayuga Toll (KIA)","from":"Hebbala Bridge","to":"Kempegowda International Airport","routeno":"KIA-9H","distance_on_station":19.053,"centerlat":13.19369,"centerlong":77.64945,"responsecode":200,"isnotify":0,"vehicleDetails":[{"vehicleid":13281,"vehiclenumber":"KA57F2312","servicetypeid":73,"servicetype":"AC","centerlat":13.199034,"centerlong":77.708527,"eta":"","sch_arrivaltime":"22:04","sch_departuretime":"22:04","actual_arrivaltime":"21:55","actual_departuretime":"21:56","sch_tripstarttime":"21:35","sch_tripendtime":"21:35","lastlocationid":0,"currentlocationid":35805,"nextlocationid":0,"currentstop":null,"nextstop":null,"laststop":null,"stopCoveredStatus":1,"heading":78,"lastrefreshon":"26-07-2024 22:59:23","lastreceiveddatetimeflag":0,"tripposition":1}]},{"routeid":11732,"stationid":35806,"stationname":"Trumpet (KIA)","from":"Hebbala Bridge","to":"Kempegowda International Airport","routeno":"KIA-9H","distance_on_station":19.606,"centerlat":13.19625,"centerlong":77.65369,"responsecode":200,"isnotify":0,"vehicleDetails":[{"vehicleid":13281,"vehiclenumber":"KA57F2312","servicetypeid":73,"servicetype":"AC","centerlat":13.199034,"centerlong":77.708527,"eta":"","sch_arrivaltime":"22:05","sch_departuretime":"22:05","actual_arrivaltime":"","actual_departuretime":"","sch_tripstarttime":"21:35","sch_tripendtime":"21:35","lastlocationid":0,"currentlocationid":35805,"nextlocationid":0,"currentstop":null,"nextstop":null,"laststop":null,"stopCoveredStatus":1,"heading":78,"lastrefreshon":"26-07-2024 22:59:23","lastreceiveddatetimeflag":0,"tripposition":3}]},{"routeid":11732,"stationid":37968,"stationname":"Cargo Village","from":"Hebbala Bridge","to":"Kempegowda International Airport","routeno":"KIA-9H","distance_on_station":23.538,"centerlat":13.19967,"centerlong":77.68231,"responsecode":200,"isnotify":0,"vehicleDetails":[{"vehicleid":13281,"vehiclenumber":"KA57F2312","servicetypeid":73,"servicetype":"AC","centerlat":13.199034,"centerlong":77.708527,"eta":"","sch_arrivaltime":"22:10","sch_departuretime":"22:10","actual_arrivaltime":"22:01","actual_departuretime":"22:01","sch_tripstarttime":"21:35","sch_tripendtime":"21:35","lastlocationid":0,"currentlocationid":35805,"nextlocationid":0,"currentstop":null,"nextstop":null,"laststop":null,"stopCoveredStatus":1,"heading":78,"lastrefreshon":"26-07-2024 22:59:23","lastreceiveddatetimeflag":0,"tripposition":1}]},{"routeid":11732,"stationid":37969,"stationname":"DHFL","from":"Hebbala Bridge","to":"Kempegowda International Airport","routeno":"KIA-9H","distance_on_station":25.012,"centerlat":13.19963,"centerlong":77.69561,"responsecode":200,"isnotify":0,"vehicleDetails":[{"vehicleid":13281,"vehiclenumber":"KA57F2312","servicetypeid":73,"servicetype":"AC","centerlat":13.199034,"centerlong":77.708527,"eta":"","sch_arrivaltime":"22:13","sch_departuretime":"22:13","actual_arrivaltime":"22:03","actual_departuretime":"22:04","sch_tripstarttime":"21:35","sch_tripendtime":"21:35","lastlocationid":0,"currentlocationid":35805,"nextlocationid":0,"currentstop":null,"nextstop":null,"laststop":null,"stopCoveredStatus":1,"heading":78,"lastrefreshon":"26-07-2024 22:59:23","lastreceiveddatetimeflag":0,"tripposition":1}]},{"routeid":11732,"stationid":35805,"stationname":"Kempegowda International Airport","from":"Hebbala Bridge","to":"Kempegowda International Airport","routeno":"KIA-9H","distance_on_station":27.5,"centerlat":13.19916,"centerlong":77.70774,"responsecode":200,"isnotify":0,"vehicleDetails":[{"vehicleid":13281,"vehiclenumber":"KA57F2312","servicetypeid":73,"servicetype":"AC","centerlat":13.199034,"centerlong":77.708527,"eta":"","sch_arrivaltime":"22:20","sch_departuretime":"22:20","actual_arrivaltime":"22:10","actual_departuretime":"22:36","sch_tripstarttime":"21:35","sch_tripendtime":"21:35","lastlocationid":0,"currentlocationid":35805,"nextlocationid":0,"currentstop":null,"nextstop":null,"laststop":null,"stopCoveredStatus":1,"heading":78,"lastrefreshon":"26-07-2024 22:59:23","lastreceiveddatetimeflag":0,"tripposition":1}]}],"mapData":[{"vehicleid":13281,"vehiclenumber":"KA57F2312","servicetypeid":73,"servicetype":"AC","centerlat":13.199034,"centerlong":77.708527,"eta":"","sch_arrivaltime":"22:20","sch_departuretime":"22:20","actual_arrivaltime":"22:10","actual_departuretime":"22:36","sch_tripstarttime":"21:35","sch_tripendtime":"21:35","lastlocationid":0,"currentlocationid":35805,"nextlocationid":0,"currentstop":null,"nextstop":null,"laststop":null,"stopCoveredStatus":1,"heading":78,"lastrefreshon":"26-07-2024 22:59:23","lastreceiveddatetimeflag":0,"tripposition":1}]},"down":{"data":[],"mapData":[]},"message":"Success","issuccess":true,"exception":null,"rowCount":0,"responsecode":200}