{"up":{"data":[{"routeid":10303,"stationid":27825,"stationname":"Raheja Arcade Koramangala","from":"Raheja Arcade Koramangala","to":"Koramangala Bus Station","routeno":"KRM-RHAC","distance_on_station":0,"centerlat":12.93524,"centerlong":77.61992,"responsecode":200,"isnotify":0,"vehicleDetails":[{"vehicleid":27420,"vehiclenumber":"KA57F6020","servicetypeid":72,"servicetype":"Non AC/Ordinary","centerlat":0,"centerlong":0,"eta":"","sch_arrivaltime":"15:30","sch_departuretime":"15:30","actual_arrivaltime":"","actual_departuretime":"","sch_tripstarttime":"15:30","sch_tripendtime":"15:30","lastlocationid":0,"currentlocationid":35100,"nextlocationid":0,"currentstop":null,"nextstop":null,"laststop":null,"stopCoveredStatus":0,"heading":0,"lastrefreshon":"06-11-2024 21:28:01","lastreceiveddatetimeflag":0,"tripposition":3}]},{"routeid":10303,"stationid":21800,"stationname":"Canara Bank Koramangala","from":"Raheja Arcade Koramangala","to":"Koramangala Bus Station","routeno":"KRM-RHAC","distance_on_station":0.75,"centerlat":12.93524,"centerlong":77.62426,"responsecode":200,"isnotify":0,"vehicleDetails":[{"vehicleid":27420,"vehiclenumber":"KA57F6020","servicetypeid":72,"servicetype":"Non AC/Ordinary","centerlat":0,"centerlong":0,"eta":"","sch_arrivaltime":"15:33","sch_departuretime":"15:33","actual_arrivaltime":"","actual_departuretime":"","sch_tripstarttime":"15:30","sch_tripendtime":"15:30","lastlocationid":0,"currentlocationid":35100,"nextlocationid":0,"currentstop":null,"nextstop":null,"laststop":null,"stopCoveredStatus":0,"heading":0,"lastrefreshon":"06-11-2024 21:28:01","lastreceiveddatetimeflag":0,"tripposition":3}]},{"routeid":10303,"stationid":35137,"stationname":"Sony World 80ft Road Koramangala","from":"Raheja Arcade Koramangala","to":"Koramangala Bus Station","routeno":"KRM-RHAC","distance_on_station":1.163,"centerlat":12.93782,"centerlong":77.62639,"responsecode":200,"isnotify":0,"vehicleDetails":[{"vehicleid":27420,"vehiclenumber":"KA57F6020","servicetypeid":72,"servicetype":"Non AC/Ordinary","centerlat":0,"centerlong":0,"eta":"","sch_arrivaltime":"15:35","sch_departuretime":"15:35","actual_arrivaltime":"","actual_departuretime":"","sch_tripstarttime":"15:30","sch_tripendtime":"15:30","lastlocationid":0,"currentlocationid":35100,"nextlocationid":0,"currentstop":null,"nextstop":null,"laststop":null,"stopCoveredStatus":0,"heading":0,"lastrefreshon":"06-11-2024 21:28:01","lastreceiveddatetimeflag":0,"tripposition":3}]},{"routeid":10303,"stationid":35100,"stationname":"Koramangala Bus Station","from":"Raheja Arcade Koramangala","to":"Koramangala Bus Station","routeno":"KRM-RHAC","distance_on_station":1.5,"centerlat":12.9405,"centerlong":77.62479,"responsecode":200,"isnotify":0,"vehicleDetails":[{"vehicleid":27420,"vehiclenumber":"KA57F6020","servicetypeid":72,"servicetype":"Non AC/Ordinary","centerlat":0,"centerlong":0,"eta":"","sch_arrivaltime":"15:36","sch_departuretime":"15:36","actual_arrivaltime":"","actual_departuretime":"","sch_tripstarttime":"15:30","sch_tripendtime":"15:30","lastlocationid":0,"currentlocationid":35100,"nextlocationid":0,"currentstop":null,"nextstop":null,"laststop":null,"stopCoveredStatus":0,"heading":0,"lastrefreshon":"06-11-2024 21:28:01","lastreceiveddatetimeflag":0,"tripposition":3}]}],"mapData":[{"vehicleid":27420,"vehiclenumber":"KA57F6020","servicetypeid":72,"servicetype":"Non AC/Ordinary","centerlat":0,"centerlong":0,"eta":"","sch_arrivaltime":"15:36","sch_departuretime":"15:36","actual_arrivaltime":"","actual_departuretime":"","sch_tripstarttime":"15:30","sch_tripendtime":"15:30","lastlocationid":0,"currentlocationid":35100,"nextlocationid":0,"currentstop":null,"nextstop":null,"laststop":null,"stopCoveredStatus":0,"heading":0,"lastrefreshon":"06-11-2024 21:28:01","lastreceiveddatetimeflag":0,"tripposition":3}]},"down":{"data":[],"mapData":[]},"message":"Success","issuccess":true,"exception":null,"rowCount":0,"responsecode":200}