{"up":{"data":[{"routeid":11052,"stationid":31011,"stationname":"Kendriya Vidyalaya ASC Center","from":"Kendriya Vidyalaya ASC Center","to":"Neelasandra Rose Garden","routeno":"KVASC-NRG","distance_on_station":0,"centerlat":12.96676,"centerlong":77.61259,"responsecode":200,"isnotify":0,"vehicleDetails":[{"vehicleid":22744,"vehiclenumber":"KA57F3066","servicetypeid":72,"servicetype":"Non AC/Ordinary","centerlat":12.981908,"centerlong":77.634254,"eta":"","sch_arrivaltime":"08:10","sch_departuretime":"08:10","actual_arrivaltime":"","actual_departuretime":"","sch_tripstarttime":"08:10","sch_tripendtime":"08:10","lastlocationid":0,"currentlocationid":31011,"nextlocationid":0,"currentstop":null,"nextstop":null,"laststop":null,"stopCoveredStatus":0,"heading":32,"lastrefreshon":"05-08-2024 21:23:36","lastreceiveddatetimeflag":1,"tripposition":1}]},{"routeid":11052,"stationid":20970,"stationname":"Life Style (Sacred Heart School)","from":"Kendriya Vidyalaya ASC Center","to":"Neelasandra Rose Garden","routeno":"KVASC-NRG","distance_on_station":0.478,"centerlat":12.96692,"centerlong":77.61018,"responsecode":200,"isnotify":0,"vehicleDetails":[{"vehicleid":22744,"vehiclenumber":"KA57F3066","servicetypeid":72,"servicetype":"Non AC/Ordinary","centerlat":12.981908,"centerlong":77.634254,"eta":"","sch_arrivaltime":"08:11","sch_departuretime":"08:11","actual_arrivaltime":"","actual_departuretime":"","sch_tripstarttime":"08:10","sch_tripendtime":"08:10","lastlocationid":0,"currentlocationid":31011,"nextlocationid":0,"currentstop":null,"nextstop":null,"laststop":null,"stopCoveredStatus":0,"heading":32,"lastrefreshon":"05-08-2024 21:23:36","lastreceiveddatetimeflag":1,"tripposition":3}]},{"routeid":11052,"stationid":22385,"stationname":"Philomenas Hospital","from":"Kendriya Vidyalaya ASC Center","to":"Neelasandra Rose Garden","routeno":"KVASC-NRG","distance_on_station":0.874,"centerlat":12.96508,"centerlong":77.61011,"responsecode":200,"isnotify":0,"vehicleDetails":[{"vehicleid":22744,"vehiclenumber":"KA57F3066","servicetypeid":72,"servicetype":"Non AC/Ordinary","centerlat":12.981908,"centerlong":77.634254,"eta":"","sch_arrivaltime":"08:12","sch_departuretime":"08:12","actual_arrivaltime":"","actual_departuretime":"","sch_tripstarttime":"08:10","sch_tripendtime":"08:10","lastlocationid":0,"currentlocationid":31011,"nextlocationid":0,"currentstop":null,"nextstop":null,"laststop":null,"stopCoveredStatus":0,"heading":32,"lastrefreshon":"05-08-2024 21:23:36","lastreceiveddatetimeflag":1,"tripposition":3}]},{"routeid":11052,"stationid":21677,"stationname":"Austin Town","from":"Kendriya Vidyalaya ASC Center","to":"Neelasandra Rose Garden","routeno":"KVASC-NRG","distance_on_station":1.749,"centerlat":12.96156,"centerlong":77.61344,"responsecode":200,"isnotify":0,"vehicleDetails":[{"vehicleid":22744,"vehiclenumber":"KA57F3066","servicetypeid":72,"servicetype":"Non AC/Ordinary","centerlat":12.981908,"centerlong":77.634254,"eta":"","sch_arrivaltime":"08:13","sch_departuretime":"08:13","actual_arrivaltime":"","actual_departuretime":"","sch_tripstarttime":"08:10","sch_tripendtime":"08:10","lastlocationid":0,"currentlocationid":31011,"nextlocationid":0,"currentstop":null,"nextstop":null,"laststop":null,"stopCoveredStatus":0,"heading":32,"lastrefreshon":"05-08-2024 21:23:36","lastreceiveddatetimeflag":1,"tripposition":3}]},{"routeid":11052,"stationid":22350,"stationname":"Neelasandra Bus Stand","from":"Kendriya Vidyalaya ASC Center","to":"Neelasandra Rose Garden","routeno":"KVASC-NRG","distance_on_station":2.5,"centerlat":12.95746,"centerlong":77.61444,"responsecode":200,"isnotify":0,"vehicleDetails":[{"vehicleid":22744,"vehiclenumber":"KA57F3066","servicetypeid":72,"servicetype":"Non AC/Ordinary","centerlat":12.981908,"centerlong":77.634254,"eta":"","sch_arrivaltime":"08:15","sch_departuretime":"08:15","actual_arrivaltime":"","actual_departuretime":"","sch_tripstarttime":"08:10","sch_tripendtime":"08:10","lastlocationid":0,"currentlocationid":31011,"nextlocationid":0,"currentstop":null,"nextstop":null,"laststop":null,"stopCoveredStatus":0,"heading":32,"lastrefreshon":"05-08-2024 21:23:36","lastreceiveddatetimeflag":1,"tripposition":1}]}],"mapData":[{"vehicleid":22744,"vehiclenumber":"KA57F3066","servicetypeid":72,"servicetype":"Non AC/Ordinary","centerlat":12.981908,"centerlong":77.634254,"eta":"","sch_arrivaltime":"08:15","sch_departuretime":"08:15","actual_arrivaltime":"","actual_departuretime":"","sch_tripstarttime":"08:10","sch_tripendtime":"08:10","lastlocationid":0,"currentlocationid":31011,"nextlocationid":0,"currentstop":null,"nextstop":null,"laststop":null,"stopCoveredStatus":0,"heading":32,"lastrefreshon":"05-08-2024 21:23:36","lastreceiveddatetimeflag":1,"tripposition":1}]},"down":{"data":[],"mapData":[]},"message":"Success","issuccess":true,"exception":null,"rowCount":0,"responsecode":200}