{"up":{"data":[],"mapData":[]},"down":{"data":[{"routeid":7407,"stationid":28443,"stationname":"Laggere New Bus Stand","from":"Laggere New Bus Stand","to":"Jalahalli Cross  Metro Station Departure","routeno":"MF-24","distance_on_station":0,"centerlat":13.01054,"centerlong":77.52504,"responsecode":200,"isnotify":0,"vehicleDetails":[{"vehicleid":20344,"vehiclenumber":"KA57F2157","servicetypeid":72,"servicetype":"Non AC/Ordinary","centerlat":12.955616,"centerlong":77.592888,"eta":"","sch_arrivaltime":"19:00","sch_departuretime":"19:00","actual_arrivaltime":"","actual_departuretime":"","sch_tripstarttime":"19:00","sch_tripendtime":"19:00","lastlocationid":0,"currentlocationid":28443,"nextlocationid":0,"currentstop":null,"nextstop":null,"laststop":null,"stopCoveredStatus":0,"heading":298,"lastrefreshon":"26-07-2024 14:06:21","lastreceiveddatetimeflag":1,"tripposition":1}]},{"routeid":7407,"stationid":29476,"stationname":"Aladamara Laggere","from":"Laggere New Bus Stand","to":"Jalahalli Cross  Metro Station Departure","routeno":"MF-24","distance_on_station":0.865,"centerlat":13.01324,"centerlong":77.52099,"responsecode":200,"isnotify":0,"vehicleDetails":[{"vehicleid":20344,"vehiclenumber":"KA57F2157","servicetypeid":72,"servicetype":"Non AC/Ordinary","centerlat":12.955616,"centerlong":77.592888,"eta":"","sch_arrivaltime":"19:05","sch_departuretime":"19:05","actual_arrivaltime":"","actual_departuretime":"","sch_tripstarttime":"19:00","sch_tripendtime":"19:00","lastlocationid":0,"currentlocationid":28443,"nextlocationid":0,"currentstop":null,"nextstop":null,"laststop":null,"stopCoveredStatus":0,"heading":298,"lastrefreshon":"26-07-2024 14:06:21","lastreceiveddatetimeflag":1,"tripposition":3}]},{"routeid":7407,"stationid":34225,"stationname":"Parvathi Nagara","from":"Laggere New Bus Stand","to":"Jalahalli Cross  Metro Station Departure","routeno":"MF-24","distance_on_station":1.31,"centerlat":13.01623,"centerlong":77.5203,"responsecode":200,"isnotify":0,"vehicleDetails":[{"vehicleid":20344,"vehiclenumber":"KA57F2157","servicetypeid":72,"servicetype":"Non AC/Ordinary","centerlat":12.955616,"centerlong":77.592888,"eta":"","sch_arrivaltime":"19:06","sch_departuretime":"19:06","actual_arrivaltime":"","actual_departuretime":"","sch_tripstarttime":"19:00","sch_tripendtime":"19:00","lastlocationid":0,"currentlocationid":28443,"nextlocationid":0,"currentstop":null,"nextstop":null,"laststop":null,"stopCoveredStatus":0,"heading":298,"lastrefreshon":"26-07-2024 14:06:21","lastreceiveddatetimeflag":1,"tripposition":3}]},{"routeid":7407,"stationid":33916,"stationname":"MEI Colony Laggere","from":"Laggere New Bus Stand","to":"Jalahalli Cross  Metro Station Departure","routeno":"MF-24","distance_on_station":1.844,"centerlat":13.01996,"centerlong":77.5207,"responsecode":200,"isnotify":0,"vehicleDetails":[{"vehicleid":20344,"vehiclenumber":"KA57F2157","servicetypeid":72,"servicetype":"Non AC/Ordinary","centerlat":12.955616,"centerlong":77.592888,"eta":"","sch_arrivaltime":"19:08","sch_departuretime":"19:08","actual_arrivaltime":"","actual_departuretime":"","sch_tripstarttime":"19:00","sch_tripendtime":"19:00","lastlocationid":0,"currentlocationid":28443,"nextlocationid":0,"currentstop":null,"nextstop":null,"laststop":null,"stopCoveredStatus":0,"heading":298,"lastrefreshon":"26-07-2024 14:06:21","lastreceiveddatetimeflag":1,"tripposition":3}]},{"routeid":7407,"stationid":33651,"stationname":"Laggere Cross","from":"Laggere New Bus Stand","to":"Jalahalli Cross  Metro Station Departure","routeno":"MF-24","distance_on_station":2.403,"centerlat":13.02265,"centerlong":77.52336,"responsecode":200,"isnotify":0,"vehicleDetails":[{"vehicleid":20344,"vehiclenumber":"KA57F2157","servicetypeid":72,"servicetype":"Non AC/Ordinary","centerlat":12.955616,"centerlong":77.592888,"eta":"","sch_arrivaltime":"19:10","sch_departuretime":"19:10","actual_arrivaltime":"","actual_departuretime":"","sch_tripstarttime":"19:00","sch_tripendtime":"19:00","lastlocationid":0,"currentlocationid":28443,"nextlocationid":0,"currentstop":null,"nextstop":null,"laststop":null,"stopCoveredStatus":0,"heading":298,"lastrefreshon":"26-07-2024 14:06:21","lastreceiveddatetimeflag":1,"tripposition":3}]},{"routeid":7407,"stationid":27712,"stationname":"Rajagopala Nagara Police Station","from":"Laggere New Bus Stand","to":"Jalahalli Cross  Metro Station Departure","routeno":"MF-24","distance_on_station":2.657,"centerlat":13.0236,"centerlong":77.52178,"responsecode":200,"isnotify":0,"vehicleDetails":[{"vehicleid":20344,"vehiclenumber":"KA57F2157","servicetypeid":72,"servicetype":"Non AC/Ordinary","centerlat":12.955616,"centerlong":77.592888,"eta":"","sch_arrivaltime":"19:11","sch_departuretime":"19:11","actual_arrivaltime":"","actual_departuretime":"","sch_tripstarttime":"19:00","sch_tripendtime":"19:00","lastlocationid":0,"currentlocationid":28443,"nextlocationid":0,"currentstop":null,"nextstop":null,"laststop":null,"stopCoveredStatus":0,"heading":298,"lastrefreshon":"26-07-2024 14:06:21","lastreceiveddatetimeflag":1,"tripposition":3}]},{"routeid":7407,"stationid":21236,"stationname":"TVS Cross Peenya","from":"Laggere New Bus Stand","to":"Jalahalli Cross  Metro Station Departure","routeno":"MF-24","distance_on_station":3.433,"centerlat":13.02868,"centerlong":77.51957,"responsecode":200,"isnotify":0,"vehicleDetails":[{"vehicleid":20344,"vehiclenumber":"KA57F2157","servicetypeid":72,"servicetype":"Non AC/Ordinary","centerlat":12.955616,"centerlong":77.592888,"eta":"","sch_arrivaltime":"19:14","sch_departuretime":"19:14","actual_arrivaltime":"","actual_departuretime":"","sch_tripstarttime":"19:00","sch_tripendtime":"19:00","lastlocationid":0,"currentlocationid":28443,"nextlocationid":0,"currentstop":null,"nextstop":null,"laststop":null,"stopCoveredStatus":0,"heading":298,"lastrefreshon":"26-07-2024 14:06:21","lastreceiveddatetimeflag":1,"tripposition":3}]},{"routeid":7407,"stationid":21209,"stationname":"Systems Peenya","from":"Laggere New Bus Stand","to":"Jalahalli Cross  Metro Station Departure","routeno":"MF-24","distance_on_station":4.374,"centerlat":13.03497,"centerlong":77.51794,"responsecode":200,"isnotify":0,"vehicleDetails":[{"vehicleid":20344,"vehiclenumber":"KA57F2157","servicetypeid":72,"servicetype":"Non AC/Ordinary","centerlat":12.955616,"centerlong":77.592888,"eta":"","sch_arrivaltime":"19:15","sch_departuretime":"19:15","actual_arrivaltime":"","actual_departuretime":"","sch_tripstarttime":"19:00","sch_tripendtime":"19:00","lastlocationid":0,"currentlocationid":28443,"nextlocationid":0,"currentstop":null,"nextstop":null,"laststop":null,"stopCoveredStatus":0,"heading":298,"lastrefreshon":"26-07-2024 14:06:21","lastreceiveddatetimeflag":1,"tripposition":3}]},{"routeid":7407,"stationid":35866,"stationname":"Jalahalli Cross  Metro Station Departure","from":"Laggere New Bus Stand","to":"Jalahalli Cross  Metro Station Departure","routeno":"MF-24","distance_on_station":5.2,"centerlat":13.0396,"centerlong":77.51933,"responsecode":200,"isnotify":0,"vehicleDetails":[{"vehicleid":20344,"vehiclenumber":"KA57F2157","servicetypeid":72,"servicetype":"Non AC/Ordinary","centerlat":12.955616,"centerlong":77.592888,"eta":"","sch_arrivaltime":"19:18","sch_departuretime":"19:18","actual_arrivaltime":"","actual_departuretime":"","sch_tripstarttime":"19:00","sch_tripendtime":"19:00","lastlocationid":0,"currentlocationid":28443,"nextlocationid":0,"currentstop":null,"nextstop":null,"laststop":null,"stopCoveredStatus":0,"heading":298,"lastrefreshon":"26-07-2024 14:06:21","lastreceiveddatetimeflag":1,"tripposition":1}]}],"mapData":[{"vehicleid":20344,"vehiclenumber":"KA57F2157","servicetypeid":72,"servicetype":"Non AC/Ordinary","centerlat":12.955616,"centerlong":77.592888,"eta":"","sch_arrivaltime":"19:18","sch_departuretime":"19:18","actual_arrivaltime":"","actual_departuretime":"","sch_tripstarttime":"19:00","sch_tripendtime":"19:00","lastlocationid":0,"currentlocationid":28443,"nextlocationid":0,"currentstop":null,"nextstop":null,"laststop":null,"stopCoveredStatus":0,"heading":298,"lastrefreshon":"26-07-2024 14:06:21","lastreceiveddatetimeflag":1,"tripposition":1}]},"message":"Success","issuccess":true,"exception":null,"rowCount":0,"responsecode":200}