{"up":{"data":[],"mapData":[]},"down":{"data":[{"routeid":11136,"stationid":33850,"stationname":"Mariyannanapalya","from":"Stalon  Living Manchester Coffee Board Layout","to":"RT Nagara Police Station","routeno":"RTNP-SMC","distance_on_station":0,"centerlat":13.04932,"centerlong":77.61187,"responsecode":200,"isnotify":0,"vehicleDetails":[{"vehicleid":19511,"vehiclenumber":"KA57F2275","servicetypeid":72,"servicetype":"Non AC/Ordinary","centerlat":13.041085,"centerlong":77.589684,"eta":"","sch_arrivaltime":"19:01","sch_departuretime":"19:01","actual_arrivaltime":"","actual_departuretime":"","sch_tripstarttime":"19:00","sch_tripendtime":"19:00","lastlocationid":0,"currentlocationid":25816,"nextlocationid":0,"currentstop":null,"nextstop":null,"laststop":null,"stopCoveredStatus":0,"heading":68,"lastrefreshon":"30-08-2024 12:53:52","lastreceiveddatetimeflag":0,"tripposition":3}]},{"routeid":11136,"stationid":35839,"stationname":"Veerannapalya","from":"Stalon  Living Manchester Coffee Board Layout","to":"RT Nagara Police Station","routeno":"RTNP-SMC","distance_on_station":0.838,"centerlat":13.04257,"centerlong":77.61369,"responsecode":200,"isnotify":0,"vehicleDetails":[{"vehicleid":19511,"vehiclenumber":"KA57F2275","servicetypeid":72,"servicetype":"Non AC/Ordinary","centerlat":13.041085,"centerlong":77.589684,"eta":"","sch_arrivaltime":"19:02","sch_departuretime":"19:02","actual_arrivaltime":"","actual_departuretime":"","sch_tripstarttime":"19:00","sch_tripendtime":"19:00","lastlocationid":0,"currentlocationid":25816,"nextlocationid":0,"currentstop":null,"nextstop":null,"laststop":null,"stopCoveredStatus":0,"heading":68,"lastrefreshon":"30-08-2024 12:53:52","lastreceiveddatetimeflag":0,"tripposition":3}]},{"routeid":11136,"stationid":20920,"stationname":"Kempapura","from":"Stalon  Living Manchester Coffee Board Layout","to":"RT Nagara Police Station","routeno":"RTNP-SMC","distance_on_station":2.343,"centerlat":13.0436,"centerlong":77.60121,"responsecode":200,"isnotify":0,"vehicleDetails":[{"vehicleid":19511,"vehiclenumber":"KA57F2275","servicetypeid":72,"servicetype":"Non AC/Ordinary","centerlat":13.041085,"centerlong":77.589684,"eta":"","sch_arrivaltime":"19:05","sch_departuretime":"19:05","actual_arrivaltime":"","actual_departuretime":"","sch_tripstarttime":"19:00","sch_tripendtime":"19:00","lastlocationid":0,"currentlocationid":25816,"nextlocationid":0,"currentstop":null,"nextstop":null,"laststop":null,"stopCoveredStatus":0,"heading":68,"lastrefreshon":"30-08-2024 12:53:52","lastreceiveddatetimeflag":0,"tripposition":3}]},{"routeid":11136,"stationid":37944,"stationname":"Hebbala Bridge","from":"Stalon  Living Manchester Coffee Board Layout","to":"RT Nagara Police Station","routeno":"RTNP-SMC","distance_on_station":3.726,"centerlat":13.04294,"centerlong":77.59145,"responsecode":200,"isnotify":0,"vehicleDetails":[{"vehicleid":19511,"vehiclenumber":"KA57F2275","servicetypeid":72,"servicetype":"Non AC/Ordinary","centerlat":13.041085,"centerlong":77.589684,"eta":"","sch_arrivaltime":"19:08","sch_departuretime":"19:08","actual_arrivaltime":"","actual_departuretime":"","sch_tripstarttime":"19:00","sch_tripendtime":"19:00","lastlocationid":0,"currentlocationid":25816,"nextlocationid":0,"currentstop":null,"nextstop":null,"laststop":null,"stopCoveredStatus":0,"heading":68,"lastrefreshon":"30-08-2024 12:53:52","lastreceiveddatetimeflag":0,"tripposition":3}]},{"routeid":11136,"stationid":25816,"stationname":"Hebbala","from":"Stalon  Living Manchester Coffee Board Layout","to":"RT Nagara Police Station","routeno":"RTNP-SMC","distance_on_station":4.696,"centerlat":13.03917,"centerlong":77.58951,"responsecode":200,"isnotify":0,"vehicleDetails":[{"vehicleid":19511,"vehiclenumber":"KA57F2275","servicetypeid":72,"servicetype":"Non AC/Ordinary","centerlat":13.041085,"centerlong":77.589684,"eta":"","sch_arrivaltime":"19:10","sch_departuretime":"19:10","actual_arrivaltime":"","actual_departuretime":"","sch_tripstarttime":"19:00","sch_tripendtime":"19:00","lastlocationid":0,"currentlocationid":25816,"nextlocationid":0,"currentstop":null,"nextstop":null,"laststop":null,"stopCoveredStatus":0,"heading":68,"lastrefreshon":"30-08-2024 12:53:52","lastreceiveddatetimeflag":0,"tripposition":3}]},{"routeid":11136,"stationid":20694,"stationname":"Canara Bank Hebbala","from":"Stalon  Living Manchester Coffee Board Layout","to":"RT Nagara Police Station","routeno":"RTNP-SMC","distance_on_station":5.049,"centerlat":13.0357,"centerlong":77.58909,"responsecode":200,"isnotify":0,"vehicleDetails":[{"vehicleid":19511,"vehiclenumber":"KA57F2275","servicetypeid":72,"servicetype":"Non AC/Ordinary","centerlat":13.041085,"centerlong":77.589684,"eta":"","sch_arrivaltime":"19:11","sch_departuretime":"19:11","actual_arrivaltime":"","actual_departuretime":"","sch_tripstarttime":"19:00","sch_tripendtime":"19:00","lastlocationid":0,"currentlocationid":25816,"nextlocationid":0,"currentstop":null,"nextstop":null,"laststop":null,"stopCoveredStatus":0,"heading":68,"lastrefreshon":"30-08-2024 12:53:52","lastreceiveddatetimeflag":0,"tripposition":3}]},{"routeid":11136,"stationid":21253,"stationname":"Veterinary Hospital","from":"Stalon  Living Manchester Coffee Board Layout","to":"RT Nagara Police Station","routeno":"RTNP-SMC","distance_on_station":5.726,"centerlat":13.03018,"centerlong":77.58697,"responsecode":200,"isnotify":0,"vehicleDetails":[{"vehicleid":19511,"vehiclenumber":"KA57F2275","servicetypeid":72,"servicetype":"Non AC/Ordinary","centerlat":13.041085,"centerlong":77.589684,"eta":"","sch_arrivaltime":"19:12","sch_departuretime":"19:12","actual_arrivaltime":"","actual_departuretime":"","sch_tripstarttime":"19:00","sch_tripendtime":"19:00","lastlocationid":0,"currentlocationid":25816,"nextlocationid":0,"currentstop":null,"nextstop":null,"laststop":null,"stopCoveredStatus":0,"heading":68,"lastrefreshon":"30-08-2024 12:53:52","lastreceiveddatetimeflag":0,"tripposition":3}]},{"routeid":11136,"stationid":20700,"stationname":"CBI","from":"Stalon  Living Manchester Coffee Board Layout","to":"RT Nagara Police Station","routeno":"RTNP-SMC","distance_on_station":6.119,"centerlat":13.02696,"centerlong":77.58589,"responsecode":200,"isnotify":0,"vehicleDetails":[{"vehicleid":19511,"vehiclenumber":"KA57F2275","servicetypeid":72,"servicetype":"Non AC/Ordinary","centerlat":13.041085,"centerlong":77.589684,"eta":"","sch_arrivaltime":"19:13","sch_departuretime":"19:13","actual_arrivaltime":"","actual_departuretime":"","sch_tripstarttime":"19:00","sch_tripendtime":"19:00","lastlocationid":0,"currentlocationid":25816,"nextlocationid":0,"currentstop":null,"nextstop":null,"laststop":null,"stopCoveredStatus":0,"heading":68,"lastrefreshon":"30-08-2024 12:53:52","lastreceiveddatetimeflag":0,"tripposition":3}]},{"routeid":11136,"stationid":21247,"stationname":"Vasanthappa Block","from":"Stalon  Living Manchester Coffee Board Layout","to":"RT Nagara Police Station","routeno":"RTNP-SMC","distance_on_station":6.463,"centerlat":13.02629,"centerlong":77.58904,"responsecode":200,"isnotify":0,"vehicleDetails":[{"vehicleid":19511,"vehiclenumber":"KA57F2275","servicetypeid":72,"servicetype":"Non AC/Ordinary","centerlat":13.041085,"centerlong":77.589684,"eta":"","sch_arrivaltime":"19:14","sch_departuretime":"19:14","actual_arrivaltime":"","actual_departuretime":"","sch_tripstarttime":"19:00","sch_tripendtime":"19:00","lastlocationid":0,"currentlocationid":25816,"nextlocationid":0,"currentstop":null,"nextstop":null,"laststop":null,"stopCoveredStatus":0,"heading":68,"lastrefreshon":"30-08-2024 12:53:52","lastreceiveddatetimeflag":0,"tripposition":3}]},{"routeid":11136,"stationid":23786,"stationname":"RT Nagara Police Station","from":"Stalon  Living Manchester Coffee Board Layout","to":"RT Nagara Police Station","routeno":"RTNP-SMC","distance_on_station":7.2,"centerlat":13.02424,"centerlong":77.59288,"responsecode":200,"isnotify":0,"vehicleDetails":[{"vehicleid":19511,"vehiclenumber":"KA57F2275","servicetypeid":72,"servicetype":"Non AC/Ordinary","centerlat":13.041085,"centerlong":77.589684,"eta":"","sch_arrivaltime":"19:17","sch_departuretime":"19:17","actual_arrivaltime":"","actual_departuretime":"","sch_tripstarttime":"19:00","sch_tripendtime":"19:00","lastlocationid":0,"currentlocationid":25816,"nextlocationid":0,"currentstop":null,"nextstop":null,"laststop":null,"stopCoveredStatus":0,"heading":68,"lastrefreshon":"30-08-2024 12:53:52","lastreceiveddatetimeflag":0,"tripposition":3}]}],"mapData":[{"vehicleid":19511,"vehiclenumber":"KA57F2275","servicetypeid":72,"servicetype":"Non AC/Ordinary","centerlat":13.041085,"centerlong":77.589684,"eta":"","sch_arrivaltime":"19:17","sch_departuretime":"19:17","actual_arrivaltime":"","actual_departuretime":"","sch_tripstarttime":"19:00","sch_tripendtime":"19:00","lastlocationid":0,"currentlocationid":25816,"nextlocationid":0,"currentstop":null,"nextstop":null,"laststop":null,"stopCoveredStatus":0,"heading":68,"lastrefreshon":"30-08-2024 12:53:52","lastreceiveddatetimeflag":0,"tripposition":3}]},"message":"Success","issuccess":true,"exception":null,"rowCount":0,"responsecode":200}