{"up":{"data":[],"mapData":[]},"down":{"data":[{"routeid":10008,"stationid":36709,"stationname":"CS-St Vincent Palloti School","from":"CS-St Vincent Palloti School","to":"CS-Depot-10 Gate","routeno":"SVPS-01","distance_on_station":0,"centerlat":13.03191,"centerlong":77.65098,"responsecode":200,"isnotify":0,"vehicleDetails":[{"vehicleid":18725,"vehiclenumber":"KA57F2824","servicetypeid":72,"servicetype":"Non AC/Ordinary","centerlat":13.071786,"centerlong":77.633781,"eta":"","sch_arrivaltime":"15:40","sch_departuretime":"15:40","actual_arrivaltime":"","actual_departuretime":"","sch_tripstarttime":"15:40","sch_tripendtime":"15:40","lastlocationid":0,"currentlocationid":36709,"nextlocationid":0,"currentstop":null,"nextstop":null,"laststop":null,"stopCoveredStatus":0,"heading":194,"lastrefreshon":"30-08-2024 12:53:35","lastreceiveddatetimeflag":0,"tripposition":3}]},{"routeid":10008,"stationid":36248,"stationname":"CS-Depot-10 Gate","from":"CS-St Vincent Palloti School","to":"CS-Depot-10 Gate","routeno":"SVPS-01","distance_on_station":11.5,"centerlat":13.02548,"centerlong":77.63098,"responsecode":200,"isnotify":0,"vehicleDetails":[{"vehicleid":18725,"vehiclenumber":"KA57F2824","servicetypeid":72,"servicetype":"Non AC/Ordinary","centerlat":13.071786,"centerlong":77.633781,"eta":"","sch_arrivaltime":"15:50","sch_departuretime":"15:50","actual_arrivaltime":"","actual_departuretime":"","sch_tripstarttime":"15:40","sch_tripendtime":"15:40","lastlocationid":0,"currentlocationid":36709,"nextlocationid":0,"currentstop":null,"nextstop":null,"laststop":null,"stopCoveredStatus":0,"heading":194,"lastrefreshon":"30-08-2024 12:53:35","lastreceiveddatetimeflag":0,"tripposition":3}]}],"mapData":[{"vehicleid":18725,"vehiclenumber":"KA57F2824","servicetypeid":72,"servicetype":"Non AC/Ordinary","centerlat":13.071786,"centerlong":77.633781,"eta":"","sch_arrivaltime":"15:50","sch_departuretime":"15:50","actual_arrivaltime":"","actual_departuretime":"","sch_tripstarttime":"15:40","sch_tripendtime":"15:40","lastlocationid":0,"currentlocationid":36709,"nextlocationid":0,"currentstop":null,"nextstop":null,"laststop":null,"stopCoveredStatus":0,"heading":194,"lastrefreshon":"30-08-2024 12:53:35","lastreceiveddatetimeflag":0,"tripposition":3}]},"message":"Success","issuccess":true,"exception":null,"rowCount":0,"responsecode":200}