{"up":{"data":[],"mapData":[]},"down":{"data":[{"routeid":11578,"stationid":22327,"stationname":"Nagavara","from":"RK Hegde Nagara","to":"Gangondanahalli Masjid","routeno":"TR-4B","distance_on_station":0,"centerlat":13.03825,"centerlong":77.62352,"responsecode":200,"isnotify":0,"vehicleDetails":[{"vehicleid":19178,"vehiclenumber":"KA57F3512","servicetypeid":72,"servicetype":"Non AC/Ordinary","centerlat":12.95787,"centerlong":77.533966,"eta":"","sch_arrivaltime":"21:28","sch_departuretime":"21:28","actual_arrivaltime":"","actual_departuretime":"","sch_tripstarttime":"21:15","sch_tripendtime":"21:15","lastlocationid":0,"currentlocationid":21042,"nextlocationid":0,"currentstop":null,"nextstop":null,"laststop":null,"stopCoveredStatus":0,"heading":173,"lastrefreshon":"21-10-2024 14:18:52","lastreceiveddatetimeflag":0,"tripposition":3}]},{"routeid":11578,"stationid":21963,"stationname":"Glass Factory","from":"RK Hegde Nagara","to":"Gangondanahalli Masjid","routeno":"TR-4B","distance_on_station":0.507,"centerlat":13.03429,"centerlong":77.62277,"responsecode":200,"isnotify":0,"vehicleDetails":[{"vehicleid":19178,"vehiclenumber":"KA57F3512","servicetypeid":72,"servicetype":"Non AC/Ordinary","centerlat":12.95787,"centerlong":77.533966,"eta":"","sch_arrivaltime":"21:29","sch_departuretime":"21:29","actual_arrivaltime":"","actual_departuretime":"","sch_tripstarttime":"21:15","sch_tripendtime":"21:15","lastlocationid":0,"currentlocationid":21042,"nextlocationid":0,"currentstop":null,"nextstop":null,"laststop":null,"stopCoveredStatus":0,"heading":173,"lastrefreshon":"21-10-2024 14:18:52","lastreceiveddatetimeflag":0,"tripposition":3}]},{"routeid":11578,"stationid":21975,"stationname":"Govindapura Cross","from":"RK Hegde Nagara","to":"Gangondanahalli Masjid","routeno":"TR-4B","distance_on_station":0.739,"centerlat":13.03249,"centerlong":77.62209,"responsecode":200,"isnotify":0,"vehicleDetails":[{"vehicleid":19178,"vehiclenumber":"KA57F3512","servicetypeid":72,"servicetype":"Non AC/Ordinary","centerlat":12.95787,"centerlong":77.533966,"eta":"","sch_arrivaltime":"21:30","sch_departuretime":"21:30","actual_arrivaltime":"","actual_departuretime":"","sch_tripstarttime":"21:15","sch_tripendtime":"21:15","lastlocationid":0,"currentlocationid":21042,"nextlocationid":0,"currentstop":null,"nextstop":null,"laststop":null,"stopCoveredStatus":0,"heading":173,"lastrefreshon":"21-10-2024 14:18:52","lastreceiveddatetimeflag":0,"tripposition":3}]},{"routeid":11578,"stationid":21657,"stationname":"Arebic College","from":"RK Hegde Nagara","to":"Gangondanahalli Masjid","routeno":"TR-4B","distance_on_station":1.004,"centerlat":13.03049,"centerlong":77.62121,"responsecode":200,"isnotify":0,"vehicleDetails":[{"vehicleid":19178,"vehiclenumber":"KA57F3512","servicetypeid":72,"servicetype":"Non AC/Ordinary","centerlat":12.95787,"centerlong":77.533966,"eta":"","sch_arrivaltime":"21:31","sch_departuretime":"21:31","actual_arrivaltime":"","actual_departuretime":"","sch_tripstarttime":"21:15","sch_tripendtime":"21:15","lastlocationid":0,"currentlocationid":21042,"nextlocationid":0,"currentstop":null,"nextstop":null,"laststop":null,"stopCoveredStatus":0,"heading":173,"lastrefreshon":"21-10-2024 14:18:52","lastreceiveddatetimeflag":0,"tripposition":3}]},{"routeid":11578,"stationid":22173,"stationname":"Kadugondanahalli Railway Gate","from":"RK Hegde Nagara","to":"Gangondanahalli Masjid","routeno":"TR-4B","distance_on_station":1.577,"centerlat":13.02599,"centerlong":77.62003,"responsecode":200,"isnotify":0,"vehicleDetails":[{"vehicleid":19178,"vehiclenumber":"KA57F3512","servicetypeid":72,"servicetype":"Non AC/Ordinary","centerlat":12.95787,"centerlong":77.533966,"eta":"","sch_arrivaltime":"21:33","sch_departuretime":"21:33","actual_arrivaltime":"","actual_departuretime":"","sch_tripstarttime":"21:15","sch_tripendtime":"21:15","lastlocationid":0,"currentlocationid":21042,"nextlocationid":0,"currentstop":null,"nextstop":null,"laststop":null,"stopCoveredStatus":0,"heading":173,"lastrefreshon":"21-10-2024 14:18:52","lastreceiveddatetimeflag":0,"tripposition":3}]},{"routeid":11578,"stationid":22136,"stationname":"Kadugondanahalli Police Station","from":"RK Hegde Nagara","to":"Gangondanahalli Masjid","routeno":"TR-4B","distance_on_station":2.162,"centerlat":13.02128,"centerlong":77.61912,"responsecode":200,"isnotify":0,"vehicleDetails":[{"vehicleid":19178,"vehiclenumber":"KA57F3512","servicetypeid":72,"servicetype":"Non AC/Ordinary","centerlat":12.95787,"centerlong":77.533966,"eta":"","sch_arrivaltime":"21:34","sch_departuretime":"21:34","actual_arrivaltime":"","actual_departuretime":"","sch_tripstarttime":"21:15","sch_tripendtime":"21:15","lastlocationid":0,"currentlocationid":21042,"nextlocationid":0,"currentstop":null,"nextstop":null,"laststop":null,"stopCoveredStatus":0,"heading":173,"lastrefreshon":"21-10-2024 14:18:52","lastreceiveddatetimeflag":0,"tripposition":3}]},{"routeid":11578,"stationid":22597,"stationname":"Venkateshapura","from":"RK Hegde Nagara","to":"Gangondanahalli Masjid","routeno":"TR-4B","distance_on_station":2.889,"centerlat":13.0155,"centerlong":77.61762,"responsecode":200,"isnotify":0,"vehicleDetails":[{"vehicleid":19178,"vehiclenumber":"KA57F3512","servicetypeid":72,"servicetype":"Non AC/Ordinary","centerlat":12.95787,"centerlong":77.533966,"eta":"","sch_arrivaltime":"21:38","sch_departuretime":"21:38","actual_arrivaltime":"","actual_departuretime":"","sch_tripstarttime":"21:15","sch_tripendtime":"21:15","lastlocationid":0,"currentlocationid":21042,"nextlocationid":0,"currentstop":null,"nextstop":null,"laststop":null,"stopCoveredStatus":0,"heading":173,"lastrefreshon":"21-10-2024 14:18:52","lastreceiveddatetimeflag":0,"tripposition":3}]},{"routeid":11578,"stationid":22402,"stationname":"Postal and Telecom Colony","from":"RK Hegde Nagara","to":"Gangondanahalli Masjid","routeno":"TR-4B","distance_on_station":3.364,"centerlat":13.01201,"centerlong":77.61614,"responsecode":200,"isnotify":0,"vehicleDetails":[{"vehicleid":19178,"vehiclenumber":"KA57F3512","servicetypeid":72,"servicetype":"Non AC/Ordinary","centerlat":12.95787,"centerlong":77.533966,"eta":"","sch_arrivaltime":"21:39","sch_departuretime":"21:39","actual_arrivaltime":"","actual_departuretime":"","sch_tripstarttime":"21:15","sch_tripendtime":"21:15","lastlocationid":0,"currentlocationid":21042,"nextlocationid":0,"currentstop":null,"nextstop":null,"laststop":null,"stopCoveredStatus":0,"heading":173,"lastrefreshon":"21-10-2024 14:18:52","lastreceiveddatetimeflag":0,"tripposition":3}]},{"routeid":11578,"stationid":22319,"stationname":"Muslim Colony","from":"RK Hegde Nagara","to":"Gangondanahalli Masjid","routeno":"TR-4B","distance_on_station":3.529,"centerlat":13.01085,"centerlong":77.61541,"responsecode":200,"isnotify":0,"vehicleDetails":[{"vehicleid":19178,"vehiclenumber":"KA57F3512","servicetypeid":72,"servicetype":"Non AC/Ordinary","centerlat":12.95787,"centerlong":77.533966,"eta":"","sch_arrivaltime":"21:40","sch_departuretime":"21:40","actual_arrivaltime":"","actual_departuretime":"","sch_tripstarttime":"21:15","sch_tripendtime":"21:15","lastlocationid":0,"currentlocationid":21042,"nextlocationid":0,"currentstop":null,"nextstop":null,"laststop":null,"stopCoveredStatus":0,"heading":173,"lastrefreshon":"21-10-2024 14:18:52","lastreceiveddatetimeflag":0,"tripposition":3}]},{"routeid":11578,"stationid":22379,"stationname":"Periyar Nagara Circle","from":"RK Hegde Nagara","to":"Gangondanahalli Masjid","routeno":"TR-4B","distance_on_station":3.915,"centerlat":13.00853,"centerlong":77.61328,"responsecode":200,"isnotify":0,"vehicleDetails":[{"vehicleid":19178,"vehiclenumber":"KA57F3512","servicetypeid":72,"servicetype":"Non AC/Ordinary","centerlat":12.95787,"centerlong":77.533966,"eta":"","sch_arrivaltime":"21:44","sch_departuretime":"21:44","actual_arrivaltime":"","actual_departuretime":"","sch_tripstarttime":"21:15","sch_tripendtime":"21:15","lastlocationid":0,"currentlocationid":21042,"nextlocationid":0,"currentstop":null,"nextstop":null,"laststop":null,"stopCoveredStatus":0,"heading":173,"lastrefreshon":"21-10-2024 14:18:52","lastreceiveddatetimeflag":0,"tripposition":3}]},{"routeid":11578,"stationid":21802,"stationname":"Canara Bank Tannery Road","from":"RK Hegde Nagara","to":"Gangondanahalli Masjid","routeno":"TR-4B","distance_on_station":4.202,"centerlat":13.00625,"centerlong":77.61245,"responsecode":200,"isnotify":0,"vehicleDetails":[{"vehicleid":19178,"vehiclenumber":"KA57F3512","servicetypeid":72,"servicetype":"Non AC/Ordinary","centerlat":12.95787,"centerlong":77.533966,"eta":"","sch_arrivaltime":"21:47","sch_departuretime":"21:47","actual_arrivaltime":"","actual_departuretime":"","sch_tripstarttime":"21:15","sch_tripendtime":"21:15","lastlocationid":0,"currentlocationid":21042,"nextlocationid":0,"currentstop":null,"nextstop":null,"laststop":null,"stopCoveredStatus":0,"heading":173,"lastrefreshon":"21-10-2024 14:18:52","lastreceiveddatetimeflag":0,"tripposition":3}]},{"routeid":11578,"stationid":21911,"stationname":"Doddy","from":"RK Hegde Nagara","to":"Gangondanahalli Masjid","routeno":"TR-4B","distance_on_station":4.654,"centerlat":13.00266,"centerlong":77.61215,"responsecode":200,"isnotify":0,"vehicleDetails":[{"vehicleid":19178,"vehiclenumber":"KA57F3512","servicetypeid":72,"servicetype":"Non AC/Ordinary","centerlat":12.95787,"centerlong":77.533966,"eta":"","sch_arrivaltime":"21:49","sch_departuretime":"21:49","actual_arrivaltime":"","actual_departuretime":"","sch_tripstarttime":"21:15","sch_tripendtime":"21:15","lastlocationid":0,"currentlocationid":21042,"nextlocationid":0,"currentstop":null,"nextstop":null,"laststop":null,"stopCoveredStatus":0,"heading":173,"lastrefreshon":"21-10-2024 14:18:52","lastreceiveddatetimeflag":0,"tripposition":3}]},{"routeid":11578,"stationid":21943,"stationname":"Frazer Town","from":"RK Hegde Nagara","to":"Gangondanahalli Masjid","routeno":"TR-4B","distance_on_station":4.842,"centerlat":13.00115,"centerlong":77.61196,"responsecode":200,"isnotify":0,"vehicleDetails":[{"vehicleid":19178,"vehiclenumber":"KA57F3512","servicetypeid":72,"servicetype":"Non AC/Ordinary","centerlat":12.95787,"centerlong":77.533966,"eta":"","sch_arrivaltime":"21:50","sch_departuretime":"21:50","actual_arrivaltime":"","actual_departuretime":"","sch_tripstarttime":"21:15","sch_tripendtime":"21:15","lastlocationid":0,"currentlocationid":21042,"nextlocationid":0,"currentstop":null,"nextstop":null,"laststop":null,"stopCoveredStatus":0,"heading":173,"lastrefreshon":"21-10-2024 14:18:52","lastreceiveddatetimeflag":0,"tripposition":3}]},{"routeid":11578,"stationid":21857,"stationname":"Coles Park","from":"RK Hegde Nagara","to":"Gangondanahalli Masjid","routeno":"TR-4B","distance_on_station":5.691,"centerlat":12.99534,"centerlong":77.60829,"responsecode":200,"isnotify":0,"vehicleDetails":[{"vehicleid":19178,"vehiclenumber":"KA57F3512","servicetypeid":72,"servicetype":"Non AC/Ordinary","centerlat":12.95787,"centerlong":77.533966,"eta":"","sch_arrivaltime":"21:52","sch_departuretime":"21:52","actual_arrivaltime":"","actual_departuretime":"","sch_tripstarttime":"21:15","sch_tripendtime":"21:15","lastlocationid":0,"currentlocationid":21042,"nextlocationid":0,"currentstop":null,"nextstop":null,"laststop":null,"stopCoveredStatus":0,"heading":173,"lastrefreshon":"21-10-2024 14:18:52","lastreceiveddatetimeflag":0,"tripposition":3}]},{"routeid":11578,"stationid":21706,"stationname":"Bamboo Bazaar","from":"RK Hegde Nagara","to":"Gangondanahalli Masjid","routeno":"TR-4B","distance_on_station":6.794,"centerlat":12.99208,"centerlong":77.60402,"responsecode":200,"isnotify":0,"vehicleDetails":[{"vehicleid":19178,"vehiclenumber":"KA57F3512","servicetypeid":72,"servicetype":"Non AC/Ordinary","centerlat":12.95787,"centerlong":77.533966,"eta":"","sch_arrivaltime":"21:57","sch_departuretime":"21:57","actual_arrivaltime":"","actual_departuretime":"","sch_tripstarttime":"21:15","sch_tripendtime":"21:15","lastlocationid":0,"currentlocationid":21042,"nextlocationid":0,"currentstop":null,"nextstop":null,"laststop":null,"stopCoveredStatus":0,"heading":173,"lastrefreshon":"21-10-2024 14:18:52","lastreceiveddatetimeflag":0,"tripposition":3}]},{"routeid":11578,"stationid":21868,"stationname":"CSI Hospital","from":"RK Hegde Nagara","to":"Gangondanahalli Masjid","routeno":"TR-4B","distance_on_station":7.51,"centerlat":12.98983,"centerlong":77.59938,"responsecode":200,"isnotify":0,"vehicleDetails":[{"vehicleid":19178,"vehiclenumber":"KA57F3512","servicetypeid":72,"servicetype":"Non AC/Ordinary","centerlat":12.95787,"centerlong":77.533966,"eta":"","sch_arrivaltime":"21:58","sch_departuretime":"21:58","actual_arrivaltime":"","actual_departuretime":"","sch_tripstarttime":"21:15","sch_tripendtime":"21:15","lastlocationid":0,"currentlocationid":21042,"nextlocationid":0,"currentstop":null,"nextstop":null,"laststop":null,"stopCoveredStatus":0,"heading":173,"lastrefreshon":"21-10-2024 14:18:52","lastreceiveddatetimeflag":0,"tripposition":3}]},{"routeid":11578,"stationid":20855,"stationname":"Indian Express","from":"RK Hegde Nagara","to":"Gangondanahalli Masjid","routeno":"TR-4B","distance_on_station":8.36,"centerlat":12.98408,"centerlong":77.59827,"responsecode":200,"isnotify":0,"vehicleDetails":[{"vehicleid":19178,"vehiclenumber":"KA57F3512","servicetypeid":72,"servicetype":"Non AC/Ordinary","centerlat":12.95787,"centerlong":77.533966,"eta":"","sch_arrivaltime":"22:04","sch_departuretime":"22:04","actual_arrivaltime":"","actual_departuretime":"","sch_tripstarttime":"21:15","sch_tripendtime":"21:15","lastlocationid":0,"currentlocationid":21042,"nextlocationid":0,"currentstop":null,"nextstop":null,"laststop":null,"stopCoveredStatus":0,"heading":173,"lastrefreshon":"21-10-2024 14:18:52","lastreceiveddatetimeflag":0,"tripposition":3}]},{"routeid":11578,"stationid":21172,"stationname":"Shivajinagara Bus Station","from":"RK Hegde Nagara","to":"Gangondanahalli Masjid","routeno":"TR-4B","distance_on_station":9.33,"centerlat":12.98396,"centerlong":77.60323,"responsecode":200,"isnotify":0,"vehicleDetails":[{"vehicleid":19178,"vehiclenumber":"KA57F3512","servicetypeid":72,"servicetype":"Non AC/Ordinary","centerlat":12.95787,"centerlong":77.533966,"eta":"","sch_arrivaltime":"22:08","sch_departuretime":"22:08","actual_arrivaltime":"","actual_departuretime":"","sch_tripstarttime":"21:15","sch_tripendtime":"21:15","lastlocationid":0,"currentlocationid":21042,"nextlocationid":0,"currentstop":null,"nextstop":null,"laststop":null,"stopCoveredStatus":0,"heading":173,"lastrefreshon":"21-10-2024 14:18:52","lastreceiveddatetimeflag":0,"tripposition":3}]},{"routeid":11578,"stationid":20857,"stationname":"Indian Express","from":"RK Hegde Nagara","to":"Gangondanahalli Masjid","routeno":"TR-4B","distance_on_station":10.091,"centerlat":12.98393,"centerlong":77.5974,"responsecode":200,"isnotify":0,"vehicleDetails":[{"vehicleid":19178,"vehiclenumber":"KA57F3512","servicetypeid":72,"servicetype":"Non AC/Ordinary","centerlat":12.95787,"centerlong":77.533966,"eta":"","sch_arrivaltime":"22:12","sch_departuretime":"22:12","actual_arrivaltime":"","actual_departuretime":"","sch_tripstarttime":"21:15","sch_tripendtime":"21:15","lastlocationid":0,"currentlocationid":21042,"nextlocationid":0,"currentstop":null,"nextstop":null,"laststop":null,"stopCoveredStatus":0,"heading":173,"lastrefreshon":"21-10-2024 14:18:52","lastreceiveddatetimeflag":0,"tripposition":3}]},{"routeid":11578,"stationid":21520,"stationname":"MG Statue (Chinnaswamy Stadium)","from":"RK Hegde Nagara","to":"Gangondanahalli Masjid","routeno":"TR-4B","distance_on_station":11.007,"centerlat":12.97708,"centerlong":77.59921,"responsecode":200,"isnotify":0,"vehicleDetails":[{"vehicleid":19178,"vehiclenumber":"KA57F3512","servicetypeid":72,"servicetype":"Non AC/Ordinary","centerlat":12.95787,"centerlong":77.533966,"eta":"","sch_arrivaltime":"22:17","sch_departuretime":"22:17","actual_arrivaltime":"","actual_departuretime":"","sch_tripstarttime":"21:15","sch_tripendtime":"21:15","lastlocationid":0,"currentlocationid":21042,"nextlocationid":0,"currentstop":null,"nextstop":null,"laststop":null,"stopCoveredStatus":0,"heading":173,"lastrefreshon":"21-10-2024 14:18:52","lastreceiveddatetimeflag":0,"tripposition":3}]},{"routeid":11578,"stationid":21574,"stationname":"Museum","from":"RK Hegde Nagara","to":"Gangondanahalli Masjid","routeno":"TR-4B","distance_on_station":11.602,"centerlat":12.97397,"centerlong":77.59585,"responsecode":200,"isnotify":0,"vehicleDetails":[{"vehicleid":19178,"vehiclenumber":"KA57F3512","servicetypeid":72,"servicetype":"Non AC/Ordinary","centerlat":12.95787,"centerlong":77.533966,"eta":"","sch_arrivaltime":"22:18","sch_departuretime":"22:18","actual_arrivaltime":"","actual_departuretime":"","sch_tripstarttime":"21:15","sch_tripendtime":"21:15","lastlocationid":0,"currentlocationid":21042,"nextlocationid":0,"currentstop":null,"nextstop":null,"laststop":null,"stopCoveredStatus":0,"heading":173,"lastrefreshon":"21-10-2024 14:18:52","lastreceiveddatetimeflag":0,"tripposition":3}]},{"routeid":11578,"stationid":21193,"stationname":"St Josephs Indian School/ Malya Hospital","from":"RK Hegde Nagara","to":"Gangondanahalli Masjid","routeno":"TR-4B","distance_on_station":12.12,"centerlat":12.97052,"centerlong":77.5943,"responsecode":200,"isnotify":0,"vehicleDetails":[{"vehicleid":19178,"vehiclenumber":"KA57F3512","servicetypeid":72,"servicetype":"Non AC/Ordinary","centerlat":12.95787,"centerlong":77.533966,"eta":"","sch_arrivaltime":"22:19","sch_departuretime":"22:19","actual_arrivaltime":"","actual_departuretime":"","sch_tripstarttime":"21:15","sch_tripendtime":"21:15","lastlocationid":0,"currentlocationid":21042,"nextlocationid":0,"currentstop":null,"nextstop":null,"laststop":null,"stopCoveredStatus":0,"heading":173,"lastrefreshon":"21-10-2024 14:18:52","lastreceiveddatetimeflag":0,"tripposition":3}]},{"routeid":11578,"stationid":20727,"stationname":"Corporation","from":"RK Hegde Nagara","to":"Gangondanahalli Masjid","routeno":"TR-4B","distance_on_station":13.389,"centerlat":12.96701,"centerlong":77.58822,"responsecode":200,"isnotify":0,"vehicleDetails":[{"vehicleid":19178,"vehiclenumber":"KA57F3512","servicetypeid":72,"servicetype":"Non AC/Ordinary","centerlat":12.95787,"centerlong":77.533966,"eta":"","sch_arrivaltime":"22:21","sch_departuretime":"22:21","actual_arrivaltime":"","actual_departuretime":"","sch_tripstarttime":"21:15","sch_tripendtime":"21:15","lastlocationid":0,"currentlocationid":21042,"nextlocationid":0,"currentstop":null,"nextstop":null,"laststop":null,"stopCoveredStatus":0,"heading":173,"lastrefreshon":"21-10-2024 14:18:52","lastreceiveddatetimeflag":0,"tripposition":3}]},{"routeid":11578,"stationid":21232,"stationname":"Town Hall","from":"RK Hegde Nagara","to":"Gangondanahalli Masjid","routeno":"TR-4B","distance_on_station":14.095,"centerlat":12.96355,"centerlong":77.58375,"responsecode":200,"isnotify":0,"vehicleDetails":[{"vehicleid":19178,"vehiclenumber":"KA57F3512","servicetypeid":72,"servicetype":"Non AC/Ordinary","centerlat":12.95787,"centerlong":77.533966,"eta":"","sch_arrivaltime":"22:23","sch_departuretime":"22:23","actual_arrivaltime":"","actual_departuretime":"","sch_tripstarttime":"21:15","sch_tripendtime":"21:15","lastlocationid":0,"currentlocationid":21042,"nextlocationid":0,"currentstop":null,"nextstop":null,"laststop":null,"stopCoveredStatus":0,"heading":173,"lastrefreshon":"21-10-2024 14:18:52","lastreceiveddatetimeflag":0,"tripposition":3}]},{"routeid":11578,"stationid":20942,"stationname":"KR Market","from":"RK Hegde Nagara","to":"Gangondanahalli Masjid","routeno":"TR-4B","distance_on_station":14.933,"centerlat":12.96406,"centerlong":77.5768,"responsecode":200,"isnotify":0,"vehicleDetails":[{"vehicleid":19178,"vehiclenumber":"KA57F3512","servicetypeid":72,"servicetype":"Non AC/Ordinary","centerlat":12.95787,"centerlong":77.533966,"eta":"","sch_arrivaltime":"22:24","sch_departuretime":"22:24","actual_arrivaltime":"","actual_departuretime":"","sch_tripstarttime":"21:15","sch_tripendtime":"21:15","lastlocationid":0,"currentlocationid":21042,"nextlocationid":0,"currentstop":null,"nextstop":null,"laststop":null,"stopCoveredStatus":0,"heading":173,"lastrefreshon":"21-10-2024 14:18:52","lastreceiveddatetimeflag":0,"tripposition":3}]},{"routeid":11578,"stationid":34866,"stationname":"Vinayaka Talkies","from":"RK Hegde Nagara","to":"Gangondanahalli Masjid","routeno":"TR-4B","distance_on_station":16.047,"centerlat":12.96333,"centerlong":77.56779,"responsecode":200,"isnotify":0,"vehicleDetails":[{"vehicleid":19178,"vehiclenumber":"KA57F3512","servicetypeid":72,"servicetype":"Non AC/Ordinary","centerlat":12.95787,"centerlong":77.533966,"eta":"","sch_arrivaltime":"22:26","sch_departuretime":"22:26","actual_arrivaltime":"","actual_departuretime":"","sch_tripstarttime":"21:15","sch_tripendtime":"21:15","lastlocationid":0,"currentlocationid":21042,"nextlocationid":0,"currentstop":null,"nextstop":null,"laststop":null,"stopCoveredStatus":0,"heading":173,"lastrefreshon":"21-10-2024 14:18:52","lastreceiveddatetimeflag":0,"tripposition":3}]},{"routeid":11578,"stationid":23761,"stationname":"Sirsi Circle 1","from":"RK Hegde Nagara","to":"Gangondanahalli Masjid","routeno":"TR-4B","distance_on_station":17.414,"centerlat":12.96031,"centerlong":77.55694,"responsecode":200,"isnotify":0,"vehicleDetails":[{"vehicleid":19178,"vehiclenumber":"KA57F3512","servicetypeid":72,"servicetype":"Non AC/Ordinary","centerlat":12.95787,"centerlong":77.533966,"eta":"","sch_arrivaltime":"22:28","sch_departuretime":"22:28","actual_arrivaltime":"","actual_departuretime":"","sch_tripstarttime":"21:15","sch_tripendtime":"21:15","lastlocationid":0,"currentlocationid":21042,"nextlocationid":0,"currentstop":null,"nextstop":null,"laststop":null,"stopCoveredStatus":0,"heading":173,"lastrefreshon":"21-10-2024 14:18:52","lastreceiveddatetimeflag":0,"tripposition":3}]},{"routeid":11578,"stationid":21043,"stationname":"Mysore Road TollGate","from":"RK Hegde Nagara","to":"Gangondanahalli Masjid","routeno":"TR-4B","distance_on_station":17.977,"centerlat":12.95768,"centerlong":77.55319,"responsecode":200,"isnotify":0,"vehicleDetails":[{"vehicleid":19178,"vehiclenumber":"KA57F3512","servicetypeid":72,"servicetype":"Non AC/Ordinary","centerlat":12.95787,"centerlong":77.533966,"eta":"","sch_arrivaltime":"22:29","sch_departuretime":"22:29","actual_arrivaltime":"","actual_departuretime":"","sch_tripstarttime":"21:15","sch_tripendtime":"21:15","lastlocationid":0,"currentlocationid":21042,"nextlocationid":0,"currentstop":null,"nextstop":null,"laststop":null,"stopCoveredStatus":0,"heading":173,"lastrefreshon":"21-10-2024 14:18:52","lastreceiveddatetimeflag":0,"tripposition":3}]},{"routeid":11578,"stationid":21057,"stationname":"New Guddadahalli","from":"RK Hegde Nagara","to":"Gangondanahalli Masjid","routeno":"TR-4B","distance_on_station":18.66,"centerlat":12.95641,"centerlong":77.54761,"responsecode":200,"isnotify":0,"vehicleDetails":[{"vehicleid":19178,"vehiclenumber":"KA57F3512","servicetypeid":72,"servicetype":"Non AC/Ordinary","centerlat":12.95787,"centerlong":77.533966,"eta":"","sch_arrivaltime":"22:31","sch_departuretime":"22:31","actual_arrivaltime":"","actual_departuretime":"","sch_tripstarttime":"21:15","sch_tripendtime":"21:15","lastlocationid":0,"currentlocationid":21042,"nextlocationid":0,"currentstop":null,"nextstop":null,"laststop":null,"stopCoveredStatus":0,"heading":173,"lastrefreshon":"21-10-2024 14:18:52","lastreceiveddatetimeflag":0,"tripposition":3}]},{"routeid":11578,"stationid":21042,"stationname":"Mysore Road Bus Station","from":"RK Hegde Nagara","to":"Gangondanahalli Masjid","routeno":"TR-4B","distance_on_station":19.3,"centerlat":12.95357,"centerlong":77.54374,"responsecode":200,"isnotify":0,"vehicleDetails":[{"vehicleid":19178,"vehiclenumber":"KA57F3512","servicetypeid":72,"servicetype":"Non AC/Ordinary","centerlat":12.95787,"centerlong":77.533966,"eta":"","sch_arrivaltime":"22:32","sch_departuretime":"22:32","actual_arrivaltime":"","actual_departuretime":"","sch_tripstarttime":"21:15","sch_tripendtime":"21:15","lastlocationid":0,"currentlocationid":21042,"nextlocationid":0,"currentstop":null,"nextstop":null,"laststop":null,"stopCoveredStatus":0,"heading":173,"lastrefreshon":"21-10-2024 14:18:52","lastreceiveddatetimeflag":0,"tripposition":3}]}],"mapData":[{"vehicleid":19178,"vehiclenumber":"KA57F3512","servicetypeid":72,"servicetype":"Non AC/Ordinary","centerlat":12.95787,"centerlong":77.533966,"eta":"","sch_arrivaltime":"22:32","sch_departuretime":"22:32","actual_arrivaltime":"","actual_departuretime":"","sch_tripstarttime":"21:15","sch_tripendtime":"21:15","lastlocationid":0,"currentlocationid":21042,"nextlocationid":0,"currentstop":null,"nextstop":null,"laststop":null,"stopCoveredStatus":0,"heading":173,"lastrefreshon":"21-10-2024 14:18:52","lastreceiveddatetimeflag":0,"tripposition":3}]},"message":"Success","issuccess":true,"exception":null,"rowCount":0,"responsecode":200}