{"up":{"data":[],"mapData":[]},"down":{"data":[{"routeid":11395,"stationid":20902,"stationname":"Kadugodi Bus Station","from":"Kadugodi Bus Station","to":"Shivajinagara Bus Station","routeno":"V-331A","distance_on_station":0,"centerlat":12.99563,"centerlong":77.75855,"responsecode":200,"isnotify":0,"vehicleDetails":[{"vehicleid":20496,"vehiclenumber":"KA01F8835","servicetypeid":73,"servicetype":"AC","centerlat":12.973518,"centerlong":77.61441,"eta":"","sch_arrivaltime":"21:45","sch_departuretime":"21:45","actual_arrivaltime":"21:32","actual_departuretime":"21:32","sch_tripstarttime":"21:45","sch_tripendtime":"21:45","lastlocationid":0,"currentlocationid":22255,"nextlocationid":0,"currentstop":null,"nextstop":null,"laststop":null,"stopCoveredStatus":1,"heading":357,"lastrefreshon":"26-07-2024 22:59:40","lastreceiveddatetimeflag":0,"tripposition":1},{"vehicleid":20500,"vehiclenumber":"KA01F9068","servicetypeid":73,"servicetype":"AC","centerlat":12.973356,"centerlong":77.615311,"eta":"","sch_arrivaltime":"21:15","sch_departuretime":"21:15","actual_arrivaltime":"21:48","actual_departuretime":"21:48","sch_tripstarttime":"21:15","sch_tripendtime":"21:15","lastlocationid":0,"currentlocationid":22255,"nextlocationid":0,"currentstop":null,"nextstop":null,"laststop":null,"stopCoveredStatus":1,"heading":0,"lastrefreshon":"26-07-2024 22:59:38","lastreceiveddatetimeflag":0,"tripposition":1}]},{"routeid":11395,"stationid":20900,"stationname":"Kadugodi Bridge","from":"Kadugodi Bus Station","to":"Shivajinagara Bus Station","routeno":"V-331A","distance_on_station":0.163,"centerlat":12.99439,"centerlong":77.75775,"responsecode":200,"isnotify":0,"vehicleDetails":[{"vehicleid":20500,"vehiclenumber":"KA01F9068","servicetypeid":73,"servicetype":"AC","centerlat":12.973356,"centerlong":77.615311,"eta":"","sch_arrivaltime":"21:18","sch_departuretime":"21:18","actual_arrivaltime":"21:48","actual_departuretime":"21:49","sch_tripstarttime":"21:15","sch_tripendtime":"21:15","lastlocationid":0,"currentlocationid":22255,"nextlocationid":0,"currentstop":null,"nextstop":null,"laststop":null,"stopCoveredStatus":1,"heading":0,"lastrefreshon":"26-07-2024 22:59:38","lastreceiveddatetimeflag":0,"tripposition":1},{"vehicleid":20496,"vehiclenumber":"KA01F8835","servicetypeid":73,"servicetype":"AC","centerlat":12.973518,"centerlong":77.61441,"eta":"","sch_arrivaltime":"21:48","sch_departuretime":"21:48","actual_arrivaltime":"21:32","actual_departuretime":"21:32","sch_tripstarttime":"21:45","sch_tripendtime":"21:45","lastlocationid":0,"currentlocationid":22255,"nextlocationid":0,"currentstop":null,"nextstop":null,"laststop":null,"stopCoveredStatus":1,"heading":357,"lastrefreshon":"26-07-2024 22:59:40","lastreceiveddatetimeflag":0,"tripposition":1}]},{"routeid":11395,"stationid":20837,"stationname":"Hope Farm","from":"Kadugodi Bus Station","to":"Shivajinagara Bus Station","routeno":"V-331A","distance_on_station":1.497,"centerlat":12.9839,"centerlong":77.75189,"responsecode":200,"isnotify":0,"vehicleDetails":[{"vehicleid":20496,"vehiclenumber":"KA01F8835","servicetypeid":73,"servicetype":"AC","centerlat":12.973518,"centerlong":77.61441,"eta":"","sch_arrivaltime":"21:50","sch_departuretime":"21:50","actual_arrivaltime":"21:43","actual_departuretime":"21:43","sch_tripstarttime":"21:45","sch_tripendtime":"21:45","lastlocationid":0,"currentlocationid":22255,"nextlocationid":0,"currentstop":null,"nextstop":null,"laststop":null,"stopCoveredStatus":1,"heading":357,"lastrefreshon":"26-07-2024 22:59:40","lastreceiveddatetimeflag":0,"tripposition":1},{"vehicleid":20500,"vehiclenumber":"KA01F9068","servicetypeid":73,"servicetype":"AC","centerlat":12.973356,"centerlong":77.615311,"eta":"","sch_arrivaltime":"21:20","sch_departuretime":"21:20","actual_arrivaltime":"21:53","actual_departuretime":"21:54","sch_tripstarttime":"21:15","sch_tripendtime":"21:15","lastlocationid":0,"currentlocationid":22255,"nextlocationid":0,"currentstop":null,"nextstop":null,"laststop":null,"stopCoveredStatus":1,"heading":0,"lastrefreshon":"26-07-2024 22:59:38","lastreceiveddatetimeflag":0,"tripposition":1}]},{"routeid":11395,"stationid":20681,"stationname":"BPL","from":"Kadugodi Bus Station","to":"Shivajinagara Bus Station","routeno":"V-331A","distance_on_station":1.958,"centerlat":12.98531,"centerlong":77.74768,"responsecode":200,"isnotify":0,"vehicleDetails":[{"vehicleid":20496,"vehiclenumber":"KA01F8835","servicetypeid":73,"servicetype":"AC","centerlat":12.973518,"centerlong":77.61441,"eta":"","sch_arrivaltime":"21:51","sch_departuretime":"21:51","actual_arrivaltime":"","actual_departuretime":"","sch_tripstarttime":"21:45","sch_tripendtime":"21:45","lastlocationid":0,"currentlocationid":22255,"nextlocationid":0,"currentstop":null,"nextstop":null,"laststop":null,"stopCoveredStatus":1,"heading":357,"lastrefreshon":"26-07-2024 22:59:40","lastreceiveddatetimeflag":0,"tripposition":3},{"vehicleid":20500,"vehiclenumber":"KA01F9068","servicetypeid":73,"servicetype":"AC","centerlat":12.973356,"centerlong":77.615311,"eta":"","sch_arrivaltime":"21:21","sch_departuretime":"21:21","actual_arrivaltime":"21:55","actual_departuretime":"21:56","sch_tripstarttime":"21:15","sch_tripendtime":"21:15","lastlocationid":0,"currentlocationid":22255,"nextlocationid":0,"currentstop":null,"nextstop":null,"laststop":null,"stopCoveredStatus":1,"heading":0,"lastrefreshon":"26-07-2024 22:59:38","lastreceiveddatetimeflag":0,"tripposition":1}]},{"routeid":11395,"stationid":20800,"stationname":"GR Tech Park ITPL","from":"Kadugodi Bus Station","to":"Shivajinagara Bus Station","routeno":"V-331A","distance_on_station":2.419,"centerlat":12.98666,"centerlong":77.74351,"responsecode":200,"isnotify":0,"vehicleDetails":[{"vehicleid":20496,"vehiclenumber":"KA01F8835","servicetypeid":73,"servicetype":"AC","centerlat":12.973518,"centerlong":77.61441,"eta":"","sch_arrivaltime":"21:52","sch_departuretime":"21:52","actual_arrivaltime":"21:45","actual_departuretime":"21:45","sch_tripstarttime":"21:45","sch_tripendtime":"21:45","lastlocationid":0,"currentlocationid":22255,"nextlocationid":0,"currentstop":null,"nextstop":null,"laststop":null,"stopCoveredStatus":1,"heading":357,"lastrefreshon":"26-07-2024 22:59:40","lastreceiveddatetimeflag":0,"tripposition":1},{"vehicleid":20500,"vehiclenumber":"KA01F9068","servicetypeid":73,"servicetype":"AC","centerlat":12.973356,"centerlong":77.615311,"eta":"","sch_arrivaltime":"21:22","sch_departuretime":"21:22","actual_arrivaltime":"21:56","actual_departuretime":"21:56","sch_tripstarttime":"21:15","sch_tripendtime":"21:15","lastlocationid":0,"currentlocationid":22255,"nextlocationid":0,"currentstop":null,"nextstop":null,"laststop":null,"stopCoveredStatus":1,"heading":0,"lastrefreshon":"26-07-2024 22:59:38","lastreceiveddatetimeflag":0,"tripposition":1}]},{"routeid":11395,"stationid":20865,"stationname":"ITPL","from":"Kadugodi Bus Station","to":"Shivajinagara Bus Station","routeno":"V-331A","distance_on_station":3.177,"centerlat":12.98754,"centerlong":77.73636,"responsecode":200,"isnotify":0,"vehicleDetails":[{"vehicleid":20500,"vehiclenumber":"KA01F9068","servicetypeid":73,"servicetype":"AC","centerlat":12.973356,"centerlong":77.615311,"eta":"","sch_arrivaltime":"21:24","sch_departuretime":"21:24","actual_arrivaltime":"21:58","actual_departuretime":"21:58","sch_tripstarttime":"21:15","sch_tripendtime":"21:15","lastlocationid":0,"currentlocationid":22255,"nextlocationid":0,"currentstop":null,"nextstop":null,"laststop":null,"stopCoveredStatus":1,"heading":0,"lastrefreshon":"26-07-2024 22:59:38","lastreceiveddatetimeflag":0,"tripposition":1},{"vehicleid":20496,"vehiclenumber":"KA01F8835","servicetypeid":73,"servicetype":"AC","centerlat":12.973518,"centerlong":77.61441,"eta":"","sch_arrivaltime":"21:54","sch_departuretime":"21:54","actual_arrivaltime":"22:04","actual_departuretime":"22:04","sch_tripstarttime":"21:45","sch_tripendtime":"21:45","lastlocationid":0,"currentlocationid":22255,"nextlocationid":0,"currentstop":null,"nextstop":null,"laststop":null,"stopCoveredStatus":1,"heading":357,"lastrefreshon":"26-07-2024 22:59:40","lastreceiveddatetimeflag":0,"tripposition":1}]},{"routeid":11395,"stationid":21078,"stationname":"Pattandur Agrahara Gate","from":"Kadugodi Bus Station","to":"Shivajinagara Bus Station","routeno":"V-331A","distance_on_station":3.456,"centerlat":12.9878,"centerlong":77.73366,"responsecode":200,"isnotify":0,"vehicleDetails":[{"vehicleid":20500,"vehiclenumber":"KA01F9068","servicetypeid":73,"servicetype":"AC","centerlat":12.973356,"centerlong":77.615311,"eta":"","sch_arrivaltime":"21:25","sch_departuretime":"21:25","actual_arrivaltime":"21:58","actual_departuretime":"21:58","sch_tripstarttime":"21:15","sch_tripendtime":"21:15","lastlocationid":0,"currentlocationid":22255,"nextlocationid":0,"currentstop":null,"nextstop":null,"laststop":null,"stopCoveredStatus":1,"heading":0,"lastrefreshon":"26-07-2024 22:59:38","lastreceiveddatetimeflag":0,"tripposition":1},{"vehicleid":20496,"vehiclenumber":"KA01F8835","servicetypeid":73,"servicetype":"AC","centerlat":12.973518,"centerlong":77.61441,"eta":"","sch_arrivaltime":"21:55","sch_departuretime":"21:55","actual_arrivaltime":"22:05","actual_departuretime":"22:05","sch_tripstarttime":"21:45","sch_tripendtime":"21:45","lastlocationid":0,"currentlocationid":22255,"nextlocationid":0,"currentstop":null,"nextstop":null,"laststop":null,"stopCoveredStatus":1,"heading":357,"lastrefreshon":"26-07-2024 22:59:40","lastreceiveddatetimeflag":0,"tripposition":1}]},{"routeid":11395,"stationid":36251,"stationname":"ITPL Back Gate Big Bazzar","from":"Kadugodi Bus Station","to":"Shivajinagara Bus Station","routeno":"V-331A","distance_on_station":3.725,"centerlat":12.9863,"centerlong":77.73171,"responsecode":200,"isnotify":0,"vehicleDetails":[{"vehicleid":20500,"vehiclenumber":"KA01F9068","servicetypeid":73,"servicetype":"AC","centerlat":12.973356,"centerlong":77.615311,"eta":"","sch_arrivaltime":"21:26","sch_departuretime":"21:26","actual_arrivaltime":"22:00","actual_departuretime":"22:00","sch_tripstarttime":"21:15","sch_tripendtime":"21:15","lastlocationid":0,"currentlocationid":22255,"nextlocationid":0,"currentstop":null,"nextstop":null,"laststop":null,"stopCoveredStatus":1,"heading":0,"lastrefreshon":"26-07-2024 22:59:38","lastreceiveddatetimeflag":0,"tripposition":1},{"vehicleid":20496,"vehiclenumber":"KA01F8835","servicetypeid":73,"servicetype":"AC","centerlat":12.973518,"centerlong":77.61441,"eta":"","sch_arrivaltime":"21:56","sch_departuretime":"21:56","actual_arrivaltime":"22:06","actual_departuretime":"22:06","sch_tripstarttime":"21:45","sch_tripendtime":"21:45","lastlocationid":0,"currentlocationid":22255,"nextlocationid":0,"currentstop":null,"nextstop":null,"laststop":null,"stopCoveredStatus":1,"heading":357,"lastrefreshon":"26-07-2024 22:59:40","lastreceiveddatetimeflag":0,"tripposition":1}]},{"routeid":11395,"stationid":21160,"stationname":"Sathya Sai Hospital","from":"Kadugodi Bus Station","to":"Shivajinagara Bus Station","routeno":"V-331A","distance_on_station":4.272,"centerlat":12.9827,"centerlong":77.72811,"responsecode":200,"isnotify":0,"vehicleDetails":[{"vehicleid":20500,"vehiclenumber":"KA01F9068","servicetypeid":73,"servicetype":"AC","centerlat":12.973356,"centerlong":77.615311,"eta":"","sch_arrivaltime":"21:27","sch_departuretime":"21:27","actual_arrivaltime":"22:01","actual_departuretime":"22:01","sch_tripstarttime":"21:15","sch_tripendtime":"21:15","lastlocationid":0,"currentlocationid":22255,"nextlocationid":0,"currentstop":null,"nextstop":null,"laststop":null,"stopCoveredStatus":1,"heading":0,"lastrefreshon":"26-07-2024 22:59:38","lastreceiveddatetimeflag":0,"tripposition":1},{"vehicleid":20496,"vehiclenumber":"KA01F8835","servicetypeid":73,"servicetype":"AC","centerlat":12.973518,"centerlong":77.61441,"eta":"","sch_arrivaltime":"21:57","sch_departuretime":"21:57","actual_arrivaltime":"22:07","actual_departuretime":"22:07","sch_tripstarttime":"21:45","sch_tripendtime":"21:45","lastlocationid":0,"currentlocationid":22255,"nextlocationid":0,"currentstop":null,"nextstop":null,"laststop":null,"stopCoveredStatus":1,"heading":357,"lastrefreshon":"26-07-2024 22:59:40","lastreceiveddatetimeflag":0,"tripposition":1}]},{"routeid":11395,"stationid":21277,"stationname":"White Field Bus Station (Vydehi Hospital)","from":"Kadugodi Bus Station","to":"Shivajinagara Bus Station","routeno":"V-331A","distance_on_station":4.982,"centerlat":12.97642,"centerlong":77.72684,"responsecode":200,"isnotify":0,"vehicleDetails":[{"vehicleid":20500,"vehiclenumber":"KA01F9068","servicetypeid":73,"servicetype":"AC","centerlat":12.973356,"centerlong":77.615311,"eta":"","sch_arrivaltime":"21:29","sch_departuretime":"21:29","actual_arrivaltime":"22:02","actual_departuretime":"22:03","sch_tripstarttime":"21:15","sch_tripendtime":"21:15","lastlocationid":0,"currentlocationid":22255,"nextlocationid":0,"currentstop":null,"nextstop":null,"laststop":null,"stopCoveredStatus":1,"heading":0,"lastrefreshon":"26-07-2024 22:59:38","lastreceiveddatetimeflag":0,"tripposition":1},{"vehicleid":20496,"vehiclenumber":"KA01F8835","servicetypeid":73,"servicetype":"AC","centerlat":12.973518,"centerlong":77.61441,"eta":"","sch_arrivaltime":"21:59","sch_departuretime":"21:59","actual_arrivaltime":"22:08","actual_departuretime":"22:09","sch_tripstarttime":"21:45","sch_tripendtime":"21:45","lastlocationid":0,"currentlocationid":22255,"nextlocationid":0,"currentstop":null,"nextstop":null,"laststop":null,"stopCoveredStatus":1,"heading":357,"lastrefreshon":"26-07-2024 22:59:40","lastreceiveddatetimeflag":0,"tripposition":1}]},{"routeid":11395,"stationid":20948,"stationname":"KTPO","from":"Kadugodi Bus Station","to":"Shivajinagara Bus Station","routeno":"V-331A","distance_on_station":5.443,"centerlat":12.9768,"centerlong":77.72242,"responsecode":200,"isnotify":0,"vehicleDetails":[{"vehicleid":20500,"vehiclenumber":"KA01F9068","servicetypeid":73,"servicetype":"AC","centerlat":12.973356,"centerlong":77.615311,"eta":"","sch_arrivaltime":"21:30","sch_departuretime":"21:30","actual_arrivaltime":"","actual_departuretime":"","sch_tripstarttime":"21:15","sch_tripendtime":"21:15","lastlocationid":0,"currentlocationid":22255,"nextlocationid":0,"currentstop":null,"nextstop":null,"laststop":null,"stopCoveredStatus":1,"heading":0,"lastrefreshon":"26-07-2024 22:59:38","lastreceiveddatetimeflag":0,"tripposition":3},{"vehicleid":20496,"vehiclenumber":"KA01F8835","servicetypeid":73,"servicetype":"AC","centerlat":12.973518,"centerlong":77.61441,"eta":"","sch_arrivaltime":"22:00","sch_departuretime":"22:00","actual_arrivaltime":"22:09","actual_departuretime":"22:10","sch_tripstarttime":"21:45","sch_tripendtime":"21:45","lastlocationid":0,"currentlocationid":22255,"nextlocationid":0,"currentstop":null,"nextstop":null,"laststop":null,"stopCoveredStatus":1,"heading":357,"lastrefreshon":"26-07-2024 22:59:40","lastreceiveddatetimeflag":0,"tripposition":1}]},{"routeid":11395,"stationid":20848,"stationname":"I Gate","from":"Kadugodi Bus Station","to":"Shivajinagara Bus Station","routeno":"V-331A","distance_on_station":5.817,"centerlat":12.97717,"centerlong":77.71882,"responsecode":200,"isnotify":0,"vehicleDetails":[{"vehicleid":20500,"vehiclenumber":"KA01F9068","servicetypeid":73,"servicetype":"AC","centerlat":12.973356,"centerlong":77.615311,"eta":"","sch_arrivaltime":"21:31","sch_departuretime":"21:31","actual_arrivaltime":"22:04","actual_departuretime":"22:04","sch_tripstarttime":"21:15","sch_tripendtime":"21:15","lastlocationid":0,"currentlocationid":22255,"nextlocationid":0,"currentstop":null,"nextstop":null,"laststop":null,"stopCoveredStatus":1,"heading":0,"lastrefreshon":"26-07-2024 22:59:38","lastreceiveddatetimeflag":0,"tripposition":1},{"vehicleid":20496,"vehiclenumber":"KA01F8835","servicetypeid":73,"servicetype":"AC","centerlat":12.973518,"centerlong":77.61441,"eta":"","sch_arrivaltime":"22:01","sch_departuretime":"22:01","actual_arrivaltime":"22:10","actual_departuretime":"22:11","sch_tripstarttime":"21:45","sch_tripendtime":"21:45","lastlocationid":0,"currentlocationid":22255,"nextlocationid":0,"currentstop":null,"nextstop":null,"laststop":null,"stopCoveredStatus":1,"heading":357,"lastrefreshon":"26-07-2024 22:59:40","lastreceiveddatetimeflag":0,"tripposition":1}]},{"routeid":11395,"stationid":38799,"stationname":"Kundalahalli Metro Station","from":"Kadugodi Bus Station","to":"Shivajinagara Bus Station","routeno":"V-331A","distance_on_station":6.076,"centerlat":12.9774,"centerlong":77.71636,"responsecode":200,"isnotify":0,"vehicleDetails":[{"vehicleid":20500,"vehiclenumber":"KA01F9068","servicetypeid":73,"servicetype":"AC","centerlat":12.973356,"centerlong":77.615311,"eta":"","sch_arrivaltime":"21:32","sch_departuretime":"21:32","actual_arrivaltime":"22:04","actual_departuretime":"22:05","sch_tripstarttime":"21:15","sch_tripendtime":"21:15","lastlocationid":0,"currentlocationid":22255,"nextlocationid":0,"currentstop":null,"nextstop":null,"laststop":null,"stopCoveredStatus":1,"heading":0,"lastrefreshon":"26-07-2024 22:59:38","lastreceiveddatetimeflag":0,"tripposition":1},{"vehicleid":20496,"vehiclenumber":"KA01F8835","servicetypeid":73,"servicetype":"AC","centerlat":12.973518,"centerlong":77.61441,"eta":"","sch_arrivaltime":"22:02","sch_departuretime":"22:02","actual_arrivaltime":"","actual_departuretime":"","sch_tripstarttime":"21:45","sch_tripendtime":"21:45","lastlocationid":0,"currentlocationid":22255,"nextlocationid":0,"currentstop":null,"nextstop":null,"laststop":null,"stopCoveredStatus":1,"heading":357,"lastrefreshon":"26-07-2024 22:59:40","lastreceiveddatetimeflag":0,"tripposition":3}]},{"routeid":11395,"stationid":21152,"stationname":"SAP Labs","from":"Kadugodi Bus Station","to":"Shivajinagara Bus Station","routeno":"V-331A","distance_on_station":6.268,"centerlat":12.97765,"centerlong":77.71448,"responsecode":200,"isnotify":0,"vehicleDetails":[{"vehicleid":20500,"vehiclenumber":"KA01F9068","servicetypeid":73,"servicetype":"AC","centerlat":12.973356,"centerlong":77.615311,"eta":"","sch_arrivaltime":"21:33","sch_departuretime":"21:33","actual_arrivaltime":"22:05","actual_departuretime":"22:06","sch_tripstarttime":"21:15","sch_tripendtime":"21:15","lastlocationid":0,"currentlocationid":22255,"nextlocationid":0,"currentstop":null,"nextstop":null,"laststop":null,"stopCoveredStatus":1,"heading":0,"lastrefreshon":"26-07-2024 22:59:38","lastreceiveddatetimeflag":0,"tripposition":1},{"vehicleid":20496,"vehiclenumber":"KA01F8835","servicetypeid":73,"servicetype":"AC","centerlat":12.973518,"centerlong":77.61441,"eta":"","sch_arrivaltime":"22:03","sch_departuretime":"22:03","actual_arrivaltime":"22:11","actual_departuretime":"22:12","sch_tripstarttime":"21:45","sch_tripendtime":"21:45","lastlocationid":0,"currentlocationid":22255,"nextlocationid":0,"currentstop":null,"nextstop":null,"laststop":null,"stopCoveredStatus":1,"heading":357,"lastrefreshon":"26-07-2024 22:59:40","lastreceiveddatetimeflag":0,"tripposition":1}]},{"routeid":11395,"stationid":20803,"stationname":"Graphite India","from":"Kadugodi Bus Station","to":"Shivajinagara Bus Station","routeno":"V-331A","distance_on_station":6.873,"centerlat":12.97705,"centerlong":77.71005,"responsecode":200,"isnotify":0,"vehicleDetails":[{"vehicleid":20500,"vehiclenumber":"KA01F9068","servicetypeid":73,"servicetype":"AC","centerlat":12.973356,"centerlong":77.615311,"eta":"","sch_arrivaltime":"21:34","sch_departuretime":"21:34","actual_arrivaltime":"22:09","actual_departuretime":"22:10","sch_tripstarttime":"21:15","sch_tripendtime":"21:15","lastlocationid":0,"currentlocationid":22255,"nextlocationid":0,"currentstop":null,"nextstop":null,"laststop":null,"stopCoveredStatus":1,"heading":0,"lastrefreshon":"26-07-2024 22:59:38","lastreceiveddatetimeflag":0,"tripposition":1},{"vehicleid":20496,"vehiclenumber":"KA01F8835","servicetypeid":73,"servicetype":"AC","centerlat":12.973518,"centerlong":77.61441,"eta":"","sch_arrivaltime":"22:04","sch_departuretime":"22:04","actual_arrivaltime":"22:13","actual_departuretime":"22:13","sch_tripstarttime":"21:45","sch_tripendtime":"21:45","lastlocationid":0,"currentlocationid":22255,"nextlocationid":0,"currentstop":null,"nextstop":null,"laststop":null,"stopCoveredStatus":1,"heading":357,"lastrefreshon":"26-07-2024 22:59:40","lastreceiveddatetimeflag":0,"tripposition":1}]},{"routeid":11395,"stationid":20957,"stationname":"Kundalahalli Colony","from":"Kadugodi Bus Station","to":"Shivajinagara Bus Station","routeno":"V-331A","distance_on_station":7.612,"centerlat":12.97052,"centerlong":77.71245,"responsecode":200,"isnotify":0,"vehicleDetails":[{"vehicleid":20500,"vehiclenumber":"KA01F9068","servicetypeid":73,"servicetype":"AC","centerlat":12.973356,"centerlong":77.615311,"eta":"","sch_arrivaltime":"21:36","sch_departuretime":"21:36","actual_arrivaltime":"22:12","actual_departuretime":"22:12","sch_tripstarttime":"21:15","sch_tripendtime":"21:15","lastlocationid":0,"currentlocationid":22255,"nextlocationid":0,"currentstop":null,"nextstop":null,"laststop":null,"stopCoveredStatus":1,"heading":0,"lastrefreshon":"26-07-2024 22:59:38","lastreceiveddatetimeflag":0,"tripposition":1},{"vehicleid":20496,"vehiclenumber":"KA01F8835","servicetypeid":73,"servicetype":"AC","centerlat":12.973518,"centerlong":77.61441,"eta":"","sch_arrivaltime":"22:06","sch_departuretime":"22:06","actual_arrivaltime":"22:15","actual_departuretime":"22:15","sch_tripstarttime":"21:45","sch_tripendtime":"21:45","lastlocationid":0,"currentlocationid":22255,"nextlocationid":0,"currentstop":null,"nextstop":null,"laststop":null,"stopCoveredStatus":1,"heading":357,"lastrefreshon":"26-07-2024 22:59:40","lastreceiveddatetimeflag":0,"tripposition":1}]},{"routeid":11395,"stationid":20721,"stationname":"CMRIT College","from":"Kadugodi Bus Station","to":"Shivajinagara Bus Station","routeno":"V-331A","distance_on_station":8.006,"centerlat":12.96763,"centerlong":77.71447,"responsecode":200,"isnotify":0,"vehicleDetails":[{"vehicleid":20500,"vehiclenumber":"KA01F9068","servicetypeid":73,"servicetype":"AC","centerlat":12.973356,"centerlong":77.615311,"eta":"","sch_arrivaltime":"21:37","sch_departuretime":"21:37","actual_arrivaltime":"22:13","actual_departuretime":"22:14","sch_tripstarttime":"21:15","sch_tripendtime":"21:15","lastlocationid":0,"currentlocationid":22255,"nextlocationid":0,"currentstop":null,"nextstop":null,"laststop":null,"stopCoveredStatus":1,"heading":0,"lastrefreshon":"26-07-2024 22:59:38","lastreceiveddatetimeflag":0,"tripposition":1},{"vehicleid":20496,"vehiclenumber":"KA01F8835","servicetypeid":73,"servicetype":"AC","centerlat":12.973518,"centerlong":77.61441,"eta":"","sch_arrivaltime":"22:07","sch_departuretime":"22:07","actual_arrivaltime":"22:16","actual_departuretime":"22:16","sch_tripstarttime":"21:45","sch_tripendtime":"21:45","lastlocationid":0,"currentlocationid":22255,"nextlocationid":0,"currentstop":null,"nextstop":null,"laststop":null,"stopCoveredStatus":1,"heading":357,"lastrefreshon":"26-07-2024 22:59:40","lastreceiveddatetimeflag":0,"tripposition":1}]},{"routeid":11395,"stationid":20595,"stationname":"AECS Layout Cross","from":"Kadugodi Bus Station","to":"Shivajinagara Bus Station","routeno":"V-331A","distance_on_station":8.582,"centerlat":12.96495,"centerlong":77.71832,"responsecode":200,"isnotify":0,"vehicleDetails":[{"vehicleid":20500,"vehiclenumber":"KA01F9068","servicetypeid":73,"servicetype":"AC","centerlat":12.973356,"centerlong":77.615311,"eta":"","sch_arrivaltime":"21:38","sch_departuretime":"21:38","actual_arrivaltime":"22:15","actual_departuretime":"22:15","sch_tripstarttime":"21:15","sch_tripendtime":"21:15","lastlocationid":0,"currentlocationid":22255,"nextlocationid":0,"currentstop":null,"nextstop":null,"laststop":null,"stopCoveredStatus":1,"heading":0,"lastrefreshon":"26-07-2024 22:59:38","lastreceiveddatetimeflag":0,"tripposition":1},{"vehicleid":20496,"vehiclenumber":"KA01F8835","servicetypeid":73,"servicetype":"AC","centerlat":12.973518,"centerlong":77.61441,"eta":"","sch_arrivaltime":"22:08","sch_departuretime":"22:08","actual_arrivaltime":"22:17","actual_departuretime":"22:17","sch_tripstarttime":"21:45","sch_tripendtime":"21:45","lastlocationid":0,"currentlocationid":22255,"nextlocationid":0,"currentstop":null,"nextstop":null,"laststop":null,"stopCoveredStatus":1,"heading":357,"lastrefreshon":"26-07-2024 22:59:40","lastreceiveddatetimeflag":0,"tripposition":1}]},{"routeid":11395,"stationid":20641,"stationname":"BEML Layout Gate","from":"Kadugodi Bus Station","to":"Shivajinagara Bus Station","routeno":"V-331A","distance_on_station":9.091,"centerlat":12.96054,"centerlong":77.7165,"responsecode":200,"isnotify":0,"vehicleDetails":[{"vehicleid":20500,"vehiclenumber":"KA01F9068","servicetypeid":73,"servicetype":"AC","centerlat":12.973356,"centerlong":77.615311,"eta":"","sch_arrivaltime":"21:39","sch_departuretime":"21:39","actual_arrivaltime":"22:16","actual_departuretime":"22:17","sch_tripstarttime":"21:15","sch_tripendtime":"21:15","lastlocationid":0,"currentlocationid":22255,"nextlocationid":0,"currentstop":null,"nextstop":null,"laststop":null,"stopCoveredStatus":1,"heading":0,"lastrefreshon":"26-07-2024 22:59:38","lastreceiveddatetimeflag":0,"tripposition":1},{"vehicleid":20496,"vehiclenumber":"KA01F8835","servicetypeid":73,"servicetype":"AC","centerlat":12.973518,"centerlong":77.61441,"eta":"","sch_arrivaltime":"22:09","sch_departuretime":"22:09","actual_arrivaltime":"22:18","actual_departuretime":"22:19","sch_tripstarttime":"21:45","sch_tripendtime":"21:45","lastlocationid":0,"currentlocationid":22255,"nextlocationid":0,"currentstop":null,"nextstop":null,"laststop":null,"stopCoveredStatus":1,"heading":357,"lastrefreshon":"26-07-2024 22:59:40","lastreceiveddatetimeflag":0,"tripposition":1}]},{"routeid":11395,"stationid":20955,"stationname":"Kundalahalli","from":"Kadugodi Bus Station","to":"Shivajinagara Bus Station","routeno":"V-331A","distance_on_station":9.359,"centerlat":12.95815,"centerlong":77.71571,"responsecode":200,"isnotify":0,"vehicleDetails":[{"vehicleid":20500,"vehiclenumber":"KA01F9068","servicetypeid":73,"servicetype":"AC","centerlat":12.973356,"centerlong":77.615311,"eta":"","sch_arrivaltime":"21:40","sch_departuretime":"21:40","actual_arrivaltime":"22:17","actual_departuretime":"22:18","sch_tripstarttime":"21:15","sch_tripendtime":"21:15","lastlocationid":0,"currentlocationid":22255,"nextlocationid":0,"currentstop":null,"nextstop":null,"laststop":null,"stopCoveredStatus":1,"heading":0,"lastrefreshon":"26-07-2024 22:59:38","lastreceiveddatetimeflag":0,"tripposition":1},{"vehicleid":20496,"vehiclenumber":"KA01F8835","servicetypeid":73,"servicetype":"AC","centerlat":12.973518,"centerlong":77.61441,"eta":"","sch_arrivaltime":"22:10","sch_departuretime":"22:10","actual_arrivaltime":"22:19","actual_departuretime":"22:19","sch_tripstarttime":"21:45","sch_tripendtime":"21:45","lastlocationid":0,"currentlocationid":22255,"nextlocationid":0,"currentstop":null,"nextstop":null,"laststop":null,"stopCoveredStatus":1,"heading":357,"lastrefreshon":"26-07-2024 22:59:40","lastreceiveddatetimeflag":0,"tripposition":1}]},{"routeid":11395,"stationid":20959,"stationname":"Kundalahalli Gate","from":"Kadugodi Bus Station","to":"Shivajinagara Bus Station","routeno":"V-331A","distance_on_station":9.724,"centerlat":12.95592,"centerlong":77.71378,"responsecode":200,"isnotify":0,"vehicleDetails":[{"vehicleid":20500,"vehiclenumber":"KA01F9068","servicetypeid":73,"servicetype":"AC","centerlat":12.973356,"centerlong":77.615311,"eta":"","sch_arrivaltime":"21:41","sch_departuretime":"21:41","actual_arrivaltime":"22:19","actual_departuretime":"22:20","sch_tripstarttime":"21:15","sch_tripendtime":"21:15","lastlocationid":0,"currentlocationid":22255,"nextlocationid":0,"currentstop":null,"nextstop":null,"laststop":null,"stopCoveredStatus":1,"heading":0,"lastrefreshon":"26-07-2024 22:59:38","lastreceiveddatetimeflag":0,"tripposition":1},{"vehicleid":20496,"vehiclenumber":"KA01F8835","servicetypeid":73,"servicetype":"AC","centerlat":12.973518,"centerlong":77.61441,"eta":"","sch_arrivaltime":"22:11","sch_departuretime":"22:11","actual_arrivaltime":"22:21","actual_departuretime":"22:21","sch_tripstarttime":"21:45","sch_tripendtime":"21:45","lastlocationid":0,"currentlocationid":22255,"nextlocationid":0,"currentstop":null,"nextstop":null,"laststop":null,"stopCoveredStatus":1,"heading":357,"lastrefreshon":"26-07-2024 22:59:40","lastreceiveddatetimeflag":0,"tripposition":1}]},{"routeid":11395,"stationid":21037,"stationname":"Munnekolalu Cross (Spice Garden)","from":"Kadugodi Bus Station","to":"Shivajinagara Bus Station","routeno":"V-331A","distance_on_station":10.242,"centerlat":12.95634,"centerlong":77.70878,"responsecode":200,"isnotify":0,"vehicleDetails":[{"vehicleid":20500,"vehiclenumber":"KA01F9068","servicetypeid":73,"servicetype":"AC","centerlat":12.973356,"centerlong":77.615311,"eta":"","sch_arrivaltime":"21:42","sch_departuretime":"21:42","actual_arrivaltime":"22:21","actual_departuretime":"22:21","sch_tripstarttime":"21:15","sch_tripendtime":"21:15","lastlocationid":0,"currentlocationid":22255,"nextlocationid":0,"currentstop":null,"nextstop":null,"laststop":null,"stopCoveredStatus":1,"heading":0,"lastrefreshon":"26-07-2024 22:59:38","lastreceiveddatetimeflag":0,"tripposition":1},{"vehicleid":20496,"vehiclenumber":"KA01F8835","servicetypeid":73,"servicetype":"AC","centerlat":12.973518,"centerlong":77.61441,"eta":"","sch_arrivaltime":"22:12","sch_departuretime":"22:12","actual_arrivaltime":"22:22","actual_departuretime":"22:22","sch_tripstarttime":"21:45","sch_tripendtime":"21:45","lastlocationid":0,"currentlocationid":22255,"nextlocationid":0,"currentstop":null,"nextstop":null,"laststop":null,"stopCoveredStatus":1,"heading":357,"lastrefreshon":"26-07-2024 22:59:40","lastreceiveddatetimeflag":0,"tripposition":1}]},{"routeid":11395,"stationid":22662,"stationname":"Marathahalli Bridge","from":"Kadugodi Bus Station","to":"Shivajinagara Bus Station","routeno":"V-331A","distance_on_station":11.087,"centerlat":12.95694,"centerlong":77.70062,"responsecode":200,"isnotify":0,"vehicleDetails":[{"vehicleid":20500,"vehiclenumber":"KA01F9068","servicetypeid":73,"servicetype":"AC","centerlat":12.973356,"centerlong":77.615311,"eta":"","sch_arrivaltime":"21:46","sch_departuretime":"21:46","actual_arrivaltime":"22:33","actual_departuretime":"22:34","sch_tripstarttime":"21:15","sch_tripendtime":"21:15","lastlocationid":0,"currentlocationid":22255,"nextlocationid":0,"currentstop":null,"nextstop":null,"laststop":null,"stopCoveredStatus":1,"heading":0,"lastrefreshon":"26-07-2024 22:59:38","lastreceiveddatetimeflag":0,"tripposition":1},{"vehicleid":20496,"vehiclenumber":"KA01F8835","servicetypeid":73,"servicetype":"AC","centerlat":12.973518,"centerlong":77.61441,"eta":"","sch_arrivaltime":"22:16","sch_departuretime":"22:16","actual_arrivaltime":"22:34","actual_departuretime":"22:34","sch_tripstarttime":"21:45","sch_tripendtime":"21:45","lastlocationid":0,"currentlocationid":22255,"nextlocationid":0,"currentstop":null,"nextstop":null,"laststop":null,"stopCoveredStatus":1,"heading":357,"lastrefreshon":"26-07-2024 22:59:40","lastreceiveddatetimeflag":0,"tripposition":1}]},{"routeid":11395,"stationid":22261,"stationname":"Marathahalli","from":"Kadugodi Bus Station","to":"Shivajinagara Bus Station","routeno":"V-331A","distance_on_station":11.826,"centerlat":12.95611,"centerlong":77.69372,"responsecode":200,"isnotify":0,"vehicleDetails":[{"vehicleid":20500,"vehiclenumber":"KA01F9068","servicetypeid":73,"servicetype":"AC","centerlat":12.973356,"centerlong":77.615311,"eta":"","sch_arrivaltime":"21:48","sch_departuretime":"21:48","actual_arrivaltime":"22:35","actual_departuretime":"22:35","sch_tripstarttime":"21:15","sch_tripendtime":"21:15","lastlocationid":0,"currentlocationid":22255,"nextlocationid":0,"currentstop":null,"nextstop":null,"laststop":null,"stopCoveredStatus":1,"heading":0,"lastrefreshon":"26-07-2024 22:59:38","lastreceiveddatetimeflag":0,"tripposition":1},{"vehicleid":20496,"vehiclenumber":"KA01F8835","servicetypeid":73,"servicetype":"AC","centerlat":12.973518,"centerlong":77.61441,"eta":"","sch_arrivaltime":"22:18","sch_departuretime":"22:18","actual_arrivaltime":"22:35","actual_departuretime":"22:35","sch_tripstarttime":"21:45","sch_tripendtime":"21:45","lastlocationid":0,"currentlocationid":22255,"nextlocationid":0,"currentstop":null,"nextstop":null,"laststop":null,"stopCoveredStatus":1,"heading":357,"lastrefreshon":"26-07-2024 22:59:40","lastreceiveddatetimeflag":0,"tripposition":1}]},{"routeid":11395,"stationid":22628,"stationname":"Yamalur Cross","from":"Kadugodi Bus Station","to":"Shivajinagara Bus Station","routeno":"V-331A","distance_on_station":12.479,"centerlat":12.95498,"centerlong":77.68756,"responsecode":200,"isnotify":0,"vehicleDetails":[{"vehicleid":20500,"vehiclenumber":"KA01F9068","servicetypeid":73,"servicetype":"AC","centerlat":12.973356,"centerlong":77.615311,"eta":"","sch_arrivaltime":"21:50","sch_departuretime":"21:50","actual_arrivaltime":"22:37","actual_departuretime":"22:37","sch_tripstarttime":"21:15","sch_tripendtime":"21:15","lastlocationid":0,"currentlocationid":22255,"nextlocationid":0,"currentstop":null,"nextstop":null,"laststop":null,"stopCoveredStatus":1,"heading":0,"lastrefreshon":"26-07-2024 22:59:38","lastreceiveddatetimeflag":0,"tripposition":1},{"vehicleid":20496,"vehiclenumber":"KA01F8835","servicetypeid":73,"servicetype":"AC","centerlat":12.973518,"centerlong":77.61441,"eta":"","sch_arrivaltime":"22:20","sch_departuretime":"22:20","actual_arrivaltime":"22:37","actual_departuretime":"22:37","sch_tripstarttime":"21:45","sch_tripendtime":"21:45","lastlocationid":0,"currentlocationid":22255,"nextlocationid":0,"currentstop":null,"nextstop":null,"laststop":null,"stopCoveredStatus":1,"heading":357,"lastrefreshon":"26-07-2024 22:59:40","lastreceiveddatetimeflag":0,"tripposition":1}]},{"routeid":11395,"stationid":22002,"stationname":"HAL Kalyana Mantap","from":"Kadugodi Bus Station","to":"Shivajinagara Bus Station","routeno":"V-331A","distance_on_station":13.036,"centerlat":12.95448,"centerlong":77.68225,"responsecode":200,"isnotify":0,"vehicleDetails":[{"vehicleid":20500,"vehiclenumber":"KA01F9068","servicetypeid":73,"servicetype":"AC","centerlat":12.973356,"centerlong":77.615311,"eta":"","sch_arrivaltime":"21:51","sch_departuretime":"21:51","actual_arrivaltime":"22:38","actual_departuretime":"22:38","sch_tripstarttime":"21:15","sch_tripendtime":"21:15","lastlocationid":0,"currentlocationid":22255,"nextlocationid":0,"currentstop":null,"nextstop":null,"laststop":null,"stopCoveredStatus":1,"heading":0,"lastrefreshon":"26-07-2024 22:59:38","lastreceiveddatetimeflag":0,"tripposition":1},{"vehicleid":20496,"vehiclenumber":"KA01F8835","servicetypeid":73,"servicetype":"AC","centerlat":12.973518,"centerlong":77.61441,"eta":"","sch_arrivaltime":"22:21","sch_departuretime":"22:21","actual_arrivaltime":"22:38","actual_departuretime":"22:38","sch_tripstarttime":"21:45","sch_tripendtime":"21:45","lastlocationid":0,"currentlocationid":22255,"nextlocationid":0,"currentstop":null,"nextstop":null,"laststop":null,"stopCoveredStatus":1,"heading":357,"lastrefreshon":"26-07-2024 22:59:40","lastreceiveddatetimeflag":0,"tripposition":1}]},{"routeid":11395,"stationid":22022,"stationname":"Helicopter Division","from":"Kadugodi Bus Station","to":"Shivajinagara Bus Station","routeno":"V-331A","distance_on_station":13.804,"centerlat":12.95662,"centerlong":77.67535,"responsecode":200,"isnotify":0,"vehicleDetails":[{"vehicleid":20496,"vehiclenumber":"KA01F8835","servicetypeid":73,"servicetype":"AC","centerlat":12.973518,"centerlong":77.61441,"eta":"","sch_arrivaltime":"22:22","sch_departuretime":"22:22","actual_arrivaltime":"22:39","actual_departuretime":"22:39","sch_tripstarttime":"21:45","sch_tripendtime":"21:45","lastlocationid":0,"currentlocationid":22255,"nextlocationid":0,"currentstop":null,"nextstop":null,"laststop":null,"stopCoveredStatus":1,"heading":357,"lastrefreshon":"26-07-2024 22:59:40","lastreceiveddatetimeflag":0,"tripposition":1},{"vehicleid":20500,"vehiclenumber":"KA01F9068","servicetypeid":73,"servicetype":"AC","centerlat":12.973356,"centerlong":77.615311,"eta":"","sch_arrivaltime":"21:52","sch_departuretime":"21:52","actual_arrivaltime":"22:39","actual_departuretime":"22:40","sch_tripstarttime":"21:15","sch_tripendtime":"21:15","lastlocationid":0,"currentlocationid":22255,"nextlocationid":0,"currentstop":null,"nextstop":null,"laststop":null,"stopCoveredStatus":1,"heading":0,"lastrefreshon":"26-07-2024 22:59:38","lastreceiveddatetimeflag":0,"tripposition":1}]},{"routeid":11395,"stationid":22004,"stationname":"HAL Main Gate","from":"Kadugodi Bus Station","to":"Shivajinagara Bus Station","routeno":"V-331A","distance_on_station":14.908,"centerlat":12.95854,"centerlong":77.66505,"responsecode":200,"isnotify":0,"vehicleDetails":[{"vehicleid":20496,"vehiclenumber":"KA01F8835","servicetypeid":73,"servicetype":"AC","centerlat":12.973518,"centerlong":77.61441,"eta":"","sch_arrivaltime":"22:24","sch_departuretime":"22:24","actual_arrivaltime":"","actual_departuretime":"","sch_tripstarttime":"21:45","sch_tripendtime":"21:45","lastlocationid":0,"currentlocationid":22255,"nextlocationid":0,"currentstop":null,"nextstop":null,"laststop":null,"stopCoveredStatus":1,"heading":357,"lastrefreshon":"26-07-2024 22:59:40","lastreceiveddatetimeflag":0,"tripposition":3},{"vehicleid":20500,"vehiclenumber":"KA01F9068","servicetypeid":73,"servicetype":"AC","centerlat":12.973356,"centerlong":77.615311,"eta":"","sch_arrivaltime":"21:54","sch_departuretime":"21:54","actual_arrivaltime":"22:41","actual_departuretime":"22:41","sch_tripstarttime":"21:15","sch_tripendtime":"21:15","lastlocationid":0,"currentlocationid":22255,"nextlocationid":0,"currentstop":null,"nextstop":null,"laststop":null,"stopCoveredStatus":1,"heading":0,"lastrefreshon":"26-07-2024 22:59:38","lastreceiveddatetimeflag":0,"tripposition":1}]},{"routeid":11395,"stationid":22194,"stationname":"Konena Agrahara","from":"Kadugodi Bus Station","to":"Shivajinagara Bus Station","routeno":"V-331A","distance_on_station":15.503,"centerlat":12.95902,"centerlong":77.65946,"responsecode":200,"isnotify":0,"vehicleDetails":[{"vehicleid":20496,"vehiclenumber":"KA01F8835","servicetypeid":73,"servicetype":"AC","centerlat":12.973518,"centerlong":77.61441,"eta":"","sch_arrivaltime":"22:25","sch_departuretime":"22:25","actual_arrivaltime":"","actual_departuretime":"","sch_tripstarttime":"21:45","sch_tripendtime":"21:45","lastlocationid":0,"currentlocationid":22255,"nextlocationid":0,"currentstop":null,"nextstop":null,"laststop":null,"stopCoveredStatus":1,"heading":357,"lastrefreshon":"26-07-2024 22:59:40","lastreceiveddatetimeflag":0,"tripposition":3},{"vehicleid":20500,"vehiclenumber":"KA01F9068","servicetypeid":73,"servicetype":"AC","centerlat":12.973356,"centerlong":77.615311,"eta":"","sch_arrivaltime":"21:55","sch_departuretime":"21:55","actual_arrivaltime":"22:42","actual_departuretime":"22:42","sch_tripstarttime":"21:15","sch_tripendtime":"21:15","lastlocationid":0,"currentlocationid":22255,"nextlocationid":0,"currentstop":null,"nextstop":null,"laststop":null,"stopCoveredStatus":1,"heading":0,"lastrefreshon":"26-07-2024 22:59:38","lastreceiveddatetimeflag":0,"tripposition":1}]},{"routeid":11395,"stationid":22485,"stationname":"Murugeshpalya","from":"Kadugodi Bus Station","to":"Shivajinagara Bus Station","routeno":"V-331A","distance_on_station":15.848,"centerlat":12.95927,"centerlong":77.65611,"responsecode":200,"isnotify":0,"vehicleDetails":[{"vehicleid":20496,"vehiclenumber":"KA01F8835","servicetypeid":73,"servicetype":"AC","centerlat":12.973518,"centerlong":77.61441,"eta":"","sch_arrivaltime":"22:26","sch_departuretime":"22:26","actual_arrivaltime":"22:43","actual_departuretime":"22:43","sch_tripstarttime":"21:45","sch_tripendtime":"21:45","lastlocationid":0,"currentlocationid":22255,"nextlocationid":0,"currentstop":null,"nextstop":null,"laststop":null,"stopCoveredStatus":1,"heading":357,"lastrefreshon":"26-07-2024 22:59:40","lastreceiveddatetimeflag":0,"tripposition":1},{"vehicleid":20500,"vehiclenumber":"KA01F9068","servicetypeid":73,"servicetype":"AC","centerlat":12.973356,"centerlong":77.615311,"eta":"","sch_arrivaltime":"21:56","sch_departuretime":"21:56","actual_arrivaltime":"22:43","actual_departuretime":"22:43","sch_tripstarttime":"21:15","sch_tripendtime":"21:15","lastlocationid":0,"currentlocationid":22255,"nextlocationid":0,"currentstop":null,"nextstop":null,"laststop":null,"stopCoveredStatus":1,"heading":0,"lastrefreshon":"26-07-2024 22:59:38","lastreceiveddatetimeflag":0,"tripposition":1}]},{"routeid":11395,"stationid":22337,"stationname":"NAL Manipal Hospital","from":"Kadugodi Bus Station","to":"Shivajinagara Bus Station","routeno":"V-331A","distance_on_station":16.492,"centerlat":12.95961,"centerlong":77.64991,"responsecode":200,"isnotify":0,"vehicleDetails":[{"vehicleid":20496,"vehiclenumber":"KA01F8835","servicetypeid":73,"servicetype":"AC","centerlat":12.973518,"centerlong":77.61441,"eta":"","sch_arrivaltime":"22:28","sch_departuretime":"22:28","actual_arrivaltime":"22:45","actual_departuretime":"22:46","sch_tripstarttime":"21:45","sch_tripendtime":"21:45","lastlocationid":0,"currentlocationid":22255,"nextlocationid":0,"currentstop":null,"nextstop":null,"laststop":null,"stopCoveredStatus":1,"heading":357,"lastrefreshon":"26-07-2024 22:59:40","lastreceiveddatetimeflag":0,"tripposition":1},{"vehicleid":20500,"vehiclenumber":"KA01F9068","servicetypeid":73,"servicetype":"AC","centerlat":12.973356,"centerlong":77.615311,"eta":"","sch_arrivaltime":"21:58","sch_departuretime":"21:58","actual_arrivaltime":"22:45","actual_departuretime":"22:45","sch_tripstarttime":"21:15","sch_tripendtime":"21:15","lastlocationid":0,"currentlocationid":22255,"nextlocationid":0,"currentstop":null,"nextstop":null,"laststop":null,"stopCoveredStatus":1,"heading":0,"lastrefreshon":"26-07-2024 22:59:38","lastreceiveddatetimeflag":0,"tripposition":1}]},{"routeid":11395,"stationid":22179,"stationname":"Kodihalli","from":"Kadugodi Bus Station","to":"Shivajinagara Bus Station","routeno":"V-331A","distance_on_station":16.808,"centerlat":12.95997,"centerlong":77.64687,"responsecode":200,"isnotify":0,"vehicleDetails":[{"vehicleid":20496,"vehiclenumber":"KA01F8835","servicetypeid":73,"servicetype":"AC","centerlat":12.973518,"centerlong":77.61441,"eta":"","sch_arrivaltime":"22:29","sch_departuretime":"22:29","actual_arrivaltime":"22:46","actual_departuretime":"22:47","sch_tripstarttime":"21:45","sch_tripendtime":"21:45","lastlocationid":0,"currentlocationid":22255,"nextlocationid":0,"currentstop":null,"nextstop":null,"laststop":null,"stopCoveredStatus":1,"heading":357,"lastrefreshon":"26-07-2024 22:59:40","lastreceiveddatetimeflag":0,"tripposition":1},{"vehicleid":20500,"vehiclenumber":"KA01F9068","servicetypeid":73,"servicetype":"AC","centerlat":12.973356,"centerlong":77.615311,"eta":"","sch_arrivaltime":"21:59","sch_departuretime":"21:59","actual_arrivaltime":"22:46","actual_departuretime":"22:47","sch_tripstarttime":"21:15","sch_tripendtime":"21:15","lastlocationid":0,"currentlocationid":22255,"nextlocationid":0,"currentstop":null,"nextstop":null,"laststop":null,"stopCoveredStatus":1,"heading":0,"lastrefreshon":"26-07-2024 22:59:38","lastreceiveddatetimeflag":0,"tripposition":1}]},{"routeid":11395,"stationid":21915,"stationname":"Domlur Flyover","from":"Kadugodi Bus Station","to":"Shivajinagara Bus Station","routeno":"V-331A","distance_on_station":17.269,"centerlat":12.96045,"centerlong":77.64251,"responsecode":200,"isnotify":0,"vehicleDetails":[{"vehicleid":20496,"vehiclenumber":"KA01F8835","servicetypeid":73,"servicetype":"AC","centerlat":12.973518,"centerlong":77.61441,"eta":"","sch_arrivaltime":"22:30","sch_departuretime":"22:30","actual_arrivaltime":"22:47","actual_departuretime":"22:47","sch_tripstarttime":"21:45","sch_tripendtime":"21:45","lastlocationid":0,"currentlocationid":22255,"nextlocationid":0,"currentstop":null,"nextstop":null,"laststop":null,"stopCoveredStatus":1,"heading":357,"lastrefreshon":"26-07-2024 22:59:40","lastreceiveddatetimeflag":0,"tripposition":1},{"vehicleid":20500,"vehiclenumber":"KA01F9068","servicetypeid":73,"servicetype":"AC","centerlat":12.973356,"centerlong":77.615311,"eta":"","sch_arrivaltime":"22:00","sch_departuretime":"22:00","actual_arrivaltime":"","actual_departuretime":"","sch_tripstarttime":"21:15","sch_tripendtime":"21:15","lastlocationid":0,"currentlocationid":22255,"nextlocationid":0,"currentstop":null,"nextstop":null,"laststop":null,"stopCoveredStatus":1,"heading":0,"lastrefreshon":"26-07-2024 22:59:38","lastreceiveddatetimeflag":0,"tripposition":3}]},{"routeid":11395,"stationid":21913,"stationname":"Domlur","from":"Kadugodi Bus Station","to":"Shivajinagara Bus Station","routeno":"V-331A","distance_on_station":17.884,"centerlat":12.96122,"centerlong":77.63667,"responsecode":200,"isnotify":0,"vehicleDetails":[{"vehicleid":20496,"vehiclenumber":"KA01F8835","servicetypeid":73,"servicetype":"AC","centerlat":12.973518,"centerlong":77.61441,"eta":"","sch_arrivaltime":"22:31","sch_departuretime":"22:31","actual_arrivaltime":"22:49","actual_departuretime":"22:49","sch_tripstarttime":"21:45","sch_tripendtime":"21:45","lastlocationid":0,"currentlocationid":22255,"nextlocationid":0,"currentstop":null,"nextstop":null,"laststop":null,"stopCoveredStatus":1,"heading":357,"lastrefreshon":"26-07-2024 22:59:40","lastreceiveddatetimeflag":0,"tripposition":1},{"vehicleid":20500,"vehiclenumber":"KA01F9068","servicetypeid":73,"servicetype":"AC","centerlat":12.973356,"centerlong":77.615311,"eta":"","sch_arrivaltime":"22:01","sch_departuretime":"22:01","actual_arrivaltime":"","actual_departuretime":"","sch_tripstarttime":"21:15","sch_tripendtime":"21:15","lastlocationid":0,"currentlocationid":22255,"nextlocationid":0,"currentstop":null,"nextstop":null,"laststop":null,"stopCoveredStatus":1,"heading":0,"lastrefreshon":"26-07-2024 22:59:38","lastreceiveddatetimeflag":0,"tripposition":3}]},{"routeid":11395,"stationid":21865,"stationname":"Commando Hospital","from":"Kadugodi Bus Station","to":"Shivajinagara Bus Station","routeno":"V-331A","distance_on_station":18.872,"centerlat":12.96271,"centerlong":77.62756,"responsecode":200,"isnotify":0,"vehicleDetails":[{"vehicleid":20496,"vehiclenumber":"KA01F8835","servicetypeid":73,"servicetype":"AC","centerlat":12.973518,"centerlong":77.61441,"eta":"","sch_arrivaltime":"22:32","sch_departuretime":"22:32","actual_arrivaltime":"","actual_departuretime":"","sch_tripstarttime":"21:45","sch_tripendtime":"21:45","lastlocationid":0,"currentlocationid":22255,"nextlocationid":0,"currentstop":null,"nextstop":null,"laststop":null,"stopCoveredStatus":1,"heading":357,"lastrefreshon":"26-07-2024 22:59:40","lastreceiveddatetimeflag":0,"tripposition":3},{"vehicleid":20500,"vehiclenumber":"KA01F9068","servicetypeid":73,"servicetype":"AC","centerlat":12.973356,"centerlong":77.615311,"eta":"","sch_arrivaltime":"22:02","sch_departuretime":"22:02","actual_arrivaltime":"22:50","actual_departuretime":"22:50","sch_tripstarttime":"21:15","sch_tripendtime":"21:15","lastlocationid":0,"currentlocationid":22255,"nextlocationid":0,"currentstop":null,"nextstop":null,"laststop":null,"stopCoveredStatus":1,"heading":0,"lastrefreshon":"26-07-2024 22:59:38","lastreceiveddatetimeflag":0,"tripposition":1}]},{"routeid":11395,"stationid":22755,"stationname":"Military Accounts Office","from":"Kadugodi Bus Station","to":"Shivajinagara Bus Station","routeno":"V-331A","distance_on_station":19.871,"centerlat":12.96707,"centerlong":77.6203,"responsecode":200,"isnotify":0,"vehicleDetails":[{"vehicleid":20496,"vehiclenumber":"KA01F8835","servicetypeid":73,"servicetype":"AC","centerlat":12.973518,"centerlong":77.61441,"eta":"","sch_arrivaltime":"22:33","sch_departuretime":"22:33","actual_arrivaltime":"","actual_departuretime":"","sch_tripstarttime":"21:45","sch_tripendtime":"21:45","lastlocationid":0,"currentlocationid":22255,"nextlocationid":0,"currentstop":null,"nextstop":null,"laststop":null,"stopCoveredStatus":1,"heading":357,"lastrefreshon":"26-07-2024 22:59:40","lastreceiveddatetimeflag":0,"tripposition":3},{"vehicleid":20500,"vehiclenumber":"KA01F9068","servicetypeid":73,"servicetype":"AC","centerlat":12.973356,"centerlong":77.615311,"eta":"","sch_arrivaltime":"22:03","sch_departuretime":"22:03","actual_arrivaltime":"22:52","actual_departuretime":"22:52","sch_tripstarttime":"21:15","sch_tripendtime":"21:15","lastlocationid":0,"currentlocationid":22255,"nextlocationid":0,"currentstop":null,"nextstop":null,"laststop":null,"stopCoveredStatus":1,"heading":0,"lastrefreshon":"26-07-2024 22:59:38","lastreceiveddatetimeflag":0,"tripposition":1}]},{"routeid":11395,"stationid":22693,"stationname":"Trinity Circle","from":"Kadugodi Bus Station","to":"Shivajinagara Bus Station","routeno":"V-331A","distance_on_station":20.264,"centerlat":12.97071,"centerlong":77.61959,"responsecode":200,"isnotify":0,"vehicleDetails":[{"vehicleid":20496,"vehiclenumber":"KA01F8835","servicetypeid":73,"servicetype":"AC","centerlat":12.973518,"centerlong":77.61441,"eta":"","sch_arrivaltime":"22:34","sch_departuretime":"22:34","actual_arrivaltime":"22:53","actual_departuretime":"22:53","sch_tripstarttime":"21:45","sch_tripendtime":"21:45","lastlocationid":0,"currentlocationid":22255,"nextlocationid":0,"currentstop":null,"nextstop":null,"laststop":null,"stopCoveredStatus":1,"heading":357,"lastrefreshon":"26-07-2024 22:59:40","lastreceiveddatetimeflag":0,"tripposition":1},{"vehicleid":20500,"vehiclenumber":"KA01F9068","servicetypeid":73,"servicetype":"AC","centerlat":12.973356,"centerlong":77.615311,"eta":"","sch_arrivaltime":"22:04","sch_departuretime":"22:04","actual_arrivaltime":"22:53","actual_departuretime":"22:53","sch_tripstarttime":"21:15","sch_tripendtime":"21:15","lastlocationid":0,"currentlocationid":22255,"nextlocationid":0,"currentstop":null,"nextstop":null,"laststop":null,"stopCoveredStatus":1,"heading":0,"lastrefreshon":"26-07-2024 22:59:38","lastreceiveddatetimeflag":0,"tripposition":1}]},{"routeid":11395,"stationid":22255,"stationname":"Manipal Centre MG Road","from":"Kadugodi Bus Station","to":"Shivajinagara Bus Station","routeno":"V-331A","distance_on_station":21.311,"centerlat":12.97552,"centerlong":77.61356,"responsecode":200,"isnotify":0,"vehicleDetails":[{"vehicleid":20496,"vehiclenumber":"KA01F8835","servicetypeid":73,"servicetype":"AC","centerlat":12.973518,"centerlong":77.61441,"eta":"2024-07-26 23:00:00","sch_arrivaltime":"22:39","sch_departuretime":"22:39","actual_arrivaltime":"","actual_departuretime":"","sch_tripstarttime":"21:45","sch_tripendtime":"21:45","lastlocationid":0,"currentlocationid":22255,"nextlocationid":0,"currentstop":null,"nextstop":null,"laststop":null,"stopCoveredStatus":0,"heading":357,"lastrefreshon":"26-07-2024 22:59:40","lastreceiveddatetimeflag":0,"tripposition":3},{"vehicleid":20500,"vehiclenumber":"KA01F9068","servicetypeid":73,"servicetype":"AC","centerlat":12.973356,"centerlong":77.615311,"eta":"2024-07-26 23:00:00","sch_arrivaltime":"22:09","sch_departuretime":"22:09","actual_arrivaltime":"","actual_departuretime":"","sch_tripstarttime":"21:15","sch_tripendtime":"21:15","lastlocationid":0,"currentlocationid":22255,"nextlocationid":0,"currentstop":null,"nextstop":null,"laststop":null,"stopCoveredStatus":0,"heading":0,"lastrefreshon":"26-07-2024 22:59:38","lastreceiveddatetimeflag":0,"tripposition":3}]},{"routeid":11395,"stationid":22252,"stationname":"Maniksha Parade Ground","from":"Kadugodi Bus Station","to":"Shivajinagara Bus Station","routeno":"V-331A","distance_on_station":21.954,"centerlat":12.97746,"centerlong":77.60771,"responsecode":200,"isnotify":0,"vehicleDetails":[{"vehicleid":20496,"vehiclenumber":"KA01F8835","servicetypeid":73,"servicetype":"AC","centerlat":12.973518,"centerlong":77.61441,"eta":"2024-07-26 23:01:00","sch_arrivaltime":"22:40","sch_departuretime":"22:40","actual_arrivaltime":"","actual_departuretime":"","sch_tripstarttime":"21:45","sch_tripendtime":"21:45","lastlocationid":0,"currentlocationid":22255,"nextlocationid":0,"currentstop":null,"nextstop":null,"laststop":null,"stopCoveredStatus":0,"heading":357,"lastrefreshon":"26-07-2024 22:59:40","lastreceiveddatetimeflag":0,"tripposition":3},{"vehicleid":20500,"vehiclenumber":"KA01F9068","servicetypeid":73,"servicetype":"AC","centerlat":12.973356,"centerlong":77.615311,"eta":"2024-07-26 23:02:00","sch_arrivaltime":"22:10","sch_departuretime":"22:10","actual_arrivaltime":"","actual_departuretime":"","sch_tripstarttime":"21:15","sch_tripendtime":"21:15","lastlocationid":0,"currentlocationid":22255,"nextlocationid":0,"currentstop":null,"nextstop":null,"laststop":null,"stopCoveredStatus":0,"heading":0,"lastrefreshon":"26-07-2024 22:59:38","lastreceiveddatetimeflag":0,"tripposition":3}]},{"routeid":11395,"stationid":21173,"stationname":"Shivajinagara Bus Station","from":"Kadugodi Bus Station","to":"Shivajinagara Bus Station","routeno":"V-331A","distance_on_station":23,"centerlat":12.98328,"centerlong":77.60304,"responsecode":200,"isnotify":0,"vehicleDetails":[{"vehicleid":20496,"vehiclenumber":"KA01F8835","servicetypeid":73,"servicetype":"AC","centerlat":12.973518,"centerlong":77.61441,"eta":"2024-07-26 23:05:00","sch_arrivaltime":"22:44","sch_departuretime":"22:44","actual_arrivaltime":"","actual_departuretime":"","sch_tripstarttime":"21:45","sch_tripendtime":"21:45","lastlocationid":0,"currentlocationid":22255,"nextlocationid":0,"currentstop":null,"nextstop":null,"laststop":null,"stopCoveredStatus":0,"heading":357,"lastrefreshon":"26-07-2024 22:59:40","lastreceiveddatetimeflag":0,"tripposition":1},{"vehicleid":20500,"vehiclenumber":"KA01F9068","servicetypeid":73,"servicetype":"AC","centerlat":12.973356,"centerlong":77.615311,"eta":"2024-07-26 23:05:00","sch_arrivaltime":"22:14","sch_departuretime":"22:14","actual_arrivaltime":"","actual_departuretime":"","sch_tripstarttime":"21:15","sch_tripendtime":"21:15","lastlocationid":0,"currentlocationid":22255,"nextlocationid":0,"currentstop":null,"nextstop":null,"laststop":null,"stopCoveredStatus":0,"heading":0,"lastrefreshon":"26-07-2024 22:59:38","lastreceiveddatetimeflag":0,"tripposition":1}]}],"mapData":[{"vehicleid":20496,"vehiclenumber":"KA01F8835","servicetypeid":73,"servicetype":"AC","centerlat":12.973518,"centerlong":77.61441,"eta":"2024-07-26 23:05:00","sch_arrivaltime":"22:44","sch_departuretime":"22:44","actual_arrivaltime":"","actual_departuretime":"","sch_tripstarttime":"21:45","sch_tripendtime":"21:45","lastlocationid":0,"currentlocationid":22255,"nextlocationid":0,"currentstop":null,"nextstop":null,"laststop":null,"stopCoveredStatus":0,"heading":357,"lastrefreshon":"26-07-2024 22:59:40","lastreceiveddatetimeflag":0,"tripposition":1},{"vehicleid":20500,"vehiclenumber":"KA01F9068","servicetypeid":73,"servicetype":"AC","centerlat":12.973356,"centerlong":77.615311,"eta":"2024-07-26 23:05:00","sch_arrivaltime":"22:14","sch_departuretime":"22:14","actual_arrivaltime":"","actual_departuretime":"","sch_tripstarttime":"21:15","sch_tripendtime":"21:15","lastlocationid":0,"currentlocationid":22255,"nextlocationid":0,"currentstop":null,"nextstop":null,"laststop":null,"stopCoveredStatus":0,"heading":0,"lastrefreshon":"26-07-2024 22:59:38","lastreceiveddatetimeflag":0,"tripposition":1}]},"message":"Success","issuccess":true,"exception":null,"rowCount":0,"responsecode":200}