{"up":{"data":[],"mapData":[]},"down":{"data":[{"routeid":8952,"stationid":35815,"stationname":"CS-Vidyaniketan School Hebbala","from":"CS-Vidyaniketan School Hebbala","to":"CS-Vaiyalikaval Police Station","routeno":"VNS-9","distance_on_station":0,"centerlat":13.04756,"centerlong":77.59661,"responsecode":200,"isnotify":0,"vehicleDetails":[{"vehicleid":21307,"vehiclenumber":"KA57F4018","servicetypeid":72,"servicetype":"Non AC/Ordinary","centerlat":13.018465,"centerlong":77.555466,"eta":"","sch_arrivaltime":"15:00","sch_departuretime":"15:00","actual_arrivaltime":"","actual_departuretime":"","sch_tripstarttime":"15:00","sch_tripendtime":"15:00","lastlocationid":0,"currentlocationid":36631,"nextlocationid":0,"currentstop":null,"nextstop":null,"laststop":null,"stopCoveredStatus":0,"heading":326,"lastrefreshon":"06-11-2024 19:21:15","lastreceiveddatetimeflag":1,"tripposition":3}]},{"routeid":8952,"stationid":36631,"stationname":"CS-Vaiyalikaval Police Station","from":"CS-Vidyaniketan School Hebbala","to":"CS-Vaiyalikaval Police Station","routeno":"VNS-9","distance_on_station":8.5,"centerlat":13.00189,"centerlong":77.57848,"responsecode":200,"isnotify":0,"vehicleDetails":[{"vehicleid":21307,"vehiclenumber":"KA57F4018","servicetypeid":72,"servicetype":"Non AC/Ordinary","centerlat":13.018465,"centerlong":77.555466,"eta":"","sch_arrivaltime":"15:24","sch_departuretime":"15:24","actual_arrivaltime":"","actual_departuretime":"","sch_tripstarttime":"15:00","sch_tripendtime":"15:00","lastlocationid":0,"currentlocationid":36631,"nextlocationid":0,"currentstop":null,"nextstop":null,"laststop":null,"stopCoveredStatus":0,"heading":326,"lastrefreshon":"06-11-2024 19:21:15","lastreceiveddatetimeflag":1,"tripposition":3}]}],"mapData":[{"vehicleid":21307,"vehiclenumber":"KA57F4018","servicetypeid":72,"servicetype":"Non AC/Ordinary","centerlat":13.018465,"centerlong":77.555466,"eta":"","sch_arrivaltime":"15:24","sch_departuretime":"15:24","actual_arrivaltime":"","actual_departuretime":"","sch_tripstarttime":"15:00","sch_tripendtime":"15:00","lastlocationid":0,"currentlocationid":36631,"nextlocationid":0,"currentstop":null,"nextstop":null,"laststop":null,"stopCoveredStatus":0,"heading":326,"lastrefreshon":"06-11-2024 19:21:15","lastreceiveddatetimeflag":1,"tripposition":3}]},"message":"Success","issuccess":true,"exception":null,"rowCount":0,"responsecode":200}